term	Dim1	Dim2	Dim3	Dim4
00	7.3294735	10.755993	-1.7258294	1.9930555
00am	7.1670003	10.601682	-1.6155235	1.9453768
01	7.0746145	10.596852	-1.152501	1.9651549
07	6.957668	10.621274	-1.022204	1.743826
08	7.0694776	10.643487	-1.4831734	1.9382288
10000	5.3215594	8.577155	-0.3758868	0.9148175
100_and_150	7.2111135	10.86772	-0.6521669	2.2822335
100_iu	7.3178406	11.06935	-0.47307527	2.4144833
100_percent	5.9615192	8.541703	-0.52609223	0.99229217
100_unit	7.3350253	11.117528	-0.4317124	2.5137227
100_unit_in_office	6.8633122	10.574764	-0.6019356	1.919193
100_unit_of_botox	7.305864	10.936083	-0.6590239	2.3544621
100_unit_under_general	7.1338806	10.681538	-1.158903	2.0586267
100_worth	6.3767576	10.384694	0.28017244	1.4824419
100cc	7.028965	10.7398815	-0.5072804	2.0018623
100k	7.163215	10.288223	-1.7268822	1.8693726
100mg	7.301757	11.082569	-0.45701426	2.4311619
100ml	7.2271457	10.723049	-0.74704796	2.3019125
100u	7.310897	11.160781	-0.3895355	2.4898245
100u_under_ga	6.9451957	10.796281	-0.4363756	2.068292
100x_worse	3.8071945	7.4010205	0.49052784	0.9993314
105	5.485942	8.927072	-1.6113241	2.0053308
108	5.4529643	8.898519	-1.7207114	2.039457
10_10_would_recommend	5.935813	9.958045	-0.40110356	1.9333047
10_15	5.255162	9.741147	0.4933761	2.1580086
10_hour	6.987418	10.567871	-1.6642487	2.032267
10_month	5.7661185	10.193227	0.7856889	2.4402387
10_month_ago	6.203934	10.281395	0.17295077	1.9334768
10_year_ago	5.0501366	7.765771	0.21188071	0.0974961
10_year_old	5.1349697	7.770374	0.33155587	0.108082
10x_worse	3.6976259	7.4605846	0.7540674	1.0814809
11_00	5.3822308	8.592575	-0.95552546	1.7474391
11_11	6.23448	10.17822	-0.39445958	1.8877109
11_year_old	5.2331047	8.265782	-0.12504332	0.41179997
1200	7.7457814	10.719845	-1.9695237	2.0857887
121	6.5350175	8.80346	-0.9882672	1.0309438
125_unit	7.071257	10.916694	-0.41988072	2.193488
126	6.5345345	10.399299	-0.6859783	1.8726289
12_21	5.4180975	9.593423	-0.09721821	2.0382493
12_hour	3.867182	9.347521	-0.07122754	2.7464163
12_month_wait_list	6.5879865	9.757754	-0.928468	1.259242
12_year	5.191814	8.073125	0.110579975	-0.005559881
1300	7.64307	10.587272	-1.9107884	2.0141573
140	7.0465064	10.330605	-1.7057308	1.9812976
14_month_ago	6.187711	10.086542	-0.09734674	1.8600528
150	8.13037	10.864046	-2.1232233	2.0943646
1500	7.744348	10.716561	-1.9557835	2.0861125
150_unit	7.3129063	11.063753	-0.47060832	2.451966
150mg	5.7598357	9.256322	-0.68916005	1.6503092
15_30_minute	3.845655	7.910639	-0.5052588	3.1383567
15_month_ago	6.4734325	10.229308	-0.27571332	1.7948893
15_year_old	5.3115644	8.386434	-0.14050357	0.19092563
15mg	2.7413762	7.863833	-1.9152645	3.327028
160	5.475826	8.945198	-1.6943568	2.0508916
16_ounce	2.5697646	8.4278755	-0.7600754	2.1017501
16_week	5.7263536	9.993718	0.4831881	2.1825895
16_year	5.2325163	8.146945	-0.011882793	0.10386096
17_day	6.2175274	10.264528	-0.046490572	1.8171856
17_year	5.0317087	7.5196457	0.23802279	0.21635781
17th	7.274293	10.969172	-0.8793842	1.4929638
185	5.437211	8.668056	-2.020686	2.2344437
18_hour	5.554726	9.635517	0.297721	2.0267482
190	5.379332	8.868453	-1.4889464	1.9547685
19_year	5.3417687	8.029623	0.2243177	-0.16487019
19_year_old_son	5.867478	10.074392	0.4616794	2.0821412
19m	5.1829524	8.487403	-0.19167596	0.63996226
1_000	7.8801746	10.770754	-1.9596477	2.1296475
1_2_month	5.6346927	10.137774	0.83406144	2.5259507
1_30pm	6.6818256	10.154825	-0.9821758	1.535955
1_500	7.5592914	10.6319065	-1.816048	2.0179904
1_5_month	5.59528	9.897247	0.52737963	2.2418213
1_800	6.7044706	9.650772	-1.2694582	1.5345865
1_day	5.4091845	10.051659	0.6387441	2.530608
1_injection	6.713943	10.540199	-0.38695005	1.998442
1_minute_hold	5.488516	7.299316	0.18165375	4.258533
1_year_ago	6.3432674	10.3493395	0.11492353	1.4589145
2000	8.046346	10.836317	-2.1223955	2.099038
200_unit	7.3500433	10.9894905	-0.57814527	2.4630382
2014	5.9609356	7.2107906	-1.5673534	0.80521065
2018	6.8691387	10.65958	-0.698587	1.6259522
2025	7.3286676	10.760498	-1.1106331	1.3995773
20_mg	2.6027079	7.761332	-2.192835	3.1435823
20_year_old_male	5.20739	8.53376	-0.21452504	0.74648607
20k	7.630026	10.454245	-1.8958123	1.9638373
20s	4.9583545	7.7102447	-0.13752761	0.02263947
212_305	6.3568335	9.244949	-1.1243792	1.2320316
21_year_old	5.4081135	8.235508	0.10473179	-0.10599192
21f	5.3043017	8.11309	-0.08289324	0.1398401
21st	7.1178083	10.766347	-0.9044248	1.6151611
22_year	5.386764	8.252656	0.1945947	-0.10634331
22f	5.2442555	8.263931	-0.26909897	0.5113764
2300	5.285692	8.734527	-0.94138783	1.7077321
23_year	5.3719506	8.236196	0.21389243	-0.12995364
23f	5.4321594	8.537173	-0.17363879	0.38552952
240	7.48614	10.616697	-1.4677124	2.0831409
2400	7.277824	10.389862	-1.6971627	1.9299419
24_7	3.7144587	6.671435	0.36647654	1.2019237
24_hour_test	6.994978	9.792158	-1.5458047	1.522061
24_now	5.2580504	8.407497	-0.060926836	0.1000288
24_year	5.3487005	8.208828	0.22711787	-0.12064615
24_year_old	5.1790004	8.211995	-0.13423792	0.2522747
24_year_old_female	5.7192187	8.615156	0.013748391	0.14019567
24f	5.16822	8.089159	-0.14724752	0.21462786
24h	5.468392	9.806727	0.61430997	2.2759724
24h_ph	5.83107	7.816041	-1.4659635	2.1827214
250	8.105707	10.8537245	-2.1099224	2.0944812
25_unit	7.3574986	10.876642	-0.64585155	2.4894276
25_year	5.324343	8.131603	0.24893793	-0.18497168
25_year_old	5.1959014	8.228233	-0.019787781	0.21589231
25m	5.778362	8.674551	0.090371996	0.006494246
26_year	5.523237	8.366815	0.10056665	-0.12406475
26_year_old	5.6215606	8.466221	0.08147115	-0.08197931
26th	7.319007	10.787537	-1.0826923	1.372111
2700	7.429467	10.466885	-1.7712348	1.9844867
27f	5.7546616	8.658806	0.04943885	0.0438268
27m	5.2787695	8.273695	-0.17969763	0.44692385
27th	7.2829046	10.905091	-0.9471565	1.5042243
28f	6.1919713	9.027097	-0.25000885	0.28236338
28th	7.3742604	10.869978	-1.0524876	1.3804897
28th_of_august	6.684874	10.469197	-0.43541202	1.8962984
29_now	4.833495	7.5985513	0.04477285	0.08992912
29_year	5.532024	8.515292	0.08633773	0.08256053
29_year_old	5.3480077	8.396781	0.05312298	0.2433293
29m	5.7888293	8.726054	0.044676565	0.05958517
2_3_hour	3.2914484	8.693842	-0.27538016	2.4572816
2_3_month	5.657408	10.132607	0.7988604	2.5059197
2_3_week	5.43396	10.035343	0.85932744	2.5918171
2_beer	2.6713061	8.332588	-0.41057083	1.928775
2_day_post_op	5.504492	9.7552595	0.59246266	2.142664
2_dose	7.143876	10.41401	-0.7499574	2.2284186
2_injection	7.1798387	10.746535	-0.6539321	2.2893143
2_month_post_op	5.5892677	9.822517	0.5307811	2.130482
2_round	7.0882635	10.586192	-0.7306025	2.187209
2_week_post_op	5.6897583	9.721457	0.35899174	1.9309245
2_year_ago	5.277608	8.58235	0.2587887	-0.0684705
2am	3.6324608	8.259205	-0.107388444	2.0075617
300	8.112807	10.902789	-2.1653078	2.1274395
3000	8.200941	10.881779	-2.210966	2.0913186
30_60_second	4.7242584	8.2196665	-0.6604242	2.43861
30_min	3.8441875	8.896816	-0.33217415	2.318587
30_minute_before	2.3139322	7.999994	-1.2641304	3.1869755
30_rep	5.389338	7.268795	0.17965479	4.261776
30_unit	7.347881	10.926612	-0.6169904	2.4619975
30_year	5.2797003	8.028205	0.3408469	-0.19414103
30f	6.6053686	10.474596	-0.4237347	1.7984675
30m	5.4885917	7.9407005	-0.26352733	0.28196442
30s	4.9395285	7.76728	-0.32796526	0.18606658
30th	7.3440485	10.936736	-0.96482235	1.43268
31_now	4.923785	7.3472633	-0.14349046	0.03749985
31st	7.307287	10.855895	-0.9930962	1.4157419
3200	7.7309647	10.589164	-1.9355172	2.0300171
32_year	5.3504457	8.129567	0.25098577	-0.15758944
32_year_old	5.4422264	8.46172	-0.12393721	0.28048885
350	7.6935415	10.623678	-1.9107244	2.0730085
3500	8.00202	10.7510195	-2.0703053	2.026444
35_year_old	5.2040024	7.997486	-0.17734224	0.2100478
3600	6.7082925	9.808395	-1.136052	1.7524637
3800	7.712595	10.634859	-1.8514575	2.1465433
38_year_old	6.3891997	9.109236	-0.17737451	0.20685457
3_000	8.189391	10.799158	-2.1790206	2.0028727
3_1	6.5230546	10.049969	-0.79235375	1.659988
3_4_day	5.312743	9.944294	0.90073717	2.5821788
3_4_month	5.756872	10.197032	0.87524337	2.5823383
3_5_month	5.7673044	10.160671	0.7514015	2.4281626
3_6_month	5.7341113	10.12119	0.79753023	2.4855645
3_beer	3.2970111	8.405465	-0.21516752	1.8095431
3_bite	2.105711	8.166351	-0.3093224	2.3060071
3_injection	7.363601	10.568505	-1.0565077	2.4925659
3_month	5.7374644	10.216795	0.8783363	2.564318
3_month_mark	5.7177453	10.014517	0.82486856	2.4304953
3_month_post_op	5.452423	9.608369	0.71082187	2.198508
3_set	5.5022736	7.3145137	0.1647207	4.2691054
3_week_post_op	5.3217487	9.6936655	0.7165276	2.3236997
3_year_ago	5.2621417	8.496987	0.19623819	-0.06311859
3am	3.7645655	7.856099	-0.11789911	2.3161902
3k	8.281685	10.818719	-2.2034547	1.9722546
3pm	3.5613618	8.928449	-0.24416497	2.4665318
400	8.090605	10.874951	-2.1390607	2.109637
4000	8.142196	10.828652	-2.152368	2.0622766
40_unit	7.334211	11.012302	-0.5311917	2.4549963
40_year	5.104903	7.940633	0.084631905	0.047939252
40_year_old	5.770048	8.766695	0.012715342	0.3159611
40mg	2.4600227	7.6161413	-2.3897145	3.1074228
40s	5.3187246	8.490732	-0.25299916	0.36917984
42	5.236564	8.194381	-0.03951844	0.009148614
43	5.291238	8.7253685	-0.38924155	0.6831998
43_year	5.77077	8.655207	-0.036966536	0.10577509
450	7.6883903	10.544849	-1.8664513	2.1131988
4500	8.044987	10.781543	-2.113137	2.0628603
45_degree_angle	4.3564925	7.390788	-0.112492435	3.9286733
48	5.069758	8.263147	-0.16473506	0.35547397
48_hour	5.1328983	9.961364	0.82452613	2.6739955
4_000	7.8073745	10.594483	-1.944523	2.0347257
4_5_hour	3.9289374	8.71489	-0.39587224	2.2662373
4_5_inch	2.9327188	7.492534	-0.42848587	3.8234
4_day_post_op	6.0217376	9.685508	0.25768626	1.2550452
4_month	5.7471285	10.214162	0.8362278	2.5483992
4_month_post_botox	5.7725677	10.038977	0.62004936	2.2093873
4_month_pregnant	4.606528	8.2613325	-0.3094021	1.3131847
4_week_post_op	5.639941	9.649634	0.0059815315	1.744416
4_year_ago	5.306469	8.53162	0.20755745	-0.07048978
4k	8.150861	10.857714	-2.1537867	2.0776927
4pm	3.874364	8.993902	-0.30116972	2.332301
50	7.373344	10.983634	-0.5262644	2.5533333
500	8.126505	10.905186	-2.168607	2.1372063
5000	8.24467	10.845432	-2.2000637	2.0316143
5000_cad	7.6827374	10.562619	-1.9077879	2.0254827
500mg	2.6620066	7.8662295	-1.932354	3.031266
50_100	7.3224497	10.526548	-0.8666314	2.3773954
50_100_unit	7.279492	10.483576	-0.86869115	2.3655725
50_75	7.1438255	10.277725	-0.92067	2.2298617
50_time	5.1585917	9.493699	0.30375203	1.9161506
50_unit	7.336601	11.111195	-0.44513226	2.5105321
50_unit_in_office	6.9241014	10.5787735	-0.6856539	1.934951
50_unit_injection	6.826269	10.309556	-0.78540087	1.9231371
50_unit_of_botox	7.353189	11.015869	-0.6638851	2.3172138
50_unit_with_lucy	5.776309	9.93151	0.06926895	1.9738334
50cc	7.0889735	10.558074	-0.9650133	2.0184746
50mg	7.2930512	11.076006	-0.4401211	2.444947
50ml	7.1253157	10.91114	-0.47750336	2.2472045
50u	7.3086147	11.051966	-0.49179378	2.4334252
50u_in_office	7.1235003	10.709171	-0.7709488	1.8116221
5289	6.296619	9.391571	-1.0926489	1.3515238
52_year	5.930629	8.779066	0.024911214	0.03617703
53_year	5.7499847	8.650459	-0.008838345	0.13279332
54	5.1275973	8.387305	-0.14697765	0.37104487
55	5.3432283	8.384593	0.06269219	-0.032667674
550	7.573619	10.613507	-1.8448807	2.127109
5500	7.220987	10.318105	-1.7456151	1.8739462
55_unit	7.0152607	10.70417	-0.7012154	1.9110694
55_year	5.3188643	8.330474	-0.10288945	0.2647903
575	7.5321217	10.490046	-1.6576163	2.1653006
5_day_post_botox	5.3954415	9.71623	0.6321449	2.2209768
5_hop	2.6958106	7.84658	-2.0564148	3.294669
5_hour_away	7.399921	10.799075	-1.2181739	1.4728274
5_hour_drive	7.6086664	10.455994	-1.592768	1.3226506
5_month	5.7153683	10.208593	0.8583616	2.5204816
5_month_fifth_150	5.252244	9.698093	0.35055122	2.2455199
5_month_late	5.9771667	10.181783	0.37164536	2.13457
5_month_out	5.672275	10.037264	0.68942916	2.3142488
5_month_post_op	5.7980924	9.873556	0.5635913	1.9575309
5_month_pregnant	4.053694	7.880713	-0.23507382	1.4683267
5_year_old	5.0765605	7.783138	0.18393011	-0.027903035
5am	3.6358554	8.424247	-0.122419104	2.2836025
5k	8.231834	10.847894	-2.1825504	2.0250137
5pm	3.3458006	8.773307	-0.2495263	2.4636939
5x	4.964679	8.722218	-0.4118044	1.8453805
600	8.183131	10.858762	-2.1651342	2.0819695
63	5.235451	8.321666	-0.10569755	0.3244922
65	7.09876	10.605548	-0.9144663	2.143194
65_unit	7.004857	10.775865	-0.47057292	2.1130636
6_day_post_botox	5.503147	9.806218	0.5448514	2.1873088
6_month	5.7625866	10.2027855	0.8807492	2.5645251
6_month_ago	6.355491	10.440866	0.16499098	1.5633012
6_month_late	6.218357	10.324729	0.14651513	2.0849133
6_month_mark	5.761299	10.141289	0.8403764	2.4955547
6_month_post_botox	5.804403	10.053874	0.6221084	2.1973245
6am	7.0765257	10.592252	-1.6681285	2.0019193
6pm	3.899974	8.955327	-0.40044606	2.2338011
6th	7.3094435	10.978765	-0.90307295	1.4736563
6th_grade	4.93972	8.0071535	0.24190038	0.5987267
70	7.153396	10.719668	-0.8075187	2.2222426
700	8.117263	10.846225	-2.141739	2.0862117
70_year_old	5.5078187	8.447132	-0.005503025	0.01251913
70_year_old_lifetime	5.2089233	8.344471	-0.4623024	0.79802823
75	7.3713336	11.000173	-0.5442861	2.5451179
750	7.8422074	10.713114	-2.01471	2.0793273
75_100	7.224279	10.40312	-0.8665771	2.3180523
75_cc	7.109118	10.494006	-0.82935417	2.133298
75_or_100	7.340762	10.5039215	-0.9459713	2.3915224
75_unit	7.334834	11.082657	-0.47281963	2.5079546
75_unit_of_botox	7.274004	10.923956	-0.749882	1.9991304
75_unit_under_general	7.2288885	10.848358	-1.2637261	2.0307994
75_unit_with_doctor_bastian	7.448559	10.613314	-1.596966	2.0043898
75_unite	5.379379	8.585695	-2.1678307	2.2583687
75u	7.011907	10.743205	-0.60470724	1.9640176
7_45	7.165978	10.543669	-1.6317255	1.9421471
7_5_month	5.7351503	9.978334	0.45082217	2.1397414
7_day_post_op	5.765424	9.221759	-0.30139998	1.4318521
7_month_ago	6.4659557	10.45898	-0.086262144	1.7139212
7_month_pregnant	4.0186205	7.8238935	-0.20940754	1.425124
7_week_ago	6.668215	10.291692	-0.50391257	1.9418015
7am	7.1829214	10.781847	-1.5470502	1.9529539
7th	7.2149525	10.936646	-0.8486139	1.4809003
80	7.3427916	10.917332	-0.57814294	2.5196528
80_100	7.242604	10.53004	-0.7921604	2.3367178
80_90	7.165632	10.323849	-0.8396066	2.258543
80_of_patient	7.2289057	10.510282	-0.7189167	2.2933269
80_success_rate	7.362229	10.584766	-0.8235163	2.361215
80_unit	7.2955227	11.142474	-0.39186844	2.4715512
80_unit_of_botox	7.1449633	10.860798	-0.65595776	1.9987217
80u	7.174278	10.930022	-0.48214316	2.297921
81	5.4171085	8.619394	-1.8895626	2.1669118
816	7.4057636	10.498836	-1.5910743	2.0182967
820	7.507425	10.605001	-1.524824	2.306643
850	8.16092	10.879629	-2.1203644	2.0874383
85_90	7.152802	10.156496	-0.92427576	2.2548892
85_unit	7.0341225	10.632081	-0.7337067	1.7422563
87_unit	6.8870277	10.463017	-0.5766871	2.0426986
87_unit_of_botox	7.3032923	10.381513	-1.7300003	2.0749192
8_14	6.882368	10.268291	-0.87211615	1.3193486
8_5	6.6795573	10.487468	-0.7552854	1.7824173
8_hour	3.2420506	8.541728	-0.13965735	2.3319674
8_month_late	6.199886	10.324016	0.16183615	2.0978978
8_month_pregnant	4.193103	7.8369207	-0.1864383	1.3606408
8_pound	5.248429	8.860137	-0.9336545	1.6770037
8_year_old	5.1068563	7.572305	0.547254	-0.061991088
8k	7.42317	10.6045065	-1.6779011	1.9221176
8th	7.330998	10.966856	-0.95275915	1.4368174
90	7.062023	10.702018	-0.75836164	2.2312431
900	7.956664	10.760848	-2.0728328	2.0455368
90_100	5.1628637	8.740784	-1.0162653	1.8274151
90_percent	5.5010095	9.245375	0.4841323	1.6215048
90_success_rate	7.302481	10.516976	-0.85283715	2.3291485
90_unit	7.019917	10.621588	-0.65238214	2.0431495
99_9	5.8893323	8.229115	-0.083810784	0.85024625
9_day_post_botox	5.446143	9.608902	0.6601327	2.1420527
9_day_post_op	5.6536307	9.40132	0.13534522	1.6910726
9_hour	4.0720754	9.067311	-0.3851184	2.1884458
9_month	5.7637076	10.253871	0.7770225	2.446796
9_month_ago	6.3494163	10.403048	0.20060265	1.4882234
9_month_pregnant	4.03032	7.802399	-0.23171346	1.4547987
9_or_10	5.085006	8.614319	-0.51494586	1.6780136
9_year_ago	4.5455976	8.225885	-0.011381118	1.1937102
9am	7.2795744	10.768247	-1.7032527	2.0258682
a_acid_reducer	2.645539	7.8343325	-2.0372822	3.3273132
a_adult	5.218531	7.4935036	0.43600252	-0.23509389
a_airplane	4.640835	8.145379	-0.6599253	2.391838
a_allergist	7.825288	9.35055	-1.8538414	0.57282037
a_appointment	8.051799	10.736373	-1.559519	1.1526989
a_believer	6.8722057	9.099962	-0.8655494	0.9801995
a_blender	2.491977	8.2628355	-0.9791762	2.5428243
a_blessing	5.9486876	8.411103	0.101325825	0.72259355
a_breeze	6.613079	10.10706	-0.9658564	1.6176847
a_bucket	4.011789	7.9744506	0.14783816	2.361447
a_bummer	6.4396105	9.831105	0.477979	0.7317713
a_byproduct	3.8127298	6.5883255	-1.0803918	2.3225577
a_camera	5.903353	8.3032055	-1.5959193	3.9084318
a_chair	3.955729	7.0169325	0.21884759	4.1891956
a_charm	6.912121	10.655038	-0.34319872	1.9059088
a_chaser	2.1738508	8.129949	-0.48821577	3.0212324
a_child	5.1962657	7.4809403	0.48019886	-0.23266949
a_chiropractor	7.575848	9.469164	-1.5158168	0.6313153
a_coincidence	5.9682193	6.613799	-0.74806917	0.46116516
a_cold	3.7339604	7.118993	0.2263218	1.8672478
a_colonoscopy	7.8675284	8.359922	-2.5650814	1.0597246
a_concert	2.9102468	8.312809	-0.07103818	1.8447036
a_connection	5.985832	6.626516	-0.79734606	0.41191173
a_consult	8.067077	10.698949	-1.5861579	1.1423075
a_consultation	8.051134	10.743506	-1.5651944	1.174506
a_correlation	5.9717746	6.628476	-0.739536	0.36123753
a_croaker	5.748026	8.607881	-0.039946254	0.30615416
a_cup	1.662128	8.293444	-0.64166504	2.3784397
a_daily_basis	4.257789	6.8753934	0.081967175	0.7076139
a_demon	4.7011533	8.030233	1.456774	1.963565
a_diagnosis	8.195089	8.926708	-1.9541092	0.33803862
a_discount	7.1616898	10.573754	-0.71361923	2.1613193
a_egd	7.745052	8.6363	-2.3830154	1.0562286
a_ekg	7.6452875	8.364202	-2.458888	1.0984923
a_emetophobe	4.653831	7.341272	1.295111	0.65023816
a_endoscopy	8.016405	8.457064	-2.6154084	1.0374154
a_ent	8.506715	9.351507	-2.087765	0.32003307
a_esophagram	7.9194064	8.987405	-2.1609976	0.79030335
a_exorcism	4.759468	8.024213	1.3779376	1.9863013
a_fast_eater	2.0543664	8.135743	-0.4453622	2.9040046
a_frog	4.6205072	8.019287	1.6135346	1.8844873
a_fundoplication	5.9539304	6.768357	-1.4841328	0.6599509
a_gastroenterologist	8.372903	9.137157	-2.1018043	0.357838
a_gastroscopy	7.975157	8.4712515	-2.5700707	1.0164376
a_genetic_component	5.9732127	7.3421736	-0.58794993	0.3899477
a_gi	8.422418	9.197408	-2.1327105	0.3485878
a_giant	3.7024324	7.4630327	0.33781785	3.0487707
a_gig	4.107417	8.305013	-0.115263544	1.8342562
a_gigantic	4.8889227	7.759015	1.1429566	2.4528272
a_glass	1.5689064	8.357979	-0.5775644	2.2295296
a_good_sign	5.5824	9.5496855	1.0960124	2.3509033
a_gown	5.628783	8.843319	-1.7006819	3.4297216
a_gp	8.422098	9.372192	-2.0332966	0.37946934
a_gradual	5.443707	9.631428	0.77129537	2.303953
a_h2_blocker	2.5340095	7.6968794	-2.2578678	3.077298
a_heat_pad	4.241651	7.2324414	-0.13160719	4.0989175
a_hh	6.0638595	7.8712244	-1.3034797	0.84096193
a_hiatal	5.673257	6.994403	-1.1560309	1.2413684
a_hiatal_hernia	5.9094515	6.2886357	-1.3780944	0.43625322
a_hiatus	5.8849373	6.420693	-1.4721764	0.48920798
a_high_dose	7.384939	11.046921	-0.44821972	2.549299
a_hmo	8.21048	10.027372	-2.0845304	1.1228814
a_incline	3.2510822	7.3533115	-0.28592217	4.055257
a_infant	5.222679	7.5073647	0.40613502	-0.19999798
a_laryngologist	8.277482	9.540649	-1.8500524	0.4427488
a_laryngoscope	7.874558	8.60584	-2.5827699	1.4351981
a_learn_behavior	6.096937	7.4714236	-0.7068282	1.2086992
a_letter	8.14144	10.103432	-1.7723495	0.88599586
a_lifesaver	6.261966	8.436884	-0.44778362	0.8391853
a_literal	4.784855	8.120837	1.0002054	1.6867526
a_little_bit	3.8477306	7.330962	0.6866302	3.1228168
a_low_fodmap	2.1549602	7.6915913	-1.636167	2.26926
a_lump	4.074004	8.94159	0.29146153	3.1291194
a_major	5.326385	6.895596	-0.67599565	0.4094509
a_marathon	5.464065	9.171695	0.9524478	2.4631867
a_medical_bankruptcy	7.3760123	8.731186	-1.9266806	0.78033483
a_mini	4.2903504	7.8286858	0.51516527	2.5279722
a_minor	5.9996977	6.7578583	-1.3788761	0.6386809
a_misdiagnosis	5.863182	6.6930237	-1.2133693	0.36655733
a_monster	4.732152	8.097778	1.2271837	2.196071
a_myriad	5.620191	6.996683	-1.0949545	0.6323786
a_name	7.027303	9.175466	0.0327258	-0.27164233
a_narrow	5.658479	6.996555	-1.2207913	2.2383816
a_neurologist	7.996732	9.348487	-1.8701522	0.4850155
a_nightmare	5.12747	8.629228	0.1752846	0.9974322
a_no_burper	5.317094	7.5313897	0.35425687	-0.3210354
a_noburper	5.3729725	7.5389533	0.2922611	-0.29481518
a_normal_person	4.8860607	8.327522	1.578951	2.68565
a_numb_agent	5.6965966	8.297633	-1.4325935	3.6998248
a_otolaryngologist	8.061415	9.416765	-1.8299125	0.4684623
a_panic_attack	4.206968	7.0276065	0.6655817	0.89900905
a_peer_to_peer	7.469672	10.279654	-1.6257087	1.4669893
a_piece_of_cake	6.8855615	10.608473	-1.0956273	1.8683115
a_possibility	6.175141	6.7844725	-0.8500931	0.433343
a_ppi	2.40903	7.591052	-2.4664478	3.1158805
a_precaution	2.650976	7.839469	-2.0819755	3.2200153
a_probiotic	2.6499348	7.835247	-1.932973	3.3658288
a_psychiatrist	7.905986	9.22401	-1.9675039	0.5080671
a_red_bull	1.71085	8.432257	-0.4263804	2.0274363
a_referral	8.354261	9.510574	-1.9901495	0.48081356
a_revelation	6.1946783	9.082859	0.20391695	0.14918537
a_row	4.9209805	8.755037	1.7589307	2.7869816
a_scope	7.8941145	8.58949	-2.60043	1.4385928
a_second_dose	7.3621945	11.169677	-0.32543907	2.5187857
a_second_opinion	8.311741	9.405916	-1.9537446	0.4309959
a_second_round	7.3281145	11.158372	-0.32423913	2.4850347
a_singer	5.0796604	9.261642	0.010976027	2.101936
a_slight	3.888323	7.102474	0.26202694	2.8997948
a_small_hiatal	5.892188	6.433452	-1.4869794	0.47987056
a_smoker	5.3711543	7.519659	-1.0117639	1.0494626
a_smoothie	1.8724939	8.206845	-0.6829113	2.9650178
a_soda_stream	1.6601567	8.500835	-0.5620731	2.0132058
a_specialist	8.465155	9.424172	-2.0332465	0.35492823
a_spectrum	5.8862634	6.8210154	-0.6423674	0.16513835
a_speech_language	7.3145123	8.828637	-1.5728278	0.5585988
a_speech_pathologist	7.732062	9.377193	-1.6898896	0.573283
a_speech_therapist	7.8377542	9.511385	-1.7371509	0.5776656
a_stomach_ache	3.479558	7.8338914	0.2983501	1.5260403
a_stomach_bug	4.6333785	7.377062	0.9685747	0.5069414
a_teaspoon	2.1467674	8.218286	-0.7376371	2.7518232
a_tendency	4.681412	7.6254916	-0.336835	2.2361832
a_tennis	4.7343106	6.799014	0.32683423	4.2533426
a_toddler	4.8903213	7.66597	0.6821612	0.44235134
a_toilet	4.3406935	7.2101655	1.6119072	2.3441243
a_ulcer	5.696462	6.608964	-1.5175688	0.566112
a_ultrasound	7.8161497	8.333261	-2.5713735	1.0979768
a_vicious	4.831812	6.2930937	-0.6498022	2.3709428
a_viscous	3.8410747	7.610492	0.376043	1.5437646
a_wedge	2.9219172	7.481264	-0.38524374	3.9063303
a_wedge_pillow	2.657891	7.768785	-2.0686162	3.1041386
a_weird_quirk	5.78532	7.7964234	-0.1474655	0.28104326
a_weirdo	5.920872	8.913861	0.27000868	0.29852158
a_whisper	4.055236	8.492878	0.14059085	2.8449185
a_x_ray	7.886568	8.2931185	-2.6421602	1.0594795
aa	5.0674825	8.599047	-0.91769546	1.7790335
aaah	6.1334667	9.592791	0.4423016	0.9338566
abd	5.4894853	7.389513	-0.83880115	1.3190511
abdomen	4.4395943	6.2788987	-0.22117406	2.9650276
abdominal	4.7484436	6.0391064	-0.592092	2.6197224
abdominal_area	5.0569267	6.941289	-0.9134179	2.0856214
abdominal_bloat	4.105828	6.8183274	-0.14486672	1.4411696
abdominal_cramp	4.4332147	7.531853	-0.28104952	1.3012383
abdominal_discomfort	4.144233	6.9509606	-0.20859271	1.2161082
abdominal_distension	4.544393	7.0389924	-0.50938743	1.4614826
abdominal_distention	4.1810355	7.10111	-0.24522927	1.3173642
abdominal_massage	5.1375027	7.2562227	-0.3902836	3.6766796
abdominal_muscle	4.988808	6.3036776	0.28143668	3.7787404
abdominal_pain	3.8629012	6.51158	0.17231634	1.1473366
abdominal_pain_and_nausea	4.935059	8.182346	-0.38458425	0.8330841
abdominal_pressure	4.966194	6.8047323	-0.75156146	1.9477676
abdominal_x_ray	5.185498	7.88253	-1.128003	1.7403421
abdomino_phrenic	6.1784644	7.0953913	-1.3965521	0.92469287
ability_to_burp	5.776902	10.131585	0.85506874	2.5266397
ability_to_sing	6.096359	8.886979	-0.72115415	1.2975866
ability_to_swallow	5.429774	8.677728	-0.77623576	1.4438593
abit	4.6201663	8.902456	0.041464172	2.3252943
able_to_burp	5.259131	8.560877	1.6205249	2.8804939
able_to_burp_on_command	5.544222	9.460639	0.71533096	1.9749953
able_to_control	5.192637	9.19754	1.0946115	2.364451
able_to_eat	1.921382	8.1045685	-0.4108025	2.909268
able_to_release	4.2760377	6.5849543	0.48022062	2.7881331
able_to_vomit	5.0188794	7.588778	0.57478523	0.6995826
abnormal	5.608784	5.930202	-0.7992091	2.59815
abnormality	5.978225	6.6834826	-1.5161351	1.6036338
about_2000	7.6799445	10.707312	-1.9406652	2.1024685
about_25	5.3039484	9.631098	0.61302906	2.0965197
about_2k	7.797068	10.618997	-1.9477887	2.0874598
about_30_minute	6.7049813	10.429421	-1.5824108	2.110545
about_3500	7.568978	10.516654	-1.8431599	2.0239682
about_4k	7.5544333	10.54632	-1.8623681	1.9744444
about_800	7.777384	10.631718	-1.9012207	2.1066499
about_850	7.646519	10.658299	-1.6887372	2.3719459
about_doctor_bastian	7.149328	9.251961	-0.90262	0.26195872
about_r_cpd	8.056598	9.18036	-1.4609022	0.0559481
about_rcpd	7.844321	9.119023	-1.1438874	-0.069113724
about_section	7.4930797	9.268287	-1.0656266	0.1627445
about_this_condition	7.6015058	8.93264	-1.0029633	-0.05587021
above_average	5.426088	8.140868	-0.10693907	0.8436015
above_liquid	5.0933757	8.02081	-0.79199046	2.2545235
above_my_head	4.761263	7.2160244	0.10319383	3.9667356
absent	5.1676965	7.2333236	-1.1520364	1.8679711
absolutely_awful	4.9900174	8.319371	-0.1820294	0.83423126
absolutely_change	6.1073112	10.260715	0.51455325	1.1451688
absolutely_insane	4.576997	8.242314	-0.30615908	1.7380075
absolutely_life_change	6.356732	10.335961	0.19781381	1.4324405
absolutely_love	6.569601	10.048898	-0.41894326	1.2118675
absolutely_miserable	3.6932504	7.770402	0.31984884	1.5303859
absolutely_terrify	4.814717	7.434524	1.0634327	0.5586537
absolutely_worth	6.498237	10.472763	0.13781984	1.6662856
absorb	3.7539177	6.4307404	-0.9638886	2.378209
abstract	5.7815704	8.070698	-1.3562052	1.6237942
abuse	6.072945	7.3092427	-0.7453119	0.8990822
academic	7.0697293	8.577208	-1.3257799	0.5030373
academic_research	6.920858	8.931728	-1.0194107	0.53798765
accept	8.392838	9.877183	-2.0034835	0.8850709
accident	4.712512	8.288718	1.7530535	2.5709438
accident_burp	4.897693	8.65447	1.7293401	2.7543645
accident_microburp	4.8886194	8.79877	1.5407465	2.4107141
accident_swallow	4.0956	7.01981	0.35263702	2.6611173
accident_throw_up	4.438303	7.2420907	1.6168199	1.9194229
accident_vomit	4.6003613	7.53195	1.1373696	1.3522407
accompany_by	3.9367876	6.7967215	0.1474966	1.3360204
accompany_by_a	4.3931417	7.4221344	0.21823834	2.2012572
accomplish	5.4823194	7.873358	0.43908814	2.6543028
accumulate	4.3669147	6.1704273	-0.28547633	2.753122
accumulation	5.036096	7.6109147	-0.8311499	2.363641
accuracy	7.350074	10.362501	-1.188851	2.5029507
acetaminophen	2.575058	8.059081	-1.5975506	3.2488713
achalasia	6.391777	6.7229915	-1.4010527	0.96619517
ache	4.2685933	6.717966	-0.10735891	2.9873486
achieve	5.7723722	7.9714284	0.93929535	3.3466249
acid	4.202601	6.3612914	-0.23734796	2.8129768
acid_blocker	2.5690572	7.6645584	-2.3477416	3.169329
acid_burn	4.1570015	7.2451396	-0.045277856	2.914364
acid_come_up	3.9511082	7.1593995	0.3143843	2.3799193
acid_damage	5.958618	6.97617	-1.3953788	0.8881394
acid_food	1.7486471	7.8636813	-0.9301834	2.2489493
acid_medication	2.6078618	7.7302313	-2.210723	3.1793065
acid_production	3.8389108	6.754366	-1.1136383	2.14189
acid_reduce	2.5706844	7.706852	-2.2287579	3.075821
acid_reduce_medication	3.7862496	6.905769	-1.3152136	1.9758818
acid_reducer	2.3974125	7.611909	-2.33971	3.0558307
acid_reflex	4.768484	7.3357954	-0.74216795	1.5350229
acid_reflux	5.356487	6.1895533	-1.1396745	0.44044265
acid_reflux_gerd	5.5026073	7.226139	-0.976828	0.6787699
acid_reflux_issue	5.610209	6.5796676	-1.0353122	0.4882533
acid_reflux_medication	2.4771166	7.6249948	-2.4066212	3.140096
acid_reflux_medicine	2.6538935	7.8117495	-2.0612044	3.299571
acid_reflux_symptom	4.8617463	6.7713757	-0.6942242	0.7737319
acid_reflux_which	5.6827435	6.3655896	-1.2003803	0.49946675
acidity	3.7585807	6.462616	-0.99355257	2.2948403
acknowledge	8.036106	8.703616	-1.6817054	0.15327692
acne	2.7520387	7.783775	-2.1648424	3.2276952
acquire	5.7330284	7.4295025	-0.25041744	0.13416071
across_this	6.6456714	9.098012	-0.21389076	1.1110152e-05
across_this_subreddit	5.987973	8.864781	0.13000146	0.28779906
act_of_vomit	5.100289	7.4424562	0.49843442	0.65140355
act_up	3.720737	6.946825	0.36722386	1.1632656
action	5.182395	6.3834453	0.4187296	3.842032
activate	5.3507566	6.1636825	0.20455436	3.6790988
activate_charcoal	2.68234	7.821493	-2.0088832	3.237012
activation	5.6142282	6.3965406	-0.8045364	2.4905875
active	5.560552	7.889506	1.1650965	3.4126382
active_ingredient	2.590153	7.6993423	-1.8060101	2.5806434
active_try	5.2834578	8.681249	1.1519585	2.5517335
actual_burp	4.928802	8.681088	1.7951175	2.83559
actual_diagnosis	6.078351	8.720491	-0.18499592	0.49319676
actual_medical	7.2609315	8.79372	-1.0552158	0.26124942
actual_name	6.3603354	8.858825	-0.13872226	0.27536613
actual_physical	5.5148516	6.906029	-0.9087148	0.6911574
actual_procedure	7.724423	10.876165	-1.7816403	2.0359514
actual_relief	5.358955	9.153476	0.9344561	2.3437536
actual_vomit	4.3957043	7.1402774	1.7200878	1.9906192
actually_enjoy	2.8234684	8.340033	-0.16528045	1.8522528
actually_puke	4.628469	7.5809374	1.065916	1.5674862
actually_throw_up	4.360945	7.116055	1.7468911	1.7763462
actually_vomit	4.359778	7.0898633	1.7706	1.917304
acupuncture	6.0690813	7.551711	0.12275054	3.4559963
acute	4.7014937	6.7399125	-0.49935997	0.8840113
adamant_about	5.4702177	8.408981	-0.30253685	1.8400422
adams_apple	4.86473	6.4229426	0.16976742	3.9917464
adams_apple_area	4.876289	7.0820117	-0.38242555	3.5957792
adams_apple_but	4.6961036	7.433175	-0.44031727	2.781218
adaptation	5.2842336	8.3262005	-0.8916026	1.7084439
add_sugar	2.2862618	7.9591875	-1.3347689	2.142515
adderall	2.5818303	7.7121267	-1.8433006	2.861721
additional_information	7.0871234	9.634406	-0.9945037	0.81416285
address	7.9795628	8.830371	-1.8855425	0.43372598
adenoid_remove	5.2310386	8.603103	-0.67932826	1.6662513
adhd	5.9738626	6.5726614	-1.0547414	0.19414428
adhd_medication	2.6558824	7.7646694	-2.1257775	3.2281837
adjustment_period	6.0174403	9.692169	0.27616462	1.3118588
admission	7.2299657	10.338124	-1.7910213	1.9055712
adolescence	4.6648903	7.4981217	-0.3558888	0.7856674
adrenaline	4.4187	7.090111	-0.3267386	2.0428946
adult_life	4.90226	7.7087173	0.36405078	0.14974527
adulthood	5.084033	7.622642	0.15350525	-0.029319944
adverse	6.3188906	8.798475	-0.98300457	1.2201456
adverse_reaction	6.486943	9.601983	-0.67556214	1.8614905
advertising	6.793661	9.454845	-0.8865624	0.7913302
advice_and_support	6.5122776	9.46659	-0.15912232	0.70850194
advil	2.4555404	8.044105	-1.596371	3.3072047
advocacy	6.665199	9.360944	-0.10038223	0.60829496
advocate	7.8678064	8.954793	-1.4226437	0.25358567
advocate_for_yourself	8.142363	9.736677	-1.9313447	0.8301535
aerobic	5.4002266	7.1996036	-0.82095104	2.15006
aerophagia	5.9112134	6.3132906	-1.2725414	0.45574737
aetna	8.188731	10.567083	-2.1476848	1.757928
af	5.1235995	8.507774	-1.0903586	1.9217337
afab	5.2203774	7.770831	-0.46262375	0.5899956
affect	5.705108	6.4324036	-0.7551563	0.5314233
affect_by	5.900593	6.8180075	-0.823355	0.48960307
affect_my	4.748107	7.0277987	-0.18945707	0.38206017
affect_my_life	4.9922686	7.999548	0.074173115	0.17245708
affect_my_voice	5.0020676	9.366145	0.0719625	2.1910148
affect_your_life	6.5175104	8.636443	-0.5962706	0.73230845
affect_your_voice	6.4132423	9.730366	-0.6438173	1.8423184
affiliate	6.629054	9.0820265	-1.2679831	1.025258
afflict	5.6992297	7.7074637	-0.5451888	0.32414317
affliction	6.489289	8.320519	-0.6495504	0.33922872
afraid	4.557804	7.2750597	1.5253668	0.7390654
afraid_of_throw_up	4.8098264	7.4857984	1.1142176	0.8125627
afraid_of_vomit	4.8428283	7.431769	1.0595903	0.63954407
afrin	5.4571586	8.367675	-1.3774402	3.2331543
after_botox	5.084379	9.816394	0.91321033	2.6631765
after_breakfast	4.0763607	8.374735	0.9074308	2.236622
after_dinner	2.8674605	7.9863896	0.4437846	2.1329937
after_eat	2.8781855	7.7923717	0.5726245	2.0329354
after_every_bite	2.0636709	8.119691	-0.4778191	3.0706162
after_every_meal	3.2866685	7.774654	0.8395605	1.92732
after_food_poison	5.457441	7.7433624	-0.4635418	0.5714036
after_meal	3.074632	7.7585936	0.71962494	2.005011
after_surgery	4.8973804	9.884248	0.7522044	2.7229815
aftermath	6.6787925	10.209386	-0.75549656	1.9821287
afterward	4.179182	9.540971	0.1628663	2.915364
age	5.096098	7.37562	0.10007246	-0.17666875
age_10	5.040766	7.742775	0.34503502	0.13473171
age_27	5.2868047	8.3622675	-0.019416016	0.1347085
age_30	5.277239	7.8042083	-0.07918969	0.12514772
age_50	6.3741407	10.4124155	0.15731329	1.5141555
age_8	4.992571	7.6261168	0.4574296	0.1928022
age_9	5.616868	8.725475	-0.5785386	0.76557684
age_of_12	5.1569524	7.95215	0.12740345	0.2482325
age_of_15	4.871307	7.8816943	0.1321937	0.2477063
agency	7.3167386	9.76897	-1.6159648	1.2892127
aggravate	5.1162663	6.6063747	-0.81385994	0.8074309
aggressive	4.4642735	7.7671213	1.434176	1.9930182
agh	6.1244817	9.648396	0.20619783	1.0366035
agonize	3.9951406	7.0184093	0.14605907	1.2807643
agonize_pain	4.3735466	7.585749	-0.07142587	2.2126505
agony	3.5342016	7.247614	0.32947308	1.5322839
agoraphobic	5.2970905	8.0132265	-0.50086695	0.61437905
agreement	6.9043202	9.665472	-1.3234437	1.3141317
ah_man	6.036768	9.515591	0.39214528	1.0131474
ah_thank	6.415874	9.478536	0.09350795	0.6727063
ah_thanks	6.220111	9.304936	-0.36668184	0.9933538
ah_yes	5.1025805	8.015145	-0.024967752	1.0148103
ahh_interest	6.254152	9.419948	-0.54456925	1.4149693
ahh_thank	6.3698444	9.400941	-0.40640947	0.9513638
ahh_thanks	6.240417	9.646606	-0.55612075	1.4467838
ahhh	6.238834	9.596865	0.49937794	0.7217161
ahhhh	5.8102865	9.310765	-0.31085303	1.4315205
ahhhhh	5.7912836	9.200595	0.11966165	1.0573784
ahmed_geneid	7.511887	9.65307	-1.5090805	0.7541382
ailment	5.9305205	7.181793	-1.0287356	0.48325792
air	4.233099	6.183871	0.16011032	2.9557426
air_bubble	4.359818	6.5761623	0.5180228	3.323686
air_bubble_rise	4.4590793	6.779506	0.34138843	3.2505724
air_buildup	4.382776	7.145309	-0.28583318	2.3637748
air_come	4.7275968	6.9502134	0.786259	3.7155004
air_come_out	4.577896	7.4921923	1.3633795	3.052256
air_come_up	4.5628777	7.0549655	0.9893854	3.4213786
air_escape	4.603574	7.381846	1.2022415	3.2111564
air_flow	4.8332343	7.1635427	0.10129423	3.2681732
air_hunger	4.7387676	7.165196	-0.614657	1.3303525
air_in_my_stomach	4.040181	6.3564863	0.1982852	2.535493
air_intake	2.3966336	7.925503	-0.952292	2.1108816
air_move	4.4113464	6.4416313	0.31249166	3.3408506
air_pocket	4.6088443	7.1953516	-0.038843315	3.28803
air_pressure	5.0201755	5.9012527	-0.3438891	2.9931717
air_release	4.6856375	7.980623	1.2986538	2.7700768
air_rise	4.4838796	6.626743	0.34327912	3.3277884
air_stuck	4.3010845	6.5555577	0.17598064	3.0663705
air_trap	4.17909	6.2529144	0.15239294	2.7798927
air_travel	4.4458184	6.83943	0.070234515	3.0183232
air_try_to_escape	4.6709137	7.9609103	1.1400743	2.4870617
air_vom	4.4416637	7.7818747	0.7760611	2.121964
air_vomit	4.4138484	7.098497	1.7840757	2.1243916
air_vomit_technique	5.2491646	8.061645	-0.29836014	2.288989
airbnb	7.341826	10.631596	-1.8370609	2.0110118
aire	5.365569	8.626569	-2.6207967	2.369933
airway	5.3790746	6.2272534	-0.6005277	3.1747627
airy	4.646638	8.259291	0.9190825	2.4118426
aisle	4.0216036	8.104443	0.060804073	2.1999068
alan	6.535465	9.708351	-0.9153816	1.2157964
albany	7.627018	10.106701	-1.6183376	1.0076823
albany_ny	7.000998	10.03015	-1.1852902	1.192116
alberta	7.759755	9.900604	-1.7325522	0.8576525
albuterol_inhaler	5.0329347	8.163811	-0.943083	1.4242483
alcohol	1.5985621	8.14253	-0.58722067	2.15918
alcohol_caffeine	2.4425282	8.051431	-1.2127697	2.1908562
alcohol_coffee	2.3457854	7.8836613	-1.4032506	2.1254117
alcoholic_beverage	1.921404	8.37124	-0.60991096	2.0418267
alcoholic_drink	1.6503537	8.385827	-0.57809883	2.051173
ale	1.7824258	8.422547	-0.73175305	2.0825021
alert	5.234642	8.440906	-1.4016216	2.1401422
alexander	6.801392	9.447413	-1.2552991	1.1657671
alexandra_hospital	7.5994387	10.471902	-1.6610312	1.4539433
alignment	5.7159877	6.86103	-0.89168376	2.168884
alkaline	3.0216703	7.5330124	-1.5023035	2.4206188
all_connect	5.978246	6.6453676	-1.0025858	0.5104838
all_four	4.5728498	7.2763395	-0.0585536	3.7810893
all_honesty	5.888304	9.304506	0.22962767	1.1205978
all_make_sense	6.108064	8.8166275	0.09014434	-0.078002915
all_my_life	5.2665524	7.5980053	0.3372102	-0.2996435
all_of_a_sudden	4.6311407	8.2633915	1.0368745	0.811154
all_three	6.9524946	8.453363	-1.3556285	0.5243707
allege	5.1023707	8.257247	-1.1833887	1.8542541
allergen	5.3489265	8.451875	-1.2681624	2.041809
allergic	2.4615364	7.7477098	-1.4081498	2.0463295
allergic_reaction	5.2870426	7.979754	-0.70938605	1.6035957
allergy	5.614922	6.307309	-1.3841702	0.5708353
allergy_medication	2.6357574	7.8475633	-2.0580583	3.2564464
alleviate	3.9964004	6.60336	-0.34687793	1.2953546
allow_acid	5.3812566	6.112454	-0.5565421	3.1142044
allow_air	4.918828	6.2671623	-0.11818102	3.4015524
allow_myself	4.2132983	7.709598	0.80274135	2.2447739
allow_us	5.751941	6.447228	-0.5321393	2.955145
almond_milk	2.1465435	8.175241	-1.113677	2.1817796
almost_choke	3.3221734	7.79452	0.1224118	2.9242516
almost_constant	3.919313	6.900358	0.12716171	1.3200909
almost_cry	6.2095222	8.99823	0.21655688	-0.061901387
almost_daily	3.9230044	6.7966523	0.16442807	1.1127496
almost_die	4.6228237	7.873152	-0.29849193	1.6773945
almost_everyone	5.1508336	9.316906	0.058999833	1.9181143
almost_exclusive	3.588763	8.332393	-0.84079576	1.9909914
almost_feel_like	4.326661	6.8301477	0.6270337	3.394601
almost_instant	4.4273233	8.086846	0.6752119	2.1378982
almost_like	4.340939	6.8689356	0.71705145	3.3970914
almost_nonstop	4.4406385	8.033364	0.44761583	2.025494
almost_silent	4.9400907	7.9326158	1.0841057	2.8569462
almost_the_same	5.556631	9.548879	0.19436991	1.5621895
almost_unbearable	4.039996	7.323684	-0.09809697	1.3825991
almost_zero	4.767539	8.273257	-0.14240149	1.0344446
aloe_vera_juice	5.6874466	8.89207	-0.9910759	1.5312891
alone_anymore	6.373527	9.348103	0.54176164	0.18687525
already_know	8.175007	9.037008	-1.816923	0.3074907
also_add	5.893606	8.536396	-1.2538927	1.6620479
also_contribute	5.3256006	6.708119	-1.0117886	0.95443213
also_notice	3.3640718	7.468198	0.7447685	2.1178026
also_struggle	5.157439	7.2584085	-0.28682178	0.16344918
also_suffer	5.9967623	6.5355825	-1.083928	0.1645191
alternative_medicine	7.0099373	9.056513	-1.427118	0.86240315
although	4.198266	7.6634574	0.756465	1.5459924
always_accompany	4.3675094	7.267946	-0.22767416	1.6556748
always_associate	4.9925766	7.60542	0.6208124	0.6525235
always_assume	5.3233128	7.3540916	0.11248916	0.27856326
always_joke	5.7412386	8.6839905	0.32897997	0.39507976
always_struggle	4.958423	7.342554	-0.25630513	0.22013369
always_the_worst	4.2476935	8.00244	-0.11750077	1.3995546
always_think	5.2965746	7.490027	0.34996837	-0.13823977
always_wonder	5.4179215	7.4145813	0.17302157	0.10561847
alzheimer	5.8303237	7.6395416	-1.0879754	1.1613549
amanda_hu	7.7995267	9.638029	-1.7305324	0.71370125
amazement	5.7059503	9.127111	0.0102058705	0.7854042
amazing	6.604273	9.964854	0.7396331	0.42434025
amazing_community	6.238328	9.274912	0.16687465	0.5909652
amazing_good_luck	5.9548874	9.596946	0.5339518	1.2220466
amazing_news	6.3332543	9.730805	0.3258995	0.82123923
amazing_thank	6.476403	9.50393	0.23151806	0.5312344
amazing_to_hear	6.2111735	9.740952	0.30529633	1.018263
amd	5.705985	9.130482	-0.124645956	1.3916054
america	8.340998	10.271675	-2.0652	1.1453656
american	8.238166	10.389643	-2.086731	1.3973148
american_healthcare_system	6.2743583	9.630214	-0.6628824	1.3327335
amitriptyline	2.5549512	7.682912	-2.325967	3.1657147
amnesia	5.1322517	8.518993	-1.0726554	1.9200135
among_friend	5.5929713	8.235043	0.07565337	0.6503712
among_those	6.8317003	9.055044	-1.1478227	1.2084836
among_us	5.8584538	7.236356	-0.70730275	0.4413925
amount_of_acid	3.406005	7.261841	-1.5124245	2.4706457
amount_of_air	4.203959	6.190305	0.03594602	2.8727748
amount_of_botox	7.2976866	10.507215	-0.9134285	2.4126637
amount_of_gas	4.250165	6.0825562	-0.22506693	2.6130397
amount_of_pressure	4.332471	6.9694753	-0.024047477	2.4575331
amount_of_relief	5.8884444	9.482671	0.506221	1.2166497
amount_of_unit	6.4183445	9.855722	0.35509428	0.905524
amplify	4.6806307	6.82612	-0.45791227	0.86455697
amuse	4.8420076	8.172376	1.4456674	1.417265
anaesthesia	7.5988092	10.776442	-1.606426	2.5677261
anaesthetist	7.0744863	10.159629	-1.6800501	1.8162674
anal	5.5528173	7.541677	-1.3127557	1.8676773
analogy	5.2632685	8.171937	-0.48225477	2.1597478
analysis	6.9784603	8.736727	-1.2730352	0.6479265
anatomical	6.0451136	7.084294	-1.1905172	1.5623991
anatomy	5.611996	5.909041	-0.5258437	3.2080061
anecdotal_but	5.627738	7.9772363	-0.6878825	0.76108867
anemia	5.480286	6.840979	-0.9877684	0.5735428
anemic	4.717859	7.5914707	-0.6326497	1.1692549
anesthesia	7.554464	10.750674	-1.568897	2.6584926
anesthesiologist	7.948759	10.7627125	-1.9285892	1.7872587
anesthetic	7.5929794	10.746843	-1.6088446	2.6748471
anesthetic_spray	5.8309875	8.347013	-1.5283995	3.7415571
anesthetize	7.504519	10.596725	-1.5769304	2.503754
angle	4.662003	6.699178	0.32052797	4.233311
angry	4.2447953	8.048067	1.2180014	1.3968158
angst	5.4017253	8.463035	-1.6144453	2.012951
anguish	4.7954717	8.354389	-0.09339649	1.2682856
animal_product	2.3929396	7.91638	-1.354411	2.0819962
announce	6.2993183	9.581752	-0.21950819	0.88005036
annoy	3.5456183	7.185533	0.73311555	1.3739443
annoyance	5.099604	7.6357822	-0.30255318	0.88412964
annoyed	5.667617	9.017692	0.7633583	0.7582958
anomaly	6.098324	7.9473486	-0.6557324	0.5046803
anonymity	6.6778245	9.153767	-0.33013627	0.37632245
anonymous	6.9894853	9.1994095	-0.6967126	0.37352133
anorexia	5.1730757	7.062531	-0.39950016	0.26852772
anorexic	5.2977114	7.6032286	-0.35260263	0.5699542
another_attack	4.9012303	8.523514	-0.27480054	1.6595184
another_condition	5.968039	6.854118	-1.1506442	0.51171786
another_country	8.217462	10.360345	-2.132577	1.493387
another_dose	7.314368	11.101652	-0.35064676	2.4662879
another_ent	8.315068	9.544431	-1.9397267	0.47558242
another_factor	6.1382184	8.366041	-0.98256755	1.1261729
another_injection	7.3427773	11.129832	-0.3569343	2.4703279
another_note	5.371766	8.329174	-0.6923119	2.0422773
another_nurse	3.149352	7.938118	-1.7864671	3.3822827
another_person	6.2847557	9.015959	0.00019739244	0.10156961
another_round	7.3047924	11.129243	-0.3288853	2.429558
another_shot	7.108965	10.78977	-0.4260824	2.1341972
another_specialist	7.8400416	9.582292	-1.7439508	0.60967314
another_thread	6.9569373	9.248106	-0.5215496	0.20545919
another_update	6.850881	10.054908	0.44382858	0.47127992
answer_1	6.029168	8.776041	0.05228597	1.0820923
antacid	2.351598	7.588132	-2.3765066	3.0413582
antacid_medication	4.941454	8.281506	-1.1098459	1.632571
antacid_tablet	2.706655	7.8269324	-1.9665858	3.304801
antegrade	5.8075995	6.044487	-0.83101726	2.6926475
anterograde	5.6929965	7.2031884	-1.1782072	2.391753
anthem	7.9364614	10.579245	-1.9990767	1.9243326
anti_acid	2.3644245	7.6048355	-2.3980882	3.061816
anti_acid_medication	2.8732378	7.793214	-2.0348713	2.968469
anti_anxiety_med	2.7086046	7.852242	-1.9677919	3.4129024
anti_anxiety_medication	2.724973	7.7998767	-2.1763473	3.2718167
anti_depressant	5.6515555	7.5032663	-1.2247983	0.9535109
anti_gas	2.5666404	7.7311473	-1.9358928	2.8636642
anti_gas_pill	2.5092049	7.7656646	-1.9514377	3.0704455
anti_inflammatory	2.7874112	7.6131654	-1.6075939	2.3764873
anti_nausea	2.640511	7.8133454	-2.1729007	3.1309726
anti_nausea_medication	2.759626	7.9211893	-2.0131087	3.2257862
anti_reflux	5.5783057	7.283298	-0.6952344	2.7745626
antibacterial	4.3384295	8.3427515	-0.6228344	2.2336814
antibiotic	2.3704007	7.553988	-2.4914074	3.0918932
antibody	5.9412823	7.079638	-1.5790181	0.889099
anticipate	6.0164466	10.129756	0.4350494	1.7327015
antiemetic	2.7463706	7.88929	-2.040514	3.1441529
antihistamine	2.654488	7.7907906	-2.119427	3.0444255
anxiety	4.6367846	6.8025537	0.32784563	0.5770984
anxiety_about	4.6180577	7.3444996	1.228687	0.6863217
anxiety_and_depression	5.1866713	7.300886	-0.661542	0.6200282
anxiety_and_panic	5.247314	7.354629	0.086005375	0.13906714
anxiety_and_stress	5.520701	7.5561895	-0.8058214	1.298645
anxiety_around	4.830954	7.1811	0.10045134	0.7116774
anxiety_attack	4.3991485	7.1459794	0.6621354	0.6797231
anxiety_depression	5.4025774	6.8246517	-0.9325949	0.6122876
anxiety_disorder	5.8183613	7.0472016	-0.71016145	0.41592783
anxiety_induce	4.9612174	7.3698764	0.43001193	0.6809467
anxiety_level	5.2467384	8.074082	-0.89929134	1.6673695
anxiety_medication	2.7181504	7.8094497	-2.1016648	3.2964554
anxiety_panic	5.3312345	7.663817	-0.08630029	0.8035296
anxiety_panic_attack	5.204964	7.6777015	-0.24121056	0.78635347
anxiety_play	5.8425107	8.332643	-0.7506031	1.3570149
anxiety_response	5.783043	6.913308	-0.7113233	0.43567294
anxiety_stress	6.048437	7.2732368	-0.7887919	0.87248117
anxious	4.0977397	7.3017473	1.0797771	0.9767427
anxious_about	4.5034328	7.3634434	1.4381452	0.76044726
anxious_await	5.9792566	9.99	0.33213958	1.7140464
anxious_person	5.273368	7.60077	-0.15602987	0.91781384
anxiousness	5.755651	7.805484	-0.71645075	1.2803401
any_abnormality	7.8362374	8.524272	-2.4584417	1.0236807
any_advise	6.742903	9.418645	-0.58224124	0.78052133
any_alcohol	2.0269065	8.3658285	-0.45699766	2.0091205
any_carbonate_beverage	3.0962112	8.319311	-0.85991603	2.1278296
any_complication	6.672944	10.046424	-0.6283257	1.9994193
any_correlation	5.9466844	6.6670203	-0.8871992	0.42757055
any_exercise	5.902762	7.4639874	0.489515	3.9669652
any_food	1.8634031	7.973724	-0.59108084	2.5966837
any_information	7.1209397	9.692439	-0.10516613	0.33596426
any_issue	4.8183293	7.6941347	0.38810974	0.71553373
any_knowledge	7.469149	9.596399	-1.6185981	0.78554773
any_liquid	1.9828498	8.138776	-0.5505507	2.6406088
any_medication	2.5494473	7.80763	-2.0698564	3.352195
any_other_suggestion	6.2658124	9.30263	0.25449342	0.8796905
any_problem	4.7794228	7.621465	0.45823935	0.66458994
any_progress	6.2536592	9.737527	0.57348084	0.80246913
any_regurgitation	4.9392695	9.310391	0.31578434	2.0245218
any_relation	5.8941526	7.6237106	-1.3041008	1.1672127
any_relief	4.962665	8.585903	1.6846203	2.645382
any_side_effect	6.4133005	10.185941	-0.17943108	2.0113719
any_solution	6.2227316	8.712668	-0.3568517	0.37107447
any_specialist	7.6416245	9.51638	-1.5569559	0.5714736
any_test	7.9983582	8.567313	-2.4686146	0.91177946
any_tip	6.942223	9.51087	0.24611527	0.26996693
any_update	6.9693484	10.04353	0.21377441	0.46215895
any_weight	3.3430545	7.976003	-0.8279562	1.4459782
anyone_experience	4.911205	6.5829563	-0.5291647	0.9704996
anything_carbonate	1.8877395	8.312357	-0.48853883	2.0755286
anything_different	5.8688464	9.669994	0.88133526	2.2005708
anything_similar	6.431729	8.641074	-0.37659693	0.31665796
anytime_soon	6.191482	9.529345	0.4015022	0.82577
apartment	5.106736	8.369455	-1.0277716	2.1801493
apd	6.132574	6.9174232	-1.3045595	0.58245933
appeal	8.3978195	10.605016	-2.1842833	1.576727
appetite	2.9137568	7.7318916	-0.48099986	1.5877608
apple	1.6581403	7.940911	-1.1009203	2.4611545
applesauce	1.6899637	8.133803	-0.6682376	3.0460792
applicable	6.4813743	8.531116	-1.0842296	1.1735203
apply_pressure	4.911267	7.0088534	0.07049172	3.8545687
appointment_book	7.6059575	10.860468	-1.1745579	1.2902979
appointment_schedule	7.566867	10.830202	-1.1954759	1.2837586
appointment_with_doctor	7.879188	10.798102	-1.4480268	1.2314249
appointment_with_doctor_bastian	7.830887	10.839048	-1.3734603	1.2304192
appointment_with_her	7.799383	10.81634	-1.3639723	1.2365851
appointment_with_lucy	7.5333066	10.847803	-1.1459259	1.3223897
appreciative	5.6748147	8.765466	-0.19458324	0.43795517
approach	8.024688	9.002763	-1.6343169	0.2993858
approach_them	7.2264824	8.976188	-1.580869	0.8446956
approval	8.353522	10.334083	-2.147731	1.3444221
approve	8.353735	10.684988	-2.1950266	1.721323
apt	7.928531	10.667273	-1.5576015	1.1933625
arbitrary	7.086504	8.494801	-1.36478	0.61459047
arc	6.8955555	9.29233	-1.6090702	1.1066108
arch	4.67344	7.209713	-0.018158786	4.128118
arch_my_back	4.949989	7.417219	0.2881949	3.7241504
archive	6.911064	9.138444	-0.39130533	0.3576045
are_not_alone	6.239388	9.530819	0.45071226	0.7096918
are_not_even	5.8513775	7.984908	-0.6606275	1.0461388
are_not_just	4.6542053	8.098253	0.42998794	2.154115
are_not_like	4.614188	8.441334	0.6394823	2.3720222
are_not_many	6.8407493	9.428051	-1.2024348	0.9465087
are_not_that	5.6922336	8.497789	-0.44326672	1.2580031
are_not_uncommon	5.713602	7.5704045	-1.0939418	0.8653664
area_of_expertise	7.0741057	9.265665	-1.4830383	0.85778624
argh	5.7960377	8.964404	0.07228837	1.1190784
arizona	7.2291293	9.793705	-1.5280036	1.0290158
arm	4.7182317	6.6292057	0.02858585	4.0178156
arm_injection	5.749711	8.765709	-1.1907495	3.1235461
around_18	4.866374	7.802098	-0.043289464	0.06671175
around_250	7.51785	10.591069	-1.6780508	2.1847546
around_3_month	5.7761173	10.159429	0.79125017	2.506205
around_4000	8.15915	10.659198	-2.162227	1.8941882
around_5	5.2341957	9.372575	0.13041425	1.6828847
around_600	7.8124423	10.750439	-1.9438132	2.1657152
around_80	7.152183	10.537417	-0.6488927	2.290371
around_day_5	5.156724	9.798743	0.79091567	2.5236132
around_people	4.121786	8.125828	0.84948546	1.6544015
around_the_world	7.5107255	9.228924	-1.494703	0.53837097
arrange	7.982002	10.672608	-1.6572585	1.2688172
artery	4.946236	6.626269	-0.7369224	2.6481314
article	7.865445	9.23526	-1.0975792	-0.074330315
article_about	7.2035823	9.157956	-0.73029715	0.05394868
articulate	5.6123285	7.966084	0.1811557	0.9549486
artificial_sweetener	2.7677283	8.166731	-1.1344322	2.350348
asap	8.26539	10.592613	-1.7739667	1.217636
ascend	4.488182	6.440601	-0.7788528	2.551101
ask	8.341025	9.335979	-1.9257053	0.48895693
ask_for_a_referral	8.1479	9.399649	-1.8159014	0.3899579
ask_how_many	7.2417235	10.36761	-0.9125467	2.2226424
ask_them	8.371371	9.714156	-1.9236231	0.59240425
ask_whether	6.6884313	9.317931	-1.2776569	1.1562552
askreddit_thread	6.4596915	9.032067	-0.057887517	-0.053207174
aspect_of_my_life	6.0693893	8.585471	-0.1890618	0.5166957
asphyxiation	5.2035246	6.678517	-0.8195554	2.5685275
aspirate	3.4349146	7.5258303	0.32153165	2.9398315
aspirate_into	4.463258	7.5836782	0.12297603	1.9519708
aspiration	5.8447766	6.8013105	-1.2113711	1.2240981
assertive	6.4278727	9.127617	-0.87177235	1.0631336
assess	7.798098	8.950009	-1.757365	0.5244977
asshole	5.774151	8.615474	-0.5147151	1.7066084
assistant	7.9827466	10.452453	-1.7873406	1.248876
associate	5.434209	7.0636826	-0.42680895	0.12789127
associate_symptom	4.61139	6.79175	-0.37222967	0.8550947
associate_symptom_due_to_retrograde	7.044764	8.620981	-1.5712448	0.6948725
associate_with_r_cpd	4.260028	7.128283	-0.18186815	1.1782357
association_between	5.9415197	7.503935	-0.60704166	0.5482021
assume_its	5.2135286	6.390663	-0.8287762	2.047622
asthma	5.554965	6.25568	-1.2624313	0.51315266
asthma_attack	5.454633	7.2906976	-0.5459277	0.725128
astonish	5.4322815	8.819158	-0.18766116	0.9588204
astound	5.5496206	8.431141	0.12420267	0.2511267
astronomic	5.7508936	9.266387	0.12735645	1.2169908
asymptomatic	5.4738526	7.86314	-0.461523	0.70249903
atlanta	7.839698	10.109666	-1.699262	0.91412145
atlas	5.4881926	8.035	-1.0334764	2.3725288
atmosphere	5.0687165	7.293234	-0.79992604	2.6080883
atrocious	5.3602242	8.635922	-0.06984404	1.4977045
attach	7.6568394	9.162811	-1.2745522	0.23406959
attack	3.8640301	6.6419096	0.31965542	1.115134
attribute	5.351911	6.412507	-0.71156704	0.49774405
au	5.363311	8.728466	-2.974759	2.469083
audible	4.6038556	8.212812	1.7654738	2.228994
audible_burp	5.020508	9.042927	1.4650934	2.579627
audible_sound	4.082442	7.8952074	1.1782936	1.6568823
august	7.3711963	11.064683	-0.9659959	1.4405143
augustus	5.4386044	8.72037	-2.343495	2.2682974
aujourdhui_concern_le_rcpd	5.311693	8.457227	-1.0640194	1.9219038
aura	5.2904935	8.31601	-1.671376	2.0466416
austin_tx	7.1041183	9.751423	-1.3024696	0.9356121
australia	8.3784	10.253496	-1.9856541	0.98319733
austria	7.657283	9.496745	-1.5825589	0.59307337
author	7.2859445	8.846457	-1.1643023	0.30739453
autism	5.992059	7.0679393	-0.8347713	0.44317564
autoimmune	5.9863844	6.8968825	-1.4883559	0.73454744
autoimmune_disease	5.7276487	6.7743783	-1.2557546	0.9295759
autoimmune_disorder	5.8690853	8.176102	-0.59060097	1.0795727
automatic	5.32087	7.292229	1.1683884	3.5528848
autonomic_dysfunction	5.8343377	7.1900387	-1.3565934	1.1425713
autonomic_nervous_system	5.743961	6.6993747	-0.94903976	2.1951594
avail	5.338674	8.546469	-1.1020418	1.8084375
availability	7.9970365	10.612503	-1.6805719	1.2301816
available_in_my_country	6.802549	9.6747465	-0.84447724	1.8656337
avenue	6.907274	9.1732855	-1.2058469	1.0008293
average_person	4.5574694	8.078725	1.5043564	1.8887072
average_weight	5.2084117	8.155188	-0.03788333	0.3871536
averse	5.8675365	9.036138	0.09218213	1.1012148
avocado	1.9336734	8.181357	-0.82881147	2.776559
avoid	1.7581065	7.85906	-0.9611385	2.2347724
avoid_acid	2.1638618	7.9257765	-1.2124991	2.2637253
avoid_alcohol	1.832604	8.016001	-0.9119388	2.2125292
avoid_any	2.0738394	7.8948946	-1.2199919	2.2159061
avoid_carbonate_drink	1.894696	8.083206	-0.90855175	2.1186087
avoid_carbonation	2.2303767	7.9126134	-1.3738457	2.1734354
avoid_carbonation_alcohol_caffeine	2.248764	7.789911	-1.5158545	2.1622767
avoid_food	2.0120032	7.9022355	-1.0424176	2.2049491
avoidance	5.9436636	7.2022066	-0.74103564	1.1538806
aw	6.253529	9.610644	0.5790671	0.70811856
aw_thanks	6.2949605	9.485588	-0.34142414	1.0058525
awake	7.529984	10.668474	-1.5828195	2.7187932
awaken	4.665633	8.589157	-0.74213547	2.0737803
aware_of_r_cpd	7.488152	8.866517	-1.4787288	0.46957558
aware_of_rcpd	6.913796	9.295664	-1.2623869	0.9111502
away_from_home	3.6227577	8.133858	-0.23165728	1.8685629
awesome	6.705268	10.073739	0.71796757	0.44154188
awesome_congratulation	6.403709	9.8244915	0.04816287	0.9766345
awesome_to_hear	6.347909	9.737006	0.23721376	0.871279
awful	3.5834317	7.0811505	0.64478606	1.2303034
awful_symptom	4.898493	7.3521724	-0.18153545	0.08295784
awh	5.9850836	9.386439	0.40619045	0.9067616
awkward	4.6794367	8.118938	1.7145677	1.5888728
aww	6.2657638	9.57223	0.42832342	0.70587516
aww_thank	6.1107993	9.279644	-0.38431606	1.093305
b	5.925038	6.533746	-1.3882496	1.590854
b1	6.178637	8.598139	-1.2859832	1.4326903
b12	5.240982	6.922097	-1.4910818	1.0451655
b_vitamin	2.1936817	7.827202	-1.439846	2.3215613
baby_burp	4.964119	8.839956	1.6455314	2.760071
baby_ibuprofen	2.4693286	8.031042	-1.4809113	3.2367384
baby_step	6.130789	9.318327	-0.44853368	1.1477813
back_down	4.455716	6.4505033	0.37176087	3.4276395
back_in_july	6.9252343	10.799739	-0.49862957	1.65239
back_in_march	6.5641437	10.430293	-0.47037885	1.7664411
back_of_my_mouth	4.3422685	6.8601036	0.15336399	3.3952286
back_of_my_throat	4.022712	7.014314	0.63242894	3.254341
back_of_my_tongue	4.7184873	6.848389	0.7278929	3.7814474
back_of_your_mouth	5.076708	7.7638345	-0.63873667	2.8343801
back_of_your_throat	4.661775	6.60074	0.24905147	4.0779366
back_to_normal	4.973983	9.893752	0.8164148	2.7153587
back_with_a_vengeance	5.335644	9.798878	0.57750404	2.257176
background_check	6.960301	9.264612	-1.3262972	1.075063
backward	5.034495	7.346757	0.66945934	3.768259
baclofen	6.535553	8.412268	-1.3097724	1.0037957
bacteria	4.155829	6.164086	-0.8015685	2.4301796
bacterial_infection	5.55437	7.129978	-0.93117464	0.60467875
bad_acid_reflux	4.3868203	6.805949	-0.2707383	0.67186034
bad_breath	4.0111737	6.871254	-0.026153509	1.6114517
bad_cold	3.977399	7.974151	0.24773854	2.5422418
bad_episode	4.325119	7.488342	0.032080397	0.8148744
bad_heartburn	4.453968	7.366978	-0.4335559	1.1761782
bad_posture	5.6586623	6.651134	-0.9219075	2.1566107
bad_side_effect	6.4795847	9.908657	-0.46282494	1.9370344
bad_smell	4.4801674	7.613365	0.2257434	2.0154784
bad_taste	3.556331	7.44144	0.31087857	2.9120965
baffle	7.0058756	8.253576	-1.041886	0.27538642
baggy	5.1656833	8.424213	-1.3008555	2.1113927
ball	4.5215344	6.726818	0.2614043	4.251813
ball_roll	7.8812675	10.747687	-1.3293244	1.1444057
ball_under_your_chin	5.371107	7.1881866	0.21905716	4.0048695
balloon	4.6687365	6.1414747	-0.23390362	3.1787293
balloon_dilation	7.3444824	10.660376	-0.7511847	2.4955018
bam	4.574214	8.196184	-0.4823504	2.2926466
banana	1.6294036	8.083667	-0.8006445	2.856726
bane	5.117916	8.195576	0.121901765	0.2862875
bangkok	7.274272	9.725881	-1.5387701	0.943376
barely_eat	3.3807807	7.928761	0.10291813	1.6991471
barely_fart	4.7250514	8.486511	0.29946056	1.5542951
barf	4.362116	7.1741433	1.7126199	1.978143
barium	7.8794374	8.332522	-2.612661	1.0919918
barium_study	7.2928696	8.789244	-2.039889	1.1555037
barium_swallow	8.008676	8.464149	-2.6050587	1.0570445
barium_swallow_result	6.3422065	8.0881815	-1.4223891	0.98691607
barium_swallow_show	5.926149	7.327825	-1.4259536	1.367145
barium_swallow_study	7.7747564	8.638111	-2.4098158	1.071355
barium_swallow_test	8.031242	8.482483	-2.6109214	1.0603157
barium_test	7.754177	8.686386	-2.3576486	1.031769
barley	2.8144143	8.217756	-0.43665835	2.0399487
barotrauma	5.107569	6.7944617	-0.8449849	1.9562197
barret	5.941031	7.419863	-1.338806	1.1933337
barrett	5.996789	6.590481	-1.3150641	0.4739616
barrett_esophagus	5.996016	6.37198	-1.369327	0.41218305
barrett_esophagus_which	6.0696406	7.4775877	-1.0445027	0.89525443
base_in_london	7.492808	10.417356	-1.6663133	1.8010163
base_of_my_neck	4.437723	6.6088142	-0.16466318	3.0177953
base_of_my_throat	4.43942	6.7030773	0.28922164	3.296903
base_on_my_own	6.335903	8.464775	-0.61161727	0.2900069
basic_understand	6.9216266	8.783054	-1.3729227	0.81660646
basically_impossible	4.1119146	8.066334	-0.023831539	2.028605
basically_tell	8.138023	8.931231	-1.9316788	0.3688058
bastard	5.7490854	9.092924	0.073731095	0.9139467
bastian	8.150194	10.535236	-1.5028564	1.3833396
bastian_article	7.769835	9.531442	-1.6691964	0.5341848
bastian_himself	7.398631	9.946381	-1.5416672	1.0021776
bastian_institute	8.124758	10.644968	-1.5175743	1.4920406
bastian_paper	8.05125	9.232853	-1.45508	0.07577485
bastian_research	7.836172	9.4981985	-1.6786878	0.50966614
bastian_rw	5.372403	8.585406	-0.8608211	1.6924067
bastian_voice_institute_publish	6.8058014	9.703727	-1.3648192	1.5116601
bastion	7.4139423	10.444769	-1.2527133	1.2360107
bathroom	3.8834229	7.0744133	0.38924164	3.9987533
bathroom_floor	3.9392095	8.065498	-0.087825045	2.4442625
battery	5.355131	8.484475	-1.3591422	2.1773705
battle	5.5881658	7.8879933	-0.3844089	0.18825206
bbq	2.8963087	8.313228	-0.1984227	1.9029834
bc	4.226568	7.4038243	1.3636036	1.0008284
bcbs	8.311852	10.611067	-2.2104616	1.7361797
be_a_breeze	7.3441625	10.796611	-1.4303011	2.3070674
be_a_outlier	6.5701365	8.709271	-1.2716212	1.0342406
be_a_spectrum	5.9421077	6.859789	-0.66496277	0.22995977
be_a_understatement	5.7621875	9.180378	0.18595532	0.62511307
be_afraid	4.549017	7.276358	1.5444862	0.7627783
be_at_my_wit	5.1589317	8.364529	-0.16896418	0.40841293
be_aware	8.104005	8.934811	-1.7886783	0.3204574
be_born	5.2284026	7.479559	0.43790424	-0.25421762
be_careful	2.4293408	7.8175845	-0.18268469	3.2948546
be_lactose_intolerant	2.1598566	7.730346	-1.411915	2.0496812
be_not_alone	6.4903326	9.407613	0.63010687	0.0870859
be_so_grateful	6.4941983	9.621149	0.67023885	0.23414233
be_the_worst	3.6047971	7.0192366	0.58697265	1.2296252
bean	1.6707469	7.8359613	-1.1539017	2.342077
beano	2.3762295	7.6626825	-1.9826138	2.797705
bearable	4.0475526	8.855863	0.1147065	2.5719573
beat	4.318944	6.842194	0.017062638	3.7672777
because_my_body	4.497162	7.3166466	1.3672217	2.3043354
because_of_r_cpd	5.2408447	7.368213	0.16244172	0.6595184
become_a_bit	5.2904396	9.349117	0.768163	2.3097188
become_big	5.335232	9.240817	1.0524585	2.4314485
become_debilitate	4.9996767	7.835872	-0.31671456	0.25944126
become_easy	5.492102	9.156532	1.0887599	2.6854234
become_less	4.3264413	7.512182	0.20217663	1.3216093
become_less_efficient	5.392771	6.850306	-1.090241	1.3848147
become_less_frequent	5.451531	9.61927	0.8379853	2.2814198
become_more_natural	5.6033874	8.999304	0.9268891	2.407055
become_natural	5.6627336	8.6939745	0.9647825	2.8464737
become_unbearable	4.826207	7.658264	-0.18942715	0.13439694
become_worse	4.770147	7.2458754	-0.3727085	0.24518943
bed	3.8322399	7.0628166	0.23432522	4.213275
bed_riser	2.962077	7.980748	-1.4672135	2.6343737
bedtime	2.8612843	8.1973	-0.085383214	2.3274515
beep	4.851107	8.153113	-0.41646922	2.3239138
beer	1.7211683	8.328129	-0.22520284	1.9690607
beer_or_soda	2.0580573	8.454856	-0.5841684	2.0956993
before_bed	2.0680814	8.033174	-0.2985841	2.6125546
before_bedtime	2.256765	8.083654	-0.65572155	2.6152265
before_botox	4.3842	6.842219	0.028095743	0.6386635
beforehand	7.5253644	10.766252	-1.5976607	2.6588743
begin_to_wear_off	5.743793	9.935733	0.8551731	2.554508
behind_your	4.7627254	6.805018	-0.00078902603	4.095813
belch	4.8792367	8.298217	1.7456913	2.7493906
belch_disorder	6.172348	7.9288692	-1.304956	1.0522262
belch_reflex	6.3018084	6.6649146	-1.3473023	0.9368468
belief	6.332239	7.350453	-1.0020895	0.6816616
belief_that	6.115299	7.6536865	-1.2054211	0.73385537
believe	7.9738984	8.564286	-1.75759	0.22626628
belly	4.2310777	6.1818113	-0.07171817	2.703007
belly_breathe	5.5440164	7.124698	-0.09140486	3.7284443
belly_button	4.9524035	7.8120885	-0.67010593	2.8647094
belong	7.024944	9.114263	-0.73928255	0.23497808
belong_here	6.0746555	8.942169	-0.123180605	0.7566588
benadryl	2.697233	7.8323245	-2.069897	3.1163008
bench_press	4.5715547	7.389849	-0.10206086	3.967609
bend	4.265013	6.8601937	0.22168964	4.245796
bend_down	3.8942213	7.049834	0.23155381	4.133363
bend_over	3.1832542	7.4647365	0.17920478	3.489218
bend_over_after_eat	2.8078005	7.538135	-0.3386282	3.8480077
beneath	4.6899853	6.478963	-0.27147815	3.2233958
benefit	6.8181777	10.0751705	-0.5025694	2.3013945
bensoussan_in_tampa	6.698267	9.507088	-1.232029	1.2394445
bentyl	2.7335365	7.8599725	-2.0268424	3.3775957
benzo	2.7642243	7.8367295	-2.0809045	3.243209
benzodiazepine	5.2754984	8.433915	-0.51334506	1.2369764
bestie	5.3357053	8.379804	-0.21052614	0.6805884
betaine_hcl	2.5924864	7.7462263	-2.2062619	3.1576912
better_afterwards	3.994025	7.9951277	0.5802051	1.6759398
better_understand	7.180824	8.6396055	-1.3604846	0.4951623
between_bite	1.9920504	8.115709	-0.51547605	3.0905507
between_meal	2.0442016	7.988065	-0.73692757	2.3559363
between_my_shoulder	4.261124	6.8479967	-0.23054811	2.2565353
beverage	1.5676531	8.285031	-0.3868016	2.1416779
beyond_frustrate	5.733367	9.017061	0.22226621	0.8493278
bf	5.1189394	8.487824	0.43987897	0.9444572
bias	7.544348	8.714506	-1.2356592	0.1966198
bicycle	4.4464116	7.3148713	-0.11179533	3.9342494
big_and_big	5.2293177	8.8588705	1.3890568	2.868451
big_bite	2.1021883	8.089109	-0.7970448	3.3607821
big_breath	3.019663	7.7233057	-1.3452635	3.622712
big_burp	4.979024	8.803155	1.8381964	2.9092493
big_change	5.271011	9.359758	0.84205323	2.3247743
big_concern	6.2179184	9.850459	-0.36338052	1.6654977
big_deal	5.0101323	8.588493	1.0035552	1.3819458
big_dose	6.1965795	9.941319	-0.19075438	1.8361663
big_enough	4.977925	8.558781	1.1806234	2.3977885
big_event	3.492216	8.388347	-0.15763676	1.6749171
big_factor	5.561106	7.7979136	-0.54782796	0.85441464
big_fan	4.8011246	8.464144	-0.2501729	1.2550803
big_fart	4.43263	8.142937	0.3808322	1.7075369
big_fear	4.6999745	7.329614	1.3207836	0.659982
big_gulp	1.9787042	8.121195	-0.7110642	3.2669811
big_hug	6.172394	9.562379	0.099779494	1.0406318
big_improvement	5.334431	9.429362	0.66720605	2.0586426
big_inhale	3.11777	7.6754603	-1.2951905	3.6588223
big_issue	4.4607115	7.6554227	-0.36970568	1.7869614
big_lump	4.08225	8.936924	0.24519219	3.1157217
big_meal	2.111018	8.079045	-0.04533571	2.3277228
big_mistake	2.6254559	8.265947	-0.72899413	2.207279
big_mouthful	2.0701025	8.08804	-0.79887074	3.3749137
big_one	4.9606004	8.802246	1.8135874	2.884489
big_pill	2.4320662	8.057298	-0.7101305	3.1463532
big_trigger	1.968482	8.003977	-1.107063	2.2196813
big_yawn	5.8162575	7.4616613	0.21563846	3.7517583
bij_mij	5.3940344	8.6815195	-2.4144444	2.3240566
bile	3.606023	7.245748	0.2946734	2.9356143
bile_taste	3.3168597	8.275503	-0.8309748	2.1917276
bill	8.242386	10.853825	-2.1656086	1.9956197
billion	5.177807	8.085635	-0.57744145	2.183011
billion_time	5.1664977	9.419601	0.083215766	1.867739
binge_drink	3.2784657	8.208683	-0.4079386	1.5921295
binge_eat	5.3359795	7.6604605	-0.45648357	0.87306243
bio	7.2611713	8.626321	-1.3009402	0.37349576
biofeedback	5.6822424	6.397669	-0.6981979	2.8087008
biology	6.21429	7.422279	-0.88422364	0.96347255
biopsy	7.8916407	8.361279	-2.602091	1.0689474
birth	5.303172	7.4577026	0.2910553	-0.22304532
birth_control	4.776374	7.574606	-0.8576916	1.0864589
birth_control_pill	2.6709359	7.824442	-1.8756921	3.3890035
birth_defect	6.2394295	7.0563254	-1.2853136	0.85575336
bit_better	4.6360617	8.927818	0.58796465	2.1898012
bit_more	4.7080717	8.914232	0.66318226	2.3014355
bit_of_air	4.795895	7.9588943	1.1034349	2.8175707
bit_of_relief	5.90616	9.60052	0.5550476	1.3275659
bit_sore	4.2244606	9.228733	0.26672888	2.9910617
bite	1.8560405	8.123779	-0.48786977	3.2429538
bite_of_food	1.9231706	8.14023	-0.5392024	3.2124753
black_coffee	1.9914569	8.261381	-0.8582372	2.1359656
black_out	4.1245465	8.186376	-0.04035083	2.327584
bladder	4.991554	6.8400674	-0.89046824	2.0611095
blade	4.442222	6.843465	-0.37216344	2.7316897
blade_back	4.82331	7.1959624	-0.05300706	3.9714315
blah	4.0224137	8.217655	0.10819505	2.0728269
bland	2.1699653	7.9717	-1.2251284	2.2138305
blanket	5.5456967	8.687114	-1.6167104	3.4344666
bless	6.3575125	9.619926	0.20212097	0.69056475
blink	5.127006	8.380653	-0.9829293	3.0670288
bliss	5.7296414	9.564567	0.29005638	1.5226604
blissful	5.69007	9.004453	0.34200105	0.7040457
blister	5.3298755	8.294267	-1.7296157	2.3471458
bloat	3.7148201	6.5127707	0.32237524	1.1704316
bloat_24_7	4.2146873	7.7543035	0.10808151	1.7379961
bloat_a_lot	4.0359	7.1065674	-0.02337982	1.4368409
bloat_and_constipate	5.0354996	8.424051	-0.59420556	1.7677146
bloat_and_excessive_flatulence	4.7739716	7.0939035	-0.38537616	0.80955744
bloat_and_flatulence	4.483926	7.4865823	-0.25048503	1.1360532
bloat_and_nauseate	3.749525	7.5684876	0.42154798	1.3898715
bloat_and_nauseous	3.6354668	7.777409	0.42386973	1.5587126
bloat_anymore	3.6881254	7.494951	0.37902153	1.5063646
bloat_belly	4.040036	7.2213726	-0.13798268	1.3677337
bloat_constipation	4.0836396	6.7143865	-0.07793582	1.1148729
bloat_cramp	4.4299154	7.0051246	-0.4331482	1.4783725
bloat_distension	5.29988	6.9658847	-1.040702	1.1531532
bloat_etc	3.898806	6.57965	0.13080905	1.1526649
bloat_excessive	4.090795	6.886201	0.09096695	1.184808
bloat_excessive_flatulence	4.3662214	7.119846	-0.3676642	1.3532754
bloat_flatulence	4.0968575	6.6950426	-0.027814005	1.0716648
bloat_gassy	3.9658773	7.1230316	-0.0016910776	1.4012479
bloat_go_away	5.4478145	9.337954	0.6489434	1.9005427
bloat_nausea	3.9130228	6.5674996	0.119464055	1.1173813
bloat_stomach	3.9402676	6.4451294	0.06779277	1.8346506
bloatedness	4.081634	7.029922	-0.12234785	1.4179202
block	5.1209297	5.9563603	-0.10011917	3.4014306
block_my_airway	3.0579114	7.832438	-0.08280671	3.0997996
block_nose	4.0160933	7.2151847	-0.02017482	1.9216758
blockage	5.2293253	5.965203	-0.5299769	3.0111432
blog	7.1087074	9.356099	-0.70727026	0.25722936
blonde	5.3323455	8.579548	-0.7329173	1.5339817
blood_flow	5.0683913	6.8336115	-0.7507285	2.7659905
blood_test	7.922887	8.348844	-2.6162746	1.051718
blood_vessel	4.705393	6.788255	-0.04748144	3.3840039
blood_work	7.8353477	8.333941	-2.5851476	1.0843489
bloodwork	7.6839542	8.629715	-2.379392	1.111719
bloody	4.472923	7.7906055	0.20205334	1.6773134
blow_away	6.0599995	8.971948	0.102758065	0.15745531
blow_my_nose	3.3210993	7.825715	-0.1397358	2.6175673
blow_up	4.4448953	6.402204	-0.017797174	3.0413356
blow_up_full_of_air	5.4655294	5.8342695	-0.6410582	2.7219496
blow_your_nose	4.3366494	7.9832683	0.28982148	2.315385
blowjob	5.904841	8.557647	-0.68004525	1.0386131
blue_cross	8.06042	10.554705	-2.091365	1.8179111
blueberry	2.2976584	8.273194	-0.86027515	2.5762253
bmi_alexandra	6.737857	9.791378	-1.0772493	1.6025188
bmi_blackheath	7.451881	10.502776	-1.5788336	1.6850276
bodily	5.905809	7.3456397	-0.65784335	1.3667551
bodily_function	5.801416	8.222095	0.19269606	0.5863387
body_ache	4.216073	8.935834	-0.008216352	2.7578673
body_image	5.2478037	7.177354	-0.76271087	0.56118953
body_position	5.1786785	6.9820733	0.76432526	4.1747084
boer	5.399162	8.674965	-2.3430371	2.301228
boeren	5.377381	8.706155	-2.707258	2.4007027
bolus	5.3510256	6.3482137	-0.65342134	3.11716
bolus_of_food	3.532374	7.543465	-0.2658655	3.1955898
bomb	4.479788	8.064972	-0.85839874	2.3731995
bone_broth	2.162769	8.209946	-0.96121824	2.5916796
bong	3.0298653	7.8739233	-1.2894766	3.180537
bonjour_avoir_vous_recut	5.3362947	8.613142	-0.8584457	1.6159718
bonjour_comment_vas_tu	5.4298825	8.406574	-1.4231032	2.0369835
boob	5.4684315	8.942741	-0.28937605	1.523198
book	8.0333185	10.782216	-1.5578669	1.2129153
book_with_lucy_hicklin	6.5725527	10.013702	-0.5998719	1.2804023
boozy	4.9850497	8.8259735	-0.34600443	1.7866857
borderline	4.5811296	7.85237	-0.052165117	1.0931593
borderline_underweight	5.0309906	7.713638	-0.38847822	0.39426503
borrow	4.870991	8.685827	-0.56518465	1.798634
botel	6.5650835	8.45837	-1.5104439	1.0002655
both_direction	4.824302	7.483497	-0.13752101	2.8423636
both_of_these	6.040083	7.522893	-1.3107581	0.9929928
both_r_cpd	6.064391	7.0926228	-1.0231276	0.5392833
bothersome	4.177012	8.162306	0.236822	1.7230271
botox	7.760396	11.122624	-1.0637736	1.9683388
botox_avoir_vous_recut	5.5214233	8.731342	-1.310616	1.7900437
botox_drift	5.164235	7.8236866	-0.78037983	1.6424569
botox_for_dysphagia	7.8952246	8.96297	-1.7943172	0.47498152
botox_in_january	7.214935	10.777009	-0.8275567	1.3716701
botox_inject	7.4873447	10.656305	-1.3039589	2.5105958
botox_injection	7.799823	11.093625	-1.1531304	1.8522383
botox_itself	8.207995	10.859798	-2.1401968	2.0798645
botox_journey	6.728228	9.922236	0.2645038	0.5569122
botox_leak	4.9985166	6.8264503	-0.6560432	2.9015791
botox_on_monday	7.3383713	10.808621	-0.9509424	1.3439295
botox_on_wednesday	6.0432954	9.978626	-0.049112067	1.651643
botox_procedure	7.8031816	11.09572	-1.1733012	1.7873138
botox_shot	7.706181	11.052668	-1.1263263	1.6541218
botox_spread	6.0947275	8.990618	-1.2923597	3.346588
botox_surgery	7.775295	11.062012	-1.1768425	1.635864
botox_tomorrow	7.307078	10.789477	-0.9073499	1.2950555
botox_treatment	7.825224	11.091361	-1.1564633	1.7868527
botox_twice	7.2198386	11.105562	-0.36260372	2.3997822
botox_under_ga	7.10228	10.712754	-0.8136415	1.6959089
botox_wear_off	5.8155775	10.17934	0.8753179	2.5624132
botox_with_doctor_bastian	7.3886166	10.951815	-0.94997466	1.377127
bottle	1.5873716	8.3902855	-0.57207847	2.1914628
bottle_of_fizzy	3.0228274	8.339276	-0.77838314	2.1257062
bottom	4.719482	6.704462	-0.25389567	3.701132
bottom_line	5.7821145	9.271163	-0.548488	1.4579098
botulinum_toxin	7.292316	10.233051	-1.1383642	2.4603708
botulinum_toxin_injection	5.980626	8.475978	-1.2290503	1.3484043
bouncer	5.1999726	8.618399	-0.28368732	1.725827
bound	5.5179253	7.4753838	-0.6795451	1.0037948
bout	3.8772411	6.5907154	0.30640763	1.0938456
bowel	4.5574274	6.0004616	-0.62263095	2.4362607
bowel_cramp	3.9258134	7.4801807	-0.2836901	1.7592293
bowel_issue	5.1476827	7.1874213	-0.94265133	1.0254562
bowel_movement	3.9550703	6.267844	-0.24780802	2.0798867
bowel_problem	4.990324	7.003864	-0.7759031	0.9163763
bowl	1.9959658	8.185424	-0.7780897	2.624569
bp	4.8964686	7.1518536	-0.7745329	2.5956986
brace	4.7769685	6.968444	-0.23156662	3.5495899
brain_fog	4.6537657	6.7877855	-0.48206136	0.8301141
brand_new	6.229759	9.014756	0.05903335	0.5173645
brass	5.323666	8.557158	-0.36287466	1.8358847
brazil	7.149274	9.398297	-1.2092046	0.61425984
bread	1.6469728	8.066954	-0.71195215	2.9361598
break	3.2148023	7.543824	-1.0153029	3.7756736
break_blood_vessel	5.0510874	8.129824	-0.8857816	2.6559255
break_down	3.7250724	6.440843	-0.9697714	2.3612494
break_my_heart	6.0564866	9.155691	-0.5107412	0.9862276
break_out	4.543824	7.418398	-0.30433595	2.346584
breakfast	1.8737532	8.107529	-0.35600495	2.7046368
breast_bone	4.550145	6.8302307	-0.38027716	3.0211487
breastbone	4.606622	6.763912	-0.1985746	3.571042
breastfeed	5.0025425	7.769629	-0.33082715	0.29967922
breath	4.376945	6.8111897	0.5532339	3.837143
breath_test	7.778466	8.428108	-2.4596915	1.0033575
breathe	4.033494	7.104665	0.46124664	3.490142
breathe_deep	4.7756033	7.0139694	-0.021450808	3.7294679
breathe_difficult	5.206814	8.040127	-0.7635701	1.2737864
breathe_difficulty	5.35279	8.943637	-0.57971954	1.9913317
breathe_exercise	5.7002645	7.244382	0.23151982	4.0042944
breathe_in_deep	4.6819415	7.052708	0.1626422	3.1669116
breathe_issue	4.483806	6.3598757	-0.33091044	0.99388903
breathe_out	4.732758	6.7793183	0.7374332	3.9168627
breathe_proper	5.357608	7.994638	0.44055277	1.0891777
breathe_technique	5.4925313	7.180265	0.11176333	3.919248
breathe_through	4.8915515	6.773167	0.2975516	4.085851
breathe_through_my_mouth	3.8707774	7.296742	0.24223697	2.425179
breathe_tube	4.276588	9.340128	0.15388225	3.067509
breathless	3.9010363	6.7683992	0.10055541	1.4834548
breathy	4.293348	8.386321	0.21753223	2.717197
breeze	5.388602	8.65496	-0.28408277	1.7480117
brewery	4.846267	8.641627	-0.6389406	1.8157758
bridgetown	5.1645293	8.650935	-0.69688445	1.5791893
brilliant_thank	5.8122315	9.226244	-0.32700828	1.3018894
bring_doctor_bastian	7.8478746	9.31611	-1.4916458	0.256937
bring_myself	5.3823605	7.9123774	0.7973229	0.97259337
bring_relief	5.0478096	8.313842	0.8592531	2.2830865
bring_up_liquid	5.48061	7.489428	0.7429824	3.4585323
brisk_walk	2.57494	7.8130193	-1.5426301	2.9112685
brittcurls	7.287644	9.096989	-0.31708175	-0.3229273
bro	5.8210087	9.107212	0.53051996	0.8103961
broad	6.216574	7.5341964	-1.373394	1.1327153
broccoli	1.8152924	7.981373	-1.0904661	2.3934581
bronchitis	4.242924	7.4160542	-0.15152177	1.2401797
broth	1.7460723	8.139306	-0.77903587	2.9077673
brownie	2.3655667	8.193033	-1.0758041	2.4325686
browser	6.903102	9.0471945	-1.0589204	0.6699571
bruise	4.1108537	8.990367	0.27820238	3.119052
brunch	2.953735	8.377528	-0.84473616	2.2777796
brush_my_tongue	4.5302553	7.2726374	1.4656339	2.3181188
brush_my_tooth	4.3671885	7.2013516	1.5788903	2.2317853
brush_off	7.156628	8.268257	-1.332169	0.2593435
brush_tooth	4.094717	7.763735	0.15892206	2.4120471
brussels_sprout	2.274822	7.9757457	-1.2855136	2.137884
bsw	7.397874	10.09411	-1.4766569	1.0756398
btx	7.1985264	10.431201	-0.8932166	2.3339233
bubble	4.353195	6.5725374	0.5294488	3.3447735
bubble_come	4.8719907	7.281857	0.35255185	4.1352806
bubble_come_up	4.6692176	6.972576	0.8016254	3.6394024
bubble_in_my_throat	3.678922	7.0710173	0.55617625	2.1182323
bubble_of_air	4.4573226	7.0184393	0.35546497	3.1236162
bubble_rise	4.6278477	7.144523	0.19468391	3.296796
bubble_tea	2.5691643	8.352116	-0.5119571	2.0253885
bubbly_water	1.5810335	8.516135	-0.4394063	1.9835719
bucket	4.241462	8.168608	-0.17379598	2.2600975
build_up	4.412034	6.2437205	0.2544453	3.0251079
build_up_gas	4.353709	6.928402	-0.1256533	2.3195484
build_up_of_air	4.3837643	6.881918	-0.2226726	2.38526
build_up_of_gas	4.12793	6.9576826	-0.09391567	1.9873908
building_up	4.4378242	6.324488	0.23032884	3.075214
buildup	4.4028015	6.2558455	-0.18342851	2.7413006
buildup_of_air	4.612764	7.283402	0.3796254	2.7140496
bulge	5.0514073	6.7324505	-0.66406786	2.906123
bullfrog	5.156582	8.377159	-0.14171153	1.8427024
bullshit	6.294271	9.147005	-0.38051903	0.6550096
bullying	5.4610195	8.430748	-0.18919906	0.7900991
bupa	8.348727	10.421617	-2.1656787	1.4450011
burn	3.834854	7.016741	0.22355896	2.8026698
burn_my_mouth	2.574571	8.229005	-0.61154765	2.4430835
burn_sensation	4.000608	6.90719	0.077393584	2.524393
burp	5.0632787	8.544618	1.7569364	2.9533412
burp_a_lot	4.9475684	8.79208	1.7948267	2.8831348
burp_a_ton	5.088377	9.6697	1.0358686	2.6061723
burp_ability	5.762201	10.074532	0.8478913	2.4831011
burp_as_a_child	5.1271124	7.6437516	0.6194073	0.044471953
burp_as_a_infant	5.1380897	7.6062527	0.58645713	-0.008779971
burp_like_crazy	5.0787363	9.865103	0.9738183	2.6620696
burp_machine	5.859017	9.9895935	0.5866889	2.1589022
burp_on_command	5.121324	8.313127	1.655842	3.0238001
burp_out_of_nowhere	4.9819374	8.275391	0.8360188	0.9645199
burp_proper	5.2038255	8.420125	1.6069362	3.013514
burp_reflex	5.5610375	6.013287	-0.20965488	3.335244
burp_uncontrollable	4.974456	9.059537	1.3788466	2.6054637
burpee	4.4214907	7.4648933	-0.20933567	3.7945516
burper	5.722459	8.343951	0.7477065	0.6260823
burper_who	6.68785	9.057291	-0.26664138	0.4413507
burpiversary	5.9499216	9.99728	0.37726977	1.802301
burst	4.3931212	6.6083293	0.07399584	3.3186147
burst_into	4.5270195	8.264292	0.40310237	1.6544592
burst_of_air	4.792421	8.215018	1.2770243	2.4385471
bury	4.9561667	8.046446	0.84646404	1.5029272
bus	4.001412	8.108151	-0.091165684	2.4720132
but_alas	6.128948	8.95164	-0.19594178	0.71423
but_fruitless	6.41015	8.442757	-0.7523995	0.3336265
but_my_dad	5.883397	8.1220045	-0.12466148	0.40467623
but_nothing_unmanageable	4.9492555	9.101093	-0.4692752	2.2367172
but_rather	5.859074	6.3888254	-1.1485546	1.603607
but_they_are	5.012092	8.671896	1.1730995	2.3765323
butt	4.5004425	6.9001083	-0.09847306	3.7657757
butter	1.8045223	8.103492	-0.85786	2.7038987
button	4.7109323	6.9717126	-0.16619359	3.9468553
bvi	8.088215	10.686507	-1.4887078	1.5159926
bvi_use_75	7.277321	10.456784	-0.8732023	2.3465176
by_accident	4.8235974	8.44751	1.7018056	2.6091607
by_bastian	7.079935	10.557729	-0.7882554	1.781132
by_comparison	5.414826	7.802497	-0.7570714	0.65477055
by_contract	5.079927	6.578072	0.51947	3.8777134
by_doctor_verma	6.9314184	9.983265	-1.1698604	1.220069
by_flex	5.199099	7.048908	0.644598	3.6747518
by_insurance	8.256662	10.55515	-2.163967	1.687733
by_lucy	7.2383585	10.672542	-0.9740193	1.6139015
by_my_gp	7.468127	9.190405	-1.7123942	0.6319521
by_stick_my_finger	4.453084	7.1629615	1.6605732	2.2949014
by_surprise	3.0177724	7.7684665	-1.3006731	3.599341
by_the_nhs	7.1162186	8.778046	-1.4240446	0.7246499
by_themselves	5.0218687	8.394994	1.321852	2.850713
by_tilt	4.84528	7.1643214	0.59727114	4.2440476
by_turn	5.0596695	7.043432	0.67016417	4.2617884
by_turn_my_head	4.9680896	7.0863385	0.9597948	4.215837
bye_bye	3.3334801	8.30234	-0.78463006	1.9622593
byproduct	5.625151	6.8810287	-0.9923573	1.5824999
c_red	6.1662664	8.796612	-0.44211566	0.49129248
c_section	5.4956822	8.037477	-0.7198823	0.9803098
cabbage	2.0320315	7.9184747	-1.3218379	2.2419426
cable	5.8243494	8.191592	-1.4872924	3.778788
cafeteria	3.486021	8.332929	-0.52639323	2.017289
caffeinate	1.8933271	8.340281	-0.8030746	2.1104245
caffeine	1.6686133	7.830881	-1.058507	2.2654507
caffeine_alcohol	2.2156434	7.9162498	-1.3339713	2.2086725
cage	4.9124074	6.8882504	-0.70603603	2.5651608
calcium	2.479823	7.74438	-1.4464014	2.364661
calcium_carbonate	2.3025014	7.637592	-1.7606826	2.5930877
calculation	5.4569387	8.517937	-1.2194045	1.8081601
calendar	7.384263	10.530708	-1.6330956	1.9110594
calf	5.0833726	7.4797854	-0.8800978	2.7116957
calgary	7.8653665	9.552688	-1.6792091	0.5196117
california	8.266836	10.223361	-1.9151287	0.9388073
call_a_ambulance	4.7209835	7.974415	0.5834393	1.4254153
call_a_few	7.6713824	10.029832	-1.6519296	0.93143535
call_back	7.916014	10.620945	-1.5454284	1.1289378
call_botox_for_dysphagia	6.6966486	8.341812	-1.5760821	0.9289515
call_r_cpd	7.0174785	8.338179	-0.9465267	0.10915859
call_retrograde	7.0447326	8.134739	-1.3144052	0.40602395
call_their_office	7.510834	10.332093	-1.5266372	1.1739963
call_to_schedule	7.8127565	10.600678	-1.5534616	1.1741259
call_your_insurance	8.237503	10.359037	-2.1322083	1.5058457
calm_down_a_bit	5.374922	9.289839	0.7511277	1.932866
cam	7.7126493	8.639186	-2.344741	1.0754972
camera	5.902991	8.267699	-1.5958459	3.8774047
camera_down	5.967551	8.312908	-1.6485829	3.8415475
camera_down_my_throat	5.9052224	8.322856	-1.584457	3.7333806
camera_through	5.925101	8.288746	-1.6109982	3.8295965
camera_up	5.9087257	8.26839	-1.5881054	3.8640134
camera_up_my_nose	6.0226383	8.323942	-1.6812894	3.780311
can_attest	5.6704617	8.8150425	-0.2772771	0.7114205
can_cause	5.402893	6.1626143	-0.82991135	0.9712631
can_contribute	5.9306	6.5784254	-1.2447057	0.6668673
can_hear	4.625554	8.060249	1.6805253	1.6583906
can_identify	6.9992023	8.885112	-1.2975854	0.8034756
can_lead	5.1208076	6.0793004	-0.7982464	1.469901
can_not_believe	6.260001	9.418617	0.83650064	0.27014458
can_not_burp_on_command	5.0362053	8.711107	1.4052279	2.5796459
can_not_chug	2.3328028	8.280533	-0.5520501	2.393913
can_not_control	4.7054453	8.161473	1.5760938	2.5971591
can_not_escape	4.376569	6.6958423	0.26483613	2.7231116
can_not_imagine	6.0520377	9.302822	0.8318973	0.436351
can_not_stand	4.849481	8.09999	1.0896034	1.3742967
can_not_wait	6.713161	10.104654	0.6732236	0.4980737
can_recall	4.9253225	7.9141703	0.56879133	0.36469194
can_relate	6.4591856	9.326684	0.59796107	0.06240903
can_remember	5.274594	7.5554357	0.38479885	-0.31695488
can_taste	4.4543242	8.048537	1.1506599	2.514707
canada	8.427832	10.21962	-2.0415313	1.007968
canadian	8.401884	10.214563	-2.0250418	0.9983596
cancel	8.14922	10.71248	-1.7339269	1.2589577
cancel_plan	3.5761743	7.4771	0.4025229	1.5236299
cancer	6.0734534	6.4388027	-1.3509862	0.35544974
candida	5.740261	6.7856817	-1.5507183	0.8123167
candida_overgrowth	5.478103	6.9944563	-1.2642343	1.1698793
candy	1.7716472	8.088458	-1.007268	2.4249845
cannot_afford	8.221702	10.538141	-2.1473823	1.7122602
cannot_believe	6.192527	8.98055	0.13069381	0.09195346
cannot_breathe	4.0914083	7.4498763	0.24214941	2.609875
cannot_burp	5.8735733	6.8771873	-0.47091585	-0.16825055
cannot_control	4.56073	8.30626	0.30462536	1.5742711
cannot_swallow	4.860705	8.303664	-0.5176895	2.6362956
cannot_vomit	4.8956213	7.538025	0.77155584	0.64223367
cannot_wait	6.5934443	10.108099	0.5020578	0.6918894
cannula	5.569454	8.641169	-1.6070008	3.4191785
cantaloupe	2.5808902	8.163064	-1.0071616	2.2598546
capable_of_burp	5.2125874	8.538143	1.2656381	2.2185228
capillary	4.511731	6.546355	-0.1705115	3.3950434
capsule	2.030225	8.018055	-1.1260576	2.9587743
car_ride_home	4.25184	8.871556	-0.21169794	2.276739
car_sick	4.602535	7.69402	0.55920225	1.0704652
car_sickness	5.13863	7.8236356	0.31107804	0.53770363
carafe	2.663265	7.816247	-2.1240256	3.2303612
carbohydrate	1.7142357	7.789488	-1.223899	2.3149571
carbohydrate_and_sugar	2.6383383	7.994821	-1.0759876	2.0699334
carbohydrate_heavy	2.8173199	8.095313	-0.98581237	2.1401
carbon_dioxide	4.332655	6.374068	-0.7560185	2.5781372
carbonate	1.5542607	8.311267	-0.48710722	2.0910528
carbonate_alcoholic	1.8232002	8.387543	-0.54856545	2.0530612
carbonate_beverage	1.5124173	8.371726	-0.28250456	2.0748234
carbonate_drink	1.5389463	8.339954	-0.28577104	2.083084
carbonate_drink_alcohol	1.9627765	8.040508	-1.0857596	2.1794255
carbonate_drink_and_alcohol	4.58204	8.02227	-0.39590558	1.0696863
carbonate_seltzer	3.5472872	8.337699	-0.41750604	2.0053887
carbonate_soda	1.7954144	8.440004	-0.66735494	2.049482
carbonate_water	1.5048592	8.439959	-0.30166975	2.034306
carbonation	1.5126536	8.384912	-0.24526197	2.045838
card	8.262569	10.38441	-2.1057336	1.408415
cardiac	5.6947947	6.855785	-1.3178136	1.1712924
cardiologist	7.5389323	9.096783	-1.7808737	0.59855133
care_about	7.2531424	8.25361	-1.0468819	0.16628738
care_doc	8.202644	9.417935	-1.9176276	0.41180497
care_doctor	8.191963	9.261708	-2.06374	0.43648285
care_physician	8.129238	9.32807	-1.9535563	0.43458214
carroll	7.25185	10.508309	-1.2832202	1.3688785
carrot	1.8644193	8.08672	-0.96509904	2.5863152
carry_away	6.2891703	9.228582	-0.58265835	0.7114125
carry_out	7.6441545	10.4326	-1.7340786	2.2498436
carsick	4.7840853	7.5919013	0.81586117	0.53695464
cartilage	4.8261704	6.499798	-0.061423056	3.792859
cartoon	4.88725	8.163029	1.114432	1.9120457
cascade_stomach	6.1398087	7.4756403	-1.415674	0.9781922
case_anyone	6.646242	9.469314	-0.5809219	0.82156914
case_of_r_cpd	6.0280223	7.894291	-0.86172175	0.82196385
case_study	7.5704064	9.196745	-1.0033945	0.030076731
case_where	6.586203	8.696986	-0.55638963	0.6318108
casein	2.115358	7.835835	-1.4560088	2.215899
cash_pay_rate_on_their	7.3628325	9.833392	-1.6505662	1.1618012
catalyst	5.321658	8.365782	-0.31036764	0.59430295
catch	4.5625086	8.024103	1.7528812	2.481908
catch_in_my_throat	3.8306766	7.4856467	0.24976695	2.760613
catch_my	4.186989	7.0738244	0.4066046	3.55155
catheter	5.7481184	8.254297	-1.4731123	3.6863456
cattle	4.980205	8.365323	-0.51290286	2.0142407
cauliflower	2.2905128	7.948087	-1.3668317	2.2071612
causality	6.067672	7.206856	-0.78827786	0.7890283
causation	6.1860714	6.8717937	-0.9668841	0.46261653
cause	5.6097355	6.226465	-0.84176886	0.69772726
cause_a_lot	4.4849296	6.7548275	-0.32933286	0.8610476
cause_barrett	6.158957	6.832671	-1.3713621	0.789148
cause_by	5.683972	6.2516284	-0.8673333	0.61011386
cause_by_r_cpd	5.871861	6.5365477	-1.1284772	0.40880203
cause_constipation	4.879494	6.1348667	-0.7605105	2.404949
cause_damage	5.330004	6.3438025	-0.88071275	2.2440672
cause_excess	3.9658225	6.3658576	-0.7763511	2.2650301
cause_inflammation	5.513385	6.9101205	-1.2362057	1.5372483
cause_r_cpd	6.088118	6.917606	-0.9810178	0.62635124
caustic	2.00577	8.04217	-0.81200767	3.0044453
cautious	4.9723673	8.9989605	0.0073573976	1.9209911
cbd	4.364068	8.086772	-1.2750363	2.1608188
cbd_oil	2.703851	7.820157	-2.0025182	3.3344724
cbg	4.93909	8.269821	-0.8322473	1.7063861
cc	7.378498	10.475518	-1.1379112	2.499645
cc_of_botox	7.2866964	10.461255	-0.9278424	2.3486962
cd	5.4574785	7.128432	-1.088556	1.6807057
ce_que	5.4200506	8.516969	-1.4623808	2.0258982
celebrity	5.8466215	8.669248	-0.5203646	1.0929706
celery	2.0280025	7.9247847	-1.2811093	2.2978237
celiac	5.9020348	6.6236005	-1.6099607	0.48603162
celiac_disease	5.8580303	6.666429	-1.5754538	0.4776978
cell	6.052384	6.766533	-1.4658388	1.3884286
celsius	1.7158127	8.476387	-0.608392	2.0213058
censor	5.10362	7.4351087	0.7529191	0.5339238
cereal	1.7405899	8.059737	-0.99718386	2.5019453
certain_food	1.737923	7.896749	-0.8692641	2.25892
certain_point	4.571981	7.4075994	0.29322717	2.8334765
certain_position	4.9692287	6.9640236	0.5447853	4.1867785
certain_thing	1.9049333	7.901232	-0.97233105	2.1751385
certain_way	4.815715	6.875539	0.8058011	4.091114
certainly_seem	6.0183144	7.625432	-0.79003656	1.0931611
cervical	5.680518	6.9271913	-1.1855396	2.3135288
cervical_spine	5.502086	8.360662	-1.2698017	1.9386508
chalk_up	4.8739653	8.018387	-0.35020217	1.1794014
challenge_physio	5.6200504	7.241157	-0.029179227	3.7086897
chamomile	2.5102181	7.7539964	-1.5169593	2.5638423
champion	5.243283	8.614413	0.0953129	0.8477449
chance	7.0307436	10.45648	-0.4498784	2.5049546
chance_of_develop_a_hiatal	5.958538	6.5381417	-1.3092653	0.74028516
change_in_diet	5.0582604	7.3062534	-1.1194562	1.1594892
change_into	5.6424265	8.845205	-1.7200047	3.437235
change_my_life	6.27802	10.363736	0.44869778	1.2839663
change_my_quality	6.132714	10.259072	0.51770383	1.1445664
change_position	4.1778984	7.7707963	0.10270457	2.5837317
chapter	6.2407446	9.657744	0.36431158	0.64154094
characteristic	5.6621265	6.9120283	-1.0153824	0.78270024
charcoal	2.5873952	7.7537804	-1.8558726	2.7346249
charge	8.306687	10.835921	-2.2178867	1.9769233
charite_berlin	6.9714704	10.035441	-1.073819	1.1994185
chase_each	2.199185	8.211831	-0.6566819	2.9481392
chase_with_water	1.9952059	8.102444	-0.43366483	3.167441
chat	8.285119	9.876041	-1.7882768	0.63021165
cheap	8.280995	10.845358	-2.1798487	2.02378
cheap_option	8.208273	10.408593	-2.1309032	1.5815208
cheap_than	8.23012	10.7702465	-2.1486695	2.0410957
check_my_vocal	7.7363124	8.438493	-2.5254614	1.3439162
check_out_the_wiki	7.3789635	9.154473	-1.0483286	0.21874563
check_the_wiki	7.5471106	9.27412	-1.1671666	0.2266667
check_up	7.802975	10.632327	-1.5131322	1.160431
checkup	7.454563	10.506327	-1.3816327	1.2520858
cheer_cheer_dance	6.2003894	6.9124556	-1.2320049	0.59870225
cheer_cheer_dance_syndrome	6.2330074	7.3433127	-1.2255071	0.6374573
cheese	1.5997075	8.065159	-0.8322849	2.8178403
cherry	2.2016385	8.232536	-0.8687126	2.341887
cherryhill	7.2121263	9.978143	-1.5996846	1.3021755
chest	4.324817	6.410192	-0.049838748	3.0744133
chest_and_stomach	4.6499677	7.0440536	-0.63408357	1.5998576
chest_and_throat	4.3488855	6.740468	-0.102415815	2.426059
chest_cavity	4.656362	6.130184	-0.29458708	3.075423
chest_discomfort	4.062931	6.9936323	-0.08148044	1.3410175
chest_gurgle	4.3356857	7.8084083	1.1193585	1.9964833
chest_pain	3.8281405	6.493815	0.2521494	1.1415211
chest_pressure	3.8238707	6.5374384	0.2344297	1.183846
chest_throat	4.274701	6.836336	-0.17810373	1.9868797
chest_tightness	3.9960384	6.7987537	-0.014976133	1.4762871
chest_x_ray	7.7589912	8.25547	-2.573233	1.110861
chest_xray	7.634626	8.362591	-2.4526494	1.1133235
chew	1.8230597	8.059355	-0.45482823	3.1973894
chew_chew	2.2630968	8.167761	-0.67339534	2.9009836
chew_food	2.3490574	8.059248	-0.45672834	3.0371714
chew_gum	1.7769427	7.951252	-0.837522	2.3024852
chew_them	2.3000095	8.132693	-0.5528241	3.0175605
chew_very_thorough	2.1282141	8.14664	-0.45141655	3.1107814
chew_well	1.9469957	8.078499	-0.44824117	3.1906185
chewable	2.485269	7.7318606	-1.9604408	2.903382
chewy	2.0186827	8.063586	-1.0456557	2.4896512
chiari	5.379466	7.583156	-0.9530409	2.1517
chicken	1.5891752	8.052968	-0.81440127	2.8221467
chicken_tender	2.9100509	8.348009	-0.7470588	2.3068542
chief	7.1276975	9.43475	-1.4855509	0.8935851
child	5.266462	7.4933815	0.38083526	-0.24879979
child_hospital	7.244647	9.66682	-1.5948741	0.99474216
child_liquid	2.7666206	7.9581585	-1.8104862	3.2348714
child_liquid_ibuprofen	2.4711928	7.995284	-1.5625743	3.3488908
child_pose	4.583992	7.27367	-0.14014651	4.0058594
childhood	5.258547	7.4418583	0.40481305	-0.26416528
childhood_trauma	5.7752676	7.01661	-0.7529734	0.54060304
chime	6.772333	9.337182	-0.19586095	0.41364473
chin	4.7244205	6.7113123	0.34792346	4.2327576
chin_down	4.996349	7.155391	0.33734995	4.1299143
chin_forward	4.829503	7.2830606	0.2590203	4.1099787
chin_tuck	5.291266	7.095024	0.2500046	4.1048055
chip_my_tooth	5.969243	9.330688	-0.92049843	1.7174206
chipotle	2.880063	8.358776	-0.6472616	2.278925
chiropractic	6.833491	8.576162	-1.305645	0.8001962
chocolate	1.6137657	7.9534135	-0.9876444	2.4474561
chocolate_factory	4.6116123	8.457208	-0.637053	1.8705877
choke	3.2952952	7.527906	0.36587605	3.047268
choke_on_food	3.475147	7.6151786	0.29228804	2.924462
choke_on_liquid	4.154775	8.1873455	0.57523245	1.9597859
choke_on_my_own	3.5151868	7.524631	0.2909695	2.8827724
choke_on_saliva	4.0645976	8.070839	0.2528413	2.4029238
choke_sensation	4.183275	7.4015145	-0.10458371	2.0295584
chore	2.489543	8.24127	-0.74409014	2.2443824
christchurch	6.644786	9.549884	-1.1159546	1.2374563
chronic	4.7319813	6.197891	-0.49854678	1.2188486
chronic_acid_reflux	4.727129	7.072771	-0.49139	0.58575654
chronic_bloat	4.7098904	6.9674664	-0.5396179	1.0480002
chronic_constipation	5.529786	6.8068385	-1.1507754	0.5939114
chronic_cough	5.1356487	7.2519937	-1.0509372	1.2801796
chronic_fatigue	5.0545855	6.9214597	-0.5791208	0.54512465
chronic_gastritis	5.713685	6.8233614	-1.4095427	0.5371646
chronic_hiccup	4.81685	7.516393	-0.35764363	1.0146238
chronic_ill	5.5179253	7.507982	-0.33856577	0.26659158
chronic_illness	5.164379	7.632556	-0.5689106	0.6392905
chronic_inability	5.7763085	7.0883718	-1.1172671	1.1910783
chronic_nausea	4.2171707	6.4898553	-0.047200665	0.82350016
chronic_pain	4.7246356	7.0078473	-0.41955325	0.76064247
chronic_sinusitis	5.5107427	7.636757	-1.0466613	0.8815532
chronic_stomach	5.785383	7.6415734	-1.1874795	0.9429844
chug	1.5339696	8.356922	-0.3152547	2.1514988
chug_a	1.5347599	8.413252	-0.38227832	2.0614076
chug_anything	2.66571	8.174849	-0.2889267	2.3744154
chug_liquid	2.6448343	8.127904	-0.46732834	2.776523
chug_sprite	4.724832	8.447048	-0.2565941	1.6457438
chug_water	2.162871	8.148863	-0.22877595	2.592998
chunder	4.6015773	7.8398895	0.21589537	2.450853
chunky	2.6257298	8.162905	-0.6110077	2.8425148
churn	4.3502703	7.1416054	0.2662133	2.415407
chyme	4.5681005	6.36192	-0.74608713	2.598752
cider	1.5818261	8.403834	-0.44127464	2.0398831
cigarette	3.189809	8.165262	-0.8418857	2.030761
cigna	8.274501	10.598628	-2.2066357	1.7341149
cincinnati	7.538988	9.995314	-1.6087348	0.9635184
cinema	4.450631	8.333441	0.45800552	1.2856553
cinnamon	2.1391819	8.029077	-1.1778021	2.2623656
circular	5.116814	7.2598653	-0.7978735	2.5284948
circular_motion	4.8011255	7.1462107	0.17879345	4.092985
circulate	5.2361674	6.638059	-0.78104913	2.6819825
circulation	5.109966	6.980164	-0.59947425	3.0982828
circus	6.9975214	9.295715	-1.3845602	0.8713807
citrus	2.064638	7.9957	-1.1946212	2.2107923
claim_that	7.1419845	7.8619175	-1.3564003	0.26599413
classic_case	6.1471605	8.742244	-0.5305865	0.6279056
classic_gurgle	4.7176733	8.0599375	1.0289413	1.9496269
classic_symptom	5.5466685	7.471893	-0.76358455	0.5209753
classmate	5.08661	7.9902005	0.50959295	0.32214424
claustrophobic	4.6698847	7.6449294	0.16270283	1.9423527
clavicle	4.757605	6.762747	-0.4452281	3.4130075
clean	3.8765082	7.047587	0.060270272	4.101652
clean_my_tongue	4.4983478	7.256493	1.51001	2.326884
clear_my_throat	3.575199	7.451549	0.49732083	2.953312
clearance	5.921875	8.450097	-1.5239805	1.6838678
clench	4.9600058	6.245503	0.17336734	3.6662047
clench_my	4.755904	6.6216097	-0.045166355	3.3542728
clench_my_ab	4.628109	6.43824	0.023827273	3.3654757
clench_my_jaw	4.7573323	7.8606944	-0.040612828	1.9695152
clench_my_stomach	5.0379214	6.868167	0.7819348	3.9508293
clench_up	4.9101725	7.69448	-0.2879866	2.968889
cleveland	7.487975	9.7026825	-1.5979688	0.7998963
cleveland_clinic	7.6528416	9.482432	-1.7100785	0.671201
clinic	8.316786	10.039222	-1.8998768	0.8088811
clinical	7.5891056	8.671919	-1.5549725	0.348695
clinical_trial	7.117093	8.573476	-1.3133084	0.53469145
clock	5.2114487	8.884867	-0.80379665	1.742837
clonazepam	2.674502	7.818892	-2.1214805	3.2535253
close_mouth	4.854601	7.8371363	1.1034582	2.985269
close_my_mouth	4.916326	7.722711	1.0635803	2.7008822
close_proper	5.4733834	5.931377	-0.5647887	3.0658042
close_specialist	7.858357	9.496263	-1.5474136	0.41583294
close_your_mouth	4.9303646	7.1111093	0.26910606	4.0631237
cloud	4.790199	8.158076	0.05136716	2.0920625
club_soda	1.593487	8.487245	-0.447401	1.9940817
clue_how	5.717094	8.511306	-0.46724007	1.2369465
clueless	7.338339	8.721563	-1.3690096	0.36855194
co	7.429505	9.253815	-1.5789342	0.65611005
co2	4.3388042	6.2700863	-0.5835944	2.7546833
co_insurance	7.3463044	10.517089	-1.7785461	1.9845461
co_pay	8.1503525	10.877745	-2.1408956	2.0883038
coat	3.4701445	7.2527843	-0.25220326	3.3760495
coax	4.9323263	7.2599983	0.51871717	4.089184
cobra	4.6997504	6.996714	-0.15295199	3.938693
cobra_pose	5.0487056	7.306826	-0.1383612	3.8824406
cocktail	1.6580034	8.400548	-0.6771155	2.1018271
coconut_oil	2.4239402	8.230317	-1.076236	2.5420022
code	8.346231	10.422055	-2.155905	1.4604907
codeine	2.6411686	7.941278	-1.8785422	3.277486
coffee	1.6282866	8.054257	-0.69841087	2.2437065
coffee_etc	2.2744827	7.9339743	-1.3292304	2.1856892
coffee_tea	2.0131605	8.178287	-0.9854662	2.2484376
cognitive	5.3142014	8.38552	-0.91010773	1.6244687
cognitive_behavior_therapy	6.6779847	8.884648	-0.9287652	1.208189
coincide	5.1148906	7.2290297	-0.32014722	0.26766542
coinsurance	7.6592436	10.695181	-1.9168426	2.1432712
coke	1.5329667	8.396989	-0.38681966	2.0666502
cola	1.9263841	8.465879	-0.5997533	2.0850418
cold	3.6394725	7.145803	0.23475757	1.901126
cold_brew	2.331524	8.000212	-1.2093477	2.1641903
cold_water	2.2404208	8.239412	-1.002462	2.4520383
cold_weather	4.2600455	6.9545903	-0.26697016	2.2538292
coldness	3.3074956	7.8410087	-0.058973443	2.982523
colic	5.2148128	7.533286	0.38390258	-0.18852715
colic_as_a_baby	5.2223372	7.9695716	0.053833187	0.34309402
colic_baby	5.093397	7.8203983	0.38840362	0.9458489
colitis	5.9540105	7.36327	-1.4222757	0.6150504
collaborate	6.727715	9.195774	-0.5606371	0.74152315
collapse	5.060545	6.3515444	-0.7250032	2.7305984
collapse_in_excruciating_pain	4.4218745	7.5177307	0.8948466	1.8293
collar_bone	4.6101933	6.603284	-0.24583583	3.398071
collection	6.961152	9.077597	-0.8244737	0.4491526
colon	4.595398	6.004415	-0.60406893	2.5886025
colon_cleanse	5.203809	8.257285	-0.82576144	1.5599505
colon_stretch	4.757051	7.0738316	-0.67408013	1.6398265
colonic	5.772638	7.0640903	-1.5164412	1.4901717
colonoscopy	7.938207	8.387429	-2.614537	1.0641954
colonoscopy_endoscopy	7.4917994	8.591014	-2.2290845	1.056152
columbia	7.3035283	10.383152	-1.3139038	1.2834741
combat	2.7573054	7.6446905	-1.7500167	2.5593796
combien_unite_avoir_vous	5.3925967	8.581067	-1.976192	2.1928775
combination	4.954946	6.446157	-0.9897907	2.0001016
come_across	7.1890516	9.209983	-0.09991849	-0.3816874
come_across_this_sub	6.3120885	9.002487	0.034766432	-0.09460403
come_back_normal	7.9742317	8.408896	-2.6134057	1.047332
come_back_up	3.3004012	7.473752	0.37530467	3.1245358
come_here	7.1662354	9.350149	-0.36827523	-0.04671677
come_home	3.0333745	8.154618	0.21409388	2.1401548
come_natural	5.350644	8.009372	1.3073051	3.3184044
come_on_suddenly	5.226741	7.739863	-0.53418785	0.4008326
come_on_their_own	4.993743	8.708189	1.4161388	2.5716598
come_out_involuntary	4.961732	7.883237	1.069339	3.0296464
come_out_my_nose	4.2717967	7.3316164	1.4258903	1.9886601
come_out_of_my_mouth	4.6590257	7.9768214	1.1579274	2.522462
come_out_of_nowhere	4.661907	8.333781	0.96674645	1.9485563
come_to_term	5.341587	7.4316497	-0.18187743	0.16762863
come_true	6.0033226	9.3133335	0.18985067	0.6138259
come_up_into	3.6383467	7.2820024	0.3176191	3.0356498
come_up_my_throat	4.1931677	6.7382746	0.5689146	2.8827758
comfort_know	6.2131195	9.373921	0.40841675	0.51593024
comfort_of_my_own	3.8881407	8.256083	0.049344335	2.0116389
comfort_to_know	6.2419386	9.4726	0.5126337	0.591068
comfortability	5.4810634	8.037505	-0.81161916	1.4903352
comic	5.845582	8.894578	-0.32537544	1.01423
command	5.0651016	8.179972	1.6294739	2.9984906
commend	6.8132305	9.209452	-1.0419209	1.197172
comment_here	6.899208	9.228423	-0.4344509	0.27998766
comment_section	6.9256835	9.202052	-0.6313422	0.29461697
commiserate	6.716562	9.23142	-0.26570952	0.37634748
common	5.962635	6.7603707	-0.7109283	0.179877
common_misdiagnose	6.10536	6.903244	-1.5228055	0.57522374
common_misdiagnosis	6.20574	7.185413	-1.2870568	0.41723615
common_symptom	5.857087	6.691127	-0.845213	0.16859183
common_theme	5.290107	7.723996	-0.17372632	0.10262427
common_trigger	5.480554	7.656943	-0.8474332	0.86058635
community_of_people_who	6.201232	9.224809	0.18104963	0.5384443
comorbidity	5.99098	7.203789	-0.8911782	0.5550644
companion	7.5261893	10.648153	-1.85936	2.0850754
company	8.34946	10.398391	-2.1771283	1.4308904
compare_to_before	4.8476324	8.895225	0.5020783	2.0206103
competent	7.59877	9.763885	-1.6804694	0.85203046
complain	5.151153	7.629817	0.56455684	0.20885819
complain_about	5.2828693	7.5458083	0.36706886	-0.12615861
complete_agree	6.005678	8.711561	-0.41305667	0.64162004
complete_change	6.14645	10.285532	0.50153416	1.1907874
complete_change_my_life	6.36306	10.366326	0.15746506	1.4451096
complete_destroy	5.1153793	8.247727	-0.06580371	0.36451122
complete_disappear	4.9502883	8.242035	-0.25519577	0.89151114
complete_empty	4.394876	7.049512	-0.2622052	2.804039
complete_fine	4.115726	9.4035225	0.18752013	2.8558412
complete_flat	4.037975	7.4451103	-0.28175306	3.7879572
complete_go	4.155339	7.1148067	-0.10342716	0.79758257
complete_go_away	4.219663	7.222815	-0.13161066	0.8400465
complete_life_change	6.317446	10.294549	0.26050577	1.3885554
complete_lose	5.1663156	9.588162	0.16707733	2.1789942
complete_new	6.0217366	9.100934	0.2044491	0.8341606
complete_painless	6.241294	10.010628	-0.75077087	2.0248399
complete_random	4.9483805	8.782025	1.5132535	2.5162663
complete_relax	5.09444	6.818489	0.4646707	3.8823242
complete_relief	4.8807287	8.705642	0.6922058	1.7415587
complete_understand	5.8692126	8.809442	0.28873327	0.51547176
complete_unexpected	4.774804	8.200501	0.9604669	2.086968
complete_unrelated	5.8817887	7.264774	-0.75766575	0.49039057
complete_wear_off	5.885913	10.211862	0.8203522	2.5841608
complication	6.771545	9.865365	-0.7813857	2.2432082
component	5.951502	6.833366	-1.0073005	1.0652443
compose	6.921097	8.666545	-1.2526523	0.70909005
comprehend	5.5728636	8.11471	0.5666152	0.9559288
comprehensive	7.673057	9.233821	-1.3316278	0.22965625
compress	4.7502894	6.041446	-0.18513687	3.155
compressible	4.4301424	6.2463017	-0.6582932	2.5905008
compression	5.0110683	6.556569	-0.7143167	2.8161538
compromise	5.3784957	6.2301345	-0.8055538	2.5358188
compulsive	5.4965034	7.2719226	-0.46704906	0.7177228
concave	3.77223	7.694562	-0.21349011	1.9501283
concern_about	6.9600697	10.026082	-1.0524874	2.4517422
concert	2.672108	8.309148	-0.031731408	1.7926575
concise	6.3175416	8.818128	-0.5139273	0.9680387
condition	6.199837	6.5787845	-1.0439895	-0.061082885
condition_call	6.0712547	6.8377633	-1.4110993	0.6394145
conduct	7.49074	8.824833	-1.6127462	0.5379999
conduct_a	7.1717834	9.060203	-1.4689859	0.7383962
confirm	8.017471	8.46854	-2.5312953	0.9325012
confirm_diagnosis	7.3403378	9.947031	-1.6495715	1.3007249
confirm_rcpd	7.707921	8.661461	-2.3507748	1.0539032
confront	6.159591	8.597439	-0.11341853	0.88647383
confuse	5.494134	8.537953	1.1616151	0.89812464
confusion_about	5.2711244	8.419203	0.31111357	1.3878567
congenital	6.217965	7.436464	-1.3089006	0.93881226
congested	3.8377047	7.0637093	0.15359378	1.7895902
congestion	4.1277494	6.7863035	-0.15611082	1.3066121
congratulation	6.726378	10.067947	0.6771401	0.48189086
congratulation_and_good_of_luck	6.2908607	9.568506	-0.16329198	1.1237417
congratulation_on_your	6.5164957	10.013216	0.45541602	0.7590989
conjunction	5.8441467	7.226953	-1.3172718	1.225714
connect	5.8867683	6.4052157	-0.8361586	0.4897193
connect_the_dot	5.992792	8.733696	0.10573738	-0.14852439
connect_to_r_cpd	5.857017	8.288011	-0.56871164	1.2456582
connection_between	5.9821463	6.585676	-0.9812135	0.3725541
connective_tissue	5.77217	7.137119	-0.9427713	1.6845714
connective_tissue_disease	5.6139393	7.072978	-1.1802648	1.401186
connective_tissue_disorder	6.1199937	7.0558653	-1.1453159	0.74799013
conscious	5.317939	7.2170978	1.1663667	3.5087395
conscious_control	5.55644	7.814771	0.20093465	2.3122156
consensus	6.5490837	8.200251	-1.1903573	0.9332896
consequently	4.877691	7.369572	0.037689377	2.9918358
conservative	7.066709	10.323556	-0.89779836	2.1218903
consider_whether	6.1381655	9.1341505	-0.5588304	1.4337864
consistent	5.100981	8.781173	1.560364	2.839726
console	6.428305	8.787445	-0.8710275	1.1066574
constant	3.7061214	6.7289715	0.43137822	1.332561
constant_bloat	3.8263311	6.598803	0.23362333	1.1541826
constant_discomfort	4.41632	7.737815	0.088064745	0.84723437
constant_flow	4.6329436	7.7704964	0.8721305	2.5849633
constant_gurgle	3.8089483	6.6156526	0.22355151	1.2359769
constant_lump	4.0740404	8.852218	0.24826285	3.116838
constant_nausea	3.9996028	6.6511717	0.107559964	0.99025154
constant_pain	4.04657	6.811383	-0.02288331	1.2119169
constant_pressure	4.6068764	6.036291	-0.31830022	2.8498738
constant_swallow	3.8634937	7.2252035	0.239145	2.4886243
constipate	3.8691328	6.4158187	0.13334224	1.3237996
constipation	4.1727815	6.332611	-0.069566645	0.9543765
constipation_diarrhoea	4.4071336	7.1975923	-0.39419803	1.5459116
constipation_etc	5.3369007	6.9666	-1.0000843	0.8948021
constrict	4.754762	6.46017	-0.13845447	3.2678483
constriction	4.8170958	7.1619964	-0.22979878	3.0394776
construction	5.289031	8.518624	-1.1354403	1.9538841
consult_with_doctor	7.738722	10.588668	-1.5270019	1.2134368
consultant	8.32303	9.841755	-1.8488064	0.62700504
consultant_who	7.9846272	9.604997	-1.7187986	0.53755754
consultation	8.093589	10.80534	-1.9548231	1.7600373
consultation_appointment	7.750929	10.828258	-1.3645513	1.3025217
consultation_tomorrow	6.323876	9.181708	-1.1693312	1.1459808
consultation_with_doctor	7.6029463	10.779502	-1.2648839	1.2841566
consume	1.6536796	7.9458094	-0.80739224	2.2650025
consume_a_lot	2.0128262	8.242896	-0.72549754	2.274472
contact	8.335799	9.824806	-1.8638126	0.61730057
contact_detail	7.6152935	9.469652	-1.3437285	0.38114628
contact_lucy	6.010857	9.363487	-0.45819598	1.2748263
contact_med	5.395243	8.666162	-2.3274593	2.2908974
contagious	5.7643123	8.9162655	0.35863096	0.9632197
contain	2.1526499	7.691356	-1.4615915	2.3544726
content	4.5285287	6.0855536	-0.4471866	2.8869538
content_of_my_stomach	4.393478	7.6360583	0.7716955	2.1167374
contest	3.825535	8.354133	-0.6651437	2.0724368
continue_to_develop	5.636232	9.941167	0.719029	2.384252
continue_to_practice	5.6267643	9.223818	0.8398616	2.2745237
contort	4.9814625	6.756126	0.70739746	3.9526064
contort_my_body	4.9769077	7.2844796	0.49322292	3.7906458
contort_my_throat	4.915927	7.3253913	0.588479	4.015005
contortion	4.8448577	7.0328937	0.56390053	3.8990502
contract	5.3500175	5.922718	-0.14516208	3.4569101
contraction	5.3572774	6.0232854	-0.5388346	3.122406
contribute	5.750384	6.309602	-0.8349186	0.5899504
contribute_to_constipation	5.5196476	6.761917	-1.1738833	1.3685831
contribute_to_develop	5.6871443	6.9323425	-1.0036361	0.7792802
contribute_towards	5.956546	6.549443	-1.263034	0.66748476
contributor	5.9221244	7.0017533	-0.7807906	0.6409874
control	5.1852803	8.177508	1.5740454	3.1472363
control_my_life	4.8661323	8.063103	0.11763373	0.3805053
control_over	5.007161	8.406444	1.6211987	2.8733697
control_them	5.1282606	8.323935	1.642509	3.072757
controllable	5.030284	8.4060335	1.5893623	2.8764932
controversial_but	2.987897	8.365722	-0.87128425	2.1116762
conversation	5.081907	8.36929	1.5597688	1.1728739
convince_my_parent	7.3394036	9.530867	-1.2739968	0.7042182
cook	1.6329291	8.008895	-0.90185195	2.7350113
cool_thanks	6.207215	9.561867	0.258066	0.89958066
coordinate	5.613657	6.8572335	-0.47041273	3.1667488
coordination	5.8279934	6.911822	-0.84833384	2.1868734
copay	8.172156	10.872123	-2.164676	2.0776632
cope	5.273744	7.2904706	-0.27903438	0.067260236
coping_mechanism	5.5844107	7.504355	-0.40748328	2.0176086
cord	5.772703	8.076641	-1.4450883	3.5906322
core	5.019043	6.4101872	0.22079882	3.9296923
core_exercise	5.657604	7.356774	0.22014868	3.8818452
core_muscle	5.5000486	7.0409904	-0.16741982	3.5890114
core_strength	5.248126	8.23785	-0.92574126	2.103537
core_strengthen	5.8285346	7.5317616	0.12051542	3.6017456
correct_muscle	5.827386	8.194622	-1.3527284	3.7011766
correct_tongue	5.5614443	7.237894	0.19418646	3.982007
correlate	5.7806745	6.6736608	-0.72937053	0.27754265
correlation	6.173344	6.694444	-1.0186253	0.37406233
correlation_between	5.953207	6.605033	-0.8804713	0.30637476
correlation_between_r_cpd	6.018817	7.3544545	-0.91347086	0.56585926
correlation_there	5.984017	7.7757673	-0.5457343	0.6078224
cos	5.2420936	8.37996	-1.4990011	2.0512865
cost	8.2941885	10.843553	-2.2109675	1.9923556
cost_850	7.4627213	10.529827	-1.5393865	2.2804904
cost_around	7.610067	10.590421	-1.7221044	2.2370334
cost_estimate	7.8516703	10.604999	-1.9331263	1.8996273
cost_save_and_protection	5.9736414	8.277009	-1.219095	1.0542791
costly	6.8102446	9.566905	-0.9094335	1.8171815
cough	4.194973	7.3126836	1.3178806	2.7177613
cough_a_lot	4.158787	7.4598727	0.5057446	2.219641
cough_drop	2.7884681	8.026111	-1.3798896	2.9424706
cough_fit	4.089577	7.316718	1.2333376	2.112923
cough_gag	5.165808	8.020831	0.58361965	2.2648053
cough_hard	4.535768	7.164493	1.546411	2.4624364
cough_medicine	2.971815	7.828915	-1.729097	2.6004364
cough_or_clear	4.068072	8.949014	0.26507533	3.1503637
cough_or_sneeze	4.6010637	8.455439	1.3513645	2.3637114
cough_really_hard	4.492456	7.2090487	1.5234605	2.415443
cough_up	3.6283076	7.387487	0.32914305	2.826675
could_potential	6.4711814	7.7198005	-1.1851947	0.75287575
counseling	6.115268	8.127911	-0.81688607	0.85094583
counter_intuit	5.0200963	7.783755	-0.2207928	3.0330338
counteract	5.319178	7.028464	-0.46836504	2.8947828
counterintuitive	5.316131	8.0690365	-0.42767063	2.2443137
countless_doctor	6.6230974	8.267175	-1.1009179	0.31733745
countless_post	6.8966055	9.072415	-0.8202715	0.39775673
country	8.37812	10.194397	-2.0083966	0.9725572
cover_anything	8.368932	10.582882	-2.1819303	1.5921319
cover_by	8.324062	10.676968	-2.2204661	1.7867914
cover_by_insurance	8.327392	10.685357	-2.2251208	1.8127085
cover_by_your_insurance	7.381844	9.661233	-1.5564054	1.260336
cover_my_mouth	4.753149	7.6105337	1.2167516	2.4021688
cover_under	8.2678795	10.631164	-2.1887555	1.7878472
coverage	8.385579	10.522445	-2.1888614	1.52415
covid_test	7.492823	10.76962	-1.796946	2.099524
cow_milk	3.0052307	8.182865	-0.91754806	2.1236503
cp	5.648851	6.0038686	-0.6488782	3.033269
cp_muscle	5.6560216	5.7576303	-0.51822305	3.1907156
cpd	8.027889	9.011015	-1.6994869	0.25781614
cpd_symptom	5.4442267	7.6290617	-0.66786385	0.473021
crack	4.7187104	6.551227	0.2580138	4.009372
cramp	3.839519	6.460238	0.19794431	1.4794688
cranberry	1.8985065	8.411823	-0.78324944	2.1372745
cranberry_juice	1.9628488	8.298081	-0.9535328	2.1327941
crane	4.945245	7.1707044	0.27782893	4.152735
crank	4.832523	7.184723	0.20905858	4.1652045
crap_insurance	7.619156	10.611239	-1.8420277	2.1373978
craving	1.8665935	8.030738	-0.9609576	2.387426
crazy	5.2825456	8.518611	1.38061	0.96663237
crazy_flatulence	4.6111183	7.9675813	0.3755896	1.5763279
crazy_how	6.1234207	8.879386	0.11959177	0.66379374
crazy_lol	5.9470673	9.260092	0.47854623	0.9102669
crazy_loud	4.520343	7.969117	1.0254551	2.0726771
creamer	2.2701938	8.137895	-1.1567435	2.1333697
creamy	1.9837255	8.101197	-0.95610505	2.6348956
create_anxiety	5.804569	7.799701	-0.4840624	0.8019048
create_gas	3.6967707	6.493103	-1.0189606	2.3317
create_more	4.3385344	7.2257657	0.07615965	2.7312398
create_more_stomach	3.984594	6.385493	-0.84341776	2.2107584
create_pressure	4.8654294	7.322846	0.3544277	3.6249063
create_space	5.1957717	7.6981134	-0.3804407	2.5410726
creation	5.9492064	7.559561	-1.2243035	1.1898249
credence	5.9540896	7.695624	-1.0679377	1.3066406
credible	7.1531143	8.386528	-1.2688999	0.4120154
creep_back	5.394787	9.554636	0.7035102	2.0796802
cricoid	5.054071	6.77812	-0.080222525	3.8861213
cricoid_cartilage	5.1197295	6.911191	-0.091914594	3.8781426
cricoid_massage	5.857364	7.3524256	0.5042008	4.142368
cricoid_muscle	5.3913536	6.099297	-0.25515035	3.4960182
cricopharangeal	5.6002126	7.13006	-1.1095124	2.0052629
cricopharyngeal	5.7836018	5.991553	-0.7530427	2.8660002
cricopharyngeal_achalasia	6.014595	8.194847	-0.95751727	0.8272101
cricopharyngeal_bar	5.6812515	7.7464943	-1.4067897	1.5303067
cricopharyngeal_dysfunction	6.447857	6.9399023	-1.3650608	0.91340035
cricopharyngeal_muscle	5.6371922	5.762514	-0.50799656	3.1672432
cricopharyngeal_muscle_be	5.581895	6.0933065	-0.61048263	3.1229646
cricopharyngeal_myotomy	7.246174	10.356966	-0.95430636	2.4123764
cricopharyngeous	5.7858467	6.569975	-0.82537514	2.774401
cricopharyngeus	5.749071	5.873297	-0.6476981	3.0323617
cricopharyngeus_dysfunction	6.9908047	8.07188	-1.4380212	0.5241495
cricopharyngeus_muscle	5.687109	5.7735934	-0.5489524	3.1725736
cricothyroid_muscle	5.642514	7.0839615	-0.07781541	3.49888
cripple	3.987079	6.796786	0.14671145	1.0010664
cripple_pain	4.4551945	8.592069	-0.55372185	1.7380979
criterion	6.2146907	7.0442305	-1.3021563	0.37919053
croak	4.2554035	7.8926845	1.7173984	1.892146
croak_and_gurgle	4.4897904	8.097258	0.60395867	1.6097867
croak_frog	4.525479	7.9988656	1.3412138	1.8309945
croak_gurgle	4.3129377	7.8863583	1.46911	1.8806462
croak_noise	4.1560993	7.858873	1.6039939	1.799838
croak_sound	4.2415457	7.8086834	1.5228342	2.0015342
croaker	6.272243	8.700989	-0.26035857	0.59419316
crohn	5.8624964	6.768641	-1.3756514	0.40056401
crooked	5.45328	7.2142377	-0.9211879	2.3066943
crossover	5.9648566	8.191861	-0.290046	1.1359255
croydon	7.442017	10.544126	-1.7052788	1.8722831
cruciferous_vegetable	2.1121016	7.7642784	-1.4548776	2.2058053
crud	6.7488723	9.031344	-1.3907063	0.89217347
crunch	4.55876	6.9733653	0.11249026	4.016466
crunchy	2.4972787	8.240007	-0.88189983	2.5557253
crural_diaphragm	5.668905	6.6367917	-0.8928853	2.2961004
crush	2.5675266	8.040692	-0.5024683	2.8846617
crust	2.404453	8.233295	-0.904506	2.6392376
cry	4.9768248	8.318891	1.684828	1.1744193
crystal_clear	7.3207583	8.516742	-1.4461337	0.45560735
cs	6.264743	8.2845955	-1.426398	1.1979859
ct_scan	7.8542113	8.306899	-2.603573	1.0740387
cubicle	4.7727275	8.149244	1.0619143	1.7541273
cucumber	1.7724127	8.083529	-0.98755324	2.290108
cue	5.0703826	6.8003335	0.7307584	3.9343634
cuff	5.3343887	7.518985	-0.8875802	2.2950175
curable	6.2741904	7.7581744	-0.8453902	0.45650238
cure_myself	5.8740964	7.90534	0.8879685	3.4150934
cure_no_burper	6.1582303	9.05071	0.0843986	0.7031587
cure_r_cpd	6.556894	8.260636	-1.3060856	0.9507367
cure_rate	7.172991	10.14459	-0.9164533	2.2402751
cure_themselves	6.058037	7.9258466	0.6489565	3.2681036
cure_yourself	6.6565547	9.31746	0.06855369	0.82869303
curious_about	6.9067755	9.459168	0.055091143	0.20648248
curious_if_anyone	6.5275393	8.422305	-0.93942994	0.42742068
curious_if_anyone_else	6.2626705	8.521987	-0.506765	0.28426063
curious_if_there	6.4967976	7.9030046	-1.2412347	0.7017446
curious_to_hear	6.919192	9.466382	0.014069829	0.22629926
curious_to_know	6.8879366	9.438248	-0.053481434	0.2655364
curious_to_know_if_anyone	6.137616	8.729071	-0.3719681	0.43584326
curious_what	6.9227586	9.473667	0.011383788	0.2274553
curl	4.7829823	6.8362403	-0.12650008	3.602159
current_deal	6.2161674	8.97859	-0.48302588	0.49125233
current_suffer	5.20709	8.325486	-0.254159	0.37908292
current_wait	7.4267917	10.515511	-1.3604558	1.2978388
curry	1.940777	8.047298	-1.0141425	2.4133334
cus	4.144582	8.235071	0.26246625	1.6939621
customer_service	5.585751	8.536749	-1.1889895	1.819752
cut_back	2.0097964	7.793428	-1.3631037	2.212694
cut_dairy	6.01511	8.577024	-1.2566519	1.3151448
cut_down	2.2130952	7.9345446	-1.2889888	2.1587958
cut_in_my_mouth	4.8207655	8.694388	-0.15102321	2.4459069
cut_out	1.6812001	7.797239	-1.1516191	2.2608583
cut_out_carbonation	2.5931432	7.9399705	-1.0768534	2.031818
cut_out_coffee	2.2960196	7.950922	-1.3216382	2.1357539
cut_out_dairy	2.4197156	7.891629	-1.4824593	2.2092385
cutter	2.6584466	7.946949	-1.3259509	2.8372674
cvs	5.2379327	8.635191	-0.8191539	1.778453
cycle	4.4590645	6.227523	-0.3153869	2.565592
da	5.379538	8.718107	-2.9394956	2.4487672
dae	4.844424	8.293594	0.07288148	1.6004385
daily_discomfort	5.077143	7.4686203	-0.6382528	0.6651061
daily_life	4.7854724	7.1304054	-0.15778688	0.33756983
daily_medication	2.6560047	7.867588	-1.9041762	3.4668043
daily_nausea	4.3938093	6.7635536	-0.027842956	0.61428195
daily_occurrence	4.7645173	8.054809	0.6704048	1.5084045
daily_stomach_ache	4.969112	8.550142	0.09053558	1.6063116
daily_update	6.8040686	9.905649	-0.82701844	1.1539981
dairy	1.695418	7.786345	-1.188129	2.26932
dairy_free	2.2719405	7.785967	-1.5969622	2.2294934
dallas	7.701373	10.156022	-1.6558914	1.0104373
dallas_area	6.6038084	9.415457	-1.0815367	1.0781654
damage	5.482402	5.828196	-0.6529066	2.6352625
damper	5.2908144	8.413736	-0.905103	1.6663437
dang	6.1191893	9.47272	0.59618455	0.7193087
danger	5.4812775	8.238224	-0.54887944	1.5696061
dans_la_gorge	5.379581	8.583625	-2.2117968	2.2679498
dat_je	5.387218	8.696543	-2.5562267	2.3581634
database	6.916049	8.655619	-1.2492954	0.72332394
datum	7.8631954	8.868107	-1.3872156	0.06118903
daughter	5.3720617	7.92705	0.23003048	-0.15499267
day_0	7.134594	10.86176	-1.3487793	1.9999874
day_1	4.833401	9.874224	0.74377304	2.7763472
day_10	5.0804696	9.885802	0.931156	2.6701117
day_11	5.1241083	9.859224	0.9034092	2.6218715
day_13	5.524855	9.838883	0.5856298	2.167096
day_14	5.3235893	9.802741	0.8270858	2.4508781
day_2	4.8950067	9.874138	0.8506771	2.767224
day_21	5.4003744	9.660657	0.8075101	2.2872775
day_3	4.95141	9.878311	0.9332909	2.7674224
day_4	5.0010653	9.881569	0.9601029	2.7395568
day_5	5.0183835	9.895283	0.9300659	2.7203732
day_6	5.01846	9.903006	0.9600661	2.7359347
day_7	5.012358	9.8722	0.96824956	2.725014
day_8	5.0278835	9.887646	0.9640968	2.716116
day_9	5.0339723	9.870113	0.96202093	2.7064507
day_five	5.3503747	9.67565	0.7466599	2.2966876
day_four	5.386186	9.584376	0.56962925	2.157223
day_surgery_center	7.1969237	10.550779	-1.7060641	1.9924164
day_three	4.9762373	9.679796	0.6472487	2.4934857
daytime	4.037936	7.124035	-0.14076649	1.2891818
db	6.180998	7.6713576	-1.3274021	0.98199147
dbr	6.962716	8.167461	-1.4016788	0.5720005
dc	7.708603	10.510122	-1.5552275	1.2214669
de_friar_um_instagram	5.3893566	8.442426	-1.6050745	2.0695205
de_gas	2.642212	7.7874947	-1.9068795	2.812179
de_que	5.374069	8.3844	-1.9903277	2.1753507
de_whatsapp	5.301562	8.372516	-1.4312545	1.9957262
deaden	5.662434	6.24194	-0.50338435	3.1006012
deal	5.287637	7.242359	-0.27645674	0.025157802
deal_with_this	6.3774285	9.244048	0.6373247	0.042094637
debilitate	4.0379686	6.685699	0.17878768	0.79132867
debilitate_condition	5.4339895	8.334182	-0.09069877	0.24587858
debilitate_pain	4.8093853	8.627902	-0.6208821	1.5401554
debunk	7.1911387	9.372961	-1.0521114	0.57314533
decaf	2.1386366	8.167709	-1.065861	2.1731875
decaf_coffee	2.4579895	8.081682	-1.0683676	2.1384768
december	7.4007897	11.083788	-0.958561	1.4491069
december_2021	6.3949833	10.026091	-0.4734409	1.621943
decent_burp	5.0290866	9.124574	1.4230663	2.638587
decent_size	5.2118187	9.176447	1.1892676	2.424926
decide_to_google	6.300798	8.9958725	0.14565685	-0.09279449
decide_whether	7.698279	9.424476	-1.7812185	1.1401145
decompress	4.792377	6.9187903	-0.6928524	2.3079607
decompression	4.4146814	8.020139	-0.30453098	1.5933976
decongestant	2.9496202	7.9487295	-1.5083778	2.8684416
decrease	4.0515347	6.8209386	-0.19313866	0.9672594
dedication	6.537522	8.7828245	-0.7653111	0.9800828
deductible	8.195766	10.891901	-2.165709	2.0818806
deep	4.5540285	6.7339125	0.7484241	3.6284747
deep_breath	3.0899827	7.65315	-1.2941123	3.6731977
deep_breath_and_hold	2.8902788	7.7896953	-1.5198853	3.5458436
deep_breathe	5.1888204	6.9583817	0.24399143	4.111807
deep_cough	5.1374207	8.41518	-0.33094227	1.9009312
deep_in_my_chest	4.7054276	8.145719	1.2169664	2.62256
deep_inhale	3.2921677	7.682576	-1.1920725	3.639822
deep_sound	4.240477	7.965345	1.1285203	2.0349593
defect	6.2355523	7.5701528	-1.1816248	0.9165169
defective	6.044701	7.064869	-1.198292	1.4163606
deficiency	5.749121	6.672471	-1.5213771	0.9640853
define	6.106904	7.059035	-0.8968665	0.13914615
definitely_not_alone	5.3769403	8.453298	0.16128808	0.86526805
definitely_notice	4.227723	7.4242697	-0.020529667	1.2111131
definitely_worsen	4.5433087	7.110366	-0.25667235	0.5013396
definitive_test	5.943887	7.8198376	-1.3073738	1.0172036
deflate	4.241165	6.3755956	0.14373253	3.013204
deflatine	2.7669575	7.7894335	-1.8749367	2.6680868
deformity	5.6123323	7.134306	-1.0523143	2.1097877
dehydrated	2.298452	8.145963	-0.41361752	2.3616686
dehydration	3.9752784	6.7818036	-0.3007398	1.6155167
delaware	6.4024053	9.464399	-0.9932162	1.2782768
deliberate	4.8780074	7.7749476	0.96874154	3.0252593
delicate	5.154493	7.8660235	-0.64031804	2.6579738
delt	5.267008	7.3504663	-0.25919762	0.10738043
dementia	5.764424	7.2033	-0.9505238	0.59522474
demographic	5.958654	7.2669435	-0.8436869	0.51207787
demon	4.613775	7.9903636	1.5836293	1.9002444
demonic	4.7745023	8.073646	1.3159125	2.1335964
demonic_sound	4.68597	7.767924	1.2313352	2.2124677
deny	8.39384	10.633972	-2.224751	1.673824
deny_coverage	7.7450614	10.360176	-1.8484627	1.8319483
department	8.12089	9.81319	-1.780988	0.63467747
department_of_otolaryngology	6.2859554	9.08554	-1.2361643	1.3046556
depend_on_your_insurance	7.918167	10.589805	-2.0343943	1.9794211
depressed	4.4546356	7.9950104	0.42820898	0.90283096
depression	5.171811	6.836713	-0.76334137	0.519559
depression_anxiety	5.2566166	7.2756314	-0.56573737	0.8024925
derail	6.309407	8.948387	-1.0092045	1.2013606
descend	4.5883174	7.372942	-0.18712837	2.792092
design	5.2874756	6.309813	-0.9385406	2.3105705
desire	5.8594947	8.9443445	0.65156466	1.9706937
desperate_want	5.6164727	8.908195	-0.3371551	1.1077816
despise	5.144295	8.024574	0.44581023	0.9251902
despondent	6.1956043	9.760319	-0.10498526	1.1933326
destroy_my	4.52038	7.1584487	-0.53404737	1.478401
det	5.3620977	8.736101	-2.9960144	2.4754546
detail_post	6.752086	9.595068	-0.11294154	0.47886795
deteriorate	5.263537	8.140923	-0.40805987	0.5958399
determination	6.460114	9.357984	-0.4744832	1.0012063
determine	7.7722683	8.805168	-1.85428	0.5828081
determine_whether	5.4379096	7.4014134	-0.89569306	2.6264238
determine_whether_there	7.030437	8.3120575	-1.4236417	0.4924311
detrimental	5.953733	7.183119	-0.6986481	0.47416115
detroit	7.405054	9.838781	-1.6024768	0.95997566
deutsche	6.647666	9.329843	-1.1890472	1.160377
develop_a_hiatal	5.935381	6.4758015	-1.2592908	0.6347659
develop_acid_reflux	5.870256	6.6623263	-0.85250443	0.48704433
develop_emetophobia	5.063016	7.5115576	0.5107471	-0.0023527015
develop_gerd	5.4005175	7.6753573	-0.64867866	0.5723185
develop_hiatal	5.890398	6.75684	-1.2483071	0.84336776
develop_severe	5.0195136	7.4665875	-0.21911764	0.22565266
development	6.0722055	6.573914	-1.1041416	0.7218554
development_of_a_hiatal	5.9884934	6.615289	-1.2704476	0.8240175
development_of_other	5.8817844	6.5287333	-1.2476283	0.6388804
development_of_other_issue	5.6674967	7.026507	-1.1390824	0.8533145
developmental	5.508015	8.129699	-0.41610318	0.69441473
deviate_septum	5.828074	7.62531	-1.4424194	1.4556749
devoir	5.3742075	8.378033	-1.7785109	2.1358213
dexilant	2.530478	7.68591	-2.3237183	3.1274288
diabetic	5.763521	7.363925	-0.97073007	0.6830261
diagnose	7.9480124	8.504578	-1.897645	0.29339486
diagnose_and_treat	7.5471554	8.903645	-1.567256	0.47535613
diagnose_by	7.5866213	8.500102	-2.0591915	0.751139
diagnose_myself	6.406598	8.782262	-0.4674535	0.084418915
diagnose_r_cpd	7.8638034	8.71518	-2.0495343	0.6306423
diagnose_rcpd	7.9258676	8.78123	-2.0048072	0.5500169
diagnose_themselves	6.626921	8.142433	-0.8542678	0.45726243
diagnose_with_a_hiatal	5.909171	7.048006	-1.5869168	0.7701185
diagnose_with_gastroparesis	5.214291	7.7309833	-0.33872092	0.32190508
diagnose_with_gerd	5.6874332	6.5666757	-1.2640607	0.25319198
diagnose_with_ibs	5.4151044	6.588439	-0.9624993	0.16837378
diagnosis	8.122319	8.719977	-2.0786858	0.42227244
diagnosis_and_treatment	7.9028645	9.147158	-1.6197889	0.36668015
diagnosis_of_r_cpd	7.27072	8.833108	-1.7843922	0.8383709
diagnostic	7.8877354	8.966727	-1.8895226	0.6294785
diagnostic_criterion	6.7241335	7.8782454	-1.1342556	0.34083062
diagnostic_test	7.993665	8.828137	-2.0597737	0.55113745
diagonal	5.250622	8.135389	-0.9605753	2.3283691
diagram	5.425904	7.0046864	-0.15677774	3.6894689
dial	4.5121746	7.356891	-0.06191825	4.125367
diaphragm	5.2226114	6.005993	-0.10363687	3.5022254
diaphragm_breathe	5.477567	7.1745954	0.1266888	3.9402993
diaphragm_rehabilitation	5.978804	7.300785	-1.1445776	1.4402928
diaphragmatic_breathe	5.7308826	7.223376	0.32794154	4.0891767
diaphragmatic_breathe_exercise	6.056185	7.593253	0.28171116	3.5823784
diarrhea	3.8617585	6.4779086	0.18014148	1.1248181
diarrhoea	3.9969954	6.570721	0.0014113886	1.2325143
dictate_my_life	5.6447887	9.133362	-0.35516056	1.1788406
dicyclomine	6.045703	7.3649917	-1.4099432	0.8707103
diet	2.032865	7.667837	-1.5571657	2.2260911
diet_change	2.3150203	7.647079	-1.7095937	2.2482917
diet_coke	1.5185581	8.466576	-0.44911957	2.0563977
diet_low_fodmap	2.4591496	7.759877	-1.7335403	2.3457139
diet_soda	1.8504282	8.490946	-0.6138201	2.0111022
dietary	2.2896981	7.5314097	-1.543552	2.0574028
dietary_change	3.2081895	7.6789637	-1.222529	1.9786727
differ_from_person_to_person	6.136462	9.238718	-0.59300536	1.5691533
different_angle	5.0875177	7.2221513	0.1443773	4.014764
different_country	6.9657173	9.291734	-1.3113437	0.9008452
different_diet	5.6257625	7.7994733	-1.3559428	1.254185
different_doctor	8.42193	9.488349	-1.9822944	0.39503863
different_for_everyone	5.543481	9.703001	0.99818885	2.3286686
different_kind	4.8045416	8.102668	0.7320864	2.2426813
different_location	7.2515297	10.2205305	-1.2990206	2.5629272
different_part	4.9159484	6.662832	-0.5095256	3.1855283
different_position	5.029845	6.9760523	0.72064316	4.3269234
different_posture	5.8828287	7.433504	0.3999103	3.9949567
different_story	5.720118	8.414536	-0.47509992	1.2971096
different_technique	5.8904815	7.4610176	0.49198693	4.0023527
different_way	5.1795077	6.8394585	0.7143523	4.0336924
difficult_swallow	4.72817	9.447202	0.23412122	2.3770914
difficult_to_explain	5.1492853	8.069539	0.5136849	1.9812094
difficult_to_swallow	2.1593568	8.251473	-0.63774043	2.9828463
difficulty	4.796367	7.114703	-0.12232227	0.5130254
difficulty_breathe	3.9927697	6.742533	-0.030922238	1.4840252
difficulty_burp	5.5947876	6.966587	-0.6411449	0.2572155
difficulty_eat	4.5734687	8.557589	0.004094765	2.0282662
difficulty_swallow	4.6937118	9.551214	0.3390591	2.523149
difficulty_swallow_food	4.7379594	9.544714	0.38744533	2.4808197
difficulty_vomit	5.620707	7.180781	-0.40001506	0.41043967
diffuse	5.5356007	6.336186	-0.6595184	2.9898522
dig_into	5.7242002	8.379869	-0.4942777	1.381463
digest	3.6115644	6.495948	-0.9272803	2.3885715
digestion	3.9847872	6.262785	-0.8488376	2.3342643
digestion_process	4.620012	6.9871497	-0.9139954	1.9800483
digestive	4.4510765	6.112603	-0.8615696	2.1895247
digestive_enzyme	2.4004083	7.692576	-1.975836	2.8804731
digestive_issue	5.4845986	6.3892775	-0.9847464	0.12541185
digestive_problem	5.7848687	6.785215	-1.0750957	0.5192953
digestive_process	4.513262	6.9763727	-0.83907837	1.7996691
digestive_symptom	5.4941688	7.4281535	-0.8670512	0.79339325
digestive_system	4.8454313	6.159242	-0.7564538	2.4325967
digestive_tract	4.68101	6.120673	-0.6209785	2.635134
digital	7.216523	9.444762	-1.225705	0.6565416
dilate	5.440963	5.786898	-0.54549927	3.0170503
dilate_esophagus	5.9782276	6.793612	-1.4344239	1.6465613
dilation	5.7091894	5.7455654	-0.5477321	3.1723156
dilemma	6.542288	9.540911	-0.5375809	0.9994935
diligent_about	2.87621	8.347258	-1.0012126	2.1933005
diminish	4.1073623	6.880771	-0.18919013	0.9337116
dine	3.918454	8.706984	-0.6918498	2.0803196
dinner	2.233971	8.165495	-0.062224414	2.3578753
dinner_date	2.9947217	8.298355	-0.13356085	1.8580295
dinner_party	2.8858402	8.345136	-0.23559433	1.9221767
dinner_with_friend	3.0229504	8.33871	-0.2706833	1.8890616
dinosaur	4.6412992	8.032048	1.5168974	1.9594901
dinosaur_noise	4.2078166	7.9645715	1.2562368	1.6332989
dinosaur_sound	4.1966877	7.9650173	1.2053655	1.5695959
direct_into	5.769485	8.216296	-1.337757	3.6405091
direct_or_indirect	6.17665	7.460092	-0.8869715	1.02433
dirty	3.9703612	8.359273	-0.49364734	2.0994875
disability	5.949373	7.221112	-1.1317015	0.2775097
disagreeable	5.541344	8.3000555	-1.627486	1.8976414
disappear	4.0767503	7.0246935	-0.06976096	0.831914
disappoint	6.381155	9.905255	0.6561719	0.92571366
disappoint_and_frustrate	6.150677	9.686496	0.3873165	1.0376508
disappointment	6.3182025	9.745935	0.060165673	1.0305687
disbelief	6.079265	8.90294	0.09063897	0.04060775
disc	5.3733435	7.819348	-1.1588298	2.302401
discard	6.332667	7.8286986	-1.1987362	0.8556566
discharge	7.1112213	10.60545	-1.7726799	2.1694214
discipline	6.53978	8.338212	-0.8304047	0.84015197
discomfort	3.773182	6.489687	0.283385	1.224827
disconcerting	4.596089	8.481712	0.3119746	2.5049055
discord	7.004729	9.160327	-0.58785576	0.24138625
discourage	6.373278	10.0171385	0.6958891	1.1890498
discourage_anyone	6.49237	10.0782175	0.23394832	1.2822053
discussion	7.824976	8.93964	-1.3165815	0.07260291
disease	6.1712775	6.495155	-1.21822	0.14642914
disease_may	6.942773	8.174931	-1.4672287	0.5378877
disgust	4.4822416	7.897607	1.6245078	1.6588306
disheartened	6.255502	9.829994	0.39900324	1.0218241
disheartening	6.3632817	9.75387	0.5377547	0.8738851
dismiss	8.093435	8.727299	-1.7674791	0.18278235
dismissive	8.0893345	8.865506	-1.7265224	0.22163367
disorder	6.192641	6.540043	-1.09921	0.047927216
disorder_eat	5.414273	7.057426	-1.0081841	0.86352766
disoriented	3.946649	8.233836	0.2585918	2.2141342
display	5.4646416	7.2642555	-1.2514588	1.9819156
disregard	6.5835853	8.523646	-1.2523	0.99675924
dissolvable	2.4539037	8.237048	-1.0952009	2.6187208
distal	5.795747	6.8746123	-1.4660841	1.8177599
distant	6.033753	9.299543	-0.60891646	1.1164377
distend	4.3576593	6.0818205	-0.26102984	2.6728127
distend_esophagus	5.8048983	6.8447313	-1.3246214	1.8244578
distend_stomach	4.4831324	7.0737615	-0.49262604	1.5128835
distension	4.619057	6.077945	-0.5954461	2.337738
distention	4.6441336	6.0358562	-0.61305094	2.3777516
distinct	4.8594165	7.6924233	0.29193774	1.7571597
distinct_remember	5.0196214	7.9507318	0.5040733	0.3366355
distract	3.6948576	7.8000493	0.329193	2.1543906
distract_by	4.091869	6.768547	-0.080374956	1.1370654
distress	5.090546	6.684153	-0.3971032	0.4797607
distribution	5.367979	7.8477077	-1.1260349	2.4322166
distrust	6.2757607	8.182049	-0.7233107	0.805641
diver	5.2377872	7.838627	-0.9867503	2.4982271
diverticulum	5.749253	7.2942576	-1.4427631	1.4831002
dizziness	3.9191978	6.549314	0.12617753	1.1892926
dizzy	3.655046	7.548338	0.46941933	2.0776634
dmv	6.7382946	9.414018	-1.1785005	1.006586
do_inversion	2.8654978	7.5121794	-0.3113105	3.8695166
do_shaker	5.8472404	7.3626046	0.48490813	4.175495
doc	8.491882	9.362631	-2.07251	0.31720045
doc_suggest	6.559464	9.150168	-1.0500118	1.2652327
doctor	8.498655	9.37317	-2.0595613	0.3096371
doctor_adam_rubin	6.430277	9.435919	-1.154217	1.264551
doctor_anderson	8.209127	10.287761	-1.7054306	0.9520113
doctor_anderson_in_toronto	7.0351796	10.083515	-1.2340623	1.2571213
doctor_andrew_tkaczuk	7.4491906	9.758323	-1.6099406	0.9437209
doctor_anil	6.519159	9.303499	-1.0592443	1.0770963
doctor_appointment	7.9291487	10.826392	-1.4469889	1.1954199
doctor_ashli_orourke	6.90021	9.16003	-1.3581729	0.8582248
doctor_bastian	8.232102	10.328701	-1.5625687	1.1711242
doctor_bastian_article	7.950921	9.459178	-1.5326092	0.28610224
doctor_bastian_paper	8.015934	9.052398	-1.5088077	0.09596454
doctor_bastian_research	7.9051533	9.484087	-1.7410462	0.51561546
doctor_bastian_website	7.142407	8.655399	-1.3600694	0.44000843
doctor_bastion	8.251675	10.17095	-1.6503493	1.0444701
doctor_bielamowicz	7.3244348	10.561573	-1.1903831	1.3475189
doctor_born	7.1772075	10.563368	-1.0385493	1.4053066
doctor_chad	6.9761944	9.746717	-1.2054447	1.0692922
doctor_craig_villari	7.2281637	9.680638	-1.4630871	0.94019246
doctor_daniel	6.3493633	9.307528	-1.101672	1.2025815
doctor_debry	7.343172	10.24206	-1.5039666	1.3200644
doctor_fink	7.116124	10.188768	-1.138522	1.1417593
doctor_friedman	6.611569	9.476993	-1.1555449	1.2096096
doctor_hicklin_in_the_uk	7.2604985	10.366091	-0.89898	2.2799294
doctor_hoesli_at_bvi	7.1319213	10.694813	-0.87714195	1.6067772
doctor_holmes_in_raleigh_nc	7.1809654	10.475718	-1.0765988	1.458398
doctor_hus	7.357075	10.471584	-1.3169247	1.2837766
doctor_in_toronto	7.4023585	9.816155	-1.4927605	0.9200571
doctor_james	6.711562	9.35393	-1.338226	1.1296107
doctor_javier_oloriz	7.1741858	9.512634	-1.4364865	0.85536844
doctor_jennifer	6.816082	9.3791065	-1.3323085	1.1353002
doctor_jennifer_anderson	7.9640193	9.864606	-1.7650713	0.7240217
doctor_jennifer_anderson_at_st	7.5711474	9.889202	-1.6545236	0.9230792
doctor_jennifer_anderson_in_toronto	6.9923067	9.547116	-1.3696436	1.0184109
doctor_joseph_spiegel	7.0669117	9.593021	-1.3603674	1.004006
doctor_karagama	8.204675	10.468472	-1.5536863	1.2707658
doctor_karagama_in_manchester	7.5885663	10.393155	-1.7196928	1.5674008
doctor_kirk	6.7604074	9.732587	-1.1954864	1.3256946
doctor_kuderer	7.191519	10.359616	-1.0776013	1.1537087
doctor_lin	7.939376	10.669745	-1.5569482	1.2347267
doctor_lindsay	7.180657	9.392835	-1.2001371	0.6169267
doctor_mchugh	7.669775	9.946074	-1.6301774	0.885398
doctor_mi	7.009456	9.845589	-1.4173504	1.2440537
doctor_michael	7.342403	10.443252	-1.3282547	1.3435215
doctor_mortensen	7.1487384	10.081127	-1.2282517	1.0598816
doctor_mortensen_welch	6.9527926	10.0166645	-1.1254873	1.316285
doctor_near	8.218037	9.701805	-1.7858163	0.49727294
doctor_nearby	7.474775	9.593489	-1.5157641	0.70938843
doctor_noah_parker	7.044083	9.623268	-1.3439616	1.0202829
doctor_odell	7.9793963	10.630343	-1.5201367	1.2664133
doctor_office	8.301931	10.514336	-2.1471925	1.5486696
doctor_orourke	7.2730126	10.160005	-1.3810627	1.1533828
doctor_paddle	7.9056444	10.385664	-1.6663357	1.0833585
doctor_pepper	1.5783192	8.485156	-0.42954192	2.004593
doctor_peter	7.161892	9.392576	-1.477479	0.8424401
doctor_pitman_in_nyc	7.359582	10.618159	-1.0765347	1.5335163
doctor_pittman	7.8346844	10.591678	-1.400426	1.3621981
doctor_prescribe	2.6814337	7.7618284	-2.0797048	2.9510922
doctor_richard_mchugh	7.1357183	9.552461	-1.4374025	0.97628987
doctor_robert	7.794327	9.297473	-1.5486251	0.4016466
doctor_sanjay	7.7017574	9.98928	-1.6590731	0.88539433
doctor_say	7.997228	8.470622	-2.5775127	1.0306308
doctor_schiffer	7.381667	10.3758335	-1.3772681	1.2249697
doctor_schindler_in_portland	6.5641093	9.717908	-1.0859572	1.437156
doctor_schulte	6.271298	9.341537	-0.4372509	0.8360809
doctor_seth_cohen	6.9971943	9.906557	-1.1877697	1.1437583
doctor_seth_kaplan	6.7486863	9.957543	-1.0650536	1.3095284
doctor_snelleman	7.8700953	10.681207	-1.5582078	1.3368903
doctor_spiegel	7.9812164	10.712753	-1.452132	1.3745606
doctor_spiegel_in_philly	7.288911	10.50886	-1.2443619	1.3529744
doctor_stinnett	6.48935	9.483084	-1.1339014	1.2886475
doctor_suggest	6.2358575	7.9019437	-1.4552404	1.0594808
doctor_sunil	6.7614565	9.552031	-1.3408396	1.2580262
doctor_sunil_verma	7.547853	9.7891035	-1.5755647	0.79536104
doctor_t	7.207496	10.466538	-1.0498042	1.4779754
doctor_teng	6.969835	9.973708	-1.1270804	1.1078824
doctor_thomas	7.036532	9.509436	-1.4047847	0.9815557
doctor_thomas_carroll	7.1693554	10.154959	-1.2912252	1.1645821
doctor_thomas_carroll_at_brigham	6.708293	9.242017	-0.9740586	0.8037148
doctor_tritter	7.2570033	10.023292	-1.2259002	0.9203026
doctor_tritter_in_houston	7.0195055	10.001421	-1.1507105	1.0530915
doctor_verma	7.985378	10.698449	-1.4892889	1.2864056
doctor_verma_in_irvine	6.2227683	9.315428	-0.59871066	1.1065599
doctor_villari_in_bellevue_wa	7.183296	10.336302	-1.2405384	1.2778689
doctor_wang	7.0238185	10.183717	-1.052047	1.2344277
doctor_wasserman	7.133123	9.981576	-1.4423283	1.2128311
doctor_weissbrot	7.0143723	9.591678	-1.3550035	1.0721229
doctor_who	8.468496	9.403176	-1.9949793	0.31444037
doctor_who_specialize	7.4332414	9.111364	-1.6940074	0.7584107
doctor_worldwide	7.3313947	9.68936	-1.4541236	0.8186028
doctor_yael	6.5500975	9.420412	-1.0918599	1.2310992
doctor_yael_bensoussan	7.4701004	9.815024	-1.622714	0.9001698
doi_10_1177	5.4523296	8.749386	-0.612628	1.290147
dollar	8.145743	10.888701	-2.1618004	2.1106277
dolor	5.3712535	8.412682	-1.808631	2.1008112
dosage	7.36152	10.874901	-0.60357344	2.5466392
dose	7.3459024	10.942857	-0.5398312	2.552659
dose_2	6.850968	10.698736	-0.3380321	2.092407
double_action	5.389836	8.363853	-1.2596062	2.2118123
double_action_gaviscon_tablet	3.0486522	7.379008	-0.57995045	3.850015
doubt_myself	5.0944347	8.405927	-0.119404845	1.3764352
down_into	4.748252	6.7102885	-0.21053044	3.808264
down_my_nose	5.914286	8.2859745	-1.5997796	3.8210537
down_my_throat	4.4147277	7.1066422	1.7207128	2.3133008
down_with_water	1.9535041	8.072274	-0.41280648	3.1812756
downer_grove	7.4230576	10.683327	-1.8135275	1.8980819
downright	4.264489	8.090626	0.3866776	1.7202299
downstairs	4.4696417	7.459805	-0.2934592	3.640572
downward	4.6684294	6.5187287	0.38513213	3.9338677
downward_dog	4.5821524	7.2017045	-0.02945104	4.042927
downwards	4.8023415	6.5620546	0.43193936	4.0246277
dozen_of_time	4.500294	8.096213	1.0276021	1.8124163
dozen_of_us	6.1059093	8.530864	-0.48259068	0.8223587
dozen_of_us_dozen	6.1685705	9.541851	0.30133662	0.8420571
dragon	4.885151	8.138423	1.1382802	1.9093663
drain	4.361848	6.560461	0.03142969	3.0711153
drainage	3.8689628	7.2070837	0.17370181	2.3771532
dramamine	2.6997113	7.8432846	-1.7460831	2.7256637
drastic_improve	5.154511	8.224564	-0.32760784	0.53266174
draw_board	4.457843	7.2514873	-0.025147406	4.2208753
dread	3.378591	7.6375365	0.6302775	1.4220359
dread_croak	5.1541266	7.4460897	-0.7302378	1.6269823
dread_gurgle	4.2705264	7.511878	-0.20226274	2.1727576
dream	6.0617185	9.3153925	0.81126523	0.39705834
dressing	5.0067806	8.30549	-1.1902095	3.2124505
drink	1.5587441	8.306113	-0.22425959	2.0753214
drink_a_bunch	1.5320939	8.399159	-0.3359345	2.0738509
drink_a_few	1.642975	8.4656925	-0.44015566	2.0055609
drink_a_lot	1.5023879	8.377173	-0.29793593	2.0772426
drink_a_ton	1.5130329	8.424667	-0.35628438	2.0601866
drink_alcohol	1.9168125	8.11967	-0.18085648	2.0784671
drink_anything	1.9329556	8.032564	-0.1755056	2.3722408
drink_anything_carbonate	1.9589043	8.088397	-0.24448128	2.1402311
drink_beer	1.9315963	8.26672	-0.11363149	1.9446551
drink_carbonate	1.4869047	8.412121	-0.36369035	2.0694072
drink_carbonate_beverage	1.7996925	8.2081785	-0.02698583	2.1924002
drink_carbonate_drink	1.6992943	8.271563	-0.051797457	2.1281338
drink_carbonation	1.822411	8.249193	-0.03190751	2.1678152
drink_coffee	1.7950451	8.084002	-0.3386395	2.1979616
drink_enough	1.8576035	8.249852	-0.4707897	2.2624924
drink_fizzy	1.4577377	8.385082	-0.31417802	2.1183085
drink_fizzy_drink	1.6470088	8.299065	-0.04799331	2.1257713
drink_fluid	2.6544158	8.173781	-0.4934931	2.3665488
drink_hot	1.8448341	8.064487	-0.90828294	2.198014
drink_liquid	2.106843	8.021134	-0.31398576	2.9031422
drink_lot_of_carbonate	1.5493767	8.504818	-0.37324518	1.9821215
drink_non_carbonate	1.8960835	8.363171	-0.6825686	2.0642233
drink_peppermint_tea	2.5226471	7.921265	-1.3339134	2.6350064
drink_soda	1.6796616	8.268284	-0.12225406	2.0967324
drink_something	2.007323	8.041262	-0.13596296	2.4054818
drink_something_carbonate	2.1422567	8.18082	-0.0026324822	2.262811
drink_sparkle_water	1.5654228	8.500242	-0.3628749	1.9963139
drink_tea	2.132037	8.122915	-0.65959734	2.2030294
drink_too_much	1.994567	8.268596	-0.11266594	1.9081758
drink_vodka	1.7876076	8.449613	-0.7535439	2.0875232
drink_water	1.8650272	8.000226	-0.2055735	2.6548407
drink_wine	1.9893547	8.323105	-0.60483694	2.0676217
drink_with_friend	2.920191	8.229292	0.015745401	1.7145891
drinker	1.8101887	8.300032	-0.7773732	2.1034422
drip	4.017238	7.1401596	-0.013900518	2.0888367
drive_10_hour	7.4812727	10.608802	-1.7741617	2.180478
drive_home	4.006679	9.485446	0.019976638	2.8481054
drool	3.9437158	7.5928407	0.4246441	2.1843445
drop_out	3.683114	8.238003	-0.02379149	1.5261202
drown	3.6306307	7.482639	0.38372216	2.8968432
drowsy	4.1007347	9.422785	-0.07802689	2.8950486
drug	2.430985	7.6317296	-2.3899736	3.0984035
drum	4.479669	6.960083	-0.13352373	3.6913779
drunk	2.085571	8.248062	-0.010497319	1.8647783
dry	1.7615299	8.022055	-0.6410926	2.9907107
dry_cough	3.9667912	7.2995014	0.04804361	1.9498966
dry_food	1.8232431	8.058843	-0.5781723	3.0790827
dry_fruit	2.718648	8.098557	-1.1575576	2.2120876
dry_heave	4.3546715	7.101415	1.7778784	2.0278862
dry_heave_into	4.3281894	7.6754804	0.74886066	2.06575
dry_mouth	4.0992675	6.4960446	-0.024064181	1.1706617
dry_retch	4.5802393	7.6111	0.55274534	1.801313
dry_throat	4.2139935	8.4796915	0.048091594	2.59893
dryness	4.551403	7.069513	-0.45918846	2.3829691
du	5.361371	8.734768	-2.9937851	2.4760165
dub	4.736903	7.9239163	0.98003244	0.6895039
duck	4.9086046	8.184529	1.3009354	1.7233999
due_to_anxiety	5.580734	7.06496	-0.6054277	0.5902009
due_to_noburp	5.728106	7.020763	-0.8495808	0.8179731
due_to_rcpd	5.2598157	6.9212565	-0.74179083	0.46683794
due_to_trap	4.2467213	6.4044685	0.31584725	2.6991246
dull	4.383458	6.786224	-0.21077625	2.4460123
dumb_question	6.2101765	8.536647	-0.42980358	0.71318346
dunk	2.6403413	8.327191	-0.8053235	2.4557788
dunkin	3.9273942	8.4999075	-0.6265288	1.9921113
duodenal	5.792589	7.432075	-1.4833055	1.3625356
duodenum	5.6106853	6.7522945	-1.3933277	1.7601659
during_class	4.912919	8.207198	0.580503	1.323146
during_meal	2.232154	8.115335	-0.54262716	2.665904
during_pregnancy	4.6557245	7.214165	0.2390904	0.42226344
during_school	3.7989216	8.308771	0.0014960106	1.7189176
during_sleep	5.580689	6.94991	-1.052143	2.0326915
during_this_phase	5.862486	8.9404745	0.55692446	1.9431845
dynamic	5.483858	7.145413	0.13015404	3.9175348
dysautonomia	5.936693	6.8408117	-1.2075976	0.54233027
dysbiosis	5.7314715	7.209591	-1.436715	0.84837365
dysfunction	6.283159	6.4748726	-1.2662395	0.66531026
dysfunction_and_abdomino_phrenic_dyssynergia	6.118039	7.044596	-1.3701178	0.84252167
dysfunctional	5.584198	5.8550596	-0.5822839	3.0047739
dysfunctional_breathe	6.1569448	7.5847797	-1.3166356	0.9916603
dysfunctional_muscle	5.6195383	6.6739297	-0.85821056	2.292843
dysmotility	5.925836	6.769546	-1.3672265	0.55074406
dysmotility_issue	5.806696	6.825707	-1.5242101	1.5594267
dyspepsia	5.852517	6.806855	-1.6288456	0.6062573
dysphagia	6.438598	6.8208866	-1.4602191	0.9880478
dysphagia_difficulty_swallow	6.331365	6.9436126	-1.4959811	1.4920752
dysphasia	6.2493086	7.328826	-1.4856809	0.919652
dyspnea	4.7666636	7.2594576	-0.6305639	1.3345512
dyssynergia	6.1980624	7.066999	-1.3485713	0.72649145
dyssynergia_and_pelvic_floor_dysfunction	6.1044216	7.540831	-1.2669033	0.98380744
dystonia	6.1366982	7.7827487	-1.2269294	1.0643106
e_cigarette	2.9608636	7.8359094	-1.4882513	3.404882
e_coli	5.204644	8.521828	-0.5716891	1.6395545
each_bite	1.8928491	8.075074	-0.45681417	3.2197287
each_day	5.143361	9.817098	1.0208888	2.707798
each_night	3.2728136	8.123908	-0.19726151	2.3458285
each_side	5.50935	7.310503	0.179084	4.3032084
ear	4.454378	6.4460454	-0.16991213	3.2530441
ear_canal	5.4676466	7.021933	-1.1070188	1.9864722
ear_fullness	4.4984164	7.0705194	-0.48345295	1.560042
ear_issue	4.8406987	7.588297	-0.6880686	1.8569871
ear_nose_and_throat	8.15713	9.300887	-1.9092251	0.42630035
ear_nose_throat	7.7886705	9.374032	-1.7941989	0.56873244
ear_pain	4.0050306	7.6438684	0.02389345	2.1266828
ear_pressure	4.401279	7.823242	-0.21343215	2.5214303
eardrum	4.55833	6.963942	-0.3809896	2.7943034
earliest_memory	4.994179	8.12518	0.33468556	0.53266937
early_20s	4.9145465	7.562505	-0.18018712	0.019844225
early_age	5.273235	7.4552174	0.11194419	0.1468529
early_august	6.8837986	10.650226	-0.66646826	1.7327945
early_childhood	5.320576	7.438252	0.14494663	-0.05008787
early_day	5.5571775	9.626771	1.0826263	2.3472888
early_satiety	4.001051	6.571352	-0.004694969	1.2176876
early_stage	5.424154	9.085017	0.91775334	2.3627677
early_teen	4.974972	7.6565056	-0.03315095	0.030436091
earth_shatter	4.747417	8.15896	1.1003047	2.4481182
ease_off	4.9753585	9.740579	0.7062172	2.556197
eastern	7.5759783	9.614314	-1.6378971	0.72094846
easy_peasy	6.717825	10.378241	-1.5792538	2.0613928
easy_to_deal	5.1103473	7.4175677	-0.21184385	0.3575454
easy_to_digest	2.1137965	7.9743943	-1.2335916	2.1914935
eat	1.8590502	8.002754	-0.21729054	2.5527406
eat_a_few	1.8042648	8.16127	-0.5677368	2.9090734
eat_a_little	1.9399844	8.129632	-0.46487692	2.9606671
eat_a_lot	1.8644968	7.9601502	-0.39031953	2.411849
eat_and_drink	1.8671606	8.020062	-0.19606204	2.5741837
eat_and_stay_hydrate	5.516803	9.688327	0.8601727	2.467735
eat_anything	1.8797039	8.005503	-0.20899144	2.5711591
eat_bread	1.9135509	8.169932	-0.8130914	2.7975466
eat_breakfast	3.3212528	8.829688	-0.062732324	2.5055008
eat_cereal	2.7258763	8.367741	-0.7452902	2.391289
eat_chocolate	2.2291083	7.9618053	-1.192065	2.178391
eat_dairy	2.8177235	7.854597	-0.86121666	1.976738
eat_dinner	2.9526083	8.223299	0.09954702	2.1321812
eat_disorder	5.6120925	6.731793	-0.71890444	0.2878673
eat_drink	1.8659352	8.005475	-0.1855546	2.5199335
eat_enough	2.731318	7.7783637	-0.63182414	1.6362292
eat_fast	2.2336397	8.141199	-0.50488037	2.4838278
eat_food	1.8467424	7.9664564	-0.23692171	2.517133
eat_gluten	4.6685867	7.9770446	-0.63330495	1.0833453
eat_less	1.896521	7.8431954	-0.95924765	2.230551
eat_much	2.0061035	7.9465275	-0.22697358	2.4460618
eat_normal	1.919595	8.083487	-0.3881951	3.100065
eat_or_drink	1.8763726	7.9984193	-0.094554834	2.4535
eat_raw	2.3978052	8.007685	-1.3473186	2.1692328
eat_slow	1.8119311	8.057966	-0.45279765	3.2360072
eat_small_meal	1.9304857	7.9169054	-0.8531026	2.302782
eat_small_mouthful	1.8696135	8.070732	-0.46115562	3.202244
eat_small_portion	2.0490365	8.0777025	-0.6832271	2.3739421
eat_solid	1.9139661	8.093829	-0.43792984	3.1419601
eat_something	1.9178994	8.015643	-0.17105652	2.4492438
eat_soup	1.914618	8.118685	-0.5207944	3.1640608
eat_too_fast	1.9398682	7.9290485	-0.61329794	2.3241642
eat_too_much	2.0367036	7.9134927	-0.16395688	2.1717658
eater	2.4986572	8.130237	-1.1133486	2.2870762
ebb	4.3088346	9.029804	0.1887967	2.8911226
ecg	7.7614408	8.29915	-2.5605714	1.1367497
ecstatic	5.969618	9.319803	0.34727648	0.79141647
eczema	5.902378	7.2268343	-1.5625122	1.0300415
ed	6.1132097	6.5163283	-1.1196104	0.10817923
edema	5.3240423	7.4742255	-1.2748246	1.9065422
edible	2.3900416	7.884534	-1.2518038	2.4352534
edmonton	7.295066	9.479987	-1.5229187	0.7535994
educate	7.88103	8.948543	-1.4300756	0.1930704
educate_themselves	6.965932	8.335698	-1.0417587	0.4430292
eek	5.842071	9.44345	0.35518083	1.2177058
een	5.382275	8.709468	-2.9197335	2.4446151
een_doorverwijzing	5.4006753	8.668758	-2.3802466	2.3022363
effect	6.499506	10.143256	-0.11978477	2.4702199
effective	6.979607	10.39953	-0.438411	2.4902198
effectiveness	7.096993	10.48511	-0.6009456	2.4179096
efficacy	7.1213794	10.1368	-0.8917403	2.3130262
effortless	5.06128	8.422893	1.3685608	2.8885255
egd	7.803264	8.554105	-2.4569805	1.0621517
egg	1.5860312	8.050769	-0.8289368	2.8028712
eight_month	5.4897127	9.71872	0.3704552	2.0841663
ekg	7.735137	8.373728	-2.5026581	1.142925
elbow	4.6977587	7.3359156	-0.29826853	3.7853003
electrode	5.798117	8.211418	-1.4596215	3.767689
element	5.8032355	6.746986	-0.9724493	2.041846
elementary_school	5.016737	7.921151	0.5399673	0.28539792
elephant	4.326222	7.609315	0.15733951	2.2335002
elevate	3.2774858	7.312223	-0.23402251	4.108352
eleven	5.4354205	8.780205	-1.8297224	2.0939827
elicit	5.6255417	8.993919	0.61721736	1.8909562
elimination	5.469967	7.0919847	-1.467374	1.1667691
elimination_diet	2.2380533	7.6586857	-1.7653847	2.3379898
elk	5.4614754	8.660695	-0.62049896	1.803978
eller	5.372768	8.715232	-2.7916331	2.4223335
elongate	5.0231075	7.151262	0.07964493	3.6735897
else_experience	6.8661036	9.378125	0.1557847	0.24312827
elsewhere	7.9664545	9.468538	-1.5913769	0.39512274
email	8.229809	10.114945	-1.7636101	0.77894044
email_her	7.644841	10.518377	-1.5541301	1.2504418
emanate	4.4646096	7.3282347	-0.049971092	2.4033985
embarrass	4.7628074	8.166598	1.6872237	1.4467204
embarrass_by	4.5519185	8.062448	0.87429696	1.6262261
embarrass_especially	5.0213413	8.607694	0.20953332	1.1774648
embarrassment	4.785878	7.9209967	0.6931818	0.7843783
emergency_situation	4.827571	8.43296	-0.17510597	1.736921
emet	4.8832097	7.3803115	0.6854524	0.4381505
emetophobe	4.82471	7.242634	1.1883789	0.49797246
emetophobe_here	5.025472	7.507605	0.5097727	0.52138054
emetophobia	4.7518363	7.2230363	1.2476954	0.49127728
emetophobia_fear	5.0495453	7.4536266	0.6599456	0.41414392
emetophobia_too	4.761631	7.480786	1.0902627	0.70788217
emg	7.4287477	10.381428	-1.4528444	2.757291
emg_guide	7.450766	10.4432335	-1.4703609	2.4856544
emg_machine	7.400476	10.343361	-1.5120437	2.7899837
emg_procedure	7.337771	10.374792	-1.43002	2.281925
emir	6.100497	7.370108	-0.960184	1.4777954
emit	4.829485	8.143576	0.98114425	1.9157664
emory	7.666928	9.889484	-1.7082412	0.89067197
emotional	5.824515	8.598759	0.5439974	0.3308405
empathy	7.227464	8.79659	-0.8979636	0.21236241
emphasis	5.594446	6.6752057	-0.5150358	2.946734
employ	5.629244	7.575908	-0.23025765	3.4374657
employer	7.7912	9.844993	-1.7493854	0.9621016
empty	4.121098	6.3840785	0.10099093	3.0205064
empty_stomach	1.8733709	7.938383	-0.38904783	2.2940729
en	5.376067	8.712455	-2.98414	2.4892411
enable	5.6804757	6.291393	-0.53553367	3.0525136
enamel	5.220909	8.295811	-1.2724792	2.0422454
end_of_january	7.2951493	10.918003	-0.9869516	1.388698
end_of_july	7.2497034	10.647829	-1.2020149	1.4323771
end_of_october	7.264768	10.689962	-1.0427723	1.409416
end_up_be_able	6.2910004	9.704608	0.4616901	0.79491246
end_up_choke	3.4683664	7.6704283	0.23134713	2.935475
end_up_dry_heave	4.1221013	7.527015	0.4723276	2.0850635
end_up_gag	4.5329695	7.4445605	1.1275014	2.284694
end_up_in_the_er	4.0699496	7.3672423	-0.104433365	1.3502283
end_up_pay	8.101374	10.855685	-2.1408744	2.1072993
end_up_puke	4.308793	7.5715566	0.86575747	1.9203366
end_up_vomit	4.436045	7.19381	1.5766904	2.167309
endless_cycle	4.491758	7.8048162	-0.17348543	1.5494021
endoflip	5.999524	6.7682185	-1.4713275	1.6981765
endometriosis	5.83949	6.7975845	-1.3728582	0.582322
endoscope	7.8659363	8.70076	-2.5448377	1.4955755
endoscopy	8.009531	8.451911	-2.637326	1.085226
endoscopy_and_colonoscopy	6.110048	7.2596154	-1.6890006	0.7310588
endoscopy_colonoscopy	7.6397557	8.509424	-2.3164983	1.0064648
endoscopy_show	5.9295716	6.907144	-1.5616614	1.0362431
energy_drink	1.6628042	8.455793	-0.50204337	2.0162053
engage	5.0869784	6.459886	0.29674843	3.9605038
engage_your_core	5.445687	7.2101865	0.24871644	4.029146
engine	5.570817	8.651213	0.13788198	1.1541204
england	8.3323965	10.235527	-2.0097876	1.0273547
enjoy	2.1787674	8.285703	-0.05565182	1.8676548
enlarge	5.335199	5.975061	-0.7165283	2.738767
enlarge_cp_muscle	6.172602	7.4750757	-1.3992151	1.2015077
enlarge_stomach	5.310877	7.4449496	-1.1225896	1.7402289
enough_air	4.4090805	6.478503	0.3324193	3.3862934
enough_pressure	4.6671853	6.378656	0.35919467	3.5215526
enough_to_allow	4.683368	7.105331	0.018827636	2.8286939
ent	8.514158	9.373656	-2.0754435	0.31054693
ent_center	6.7485795	9.551909	-1.2391617	1.2705483
ent_clinic	7.909739	9.748931	-1.7434998	0.63921523
ent_consultant	7.967185	9.593569	-1.7157979	0.5853162
ent_department	7.8000503	9.651404	-1.7502371	0.6515177
ent_doc	8.056981	9.501475	-1.8370144	0.49888486
ent_doctor	8.526827	9.389469	-2.0914998	0.31040162
ent_ear	7.8413568	9.24168	-1.8475778	0.5252415
ent_in_saskatoon	7.148588	9.89467	-1.5345273	1.2096978
ent_in_toronto	7.561432	9.525916	-1.5606879	0.666401
ent_referral	8.243808	9.420143	-2.0092502	0.49018586
ent_specialist	8.439466	9.416299	-2.0049005	0.34789062
ent_surgeon	8.187301	9.753467	-1.8119662	0.63207364
ent_who	8.447075	9.444104	-1.996235	0.34761676
enter	4.8828764	6.0023932	-0.24762578	3.208004
entertain	6.17928	9.1005745	0.054772966	0.51895857
entire_body	5.7374964	6.7616267	-0.9526958	2.0917888
entire_community	6.1202083	8.889113	0.023945773	0.4755507
entire_life	5.2947407	8.07556	-0.0348996	0.23006442
entire_process	6.928271	10.056941	-1.1586304	1.2858318
entirely_different	5.69222	8.704617	-0.34927472	1.3275287
enzyme	2.1668522	7.6671333	-1.7350892	2.5431118
eoe	5.88841	6.742727	-1.5576794	0.5186624
eosinophilic_esophagitis	6.053989	7.191473	-1.6132427	0.70294625
epigastric	4.5390325	6.9681406	-0.49510247	2.4567678
epiglottis	5.4070683	6.3916054	-0.62482846	3.1951447
epilepsy	6.232792	9.40999	-0.66836184	1.4872382
episode	3.9012291	6.561195	0.3022141	1.0586336
equalize	5.016801	7.5989456	-0.39705336	2.504097
equate	5.0213604	8.505363	-0.4078362	1.5619634
equipment	7.6011066	10.596343	-1.637241	2.6093888
erection	4.5965953	8.085353	-0.55322427	2.3380249
erg	5.378379	8.699975	-2.7037086	2.4010875
erosion	5.83669	6.597377	-1.4518504	1.4147159
erratic	4.9903593	8.463671	0.29769906	1.687789
erupt	4.791649	7.7532864	1.2169192	2.5403495
es	5.362461	8.719725	-2.9664726	2.468862
escape	4.4320955	6.549855	0.7012477	3.0377555
esomeprazole	2.4993694	7.635942	-2.347398	3.1064084
esophageal	6.0100374	6.5685415	-1.4749048	1.575761
esophageal_cancer	6.0221324	6.685302	-1.2834191	0.5924228
esophageal_dysmotility	6.1834936	7.496397	-1.6403054	0.7046718
esophageal_issue	5.9240646	6.6215	-1.3614687	0.49940503
esophageal_manometry	7.9327893	8.5026655	-2.592456	1.1736729
esophageal_motility_test	6.856748	9.654727	-1.5434785	1.4244411
esophageal_muscle	5.6306705	6.0398846	-0.58789974	3.082365
esophageal_sphincter	5.5542126	5.784974	-0.42499965	3.2399356
esophageal_web	5.523568	7.284598	-0.92608744	2.3103735
esophagitis	5.864626	6.4131656	-1.4959093	0.50880516
esophagoscopy	7.859795	8.977944	-2.3949993	1.4434859
esophagram	7.756935	8.573708	-2.4302635	1.0758392
esophagus	5.3503766	5.789609	-0.53375417	2.9665854
esophagus_manometry	7.6248245	8.594216	-2.3437994	1.1033509
esophogram	7.3511443	8.588036	-2.1673563	1.1120784
especially_after	1.9325294	8.252337	-0.37257805	2.0318847
especially_after_eat	3.1596797	7.8724494	0.0575449	1.9332119
especially_after_meal	3.61274	7.3640604	-0.19537514	1.6975429
especially_at_night	4.002249	7.066929	0.00093841547	1.4400628
especially_bad	3.9114845	7.3508534	0.121708825	1.2239617
esque	4.964402	7.4769435	-0.31137913	3.1066477
essayer	5.2958026	8.455699	-1.4334643	2.026066
establish	7.75281	8.822528	-1.5423826	0.34882268
estimate_cost	6.9622703	9.780557	-1.2662098	1.3406144
et	5.3519993	8.741472	-3.0030932	2.4885883
et_al	6.4337306	8.833154	-1.4432818	1.1891598
et_combien	5.3461304	8.409677	-1.715442	2.2183838
et_effect_secondary_acre	5.444597	8.504557	-1.1305611	1.9270492
eternal	5.4427433	8.482322	-1.1948675	1.8446016
eternal_grateful	6.7513475	9.479551	-0.18727306	0.48307616
euphoric	5.617541	8.895499	0.37511185	1.1103158
euro	8.172168	10.892361	-2.179096	2.1012802
europe	8.341041	10.211923	-1.9830424	0.9750167
eustachian_tube	5.6964455	6.5823703	-1.2005423	1.3428758
evacuate	3.9016743	6.4123163	-0.39148888	2.4709432
evaluate	7.945355	8.940011	-1.9088584	0.5476047
evaluation	7.4420137	10.34567	-1.8130435	1.8100744
even_as_a_baby	5.1152554	7.698556	0.69103295	0.12540163
even_more	3.6818984	7.309402	0.69771653	1.4785279
even_worse	3.6354575	7.234661	0.6697996	1.1086787
evening_meal	2.3546891	8.178587	-0.023291923	2.3145485
event	2.6095102	8.290539	0.007860609	1.7817131
eventual_go_away	5.347495	9.5739975	0.6184028	2.1948328
eventual_your_body	4.7903237	8.11998	-0.6269216	2.4284527
ever_be_able	5.113969	7.7046337	0.7025486	0.13837366
ever_experience	4.0215635	6.9599543	0.0038479154	1.1991205
ever_heard	6.9091177	8.25605	-0.8411848	0.17112333
ever_make	6.282709	10.398276	0.4159809	1.3671846
ever_since	4.653804	8.133931	1.0094012	0.4818087
every_2_minute	4.6361866	8.19599	1.046384	1.9909021
every_aspect	5.8120136	7.9633346	-0.5226208	0.7943018
every_bite	1.8927746	8.09855	-0.41512853	3.2008533
every_doctor	7.948692	9.147729	-1.95941	0.4468903
every_evening	3.988775	7.421866	-0.013767865	1.2679003
every_few_minute	3.9887621	8.0309105	0.95329475	2.0361536
every_few_second	4.033318	7.8547053	0.90153116	1.9617906
every_hour	3.2950962	8.125971	0.07432138	1.978076
every_night	2.9526775	8.011305	0.36645934	2.1370919
every_now	4.592108	8.284346	1.5152099	2.5368638
every_opportunity	5.615116	8.716599	0.80267817	2.6305149
every_single_day	3.6851385	7.1458745	0.3924513	1.2077297
every_single_person	6.102487	8.939616	-0.13250966	0.82006365
every_single_time	4.539246	7.9957643	1.5628817	1.7334424
every_symptom	5.6083894	6.7977695	-1.0387174	0.23211798
every_test	7.7656827	8.346179	-2.5220096	1.0825152
everybody	6.289354	9.525775	0.618435	0.6062191
everyday	3.2308338	7.6581206	0.68776023	1.7550943
everyone_around	4.9710145	8.243995	1.3696567	1.2997097
everyone_else	6.4578724	9.0148735	0.52090085	0.02099898
everyone_here	6.9679985	9.376594	0.20329385	-0.15405123
everyone_on_this_sub	5.9864697	9.153862	0.4290928	0.77780807
everything	1.8583925	7.8738437	-0.51786333	2.9767003
everything_go_well	7.1929855	10.831652	-0.960981	1.5327979
everything_include	6.673929	9.713526	-1.1569334	1.5278553
everything_make_sense	5.9531355	8.722688	0.10905356	-0.15460935
everything_worse	3.7249327	7.6627016	0.8941195	1.1184477
evidence	7.8896885	8.8302765	-1.446781	0.07494591
evidence_that	6.2932215	6.9092393	-1.2313724	0.5234923
ew	4.4619584	8.01825	1.073141	2.4060285
exacerbate	5.517798	6.290195	-0.8489077	0.618955
exacerbate_by	5.496653	6.617818	-1.0157483	0.6777215
exacerbate_my	4.326214	6.8402853	-0.2851496	0.8832927
exact_thing	5.917472	8.831335	-0.17797524	0.5292189
exactly_sure	6.0349135	8.73553	-0.45891356	1.3783021
examination	7.8392425	8.66011	-2.4978323	1.2767516
exasperate	5.2841682	6.8734097	-0.7550401	0.50348294
exceed	6.4350986	9.373761	-0.89185834	1.4749476
excellent	7.2355924	9.659251	-0.4847305	0.31564143
except	4.2761273	7.466092	1.1084491	1.1891574
excess_air	4.411905	6.022921	-0.2967199	2.7320619
excess_flatulence	4.361625	6.9935813	-0.33225507	1.3466196
excess_gas	4.3689437	5.9948635	-0.3680577	2.467222
excess_pressure	4.7149315	7.053155	-0.07161249	2.6754322
excess_saliva	3.9514642	7.120721	0.039881296	1.8361071
excess_wind	4.1187086	7.1226215	-0.21560489	1.4308728
excessive	3.8426235	6.9936323	0.73909414	1.3741815
excessive_air_swallow	5.823812	6.6618075	-1.0680505	0.5468361
excessive_amount	4.5978737	6.8682566	-0.4313411	2.3581097
excessive_bloat	3.9728224	6.664767	0.050104354	1.1079785
excessive_burp	5.113283	9.702452	0.73053247	2.436973
excessive_fart	4.4213743	7.6023397	0.49097586	1.329578
excessive_flatulence	3.9137764	6.5483546	0.1392967	1.1276326
excessive_gas	4.044494	6.4495177	-0.060048793	1.3404353
excessive_saliva	4.126353	7.183622	-0.10168851	1.3242491
excessive_salivate	4.025677	7.6522465	0.36524448	1.724311
excessive_salivation	4.0482235	7.0712852	-0.06292854	1.5681436
excessive_wind	4.271641	7.183565	-0.31163508	1.3430344
excite	6.7176886	10.097407	0.699928	0.4800008
excite_about	6.20948	9.572538	0.5233911	0.70729464
exclude_other	5.999195	6.848688	-1.6751027	0.84159625
exclusion	6.269347	7.464949	-1.6419318	0.8325475
excruciating	3.8599393	6.7728024	0.16657834	1.182627
excruciating_pain	4.027448	7.14519	0.09434308	1.7598712
exercise	5.840411	7.321916	0.519908	4.1553874
exercise_on_youtube	5.8599563	7.382312	0.44429958	4.024915
exercise_search	5.892273	7.387761	0.45171732	4.0531054
exert	5.2519827	6.958227	-0.39008772	2.9869993
exert_myself	4.5196915	7.710058	-0.3566381	2.0843143
exhale	4.7746553	6.7515507	0.76773715	3.9424
exhaust	3.433209	7.5538087	0.7047162	1.4265438
exhaustion	4.3125424	7.0695596	-0.2504096	2.001972
existence	6.1941915	7.4133406	-1.0473794	0.20866051
exit_through	4.5169272	6.9817004	0.27927116	2.8091524
exorcise	4.8449316	8.139659	1.1750875	1.8594159
exorcism	4.6619167	7.872044	1.3996543	1.9456087
exorcist	4.8836474	8.071832	1.0762413	1.9674479
expand	4.727481	6.052901	-0.15208101	3.2127492
expansion	4.95769	6.547522	-0.73493487	2.6962657
expect	4.863866	9.750356	0.4645939	2.6178787
expect_to_pay	7.750478	10.5918045	-1.9507676	2.0142562
expel	4.367067	6.4440107	0.57116485	2.9393804
expel_air	4.890281	7.5401073	1.1361847	2.825796
expel_gas	4.6367946	7.252088	0.39363822	2.5813067
expense	8.256788	10.819715	-2.191338	1.9876647
expensive	8.371241	10.768404	-2.2134423	1.8407041
experience_a_lot	4.1088905	7.1812015	-0.047177263	1.1797159
experience_so_far	6.5880623	9.7657995	0.047255285	0.7989132
experience_something_similar	6.7003207	9.2841625	-0.0642183	0.4537629
experiment_evidence	6.7777	8.280747	-1.3671101	0.82529265
experiment_prove	7.4121876	8.665399	-1.9558825	0.8253546
experiment_result	7.377939	8.551036	-1.4112004	0.40938598
experiment_with_different	5.5945206	7.2863855	0.24381141	4.001641
experiment_with_posture	5.653488	7.2793508	0.4623477	4.0187316
expert	8.005567	9.16115	-1.6051124	0.25288603
explain	8.236443	8.860133	-1.8532788	0.24237381
explain_a_lot	5.2501535	8.063143	-0.2941865	0.2921443
explanation_for_and_relief	6.3915977	8.472391	-0.6339961	0.2590067
explicit	7.189944	8.954027	-1.639701	0.88045084
explore	8.0296135	9.086013	-1.66438	0.33860224
explosion	4.831676	7.867081	0.16926476	2.600638
explosive	4.5063186	7.9359503	1.2557466	1.877221
expose	5.8759847	6.94913	-0.7052633	1.2760082
exposure_therapy	4.776488	7.2737117	1.2968758	0.5478078
express_how	5.658337	8.286162	0.53510344	0.8074809
expulsion	4.3754754	6.719748	0.36981383	2.760576
extend_my_neck	4.919806	7.2549696	0.55397964	4.163639
extend_period_of_time	4.139309	7.681613	-0.17702821	2.2396321
extensive_test_many	6.082531	8.446676	-1.5706311	1.5063137
external	7.4690666	10.459967	-1.4036666	2.7108984
external_injection	7.4294186	10.450373	-1.4507422	2.5388749
external_through	7.3965077	10.37577	-1.4630297	2.7791555
extra_air	4.158673	6.1443734	-0.09658173	2.7396586
extra_bloat	4.1638074	7.39186	-0.07895079	2.3672152
extra_gas	4.7938	6.1935906	-0.7106532	2.3421304
extra_pressure	4.604574	6.688015	-0.32933882	2.7490466
extra_saliva	4.4643517	7.3588204	-0.48774448	2.0282397
extra_sensitive	4.4415846	7.967615	-0.45233873	1.5504192
extra_strength	2.6236775	7.832751	-1.9726157	3.0663147
extra_test	7.0475073	9.001418	-1.5571861	1.0428295
extract	5.8760095	8.622906	-1.3352996	1.656556
extreme_annoy	5.4058604	8.635774	-0.31526107	1.1542854
extreme_bloat	3.7689433	6.5780587	0.30726692	1.1197717
extreme_easy	4.9594636	8.794067	-0.3550938	2.3234239
extreme_emetophobia	4.81565	7.4324718	0.9975448	0.5118897
extreme_flatulence	4.0268188	6.8641753	0.08358548	1.2043017
extreme_happy	6.394902	9.762585	0.09741953	0.8716264
extreme_hard	4.383008	7.838595	1.0645701	1.961048
extreme_helpful	6.58785	9.537355	0.05450795	0.4364185
extreme_loud	4.550464	7.9405985	1.4710871	1.7849102
extreme_low	6.1242576	9.226322	-0.62844515	1.7122823
extreme_nauseous	3.6301386	7.730309	0.36564732	1.571446
extreme_pain	3.809078	6.7708244	0.33638176	1.3382972
extreme_pain_hiccup	4.475274	7.5289035	-0.20377094	1.2490288
extreme_pressure	4.290436	7.401307	0.18162328	2.3558395
extreme_sore	4.2497196	8.748691	0.080181904	3.3049686
extreme_uncomfortable	3.6252291	7.331586	0.50019205	1.6938245
extreme_unpleasant	5.408236	7.484883	0.08137994	0.61315745
extreme_violent	4.689103	7.989947	0.90298355	1.5722141
extremity	4.978834	6.4458303	-0.7344368	2.3714602
eye_open	6.350525	9.138599	-0.042965118	0.50323826
fab	6.1398635	9.539081	0.28679287	0.87385446
face_down	4.7298546	7.32575	-0.15070584	3.893547
face_forward	4.9896765	7.076971	0.84348714	4.2641964
facebook	7.3162093	9.274302	-0.25745225	-0.31520703
facebook_page	7.1846523	9.092559	-0.8139067	0.13018905
facial_muscle	5.0022	6.8070745	-0.66524065	2.9285717
facilitate	5.521085	7.0800376	0.28977537	3.7633686
facility	8.004379	10.8078	-1.9651237	1.8472619
facility_fee	7.912018	10.741268	-2.0314844	2.1195
factor	6.171776	6.51735	-1.0860733	0.581128
factory	4.7183194	8.066522	-0.50545627	2.1027865
fade	5.6686335	10.131835	0.8059552	2.472352
fade_away	5.7053957	10.1474695	0.81501913	2.4624622
fade_quick	5.0387015	9.398169	-0.084885485	2.2269163
fail_to_relax	5.557425	5.9952235	-0.6264985	3.0080934
failure	7.206181	10.553942	-0.65392154	2.394264
failure_to_thrive	5.7180686	7.011034	-1.1324223	0.85501796
faint	3.6835418	7.473518	0.56017923	2.1090698
fair_enough	6.361155	9.267644	-0.20753893	0.8365699
fair_point	5.382848	8.721509	-0.6328992	1.3659449
fairlife	5.449016	8.690526	-1.0418606	1.7534577
fairly_common	5.90865	7.057309	-0.71736324	0.33691812
fairly_new	7.5049415	8.946501	-1.3445162	0.3939385
fairly_sure	5.51086	7.813515	-0.7539187	0.7143643
fairly_well	5.4096913	9.53939	0.83542293	2.290022
fairy	5.109005	8.3020525	-0.89279914	1.9678437
fake	4.7119603	8.11531	1.6039999	1.5443293
fake_burp	4.890383	7.8220644	1.0842847	2.2558086
fall_asleep	3.787859	7.151231	0.24565871	4.0903068
falsetto	5.5934	7.880065	-0.812879	1.1493506
familiar_with_doctor_bastian	7.789977	9.339059	-1.7241038	0.45567784
familiar_with_r_cpd	8.138731	9.261893	-1.8208054	0.36727133
familiar_with_rcpd	8.142834	9.384441	-1.8698303	0.4305142
familiar_with_this_condition	7.438127	9.507862	-1.6464236	0.777654
family_doctor	8.301096	9.402479	-1.9576235	0.40875277
family_history	6.2242928	8.229514	-1.3963102	1.1737572
family_history_and_saliva_sample	7.112217	8.643281	-1.3651115	0.50488114
family_member_who	6.5512686	7.697395	-1.3851705	0.62889004
famotidine	2.375472	7.579994	-2.421458	3.0710497
fantastic	6.6952453	10.064027	0.69228166	0.46042156
fantastic_news	6.508141	9.856558	0.38504738	0.72025603
faq	7.532542	9.330419	-1.163559	0.24934794
faq_document	6.770919	9.2357855	-0.27079672	0.4583495
faq_video	7.352982	9.022869	-1.2325076	0.33150637
far_as_possible	4.8673577	7.219547	0.32397658	4.211432
far_less	4.141438	7.1456227	0.055460535	1.1845706
fart	4.5143113	7.9664655	1.6819795	1.6644187
fart_a_lot	4.509038	7.98508	1.6183158	1.5759993
fart_a_ton	3.925002	7.7322016	0.20839532	1.581463
fart_lol	4.8399715	7.9590325	0.8612883	1.6081929
fart_more_than	4.904383	8.172783	1.1416762	1.242279
fart_so_much	4.9388037	8.202348	1.1862293	1.1747572
farty	4.6694546	8.194315	0.8809661	1.4490309
fascia	5.3057218	6.633648	-0.7458528	2.927786
fashion	5.7796774	7.5613284	-0.8443563	1.5955415
fast_food	1.9590857	8.084684	-0.89951694	2.2992945
fast_rep_shaker	5.6321893	7.334572	0.5084497	4.0491
fasten	5.3420877	8.548416	-1.981035	2.2962453
fat	1.7758871	7.7483335	-1.2387412	2.2526653
fatigue	4.018249	6.494927	0.01805596	1.1438228
fatigue_brain	5.136515	8.293829	-0.9713798	1.7621008
fatty	2.2208483	7.955886	-1.3097816	2.1971958
fatty_food	1.9559747	7.963769	-1.0815566	2.1620634
faucet	3.738311	7.523925	0.2737587	2.983497
fault	5.701152	6.0375156	-0.70647806	2.751639
fear	4.6918144	7.2282877	1.3739758	0.56839937
fear_of_puke	4.786362	7.59834	0.71533257	0.59081846
fear_of_throw_up	4.7668552	7.2339525	1.2289462	0.5018894
fear_of_vomit	4.7686644	7.2387047	1.2311286	0.49558532
fear_vomit	5.04887	7.6194577	0.5580573	0.6807049
feat	5.3790045	8.666675	-0.5092534	1.3261546
feature	7.437206	9.159657	-1.054841	0.14267161
federal	6.7949	9.752514	-1.2052333	1.6588602
fee	8.083075	10.834191	-2.0988052	2.0764077
feed_off	5.325959	6.9140196	-0.91062826	1.399096
feel_a_bit	4.2247896	9.356922	0.36568046	2.9601402
feel_a_little	4.202806	9.344528	0.35161728	2.9765458
feel_amazing	5.11461	9.789415	1.0305283	2.530697
feel_anxious	3.9193723	7.7042475	0.78642654	1.3332455
feel_ashamed	6.1721835	9.213929	0.034763325	0.75051427
feel_awful	3.1457958	7.7260027	0.5667282	1.5286444
feel_better	3.3878002	7.4989257	0.825717	1.3649061
feel_bloat	3.2143774	7.4426603	0.7421418	1.5910121
feel_crappy	3.9282956	8.001722	0.18288064	1.5990868
feel_dumb	5.823862	8.692423	-0.05444581	0.6608004
feel_fine	4.145948	9.529367	0.21159121	2.9134157
feel_full	3.0681114	7.456308	0.48194322	1.7343613
feel_horrible	3.2386286	7.5657578	0.6694461	1.5237345
feel_hungry	3.106422	7.6980705	0.24043532	1.7791584
feel_like_a_balloon	3.864695	7.814012	-0.069847144	2.3503463
feel_like_a_lump	4.1112657	8.976313	0.25495377	3.105941
feel_like_crap	3.6447568	8.198967	0.021343341	1.8197799
feel_like_garbage	3.714387	8.164746	0.24866627	1.6661825
feel_like_my_body	4.4361367	7.2797976	1.332186	2.4499645
feel_like_shit	3.177252	7.902835	0.41399	1.5420452
feel_miserable	3.0753863	7.838908	0.47819614	1.5486517
feel_nauseate	3.6315045	7.6557765	0.37938973	1.3767418
feel_nauseous	3.4374359	7.3315644	0.95204884	1.4404293
feel_of_a_lump	4.0680895	8.969318	0.25805995	3.1370406
feel_of_fullness	3.988118	6.687205	-0.012664844	1.3674763
feel_ok	4.013708	9.447231	0.07540414	2.8305063
feel_okay	3.7612906	9.2541275	-0.030932996	2.7467291
feel_optimistic	6.245736	9.636758	0.3979619	0.9740624
feel_overly	4.341809	7.972691	0.23466997	1.6377302
feel_pretty	4.251753	9.432436	0.32596207	2.8914642
feel_queasy	4.202519	7.673887	0.46665773	1.7548332
feel_sick	3.2652843	7.430917	0.79468334	1.4973186
feel_stuck	3.6265447	7.488437	0.2526698	3.014338
feel_terrible	3.3093908	7.7080398	0.51611733	1.5296429
feel_the_exact	5.6460266	9.055805	-0.059270456	1.0027769
feel_tight	3.828079	7.3256583	0.37094897	2.9579022
feel_tired	3.7153664	7.9553347	0.21484804	2.134925
feel_uncomfortable	3.3409019	7.396865	0.63006014	1.7055985
feel_unwell	3.8565464	8.045151	0.20568216	1.9332726
feel_validate	6.4620614	9.349981	0.1363067	0.18488008
feel_weak	4.1540384	8.809461	0.18847671	2.6625986
feel_weird	4.0856504	9.06442	0.3352182	3.1092129
feel_worse	3.5552344	7.427057	0.7999784	1.1884027
fees	8.1542	10.853678	-2.1031342	2.0107033
fellow_frog	5.703145	9.10862	-0.5266316	1.3938786
female	5.2842875	7.6595416	0.21892908	-0.18052879
feminine	5.321289	8.374988	-0.5198179	1.7348264
fennel	2.491097	7.883515	-1.5665494	2.490243
fentanyl	5.4600825	8.666933	-1.574079	3.3252227
ferment	3.6375759	6.4864473	-0.9827591	2.3713298
fermentable	2.049818	7.7933025	-1.4474232	2.2334926
fermentation	3.5440433	6.546398	-1.0371623	2.328966
ferrous_fumigate	2.702305	7.8589506	-1.9402525	3.4143925
fetal_position	3.9886467	7.1503444	0.06290791	4.1316423
fever	3.9908774	7.707523	0.10777655	2.3905423
few_people	5.9894667	8.762689	-0.7960152	1.0187334
few_second	4.3744807	8.025014	-0.42436686	1.8941032
few_time	4.5097933	7.804104	1.3364105	1.1055697
fiber	2.0002081	7.696267	-1.5058467	2.3640213
fibre	1.991666	7.7745323	-1.4481909	2.270476
fibromyalgia	5.856894	7.0483875	-1.2603463	0.6385128
fibrous	5.0197754	6.767246	-0.9016662	2.3042943
field	7.968768	9.018339	-1.529807	0.15354033
fifteenth	7.3249145	11.001054	-0.9018214	1.4763374
fight_against	4.4424157	7.4662056	0.52323186	2.595588
fight_or_flight_response	4.6823874	7.525089	-0.25871742	1.8011662
figure_id_share	6.787075	9.536036	0.038456548	0.3522277
figure_out_how	5.288852	7.959264	1.3999593	3.2377996
figure_out_why	5.495449	7.9983068	0.5959092	0.8841181
file	8.298942	10.33467	-2.1073592	1.3366721
fill_up_with_air	4.2100706	6.9620686	0.08316505	2.666311
fill_with_air	4.2638803	6.5548964	-0.03661929	2.6844318
fill_with_gas	4.503766	7.645213	-0.22877702	2.2046435
final_update	6.5206356	10.031865	-0.5651521	1.4463358
finally_decide	6.389352	9.112252	-0.101132095	0.0056686266
finally_get	6.7564993	10.221793	0.47103843	0.6190685
finally_realize	5.3587914	7.8587794	0.03240824	0.10202601
financial	8.426301	10.543328	-2.182626	1.5096818
find_a_couple	6.309438	9.0601225	-0.10910683	0.81991583
find_a_hiatal	5.864893	6.3221173	-1.5125449	0.48079008
find_myself	3.333346	7.6747866	0.8951561	1.980801
find_on_youtube	5.8484015	7.3902545	0.36879727	4.08068
find_relief	6.668393	9.755592	0.44282317	0.5775718
find_some_relief	6.6797543	9.866921	0.48735863	0.6101925
find_somewhere	6.8028564	9.454882	-0.86180943	0.85348547
find_this_community	6.5633774	9.286663	0.46572638	-0.049162578
find_this_forum	6.090371	8.79723	0.08901708	-0.1493633
find_this_page	6.3614864	9.138681	0.32946646	-0.059631083
find_this_thread	6.3559055	9.051239	0.13118513	-0.11975358
find_you_guy	6.3716016	9.199898	0.40347853	0.029861704
find_yourself	4.668809	8.091141	-0.22966988	2.270584
finger_cross	6.7369905	10.084999	0.65710104	0.57574815
finger_cross_for_us	5.884566	9.395692	0.16994683	1.3113027
finger_cross_it	6.698671	10.084718	0.6308908	0.66700906
finger_down_my_throat	4.4791803	7.2070527	1.6531943	2.3123577
finger_down_throat	4.76614	7.350923	1.2329825	2.604813
finger_in_my_throat	4.5539956	7.3625793	1.4138864	2.2830253
finger_in_your_throat	5.0852904	7.88776	0.214424	2.3557339
finger_method	4.5265102	7.2385516	1.6075547	2.236227
finger_x	6.5072756	9.997341	0.5890015	0.89419436
finish_meal	4.843885	8.195559	-0.18471521	1.0728966
firm	4.8414526	6.7306733	-0.017829144	3.9961028
firm_believe	5.64396	7.816855	-0.7864063	0.61963254
first_appointment	7.971971	10.800826	-1.4825598	1.2153456
first_appointment_with_doctor_spiegel	6.641957	9.794808	-1.0673145	1.2888031
first_consultation	7.6748133	10.661574	-1.4618813	1.2528757
first_day	4.8069534	9.837511	0.72856003	2.7769933
first_dose	7.30455	11.190373	-0.33910674	2.497664
first_grade	4.9835114	7.689204	0.6139801	0.2209518
first_injection	7.310418	11.193166	-0.35776883	2.4832544
first_instance	7.410618	9.470327	-1.5161964	0.74429214
first_micro	5.235801	9.823545	0.90044403	2.5324469
first_month	5.1874175	9.912209	0.9582328	2.6854854
first_one	7.3175707	11.211522	-0.36238	2.513191
first_person	7.2680216	9.917817	-1.2361498	0.8587709
first_round	7.3095155	11.204457	-0.3383847	2.498918
first_shot	7.175644	10.987361	-0.48115513	2.2759037
first_sign	5.3948364	8.770609	0.9061928	2.2914064
first_time_around	7.151297	10.986099	-0.3621932	2.30828
first_time_poster	5.710191	8.576468	-0.012983567	-0.016911145
first_time_round	7.075595	10.839497	-0.43887132	2.2200198
first_trimester	4.7880797	8.304383	-0.07311451	1.20371
first_visit	7.7196417	10.204903	-1.6605837	1.0441108
first_week	5.072411	9.843831	0.9444591	2.723255
fish_oil	2.644208	7.8856826	-1.7624176	3.3925903
fish_oil_supplement	2.6740093	7.8545566	-1.8990208	3.464655
fissure	5.3847237	8.090658	-1.2577133	1.8669358
fit_better	3.9767053	7.846241	-0.13944727	1.8641204
five	5.1654787	9.723013	0.3114356	2.0998645
five_day	5.5176263	9.808765	0.51553833	2.1644466
five_time	4.568026	8.016768	1.2231679	0.97532964
five_year	5.2863426	8.292688	-0.01854525	0.022632796
fix_r_cpd	5.9359794	7.9017706	-1.0939397	0.82812965
fix_the_root	5.720278	7.1111317	-1.2441478	1.2173972
fizz	1.5301758	8.382933	-0.392394	2.118535
fizzy	1.5242472	8.389716	-0.397889	2.0740192
fizzy_drink	1.529106	8.370709	-0.21286571	2.0585434
fizzy_water	1.530254	8.395263	-0.17290927	2.0629396
fl	7.491033	9.8440275	-1.6758255	0.93992347
flaccid	5.523208	6.4324775	-0.7387646	2.9351068
flair	6.9443307	9.322465	-0.5199877	0.3594931
flair_up	4.2927694	7.5470405	-0.19132496	1.3631189
flap	5.2494493	5.9969873	-0.28335288	3.3617182
flare	4.8901124	6.754769	-0.62381035	0.7712138
flare_up	3.853259	6.64576	0.31527412	0.99625057
flat	3.8558466	7.0226846	0.19775757	4.1762652
flat_belly	4.0292764	7.683879	-0.14407927	1.4107416
flat_tummy	3.8687515	7.9161263	-0.19408956	1.6848346
flat_water	2.252309	8.235537	-0.5768573	2.4223385
flatten	4.2051077	7.152741	-0.06628864	3.9937134
flatulence	3.8307226	6.471204	0.21732837	1.1389774
flatulence_decrease	4.392935	7.47789	-0.11803352	1.3284779
flatus	4.88824	7.1003175	-0.7607487	1.9252498
flex	5.0800686	6.449915	0.42162958	3.9400544
flex_my	4.7577314	6.3979	0.36452305	3.7866638
flex_my_ab	4.9270787	7.1782413	0.23433906	3.7108455
flex_my_stomach	4.9080243	7.2525163	0.3706269	4.1828456
flex_your	5.0167685	6.509991	0.35748482	3.9540732
flexible	5.950877	8.302076	-1.5902475	3.7757158
float	4.1216693	6.477037	-0.20438306	2.9279764
flonase	2.6542983	7.7907243	-2.1266756	3.0253792
flood	5.1826115	8.621232	-0.08677245	1.4942776
floppy	5.3657975	6.109052	-0.6685606	2.960543
florida	8.0459	10.072999	-1.8187355	0.8382886
flower	4.8465133	8.247259	-0.69608134	1.790696
flu	3.9020498	6.992867	0.08702726	1.4816031
fluctuation	5.1417503	8.244403	-0.90424114	1.9109972
fluid	2.7694275	7.47374	-0.237873	3.0651314
fluoroscopy	7.8155518	8.642367	-2.3866937	1.0124459
flush	3.43737	7.374104	-0.12408114	3.3443708
flutter	4.2333636	6.670842	-0.10017725	2.5070832
fly_back_home	6.823044	10.365072	-1.4546777	1.8514209
fly_to_chicago	8.247535	10.644032	-1.9034446	1.3344604
foam	4.2542114	7.0802293	-0.03535967	4.029613
foamy	3.611667	7.3591065	0.40077403	2.9241223
focus_on_breathe	5.1486344	7.1909614	0.41891196	4.135056
focus_on_stay_hydrate	4.735831	8.735968	-0.3228435	1.9602277
fodmap	2.0468485	7.6686273	-1.5832474	2.2648246
fodmap_diet	2.293557	7.657439	-1.7935832	2.3526428
fog	4.7483263	8.129092	-0.6985279	2.9282267
folate	5.4908595	7.3646355	-1.2799056	1.6694996
fold	4.702657	6.5446253	-0.27177992	3.5898817
folk_on_here	6.507472	8.982124	-1.078121	1.115039
folk_who	6.7063193	8.999857	-0.37852898	0.51504225
follower	6.5282493	8.923542	-0.451193	0.1386758
food	1.7626945	7.9445577	-0.5029885	2.9665816
food_allergy	5.7454047	6.6262794	-1.5470676	0.53526443
food_and_drink	1.887073	7.9547386	-0.55658734	2.6295733
food_and_liquid	3.554463	7.8523755	-0.3328775	3.0763674
food_diary	2.659833	7.744875	-1.9345239	2.5975065
food_down	1.8964801	8.030048	-0.3760843	3.183274
food_elimination	2.4141507	7.805887	-1.62119	2.2744436
food_get_stuck	3.9196262	8.636565	0.25368938	3.1377668
food_go_down	1.9770695	8.046572	-0.40616396	3.2014332
food_hang	4.064622	8.944703	0.24765687	3.1029496
food_in_my_mouth	2.6200101	8.096309	-0.5097371	2.9104862
food_intake	2.2453797	7.7971835	-1.4185903	2.1121132
food_intolerance	5.73247	6.431828	-1.3886741	0.4200828
food_liquid	4.022159	6.8304024	-0.17690054	2.8693342
food_or_liquid	3.5303447	7.558572	0.18170606	3.0472124
food_poison	4.603759	7.2517643	0.93258566	0.50862473
food_stuck	4.0171	8.770166	0.26040354	3.1358464
fool	5.7379518	8.90374	0.35297748	0.4451735
footage	7.5091352	9.264795	-1.1148623	0.19570462
force	4.9705954	7.089638	1.1260221	3.7309313
force_air	4.8659167	6.983767	0.7820499	4.0821276
force_behind	4.9353113	7.9810486	0.72955453	2.8043923
force_myself	4.3171754	7.143606	1.7275592	2.1772547
force_myself_to_gag	4.631196	7.6003065	1.249332	2.2151096
force_on_colon_wall	4.977772	6.7648807	-0.75445557	2.752358
force_out	4.77992	7.4681087	1.3894954	3.1727445
force_them	5.026191	7.299822	1.1776853	3.8620565
force_them_out	5.0006356	7.2312155	1.1201795	3.9989154
force_yourself	4.596622	7.227755	1.5163566	2.3702006
forcefulness	5.910057	7.4029813	-0.47739127	0.5515437
forehead	5.2249064	7.8280916	-0.58813	2.4912727
forever_grateful	6.428628	9.356888	0.12439904	0.3674428
formation	5.102145	6.996772	-0.98735285	1.8810769
former_noburper	5.982394	8.534182	-0.39852813	0.5237144
forum	7.306626	9.28525	-0.14960775	-0.37650165
forward	4.8255234	6.7803655	0.61565423	4.3235903
forward_a_bit	4.94518	7.065098	0.43511218	4.192585
forward_head	5.6715436	7.301068	-1.1304598	1.4385233
forward_head_posture	5.7221313	7.0183983	-0.9022592	2.0577407
foundation	7.1411448	9.311019	-1.4854362	0.81084466
four_day	5.5874925	9.945574	0.5610519	2.2513714
four_week	5.518418	9.88252	0.6006584	2.267369
fourth_grade	4.9877114	7.8158684	0.47492465	0.49734536
fourth_try	6.1140337	9.937366	0.052068096	1.6557505
frail	6.3284097	7.4110756	-1.3577013	1.0074757
france	8.225869	10.108271	-1.9310628	0.91496974
frantic	5.5352197	8.67142	-0.5148181	1.5051191
freak_love	2.7904902	8.232013	-0.9248835	2.115987
freak_out	4.47528	7.285513	1.5509349	0.96262133
freak_out_by	5.468848	8.50572	0.62108487	1.0458751
frequent	3.8215106	6.9184365	0.723601	1.3331326
frequent_diarrhea	4.5642347	6.9417443	-0.39959317	0.9315453
frequent_urination	5.1318893	7.167416	-0.8559278	1.2773236
frequently	3.9013915	7.262366	0.9944679	1.446836
friday	7.267597	11.056561	-1.0621905	1.6131479
friend_house	2.8877432	8.371299	-0.19536196	1.8388183
friendly	8.002101	10.477656	-1.8265394	1.3285565
frig	5.742273	8.94395	0.19892325	0.87899256
frighten	4.6930175	8.242405	0.44641116	1.9584417
froedert	7.655068	10.1288	-1.6294092	0.98555285
frog	4.628851	8.026587	1.5916017	1.8843542
frog_croak	4.479151	7.956063	1.3829792	1.8885272
frog_croak_noise	3.8758483	7.808958	0.98963827	1.2727535
frog_noise	4.197337	7.8402843	1.6836532	1.8258402
frog_noise_in_my_throat	4.6798887	8.167464	0.5280767	1.5309516
frog_sound	4.269213	7.9059944	1.441349	1.824328
frog_throat	4.4844723	8.092283	1.1195904	1.6780158
front	4.5518446	6.6998763	0.27042326	4.23255
front_face	5.290018	9.182353	1.1294156	2.4430373
front_of_my_neck	5.7276373	8.316024	-1.3328794	3.637032
front_of_your_neck	5.9268937	8.415141	-1.4362742	3.714972
frothy	3.608519	7.697521	0.10510584	2.9393482
fructose	2.4428465	7.9353256	-1.4566624	2.2451015
fruit	1.621373	7.94182	-1.0208391	2.4905035
fruit_and_vegetable	2.0115175	7.881736	-1.3400419	2.197704
fruit_juice	1.7347289	8.351269	-0.7851256	2.1360788
fruity	2.232264	8.24553	-0.90892756	2.2722738
fry	1.6234729	8.068026	-0.82084996	2.800246
fry_food	1.7836317	7.9554696	-1.0722857	2.2771745
fuck	5.066253	8.405817	1.4836005	1.0540216
fuck_my_life	4.780646	8.640784	-0.8135252	1.9575489
fuck_suck	5.4681926	8.16686	-0.5110068	0.86542547
fulfil	5.182604	8.499396	-0.116527304	0.82875717
full_anesthesia	7.648436	10.639212	-1.7079077	2.4214277
full_breath	2.9885728	7.704141	-1.387999	3.6316736
full_cover	8.297608	10.636218	-2.1916754	1.7583704
full_deep_breath	2.9773092	7.760572	-1.4763514	3.5651834
full_extent	5.5227704	8.454202	0.07847324	1.180399
full_fledge	5.6743436	9.073066	0.9131712	2.3866084
full_go_away	4.544433	8.260499	-0.24744928	1.4365102
full_of_air	4.167866	6.222267	0.03158508	2.7660182
full_of_gas	4.1826515	6.2385483	-0.01097162	2.747562
full_price	7.8066263	10.498135	-1.9531318	1.923997
full_recover	5.3408184	9.687448	0.3449704	2.2390747
full_relief	5.309585	9.056751	0.93645227	2.0911646
full_spectrum	4.917523	8.3084545	-0.68471587	1.5699775
full_stomach	2.2523592	8.0474205	-0.5334401	2.5113785
full_term	5.122843	8.597652	-0.024671642	0.9215665
full_wear_off	5.9029627	10.22642	0.7846498	2.542769
fullness	3.853086	6.6186757	0.17565985	1.3186258
fun	2.5217614	8.295215	0.050403256	1.7725694
fun_fact	5.100974	7.764349	0.055293854	0.105747186
function_correct	5.6225176	5.7612214	-0.48125908	3.2039516
functional	5.8285484	6.832648	-1.565217	1.2717829
functional_dyspepsia	5.8753924	6.8859377	-1.5324855	0.55644244
functional_medicine_doctor	6.6141834	8.098243	-1.6603625	0.8017252
fund	8.461608	10.279644	-2.1022398	1.1121755
fundamental	6.4237103	8.976877	-0.14872815	0.77342993
funding	8.226904	10.010701	-2.0338953	1.0707921
fundoplication	6.114537	7.47315	-1.4721917	0.8605802
funny	4.9132714	8.272822	1.6566331	1.2927357
funny_noise	4.0991397	7.927706	1.2719699	1.5683154
furniture	4.6941333	7.3018765	-0.2022013	3.8860748
fusion	5.7788415	7.9918575	-1.4661762	1.9016755
fuzzy	4.318857	8.306965	-0.18611628	2.724463
ga	7.683938	10.846786	-1.5367464	2.5721486
ga_procedure	7.202507	10.371818	-0.8951914	2.2495062
gad	5.2120404	6.863816	-0.8656468	0.5468353
gag	4.358105	7.083836	1.7776861	2.1043768
gag_a_lot	4.150947	7.8071284	0.32144615	2.1465423
gag_and_dry_heave	4.433229	7.536008	0.9771955	2.062818
gag_fit	4.4518447	7.79023	0.75819826	1.6179312
gag_method	5.5380135	7.7164264	0.62041354	3.0001602
gag_myself	4.4341664	7.0980105	1.7652504	2.2441587
gag_reflex	4.396461	7.0908628	1.7462158	2.2064433
gag_reflux	4.3546743	7.2824197	0.40848693	2.5220938
gag_sensation	4.068702	7.3050423	0.032378398	2.1401708
gag_trick	5.058834	7.7533145	0.79975164	0.9592513
gag_yourself	4.643289	7.154273	1.3945116	2.7006457
gain_weight	2.7832434	7.8068056	-0.6236961	1.5795469
gall_bladder	5.7761707	7.8936234	-1.4288651	1.536513
gallbladder_issue	5.779364	7.151786	-1.1824208	0.63288414
gallbladder_remove	5.095497	8.063593	-0.6897014	1.0783453
gargle	4.1567492	7.769807	1.6097068	1.8905227
gargle_sound	4.2109036	7.941697	1.076826	1.6709075
gargouillement	5.370653	8.462972	-1.934439	2.1818523
garlic	1.7340822	8.039593	-0.99923027	2.2892358
garlic_onion	2.2293305	7.9149027	-1.3578144	2.1377907
gas	4.1990914	6.119471	0.033339877	2.7565057
gas_bubble	4.3403716	6.350381	0.26832336	3.2171223
gas_build_up	4.0312862	6.2304397	0.13701437	2.394327
gas_buildup	3.99619	6.3393035	0.02710584	1.8653637
gas_cramp	4.1610584	7.279576	-0.15771122	1.3439587
gas_escape	4.6520653	7.026192	0.16715075	2.918055
gas_in_colon	4.802028	6.592196	-0.79669565	2.5436552
gas_in_my_stomach	4.1010275	6.300095	0.052295115	2.5136042
gas_induce	2.2019508	7.9762244	-1.233287	2.178604
gas_inside	4.5218196	6.8953137	0.07572315	2.6142952
gas_move	4.4123006	6.4537225	0.27517894	3.4000196
gas_pain	3.792178	6.519467	0.27685976	1.1648777
gas_pass	4.2941403	7.238257	-0.14332338	4.0017004
gas_pressure	5.0328493	5.9597063	-0.67347795	2.5261793
gas_produce	2.1360798	7.803761	-1.3377231	2.1928236
gas_production	3.857954	6.75437	-1.0831999	2.1288204
gas_release	4.695753	7.990896	0.98837847	2.4705281
gas_rise	4.414419	6.606438	0.38198414	3.3194282
gas_stuck	4.3747544	7.3861	0.047959752	2.4752054
gas_trap	4.136802	6.3220534	-0.09550261	2.1560047
gas_trap_inside	4.903106	6.7093763	-0.7750756	2.2504654
gas_x	2.3000407	7.6271462	-2.131802	2.8729448
gaseous	4.4792433	6.3649316	-0.82001704	2.4801867
gaseous_distension	5.8180013	7.528653	-1.4362019	1.4664321
gaslight	7.59587	8.534499	-1.5486648	0.2286931
gaslight_by	7.235942	8.348488	-1.3222965	0.24544771
gasp	4.2569265	7.9349666	1.45694	2.0500221
gasp_for_air	3.4904258	7.5046864	0.32700887	2.9176333
gassy	3.131121	7.439635	0.61770624	1.6493318
gassy_food	1.7541654	7.814595	-1.0724285	2.2476416
gastric	4.8275986	5.978862	-0.7706451	2.2204328
gastric_burp	4.785796	8.503066	0.96734256	2.4343474
gastric_empty_study	7.642475	8.552095	-2.3626497	1.0708357
gastric_empty_test	7.7116356	8.470026	-2.406928	1.0234828
gastric_sleeve_surgery	5.249643	8.280986	-0.24554059	0.2984854
gastritis	5.6462145	6.2672524	-1.2413453	0.26899156
gastro	8.406416	9.128419	-2.1546266	0.36265212
gastro_doctor	8.062155	9.145225	-2.0767329	0.52060115
gastro_issue	5.8217654	6.625759	-1.3135151	0.27245924
gastro_specialist	7.8940344	9.205979	-1.9791012	0.52369815
gastro_symptom	6.229802	7.617387	-1.2902162	0.8772953
gastro_who	7.5153966	9.064875	-1.9978966	0.90447515
gastroenterologist	8.36524	9.101093	-2.1208131	0.3550461
gastroenterologist_who	7.797572	9.11633	-1.9138068	0.5454567
gastroenterology	8.0249605	9.752747	-1.766987	0.6168569
gastroesophageal	5.211358	7.5701528	-1.1927933	2.195742
gastroesophageal_reflux	6.1992793	7.864252	-1.4407686	1.0361487
gastroesophageal_reflux_disease	5.741838	7.5408325	-1.4126408	1.03988
gastrointestinal	6.056459	6.8347793	-1.6099802	0.68253464
gastrointestinal_issue	5.7896876	6.741918	-1.2779069	0.39453313
gastrointestinal_system	4.963107	8.151973	-0.8627729	2.2813213
gastroparesis	5.894042	6.2748094	-1.3881611	0.32455623
gastroptosis	6.3817124	8.509431	-1.172331	1.0374647
gastroscopy	7.9743047	8.438946	-2.6078238	1.0598602
gasx	2.3416207	7.6388917	-2.0263178	2.80449
gatorade	1.775857	8.273697	-0.7094766	2.4902077
gaviscon	2.3406909	7.596748	-2.324049	3.0134857
geez	6.05426	9.337981	0.22955686	0.8793643
gel	2.0177588	8.125319	-0.9626543	2.8044786
gen	5.394302	8.649801	-2.269862	2.2783303
gender	6.0987325	7.679105	-1.0004112	0.6730637
general_anaesthesia	7.4284186	10.61671	-1.6042162	2.268098
general_anesthesia	7.635756	10.781911	-1.5698133	2.657199
general_anesthetic	7.664737	10.788676	-1.5654505	2.617177
general_anxiety	5.156273	6.9977026	-0.3601542	0.45290488
general_combien_unite_de	5.4803658	8.6536	-1.171033	1.6650478
general_discomfort	4.096052	6.8923984	-0.092523664	1.1976062
general_physician	7.724082	9.318536	-1.8211952	0.571991
general_population	6.144462	7.0437756	-0.95084006	0.4248014
general_practitioner	7.99302	9.412919	-1.9336959	0.5307287
general_public	5.965159	8.085914	-0.6886947	0.56113553
generalize_anxiety_disorder	5.522431	7.7160454	-0.7549054	0.48005083
generate	5.0971246	7.055408	-0.257152	3.0519853
generic	2.5863247	7.782118	-1.8282595	2.7016664
generous	6.611171	9.458273	-1.1831621	1.3639257
genet	5.4170065	8.649236	-2.059092	2.181294
genetic	6.1402974	6.8615193	-0.7929638	0.29492098
genetic_analysis	7.0499725	8.57346	-1.329438	0.52172005
genetic_factor	6.993428	8.234809	-1.429852	0.5110263
genetic_test	6.323216	8.115596	-1.4726064	1.0841846
genetic_thing	5.8519807	7.9611664	-0.40972102	0.5011248
genetics	6.05267	7.0169377	-1.0604496	0.74837166
gentle	4.775444	6.7161245	0.42773938	4.2136817
gentle_press	4.995765	7.003791	0.04687169	3.8210995
gentle_rub	4.7184057	7.0931177	0.06373189	4.1659384
gentleman	6.4235206	9.194717	-0.7093238	1.0990691
genuine	6.021007	9.008391	0.8206015	0.27361223
genuine_believe	5.920661	7.4064093	-0.71130836	0.862852
george_washington_university_hospital	7.0829206	10.4649725	-1.0643783	1.4125013
gerd	5.6613703	6.2231236	-1.2501231	0.30209565
gerd_acid_reflux	5.9853134	6.6424904	-1.3889192	0.5335449
gerd_and_ibs	5.539326	7.6975923	-0.6463495	0.66243154
gerd_and_r_cpd	5.630653	6.8293257	-1.315723	0.5279228
gerd_lpr	5.867003	6.8947463	-1.5227993	0.6489054
gerd_symptom	5.4061117	6.4539933	-1.0775175	0.7492151
germany	8.384823	10.292025	-2.0128953	1.0318829
get_100_unit	7.284952	11.04197	-0.5503473	2.3484414
get_a_cold	3.7196486	7.2914505	0.259568	1.8687319
get_a_referral	8.348175	9.612945	-1.9452628	0.53228545
get_a_wedge	3.1110528	7.38012	-0.29861164	4.0415463
get_catch	3.384659	7.6720605	0.13377099	3.0764737
get_diagnose	7.9930205	8.636389	-1.8276299	0.25311813
get_discourage	6.27762	9.569853	0.3768668	0.9449368
get_drunk	1.9344682	8.302986	-0.1355968	1.9169006
get_mine	7.605271	11.027371	-1.1332923	1.472313
get_nauseous	3.5421324	7.2317	0.9565041	1.4281657
get_old	4.909112	7.28259	-0.07799733	-0.053271584
get_pregnant	4.857348	7.878997	0.61741924	0.6078435
get_refer	8.318255	9.450943	-1.9482865	0.46988356
get_rid	4.2714624	6.469231	0.46874034	2.6909416
get_sick	4.232204	7.158262	1.5530211	1.342442
get_stomach_ache	4.0764737	7.3450527	0.15837656	1.0658424
get_stuck	3.5224948	7.3261137	0.41169915	3.169829
get_tired	3.885734	8.231161	0.076331355	2.87821
get_trap	4.3549314	6.333698	0.34702265	2.9485054
get_up_and_microwave	3.671568	8.379802	-0.4242624	2.0444005
get_use	5.2902865	8.255264	1.3814619	3.2550023
get_worse	4.2390637	6.862721	-0.061543766	0.5763712
get_worse_with_age	5.640657	6.878474	-0.6703406	0.0684744
gi	8.389228	9.096458	-2.153762	0.3673444
gi_doc	8.440325	9.136318	-2.1989655	0.34497908
gi_doctor	8.425593	9.159862	-2.1397648	0.3416951
gi_issue	5.526896	6.359192	-0.9834697	0.08906622
gi_problem	5.792846	6.7429566	-1.3016447	0.35821438
gi_referral	7.465404	8.860897	-1.809578	0.6735115
gi_specialist	8.40881	9.196884	-2.1385362	0.36477184
gi_symptom	5.7913766	6.748318	-1.1280183	0.3447218
gi_system	5.269556	6.6632695	-1.0305907	1.8201503
gi_test	7.771934	8.725517	-2.1129684	0.69805974
gi_tract	4.7072515	6.1449027	-0.7563801	2.5290978
gi_who	7.7461333	9.467917	-1.7523296	0.59977853
giant_burp	4.8444195	8.35315	1.2451403	2.2454383
giddy	6.3440514	9.799165	0.37886462	0.86580694
gigantic	4.7547045	8.116673	1.1198214	2.5025034
gin	1.7599127	8.448355	-0.7335294	2.113703
ginger	2.1589336	7.717418	-1.713538	2.6239295
ginger_ale	1.5187527	8.368757	-0.4534933	2.238542
ginger_beer	2.7604008	8.255851	-0.7448032	2.0703292
ginger_chew	2.6998794	7.8169026	-1.7383293	2.5893745
ginger_tea	2.3210664	7.715505	-1.7668605	2.6748624
gird	5.96906	6.92914	-1.4716011	0.6695917
girl	5.0122886	8.332265	1.6445777	1.1455041
gis	8.133858	9.070047	-1.7922676	0.27562734
give_your_body	5.578701	8.113578	0.99664825	3.2352848
glad_to_hear	6.7751236	10.097743	0.6303043	0.5242982
glad_you	6.7096825	9.917219	0.64883685	0.36163455
gland	4.9319	6.638149	-0.53639907	3.2407963
glass	1.6125721	8.408355	-0.60193807	2.179345
glass_of_water	2.359856	8.208528	-0.60564166	2.7792337
globus	4.722346	6.389735	-0.53599024	1.2631729
globus_sensation	4.098569	6.568581	-0.08308405	1.3711264
gluten	1.9132916	7.7002935	-1.3911054	2.149852
gluten_and_dairy	2.502835	7.745853	-1.7059749	2.280752
gluten_dairy	2.2358987	7.834689	-1.515348	2.1907082
gluten_free	2.256029	7.801647	-1.5714036	2.2016213
gluten_free_diet	4.621387	7.8783455	-0.9331852	1.1022829
gluten_intolerance	5.774283	6.79408	-1.3605185	0.37020048
gluten_intolerant	5.733249	6.7273817	-1.5615708	0.6437903
glycerin	4.6227007	8.086526	-0.88496673	2.5295422
glycinate	5.182602	8.561656	-1.1409484	1.9127327
gnarly	4.6275434	7.9422727	0.38017094	2.2496126
gnaw	3.9513028	6.9861484	0.033779185	1.6793238
go_along	6.1817517	8.625286	-0.56641144	0.35618594
go_down	1.9922407	7.961205	-0.309779	3.2108104
go_keto	2.6739476	8.004247	-1.098415	2.2471066
go_private	8.412723	10.423615	-2.034114	1.2146311
go_strong	5.8217916	10.159596	0.6381434	2.297087
go_swim	3.9165852	8.24835	0.012908056	1.6802775
go_to_a_gastroenterologist	7.981973	8.977471	-2.1247334	0.59719867
go_to_bastian	8.182133	10.584133	-1.9203669	1.3635389
go_to_bed	2.749639	8.143642	0.2207481	2.3124442
go_to_burst	4.0506706	7.163198	0.28652304	2.4144847
go_to_bvi	8.29344	10.610853	-1.9651705	1.3745892
go_to_chicago	8.321208	10.632398	-1.9421555	1.3305428
go_to_doctor_bastian	8.346251	10.630094	-1.959808	1.3115003
go_to_doctor_spiegel	7.0397778	10.036912	-1.2295064	1.4014088
go_to_sleep	2.8782525	8.173204	0.19939795	2.4152143
go_to_the_bathroom	4.3328376	7.1650753	1.7095077	2.2567663
go_to_the_restroom	4.131037	8.091935	0.19915171	2.134972
go_to_the_toilet	4.332394	7.2160783	1.6352814	2.1891654
go_under	7.6114907	10.775783	-1.5723752	2.6549008
go_vegan	5.1282334	7.895628	-0.76227283	0.93754965
go_wrong	6.5994906	8.151885	-0.9815148	0.99373025
god_awful	4.536631	7.973832	0.904208	1.993137
god_forbid	5.1221223	8.932228	-0.5903282	1.7833468
goddamn	5.1895123	8.394327	0.38287237	1.4363396
godzilla	4.7510333	8.0697365	1.2757524	1.9500438
good_alternative	3.1159847	8.246442	-0.8971422	2.0666168
good_chance	6.857419	8.916693	-1.1673112	1.1335478
good_decision	6.2553644	10.401526	0.41137746	1.3513001
good_lord	5.839398	9.24888	0.25379875	1.053179
good_luck_on_your_journey	6.4683456	9.372398	0.056668695	0.7730828
good_money	8.094129	10.85078	-2.0509574	2.0625315
good_news	6.5306096	9.939335	0.49645245	0.713747
good_outcome	6.50516	9.888439	0.4931972	0.8112416
good_posture	5.1731005	7.1062183	0.27646947	4.1332145
good_resource	7.159981	9.015209	-0.790132	0.36751398
good_samaritan	7.16688	10.175041	-1.6492375	1.6027781
good_success_rate	7.3422675	10.195131	-1.0279837	2.0109582
good_to_hear	6.605089	9.920908	0.6147128	0.54559404
good_to_know	6.5281434	9.809364	0.62905747	0.51681906
good_vibe	6.5905566	9.750111	0.049418468	0.6660025
goodbye	6.1608777	9.21946	0.068702474	0.6161516
goodness	6.233739	9.643089	0.41351736	0.84802186
goods	2.626447	8.277902	-1.0003023	2.2092822
goody	4.71372	8.435099	-0.6299002	2.124609
gord	5.9913836	6.6952314	-1.2859695	0.42264473
government	8.207108	10.2642565	-2.0965424	1.3866422
gown	5.631548	8.801446	-1.6941491	3.4429724
gp	8.449682	9.34379	-2.0682497	0.3648894
gps	8.178977	9.077315	-1.747806	0.21193717
grab	3.9587817	7.0178456	0.1876306	4.158719
grab_something	4.5392365	7.3845334	1.0664469	2.784631
grace	4.7651935	8.244628	-0.78193915	2.3643644
gracias	5.37372	8.345074	-1.6721325	2.0669794
grade_school	4.9488754	8.038124	0.29735726	0.5474845
gradual	5.453052	9.716718	0.8937872	2.4515643
gradually_get_better	5.2932153	9.654361	0.4887714	2.240211
gradually_get_worse	5.0553727	7.9846807	-0.3919348	0.41087627
gradually_over	5.1876426	9.532013	0.33569777	2.1699388
gradually_worse	4.8733068	8.171975	-0.457926	0.97306305
grain	2.1127074	7.8483977	-1.4383636	2.2354734
granola_bar	2.5403888	8.268393	-0.7574394	2.3626926
graphic	6.8317337	9.1052	-0.83092254	0.5623315
grasp	5.454368	8.050129	0.6124581	1.1910231
grateful	6.4176264	9.459448	0.6876721	0.17884643
gratitude	6.626318	9.560634	0.19248468	0.3654455
grave	5.923941	7.925205	-1.4552785	1.504334
gravelly_voice	4.1761947	7.3768134	-0.050964426	1.8532995
gravity	4.687564	6.5955496	0.37496597	4.0659328
gravol	2.6664753	7.8322506	-1.9667876	3.3237996
grease	1.7583063	7.940407	-1.1012353	2.3576825
greasy	1.9566698	8.046988	-1.0208131	2.23217
greasy_food	1.767886	7.95362	-0.91905874	2.2414875
great_choice	6.141401	9.83921	-0.26167706	1.8589848
great_community	6.6443987	9.276865	-0.28872645	0.48780674
great_deal	5.218635	8.681638	-0.5979854	1.5312456
great_difficulty	5.530164	7.5491734	-0.5347346	0.37435335
great_improve	4.9717684	8.148056	-0.20047729	0.5936483
great_news	6.7040453	9.986189	0.49442482	0.56255287
great_ormond_street	5.7437844	8.627334	-0.84744877	1.0302706
great_point	6.1151996	9.267149	0.25905895	0.75623566
great_shape	4.578384	7.7490544	-0.15606532	1.4428719
great_sign	5.380295	9.31115	1.0079436	2.4103396
great_so_far	7.136478	10.499299	-1.0374085	1.5593112
great_success	6.9322257	10.603214	-0.62144536	1.9180486
great_to_hear	6.8032856	10.0041895	0.5625697	0.4347319
greek_yogurt	2.123749	8.179234	-1.0112505	2.565858
green_tea	1.9205532	8.218996	-0.9827599	2.278217
greet	5.4526486	8.733115	-0.7089092	1.7655281
greeting	6.7620034	9.209135	-0.50419855	0.4721072
grief	5.372532	7.6970553	-0.43042335	0.7423279
grill_cheese	1.7643058	8.167552	-0.6279115	3.0313926
grimes	5.9767156	8.821977	-0.37142718	0.88268805
grin	4.9592724	8.051154	-0.13885003	2.5504553
grind	4.776202	7.4209642	-0.08652232	3.1882353
grind_my_tooth	5.386859	7.483497	-0.45230055	1.461274
grip	4.7779975	7.303692	-0.27911946	3.7644804
grip_sock	5.575812	8.763236	-1.6662428	3.3600059
groan	4.276996	7.8097744	1.5428623	1.9523908
groggy	4.176529	9.506424	0.16248608	2.91571
gross	4.472195	7.9070845	1.6445416	1.6858722
gross_but	4.309375	7.81556	1.436188	1.829099
gross_out	4.9922094	8.149405	1.2225161	1.2365953
ground_beef	2.796888	8.207389	-1.0444368	2.3475287
group	7.3289504	9.295031	-0.15873305	-0.38347277
group_chat	6.807427	8.891422	-0.7964507	0.4080872
grow_old	5.1954074	7.594234	-0.5537287	0.49973106
grow_out	5.2671347	7.4927454	0.36240208	-0.16615056
grow_up	5.210948	7.4957876	0.4450827	-0.21965177
growl	4.2860527	7.895438	1.6744951	1.8888786
growl_noise	4.2717757	7.963455	1.2964573	1.791278
growth	5.743697	7.191144	-1.5196623	1.7689179
grumble	4.245389	7.786146	1.4509697	1.929334
grunt	4.7344313	8.055082	1.2611879	2.1789236
grupo	5.3272753	8.232548	-1.3010418	1.923396
guardian	6.6919613	8.896016	-1.3082644	0.99164516
guest	5.508116	8.723546	-0.72729903	1.7572154
guide_injection	7.0816135	9.956716	-1.3550947	2.3078635
guinness	1.6760584	8.453676	-0.6412183	2.0503254
gulp	1.7486533	8.154474	-0.40525797	2.9528723
gum	1.7351308	7.9874773	-1.0859513	2.395071
gummy	2.473154	8.079148	-1.3323339	2.5130975
gurgle	4.1193414	7.775521	1.6357577	1.8353397
gurgle_a_lot	4.249862	8.071138	0.7619698	1.9313853
gurgle_and_croak	4.34703	7.9827027	1.1092623	1.8387105
gurgle_attack	4.5052505	7.82173	0.16713579	1.6630234
gurgle_croak	4.2063146	7.810648	1.603418	1.8957298
gurgle_episode	4.245509	7.923306	-0.10300413	2.031197
gurgle_frog	4.475588	7.965334	1.4434662	1.8055874
gurgle_like_crazy	4.2504716	7.909499	0.5237083	1.9640647
gurgle_noise	4.1637444	7.8156323	1.6580952	1.8227688
gurgle_sound	4.142194	7.8084345	1.6582477	1.8250014
gurgler	5.375816	8.456274	-0.034317438	0.47457054
gurgly	3.522217	7.4881845	0.9290955	1.6778537
guru	7.5721	9.542567	-1.636262	0.6666031
gut	4.4641805	6.034291	-0.7113349	2.413288
gut_flora	4.3851976	6.850606	-1.1562828	2.2568686
gut_health	5.77981	7.4781237	-1.0990502	1.031166
gut_issue	5.6758356	6.588157	-1.2135496	0.6880233
gut_microbiome	6.1197667	7.4762473	-1.0157973	1.1118348
gut_motility	2.8619235	7.5531545	-1.5741992	2.3416166
guttural	4.756754	8.217424	1.0385629	2.3574593
gwu	7.5584445	10.563838	-1.4500129	1.3041761
gwuh	6.9835777	9.94292	-1.3587085	1.253244
gymnast	5.1003475	7.7634177	0.026943915	0.18516077
gynecologist	6.1766987	7.6851726	-1.2678493	0.7945194
h2_blocker	2.4750133	7.6375947	-2.3965852	3.118486
h_pylori	5.91068	6.4883885	-1.5543258	0.42323315
h_pylori_test	7.595382	8.410236	-2.389479	1.0694889
habit	5.2177677	7.170098	1.1006922	3.4815106
hagen	5.3867154	8.681058	-2.4631176	2.3379097
hahaha	5.1131845	8.420909	1.5395195	1.1006017
hahahaha	6.0121627	9.31129	0.4198772	0.76631397
hair_net	5.612909	8.784804	-1.6747751	3.3863378
hairnet	5.561869	8.740403	-1.6466128	3.3733406
half_way	4.7885413	7.6707115	0.20071076	3.1259887
half_way_through	3.214297	8.300993	-0.16869263	1.8091714
halfway	4.8816853	7.8263626	-0.58961034	2.9999359
hallmark	5.57494	7.9345317	-0.7481464	0.87254936
hamah	5.3305755	8.64805	-0.51615113	1.7564654
hamilton	6.010603	9.111113	-0.95914054	1.390711
hamstring	4.9976096	6.778593	-0.65266395	2.9868753
hand_and_knee	5.0197024	8.3094635	-1.0396808	2.17279
hang	4.6418405	6.6807914	0.1981919	4.2320676
hang_in_there	6.6590743	10.121306	0.6894714	0.72158194
hang_out_with_friend	3.402592	8.353782	-0.058431804	1.6371758
hang_over	4.0537095	8.036864	0.041808806	2.403084
hangover	3.588756	7.847529	0.139038	1.3531433
hank_green	6.5863643	9.063178	-0.31889108	0.23969206
happen_a_lot	4.3372617	8.087357	0.66879386	2.0250323
happen_automatic	5.2045255	7.9381933	0.61853206	2.137991
happen_natural	5.4796963	8.056205	1.2040366	3.331433
happen_on_its_own	5.0781493	7.625733	0.76560766	3.470618
happen_on_their_own	4.854406	8.147853	1.1968198	2.7951355
happen_spontaneous	4.6911664	8.131916	0.8657055	2.2108696
happy	6.5647316	9.9007225	0.76205724	0.38088873
happy_cake	5.147736	9.458457	0.081209786	1.9124408
happy_tears	5.6833572	8.923638	0.45809358	0.4593287
happy_to_answer_any_question	6.82632	10.02226	0.48609814	0.47483474
happy_to_hear	6.7407002	10.015058	0.58014774	0.5139293
happy_to_share	6.804593	9.537202	-0.011499541	0.39879426
har	5.362562	8.735728	-2.9870481	2.4746978
hard_liquor	1.7806084	8.437527	-0.68520206	2.0569997
hard_time	2.4444926	7.9847264	-0.15122028	3.1654067
hard_time_breathe	4.091268	7.349717	0.043965183	2.2470589
hard_to_breath	3.87692	7.658963	0.9409054	1.3450142
hard_to_breathe	3.681964	7.326799	0.7479206	1.3989254
hard_to_control	4.619286	8.510936	0.3218143	2.57332
hard_to_describe	4.7460647	8.1607065	0.67484033	2.362438
hard_to_swallow	1.8067354	8.123953	-0.5477408	3.0998814
hard_to_talk	4.907471	9.146443	0.52446824	2.2104833
hardly_any	5.193859	9.597083	0.32118818	2.1541376
hardly_eat	3.0362744	8.16545	-0.6278389	2.1057775
hardly_ever	4.1047564	7.3945208	0.8264734	1.4123278
harness	5.665371	8.798202	0.96605617	2.680259
harrowing	4.3624206	7.4461036	-0.16127802	1.5003611
harsh	4.745802	7.450569	-0.5116446	2.0621808
hashimoto	6.0125313	6.916306	-1.6108824	0.7273978
hate	4.9441104	8.286632	1.4768556	1.1023772
hate_my_body	4.53416	7.9198294	0.057696894	0.95456225
hate_throw_up	4.8704085	7.6408486	0.91170716	0.84566855
hate_vomit	4.9108067	7.5345964	0.9304562	0.72888327
have_a_cold	3.736369	7.1563826	0.23258665	1.8469566
have_a_egd	7.6874065	8.568027	-2.3966644	1.0871627
have_a_handful	5.2583737	9.572068	0.6596605	2.1126556
have_a_hiatal	5.862648	6.2979193	-1.4252285	0.41157138
have_a_hiatus	5.881192	6.346944	-1.4613229	0.43552
have_a_lump	4.059651	8.890982	0.2769349	3.1299827
have_abdomino_phrenic	6.0130734	7.4429803	-1.3015501	1.0106611
have_bcbs	8.199091	10.576004	-2.135949	1.712727
have_be_able	5.2656465	8.695673	1.5339301	2.6873431
have_food_poison	4.6855736	7.5194755	1.0194606	0.70088935
have_no_clue	8.019556	8.675474	-1.775953	0.22024737
have_r_cpd	6.0718813	6.6099234	-0.87262803	-0.14487542
have_the_ability	5.27038	8.458153	1.4873947	2.5020864
have_trouble	2.538423	7.9652925	-0.12816547	3.1452465
havoc	4.4996257	6.4606676	-0.33854625	2.5824516
hawaii	6.1462173	9.495768	-0.86763394	1.4234924
hay	5.378745	8.550313	-2.2394729	2.2680101
hca	7.5696006	10.594746	-1.8084183	1.908538
hca_shard	7.242644	10.19633	-1.5554013	1.5690612
hcl	2.4859085	7.692223	-2.1954134	3.005354
he_immediately	7.577703	9.095134	-1.8593278	0.5822655
he_inject	7.359821	10.572517	-1.0690063	2.4517722
he_mention	8.194744	10.0003	-1.7199968	1.1750191
he_offer	7.263645	10.212507	-1.290697	1.5783674
he_prescribe	2.443926	7.6142864	-2.4608297	3.1372662
he_put	7.8737583	8.647995	-2.5689955	1.4606441
he_recommend	7.700628	10.267212	-1.681568	1.1900891
he_refer	8.247634	9.303226	-2.0234408	0.4491196
he_require	7.6007457	9.905303	-1.67474	1.029328
he_spray	5.7946773	8.286176	-1.5059729	3.827479
he_suggest	7.8708186	8.698091	-2.471072	1.1753557
head_and_torso	3.0392654	7.4501143	-0.41254386	3.8851788
head_cold	4.510486	7.8971825	-0.22139876	1.191721
head_forward	5.1645164	7.2032022	0.2627869	4.06705
head_left	4.9517217	7.045543	0.556079	4.2643185
head_movement	5.294905	7.154641	0.47730508	4.1805706
head_neck	5.4485745	7.065614	-0.039936062	3.8059096
head_position	5.188768	7.0316358	0.72656596	4.2626953
head_shake	4.783824	7.9623566	0.2234637	2.002389
head_sideways	4.9836593	7.2684274	0.45987204	3.99733
head_slightly	4.8520575	7.1752634	0.31099173	4.196021
head_tilt	5.052864	6.998944	0.7654041	4.260472
head_turn	5.143441	7.0904145	0.93637407	4.193819
headache	3.971995	6.422085	0.07786818	1.1286374
headache_fatigue	5.0650773	7.6000476	-1.1116915	1.9420199
healing_process	6.005108	9.571504	0.07766219	1.4303637
health_anxiety	5.1216435	6.842403	-0.3188212	0.41806853
health_care	8.28413	10.282538	-2.1347685	1.3382901
health_condition	6.0851007	7.0106406	-1.1902599	0.80407226
health_insurance	8.419111	10.480108	-2.1715913	1.4245837
health_insurance_cover	7.6175895	10.582044	-1.7436407	2.207935
health_insurer	6.8249307	9.72059	-1.0840752	1.196097
health_issue	6.1271834	6.6082907	-1.039356	0.024488337
health_problem	6.297777	7.565023	-0.9213396	0.30674222
health_related	5.5080676	7.7536936	-0.8105633	0.76658815
health_risk	6.25269	8.837603	-0.8682718	1.2645702
healthcare_professional	6.854106	8.323433	-1.1993849	0.536671
healthcare_provider	7.4232793	9.324483	-1.5122762	0.65179265
healthy_person	4.782539	7.379202	-0.62766665	2.1140597
healthy_weight	4.679489	7.7902966	-0.38827863	0.34919783
hear_about	6.998889	9.672115	0.23752342	0.16823263
heart	5.0008225	5.9504986	-0.4986346	2.8880296
heart_burn	4.166097	6.4218645	-0.09127866	0.9437638
heart_issue	6.1913304	7.4398117	-1.5173708	0.7567533
heart_monitor	7.7019663	8.311199	-2.5231783	1.1388334
heart_palp	5.658917	7.99436	-0.5722326	0.7859653
heart_palpitation	4.0125985	6.4175878	0.08598103	1.0472039
heart_problem	5.507876	7.2492476	-0.6858642	0.65077645
heart_race	4.618522	7.237921	-0.4988125	1.9195181
heart_rate	4.962922	6.759339	-0.76230234	2.648854
heart_related	6.0209007	8.378613	-1.5540018	1.5478537
heartbeat	4.2764964	6.825506	-0.19284794	2.3761427
heartburn	4.1707587	6.355435	-0.1087348	0.9381258
heartburn_acid_reflux	4.583629	7.542642	-0.46003333	1.1855972
heartburn_and_reflux	4.92113	7.3393326	-0.8936853	1.0539736
heartburn_indigestion	5.381012	7.8141065	-0.6848247	0.75087523
heartburn_medication	2.6655087	7.7446346	-2.2319102	3.211902
heartburn_reflux	4.892663	7.3631315	-0.8714357	1.0921092
heat_pad	4.345774	7.3014574	-0.22404906	4.0073776
heat_therapy	5.185525	7.235733	-0.35039932	3.6852784
heave	4.3596106	7.162376	1.73216	2.0420833
heave_gag	4.860408	8.045969	-0.2714781	1.598895
heaven	5.6600685	9.092153	0.24359864	0.88942236
heaviness	4.499878	6.9895673	-0.47551498	2.4731758
heavy_exercise	2.8419368	8.087028	-1.0448558	2.108677
heavy_meal	2.178462	8.08802	-0.18954855	2.356389
heds	6.132904	6.696647	-1.0786153	0.13871807
heel_drop	5.929445	7.4706917	-0.036614772	3.4179847
hehe	5.621153	8.914156	-0.09236071	1.0808766
heighten	4.4566193	6.849184	-0.18300633	0.9652112
hella	5.809869	9.42011	0.4805759	1.109409
hello_everybody	5.990733	9.059271	-0.082735464	0.8190831
hello_fellow_no_burper	6.3837786	9.048392	-0.02929394	-0.07633976
hello_fellow_noburper	5.5606093	8.474339	-0.1876756	0.20342806
hello_friend	5.6921525	8.754222	-0.47733378	0.6716609
help_a_bit	2.2851505	7.654312	-1.8414782	2.7208908
help_a_little	2.322955	7.662483	-1.7667333	2.6674464
help_a_lot	2.2483225	7.6576233	-1.8082767	2.7269495
help_loosen	5.576499	7.174154	0.11719321	3.7939994
help_prevent	2.8740764	7.695864	-1.749547	2.515492
help_reduce	3.9791315	6.4539022	-0.89038193	2.0125794
help_relieve	3.9562929	6.5801764	-0.26848316	1.4227262
helpful	7.4047427	9.273298	-0.40365514	0.32811612
helpful_response	6.144649	9.384231	-0.19690908	1.0345185
helpful_tip	6.690657	9.403771	-0.23935978	0.57144356
hence	6.1947575	6.6437483	-1.423634	1.3337641
her_clinic	7.565023	10.101003	-1.6177534	1.051836
her_office	7.901115	10.592261	-1.593391	1.1568952
her_own	7.0677605	8.65584	-1.3240485	0.47213486
her_patient	7.4498005	10.5865965	-0.9022761	2.336178
her_receptionist	6.6473565	9.611899	-0.7320754	0.90526
her_room	3.8674252	8.165219	0.05317457	2.0959768
her_stomach	4.3150177	6.876133	-0.03978142	2.531867
her_website	7.556946	9.339857	-1.1959423	0.24847724
herb	2.6760268	7.8539767	-1.7611903	2.6010134
herbal	2.4450107	7.716737	-1.8052005	2.5062807
herbal_tea	2.070495	8.229067	-1.0305175	2.1487367
here_in_canada	7.5496945	9.731105	-1.7073194	0.8808947
here_who	7.239596	9.279051	-0.3800364	0.03868637
hereditary	6.149023	7.077876	-0.80966455	0.32265154
heritable_the	6.9829316	8.203294	-1.4709411	0.5136275
hernia	5.8798866	6.2499223	-1.3852898	0.38620555
hernia_and_gerd	5.941676	6.624143	-1.302019	0.6018818
hernia_gerd	5.849763	6.660213	-1.2606359	0.79313564
hernia_repair	6.058969	7.4475765	-1.3774679	0.87892795
hernia_which	5.9450088	6.543572	-1.3160726	0.6510279
hesitant	6.9824495	9.81144	-0.9808196	2.0133953
hey_there	7.020168	9.723666	-0.04250111	0.24493471
hh	5.981014	6.6835966	-1.3880627	0.65370166
hi_op	6.837183	10.220694	-0.826008	1.3059627
hi_sorry	6.748121	9.601754	-0.14649414	0.42254618
hi_there	7.138838	9.873523	-0.10484666	0.32431653
hiatal_hernia	5.935986	6.290204	-1.3424267	0.39681128
hiatal_hernia_and_no_burp	5.587358	7.720127	-1.2102877	0.99610984
hiatal_hernia_be	6.0166545	6.58531	-1.2577707	0.7300434
hiatal_hernia_etc	6.1364098	7.055559	-1.2595863	0.76032203
hiatal_hernia_gerd	5.623957	6.908317	-1.2090677	1.0991735
hiatal_hernia_repair	5.3369203	8.12098	-0.54644096	0.42599934
hiatal_hernia_so	5.8694158	7.4693775	-1.2100946	0.93666315
hiatal_hernia_which	5.6514735	6.9182816	-1.2336105	1.0058601
hiatus_hernia	5.970585	7.0116825	-1.5957367	0.719858
hiccup	4.2713823	7.8777766	1.6847415	1.9507263
hiccup_a_lot	4.3105927	7.7258162	0.15411183	1.3397204
hiccup_attack	4.3028054	7.8428497	0.664536	1.6170204
hicklin	8.008	10.682363	-1.3816643	1.6736662
hicklin_in_wimbledon	7.3164754	10.393277	-1.4380705	2.1255972
hida_scan	6.0548787	7.2636914	-1.7552738	1.2786797
hide	4.4111466	7.562616	1.2952924	2.0064564
hier	5.3983464	8.666823	-2.3493328	2.2938247
high_amount	6.7192373	9.548795	-1.079925	1.8057019
high_blood_pressure	5.936008	7.600983	-1.1284735	1.1610984
high_deductible	7.980726	10.673985	-2.0773902	2.0528164
high_dosage	7.3451242	10.639823	-0.78390706	2.505599
high_dose	7.3535495	10.906468	-0.5615448	2.5391772
high_end	6.837278	9.803957	-1.0131444	1.978748
high_fat	2.214491	7.907864	-1.3263577	2.161766
high_fiber	2.1909292	7.8597417	-1.3420328	2.1258926
high_fibre	2.2799582	7.9178047	-1.3033135	2.19014
high_five	5.8480964	9.130181	0.28888234	0.57475334
high_fodmap_food	2.2050712	7.8716736	-1.4245702	2.1532607
high_heart_rate	4.621257	7.309722	-0.6271721	1.2706658
high_hope	6.4682727	9.975936	0.05261315	1.0323764
high_incidence	6.1097407	7.6142235	-1.3276019	0.91094416
high_likelihood	6.3116655	8.254359	-0.98610216	1.0183078
high_metabolism	5.324351	7.8702054	-0.38586742	0.66910064
high_note	4.5558267	8.397123	-0.050266817	2.6774306
high_percentage	6.1466494	7.468203	-0.8239954	0.8175044
high_pressure	5.4873614	5.9469476	-0.5642403	3.0833747
high_protein	2.3298213	7.953719	-1.1316873	2.2721748
high_resolution_esophageal_manometry	6.129522	7.638435	-1.2191515	1.2562873
high_risk	6.072653	7.25705	-1.4446582	1.3731772
high_success_rate	7.5460153	10.594597	-1.1998692	2.464164
high_unit	6.687181	9.9078	-0.78064156	1.7194245
high_waist	3.8288593	7.769542	-0.2761411	1.8849087
highlight	7.158858	8.709961	-1.1303209	0.36762437
highly_consider	6.5965466	9.698046	-0.92918026	1.0941632
highly_suggest	5.5207458	8.878836	-0.5455919	1.2664452
highmark	6.8805876	9.7399	-1.2708045	1.4758021
hilarious	5.0601454	8.390556	1.5838197	1.1805397
hinder_my	4.7961144	8.005237	-0.19235379	0.94654435
hip	4.720818	6.638849	-0.03532353	3.979527
hippie	5.07037	8.245391	-0.76012236	2.167865
hirschsprung	6.061826	7.6346045	-1.4091101	0.9034533
his_chest	4.597473	6.764251	-0.26254466	3.114174
his_name	8.062798	9.559533	-1.5539596	0.30893794
his_nurse	7.621506	10.340197	-1.52621	1.1062672
his_office	8.00047	10.7126465	-1.6090808	1.2446251
his_opinion	6.6445765	9.190296	-0.9696963	1.1937122
his_pa	7.7401533	10.351783	-1.5985844	1.0919619
his_patient	7.4885154	10.5766325	-0.89921683	2.2870831
his_success_rate	7.319766	10.49048	-0.86667025	2.3147392
his_throat	4.546817	6.7160254	0.15068509	3.21769
his_video	7.32428	9.192283	-0.8053055	0.05274719
his_website	7.7792006	9.380014	-1.3138729	0.18999876
hispania	5.1581097	8.384006	-1.2104766	2.0812776
histological_abnormality	5.5324326	8.086156	-1.4036478	1.7340788
history	6.176121	6.5514374	-1.2170169	0.11679006
hit_my_throat	4.436849	7.1354485	0.23965037	3.0105333
hive	4.8223257	7.3106403	-0.74793166	1.1489391
hm	6.0029235	9.327851	0.27480057	1.0035774
hmo	8.348837	10.337454	-2.1881502	1.4023807
hoarse	4.2457066	9.079294	0.30276972	2.9074628
hoarse_voice	4.631854	9.2697935	0.2651919	2.3227654
hoarseness	4.5828214	7.684006	-0.4866379	1.9534117
hock	4.9882503	7.732342	-0.5120467	2.8149867
hoesli	7.0563664	10.553148	-0.97937286	1.5407037
hola	5.368324	8.444702	-1.7484058	2.0916448
hold_your	4.6726985	6.7826123	0.44012454	3.9479783
holdgraf	5.9026227	8.779832	-1.2682694	1.6517484
hollow	4.8367434	7.02895	-0.23021786	3.5401347
holmes	7.630885	10.580866	-1.465725	1.3208264
holy_cow	5.8444777	9.433359	-0.022291608	1.3099813
holy_crap	5.8440304	8.961184	0.3341286	0.3822164
holy_shit	5.70466	8.909312	0.4663867	0.4633369
holy_shit_i	5.893185	8.941933	0.26474166	0.27976802
home_remedy	6.0196924	7.5541353	0.3098821	3.6913116
homeopathy	6.7161093	8.5717125	-1.3175715	0.8792168
homie	6.2152715	9.099176	-0.18471403	0.60096955
hone	5.690766	8.863449	0.88793176	2.5312216
honor	6.737299	9.724991	-1.1532006	1.2498779
hook_up	5.8114433	8.317609	-1.5136452	3.761848
hoop	8.336873	10.146241	-2.1267705	1.1616355
hope_everything	6.764247	10.089043	0.62462354	0.5773092
hope_ill	6.6952996	10.017615	0.5941561	0.532253
hope_someday	6.0182786	9.657041	0.4997137	0.85163313
hopeful	6.7151217	10.0904255	0.6667137	0.5905494
hopeful_that	6.5713525	9.964895	0.5269656	0.7456268
hopeless	5.848676	9.357649	0.44415382	0.9482632
horizontal	4.2161155	7.1405315	-0.017195491	4.1247587
hormonal	5.1106668	7.8099055	-0.59488976	0.67533934
horrendous	3.663925	7.057958	0.6057812	1.1926352
horrible	3.6271667	6.9648433	0.5756544	1.1369348
horrible_condition	6.229203	9.238612	0.111772984	0.5577711
horrible_experience	5.0638227	7.4604077	0.605834	0.55616015
horrible_hypersalivation	4.2528496	7.2705593	-0.22489162	1.2645372
horrible_pain	4.156006	7.2315984	-0.07576172	1.6325458
horrid_symptom	5.0797977	7.2024903	-0.37316054	0.38402194
horrific	3.7549243	6.764711	0.35575685	1.2438308
horror_story	6.799428	9.322935	-0.2366843	0.30866295
horse_pill	2.5261695	8.115238	-0.47064412	2.831528
hospital	8.047518	10.753792	-1.9451901	1.724011
hospital_fees	7.8931203	10.751579	-2.0115516	2.0333755
hospital_gown	5.620351	8.825296	-1.7056183	3.4180589
hospitalize	3.9687414	7.662546	-0.10375135	1.4093416
hot	1.7372032	7.9696245	-0.76192	2.6790564
hot_bath	3.030992	7.739343	-1.4198526	3.577821
hot_beverage	2.4842467	8.173868	-0.95433354	2.127514
hot_drink	2.1739588	8.104739	-1.0247825	2.1950793
hot_flash	4.840672	7.973202	-0.15670507	1.0295936
hot_shower	2.8108866	7.8073072	-1.5888209	3.3767557
hot_soup	2.187781	8.0139885	-1.1787312	2.2428815
hot_tea	2.3105679	8.211539	-0.9149886	2.3982508
hot_water	1.9708617	8.125484	-1.044455	2.4044397
hot_water_bottle	4.2226205	7.2350993	-0.24459273	3.9598975
hotel	7.348039	10.744577	-1.847064	2.0741243
hotel_stay	7.495344	10.641482	-1.876021	2.0435166
hour_after_eat	2.1651022	8.041564	-0.16957922	2.6001155
hour_and_hour	3.683347	7.830784	0.34645995	1.783096
hour_before	2.1009097	8.064305	-0.2717937	2.6001368
hour_on_end	4.325175	7.7340117	0.7404468	1.7171867
household	5.1872263	8.0326395	0.0331112	0.6792268
hover_over	4.21446	7.7071877	0.90714854	2.218453
how_effective	6.661345	8.994986	-1.1123439	1.1383688
how_excite	6.2173414	9.521479	0.29236573	0.63694185
how_grateful	6.2423573	9.290241	0.33378476	0.25026533
how_many_unit	7.3316393	11.114195	-0.41660416	2.4350264
howdy	5.984043	9.032855	-0.027842462	0.43358737
hug	5.463789	8.684942	-0.4629202	1.7634137
huge_burp	4.9835114	8.940563	1.6406615	2.7706106
huge_discomfort	4.7061315	6.982349	-0.47787222	1.8152913
huge_relief	5.461964	8.177151	-0.2213103	0.42154354
huge_relieve	5.280978	9.571266	0.750302	2.0991192
hum	5.198126	7.190782	0.22341883	3.9524143
humanity	6.1823454	8.520824	-0.21741079	0.84778255
humiliate	3.8916786	7.883521	0.10259831	1.967029
hummus	2.0479586	8.172829	-0.9255686	2.6543229
hunger	3.7469838	6.7414165	0.33601406	1.6140885
hunger_pain	4.162022	7.708419	0.021146467	1.319104
hungry	3.1020687	7.437559	0.6252824	1.6434921
hungry_again	3.1301978	8.313973	-0.34382948	1.943035
hurl	4.476653	7.781444	1.1737325	2.2033772
hurt	3.7229362	7.442047	0.4857481	2.818957
hurt_a_little	4.1957817	9.245156	0.26044646	3.0425754
hurt_my_chest	4.4827433	7.727409	0.48826146	2.1112237
hurt_my_neck	5.9721313	7.6801915	0.4636221	3.8650925
hurt_my_throat	4.6120987	8.040914	0.4065851	1.9700749
hurt_so_bad	3.634173	7.4923143	0.8351644	1.6968112
hurt_yourself	5.2686186	8.127431	-0.14577433	2.3425903
hus	7.6765575	9.665411	-1.5814285	0.6508446
hyatt	5.5465035	8.801871	-1.3019644	2.0222182
hydrate	2.159996	8.16132	-0.54440993	2.8871005
hydrogen	5.4059567	7.5878434	-1.45481	1.8921819
hydrotalcite	6.351235	8.217562	-1.2440878	1.1943374
hyoid_bone	5.4134293	6.6100454	-0.7660469	3.048754
hyper_mobility	6.055001	7.2073812	-0.9448622	0.54369056
hyper_salivate	3.8594017	7.35737	0.3615022	1.9365693
hyper_salivation	3.84983	7.062908	0.17596579	1.5208279
hyperemesis	4.9718623	7.7203956	0.36099738	0.2307094
hyperhidrosis	5.0542884	8.273006	-0.799339	1.5934654
hypermobile	6.155286	6.806994	-1.0414631	0.4772064
hypermobility	6.235143	6.9400253	-1.0900445	0.5136274
hypersalivate	3.8182847	7.392033	0.34693828	1.8865232
hypersalivation	3.8610544	6.4997807	0.19315818	1.1646283
hypersensitive	5.1606917	6.781614	-0.92890143	1.7474049
hypersensitivity	5.909512	7.049047	-1.4851685	1.0833097
hypertensive	5.979237	6.6672387	-1.4571964	1.6813214
hypertonia	5.8117895	6.2958894	-1.0734634	1.8382205
hypertrophy	5.386485	7.4120555	-0.9866779	2.4068024
hyperventilate	4.0617356	7.484968	0.24759944	2.5466146
hypnosis	6.992461	8.926556	-1.2464749	0.7489477
hypnotherapy	6.0998716	7.5579247	0.05836158	3.309116
hypothesis	6.2037435	6.696161	-1.346973	1.0347918
hypothesize_that	5.9920917	7.260879	-1.2070118	1.1825526
hypothyroidism	5.9600816	7.060392	-1.4476948	0.6231831
hysteria	5.426936	8.10734	-0.07701462	0.9625294
i_off_guard	4.6559267	8.388316	1.1856967	2.0955758
ibd	6.0160003	6.831678	-1.4999789	0.504821
ibs	5.6912475	6.2843666	-1.2520095	0.20663126
ibs_and_gerd	5.757147	6.813321	-1.232015	0.5457376
ibs_c	5.3599076	6.9000163	-1.1663212	0.8593151
ibs_d	5.093205	6.9502187	-0.9187401	0.6212566
ibs_etc	5.798564	7.1015573	-1.221077	0.4697824
ibs_gerd	5.866363	6.798184	-1.6546768	0.70122373
ibs_medication	2.4594514	7.645923	-2.4359267	3.1422114
ibs_sibo	6.0267696	7.0873404	-1.6031224	0.7319831
ibs_symptom	5.2005515	6.3948655	-0.75079423	0.11825072
ibs_which	5.7537637	6.8671856	-1.2239431	0.5038621
ibuprofen	2.4220288	8.052558	-1.5462754	3.293613
ice_chip	2.542154	8.275303	-1.0198117	2.6285167
ice_coffee	1.953591	8.301872	-0.84084976	2.4988286
ice_cream	1.6572863	8.144444	-0.6504254	3.0500414
ice_tea	1.8077836	8.419216	-0.7315834	2.0903347
ice_water	2.7519784	8.273659	-0.96674895	2.662989
ich	5.3615828	8.73138	-2.9828439	2.4739945
icky	4.102531	8.046936	0.41576782	1.7357687
icky_feel	4.7521787	7.957995	-0.34921953	1.9380391
id_argue	5.964253	8.097052	-0.96963066	1.2350321
id_assume	5.5360103	8.414092	-0.33305293	1.3398337
id_estimate	4.9985814	8.570273	-0.47998944	1.6059325
id_highly_recommend	6.898762	9.312487	-1.1377875	1.1344733
id_imagine	6.0480843	7.0980606	-1.0753621	1.2494363
id_love_to_be_able	6.5272546	9.338621	-0.8434031	0.88767123
id_love_to_hear	6.9455	9.702995	0.24830264	0.25215998
id_say	5.2145376	9.793389	0.9175355	2.6017544
identify_trigger	2.6839828	8.122713	-1.1931823	2.2351346
identity	6.247852	8.536135	-0.447678	0.9906322
idiopathic	6.064421	7.564282	-1.1764559	0.91579795
idiot	6.66687	9.009154	-0.4899537	0.32871142
if_left_untreated	5.9088993	6.6046066	-1.2281107	0.67021704
if_you_be_able	8.214095	9.77545	-1.8289139	0.60783774
if_you_click	7.57521	9.273259	-1.1599469	0.17906778
ignorance	6.2700405	7.6756973	-0.72593105	0.8394753
ignorant	7.0382605	8.29942	-1.0057108	0.30166268
ignore	7.8952327	8.564211	-1.6310635	0.14462599
ike	5.2942414	8.78907	-1.1516972	1.9412445
ileus	5.6027856	6.8571672	-1.3103651	1.2015413
ill_admit	5.5480633	8.851224	0.0060563087	1.3688947
ill_continue	6.7350316	9.984414	0.4348257	0.5963452
ill_message	6.270664	9.695558	-0.3830345	1.2661619
ill_post	6.874689	10.074991	0.48223686	0.44722867
ill_update	6.851916	10.095383	0.5332127	0.46474242
illinois	8.319137	10.423075	-1.9650055	1.1288612
illness	5.837683	6.5398273	-0.8741543	0.16116013
illustrate	6.769368	8.539664	-1.3138487	0.85821617
illustration	5.323761	8.2465515	-0.9689156	2.1014707
image	7.650662	9.091894	-1.2538949	0.1713386
imagine_what	5.3871646	8.054443	0.5530869	1.0673093
imaging	7.862797	8.272973	-2.6148894	1.0513723
imbalance	5.599969	6.816449	-1.1980798	1.1216838
immediate_relief	4.8907247	8.27972	1.5155904	2.4721525
immediately_after_eat	2.799684	7.8062463	0.16177411	1.9597371
immediately_after_surgery	4.846855	9.21611	-0.32121885	2.1952553
immediately_afterwards	4.601011	8.303108	0.009147092	1.7960955
immense	4.0581694	7.043456	0.20489961	1.0193826
immense_better	6.1237946	10.001762	0.0139389625	1.8100998
immobility	5.5254917	7.31746	-1.150031	1.397168
immune	6.0223637	7.2618833	-0.7855504	0.7409559
impact_on_my_life	5.1774173	8.170523	-0.18036887	0.24713185
impairment	5.732667	6.5589857	-1.1653242	1.2701463
impatient	6.3266478	9.945689	0.71956414	1.1172482
implant	5.916728	7.5835557	-1.5116113	1.5811422
implication	6.2730565	7.73278	-0.9924445	0.7458194
imply	6.3136487	7.43691	-0.8607038	0.8828453
imply_that	6.2779436	7.2274957	-0.867652	0.9683108
important_event	4.230789	8.145364	-0.15483993	1.361837
important_factor	6.316198	8.595673	-0.9834994	1.297751
improper	5.637693	6.426219	-0.82364094	2.4909766
improve_a_lot	4.8204875	8.213212	-0.21091172	0.89106417
improve_drastic	5.1891284	8.311954	-0.27878013	0.47744846
improve_my_quality	6.1556387	10.306941	0.522958	1.1800637
improve_so_much	6.113188	10.274476	0.5107294	1.1745898
improve_your_quality	6.1579213	10.276703	0.50448996	1.1599703
improvement	5.4381285	9.60815	0.7345396	2.140695
inability_to_belch	6.2135763	6.8191757	-1.4181765	0.48656768
inability_to_burp	6.1092534	6.5485287	-0.9882782	-0.10711962
inability_to_burp_but	5.910814	6.8111153	-0.9471546	0.18324243
inability_to_burp_cause	5.5454545	7.215245	-0.9919411	1.0179552
inability_to_burp_since	5.4804773	7.546794	-0.6128125	0.23866236
inability_to_pass	4.2450895	6.497292	-0.27666306	1.7236031
inability_to_relax	5.6975904	6.377574	-0.7132621	2.7799296
inability_to_swallow	5.8687944	7.3845434	-1.2219692	1.0209472
inability_to_vomit	5.623472	6.9738555	-0.59282804	0.38983637
inaccuracy	6.1716957	8.81194	-0.96297467	1.422773
inadvertent	4.8620934	8.34949	1.1089607	2.496302
inappropriate	5.5876303	7.961027	-0.10994269	0.8323022
inc	6.942128	10.030529	-1.706278	1.8754467
incapacitate	4.8203955	7.8299193	-0.019171475	1.0891607
incessant	4.325571	7.4733233	0.15955144	1.3854508
incidence	5.8456717	6.751906	-1.1318308	0.73868936
incident_where	3.2032568	7.9725485	-0.16305043	2.985633
incline	3.853983	7.262578	-0.2844642	4.010001
incompetent	7.1022887	8.234263	-1.2333139	0.34311587
incompetent_doctor	7.489651	8.855331	-1.619701	0.5869445
incomplete	4.646789	6.836516	-0.6142894	1.8497115
inconsistent	5.2044764	9.170636	1.0789853	2.3583798
inconvenient	5.5015173	9.377085	0.5007653	1.500127
increase	4.093123	6.738729	-0.27339152	0.98221475
increase_abdominal	5.0394373	6.660413	-0.8040905	2.3331342
increase_awareness	6.906182	8.610193	-1.2169186	0.75713044
increase_flatulence	4.5227857	6.8927817	-0.26851302	0.8387428
increase_gas	5.2097845	6.709145	-1.2381005	1.0950367
increase_in_severity	4.911823	7.435019	-0.31894433	0.03226783
increase_pressure	4.83148	6.351516	-0.78760827	2.4324238
increase_reflux	5.3402085	7.536129	-1.0586724	1.1841697
increase_risk	6.207138	7.5367537	-1.3322108	0.7910127
increase_stomach	4.035036	6.4067745	-0.8662221	2.1038332
increase_worse	4.463471	7.309949	-0.19179147	0.47857162
increase_your	5.9416323	6.494724	-1.2726363	0.7847536
incredible_bloat	3.7649906	7.771813	0.13359812	1.6499689
incredible_common	5.9777455	7.860345	-0.7760981	0.66065156
incredible_hard	3.9965596	7.9187665	0.97922605	1.2282298
incredible_helpful	6.9226904	9.455766	-0.50730175	0.5024294
incredible_nauseous	3.4726362	7.7752304	0.40270653	1.696186
incredible_pain	4.4120502	7.4970613	0.5067994	1.6891278
incredible_rare	5.852024	8.68823	-0.5110978	1.2862165
incredible_sore	4.145572	8.977613	0.20125946	3.0363734
incredible_tight	4.645537	6.7885547	-0.11392695	3.1581776
incredible_uncomfortable	3.602511	8.018631	-0.19363126	1.8971281
incremental	5.41536	9.160171	0.9012993	2.2723136
indent	4.9090667	7.4138126	-0.8138516	2.5065193
independent	7.2961974	8.481662	-1.4323432	0.42058468
index_finger	4.8236437	7.465684	-0.4175858	3.5868218
indiana	7.3334427	9.815504	-1.4988663	0.93125236
indianapolis	7.33278	10.005796	-1.4880042	1.0467088
indicate	6.4104395	6.79769	-1.3574619	0.9325261
indicate_that	6.6645923	8.025983	-1.6306478	1.0428729
indication	5.906665	7.1219063	-1.0718387	1.16255
indication_that	6.214639	8.427039	-0.9793652	1.349238
indigestion	3.9607575	6.381528	0.09846714	1.0477942
indirect	6.024222	7.2119646	-0.8426753	1.1965982
individual_funding_request	7.260619	9.17304	-1.447648	0.7808803
induce	4.456302	7.0958676	1.6550053	2.3637397
induce_air_vomit	4.4899287	7.7517967	0.56275916	1.9099363
induce_vomit	4.5828347	7.3247275	1.3167841	2.350942
indulge	2.6466858	8.341359	-0.79773545	2.3957076
ineffective_esophageal_motility	6.055119	6.7233577	-1.508292	1.5224274
inefficient	4.788008	6.8918085	-0.7847622	1.9873594
infancy	5.279079	7.5073767	0.3093392	-0.21601903
infect	5.09709	7.6651244	-1.0564065	1.882153
infection	5.839746	6.3227906	-1.5381143	0.6637028
inflame	5.3430696	5.9836097	-0.76374245	2.50309
inflammation	5.675457	6.207891	-1.3729525	1.0361333
inflammatory	5.3177676	6.8068986	-1.1837345	1.1140807
inflate	4.6632648	6.0715413	-0.24314384	3.1187325
inflate_like	4.1146827	7.526054	-0.23098367	2.4739506
influence	6.085197	6.6289864	-0.95798993	0.97411484
information	7.882526	9.14434	-1.227271	0.03598412
information_about	7.8371506	9.096595	-1.2540092	0.061831657
infuriate	5.5036645	8.757897	-0.26089355	1.1042631
ingest_air	2.8890414	8.022963	-0.9887853	2.0847554
ingest_more_air	2.6241832	7.931951	-0.35642177	2.4710617
ingredient	1.9513896	7.82411	-1.3909689	2.313243
inguinal	5.709238	7.3814416	-1.1469201	1.1883619
inhale	4.6322823	6.8048015	0.80443126	3.774693
inhale_deep	4.927772	7.1879334	0.5683256	3.9657414
inherently	6.0816374	7.5532904	-0.8544395	0.78491265
inhibitor	2.4337595	7.6036053	-2.4699934	3.131993
initial_appointment	7.9471784	10.811028	-1.5542536	1.285458
initial_consult	7.836894	10.678841	-1.6368374	1.3944627
initial_consultation	7.9719925	10.756888	-1.7391412	1.5147746
initial_contact	6.602847	9.740583	-1.04985	1.3048639
initial_deny	8.19088	10.602657	-2.1370838	1.7573653
initial_dose	6.99819	10.764143	-0.27882653	2.169152
initial_visit	7.7312927	10.5988455	-1.6587389	1.4196218
initiate	4.990166	7.0255027	0.7284318	3.7480705
initiative	2.8963518	7.92751	-1.9706604	3.467104
inject	7.4626083	10.403292	-1.4248896	2.8594773
inject_100_unit	7.3984	10.498817	-1.2685848	2.4415822
inject_botox	5.7775	5.85384	-0.6547964	3.047482
inject_into	7.428364	10.348062	-1.4244564	2.8559854
injection	7.6383414	11.017316	-1.074138	2.411598
injection_into	7.4252424	10.360798	-1.4526592	2.8490639
injection_itself	6.868242	9.948102	-1.4959319	2.777902
injection_site	6.0218186	8.749672	-1.363083	3.5238209
injection_through	7.4921236	10.482882	-1.4757062	2.7627172
injection_under	7.4373116	10.496993	-1.5429989	2.345701
injector	6.454938	9.647411	-0.84738374	1.6280298
injury	5.324235	6.078354	-0.7321722	2.672225
inner_ear	4.621295	6.945343	-0.50488377	1.3653165
insane	3.5306656	7.2770786	0.69289273	1.2576396
insane_amount	3.90992	7.145124	0.118105285	1.3709067
insane_bloat	3.9125724	7.0954413	-0.003718485	1.3369684
insecure	4.4621367	8.168033	0.45393494	1.2122864
insensitive	5.5223956	8.763646	-0.2551906	1.4151803
insert	5.8825326	8.279985	-1.5589907	3.9002743
insert_into	5.827852	8.32598	-1.4659364	3.7419753
insertion	5.7838483	8.393578	-1.4282143	3.6658947
inside_my_body	4.5414195	7.2910914	-0.15482287	2.0278442
inside_my_mouth	4.9593177	7.6491904	-0.711192	2.9278328
insightful	6.553493	9.247122	-0.3951613	0.6359482
insist	8.250282	9.072022	-2.0106473	0.38894704
insist_that	7.525874	9.002955	-1.6931677	0.6250646
insomnia	5.0655913	6.8865333	-0.5580491	0.5225573
inspiration	6.4784083	9.388242	0.07089372	0.55796427
inspire_by	7.025126	8.577963	-1.3287228	0.5147364
instability	6.093937	7.7017527	-1.429861	1.1411645
instagram	7.077912	9.198487	-0.5196717	0.021416472
instant	4.189224	7.289075	1.5688647	2.2425864
instant_relief	4.802512	8.158492	1.5941046	2.4906893
instinctual	4.532695	7.299206	1.3257188	2.277185
instructor	5.2184362	8.361128	-0.7797798	2.0780807
instrument	5.8023796	8.133237	-1.4396819	3.7960837
insufficient	5.65653	7.3758364	-0.71505404	0.5719115
insurance_approve	7.0231476	10.188771	-1.1165318	1.2514021
insurance_company	8.373635	10.481027	-2.1960585	1.5194868
insurance_cover	8.312644	10.825656	-2.218368	1.9606638
insurance_cover_everything_except	7.510437	10.54068	-1.6760297	2.0915802
insurance_plan	7.7273574	10.579739	-1.9511774	2.0227704
insurance_will_cover	8.257712	10.618111	-2.1835442	1.8016609
insure	8.124851	10.369946	-2.116956	1.6011147
insurer	8.296077	10.439008	-2.183701	1.5451506
intel	6.6522393	9.375669	-0.2668303	0.55197126
intend	5.7765107	6.956069	-0.86559516	2.714597
intense	3.7699485	6.677907	0.40335053	1.2215551
intense_anxiety	4.0190787	8.1899805	0.11844633	1.5440323
intense_bloat	4.151577	7.130996	-0.19513284	1.3979713
intense_chest	4.312708	6.9115086	-0.31531918	1.641059
intense_fear_of_vomit	5.007939	7.5088377	0.518249	0.24318764
intense_nausea	3.9587522	6.728487	0.1783847	1.1028723
intense_pain	3.92775	7.1276155	0.23895614	1.6057137
intensity	4.1179414	6.9033213	-0.22717534	1.022199
intentional	5.0201597	8.12988	1.538507	2.9005108
interconnected	5.619681	7.2618747	-0.7282931	0.99743485
interest_in_hear	6.6686935	8.933644	-0.77908367	0.91531926
interest_in_learn	6.8010383	8.676827	-1.3543628	0.8778716
interest_to_hear	6.9077654	9.490259	0.021136727	0.2960453
intermit	4.6570067	8.0315	-0.055761848	1.8382578
internal	5.424828	5.9037423	-0.38066882	3.289424
internal_injection	7.4408426	10.445967	-1.3432701	2.6470516
internal_pressure	4.9666133	6.765804	-0.62495065	2.826142
international	7.9682646	9.943174	-1.8200182	0.8323438
interrupt_my	4.2759433	7.5274177	-0.20705609	1.2264689
intervene	4.7082624	8.575046	-0.4097727	1.491289
intestinal	4.6942024	6.038467	-0.71334195	2.2680347
intestinal_gas	4.1398883	6.8999853	-0.14415668	1.489569
intestine	4.5322933	6.0193486	-0.53822213	2.5677128
intestine_and_colon	4.8542376	6.3851233	-0.8384325	2.2726386
intimate	4.56577	7.992229	0.90011483	1.5029445
into_action	5.1372867	7.12839	-0.2138018	3.705333
into_adulthood	5.221468	8.243015	-0.045927748	0.24515519
into_colon	4.5480285	6.5062833	-0.67785394	2.5673928
into_my_chest	4.822172	6.862863	0.021977214	3.677805
into_my_mouth	3.529487	7.277983	0.33054385	3.1072667
into_my_nose	5.650949	8.247009	-1.3848972	3.7722793
into_my_stomach	4.5856676	6.3975844	0.13352528	3.5408711
into_my_throat	4.8456154	6.4642487	-0.2627513	3.6086938
into_perspective	4.955942	8.457363	-1.1020478	2.085379
into_place	4.9263487	7.020136	-0.124743685	3.9888978
into_the_bathroom	5.3406377	8.251062	-0.4055395	2.1591706
into_the_toilet	4.62033	7.761102	1.2714887	2.134024
into_your_neck	5.842305	8.381482	-1.4067403	3.668467
intolerance	2.1825123	7.5450273	-1.5288478	2.0343435
intolerant	2.0795615	7.6716495	-1.483999	2.1068828
intoxicate	4.5450444	7.699535	0.67968297	1.1837946
intra_abdominal_pressure	5.2524266	6.691512	-0.82065135	2.5872915
intrusive_think	5.0091267	7.6283617	0.6194089	0.7058536
intubate	6.9397836	10.108599	-1.2301388	2.7626739
intubation	5.8819695	8.867692	-1.263551	3.4753242
intuit	5.59067	8.277046	-0.6280265	1.4423357
invalid	5.19177	7.950437	-0.50944674	2.53492
invasive	6.8354874	10.090899	-0.842566	2.098983
invasive_procedure	6.758625	9.387767	-0.945006	1.6028193
investigate	8.027738	8.783636	-1.9534427	0.4387168
investigation	7.7487316	8.690492	-1.5237963	0.21197325
invoice	8.024087	10.774004	-2.028349	1.9026544
involuntary	4.7193494	8.036075	1.6999893	2.6579664
involuntary_air_vomit	4.4150357	7.7683163	0.6875291	1.7265626
involuntary_burp	4.9375844	8.863925	1.6612744	2.7500656
involuntary_dry	4.6366487	7.6335278	-0.3175923	1.7266321
involuntary_gag	4.563702	7.3245406	-0.41473842	1.6413988
involuntary_microburp	5.263666	9.613663	0.85855865	2.3945608
involvement	5.747535	7.0100307	-1.2126206	1.3216544
inward_burp	4.5533686	8.054534	0.4896969	2.066124
inwards	4.7997713	6.7162585	0.56865484	3.7052517
iowa	7.306281	9.832877	-1.4947786	0.9425205
ipa	1.7851619	8.451333	-0.7501305	2.0982716
iqoro	6.6211147	8.714813	-1.4340576	1.047433
iron_pill	2.6853921	7.854739	-1.8690863	3.4351788
iron_supplement	2.6523924	7.8526382	-1.9241122	3.4332745
irrational	5.419436	7.564557	0.0068916446	0.714388
irrational_fear	5.1415434	7.408569	0.5463013	0.5130862
irregular	4.9490337	7.1735444	-0.90536165	1.7155412
irregularity	5.0700345	7.1287985	-0.9928943	1.8992145
irreversible	5.943378	6.8735456	-1.2324508	0.877931
irritable	4.06552	7.711023	0.3279186	1.2052835
irritable_bowel	5.3266306	7.62018	-0.8567588	0.78757554
irritate	3.87337	6.975522	0.1120159	2.80897
irritate_by	4.49822	7.026421	-0.4090387	1.9386392
irritate_my_throat	4.388662	8.16605	-0.2515002	1.730552
irritate_throat	4.6180224	8.934702	-0.035839297	2.558429
irritation	4.010533	7.0968156	-0.03154893	2.8968644
irritation_in_my_throat	5.1450925	8.198767	-0.5269103	1.4608973
irvine_ca	7.4030447	10.365903	-1.4371557	1.2835181
issue_e_g	6.269544	7.728344	-1.4842868	1.0751915
it_in_the_meantime	7.0949063	9.406672	-0.99312776	0.6579218
it_make_sense	5.5136476	5.803156	-0.6014596	2.645724
it_suck	5.5861053	8.847231	1.0148817	0.63924354
its_a_combination	5.5209584	8.699136	0.95034105	2.598454
its_a_mixture	5.7010903	8.559805	-0.4411472	1.1545372
its_amazing	6.222967	9.57438	0.8647198	0.4234486
its_awful	3.5996995	7.482438	0.704175	1.4547396
its_existence	6.8219595	8.187262	-0.97407997	0.20800205
its_frustrate	6.251428	9.397778	0.35284677	0.7111312
its_horrible	3.7800045	7.5157304	0.63022053	1.534695
its_impossible	5.305342	8.125594	0.38568443	1.5482713
its_insane	4.873733	8.160998	-0.06374888	0.56385577
its_mainly	5.1818285	8.979962	0.732884	2.3565161
its_not_necessitate	5.7881136	7.4767976	-0.99013686	0.7481115
its_not_pleasant	4.4565096	7.4621997	1.0051446	2.192534
its_not_uncommon	5.498105	8.634512	-0.33229673	1.2317102
its_own	5.3751955	6.413772	0.33255202	3.5205047
its_possible	6.0577245	6.417725	-0.90716237	0.57336485
its_pure	6.0129585	7.262843	-0.74994135	0.745088
its_rare	5.124233	8.652203	0.4810254	1.5090182
its_related	5.990006	6.5522366	-0.7371148	0.39346337
its_ridiculous	4.841209	8.016958	0.8413463	1.2525469
its_so_frustrate	5.8311505	9.031429	0.6738502	0.7648768
its_suppose	5.2259474	6.4282627	0.35950375	3.8115125
its_the_worst	3.708684	7.5398893	0.6152703	1.5393851
its_unbelievable	5.7516613	9.383079	0.1537687	1.4389669
its_worst	3.686292	8.180979	0.15614003	2.191805
its_worth	8.313481	10.508323	-1.881463	1.3654366
iu_health	6.9916697	9.4081745	-1.4162303	1.0251861
iud	3.447167	7.6984754	-1.1224723	1.9090773
iv_for_dehydration	5.4468665	9.810973	0.3174183	2.2056336
iv_sedation	7.340311	10.164066	-1.6751809	1.8649898
jab	7.281496	10.814396	-1.0593699	2.325797
jacket	4.368846	7.6172423	-0.28909528	2.6012487
jag	5.3640757	8.734905	-2.980303	2.4710324
jai	5.3601294	8.726063	-2.9818077	2.4728854
jan_2025_1	5.320065	8.886473	-0.4378657	1.7361314
jar	2.9251597	8.2288065	-1.0815036	2.4129522
jaw	4.870629	6.332603	0.10752304	3.9754946
jaw_forward	4.9252734	7.0364647	0.1982993	4.120503
jaw_pain	4.2772875	6.9245815	-0.25929072	2.1453729
jaw_surgery	5.446943	8.720583	-0.8766856	1.2425249
je_faisal	5.3868113	8.635618	-2.3457308	2.3072462
je_pense	5.3984413	8.649338	-2.2953265	2.2854314
jealous	5.239993	8.432919	1.1799927	0.98398894
jealous_of_people_who	5.452039	8.072571	0.50453097	0.94229835
jealousy	5.757866	8.716546	0.3083231	0.9270511
jeans	3.736243	7.7909627	-0.21003105	1.9144055
jeff	6.473711	9.031644	-1.2118518	0.993967
jefferson_health	7.614762	10.44063	-1.5877446	1.272234
jefferson_hospital	7.106439	10.51941	-0.9515814	1.4836063
jeg	5.362338	8.737161	-2.9934635	2.475515
jello	1.7059151	8.156497	-0.65836275	3.0353603
jester	5.4404736	8.400182	-1.7760803	2.0564349
jitter	4.9386716	8.31399	-0.5864588	1.8137664
jog	4.156402	7.2625484	-0.05818548	3.9659414
john_hopkins	7.749292	9.450028	-1.4568688	0.3614564
join_reddit	6.295389	8.971887	0.05033905	-0.12734899
join_this	6.41077	9.03693	-0.0073652514	-0.09235782
join_this_sub	5.5988336	8.514989	0.07149424	-0.09766468
joke	5.0141544	8.319283	1.624724	1.123011
joke_about	5.014297	8.310544	1.2737647	1.1214356
joke_around	5.0288105	8.59977	-0.47915855	1.531312
joker	5.0252357	8.033523	-0.42965853	2.5939476
jolt_awake	3.581959	7.4216924	0.32363886	2.7088134
journal	7.7017226	9.333648	-1.186266	0.14775549
joy	6.3426795	9.378021	0.6640364	0.19068684
judge	6.157287	8.5064125	0.36521786	0.669901
jug	3.8278146	8.332751	-0.7726963	2.2498662
juice	1.587514	8.199071	-0.7996212	2.3062086
july	7.349916	11.067013	-0.924004	1.4785993
july_2023	6.9571776	10.805213	-0.5343408	1.9535464
july_25th	7.013544	10.625438	-0.7136395	1.6884083
july_twentieth	6.438571	9.982524	-0.43985993	1.3247226
jump_through	8.342566	10.105286	-2.1065168	1.0994126
junk_food	2.5240035	8.05064	-1.1123033	2.0968287
just_a_bit	4.313507	9.409643	0.3855787	2.8342276
just_a_little	4.250282	9.355142	0.3705458	2.9363916
just_a_weirdo	5.964017	8.786152	0.13512759	0.19980057
just_below	4.8065557	6.54361	-0.043033455	3.780004
just_curious	6.9443517	9.518904	0.13862798	0.21641645
just_dismiss	7.1039305	8.221214	-1.1179708	0.23581849
just_dry_heave	4.453858	7.303369	1.50435	1.8251402
just_join	6.2561994	8.977821	0.07783085	-0.0628934
just_saw	6.9956546	9.730374	-0.045129884	0.2735292
just_sit	3.9670508	6.739163	0.2817269	3.387067
just_stumble	6.3689914	9.037419	0.03578418	-0.069861144
just_to_clarify	5.324409	8.400945	-0.00074377627	1.3606135
just_want_to_share	6.927599	9.801779	0.3764011	0.21403602
just_wonder	6.934753	9.485966	0.13029195	0.21022707
justify	8.146322	10.524111	-2.111394	1.8062087
jut	4.8995714	7.233491	0.37359482	4.2103567
jut_out	5.0414767	7.0318804	0.2660009	4.131347
k	5.8381524	8.950264	-0.95018345	1.2930685
kaiser	8.360989	10.290163	-1.9631706	1.0336359
kaiser_doctor	7.4098077	9.597047	-1.4764819	0.7619278
kaiser_insurance	7.53085	9.949156	-1.5927997	0.911681
kaiser_mid_atlantic	6.829181	9.727521	-1.1368413	1.1370565
kamloops	6.523614	9.330975	-0.9242243	0.96397847
kansas_city	6.8795576	9.50997	-1.3102112	1.0166783
karagama	8.069661	10.659512	-1.4329448	1.5268334
keep_in_touch	6.645282	9.851594	0.3394363	0.60303026
keep_my_head	4.625016	7.053766	0.3469964	4.265867
keep_my_tongue	4.8752894	6.7788706	0.23958178	4.12462
keep_practice	5.381794	8.254947	1.3296304	3.2943106
keep_stomach_content	5.147291	7.2627816	-0.62811136	2.7108
keep_the_ability	5.856284	9.891817	0.941705	2.5707793
keep_update	6.7836614	10.037113	0.49168816	0.5320768
keep_us_update	6.7919755	10.06127	0.5674115	0.52478117
keep_yourself	4.6258082	8.140309	-0.28170058	2.3824599
keeper	5.9861226	9.092307	0.05401137	0.90075415
kefir	2.0460815	7.911569	-1.3549953	2.294509
kelowna	7.460676	9.6282625	-1.477241	0.6938524
kentucky	7.135456	9.744559	-1.4875753	1.0319726
keratosis	5.2463865	8.47226	-0.59018403	1.6004201
ketchup	2.3627768	8.000989	-1.2990056	2.2056198
keto	2.3527043	7.8730564	-1.4961792	2.166209
keto_diet	2.7201657	7.8137264	-1.7489294	2.4832942
kicker	5.209139	8.6068	-0.6011363	1.6261218
kickstart	5.4589877	8.971229	1.0112664	2.5039983
kid_who	5.297162	7.9754257	0.51171774	0.71170306
kill	3.8132694	6.648291	0.036769673	2.196761
kill_two_bird	6.542611	9.384753	-1.267373	1.2498331
kind_of_funny	5.6283875	8.702905	0.5040019	1.0015022
kind_of_like	4.51348	6.7892947	0.6878781	3.5278454
kind_of_make_sense	5.3653264	7.8325896	-0.23875216	2.0634663
kinda_hard	5.1605897	8.794299	-0.32473674	2.015683
kinda_like	4.6789966	6.7992535	0.56410974	3.5740724
kinda_weird	4.821024	8.4774685	0.3202963	2.0788984
kink	4.8708677	6.5472536	-0.4388185	3.2485125
kiss	4.904904	8.271442	1.3563877	1.421724
kiss_the_ceiling	5.8777814	7.394269	0.39628124	4.076819
kitchen	3.9783003	8.017866	0.019949507	2.5252287
kitkat	2.8196876	8.060812	-0.82716334	2.0796304
klonopin	2.8026137	7.872647	-2.0222533	3.2309718
kneel	4.626775	7.246291	-0.19986446	3.919422
knife	4.728352	7.3980894	-0.39135495	3.5900693
knock_out	7.422309	10.691525	-1.5780269	2.5678568
knot	4.4526663	6.6281576	-0.22006582	2.9919035
know_about	8.089479	8.722054	-1.7133337	0.14480649
know_doctor_bastian	7.5389075	8.992926	-1.5624216	0.52969223
know_specialist	8.020637	9.399703	-1.5001318	0.2221914
know_to_treat_r	7.736922	9.243533	-1.6154313	0.43188623
know_what_to_expect	6.467465	10.04218	0.5032991	0.99959505
knowledge	7.8854785	8.82263	-1.4316204	0.087609
knowledgeable_about	7.6559377	9.382588	-1.6640875	0.6426424
knuckle	4.67077	6.9797273	-0.23478581	3.1345563
ktc	5.821975	7.344899	0.46774694	4.104385
ky	6.9989057	9.878298	-1.2952095	1.1589918
kyphosis	5.4518695	7.688045	-0.94598866	2.2184124
l_theanine	2.6857605	7.840336	-2.029081	3.3207467
la	5.358187	8.732165	-3.005907	2.484695
la_croix	1.6526226	8.507391	-0.52143896	1.9948492
lab	7.723164	8.452167	-2.4499476	1.056864
labor	4.055388	7.646501	0.21578866	2.4084008
lace	4.8104286	8.114377	-0.7485768	2.3293264
laceration	4.8512197	7.195668	-0.67610556	3.3989282
lack_of_ability	5.308974	7.5580125	0.18779515	0.4231555
lack_of_appetite	4.5404544	6.9063034	-0.49398068	1.0293639
lack_of_burp	5.7996855	6.635367	-0.94351196	0.31412742
lack_of_information	6.5027237	8.530376	-1.1501905	0.96504724
lack_thereof	5.8102775	8.775495	0.1961786	1.6585184
lacroix	1.8737142	8.465898	-0.7191877	2.1021922
lactaid	2.685866	7.803745	-2.0683973	3.1594102
lactase	2.0699687	7.8762097	-1.3790193	2.2254608
lactose	1.9956603	7.738842	-1.4066857	2.1375825
lactose_free	1.9963703	8.170796	-1.0455548	2.180244
lactose_free_milk	1.9366963	8.396981	-0.8377913	2.086149
lactose_intolerance	5.6319437	6.547049	-1.3846061	0.46213955
lactose_intolerant	2.0609233	7.767191	-1.394498	2.07868
lakeshore	6.268781	9.417657	-0.9716	1.2593948
landscape	5.244104	8.266961	-1.0560254	2.1905377
lansoprazole	2.4282713	7.595549	-2.4466527	3.12867
laparoscopy	5.941449	7.390651	-1.6478183	1.2999249
large_amount	2.0935323	8.046391	-0.79774785	2.4259808
large_amount_of_air	4.6004877	7.4312196	0.47066897	2.8975232
large_belch	4.85761	8.218591	1.0411848	2.5331717
large_bowel	5.5449047	6.7912774	-1.3660548	1.9322819
large_bubble	4.7334886	6.4218144	-0.445387	2.994961
large_burp	4.980044	8.784434	1.7947255	2.8919299
large_dose	7.050063	10.722397	-0.42259663	2.1919665
large_gulp	2.6630833	7.880053	-1.5162356	3.488757
large_intestine	4.7941146	6.1566014	-0.7360727	2.6132832
large_meal	2.0632994	8.093746	-0.14757645	2.3751812
large_pill	2.408858	8.036391	-0.9681388	3.283673
large_scale	6.9891033	8.614033	-1.1481588	0.52043116
large_volume	4.372322	7.032535	-0.017713996	2.5796409
laryngeal	5.948983	7.106943	-1.4273516	1.6536497
laryngeal_spasm	6.5757737	9.004205	-1.2515972	1.1468146
laryngeospasm	6.1477466	7.9446716	-0.8420757	0.9566639
laryngitis	5.6818495	7.4232035	-1.3533148	1.2226807
laryngologist	8.011865	9.269615	-1.7234786	0.41654626
laryngology	7.878563	9.685586	-1.6867385	0.5851359
laryngopedia	7.7126102	9.299373	-1.2290393	0.14109735
laryngopedia_com	6.963905	8.953947	-1.1039684	0.559174
laryngopharyngeal_reflux	5.8961225	6.868874	-1.4774474	0.73159343
laryngoscope	7.8797607	8.625511	-2.57839	1.4402548
laryngospasm	4.7788887	9.442264	0.40125102	2.3430905
laryngospasm_which	5.08627	9.453989	0.2758698	1.9955227
larynx	5.352298	6.2599964	-0.47996926	3.3300486
larynx_lower	5.79727	7.30856	0.4917405	4.0873127
larynx_lower_exercise	5.848171	7.366355	0.53957367	4.0809155
larynx_lower_exercise_search	5.98412	7.473155	0.4599158	3.9564426
larynx_soft	5.0547132	6.980746	-0.026819864	3.9350986
laser	7.514102	10.460217	-1.3537724	2.6538293
last_april	5.8831005	8.396016	-1.0338967	0.87997466
last_august	6.889566	10.738255	-0.46381116	1.8563684
last_december	6.6877193	10.506588	-0.5430556	1.7344617
last_effect	6.169507	8.535266	-0.82189506	1.2659452
last_for_hour	3.893581	7.1980824	0.3078019	1.6326624
last_meal	2.8434324	8.219591	-0.1225761	2.380057
last_month	7.09365	10.861299	-0.7597767	1.4252762
last_september	6.8199167	10.552911	-0.6023001	1.8128704
last_summer	5.2453218	8.491764	-0.039141208	0.08812226
last_tuesday	6.570404	10.456675	-0.42313558	1.8137422
last_year	5.2010646	8.416015	0.28105894	-0.103353634
late_20s	4.871533	7.4964232	-0.15950964	0.03548568
late_at_night	2.7922962	8.038354	-0.6430732	2.111476
late_august	6.56652	9.831351	-1.0009451	1.414058
late_in_life	5.3466744	7.3821774	0.17906809	-0.19075716
late_march	7.41553	10.788476	-1.127185	1.3127644
late_response	6.3114667	9.671219	0.38541868	0.77655655
late_teen	4.9504895	7.5026374	-0.28704047	0.026466144
late_teen_early_20s	5.03395	7.5765505	-0.3550231	0.10244201
late_twenties	4.9358306	7.8272085	-0.3093981	0.31148076
lateral	5.4411936	7.304254	-0.83131045	2.7743046
laugh	4.9978447	8.331913	1.6749514	1.1771572
laugh_really_hard	4.377457	8.225517	1.1622384	2.2022395
laughter	4.704886	8.078669	1.3193282	1.7827631
lax	5.5556793	5.7941833	-0.543595	3.0907004
lax_les	5.954158	6.9034557	-1.5036186	0.7409597
laxative	2.409431	7.7156525	-2.0294392	3.0088034
lay	3.88038	7.0425935	0.21388619	4.2425575
lay_down	3.933341	7.090776	0.10460499	4.276865
lay_down_flat	4.0489717	7.2114625	-0.054169077	4.2480083
lay_down_in_bed	3.8720603	8.264786	0.11893209	1.775373
lay_down_to_sleep	4.107197	7.682684	0.13877378	2.4615426
lay_flat	3.9936404	7.137575	0.02834827	4.313683
lay_in_bed	3.315003	7.9968615	0.21917258	2.0151587
lay_on_left_side	4.586005	8.301286	-0.60453546	1.9670509
lay_on_my	3.9670224	7.1317906	0.00079947244	4.347137
lay_on_my_stomach	4.390668	7.266766	-0.124757916	4.098815
lay_on_the_bathroom	4.1948466	8.372724	-0.32579467	1.8985631
lay_on_the_couch	2.9476845	8.270498	-0.14387333	1.9295285
lay_on_their	4.4250937	7.258122	-0.12012819	4.1198254
lay_on_your	4.1953197	7.17266	-0.05740891	4.311894
le	5.3593683	8.729604	-2.9923768	2.4780612
le_27_fever	5.3932505	8.569281	-1.998792	2.2042677
le_botox_sous_anesthesia	5.362355	8.745902	-0.96809405	1.6395155
le_botox_tu_avail	5.503606	8.437043	-1.2030225	1.8509668
lead_to_colon	5.0295463	6.7699614	-0.72628975	2.8226514
lead_to_sibo	5.4834375	7.019866	-1.1977316	0.8984557
leafy_green	2.2168262	8.039614	-1.2017841	2.2162015
leak_gut	5.4376545	7.0976806	-1.147417	1.0127503
leak_into	5.681493	5.934626	-0.6004257	3.1468394
leak_out	4.2881117	6.6726875	0.51526856	2.805189
lean	4.610227	6.795852	0.45777223	4.2980466
lean_back	4.4775186	6.841549	0.45935333	4.3079376
lean_down	3.8238711	7.8211255	-0.08104646	2.6829767
lean_forward	4.3691897	6.860398	0.44064605	4.2537956
lean_my_abdomen	5.1153445	7.7790623	-0.6942843	2.9162333
lean_over	3.869831	7.046124	0.23945	4.100179
learn	5.484547	7.592231	1.1926963	3.4851432
learn_about	7.057665	9.110135	-0.10295747	-0.34873253
learn_behavior	6.0759964	7.463066	-0.78659487	1.2464365
learn_how	5.4324427	7.649333	1.2383494	3.4546862
learn_how_to_burp	5.7016892	7.8675976	1.083969	3.4328573
learn_how_to_control	5.51215	9.091268	1.0508294	2.5603578
learn_more	7.164384	9.457412	-0.07207344	0.01258371
learn_skill	5.7321143	8.076136	0.6376349	2.872499
learn_to_burp	5.7300158	7.8287754	1.0371504	3.4766185
learn_to_control	5.4362144	8.392671	1.2872152	3.1800265
learn_to_deal	5.3628435	7.7624483	-0.057003986	0.36974046
learn_to_live	5.250301	7.3259964	-0.27669212	0.08117611
least_50	5.2937493	9.631719	0.25545266	1.9663337
least_a_little	5.471661	8.979913	0.5155988	1.5043765
least_once	4.3020215	8.219319	1.4572785	1.1821179
leave_early	3.3306792	8.093412	0.09939781	1.635617
leave_r_cpd	5.9225388	6.7394843	-1.1773326	0.73759246
ledge	5.2033634	8.374867	-1.332927	2.2181828
lee	6.666195	9.174533	-0.7028021	0.782125
left_arm	4.4958663	7.0396943	-0.37278047	3.1558328
left_ear	4.6039596	7.041427	-0.25917718	3.6511781
left_leg	5.0329075	8.004541	-0.6444707	2.4636428
left_nostril	5.423583	8.09355	-1.3196722	2.5872533
left_or_right	4.9060287	6.9894357	0.831616	4.2976193
left_rib	4.4338174	6.7727427	-0.34798235	2.8630996
left_rib_cage	4.626058	7.110103	-0.5291605	2.8884501
left_side	3.971401	7.108068	0.0026508393	4.3163867
leg	4.616702	6.84984	-0.2978962	3.6087377
legitimate	5.7752204	8.615712	0.39593193	0.613747
lego	5.377248	8.421648	-1.871498	2.1269693
legume	2.4220634	8.039613	-1.2803887	2.2786531
lemon_juice	1.840663	7.7532077	-1.3446096	2.3823867
lemonade	1.6043811	8.348907	-0.6452596	2.1354055
lend	6.632226	8.450849	-1.1666925	0.9604371
length_of_time	6.2999015	9.4628525	-0.6231722	1.6048187
lentil	2.029557	8.054175	-1.1269528	2.3752012
les	5.4819427	5.88254	-0.71592087	2.7642412
les_dysfunction	5.887907	6.834912	-1.0383282	1.8128068
les_function	5.7156096	6.987565	-1.0052353	1.8476627
les_lower_esophageal_sphincter	5.3962736	6.871766	-0.8271878	2.769068
les_open	5.278836	6.3782363	-0.67309815	2.894232
les_problem	5.933709	7.1484256	-1.4121431	1.5969598
lesbian	6.0922613	9.08524	-0.1876742	0.8465274
less_accurate	7.4413815	10.450289	-1.3448528	2.6527228
less_acid	3.5010428	6.940746	-1.158991	2.1862977
less_air	4.1066675	6.8802547	0.027968822	2.7248971
less_anxious	3.8743308	7.7988715	0.8664137	1.1140932
less_bloat	4.2820797	8.58594	0.64633846	2.0359316
less_common	5.8351865	7.374033	-0.7927617	0.47328275
less_effective	6.289905	8.419627	-1.0493687	1.3346151
less_flatulence	5.4059296	9.235961	0.62448895	1.7668693
less_frequent	5.0497766	8.772674	1.5337147	2.754346
less_frequently	5.2987285	9.157142	0.93691313	2.2017853
less_gassy	3.3635478	7.4833302	-1.2354894	1.9894978
less_invasive	7.3686566	10.328211	-1.1873772	2.4588501
less_nauseous	3.847936	7.7368326	0.7213264	1.5810485
less_often	4.3804097	8.108216	0.56060094	1.6935667
less_pain	4.4145384	8.581329	0.56994635	2.1078618
less_precise	7.48783	10.5117	-1.5196407	2.578397
less_risk	5.494361	8.259008	-1.2081573	2.160955
less_risky	6.689452	9.430391	-1.1032472	1.2785765
less_scared	5.9077163	9.521533	0.46694222	1.1082389
less_scary	3.9038737	7.8692164	0.8699859	1.191145
less_traumatic	4.854073	7.6963973	0.838632	0.91020775
less_uncomfortable	4.3028917	7.7456045	0.3438942	2.4180293
less_universal	5.6529136	7.4113727	-0.8117381	0.53904897
lessen	4.104759	6.7968693	-0.23352814	0.89053917
lesser_know	6.5383697	8.76796	-0.9392835	0.92933816
let_out	4.775664	8.203415	1.7549522	2.7279592
let_out_a_few	5.2677946	9.2736845	1.1113867	2.4152656
lethargic	4.1533756	8.284381	0.15283374	2.0226288
lethargy	5.115215	8.218656	-0.78326	1.3471144
letter	8.229894	10.092022	-1.8161225	0.8194885
level_of_pain	4.7594275	7.311731	-0.5743359	1.2960199
liable	5.4319315	8.590588	-1.1320726	1.9020538
lidocaine	5.8319106	8.311671	-1.534513	3.8342297
lidocaine_spray	5.650973	8.382344	-1.45603	3.3604662
lie_down	3.9295442	7.0989504	0.08683809	4.266707
lie_down_after_eat	3.0775602	8.185148	-0.53133404	2.0562696
lie_down_flat	4.1639957	7.220915	-0.016164843	4.232039
lie_down_to_relieve	4.240351	8.022668	-0.24326213	1.7079673
lie_flat	4.0151114	7.1353626	0.026995322	4.3088474
lie_flat_on_your	4.4659224	7.2472725	-0.00859262	4.23712
lie_in_bed	3.7915084	8.057861	0.03116257	2.3053076
lie_on_my	3.985685	7.1428514	-0.009220964	4.344035
lie_on_my_stomach	4.5931363	7.319655	-0.19678812	3.9927566
lie_on_your	4.187621	7.1862574	-0.08145822	4.251769
life_change	6.272308	10.340281	0.498611	1.2590495
life_long	6.0128636	7.0195284	-0.646137	-0.101081975
life_threaten	6.124265	7.0717225	-0.82581973	0.42398244
life_without	5.5111313	8.469274	0.15702555	0.2610225
lifelong	5.839225	6.72093	-0.95454764	0.14834031
lifelong_inability_to_burp	5.393933	7.1447	-0.8763981	0.55942506
lifelong_no_burper	5.381359	8.381906	0.006854267	-0.0039955345
lifelong_non_burper	5.8759184	8.574041	-0.41366044	0.35002157
lifelong_r_cpd	5.9754076	8.078312	-0.92582816	0.73223853
lifelong_suffer	6.6248436	8.739301	-0.6881594	0.2994207
lifesaver	2.974979	8.309771	-1.0562091	2.3353856
lifestyle	2.302889	7.5931797	-1.6294415	2.1735077
lifestyle_change	2.4444726	7.560463	-1.7009721	2.2493277
lifetime_no	5.8886094	8.636322	0.096100435	-0.048780903
lift	4.5108414	6.7401986	0.2733317	4.277065
lift_my_chin	4.8461995	7.326514	0.24551724	3.743531
lift_up	4.884356	6.935733	0.28702024	4.1895895
lift_your_head	4.8349047	7.209531	-0.010321363	4.1177235
lift_your_soft_palate	4.9832926	7.146997	0.22773193	4.038717
ligament	5.69486	6.671576	-0.89170444	2.345347
light	3.730361	7.119091	0.16780093	4.160651
light_cough_or_laugh	5.651431	7.290729	0.48573118	4.1084166
light_head	3.6862252	7.7563305	0.40211198	2.1285524
light_push	5.3884945	6.358894	-0.66459334	3.1601963
lightbulb_moment	6.619865	8.605033	-0.80726045	0.20001486
lightheaded	3.6531394	7.5873537	0.3838829	2.0515041
like_20	5.236396	9.664901	0.4130495	1.9658427
like_90	5.5404544	9.780648	0.4642765	2.1602514
like_a_baby	4.48157	7.144648	0.3880879	4.1156087
like_a_balloon	4.208635	6.4767222	-0.022113692	2.91712
like_a_champ	5.7303047	10.124781	0.76471394	2.3384914
like_a_lump	4.2011347	8.124864	0.20183977	2.8098295
like_bean	2.3783147	7.7427406	-1.3434422	2.0475285
like_bread	1.7949637	8.09915	-0.67366666	2.9777677
like_clockwork	4.708933	8.385872	-0.28705594	1.4054476
like_crazy	3.6316266	7.8773723	1.0452175	2.09084
like_many	5.4565296	7.726744	0.2039898	-0.30938873
like_my_body	4.449227	7.3522635	1.2942322	2.3775442
like_strep	4.226995	9.047854	0.15220697	2.9054353
like_the_rest	5.477223	8.423196	0.0056841997	0.18856111
like_tums	2.5567477	7.693333	-2.0414927	2.882739
lime	1.7409673	8.347773	-0.83512014	2.2169077
limonene	2.5935702	7.7811556	-1.8282639	2.6433332
linger	3.8912833	7.481054	0.09888574	2.1046548
linger_side_effect	5.730384	9.407204	0.41818655	1.5905684
lining	5.272231	6.0673685	-0.8037397	2.4321418
link_between	6.039306	6.5727696	-0.9537728	0.41073948
link_somehow	6.0326123	7.404771	-0.8241965	0.52414155
link_to_r_cpd	5.744623	7.0723248	-0.7353833	0.69842285
linx	6.4896183	7.8322196	-1.5910034	1.1661346
linzess	2.5779698	7.714516	-2.2816362	3.151113
liquid	1.9208531	7.968226	-0.36947596	3.1530607
liquid_baby_advil	2.557731	7.818592	-1.8368692	3.124836
liquid_baby_ibuprofen	2.3308904	8.150181	-1.1088275	3.0449173
liquid_come_up	3.934005	7.511813	0.73811626	2.6802456
liquid_diet	1.8033574	8.107807	-0.50492287	3.1624146
liquid_gaviscon	2.5335193	7.714739	-2.0333228	2.9374373
liquid_ibuprofen	2.3732312	8.156949	-1.2026324	2.9712937
liquid_in_my_mouth	2.7550156	7.994443	-0.37232554	2.9580648
liquid_tylenol	2.5655613	8.171044	-1.3422328	3.186458
liquor	1.7030298	8.437887	-0.67808723	2.0762343
list_here	7.44716	9.221539	-1.4350042	0.51044565
list_in_the_wiki	7.3985324	9.46416	-1.5024167	0.66662514
list_in_wiki	7.5039005	9.224266	-1.1427475	0.1899184
list_of_doctor	7.886076	9.293366	-1.2423326	0.04659272
list_of_provider	7.525954	9.436453	-1.2732692	0.36766443
list_of_specialist	7.8466954	9.32249	-1.317346	0.12944432
list_of_symptom	6.2325625	7.239806	-1.4615561	0.6400548
list_on_the_wiki	7.4311624	9.365864	-1.4774446	0.57973665
list_version	6.9531474	9.191468	-1.141543	0.75560063
listen	8.155562	8.835341	-1.7695764	0.19147705
literally_change	6.0949697	10.299799	0.51035917	1.1208181
literally_dry_heave	4.1420455	8.116823	0.051630016	2.1116707
literally_everything	2.721682	8.051004	-1.141759	2.1152136
literature	7.8498673	8.837946	-1.4291171	0.09567351
little_and_often	2.271909	7.999412	-1.1164216	2.274875
little_baby	4.7826347	8.007203	0.9899517	2.6905236
little_burp	4.9701476	8.777993	1.8116368	2.9064245
little_community	6.388633	9.109944	-0.06870729	0.3029334
little_hiccup	4.5005326	8.218838	0.79734087	2.1132925
little_microburp	4.9631786	9.122547	1.4464252	2.704612
little_one	4.974529	8.8604	1.4877082	2.598186
little_pop	4.640152	8.133584	1.2988709	2.7029917
little_quirk	6.077525	7.930389	-0.28602678	0.42730975
live_in_fear	4.902404	7.9551945	0.42165664	0.66712373
live_in_north	8.106649	10.107898	-1.8477675	0.8594012
live_like	5.735907	8.704053	0.7522826	0.5907888
live_memory	5.0575824	7.6567802	0.7071793	0.14502226
live_near	7.9088693	9.968284	-1.7462376	0.80768514
live_with_r_cpd	5.389993	8.297444	-0.22598484	0.42807257
live_with_this_condition	5.4008784	7.7238684	-0.5155094	0.39925566
lmfao	5.0910525	8.21514	0.55469555	1.5825883
load_of_air	4.634306	7.399604	0.2692835	2.8853574
local	8.371954	10.212167	-1.9746672	0.9875359
local_anaesthesia	7.414783	10.571364	-1.5061426	2.3799927
local_anesthesia	7.587945	10.632184	-1.4852082	2.6927965
local_anesthetic	7.543936	10.579762	-1.5419885	2.7101097
local_doctor	8.346277	9.625366	-1.910262	0.47833982
local_ent	8.376695	9.585112	-1.9415095	0.4649751
local_hospital	7.67621	9.804231	-1.6904342	0.8291266
localize	4.447141	8.868463	-0.21748953	2.3398228
location	8.330942	10.048269	-1.8684231	0.86676776
lodge_in_my_throat	3.9386477	7.163141	0.31100342	2.9897826
log	6.877351	10.071481	0.4781124	0.4324213
logical	6.091366	6.6346235	-0.7518411	0.57112455
logical_sense	3.83779	7.793937	0.95395404	1.1849524
logo	5.213768	8.174773	-1.1723409	2.224991
london	8.140388	10.669903	-1.8078084	1.4303396
london_manchester	7.3794794	10.305429	-1.5809617	1.4994296
london_uk	7.162264	10.340491	-1.1314347	1.335178
london_who	7.2858353	9.380315	-1.5481743	0.91646516
lonely	6.0325246	9.209744	0.45129755	0.5657957
long_ago	6.184674	9.533689	-0.058151282	1.0246625
long_car_ride	3.704488	7.702284	0.23154385	1.636736
long_covid	5.319438	7.649829	-0.66994	0.55717033
long_drive	5.1670203	8.566863	-0.94702494	1.9766079
long_haul	3.9422803	8.934576	-0.4233001	2.2328432
long_last	5.194549	9.325669	0.15238845	1.8760611
long_term	6.768597	10.167078	-0.35446736	2.4552522
long_term_effect	6.762409	9.380825	-0.8617654	1.7216536
long_time_lurker	6.1208324	8.850808	0.072805606	-0.18641843
look_at_my_foot	4.6407204	7.242928	-0.123957776	4.009205
look_at_my_vocal	5.6171494	8.069746	-1.3554417	3.2619467
look_down	4.9148493	6.8478346	0.74396753	4.314635
look_for_advice	6.844943	9.426516	-0.13033012	0.3340007
look_forward	6.758873	10.113105	0.66927075	0.51338553
look_pregnant	3.750624	6.590009	0.273227	1.2102897
look_straight	4.826038	7.310202	0.38926488	4.1365585
look_straight_ahead	4.9381104	7.2116714	0.6241386	4.132245
loop	5.9371014	8.673785	-1.1214789	1.5726107
loopy	4.1452036	9.505031	0.027531028	2.8877547
loose	5.281404	5.926321	-0.07729115	3.4931726
loose_stool	4.131213	6.9661965	-0.17980449	1.221308
loosen	5.48731	5.9142246	-0.15399933	3.4686296
loosen_up	5.349755	6.1365466	0.1719581	3.670017
los_angeles	7.570612	9.917345	-1.6309034	0.9156237
lose_10_pound	5.088681	8.390218	-0.47990116	1.327472
lose_a_lot	3.1807053	7.927292	-0.7849657	1.4862939
lose_hope	6.380062	10.057229	0.7015332	1.2733734
lose_my_appetite	3.6272418	7.71511	0.34322825	1.6554185
lose_my_voice	4.768308	9.738634	0.55541146	2.6616752
lose_the_ability	5.828597	10.18624	0.8952561	2.5887797
lose_voice	5.080054	9.4506235	0.0910789	2.1057916
lose_weight	2.872721	7.7830462	-0.62911516	1.564181
loss_of_appetite	4.203263	6.8426714	-0.22803852	1.0817314
loss_of_control	4.191197	7.3601522	0.23100768	2.32697
loss_of_voice	4.8866982	9.475648	0.21449515	2.2481272
lot_less	4.31834	7.2796826	0.009896119	2.0725644
lot_of_air	4.068133	7.017361	0.11673425	2.795569
lot_of_different	5.58093	7.285907	0.2140524	3.9990437
lot_of_fart	4.507317	7.9132977	0.36410487	1.523235
lot_of_flatulence	4.501266	7.971867	0.4239536	1.4604553
lot_of_gas	4.134885	6.8879595	-0.17220701	1.3674585
lot_of_gurgle	4.812824	9.609095	0.8632265	2.6729398
lot_of_microburp	5.041156	9.55382	0.9676566	2.579696
lot_of_practice	5.7169585	8.968055	0.90533805	2.5552611
lot_of_regurgitation	4.9778457	9.4024725	0.20265183	2.0430667
lot_of_saliva	3.9423654	7.3643904	0.4389182	2.5330305
lot_of_water	1.8044921	8.107123	-0.51970154	3.0818703
lottery	5.8406005	9.303782	0.16241263	1.1995448
loud	4.6019983	8.14535	1.8038017	2.1802738
loud_af	4.5430045	8.155753	-0.093499124	1.2728051
loud_and_embarrass	4.2904453	7.7916436	0.54999226	1.753791
loud_and_proud	5.010528	7.931685	1.0871637	2.614112
loud_and_violent	5.4492483	8.594183	0.3695036	1.1208354
loud_belch	4.8220897	8.1699	1.3718938	2.3742
loud_croak	4.550393	8.088343	0.9379412	1.8083279
loud_enough	4.7377024	8.129563	1.5184604	1.6117213
loud_gurgle	4.1861463	7.8530536	1.652135	1.7933952
loud_hiccup	4.494781	7.9976254	1.0798945	2.005585
loud_music	4.3293285	8.1337595	-0.14246987	2.0427234
loud_noise	4.1285887	7.918265	1.3981766	1.6996076
loud_sound	4.4289637	8.043252	1.1572196	2.1039333
loud_stomach	4.317863	7.098721	-0.23891029	1.3429105
louis	5.5138927	8.817876	-1.0920886	1.8502539
love_hear	6.191405	9.713975	0.045367282	1.1416196
love_her	6.2951837	9.698071	-0.13424104	1.1218451
love_this_sub	5.697102	8.668159	-0.035489917	0.8069807
lover	2.710201	8.18923	-1.0271432	2.0763776
low_acid	5.678002	6.8575263	-1.381586	1.1250873
low_acid_diet	5.138192	7.9178524	-1.2042639	1.2417017
low_amount	6.5918565	9.778415	-0.8024438	1.6229911
low_appetite	4.648498	6.962353	-0.37872922	0.69389373
low_carbohydrate	2.3292878	7.825794	-1.5620886	2.2616942
low_dose	7.291379	10.567366	-0.75093806	2.4321084
low_end	6.8855143	10.411225	-0.6694213	2.0487125
low_energy	3.9442296	7.9074817	-0.058947816	1.7624518
low_fodmap	2.1784651	7.688824	-1.6731575	2.263254
low_fodmap_diet	2.3697262	7.6676903	-1.8161627	2.3531349
low_income	8.187947	10.359593	-2.1384969	1.5153577
low_level	4.1198897	6.878454	-0.21172167	1.2916794
low_risk	6.798734	9.429651	-0.90957874	1.7658771
low_stomach_acid	5.7761517	6.453708	-1.2293935	0.6386545
low_success_rate	7.3208714	10.355554	-1.0625254	2.3808389
low_swallow	5.066064	7.018175	0.5473945	4.0543394
lower	5.17315	6.1193256	-0.08880887	3.6832383
lower_abdomen	4.295932	6.9690228	-0.2918275	1.8066993
lower_abdominal	4.330591	6.909637	-0.33524662	1.5861276
lower_back	4.9104524	6.741823	-0.575073	3.0596006
lower_dosage	7.1463447	10.3373165	-0.86692786	2.1734793
lower_dose	7.385285	10.714009	-0.77321017	2.4892235
lower_esophageal_sphincter	5.833007	6.5750628	-1.2350708	1.3617898
lower_esophagus	5.4380345	5.7869186	-0.58378303	2.8633244
lower_gi_tract	5.127106	7.886947	-0.74849045	1.8482875
lower_part	5.404036	6.130733	-0.62532645	3.0984876
lower_rib	4.458159	6.7671213	-0.3823996	2.275362
lower_right	4.466712	6.954556	-0.39400607	2.7455802
lower_sphincter	5.486824	5.7743216	-0.57621896	2.9455104
lower_success_rate	7.4562607	10.513041	-1.1839195	2.5484772
lower_your_larynx	5.585284	7.2474427	0.29239166	4.02537
lowkey	5.1259174	8.541421	0.34067723	1.266083
lozenge	2.8021626	8.0408325	-1.3472927	2.8608975
lpr	5.876638	6.3001056	-1.3733262	0.40287772
lpr_reflux	5.803238	6.3492746	-1.3004595	0.38917902
lpr_silent_reflux	4.632294	7.057143	-0.4765104	0.6810883
lpr_symptom	4.8714576	7.132383	-0.76695734	1.3251845
lubricate	2.986447	7.9511805	-0.38856587	2.9930475
lucy_hicklin	8.054355	10.691758	-1.4183931	1.5667535
lucy_hicklin_in_london	7.825404	10.694435	-1.2839565	1.7592187
lucy_hicklin_she	7.072851	10.269739	-1.0542182	1.403568
lucy_hickling	7.196663	10.71451	-0.97392416	1.5686208
lucy_inkling	7.456922	10.502792	-1.6455103	2.0487435
lump	4.0067	8.587981	0.2876603	3.1195052
lump_feel	4.326949	8.607875	0.0024305042	2.6462626
lump_in_my_throat	4.1745243	8.939287	0.43145862	2.9375746
lump_in_throat	4.3816223	9.173305	0.42299786	2.695919
lunch	2.1034489	8.140503	-0.169895	2.4945083
lunch_today	3.1352172	8.272842	-0.37487635	2.0451994
lunchtime	3.9430726	8.085542	-0.16050334	1.6117033
lung	4.967854	5.891236	-0.4270256	2.9667635
lung_heart	5.0904713	6.4394283	-0.75599724	2.720787
lung_issue	5.0733814	6.88119	-0.84736145	1.9841871
lurker	6.354185	9.003495	0.0076629193	-0.14572026
lurker_here	6.041702	8.860282	0.044600178	-0.039599124
lye	4.669295	7.2303295	0.09855203	4.222952
lyme_disease	5.257828	8.467761	-0.35549656	0.5079425
lymph_node	4.6083207	6.9829173	-0.53615427	2.75744
maar	5.3747616	8.7233	-2.9083095	2.4427874
mac_and_cheese	1.9772675	8.245718	-0.72911197	2.8545058
machine	5.8544335	8.287041	-1.499076	3.814889
machine_gun	4.7276163	8.059867	1.3071685	2.0477426
machinery	7.1400056	9.760007	-1.5174637	1.3579276
mad	5.5222445	8.870659	0.9715433	0.76645476
magnesium	2.2872107	7.6376734	-1.9051334	2.6721475
maiden	5.505607	8.448081	-1.6170624	1.9545374
mail	8.107797	9.987777	-1.8147566	0.81126666
main_cause	5.587189	6.92254	-0.98342115	0.7652467
main_concern	5.9470334	7.963941	-1.0476927	0.7874226
main_issue	5.7091484	6.623787	-1.2487648	0.7255103
main_side_effect	4.975458	9.323202	0.04906582	1.9513719
main_symptom	5.6451197	6.6272655	-0.8245537	0.17535457
main_symptom_of_r_cpd	5.5014963	8.0659895	-0.5527102	0.90940815
maine	6.6711054	9.736582	-1.2071688	1.2002918
maintain_weight	2.963519	8.025074	-1.0246465	1.9236981
maintenance	5.398364	8.671556	-2.334244	2.298379
major_difference	5.8445196	9.030846	-0.4905335	1.0979356
major_discomfort	4.5945697	7.950234	0.08736104	0.85008425
major_relief	5.424015	8.971963	0.46476215	1.4364613
major_symptom	5.1763024	7.5683765	-0.5266537	0.7658199
majority_of_people	6.7106357	8.592322	-0.88089603	0.9600196
make_fun	5.025328	8.286297	1.46821	1.0836574
make_myself	4.4020324	7.0947924	1.7540519	2.2128525
make_progress	6.527133	9.88664	0.75743777	1.1297224
make_yourself	4.535542	7.125514	1.6030642	2.4335146
makeup	4.669643	8.127669	-1.046323	2.6740978
mal	5.3600917	8.727445	-2.9901025	2.4740114
malabsorption	5.4856887	6.827726	-1.2295395	1.2316736
malaise	4.2390976	6.9581957	-0.31684142	1.6462108
malfunction	5.559434	5.904991	-0.6597352	2.8897567
malfunction_les	5.7466846	7.5840445	-0.991094	1.1989942
malign	5.7346773	6.866697	-1.0947812	2.221955
malnutrition	4.822809	6.8789206	-0.57007885	0.7334439
manage_to_teach	5.823519	8.715577	0.08915079	0.17991333
manchester	8.117711	10.606075	-1.8108212	1.3658984
mandatory	7.25316	10.431216	-1.8007445	1.9400343
maneuver	5.152115	6.544541	0.41458127	4.0020337
maniac	5.639312	8.835317	-0.36673498	1.1317977
manifest_itself	5.7669215	7.0702114	-0.6687984	0.44744176
manipulate	5.1749263	6.416568	0.4255977	3.8411565
manipulation	5.077545	6.884677	-0.28311685	3.5285504
manometry	8.013806	8.460271	-2.6323776	1.0894835
manometry_ph	7.377298	8.5383215	-2.0528398	0.9044352
manometry_show	5.810513	6.848669	-1.4246783	1.7803563
manometry_test	8.024096	8.487885	-2.5929644	1.0213945
manual	5.1496086	6.780058	0.767963	3.8654819
manual_burp	4.799576	7.866371	1.2708102	2.3554072
manual_open	5.1608067	6.5184755	0.3242231	3.8947606
many_doctor	8.155509	8.967855	-1.8213997	0.21543619
many_of_us	5.9626226	6.8566127	-0.7109813	-0.008323996
many_patient	6.939827	9.418072	-1.300319	1.0101063
many_people_with_r_cpd	5.654717	7.579059	-0.969857	0.9786264
many_test	6.241209	7.281131	-1.7242107	0.73339576
many_time	4.356004	8.114723	1.4544923	1.2124544
many_unit	7.3091316	10.512906	-0.9535326	2.3782933
map_of_specialist	7.796186	9.368482	-1.3184881	0.18921788
march_2023	6.789194	10.565937	-0.48973763	1.8586358
marfan	6.276678	7.615745	-1.0320145	0.5856504
marijuana	2.5942545	7.8013988	-1.7015883	2.4293597
marino	6.3994174	9.026555	-1.2419442	1.2094775
mark_hess	7.3158145	9.418525	-1.593605	0.7846177
marker	5.99547	7.5253263	-1.6845411	1.4357721
marriott	7.000911	10.288743	-1.6811585	1.8979279
marvel	5.8397293	8.302553	-0.47983217	0.9989748
mash_potato	1.696365	8.143003	-0.6972176	2.9790604
mask	4.324958	7.1759214	-0.16511083	3.8461852
massage	5.1375756	6.472796	0.37799123	4.0551553
massage_my_stomach	4.414268	7.2311487	-0.08306149	4.0772643
massage_my_throat	5.0387673	7.190286	0.50312907	4.0660076
massage_therapist	5.210722	8.070832	-0.53492004	2.1608844
massive	3.8819149	6.6210866	0.14631781	1.089296
massive_belch	4.6486835	7.795261	1.2799772	2.134703
massive_burp	4.8295274	8.267594	1.2720695	2.373128
massive_difference	3.7324305	7.7136006	0.8858484	1.1152332
massive_fart	4.941121	8.438991	0.069818474	1.2880243
mast_cell	6.001645	6.5932055	-1.2687312	0.8516932
match	5.766816	6.8288846	-1.009162	0.17857745
match_up	6.411864	7.9336596	-1.2176626	0.71230114
may_be_able	7.7161684	9.534974	-1.5562856	0.54006517
may_contribute	5.7201486	6.7273645	-1.0294703	0.6549095
may_help	6.1752744	7.5713205	0.19903655	3.5010085
may_ninth	6.7739215	10.078348	-0.91663104	1.2898844
maybe_a_little	4.7145753	8.694845	0.6071585	2.4399016
maybe_once_or_twice	4.382965	8.183853	1.435497	1.1235684
maybe_twice	4.4256897	8.155378	1.3948376	1.0399121
mcas	5.977043	6.7205424	-1.2686088	0.42260292
md	8.011168	9.874429	-1.7839688	0.7267177
mdma	2.8027015	7.9025164	-1.9693401	3.3512635
mds	6.8429823	8.654667	-1.276302	0.78787327
meal	1.9735599	8.102093	-0.20122918	2.4839182
meal_replacement	1.7607284	8.205971	-0.7710584	2.6677907
meal_replacement_shake	1.9999231	8.117215	-0.9958733	2.5833302
mean_by	5.610136	7.796504	0.49659023	2.2914314
meat	1.5880703	7.9968367	-0.9336862	2.6736944
meat_and_dairy	2.5927117	7.936356	-1.3865988	2.1569874
mechanical	5.8114705	6.384724	-1.126666	1.4271992
mechanism	5.5466833	5.929591	-0.2103677	3.3185081
med_student	7.7459254	9.437933	-1.7065995	0.5055254
medicaid	8.263654	10.4637575	-2.175113	1.5981832
medical	8.04384	8.993327	-1.5313518	0.12473424
medical_attention	6.564744	9.055345	-1.1278235	1.126765
medical_care	8.177176	10.069935	-2.037031	1.1773088
medical_community	7.8403206	8.792119	-1.4571818	0.12187664
medical_condition	6.4538484	6.818506	-1.0876191	-0.05612771
medical_cost	7.369711	10.451575	-1.6840458	1.9344128
medical_gaslight	5.920057	7.2653413	-1.1332146	0.44229102
medical_induce_nap	7.2382693	10.566839	-1.576656	2.1066465
medical_insurance	8.324661	10.42389	-2.1810808	1.4984026
medical_intervention	6.2392983	8.909956	-0.68465686	1.2297775
medical_issue	6.3398542	6.8625894	-1.1060269	0.23498629
medical_journal	7.676834	9.223859	-1.2413808	0.14646624
medical_literature	7.3677754	8.556595	-1.4024243	0.34581023
medical_necessary	8.3614645	10.634099	-2.2316184	1.7429096
medical_problem	6.416432	8.455986	-0.5603852	0.41939563
medical_procedure	6.8495083	9.543157	-0.9193023	1.7593155
medical_professional	7.8223753	8.782623	-1.4052762	0.09289438
medical_reason	5.899792	8.283558	0.108543865	0.9886688
medical_recognize	5.9836793	8.800716	0.07418193	0.06702052
medical_research	6.24572	7.681643	-0.8886169	0.38879803
medical_setting	5.8023353	8.537456	-0.47147834	1.3833673
medical_student	7.0489273	8.719536	-1.34115	0.60104465
medical_study	7.0610504	8.787843	-1.4823829	0.803792
medical_stuff	6.1370273	8.769984	-0.31955013	1.1504947
medical_term	6.436065	7.3228025	-1.1038878	0.6273755
medical_test	7.2085886	8.546256	-1.8680642	0.8240736
medical_train	6.423268	8.721227	-1.0305485	0.9991274
medical_treatment	7.292794	8.665833	-1.3630751	0.47110265
medical_world	6.4108677	8.43478	-0.7764916	0.72379905
medicare	8.267378	10.736875	-2.157262	1.8142178
medication	2.370144	7.561016	-2.4840133	3.1073174
medication_supplement	5.1013927	8.436372	-1.0617417	1.7773995
meditation	5.6506705	7.200481	0.16580321	3.9983072
medium	2.4272466	8.331335	-0.9741999	2.3081388
meet	8.182669	9.860955	-1.8169881	0.65587145
meet_anyone	6.170934	8.284695	-0.34690943	0.38126093
meet_my_deductible	7.795344	10.665189	-1.9940413	2.0357935
meet_with_doctor_bastian	7.269884	10.510039	-1.2077136	1.3030528
meet_with_he	7.7030134	10.544919	-1.5098544	1.1645414
meeting	8.011543	10.736436	-1.5664358	1.1407014
mega_post	6.8041863	9.027834	-0.45299843	0.54695153
megathread	7.033397	9.107191	-0.5502124	0.32884613
melatonin	3.2644517	8.713372	-0.3222642	2.5079527
melbourne	8.243433	10.206111	-1.9069523	0.93248826
melissa_l	6.294451	8.77656	-1.7974838	1.5088494
mellow_out	5.477528	9.693118	0.5106587	2.1419334
melon	2.4153032	8.190187	-1.0447373	2.4238026
melt	2.0601785	8.01015	-0.5220685	3.090169
member_of_this_community	6.2097564	9.036024	-0.2922147	0.31255442
membrane	5.286592	7.379939	-0.9593065	2.3139074
memory	5.1877537	7.495432	0.49846062	-0.21293947
mendelsohn_maneuver	5.5817842	7.3178864	0.20213072	3.95357
menopause	5.0444484	7.755382	-0.39801738	0.5685463
menstrual_cycle	4.8086495	7.443478	-0.55248576	0.9153456
mental	5.7171626	6.351702	-0.4615015	1.6017401
mental_aspect	5.6792974	8.4625	-0.4287348	1.4234426
mental_block	5.657875	7.280025	-0.26126072	1.5187699
mental_health	5.7971354	6.899138	-1.107076	0.32743073
mental_health_issue	5.4001613	7.5658345	-0.45522386	0.63103604
mental_health_problem	5.1233516	7.466111	-1.0153147	1.3489763
mental_ill	7.359766	8.8301935	-1.5281235	0.5016534
mental_illness	6.3954525	7.9490113	-0.78340226	0.5325167
mental_problem	6.0061216	7.3196864	-0.8321541	0.9069972
mental_state	5.375032	7.271542	-0.68091565	0.8915371
mention_above	5.3280554	7.6722136	-1.0571901	1.2357509
mention_on_this_sub	6.7981286	9.45978	-1.2361913	1.0447788
merry_christmas	5.8596797	9.435318	-0.1164837	1.2591379
metabolism	2.7121167	7.863057	-1.2156534	1.910062
metallic_taste	3.9084806	6.8410707	0.113340855	1.9119354
methane	4.612582	6.393827	-0.89855134	2.3736463
method	5.7450523	7.2907033	0.67278963	4.0848784
michael_hospital	7.4541645	9.706104	-1.6177325	0.8677408
michael_pitman	7.2505884	10.031865	-1.3180052	1.0302105
micro	4.9583883	8.840812	1.7715455	2.85606
micro_biome	5.9403024	6.960293	-1.5990264	0.95208114
micro_burp	4.975374	8.813207	1.8262604	2.8989623
micro_burp_a_few	5.3338447	9.733627	0.64138186	2.2202096
micro_burp_but	4.9768496	8.90202	1.7411929	2.8440478
micro_burp_out	5.3193655	9.410093	0.9642144	2.4198568
micro_burp_since	6.7236595	10.530577	-0.44940826	1.9055018
micro_burp_that	4.934108	8.454352	1.3228983	2.662169
micro_burp_which	5.1039343	9.162807	1.3385677	2.5287166
microburp	4.9698615	8.789996	1.8379557	2.904298
microburp_and_a_few	5.2883563	9.817213	0.7884698	2.4020739
microburp_so_far	5.341557	9.75583	0.6115164	2.2894275
microburp_throughout	5.202914	9.582773	0.27609664	2.0259
microburp_today	5.0477343	9.569049	0.8244413	2.5241587
microlaryngoscopy	5.621951	7.6879334	-1.2085686	2.3499765
microphone	5.0303497	8.4771385	0.4541706	1.2159721
mid_meal	4.437982	7.8213196	-0.11025883	3.1418712
middle	4.6784115	6.773894	-0.46867618	3.0432692
middle_back	4.447338	6.8844185	-0.4095909	2.703415
midsection	4.907165	7.3552413	-0.5160389	3.5976632
midtown	7.047021	9.84146	-1.5438429	1.2812358
midwest_surgery_center	7.1706495	10.061053	-1.5885	1.4331707
mig	5.3836026	8.682988	-2.53679	2.356061
might_help	6.100376	7.4995914	0.21090084	3.6027405
migraine	4.1697273	6.415677	-0.02060328	0.8880724
mild	4.1709456	6.816769	-0.1479358	0.9086293
mild_asthma	5.711152	8.040796	-0.643372	0.8885534
mild_case	5.917859	6.9364557	-0.5848528	0.1849248
mild_choke	4.7571125	9.606946	0.47192374	2.543858
mild_cold	5.120519	9.4075775	0.069781035	2.092101
mild_discomfort	4.153464	8.747071	-0.103931144	2.2298954
mild_form	5.950086	7.882761	-0.59834796	0.7750955
mild_nausea	4.323269	7.017403	-0.19228059	0.8652585
mild_side	5.3693233	8.035011	-0.51049155	0.61441207
mild_slow_swallow	4.872577	9.609529	0.39685962	2.4075847
mild_sore	4.103672	9.028445	0.26252484	3.114867
mild_sore_throat	4.3860373	9.565686	0.2975319	2.8348544
mild_symptom	5.4101276	8.212189	-0.5365341	1.0679226
mild_to_moderate	5.574068	7.7320065	-1.2673749	1.1069463
mild_version	5.095574	8.469028	0.9825097	2.172785
mile_away	7.149866	10.411073	-1.7145629	1.8528032
military	6.621448	9.171062	-1.0814208	1.273604
milk	1.6237694	7.9776855	-0.99684566	2.390927
milkshake	1.7098464	8.158263	-0.66464317	2.9826863
miller	4.967592	8.427479	-1.3178351	2.1450717
mind_body	5.6842546	6.532072	-0.6690397	2.6718888
mindfulness	5.724735	7.3106384	0.24142183	3.9792488
mine_go_away	4.5423865	8.4290695	0.03506365	1.6814576
mine_peak	5.1963654	9.804364	0.78790206	2.4747677
mine_with_lucy	6.954683	10.683546	-0.7398639	1.7833236
mine_yesterday	6.2103305	9.88039	0.14943439	1.2287762
mini_burp	4.9607506	8.791652	1.8217705	2.8860767
minimal_invasive	6.74885	10.002773	-0.8133593	2.0477204
minimal_result	6.537798	10.299135	-0.40314043	1.8500429
minimize	2.1678333	7.719364	-1.2001866	2.177199
minneapolis	7.4004383	10.096702	-1.5731487	1.2198611
minor	4.2988486	6.927948	-0.18750738	0.79219216
minor_inconvenience	6.0204163	8.38322	-0.56757027	0.8977569
minor_regurgitation	5.110232	9.660904	0.62426215	2.372173
minor_sore_throat	4.522555	9.522315	0.21929264	2.7209947
minority	6.4970717	8.540868	-0.6717443	0.7984909
mint	1.7352145	7.972758	-1.0860823	2.4086668
mint_gum	2.6597078	7.832923	-1.7296927	2.8137403
minus_the	4.4182954	7.322266	-0.40898395	1.3312793
mirror	5.4147315	8.505708	-0.8024998	1.9756875
mirtazapine	2.7121544	7.7703047	-2.1764784	3.2880898
misconception	5.550938	8.137896	-1.1267897	2.2771556
misdiagnose	7.91474	8.460788	-1.8092433	0.2169876
misdiagnose_with_gerd	5.7629905	7.671066	-1.0467815	0.7290982
misdiagnose_with_ibs	6.0078864	7.8871856	-0.7695678	0.6916539
misdiagnosis	6.024114	7.096048	-1.2911904	0.42326194
miserable	3.1926496	7.6111608	0.68483883	1.4479415
misery	4.799629	7.8737974	0.27368045	0.23174027
misinformation	6.317483	7.997765	-0.6306965	0.6924964
misophonia	5.607739	8.428797	-0.44163406	1.3673047
miss_diagnose	5.895683	7.4051185	-1.1754559	0.57087946
miss_out	4.831751	8.164294	0.19510303	0.39070243
miss_out_on_so_much	4.9207544	8.37778	0.1556175	0.4947071
mission	6.0629473	9.323573	-0.18111292	0.8263
mitigate	2.4206321	7.5501475	-1.3286177	2.20306
mitigate_against_by	2.949912	7.4688563	-0.3055754	3.9241889
mix_between	4.64946	8.168195	0.6013524	2.2457707
mix_drink	1.7135936	8.42795	-0.672618	2.0744827
mix_with_water	1.8647847	8.207499	-1.0343131	2.3428903
mixer	1.6694789	8.412593	-0.6586159	2.0760794
moan	4.166536	7.8207	0.4137475	2.0523841
mob_mentality	6.0816793	7.669079	-0.5775091	0.8005218
mobility	5.8825884	6.8732915	-1.2852321	1.2330337
moderate	4.158879	6.8098416	-0.19341992	1.022384
moderate_sore_throat	4.3308654	9.314944	0.14066048	2.8152893
moderator	7.4758496	9.314897	-1.0096774	0.1643094
modern	6.0277534	7.16279	-1.4437737	1.4785506
modify	5.663963	7.2822266	0.13182816	3.9581819
modify_my	2.2396462	7.9011025	-1.317433	2.2025435
mojo	5.1943436	8.479488	-0.06782473	1.8622345
mom_say	5.024285	7.9338527	0.52465904	0.62204564
moment_where	5.0158253	8.87257	1.1715447	2.4861403
momentary	4.6731024	7.4399605	0.10576817	2.8095267
monday	7.31002	11.083343	-1.0457374	1.536251
monday_evening	6.334073	10.198767	-0.4709844	1.7750416
mondino	6.6180906	8.804397	-1.6492963	1.2375753
money_to_travel	8.131072	10.067153	-2.04533	1.1968409
money_together	6.4149346	9.552812	-0.31362566	0.92544913
monitor	5.9019036	8.281322	-1.5995395	3.8445265
monster	4.7126555	8.070174	1.4652842	1.6694252
month_4	5.5207334	9.827395	0.6136278	2.2591815
month_or_two	3.9787467	8.171186	0.28981563	1.5526472
month_pregnant	3.9585278	7.811454	-0.24021319	1.4910263
mood_killer	6.1021686	9.342168	0.29188713	0.7542583
more_accurate	7.5145574	10.48808	-1.4254574	2.711631
more_air	4.1780486	6.1707726	0.029829038	2.8356247
more_annoy	4.8786974	8.498976	0.1388099	2.1267288
more_anxious	3.7834938	7.5678177	0.851173	1.337429
more_bearable	3.7088053	7.6569376	0.7870876	1.123557
more_calorie	2.4299057	8.07733	-0.9113692	2.3419466
more_comfy	4.5691204	8.664425	0.52691835	1.9100244
more_common	6.0462837	6.75165	-0.77409196	0.260819
more_complex	6.2699475	8.394205	-1.055537	1.2551254
more_complicated	6.245154	8.418767	-1.0024221	1.2178994
more_confident	3.8567405	7.780929	0.8937732	1.1327292
more_consistent	5.236328	8.982102	1.3456874	2.7436109
more_control	5.2511325	8.779696	1.3950822	2.9497979
more_controllable	5.2298965	9.187741	1.1604257	2.4277067
more_easy	5.1090326	6.3347106	0.3760867	3.5846956
more_energy	4.5093484	8.644872	0.4060178	1.7319776
more_enjoy	3.6373498	7.8134885	0.6360343	1.2787122
more_expensive	8.095186	10.792496	-1.9532759	2.2565978
more_frequent	4.3514614	8.34952	1.1690589	2.1909103
more_frequently	5.064075	8.792045	1.4736333	2.7736464
more_gas	4.1334977	6.183338	-0.1303383	2.6576133
more_gassy	3.7627087	7.642734	0.7840801	1.0676438
more_importantly	4.998491	8.610964	0.67910516	1.7629943
more_intense	4.318683	8.603036	0.6742044	2.1591735
more_manage	3.7452633	7.6578617	0.7896271	1.0659609
more_natural	5.340814	8.407085	1.3583492	3.2093527
more_nauseous	3.615122	7.388178	0.7052904	1.5576601
more_often	3.4317555	7.5595927	0.9261266	1.9410368
more_often_than	4.4929132	7.989616	1.5399122	1.8691652
more_power	4.8443785	7.99684	0.8308897	2.548486
more_precise	7.4722457	10.453144	-1.408828	2.7561655
more_productive	5.258949	9.279303	1.0774993	2.3765118
more_progress	6.404848	9.80181	0.47985607	0.73155606
more_prone	5.008699	6.576206	-0.78777	2.0657804
more_rare	5.2527986	9.178368	-0.04139262	1.7381094
more_relax	5.148102	6.2008557	0.27879468	3.6616306
more_satisfy	5.420292	9.177574	1.0333717	2.4791653
more_sensitive	4.945442	6.672254	-0.79070395	2.2239037
more_severe	5.49431	6.717768	-0.6591416	0.30384848
more_space	4.711533	7.0092406	0.053781293	3.9411585
more_substantial	5.129567	8.92177	1.0578606	2.4092662
more_subtle	4.9016957	7.879701	1.0104568	2.8592238
more_traumatic	5.057885	7.4563985	0.64283586	0.5841481
more_uncomfortable	4.193757	8.15334	0.29690427	2.210529
more_unit	7.3704877	10.998519	-0.46849218	2.524244
more_weight	3.2885966	7.9515142	-0.89766765	1.5339582
morning_sickness	4.5458026	7.163248	0.5714182	0.46919027
moscaritolo	7.2801256	9.677586	-0.6639715	0.35292706
most_critical	5.3459864	9.758444	0.63127244	2.2328308
most_disgust	4.921259	8.19889	1.2009746	1.6479748
most_doctor	8.189669	8.991656	-1.7873026	0.17851137
most_gps	7.463148	8.841205	-1.5429372	0.50063187
most_importantly	6.0117655	9.037727	0.5987074	1.7629911
most_intense	4.5595517	7.8344564	-0.34339246	1.6057718
most_notable	5.843939	8.314625	-0.74550396	0.8250583
most_of_my_life	5.036873	7.071445	-0.205656	0.06525532
most_of_us	5.9725127	6.8981586	-0.6063335	-0.040000238
most_part	3.820275	7.702006	0.7575765	1.9077497
most_satisfy	5.1320033	8.565126	0.08969114	1.7868327
most_uncomfortable	4.601066	7.913949	0.46670508	1.6169583
mostly_due	4.9744315	7.9391146	-0.25727686	0.63551444
motility	5.6779294	6.2877545	-1.3201562	1.370499
motility_disorder	5.901169	6.8966746	-1.5215814	1.52027
motility_issue	5.8999968	6.6130505	-1.3643684	0.9181892
motility_test	7.8439074	8.512251	-2.5121677	1.0738624
motion	5.004896	6.6757007	0.7395018	3.9478674
motion_sick	4.0269957	8.081149	0.22762632	1.7443447
motion_sickness	4.425042	6.9689665	0.44699588	0.668264
motor	5.7914567	6.810414	-0.7663492	2.3405354
motrin	2.479126	8.05563	-1.5611811	3.285238
mouth	4.6747603	6.4937735	0.14296404	4.034267
mouth_breathe	5.138356	6.3170395	-0.8068837	2.3689556
mouth_breather	4.9406543	7.8675094	-0.47340217	2.110197
mouth_water	3.9377413	6.8154826	0.02638945	1.25524
mouthful	1.9081428	8.148984	-0.57596093	3.2338972
mouthful_of_water	2.4263642	8.128093	-0.71764696	3.1160703
mouthguard	5.564983	8.754513	-1.6561801	3.36619
move_around	4.3585105	6.747212	0.3006934	3.8954093
move_down	4.4768405	6.174318	-0.17651542	3.0242875
move_my_head	4.837651	6.9679785	0.9090628	4.190749
move_my_jaw	4.9851923	7.1096435	0.41841272	4.1738734
move_my_neck	4.783264	7.027615	0.7396446	3.9764256
move_past	5.372172	8.365031	0.0916015	1.4175354
move_through	4.0655794	6.4185543	-0.91364855	2.3875089
move_up	4.5306406	6.2999735	0.16370454	3.332093
move_your_head	5.026592	6.9736557	0.5420352	4.248336
movement	5.169203	6.461986	0.48045343	4.023958
mr_karagama_who	6.995826	9.909365	-1.2598958	1.2053645
mr_omar	6.7329583	9.261155	-1.1633421	1.1162587
mri	7.8358374	8.328998	-2.5760715	1.0608776
ms_hicklin	8.05098	10.687345	-1.424423	1.5568599
mthfr	5.343144	8.501121	-1.0931401	1.9727925
mu	5.8480825	8.930819	-1.0002303	1.4187119
much_as_possible	5.1884427	6.9841356	0.8911777	4.1498313
much_better	4.552495	9.104226	0.64384943	2.1360269
much_cheap	7.716075	10.60066	-1.5800503	2.456936
much_improve	5.136621	8.130579	-0.42123017	0.692542
much_less	3.876367	7.409941	0.64673513	1.5098162
much_relief	4.963236	8.630633	1.6819146	2.670674
much_worse	3.6940436	7.026342	0.51503694	0.9863744
mucinex	2.669134	7.8208694	-1.9788285	3.3575795
mucosa	5.411652	7.1995664	-1.3270273	1.8228283
mucous	3.977631	7.129433	-0.05799653	2.363663
mucus	3.7175913	7.1704397	0.2896458	2.7586606
mucus_in_my_throat	4.001277	7.3879266	0.106389984	2.2382495
mucus_in_throat	4.4959807	7.2060676	-0.45870078	1.4886386
muffin	2.4396298	8.292229	-0.86495066	2.5138493
muffle	4.737892	8.057729	1.2477964	2.1075113
multi	2.9692621	7.9977326	-1.5577424	2.8562164
multiple_injection	7.1863847	10.327541	-0.9164505	2.426603
multiple_round	6.920884	10.191077	-0.6155545	2.2290792
multiple_test	7.737313	8.44088	-2.455072	1.0436279
multivitamin	2.6873178	7.852075	-1.7736691	3.3669536
mum_and_dad	7.189483	9.219581	-1.5987592	0.9189185
musc	7.0033135	10.043135	-1.2703551	1.2347418
muscle	5.4578304	5.9485955	-0.084422335	3.5092907
muscle_around	4.841892	6.7003317	-0.12763812	3.4624043
muscle_connection	5.537274	7.0205183	0.17207158	3.451535
muscle_dysfunction	5.924579	7.121044	-1.2025026	0.9659208
muscle_group	5.5540595	7.7450023	-0.40056294	2.0856652
muscle_in_my_throat	5.5515456	6.1770763	-0.32557043	3.238724
muscle_in_your_throat	5.5459847	6.241516	-0.5354465	3.1337166
muscle_mass	4.4929113	8.016434	-1.2267398	1.9779724
muscle_memory	5.4090853	7.2959304	1.1078231	3.559804
muscle_movement	5.3571825	7.535302	0.33288726	2.6875756
muscle_relaxant	5.9603505	8.4448	-1.2751911	1.6575326
muscle_relaxation	5.550401	7.3705397	-0.87427276	1.9358884
muscle_responsible	5.6667833	6.091397	-0.47643033	3.037101
muscle_spasm	4.942928	6.4946594	-0.6484786	2.7153747
muscle_tension	5.1709065	6.3030467	-0.8000835	2.365031
muscle_tension_dysphonia	6.24188	7.4523816	-1.4513675	1.0702994
muscle_tighten	5.3349404	6.7944007	-0.90001714	2.4032655
muscle_weakness	4.9986115	7.4242897	-0.9268425	1.2321239
musculature	5.550855	6.2812963	-0.5721572	3.1313658
mushroom	2.384616	8.164263	-1.263408	2.31106
music_festival	4.358291	8.738159	-0.351835	1.5901355
musical	5.410323	8.694076	-0.8842592	1.5517238
my_20s	4.9342465	7.436266	0.06797945	-0.09601089
my_30s	4.873361	7.402668	-0.08907126	-0.015410936
my_40s	5.0292087	7.534218	-0.0369658	-0.00974664
my_ab	4.864154	6.5196347	0.5391572	3.896253
my_abdomen	4.4332714	6.3197913	0.2258799	3.4084167
my_adams_apple	4.781266	6.4978714	0.21015088	3.8699713
my_airway	4.909868	6.3282394	-0.16790618	3.4410765
my_anxiety	4.6287513	6.7972794	0.28893828	0.56351537
my_apartment	4.0501304	8.109188	-0.21475528	1.9814845
my_appetite	3.3187244	7.766802	-0.3514338	1.6119497
my_appointment	7.9042253	10.864502	-1.4153017	1.2431504
my_armpit	4.8605423	7.135699	0.6748652	4.14883
my_assumption	5.556278	8.451542	0.13086414	0.83380646
my_baseline	4.9447713	8.309206	-0.38323072	0.83204406
my_bed	3.8554666	7.0774827	0.17771834	4.220506
my_belly	4.1660833	6.243586	0.09446394	2.8783982
my_belly_button	4.4251885	6.577069	-0.22031327	3.0746772
my_bf	4.961139	8.296276	1.6531667	1.2100865
my_bladder	4.749062	6.622691	-0.5101541	2.6469352
my_boob	4.870532	8.00372	-0.5288129	2.5174525
my_bowel	4.3797503	6.076539	-0.46747163	2.5770543
my_boyfriend	4.992116	8.329845	1.7268798	1.1682091
my_bra	4.722283	7.613756	-0.005883487	1.9834113
my_breath	4.456828	6.7088356	0.5447204	3.8999174
my_car	3.8511403	7.0943336	0.34651455	4.0375757
my_case	5.963189	6.2694235	-1.3078828	0.35500398
my_chest	4.302134	6.4154935	0.13225871	3.176216
my_childhood	5.0878067	7.510115	0.5535525	-0.108024284
my_chin	4.728625	6.7540846	0.510742	4.2744784
my_clothes	3.7603614	7.805246	-0.21868582	1.8954859
my_collarbone	4.734542	6.7634025	-0.23325767	3.5531268
my_consult	7.67627	10.868082	-1.2730087	1.2750046
my_consultation	7.8365426	10.897137	-1.3799508	1.2975901
my_copay	8.186312	10.848717	-2.1725514	2.055798
my_core	5.0832324	6.3929243	0.36057812	3.846408
my_country	8.400802	10.122977	-2.0272205	0.9680508
my_cousin	5.3688226	8.003569	0.3392131	0.27122927
my_deductible	8.146883	10.866796	-2.1584654	2.1023793
my_deviate_septum	6.020072	7.896166	-1.4820668	1.6440545
my_diaphragm	4.79225	6.320402	0.31353799	3.7554688
my_diet	1.9048209	7.697859	-1.3622392	2.2130992
my_ear	4.384701	6.442351	0.025616858	3.2731698
my_early_20s	4.9539886	7.540325	0.10470227	-0.07487443
my_early_30s	5.055319	7.7051697	-0.18035962	0.052938014
my_elbow	4.661049	7.0819497	-0.037047252	4.0229583
my_emetophobia	4.738962	7.207016	1.2561821	0.4979633
my_ent	8.425258	9.317307	-2.0805748	0.3907537
my_entire_life	5.2608047	7.6720533	0.41079998	-0.30192393
my_epiglottis	4.759462	7.6430883	-0.35332865	3.023288
my_esophagus	5.3173223	5.787988	-0.36603162	3.203465
my_experience	6.952301	9.784376	0.2792667	0.27399334
my_eye	3.969091	6.977706	0.3936322	3.575714
my_family	5.0507345	8.325877	1.6130006	1.0838928
my_fear	4.699165	7.2389593	1.3691342	0.55898803
my_fellow	6.5319	9.170112	-0.3128132	0.33205527
my_finger	4.741481	6.8022113	0.72928494	3.931582
my_first_dose	7.303879	11.197096	-0.3490323	2.4923484
my_first_round	7.2674985	11.213456	-0.33747643	2.5040276
my_first_trimester	4.833511	8.276987	-0.31954682	1.1809593
my_fridge	2.8408306	8.355852	-0.931005	2.2978811
my_friend	5.002011	8.333951	1.7013872	1.1487342
my_gag_reflex	4.380076	7.097863	1.7265627	2.1968546
my_gastro	8.129488	9.053396	-2.1651042	0.5200528
my_gastroenterologist	8.321811	9.222847	-2.1187081	0.40482372
my_gf	5.0074334	8.339153	1.700696	1.1544303
my_gi	8.370001	9.169687	-2.1608	0.39048365
my_girlfriend	5.0049844	8.34272	1.694485	1.1570396
my_gp	8.427686	9.295965	-2.0960636	0.3690068
my_grandfather	5.5342283	7.99527	-0.46829665	0.8013738
my_gum	5.307559	7.941142	-1.1119602	3.4647465
my_gut	4.326021	6.0321007	-0.36825377	2.6248546
my_hand	4.463838	6.75977	0.20329542	4.2206874
my_heat_pad	3.773697	7.945312	-0.1022432	2.3801138
my_hero	6.3762064	9.532189	-0.68461376	0.9096189
my_hip	4.6426387	7.0468974	-0.3852779	3.5810034
my_husband	4.9965744	8.334774	1.7223433	1.1576837
my_hypothesis	6.0810404	7.342524	-0.9693543	1.1062692
my_insurance_company	8.308336	10.54572	-2.1817615	1.6162493
my_intestine	4.3580585	6.067679	-0.24822187	2.694605
my_iv	5.6296554	8.811632	-1.6966556	3.4595711
my_jaw	4.8037505	6.39549	0.16215901	4.038128
my_journey	6.9179716	9.851479	0.34631988	0.2852161
my_kid	5.0956464	7.905077	0.60665023	0.26198977
my_knowledge	7.275077	8.606547	-1.4130156	0.51676154
my_larynx	4.878557	6.390715	0.24096687	3.9794447
my_left_side	3.9167435	7.121742	0.019649088	4.3172045
my_les	5.564038	5.734358	-0.525424	3.097494
my_life	5.2201467	7.847383	0.45247686	-0.22044352
my_liver	6.138889	7.6741138	-1.7515085	1.3719249
my_local	7.9509954	9.599564	-1.8232826	0.60505325
my_lower	4.501976	6.511747	-0.21308441	3.2873101
my_lower_abdomen	4.3161454	6.7429514	-0.20991248	2.6309736
my_lower_esophageal	5.6058316	5.736208	-0.5139872	3.14838
my_lung	4.629966	6.1590085	-0.05976038	3.2384505
my_mental_health	5.012358	7.323485	-0.24972382	0.38670805
my_mid_20s	4.9073315	7.609821	-0.105550446	-0.0010853442
my_mid_30s	4.92988	7.7743626	-0.20209692	0.10061333
my_mid_sixties	6.722952	10.247064	-0.573863	1.9079658
my_mid_twenties	4.8422976	7.5728645	-0.19362873	0.0658386
my_midsection	5.1490135	6.947118	0.16932315	4.038582
my_mouth	4.0322833	6.9323964	0.5479707	3.428276
my_nasal_passage	5.7786183	8.312293	-1.4902937	3.7716758
my_neck	4.7926054	6.3832264	0.1963486	4.061278
my_nerve	4.820579	7.7670274	-0.5441876	3.2365048
my_nose	5.8590364	8.290225	-1.5648463	3.968911
my_nostril	5.706523	8.163118	-1.4306742	3.8628879
my_oop	7.7046056	10.675661	-1.889189	2.1693683
my_organ	4.390843	6.5172753	-0.101042174	2.8841403
my_pants	3.7224228	7.729708	-0.17508368	1.9203417
my_pcp	8.444607	9.303767	-2.103394	0.36641088
my_pediatrician	7.5666294	9.078968	-1.810049	0.6025503
my_period	3.8147497	7.1945014	0.18211675	1.5123924
my_perspective	6.285292	8.589652	-0.3752088	0.73574036
my_phobia	4.73448	7.2337027	1.2923745	0.5295747
my_poor	5.502966	8.722219	0.42855203	0.55808234
my_post_nasal	4.5338798	7.289682	-0.4048435	1.6770504
my_posture	5.4647536	6.8836684	0.3041741	4.0635047
my_ppi	2.6402955	7.8337054	-2.098312	3.2856224
my_primary	8.307443	9.310985	-2.0620315	0.42077276
my_procedure	7.7116423	11.086605	-1.1793772	1.673782
my_progress	6.8601613	10.077204	0.52853656	0.4507585
my_quality	6.1421247	10.313435	0.54377764	1.1779106
my_r_cpd	5.426469	6.353203	-0.92082846	0.12759693
my_rib	4.455366	6.448761	-0.15196331	3.2623668
my_rib_cage	4.5375433	6.578489	-0.228963	3.3678002
my_ribcage	4.709641	6.757289	-0.45976114	3.0783021
my_saliva	3.33268	7.573002	0.28491074	3.02679
my_second_dose	7.2927136	11.182577	-0.33903354	2.475289
my_second_round	7.230722	11.154504	-0.324214	2.4385118
my_second_trimester	4.3155966	7.5344124	-0.21003589	1.1869419
my_self	4.7893023	7.561155	1.1736423	2.3247805
my_shoulder	4.66924	6.636268	0.2969285	4.180995
my_sibling	5.397978	8.168906	0.08812259	0.44375494
my_sinus	4.317426	6.9748516	-0.28797406	2.5350928
my_spine	5.1090455	6.5427675	-0.6384824	3.0700688
my_sternum	4.4363074	6.4467945	-0.18390106	3.1671183
my_stomach	4.1563787	6.2434435	0.10522792	2.834447
my_story	7.1311207	9.446341	0.100665376	-0.20098741
my_suspicion	5.807115	8.563025	-0.68098336	1.0796324
my_symptom	5.3206015	6.337259	-0.81894344	0.036010794
my_teen	4.968576	7.560013	-0.017930707	-0.027486531
my_third_trimester	4.7887425	7.9722424	-0.040848274	0.88631904
my_throat	4.0410247	6.9692135	0.57415164	3.2382548
my_toe	4.6424823	7.218259	-0.15781921	3.9288857
my_tongue	4.6928134	6.456919	0.20742159	4.0882344
my_tonsil	4.602638	6.8603687	-0.5255807	2.7287245
my_trachea	4.676588	6.7440457	-0.13489369	3.4603145
my_tummy	4.168115	6.310056	0.082045905	2.8591506
my_twin	5.9844346	8.383302	-0.20872852	0.5690593
my_twin_sister	5.5884523	7.949939	0.15957806	0.30300617
my_two_cent	6.376589	9.308682	-0.43505138	0.8198733
my_ues	5.492754	5.7878456	-0.30672577	3.3402033
my_upper	4.6541133	6.536703	-0.20389906	3.511732
my_upper_abdomen	4.2199883	6.861432	-0.11606431	2.3525586
my_upper_esophageal	5.600026	5.740254	-0.4671119	3.2087061
my_uvula	4.4670706	6.678761	-0.06207924	3.4670234
my_vocal	4.849336	8.508901	-0.59888583	2.4781833
my_voice	4.2068524	8.989099	0.35132357	2.9451754
my_waist	4.285653	7.7125797	-0.34280738	1.7617904
my_weight	3.1674898	7.8921895	-0.79550284	1.4075817
my_whole_life	5.245058	7.603927	0.40704095	-0.30393025
my_wife	5.007233	8.342453	1.7200241	1.14583
my_windpipe	4.7145896	7.0145745	-0.0502904	3.171444
my_worst_nightmare	4.4976764	8.293342	0.04244087	1.9675244
myalgia	5.2385955	7.3644543	-0.98971623	1.7381629
mylanta	2.592651	7.7393365	-1.985001	2.8061118
myotomy	7.3278894	10.750755	-0.6205602	2.5213847
mystery	6.0804234	6.983947	-0.88984627	0.22167416
myth	6.0366282	8.745871	-0.6439687	1.2161071
naar	5.386855	8.657469	-2.3692284	2.3011448
naive	6.2782316	8.051581	-0.6185208	0.6779661
name	7.992993	9.25881	-1.3190916	0.02129716
namely	5.440086	7.034705	-1.0083889	0.88477856
nap	3.940606	9.437308	-0.0004908834	2.8331995
narcissist	6.226788	7.97706	-0.5547847	0.6407042
nasal	5.8826895	8.227716	-1.570206	3.8128164
nasal_breathe	5.463027	7.114839	-0.8644799	2.1425478
nasal_cavity	5.287752	7.8561397	-1.0984894	3.3812523
nasal_congestion	4.7036886	7.203188	-0.6636762	1.5266811
nasal_endoscopy	7.87723	8.70734	-2.5626678	1.488456
nasal_gastric	4.952609	8.002961	-0.6503672	2.1210816
nasal_passage	5.529887	8.133114	-1.2899541	3.33205
nasal_polyp	5.782076	7.232115	-1.4060247	0.6498106
nasal_spray	2.6740334	7.7920094	-2.085957	2.996404
nasty	3.9385784	7.5401974	1.1589726	1.8198371
natural	5.3833704	7.36336	1.1835179	3.5197856
natural_reaction	5.3814683	8.496689	0.49031273	1.1405872
naturopath	7.107249	8.679907	-1.6186645	0.6901479
naturopathic	5.967835	8.645511	-1.1907096	1.4857448
nausea	3.825344	6.4857955	0.2988896	1.0754024
nausea_etc	3.9767156	6.6573567	0.027626103	1.1302344
nausea_go_away	5.025079	9.146311	0.4705491	2.0270767
nausea_patch	5.835205	8.418563	-1.4949018	3.7810423
nauseate	3.327091	7.356909	0.7264934	1.5222415
nauseous	3.3584385	7.372984	0.8664673	1.4805089
nauzene	2.747039	7.8169055	-1.8205237	2.6551437
navel	5.05031	7.6334977	-0.72344327	2.8724728
nbs	5.4878283	7.292614	-0.38561496	0.4473915
near_constant	4.0244546	6.7812133	-0.054690715	1.193114
near_the_bottom	5.042237	6.955668	-0.13936745	3.7949867
nearly_as_bad	5.055917	8.87487	0.73640543	1.5156503
nearly_every_meal	4.3458357	7.654916	-0.110743344	1.1198199
nebraska	7.0843024	9.801616	-1.3398676	1.0085479
neck	4.777141	6.382033	0.1816867	4.0615363
neck_and_jaw	4.7980304	7.527964	-0.52917033	3.0039604
neck_area	4.8004327	6.7441196	-0.48930478	3.0955265
neck_crunch	5.697467	7.3647466	0.30352712	4.209293
neck_exercise	5.922274	7.4017515	0.55964977	4.125382
neck_forward	4.9374385	7.143901	0.5002286	4.192784
neck_lift	5.7329564	7.3468537	0.353716	4.153487
neck_massage	5.922284	7.480829	0.41771564	3.9824662
neck_muscle	5.0685325	6.328645	0.11262144	3.9072044
neck_pain	4.4328775	6.8814754	-0.42402434	2.6574335
neck_position	5.3523364	7.1310177	0.5060023	4.232615
neck_posture	5.4398794	7.627006	-0.7870418	2.13741
neck_sit_up	5.7996697	7.353364	0.38602668	4.190549
neck_strengthen	5.8916445	7.4529915	0.3470609	3.9204924
neck_stretch	5.8472767	7.3353667	0.43527636	4.156198
neck_throat	5.26271	6.9170656	-0.024096237	3.6455836
need_another	7.1314154	10.75146	-0.43845472	2.3843946
need_to_be_able	5.6831236	8.232868	0.7220207	2.8609781
need_water	1.9103137	8.117131	-0.44846028	3.1839504
needle	7.470191	10.49532	-1.5720361	2.8502476
needle_in_my_neck	6.0022297	9.659758	0.18975565	1.2646992
needle_phobia	6.754423	10.22369	-0.86503744	2.0537503
needle_through	7.4918766	10.481361	-1.5141248	2.7700827
negative_experience	6.8022575	9.325908	-0.2543437	0.35672957
negative_for_h_pylori	5.877362	7.5178833	-1.3864596	0.96446776
negative_impact	5.8272557	7.824237	-0.8756794	1.1355362
negative_pressure	5.1935625	6.541837	-0.39461717	3.2078593
negative_reaction	5.91711	8.407062	-0.83043486	1.2368946
negative_side_effect	6.3686	9.915161	-0.31071073	1.9236501
neglect	6.227945	7.4932127	-0.90337086	1.0686682
nerve	5.490754	5.917355	-0.6501021	2.8153307
nerve_damage	5.68142	7.0466847	-1.2893664	1.5371435
nerve_rack	5.820435	9.240075	0.2669409	1.1311575
nervous	4.4745393	7.3892016	1.4322759	0.7951192
nervous_about	4.531617	7.410821	1.4666458	0.7758283
nervous_system	5.5471945	6.258736	-0.8657223	2.14007
network	8.401732	10.420863	-2.1081898	1.3123308
neural	5.7347183	6.5464196	-0.5768425	2.896956
neurodivergent	5.8315387	7.9162188	-0.7043981	0.85839987
neurological	6.2351108	6.584211	-1.3228053	0.9878004
neurological_function	5.4728065	7.3576336	-1.1263818	2.0715103
neurological_issue	6.060936	6.854096	-1.2507176	0.68241775
neuromuscular	6.0658417	6.993732	-1.1701378	1.5176128
neutral_position	5.045798	6.974814	0.48349127	4.1840525
neutralize	3.7037935	6.512525	-1.0528473	2.332357
nevada	6.850493	9.672274	-1.2951342	1.1706126
never_bother	5.1126943	7.5761766	0.43369862	-0.18044549
never_connect	5.416454	7.531657	-0.100901216	0.1532822
never_connect_the_dot	4.621962	8.187796	0.077547766	1.1940025
never_consider	5.7417064	7.0394197	-0.699613	0.43088955
never_go_away	4.0524783	7.273656	-0.06099682	1.4654166
never_heard_of_r_cpd	7.5415144	8.717592	-1.6718783	0.43157148
never_occur	5.4171143	8.064181	0.3628564	0.53456736
never_realize	5.4199357	7.5718565	0.21080376	0.031193383
nevermind	5.5306196	8.728094	-0.9407334	1.9609821
new_ability	5.806995	9.03551	0.8360355	2.2745032
new_condition	7.2349286	9.204805	-1.2965219	0.5569901
new_doctor	7.259208	9.235605	-1.5353829	0.6822436
new_here	7.165282	9.299679	-0.100423574	-0.29152864
new_information	6.50763	8.893167	-0.6634753	0.7299085
new_jersey	7.214354	9.700776	-1.4679527	0.90388596
new_mexico	7.3867493	9.349714	-1.5925276	0.7692002
new_pcp	6.940492	9.872018	-1.3182422	1.2398549
new_power	6.321964	9.84043	-0.21869026	1.3065507
new_skill	6.2345314	9.385722	0.193452	0.87755656
new_to_reddit	6.4297795	9.090469	0.023443252	0.020457083
new_to_this_community	6.3639517	9.114748	-0.02017175	0.14259431
new_to_this_sub	6.1924314	8.871099	-0.005068879	0.03492359
new_treatment	6.7826324	8.652741	-1.3384061	0.87666845
newbie	6.7968163	9.3183365	-0.25124738	0.48653734
newbie_here	5.1767645	8.493764	-0.28874156	0.6367414
newcomer	6.845388	9.299416	-0.28626877	0.37920454
nexium	2.4289124	7.593133	-2.4300718	3.10733
next_day	4.233951	9.619501	0.21093537	2.8865166
next_dose	6.8668256	10.514733	-0.32160178	1.8864782
next_monday	7.2612243	10.806533	-1.0233276	1.3725547
next_month	7.402543	11.002247	-0.983118	1.3662289
next_morning	4.0624433	9.52994	0.046340033	2.8710058
next_tuesday	7.314509	10.89898	-0.9897426	1.3766234
next_wednesday	7.32438	10.873009	-1.0032959	1.3576611
next_week	7.429912	10.98925	-1.012846	1.3443056
nh	5.428652	8.591217	-1.9213839	2.1446896
nhs	8.434394	10.148147	-2.0432174	0.9660242
nhs_england	7.282376	9.534757	-1.4991558	0.8312604
nhs_gp	7.310297	9.500956	-1.3643498	0.6914424
nhs_group	7.0251713	9.105127	-0.7197521	0.24396257
niacin	3.2739217	7.4685645	-1.5918654	2.494894
nibble	2.5551314	8.204847	-0.9964576	2.625507
nice_nap	4.200303	9.525192	0.13386822	2.919144
nice_to_hear	6.1809826	9.696707	0.41575798	0.9783005
nice_to_know	6.3662524	9.522181	0.6199393	0.38830078
nice_to_meet	6.215927	9.203185	0.17970817	0.41496113
niche	6.800401	9.125465	-0.53582853	0.35014963
nickname	5.04974	8.246612	1.0691854	0.9505753
nicole	7.177642	9.712688	-1.5635204	1.0688355
niet	5.3603945	8.713877	-2.890174	2.4573224
night	2.7678697	8.130923	0.23664264	2.2406638
night_out	2.376765	8.284453	-0.010310324	1.808923
nightly	4.3213453	7.512513	-0.25609738	1.2520169
nightshade	1.9888299	7.8544273	-1.3771865	2.1790137
nighttime	3.8566108	6.8869495	0.13470384	1.2775251
nissen_fundoplication	6.2982373	7.356731	-1.5410584	1.1361145
nitric_oxide	5.5859833	7.4682283	-1.1003388	1.7545813
nitrogenize	1.7201517	8.446	-0.6592351	2.0513406
no_abnormality	7.553292	8.639844	-2.2832448	1.1238631
no_anesthesia	7.491748	10.493006	-1.511358	2.7367165
no_anesthetic	7.562596	10.617823	-1.5101491	2.650557
no_appetite	3.9286253	7.01127	0.036674064	1.3553876
no_burp	5.84549	6.5135264	-0.95117176	-0.023378124
no_burp_community	6.287281	8.984908	0.064749874	-0.08411129
no_burp_syndrome	6.3570538	6.994762	-1.1477422	0.106460094
no_burp_yet	4.6526904	9.723359	0.61173695	2.8055673
no_burpee	6.1466246	9.366944	-0.5590479	1.250356
no_burper	5.9573092	7.162023	-0.4383553	-0.19401444
no_difference	3.7147105	7.681849	0.8850935	1.0825765
no_downside	6.2084	9.65053	0.16093005	1.124687
no_energy	3.7953784	8.035146	-0.0933579	1.7234386
no_experiment_evidence	7.292249	8.37945	-1.4866881	0.4435254
no_expert	6.0941386	8.334364	-0.61544424	0.93488806
no_general_anesthetic	7.577603	10.623687	-1.5584898	2.5582533
no_hesitation	6.0676026	9.363915	-0.341607	1.1390649
no_idea	6.054576	7.827406	-0.6100937	0.5912613
no_more	3.8487563	6.688711	0.19010857	1.0996155
no_proof	6.038148	7.785781	-1.2675902	1.1982634
no_regret	6.4185295	10.440255	0.20933199	1.5346059
no_regurgitation	4.869304	9.482587	0.297826	2.2772837
no_relief	4.9647183	8.727419	1.6235974	2.6502628
no_sedation	7.469826	10.533949	-1.5723882	2.5300605
no_stranger	5.0786047	8.263154	-0.42320514	0.73944974
no_sugar	2.0718133	8.212419	-1.0644174	2.2923865
no_wonder	4.4452763	7.8014402	0.79917026	1.4855013
no_worry	6.5443482	9.868685	0.51463133	0.6079604
nobody_can	6.135455	8.735379	-0.15111062	0.59618574
noburp	6.0872254	6.54954	-0.9858846	-0.13046654
noburp_condition	5.8462324	6.985196	-1.141914	1.1497289
noburp_fam	6.170975	9.263268	-0.029895214	0.6144876
noburp_related	5.7910438	7.158398	-0.75237846	0.4981627
noburp_subreddit	6.8880997	9.094146	-0.7008065	0.31955057
noburp_symptom	5.2512226	6.3473763	-0.77845186	0.06845723
noburp_wiki	7.5577703	9.30043	-1.1623528	0.20204142
noburper	6.03468	7.119335	-0.53249013	-0.17709568
noburps	5.621176	8.548707	-0.4744693	1.1199046
noise	4.2600274	7.904738	1.709614	1.8758646
noise_come	4.1464434	7.679059	1.1251404	2.1041493
noise_in_my_throat	4.366022	7.8991146	1.3207878	1.8236405
nomen	5.378288	8.566588	-1.9575868	2.2295516
non_alcoholic	1.8726463	8.403364	-0.6979791	2.062784
non_burp	5.465513	6.824555	-0.69327444	0.16980566
non_burper	5.7306023	7.4289136	-0.080731235	-0.27255586
non_carbonate	1.7279716	8.426208	-0.6932675	2.0747187
non_erode	6.148222	7.389934	-1.5885901	0.73777103
non_stop	3.7322328	7.97226	1.1371622	1.9560672
non_surgical	6.870629	9.061869	-1.1307534	1.0245099
nonburper	5.758574	8.65162	0.046150558	0.08317417
none_of_those	5.794926	7.466889	-1.3179996	1.2312201
nonsense	6.619965	8.245116	-1.1618268	0.7272549
nonstop	3.5925164	7.8918586	1.0033869	1.9037321
nonstop_gurgle	4.082826	7.6138086	-0.113144696	1.3216385
noodle	1.6757387	8.103518	-0.77592605	2.8317447
normal_burper	4.9196568	8.352644	1.6182832	2.770418
normal_function	5.8902245	7.1512713	-1.1748927	1.7161517
normal_pace	4.480713	8.37285	-0.60950106	1.9759938
normal_population	6.0418286	7.02792	-1.0771861	0.66721594
normal_side_effect	5.0461683	9.634812	0.27820614	2.2823257
normal_size	2.6831324	8.194599	-0.5374903	2.552193
normal_weight	4.8757834	7.834102	-0.19186588	0.20601387
norovirus	4.7298355	7.531261	0.7804295	0.40794224
northeast	6.6896205	9.310846	-1.1697067	1.127558
northwest	7.487963	9.676438	-1.6247909	0.8253598
nortriptyline	2.6243443	7.744871	-2.227561	3.2100348
norwegian	6.5847096	8.976938	-1.1004827	1.2055992
nose	5.878203	8.259626	-1.5713526	3.8946445
nose_and_down	5.918558	8.279998	-1.6049337	3.8473558
nose_and_throat	7.7977943	9.238996	-1.9004661	0.59374475
nose_how	5.8240256	7.360613	0.39445382	4.151541
nose_scope	6.8374376	9.677857	-1.5723671	1.6826165
nose_spray	5.4342146	8.430872	-1.3680403	3.1745949
nose_throat	7.793875	9.195263	-1.9767598	0.68351215
nostril	5.6841083	8.143304	-1.4074931	3.811634
not_be_able	5.252313	7.4892845	0.39939135	-0.22828175
not_care	4.996235	8.271529	1.3993537	1.161726
not_diagnose_r	7.7727237	8.797811	-1.8508966	0.5076195
not_fun	3.7779365	7.4003863	0.85186046	1.4783856
not_get_discourage	5.9234357	9.883782	0.7862754	2.001831
not_hesitate	7.3739266	9.749019	-0.8863712	0.66242135
not_ideal	3.3914135	8.306888	-0.15712902	1.868416
not_recognize	8.330105	9.623089	-1.9252837	0.72008735
not_uncommon	5.73328	7.093149	-0.6456051	0.32102075
not_want	4.5678377	7.29867	1.5360628	0.7507193
nothing_come_out	4.3452063	7.1670156	1.6957674	2.1422367
nothing_come_up	4.361262	7.261493	1.6013356	2.0026295
nothing_crazy	4.762395	9.515442	0.55761945	2.6059022
nothing_major	4.5829773	9.446069	0.4147175	2.6347785
nothing_wrong	8.39137	9.132577	-2.2043653	0.4128354
novelty	5.701272	9.893338	0.71742594	2.2107139
november_2021	5.9127502	8.883386	-0.8376064	1.1037719
now_as_a_adult	4.7995253	7.6973767	0.6858573	0.79543936
nowhere_to_go	4.494136	6.075586	-0.34870616	2.7881947
np	7.6470695	9.379089	-1.7150382	0.5839693
nsaid	2.6219451	7.794736	-2.0777662	3.2003284
nsfw	6.771225	9.117183	-0.52373314	0.3039126
nu	5.369421	8.73441	-2.9527936	2.4598343
numb	5.847939	8.352425	-1.5365775	3.9221969
numb_agent	5.5894995	8.228688	-1.3661605	3.5364556
numb_injection	7.103953	10.067374	-1.4745872	2.8534346
numb_spray	5.8370132	8.337848	-1.5354486	3.8926756
numb_spray_up	5.8355656	8.289631	-1.5397892	3.8940146
numb_stuff	5.7607703	8.367567	-1.4801365	3.7408903
number_2	5.5651236	9.588297	0.19195907	1.9329076
number_of_people	7.1121507	9.018098	-1.3211877	1.0102247
number_of_unit	6.895382	10.158349	-0.6704175	2.069423
numbness	4.9587197	7.989653	-0.969929	3.3159173
numerous_time	6.4400764	8.205268	-1.1734748	0.42171827
nurse_come	5.606563	8.809922	-1.7019851	3.4032614
nurse_office	3.8595953	8.440219	-0.16396616	1.6439942
nurse_say	5.4209394	8.303962	-1.2339244	2.0023382
nutrient_deficiency	5.932118	6.8957243	-1.5549934	1.0044492
nux_vomica	6.6418347	8.854452	-1.3891854	1.0404962
nyc_area	6.979961	9.691675	-1.2570589	1.2525059
nye	4.002044	8.52451	-0.31253406	1.6215384
oat	2.0115209	8.171359	-0.89464575	2.6751454
oat_milk	2.1407468	8.136928	-1.1727864	2.1876042
oatmeal	1.6872606	8.154823	-0.670285	2.9975095
obese	5.149508	7.8324776	-0.40559536	0.5369828
object	4.952684	6.835395	0.07121949	4.026045
obnoxious	4.6933913	8.116607	1.5109861	1.849235
obnoxious_loud	5.3272457	8.252148	0.2535726	0.7818001
obscene	4.4233828	7.820931	-0.0740009	2.014396
observant	5.689862	8.021891	-0.6515893	0.87272
obstruct	5.8763328	6.8226085	-1.1886026	1.4143906
obstruction	5.851764	6.6924486	-1.4982471	1.4005408
occasional	3.7950613	7.0385942	0.8012339	1.4208536
occasional_heartburn	4.293934	7.173078	-0.31914887	1.1295458
occasional_regurgitation	4.624204	8.632914	0.27108842	2.0450618
occasionally	3.753614	7.4753156	1.0814569	1.720042
occasionally_ill	4.5621443	8.338493	0.969939	2.0886288
occupational_therapist	6.5061316	9.005605	-1.3294516	1.080493
occur	3.8532684	6.985572	0.71188235	1.3259658
occurrence	4.7743716	7.9336243	0.38207185	1.2675848
ocd	5.5634966	6.808714	-0.5116358	0.2735104
och	5.361359	8.7380085	-3.0008578	2.4794803
october_8th	6.9691243	10.730434	-0.73562676	1.6247456
october_super_nervous	6.2054806	9.646815	-0.7510069	1.6721181
odd	4.7260666	8.381436	1.5291551	2.084603
odd_noise	4.786063	7.943607	-0.2604188	1.5694431
odd_occasion	4.8259363	7.930338	0.56870836	1.1891676
oesophagoscopy	5.6447954	8.496221	-1.4658871	1.925503
off_limit	2.3440335	7.938966	-1.3536708	2.0909667
offender	2.4911518	8.026629	-1.2711947	2.1399355
offer_in_office	6.702283	9.5576315	-1.1688027	1.308901
office	7.694123	10.8502655	-1.4908391	2.555536
office_awake	7.4074125	10.430305	-1.4363704	2.4296272
office_injection	7.6742454	10.803885	-1.1990705	2.2384136
office_instead	7.624975	10.737515	-1.5741291	2.5734463
office_procedure	7.7353406	10.909904	-1.4377472	2.5117106
office_through	7.4870224	10.502924	-1.4478856	2.7462661
office_treatment	7.731807	10.740731	-1.2261394	1.9467615
office_version	7.2068686	10.157071	-1.1724256	1.9515791
office_versus	7.6433144	10.574792	-1.7273616	2.333514
office_visit	7.9598107	10.829898	-1.965518	1.9655355
office_while_awake	7.5216756	10.548844	-1.5214987	2.4566615
official_diagnose	6.9466333	8.27531	-1.0499518	0.22021507
official_name	7.0439477	8.22598	-1.1055167	0.27806652
often_find_myself	3.604202	8.077598	-0.36200568	2.0467298
often_lead	4.484412	7.743663	-0.071444236	1.4222401
often_than_average	4.404899	6.7850924	-0.23529139	1.0142468
og	5.3632655	8.73805	-2.9894726	2.4732325
oh_awesome	5.933258	9.255942	0.012503904	1.2219898
oh_boy	5.433939	8.769594	0.6495949	0.6996709
oh_god	5.243876	8.720444	0.3756038	1.0094411
oh_man	5.857413	9.200502	0.6857595	0.6821324
oh_my_god	5.211864	8.52784	1.4729993	1.0066266
oh_my_gosh	5.8850846	9.14721	0.4345531	0.5929184
oh_no	6.169852	9.543701	0.70770365	0.6892688
oh_ok	5.9197726	9.306408	0.35702997	1.0557742
oh_okay	6.0598035	9.432934	0.3191873	0.9336607
oh_shit	5.1225176	8.569651	-0.05992064	1.384295
ohio	7.9888906	10.03145	-1.7870274	0.81995153
ohip	8.183577	10.520393	-2.1872096	1.7696477
oily	1.9185055	8.001932	-1.1656677	2.3007274
ok_thank	6.3489966	9.694771	0.42331937	0.77316695
ok_thanks	6.5368786	9.652695	0.1624834	0.7101269
old_age	6.0679045	8.547313	-0.72064734	1.0262386
old_boy	5.3711386	8.368576	-0.09521354	0.29456922
old_girl	5.194376	8.18755	-0.0949874	0.3146503
old_male	5.3984394	8.173281	0.1674987	-0.16757661
old_man	5.9923573	8.890092	0.16381343	0.18731183
old_patient	7.256115	10.221181	-0.94801533	2.303529
old_person	6.7813053	9.485152	-1.2438848	1.3313414
old_son	5.3657975	8.142074	0.16048838	-0.07191064
olive	2.9514773	8.256678	-1.1349866	2.3283148
olive_garden	2.9695866	8.343222	-0.8882266	2.2657008
olive_oil	2.3250537	8.222175	-1.0492518	2.5209188
olly	6.152345	8.092147	-1.5097983	1.1257138
om	5.352185	8.7490835	-3.000752	2.485192
omaha	7.1923976	9.811341	-1.3900788	0.95938206
omar_mulla	7.295363	9.590534	-1.5521098	0.8540527
omeprazol	2.5574968	7.8221297	-1.8610687	2.712701
omeprazole	2.382888	7.5677223	-2.4750526	3.097377
omg	5.3771477	8.677808	1.465964	0.90846115
omg_same	5.073104	8.478631	-0.27246842	1.5026379
omg_yes	5.003099	8.572652	0.27653173	1.1044793
once_every	4.3931656	8.1882	1.4068898	1.0467863
once_in_my_life	5.049942	7.7438893	0.7670522	0.20910749
once_or_twice	4.3315344	8.171269	1.4652232	1.1736155
ondansetron	2.61289	7.7840214	-2.1673787	3.1102593
one_dose	7.224557	10.532439	-0.71525484	2.3641953
one_injection	7.236558	10.682347	-0.616535	2.4026198
one_of_us	6.239442	9.055347	0.14063779	0.156877
one_point	3.6717336	7.2761135	0.36141628	1.8607799
one_spot	5.349676	7.6175017	-0.9797467	2.821818
one_stone	6.561428	9.406482	-1.2694104	1.2598441
one_thing	5.1739554	7.139762	1.0495379	3.3632262
one_to_develop_r	7.068386	8.469253	-1.3716234	0.46425372
one_who	8.332103	9.363313	-1.8428088	0.26570362
onion	1.6895419	7.9169602	-1.0705576	2.3518817
onion_and_garlic	2.3299367	7.960364	-1.2829196	2.173754
onion_garlic	1.9415102	7.8531985	-1.3305483	2.1887176
online	8.013117	9.323889	-1.326375	0.04059737
online_about	6.102451	8.317632	-0.39013276	0.48917937
only_50_unit	7.004629	10.611583	-0.5629147	2.1057038
only_be_able	4.429129	8.248452	1.2703722	1.9589734
only_dry_heave	4.7336526	7.7137737	0.870122	1.1098659
only_eat_soft	2.4439068	8.297087	-0.7833294	2.7480168
only_ever	4.510842	7.9675937	1.3664014	1.1125455
only_happen	4.5639453	8.009153	1.712009	2.5619087
only_last	4.810827	9.810864	0.6169709	2.6968658
only_one	6.5125933	9.037422	0.3593255	-0.05698664
only_one_in_my_family	5.71389	7.8665905	0.020918502	0.25939924
only_person	6.51545	8.952435	0.3009604	-0.036174353
only_recent	5.3633757	7.669581	0.15628698	-0.26372126
only_solution	5.6351895	8.206782	0.47796407	1.5889804
only_way_to_get_rid	4.169767	7.5991583	-0.19379035	2.1757817
onset	4.849273	7.105613	-0.41897586	0.20639351
ontario	8.249469	10.144219	-1.9275689	0.9022264
oomph	4.2962575	7.832802	-0.068688594	2.4862611
ooo	6.0805535	9.4153805	0.19587483	1.0152328
oooh	5.9444876	9.358327	0.16303578	1.13579
open_and_close	5.5282993	6.0557733	-0.5665893	3.12473
open_mouth	4.8489547	7.062298	0.5428271	3.9528716
open_my_mouth	4.778764	6.8856983	0.877105	3.963655
open_my_throat	4.9076157	6.821585	0.831752	4.063703
open_proper	5.5557027	6.026454	-0.43105513	3.2230613
open_slightly	4.8061934	6.874457	0.24186656	3.5937998
open_up	5.318739	6.144636	0.21092127	3.6887345
open_your_mouth	4.8525395	6.825984	0.37582558	4.167528
open_your_throat	5.01674	6.7946057	0.523736	3.9957573
opera	5.1490426	8.256341	-0.3394542	2.0922413
operate_room	7.711168	10.823005	-1.8330419	2.1510258
operate_room_procedure	7.449934	10.429909	-1.5067505	2.6454208
operate_table	5.5811	8.620556	-1.5683997	3.5027883
operation	7.856077	10.953671	-1.4754341	1.5366994
opinion_about	6.451555	8.545112	-0.697656	0.7711257
opioid	2.7697523	7.94065	-1.9150848	3.1684985
opt	7.9741054	10.772153	-1.9075912	2.2993662
optimistic	6.5119386	10.002815	0.6318457	0.85030526
orange_juice	1.7936053	8.236666	-0.91161656	2.2811267
organ	4.885192	6.0784364	-0.7409213	2.5166497
organ_distortion	4.9846745	6.603328	-0.8308561	2.3953822
organization	6.8803697	8.741329	-1.2920011	0.76157165
orient	5.5171375	7.380597	-0.7117429	1.986439
origin	6.214385	7.22883	-0.89481366	0.37971607
original	6.474277	8.99849	-1.0827991	0.8761936
original_paper	6.9554625	9.097782	-0.78261524	0.37862718
original_post	7.09089	9.429114	-0.45692036	0.22467981
originate_schedule	7.011942	10.548482	-1.0331149	1.7017999
orlando	7.021409	10.07618	-1.2416584	1.2538987
orourke	7.0920963	9.916833	-1.2892395	1.0324677
os	5.373513	8.577579	-2.0753565	2.228406
osmotic_laxative	2.8065026	7.861435	-1.841297	3.391788
osteoporosis	5.8569736	7.0650935	-1.310584	0.95299083
osu	7.480047	9.4908905	-1.6596292	0.7344776
otc	2.3700683	7.6167946	-2.2975903	3.0077152
other_area	5.4853063	7.186499	-0.93646514	2.3534467
other_complication	5.78946	6.790981	-1.1031117	0.6485237
other_condition	6.145403	6.518937	-1.3208529	0.4538493
other_country	7.5245543	9.331562	-1.5979097	0.72083616
other_digestive	5.5580316	7.012376	-1.1146066	0.622245
other_disorder	6.34499	7.4553432	-1.4324968	1.0306121
other_doctor	8.387418	9.672026	-1.9270916	0.52686936
other_end	4.3775406	6.2505665	0.24825592	3.1509404
other_explanation	6.3442335	8.427193	-1.1076541	1.0340878
other_factor	6.054125	6.930331	-1.1365336	0.81878126
other_gi	5.569674	7.0734553	-1.0164171	0.5325144
other_girl	4.571839	8.340406	0.3021448	1.545722
other_health	5.571672	6.8195696	-1.1471366	0.58048636
other_illness	5.9203415	7.5501857	-1.1129144	0.6817502
other_issue	5.948183	6.349115	-1.3037567	0.25556463
other_kid	5.133203	7.9690485	0.52504134	0.34406424
other_medication	2.666506	7.800152	-1.874859	2.6494675
other_member	6.3997355	9.401904	-0.7883771	1.0904372
other_method	6.070132	7.653122	0.34461823	3.5351708
other_muscle	5.6363325	6.108608	-0.69811934	2.8269367
other_option	8.342838	10.394927	-2.1624784	1.4475884
other_organ	4.956215	6.224204	-0.81961143	2.530412
other_post	7.3183293	9.340851	-0.23628813	-0.27748966
other_problem	5.9510016	6.5120816	-1.3117946	0.58264285
other_side_effect	4.8631544	9.472585	0.2251595	2.3174863
other_specialist	7.5767403	9.321879	-1.5362175	0.5879251
other_symptom	5.339193	6.324997	-0.8193693	0.020699807
other_test	8.029686	8.630331	-2.3692358	0.79085183
other_thing	6.0340157	6.420902	-1.233302	0.2968231
other_type	5.961323	8.597363	-1.2070242	1.6279016
other_underlying	5.54959	7.0908656	-1.1821077	0.9722861
otherwise_fine	4.175265	8.63947	0.055429	2.970628
oto_open	6.032507	8.568302	-1.1909703	1.0786942
otolaryngologist	7.764031	9.318062	-1.640152	0.42805058
otolaryngology	7.7238526	9.441442	-1.7420716	0.6296252
otolaryngology_department	7.1136947	9.802596	-1.571766	1.1736008
ou_en_anesthesia_general	5.49994	8.510932	-1.1563344	1.875179
our_body	5.4357104	5.977254	-0.09682426	3.323739
our_entire_live	6.0834384	7.8009906	-0.66041523	0.63682085
our_esophagus	5.426201	5.9094505	-0.5072329	3.107354
our_issue	7.3534894	8.552448	-1.360359	0.3410513
our_medical_system	8.171674	10.225657	-2.0925481	1.3686053
our_mind	6.3713875	7.6702433	-0.822793	0.9022668
our_muscle	5.641318	6.641741	-0.50209886	2.852743
our_parent	5.8434415	8.041031	0.021936344	0.25657645
our_problem	7.185482	8.123434	-1.3789699	0.3801621
our_society	4.90914	8.262303	0.93489987	1.2073617
our_stomach	4.5294356	6.0172706	-0.32332066	2.7967923
our_struggle	6.2865386	9.273152	0.14576088	0.48121974
our_symptom	5.885107	7.1578684	-0.8909059	0.3845243
our_throat	5.3849506	5.875412	-0.23800713	3.3408098
our_ues	5.6088767	5.954999	-0.42192748	3.1546814
our_whole	5.415313	8.748042	-0.16789947	0.791471
our_whole_live	5.843607	8.078187	-0.26121292	0.3593302
out_in_public	3.9634738	7.9801254	0.20901072	2.047914
out_my_mouth	4.4357877	6.9028697	0.30786687	3.0556824
out_of_breath	3.5794473	7.3890147	0.64180654	1.8575338
out_of_country	7.124022	9.775625	-1.418444	1.3845372
out_of_my_mouth	4.361398	7.224545	0.46224144	2.7568223
out_of_network	8.339905	10.461548	-2.1600595	1.4691901
out_of_pocket	8.321557	10.840232	-2.2241416	1.9754541
out_of_shape	5.1441517	7.3143516	-1.0510181	1.741921
out_of_state	8.337969	10.58818	-2.0292528	1.3806336
out_with_friend	3.1958492	8.283264	0.016064068	1.7419394
outdoor	4.808507	8.134926	-1.049559	2.5853758
outing	3.3349528	8.35555	-0.1464241	1.7005048
outline	7.4761147	9.317917	-1.1013864	0.23772053
outpatient	7.7201047	10.695807	-1.841726	2.085601
outpatient_procedure	7.661391	10.667498	-1.8627067	2.1357954
outpatient_surgery	8.191633	10.8375025	-2.1589837	2.0430841
outward	5.0421257	7.0907803	0.21446833	3.639935
outwards	4.7871532	6.516846	0.24987511	3.639324
outweigh_any	4.316744	7.2202377	-0.026857115	1.0626155
ovarian_cyst	5.4552956	7.881723	-1.1561358	1.4977723
ovary	4.911782	7.8873615	-0.7576524	1.798684
over_18	6.798479	8.627685	-1.3387316	0.85638547
over_again	6.3435755	10.353786	0.31778955	1.5239294
over_the_counter	2.351209	7.6031713	-2.2652578	2.9603672
over_the_toilet	4.3839517	7.1929917	1.6591034	2.1965668
overall	4.5712986	9.409922	0.49086756	2.4810503
overeat	2.9340773	7.6161265	0.14712101	1.8370191
overeating	2.0071416	7.807966	-0.898628	2.1241248
overgrowth	5.4960375	6.6497345	-1.3846155	1.5348756
overjoy	5.9248486	8.975882	0.2515502	0.29075027
overlap	5.997229	7.239805	-1.0665299	0.52604866
overload	4.970566	7.5134883	-0.9572471	2.290179
overlook	6.147283	7.266946	-0.70632666	0.37621492
overly	3.2571354	7.498829	0.0141978385	1.901539
overly_concern	6.0763526	8.6409855	-0.07431495	0.4977824
overly_tight	5.688043	6.0352125	-0.7078491	2.9012635
overpriced	5.4282603	8.454221	-0.8232347	1.6964053
overreact	5.8666134	8.645717	-0.016080476	0.98393214
overshadow	5.9624248	9.22136	0.381178	0.80553424
oversized	4.03667	7.777349	-0.2830039	1.9814544
overstate	6.03467	8.654464	-0.24408717	1.0388169
overthink_it	6.406305	9.825669	0.14920084	1.2134776
overweight	4.8838587	7.750082	-0.12669921	0.12408734
overwhelm	6.311219	9.413923	0.54791445	0.3973956
p_0	5.518288	8.89168	-1.5404646	1.9346476
page	7.903011	9.281883	-1.2046099	0.0033567594
pain	3.7508788	6.5410566	0.33222848	1.2527488
pain_and_discomfort	4.788226	7.2647047	-0.029160649	0.23462903
pain_bloat	3.826355	6.5474415	0.25961828	1.0856451
pain_cramp	3.917735	7.2101345	-0.22190462	1.5601152
pain_discomfort	4.247733	6.7901435	-0.270654	1.5867176
pain_episode	4.200496	7.0864406	-0.28718188	2.046616
pain_hiccup	3.8056343	6.6374784	0.5260852	1.2203816
pain_in_my_chest	3.868551	6.654425	0.20158379	1.8363869
pain_killer	2.4970582	8.023921	-1.6739534	3.3145082
pain_level	4.815705	9.325398	-0.16287765	2.3120532
pain_medication	2.5144298	8.033219	-1.6857262	3.3325546
pain_subside	4.4969745	8.417516	-0.8272017	2.4635046
painkiller	2.5309596	8.035579	-1.6763114	3.295911
painless	7.368673	10.707194	-1.5757439	2.4619071
palate	4.995512	6.8776045	-0.049477715	3.937162
pallet	5.139945	7.0660996	-0.26147592	3.7400622
palp	5.3700056	7.344916	-0.67529076	1.1843916
palpitation	3.985147	6.369051	0.084059276	1.0837156
pam	6.5353003	8.690155	-1.3806211	1.1406295
pancake	1.943405	8.195554	-0.76161194	2.8339863
pancreas	5.264955	7.2255983	-1.1550066	1.80663
panda	4.8841543	7.7749414	-0.36937535	0.90843487
panera	3.0150325	8.745946	-0.3896501	2.628224
panic	4.2616763	7.2139893	1.5840881	1.3920324
panic_attack	4.312636	6.967614	0.6424396	0.70429915
panic_because	4.7025003	7.7735777	0.6065334	0.9602636
panic_disorder	5.0309763	7.0551825	-0.27843547	0.38003513
panic_induce	4.75344	8.317803	-0.29244205	1.6659007
panicky	3.6968772	7.602933	0.75803685	1.5786139
panini	2.6704578	8.359534	-0.7257868	2.3217795
pantoprazole	2.41147	7.5807586	-2.4667823	3.111482
pantoprazole_40mg	5.054443	9.085131	-0.44088134	1.826069
paper	8.0531645	9.0968075	-1.4383204	0.026737986
paperwork	8.113385	10.69725	-1.8897939	1.5103028
paracetamol	2.4876652	8.059784	-1.599304	3.3362944
paradox	5.625783	6.513669	-0.8662096	2.3208733
paralyze	5.542976	5.810872	-0.25822672	3.3837183
paralyze_muscle	5.149426	6.4136167	-0.5051528	3.2265503
paranoid	5.527376	9.251592	0.49952397	1.3597908
parasite	6.0156116	7.1245637	-1.7663001	1.113451
parenting	5.7867107	8.556463	-0.65848017	1.1186135
parking	7.164777	10.359813	-1.7940186	1.9140565
parkinson	5.9825916	7.553221	-1.0191622	0.9571627
parkside	7.962649	10.665923	-1.6441697	1.2759542
parkside_hospital	7.7099752	10.634095	-1.6012232	1.4210081
part	5.6607566	6.334995	-0.69995254	2.2154877
part_of_my_life	5.7749357	8.138063	-0.20183337	0.43578154
partake	3.385196	8.260653	-0.36638245	1.5717685
particle	4.784996	6.953829	-0.92151314	2.3661067
particular_loud	4.52729	8.091204	1.0958794	1.7443615
partly	5.694937	6.337232	-0.8124493	2.0049548
partly_because	5.517878	8.144207	-0.44944954	0.97650456
partner	6.03321	8.967933	0.15772033	0.18971474
partway	4.727608	7.7400417	-0.42534283	2.9169335
party	2.5482733	8.296472	-0.004810993	1.7985905
party_trick	4.9394283	8.008455	1.3946575	2.5900369
pass_away	6.0259166	9.33773	-0.7706559	1.24002
pass_down	4.4451084	6.2384048	-0.614956	2.627291
pass_gas	4.0661893	6.2202764	0.06245433	2.4340732
pass_into	4.514298	6.23163	-0.36185208	2.9304597
pass_out	4.22083	7.210878	1.4737886	2.0464976
pass_through	4.479593	6.123106	-0.07682818	2.9861553
passage	5.074041	6.094572	-0.4383888	3.119394
passenger	4.0385513	8.0499525	-0.051366024	2.5557828
passer	5.4108453	8.514749	-1.9425102	2.1427994
pasta	1.615376	8.084071	-0.78871465	2.8567736
pastry	2.4261312	8.250496	-0.9023852	2.678972
patch	5.3259335	8.636832	-1.595359	3.5261722
patchy	5.4037375	8.440596	-1.4590315	2.0357754
pathetic	4.681149	8.109037	0.87580645	1.919257
pathologist	7.1501894	8.839693	-1.4911758	0.6880351
pathology	6.230489	6.7973585	-1.4771262	1.1559827
pathophysiology	6.045966	7.1610484	-1.1410658	1.4288037
pathway	5.7480707	6.4289484	-0.55760807	2.9868891
patient_for_whom	5.7682486	9.274327	-0.86468315	1.7278482
patient_who	7.413397	10.586262	-0.85403484	2.3416095
patient_with_yourself	5.623902	8.277061	0.9074021	3.0108278
patronize	7.478245	9.132544	-1.349583	0.33422402
pay_3k	7.8249745	10.611178	-1.9600292	2.0539622
pay_600	7.797396	10.6601095	-1.8964639	2.1607058
pay_700	7.5509024	10.540503	-1.73005	2.2326891
pay_850	7.4766617	10.578524	-1.6318192	2.0067732
pay_close_attention	5.0193706	7.3426676	0.23962866	3.5997064
pay_out_of_pocket	8.389933	10.733914	-2.1827576	1.7162219
pay_the_remainder	7.655218	10.587951	-1.8546033	2.0783007
payment	8.233713	10.74041	-2.1509187	1.839315
pca_muscle	5.584565	7.9302034	-1.1569966	3.573444
pcp	8.177978	9.327931	-1.9598229	0.4196918
pd	5.7412376	8.409367	-1.493182	1.8199874
pdf	6.832857	9.040366	-1.1804627	0.78314763
pea	2.6020339	8.137332	-1.2498754	2.4381535
peaceful	5.6641045	8.353752	-0.4655181	0.9847804
peach	2.2037265	8.240659	-1.0075171	2.349134
peak	5.325014	10.018364	0.8617641	2.6268682
peak_at_1_2_week	5.5168495	9.922318	0.6392487	2.384539
peak_effect	5.399574	9.810573	0.61189157	2.3367364
peak_ent	7.0255666	9.947916	-1.2557273	1.1737263
peanut_butter	1.6628615	8.03618	-0.93189853	2.6172388
pectus_excavatum	5.5808263	7.649521	-0.9933087	1.1189829
peculiar	6.094578	8.5023155	-0.4601503	0.7263198
pediatric	7.6927347	9.264264	-1.7842873	0.58494693
pediatrician	8.094233	9.121044	-2.0580747	0.47568855
pee	3.928658	7.484596	0.30324078	2.1044905
peer_review	7.1595206	8.564465	-1.2623359	0.47485292
pelvic_floor_dysfunction	6.0207167	6.792524	-1.366835	0.66879374
pelvic_floor_issue	5.5365615	6.70152	-1.1125826	0.68951124
pelvic_floor_muscle	5.425896	6.2961	-0.7879943	2.6397557
pelvic_tilt	5.601921	6.9338574	-0.30633134	3.376507
pelvis	4.940979	6.620961	-0.50730693	3.238565
pendant	5.3872476	8.640217	-2.3832006	2.3124468
penetration	5.394438	7.4707065	-1.191151	1.8437489
pennsylvania	7.5229683	9.680956	-1.5889131	0.7757897
people_around	4.8558583	8.226146	1.5570849	1.35177
people_describe	5.6802545	8.166946	-0.20256843	1.133219
people_in_this_group	6.4877005	8.656254	-0.5734549	0.4343891
people_report	5.6337867	8.4224825	-0.5117152	1.0738314
people_with_r_cpd	6.1064606	6.640354	-0.97145295	0.28077254
people_with_rip_d	6.4583755	8.035208	-1.2442691	1.0096978
pepcid	2.3439891	7.576483	-2.4148917	3.0460064
pepcid_ac	2.6809196	7.8064513	-2.0779815	3.244802
pepper	1.9439348	8.012614	-1.1755041	2.395353
peppermint	2.2680318	7.662153	-1.8653573	2.7168655
peppermint_oil	2.6069918	7.8069854	-1.6023283	2.7844872
peppermint_oil_capsule	2.729482	7.811421	-2.074037	3.012315
peppermint_tea	2.2779458	7.8107677	-1.5200467	2.5622501
pepto	2.488839	7.7124486	-1.9840808	2.9057095
perceive	5.915186	7.666039	-0.53992	0.7409663
percentage	7.281253	10.222207	-0.91758686	2.205545
percentage_of_people	6.0022764	8.159662	-0.8187405	0.67260367
perfect_position	4.963428	7.180311	0.5520453	4.044553
perfect_storm	2.9249127	8.0745945	-1.0178232	2.0710175
perform	7.975172	9.194798	-1.8101712	0.7519179
peristalsis	5.112973	6.1361327	-0.75548613	2.711516
peristaltic_motion	4.609811	6.1832833	-0.65399414	2.6848686
permanent	6.7395644	10.250092	-0.25232866	2.5241194
permanent_cure	7.1773553	10.565874	-0.62291497	2.3937373
permanent_effect	7.03124	10.319339	-0.64605516	2.280617
permanent_fix	6.927537	10.291296	-0.5294497	2.318234
permanent_open	5.4819493	6.071144	-0.5135185	3.2012887
permanent_result	7.0295906	10.339143	-0.63505334	2.2834756
permanent_success	7.0588775	10.355867	-0.6648147	2.2356038
perpendicular	4.662736	7.315365	-0.2989599	3.818092
perpetuate	5.6200557	7.8952885	-0.44261584	0.6430012
perrier	1.5887856	8.482878	-0.48448282	2.0243087
persistent_cough	4.7402077	9.515268	0.32054356	2.4122436
personality	6.1361666	7.683991	-0.53216904	0.62945694
perspective	7.418445	9.189358	-0.63967633	0.19575454
pertain	6.16477	8.697269	-0.07207418	0.5386815
peso	5.52195	8.489327	-1.4225852	1.8741916
pester	5.6650076	9.094968	-0.052922927	1.3193582
pet	5.7309604	7.616765	-0.971787	1.1410701
petit	5.392632	8.391162	-1.7554202	2.0792644
pfd	5.63163	7.2169824	-1.0337124	0.7604839
ph_monitor	7.6460023	8.624707	-2.3353217	1.0777842
ph_test	7.9317017	8.477486	-2.5561385	1.0402457
pharyngeal	5.49467	6.741883	-0.9463454	2.8868487
pharynx	5.772132	6.7932568	-1.3767409	2.065438
phase	5.2442756	9.579304	1.134904	2.78838
phase_where	5.5794773	9.438339	0.4677854	1.5100489
phenergan	4.7449775	8.653929	-0.7037857	1.8002534
phenomenon	6.352534	7.5228376	-0.8817028	0.45076552
phew	6.0907087	9.455521	0.3395404	0.89865994
phlegm	3.6413276	7.3590846	0.4580571	2.8396711
phlegm_stuck	4.0546584	8.784351	0.24556422	3.1015995
phobia	4.769121	7.203747	1.2640476	0.48025417
phobia_of_throw_up	5.076555	7.7415853	0.38906685	0.36412436
phobia_of_vomit	4.880688	7.4519453	0.8116166	0.39209607
phone_appointment	7.6704717	10.49285	-1.5040066	1.1336619
phone_call	7.966178	10.722473	-1.5431585	1.1558409
phoniatrics	7.657249	9.4288225	-1.5678694	0.5417857
phoniatrie	7.572214	10.367884	-1.586289	1.2312896
photophobia	5.2452784	7.4744015	0.31380668	0.600281
phrase	7.328806	9.174954	-0.84510124	0.09663704
physical_and_mental_health	5.457813	8.030858	-0.6793878	0.61820346
physical_cannot	5.094885	8.008469	0.6875262	1.4419577
physical_condition	5.874293	7.8621917	-0.5816961	0.7483955
physical_discomfort	5.262052	7.3701563	-0.33814907	0.77698195
physical_health	5.8370323	8.006083	-0.8356612	0.99707013
physical_manipulate	5.1723766	6.929901	-0.15317927	3.7611442
physical_symptom	5.265155	6.767112	-0.57385707	0.44049612
physical_thing	5.88683	7.3102856	-0.59364665	1.3092308
physician	8.187355	9.268104	-1.7162644	0.2618792
physio	5.8374276	7.3557944	0.18597753	3.8291533
physiological	5.953678	6.4651203	-0.8302428	1.197734
physiotherapist	6.0356455	7.5377994	0.1988995	3.6460836
physiotherapy	6.0865593	7.603924	0.26853493	3.539457
picture	7.660688	9.116962	-1.2472044	0.17686936
pie	2.415405	8.209046	-1.035346	2.492229
piece_of_food	3.4225805	7.9381933	-0.08547002	2.9327223
piece_together	5.6976047	8.735199	-0.17265719	0.694836
pierce	5.5760016	8.546955	-1.7028736	3.0774398
pilaris	5.199895	8.422596	-0.50284064	1.6869146
pill	2.154312	7.9780188	-1.2333885	3.1224387
pill_stuck	4.060606	8.723084	0.22706549	3.0949674
pillow	3.2681823	7.3087425	-0.22072393	4.1111217
pillow_of_air	3.8807545	8.468847	-0.0522101	2.8614237
pillow_under	4.477238	7.2265577	-0.12462876	4.0343533
pin_post	7.6171927	9.320955	-1.1807181	0.18218665
pinch	4.6565337	6.4335146	-0.08057606	3.6059418
pineapple	2.8122542	8.27501	-1.0382589	2.2552006
pinpoint	5.523379	8.035014	0.45130518	1.0264486
pioneer	7.691068	9.242997	-1.6639919	0.72306967
pitch	4.5633006	8.378338	0.107201695	2.7025266
pitman_in_nyc	7.4331493	10.582407	-1.297998	1.2920741
pittman	7.637358	10.55373	-1.5384234	1.2752085
placebo	6.770625	8.345852	-1.3824015	0.8237889
placement	7.433794	10.367131	-1.4233537	2.8547668
plague	5.3669977	7.7812605	-0.24766368	0.16066274
plague_by	5.2552147	8.216841	-0.015791977	0.23524895
plank	5.150772	7.197357	0.12118394	4.226365
plant_base	2.0346212	7.8289495	-1.4509912	2.1788373
plastic	5.4386992	8.387986	-1.4360197	3.4668674
plateau	5.5464673	9.673182	0.8978677	2.3938894
plausible	6.1066637	6.7776113	-0.9977713	0.8664051
play_a_role	5.9110727	6.5291495	-0.84732413	0.46417946
play_into	5.812776	6.992213	-0.778	0.49071455
play_sport	3.6564388	8.356617	-0.15759666	1.6911528
player	5.234761	8.398629	-0.934304	1.7282487
please_keep	6.8458304	10.065375	0.49445766	0.46142033
please_keep_us_post	6.687427	9.921304	0.29889435	0.62793845
please_keep_us_update	6.6833673	9.92347	0.32676122	0.59427184
pleasure	6.090558	9.27218	0.123317584	0.8313591
plenty_of_microburp	5.1490164	9.6618805	0.84520894	2.4852169
plight	6.517092	8.7678585	-0.89377636	0.96078277
plug	4.5366488	6.889151	-0.006003191	3.477501
plus_side	5.2609687	9.353939	0.68943137	2.2350137
pneumonia	5.748511	6.604846	-1.1866384	0.816609
pocket_of_air	4.4629407	6.4619923	0.34316933	3.3776748
podcast_about	7.1727624	9.177362	-1.0163118	0.27515018
point_of_view	6.99001	8.741877	-0.7535667	0.45402768
point_towards	5.762038	7.238032	-1.0325716	0.8498512
poison	5.961189	7.2483916	-0.73085093	1.1057866
police	5.4934845	8.699761	-0.79174423	1.6324364
policy	8.348981	10.548316	-2.2260637	1.6175573
politics	6.366947	8.643787	-0.69659203	1.103638
ponder	6.1119294	9.144187	0.0019641302	0.65449464
poo	4.523017	7.7366195	-0.5522278	2.2724226
pooch	5.3898406	8.388924	-1.7494615	2.0839741
pool	3.9496806	6.9957347	0.33359873	3.6402588
poop	4.1412854	6.135378	-0.09999186	2.5230517
poor	5.7746844	6.765222	-0.8278525	0.37351033
poor_baby	5.9014916	9.194793	0.5086039	0.78446645
poor_diet	5.5745587	7.7928276	-0.52946967	1.0139673
poor_digestion	5.1771064	6.762283	-1.0708809	1.5863115
poor_posture	5.638843	6.777645	-0.94222784	2.112649
poor_thing	5.719508	9.07351	0.63041574	0.75650764
poor_tongue_posture	5.660954	6.7270436	-0.9652849	2.2390187
poor_understand	6.126762	7.1213	-0.77564883	0.39512432
pop	4.4105544	6.7147245	0.6567635	3.4667013
pop_blood_vessel	4.5220413	7.002797	0.012489413	3.1069098
pop_in_my_throat	4.6147814	8.079906	1.1746342	2.5705152
pop_out	4.6614814	7.6923676	1.2269087	3.0291643
popsicle	1.783108	8.202717	-0.6817124	3.01464
pork	2.3240957	8.217453	-1.0496701	2.5266142
porridge	1.6689999	8.150789	-0.74292105	2.9300601
portable	2.7514277	8.141051	-1.2113419	2.5303297
portal	7.8567586	9.815283	-1.7441555	0.8415726
portion_size	2.212058	7.9777007	-1.2350054	2.1780922
portland	8.013348	10.163029	-1.8033247	0.8862239
portland_oregon	6.5188017	9.636063	0.14155936	0.62484354
portrait	5.3800907	8.591837	-2.1553378	2.2666328
pose_in_yoga	4.8626666	7.332686	-0.30894408	3.7582452
posit	5.611625	7.451852	-0.9077852	2.0183413
position	5.0317097	6.810122	0.70281035	4.2560472
position_myself	5.0134115	7.0943475	0.5239734	4.1470785
position_yourself	5.4679155	7.7527337	0.73400146	3.3253522
positive	6.8251877	9.888943	0.50951254	0.32295465
positive_experience	6.7550273	9.880758	0.28201604	0.529888
positive_impact	5.4046726	7.926002	-0.60582006	0.95646507
positive_or_negative	6.2068195	8.904243	-0.6801684	1.0931053
positive_outcome	6.498922	9.849901	-0.6124179	1.5848742
positive_result	6.549428	9.331512	-0.52133036	0.8753887
positivity	6.348752	9.463942	0.18792695	0.68703395
possess	4.8358426	8.065952	1.23738	1.9821614
possibility	6.497652	7.3694954	-1.2572557	0.73405224
possible_lead	6.709095	8.493336	-1.2841378	0.873977
possible_side_effect	6.7884436	10.052661	-0.7944134	2.0363092
possible_solution	6.389303	8.886353	-0.19826932	0.57217
post_above	6.765102	9.677956	-0.11739756	0.48299935
post_and_comment	7.025912	9.161639	-0.5479014	0.23829386
post_botox	4.9801974	9.903855	0.8397347	2.707458
post_botox_diary	6.91448	9.325202	-0.41334563	0.37423658
post_botox_journey	6.519228	9.864481	0.37779644	0.7664799
post_botox_update	5.5760374	9.90582	0.54485226	2.116923
post_covid	5.508647	6.9398494	-1.189526	1.0386782
post_in_this_subreddit	6.8705053	9.145666	-0.66428286	0.41070658
post_injection	5.331699	9.917775	0.6978751	2.399903
post_meal	4.2261024	7.0725574	-0.30831623	1.334072
post_nasal_drip	3.9847567	6.534521	0.059575155	1.2202172
post_op	4.9222727	9.918455	0.7768905	2.7322948
post_partum	5.8384943	9.244026	0.2636281	0.82751745
post_procedure	4.969011	9.920545	0.8116002	2.7064807
post_surgery	4.9145484	9.900101	0.7620411	2.715316
post_update	6.8260217	10.03116	0.45164016	0.49459207
posterior	5.347984	7.531276	-1.008757	2.6949353
postnasal_drip	3.953136	6.9790983	-0.0049812933	1.8554478
postnatal_drip	5.4635553	6.809654	-1.0168439	1.6445067
postoperative	4.9661164	8.881149	-0.09473751	1.4331654
postpartum	5.1090474	8.487627	-0.22366221	0.9527176
postural	5.7159996	7.1259875	-0.0029943315	3.6424298
posture	5.501202	6.791743	0.363493	4.084517
pot	6.0015388	6.459917	-1.2312953	0.17863397
pot_as_well	5.7317204	7.660722	-0.9790057	0.8733769
potato	1.6351609	8.0685	-0.8021927	2.83339
potato_chip	3.4969532	8.347122	-0.538796	2.5746703
potential	6.0855403	6.437748	-1.189013	0.620718
potential_cause	5.7425876	6.6411905	-1.1776927	1.1956006
potential_complication	6.199018	9.367017	-0.65036666	1.5107434
potential_side_effect	6.7073193	9.95582	-0.71911854	2.0231953
pour_out	3.5190666	7.391594	0.328374	3.0334976
powder	1.8321894	8.079574	-1.1480706	2.5320349
power_eructate	5.369067	8.379799	-1.6734344	2.073955
ppi	2.408292	7.588041	-2.456328	3.1150377
ppi_medication	2.5430748	7.678232	-2.293498	3.1411104
ppi_use	6.135348	8.399047	-0.96669453	1.1479324
ppis	2.3817875	7.57097	-2.4857564	3.1041324
ppis_for_35	5.4348025	8.105565	-0.8836708	0.70975995
ppo	8.239844	10.497458	-2.1633582	1.6452694
practice	5.4525676	8.078856	1.247333	3.4070408
practice_a_lot	5.3957024	8.278612	1.3073952	3.279852
practice_enough	7.1092925	10.82887	-0.4612307	2.2409196
practice_with_fizzy_water	5.766568	10.031154	0.8565641	2.450613
practise	5.430386	8.161565	1.2902066	3.3559082
practitioner	7.890482	9.485819	-1.5731761	0.41655293
pre_auth	7.8281684	10.493731	-1.9718239	1.907545
pre_botox_symptom	4.991244	8.555132	0.2761199	1.6129023
pre_exist_condition	8.361165	10.512697	-2.2093537	1.5694017
pre_op	7.529755	10.861902	-1.7621053	1.95457
pre_op_appointment	7.166978	10.529059	-1.6179937	1.8507677
pre_op_room	5.637062	8.830636	-1.7056508	3.4185984
pre_operative	6.8541183	9.765633	-1.5751776	1.4764873
pre_pregnancy	5.069667	8.3512535	-0.11356741	0.62772316
pre_test	7.3067064	10.539964	-1.5744255	2.071175
pre_vomit	5.5085454	8.196021	0.53634167	0.96854466
precision	7.4851623	10.4663515	-1.3987217	2.6937544
precursor	5.4656315	7.5044284	0.2210817	0.6023996
predate	5.7396097	7.9575815	-0.95629996	0.8931636
predominantly	5.38845	7.4988465	-0.7397079	0.71741277
pregnancy	4.507453	7.066909	0.39527962	0.45268402
pregnancy_test	5.657004	8.874462	-1.7218815	3.420159
preliminary	7.080112	9.861802	-1.4932972	1.235892
preliminary_test	7.4370384	9.961713	-1.6036417	1.2520678
premier	5.328916	8.441856	-1.2319684	2.0779953
preop	7.116598	10.480747	-1.6485459	1.8677367
prepare	7.566766	10.790581	-1.5798023	2.6037445
prepare_room	5.648246	8.842968	-1.7142776	3.4112527
prescribe	2.4044433	7.5910063	-2.4877596	3.1322849
prescription	2.4060519	7.606495	-2.4302726	3.1007867
prescription_medication	4.77681	7.7742105	-1.225477	1.5486733
present	6.460349	6.8943596	-1.4353788	0.21414791
press	4.7443027	6.4577065	0.2825801	4.0242434
press_against	4.9284134	6.497255	-0.47686625	3.3128414
press_on_my_stomach	4.611202	7.4275126	-0.010175893	2.9477286
pressure	4.199484	6.1533375	0.09782078	2.7454886
pressure_build_up	4.480878	6.273729	0.20582768	3.1808157
pressure_buildup	4.307886	7.7277193	0.093537174	2.4095123
pressure_in_chest	4.11179	7.1001387	-0.13380222	1.408817
pressure_in_my_chest	3.7820392	6.6564407	0.3767198	1.7640706
pressure_in_my_stomach	4.105229	6.7881746	0.18861519	2.3288214
pressure_in_my_throat	3.6755042	6.9679074	0.5826205	2.0291526
pressure_inside	4.6648436	6.182646	-0.24688126	3.1036623
pressure_on_my_chest	4.417389	6.8646936	-0.092485085	2.9792933
pressurize	4.6224723	6.1398606	-0.30358502	2.9874523
pretty_bad	3.8440108	6.923217	0.23604834	1.0741198
pretty_clear	5.9635487	6.865112	-1.3415843	1.6000103
pretty_common	5.850056	7.083671	-0.639926	0.2769418
pretty_confident	6.130207	8.552585	-0.48775402	0.98059446
pretty_convince	5.759246	7.598531	-0.9628969	0.53256947
pretty_debilitate	5.482209	8.555613	-0.5375539	1.1500729
pretty_frequently	4.349479	8.087644	0.52587783	1.6596916
pretty_funny	5.1223574	8.448636	1.1612325	1.2872831
pretty_grim	5.3363132	8.610226	0.24056612	1.2763032
pretty_gross	5.329237	9.002155	0.9595623	2.3450637
pretty_intense	4.7736516	9.485132	0.34729466	2.3701432
pretty_loud	4.791666	8.340796	1.170985	2.2138028
pretty_mild	4.87857	9.482957	0.30593494	2.2298481
pretty_much_go_away	4.863565	9.520796	0.2500755	2.3513002
pretty_nervous	6.9983516	10.685025	-0.92296654	1.5553694
pretty_normal	4.698809	9.181356	0.774536	2.5615244
pretty_obvious	6.260886	8.723078	-0.2666997	0.6451751
pretty_often	4.021159	7.9661455	0.73382634	1.9839047
pretty_quiet	4.842881	8.425323	1.3723046	2.3935163
pretty_rare	5.1698494	9.073511	0.32195407	1.7579241
pretty_regular	4.4785385	8.244535	0.6973225	1.7069871
pretty_scared	5.934981	9.375153	-0.19929639	1.5329181
pretty_severe	4.6751256	6.9259725	-0.27264732	0.4896417
pretty_significant	4.952371	8.739437	-0.23240972	1.2080787
pretty_skinny	5.0874467	7.8211455	-0.3925378	0.5584621
pretty_sore	4.0902796	9.031957	0.26345396	3.1462188
pretty_thin	4.3084297	7.948364	-0.09202286	1.7606782
pretty_typical	5.8671036	7.879326	-0.5729462	0.5685392
pretty_uncomfortable	4.1836677	9.0480385	0.22487818	2.8825908
pretty_violent	4.9054627	7.584233	0.86378735	0.8053557
pretty_weak	4.924769	8.516979	0.117998146	2.1840847
pretty_weird	5.7311816	8.404576	-0.60582614	1.3113024
prevalence	5.989329	7.326827	-0.98580086	0.62365663
prevent	5.155074	6.1494675	0.105106585	3.127331
prevent_myself	4.9449563	7.661422	0.67031693	0.9862667
prevent_us	5.728449	6.69401	-0.7986761	2.1786575
previous_meal	4.3370914	7.9386044	0.7839955	2.0793748
previous_thread	6.6779037	9.516063	-0.5718821	0.71773076
price	8.303385	10.840132	-2.2124748	1.9950117
price_difference	7.7590585	10.598141	-1.8729448	2.1410272
pricing	8.260191	10.474107	-2.1464152	1.5800511
prilosec	2.3847299	7.5786386	-2.4795108	3.1064775
primary	6.213994	6.6908746	-1.413004	0.79894066
primary_care	7.9818	9.425079	-1.8891306	0.5611926
primary_care_doctor	7.8095527	9.200991	-1.9408206	0.60222346
primary_symptom	5.585828	7.394914	-0.92428154	0.70023465
princess	5.186742	8.583708	-0.42809388	1.8615948
principle	6.6774006	9.054523	-0.8459752	1.5940758
print	8.095365	9.437862	-1.5256057	0.17302258
print_off	8.044353	9.4088335	-1.508226	0.18327013
print_out	8.106306	9.448363	-1.6276764	0.25948253
print_this	7.0564933	9.423053	-0.9684967	0.64249617
prior_authorization	8.300925	10.59128	-2.1853478	1.6860362
prior_to_botox	4.501798	6.74241	-0.58752894	0.65442294
prior_to_surgery	6.8925037	9.949026	-1.5091468	1.5942132
privacy	4.912042	8.2141075	-0.37255102	2.279222
private	8.448975	10.31112	-2.0740168	1.1150342
private_health	8.3006115	10.479674	-2.199547	1.5880423
private_health_care	7.019028	9.871242	-1.3243338	1.5130728
private_health_insurance	8.277567	10.451715	-2.192796	1.5935838
private_healthcare	8.124534	10.388825	-2.0992227	1.6246
private_hospital	7.86606	10.45254	-1.9095255	1.5483134
private_option	7.4523263	10.41581	-1.6605346	1.8649955
privileged	5.7342553	8.922308	0.23525456	0.9637079
prize	5.470075	8.557578	-1.1281414	1.8828218
probable	5.7653375	7.144939	-0.8589021	0.8083206
probably_why	5.6719065	7.9893517	-0.0851404	0.88437754
probe	5.849066	8.224638	-1.54806	3.8710506
probiotic	2.4939654	7.814371	-1.8450383	3.0855594
probiotics	2.33138	7.6614766	-2.0353174	2.8691754
problem	6.0274067	6.507444	-0.9756918	-0.10751648
procedure	7.8080544	11.101287	-1.2104923	1.9614738
procedure_a_few	5.2332463	9.681265	0.41910377	2.0586925
procedure_code	8.309825	10.229047	-2.1038365	1.2517475
procedure_cost	7.5403075	10.573446	-1.8366678	2.056485
procedure_itself	7.7253413	10.899671	-1.6523193	2.3240373
procedure_schedule	7.628463	10.945912	-1.1810522	1.3523898
procedure_tomorrow	7.4590116	10.860408	-1.1338998	1.370643
procedure_under_ga	6.988421	9.992929	-1.3513973	1.3234243
procedure_under_general	7.604296	10.645062	-1.6061143	2.471349
process_food	1.9404457	7.83572	-1.3658022	2.244734
produce_a_lot	3.9132853	6.4302278	-0.37249377	2.2627861
produce_gas	3.7450526	6.4138784	-0.99348015	2.3547177
produce_more_gas	3.6704488	6.6232505	-0.99102944	2.23333
produce_more_saliva	3.7817414	7.198393	0.38700065	1.9510782
producer	5.3999233	8.272602	-1.6792076	2.0604715
product	2.14421	7.709741	-1.6622915	2.5107136
production	4.8383408	6.1994257	-0.8601189	2.408319
professional	8.04989	8.994783	-1.5349063	0.116747126
professional_life	5.1987944	8.754738	-0.4812936	1.3515197
professor	8.076393	9.871837	-1.7787457	0.6751399
professor_novakovic	7.0852695	10.11421	-1.1524065	1.1136549
profound_slow_swallow	4.962339	9.412079	0.14744192	2.130651
profuse	4.5124454	7.922424	-0.05015608	1.739248
progress_get_worse	4.9631085	7.8998313	-0.3002537	0.12976843
progress_worse	4.412735	7.27447	-0.10296712	0.3957576
projectile	4.4645505	7.366893	1.535018	1.958196
prolific	5.187661	8.40701	0.12882411	0.53137743
prom	4.7111793	8.4141035	0.21191114	0.7390572
promise	6.6046753	10.137144	0.6559375	0.83462447
promote	5.2315674	7.2029524	-0.42767674	3.570733
prone	4.738097	6.9685173	0.067489795	0.6812164
prop_myself_up	3.177381	7.35507	-0.27233285	4.069017
prop_up	3.2871127	7.3075347	-0.22357802	4.1185675
prop_yourself_up	3.1281424	7.4078693	-0.38031068	3.9770513
proper_burp	4.9795675	8.783955	1.8400708	2.9176488
proper_digest	4.293121	6.526266	-0.8324457	2.4729557
proper_posture	5.369266	7.2599316	-0.18535048	3.7212408
property	5.1121597	7.0046163	-1.0576829	1.8919501
propofol	7.6006246	10.68917	-1.6583431	2.6350014
propose	7.3863277	9.236339	-1.7296159	0.8507405
propranolol	2.6780615	7.8099637	-2.105652	3.3088648
protect_mechanism	5.660631	6.5851064	-1.1156985	1.4922451
protein	1.6592047	7.9055347	-1.0907547	2.4610476
protein_drink	1.8194455	8.154106	-0.6482406	3.0800567
protein_shake	1.6480725	8.117761	-0.60780036	3.0951562
proton_pump	2.4112384	7.600461	-2.489535	3.1360652
protrude	4.80229	6.732891	-0.47215343	3.1204984
proud	5.9504523	9.11159	0.8875066	0.45395964
prove	7.9822083	8.622278	-1.8735203	0.33054343
prove_by	7.4922094	8.568538	-1.5976684	0.43189836
provide_relief	4.8611336	8.487431	1.6505412	2.6915581
provide_some_relief	4.816724	8.179499	1.1503524	2.3564947
provider	8.349494	9.9847	-1.9158652	0.7520671
provider_who	7.7526674	9.498847	-1.5750128	0.5035549
province	8.317386	10.152367	-2.0256085	1.030206
proximal_esophagus	5.4711785	7.4773607	-1.0368718	2.357643
prs	6.384005	7.7272844	-1.2936108	0.691168
pseudo	6.918849	8.411024	-1.2231945	0.6714397
pseudo_obstruction	6.051163	6.934515	-1.5995953	0.71338564
pseudoscience	6.9564424	8.203344	-1.133043	0.459787
psoas	5.5637474	6.5570126	-0.8733146	2.5094535
psychiatric	6.2133036	7.71225	-1.1322972	0.7617359
psychiatrist	6.9636707	9.097532	-1.4811982	0.82052463
psychological	5.9731865	6.386932	-0.80254275	0.6530593
psychological_issue	5.9569235	7.240844	-0.89290667	1.0693911
psychologist	6.7260942	8.511618	-1.4357065	0.77826846
psychosomatic	6.086263	6.552728	-0.79210806	0.48193815
psyllium_husk	2.6084378	7.810417	-1.8870206	3.227806
pterodactyl	4.690355	8.073531	1.3834356	1.8887057
ptsd	5.1962147	6.917831	-0.3525965	0.40937674
pu	5.395001	8.382376	-1.8218604	2.0886886
public	4.5257297	7.859284	1.7125276	1.8089684
public_healthcare	8.306836	10.184209	-2.0634966	1.1142693
public_place	4.603546	7.7831926	0.88598895	2.0588112
public_system	8.197655	10.408677	-2.1404765	1.5643965
publication	7.8138347	9.139758	-1.3176892	0.11256357
publish	7.9698253	9.211001	-1.5123482	0.21062265
publish_their	7.7343016	9.872289	-1.8139917	1.0407928
puff	4.70818	6.935046	0.046888098	3.9043643
puff_of_air	4.8376746	8.414702	1.4966053	2.5794313
puke	4.3427153	7.0984406	1.7683104	1.7646751
pull_my_shoulder	4.550275	7.2565618	0.018507356	4.2106285
pull_over	3.9964058	8.088523	0.17360263	2.2616997
pull_trig	4.8122406	7.620515	1.0415114	2.1696568
pull_up	5.085566	6.9713326	-0.15510811	3.8632526
pulmonary	5.967832	7.3518147	-1.4928676	1.1890652
pulmonologist	5.6315684	8.403496	-0.9741261	1.4973476
pulp	2.6047933	8.10615	-0.5467606	2.9611585
pump	4.499138	6.176112	-0.13289385	3.103171
puncture	5.727879	7.993923	-1.357433	3.638884
punish	3.8802497	8.38718	-0.29412812	1.790677
puppy_dog	5.072135	7.4963574	-0.49095768	3.4886696
puree	1.8684069	8.120111	-0.8969213	2.685893
purple	4.887074	7.9782276	-0.89376575	2.5935643
push_against	4.8007603	6.3062277	-0.2943624	3.182377
push_air	4.8891397	6.966	0.8085057	4.129112
push_forward	5.385835	7.5859346	0.37050074	3.2051153
push_my_chin	4.8604736	7.141913	0.5218322	4.253804
push_my_head	4.9027643	6.9757395	0.7733986	4.304999
push_my_jaw	4.9433494	7.2313476	0.30538407	4.1824627
push_my_neck	4.8506	7.1156144	0.53092974	4.2904744
push_out	4.748763	6.9003887	1.0275207	3.4799047
push_them	4.901841	7.0010476	0.92333865	4.069218
push_too_hard	4.5991755	7.5098915	1.1966358	2.5929458
push_up	4.67587	6.2661605	0.29908445	3.5285103
push_upward	4.777356	7.167405	-0.030231139	3.2129495
push_upwards	4.692651	6.9344587	-0.13331284	3.0843117
push_with_your_ab	5.344022	7.086007	0.7303134	3.8037865
push_yourself	5.511712	7.632591	0.81569386	3.3652234
put_into_word	5.4657626	8.532131	0.051838893	1.1108251
put_my_chin	4.855122	7.107322	0.57583356	4.238104
put_my_finger	4.4256673	7.110571	1.7135867	2.306915
put_on_weight	3.313626	8.120746	-0.55713695	1.5145473
put_pressure	4.8293824	5.946419	-0.32107913	3.053934
put_to_sleep	7.535253	10.702262	-1.624251	2.4724774
put_under	7.613338	10.788568	-1.5542979	2.5948389
put_under_general_anesthesia	6.786195	10.346778	-0.9420607	1.9594997
put_up	5.283234	7.331103	-0.2761469	0.06705947
put_your_finger	4.693652	7.1118474	1.2115488	3.0004296
pvc	4.7008095	7.903242	-0.6417452	2.4042606
pylori	5.9290767	7.54351	-1.4938536	1.299581
ql	5.574462	6.797568	-0.88671905	2.4346683
quake	4.9084306	7.2498875	-0.4081108	3.0317848
quantify	6.129582	7.2473183	-0.8938106	0.8205575
quantity	2.3268402	7.872681	-0.85537714	2.3667939
que_tender	5.3722024	8.614779	-2.5382757	2.3471136
queasy	3.570944	7.7921324	0.3084168	1.7492242
quebec	8.166106	10.026432	-1.8798567	0.82300234
query	6.8534026	9.2324295	-0.74427915	0.5206904
question_and_answer	7.1427503	9.299308	-0.783759	0.23179701
qui	5.358792	8.718625	-2.967518	2.4642754
quick_and_easy	7.4426904	10.742281	-1.699335	2.2428055
quick_update	7.2133694	10.575387	-1.0595918	1.3699764
quiet	4.6288066	8.131185	1.7820548	2.1133122
quiet_room	4.5469766	7.9960957	1.6420723	1.705128
quiet_space	4.1767945	7.8886366	0.07306362	2.438077
quirk	5.822718	7.690408	-0.118659444	0.113851994
quirky	6.2326946	7.901713	-0.43098596	0.547174
quit_smoke	4.536757	7.906258	-0.30266383	1.0637916
quite_annoy	4.6499968	8.371818	0.23933621	1.6427948
quite_bad	4.778965	9.491691	0.33087766	2.306781
quite_common	5.948979	7.1976995	-0.70053047	0.3635774
quite_frequently	4.3369603	8.124686	0.5744826	1.700441
quite_high	5.545976	8.640473	-0.37940565	1.1622772
quite_nervous	6.9476967	10.575486	-0.9040779	1.595256
quite_rare	5.973507	8.310716	-0.5361612	0.88302493
quite_severe	5.0368066	9.26121	0.100425035	1.8215625
quite_significant	5.276911	9.560269	0.46478277	2.2058487
quite_sore	4.151308	8.984276	0.20300291	3.0550807
quite_sure	6.0032544	8.613796	-0.21676981	1.1441667
quite_the_opposite	5.1008525	8.048676	0.14102812	0.6622316
quote	8.297369	10.812856	-2.2026262	1.9477279
r/askreddit	6.4746685	9.07822	-0.039362423	0.0068336055
r/dysautonomia	6.130472	7.6407795	-1.3098147	1.0019282
r/fodmap	2.4152448	7.8319907	-1.5167807	2.1966813
r/noburp	7.332303	9.305116	-0.1669257	-0.36701414
r/noburp_page	7.5112343	9.268134	-1.1135349	0.17737943
r/noburp_wiki	7.6208644	9.393765	-1.3829739	0.36457568
r_cad	5.944554	6.6813107	-1.3737763	1.4504846
r_cop	5.3496733	7.7472267	0.047556892	-0.016005412
r_cpd	6.1911573	6.5398097	-1.0838635	-0.029050054
r_cpd_also	5.7412214	7.1427546	-1.1628608	0.89358443
r_cpd_and_emetophobia	5.8759866	7.185914	-0.7609923	0.4806422
r_cpd_be	6.2001605	6.558445	-1.0589654	-0.020710802
r_cpd_because	6.2573657	7.1167517	-1.0278625	0.7424548
r_cpd_before	7.481838	9.364597	-1.6570016	0.7945673
r_cpd_botox	7.1137366	9.042482	-1.4588668	0.7493829
r_cpd_but	6.172046	6.534074	-1.1007446	0.11975899
r_cpd_can	5.9550157	6.4324517	-1.1733869	0.66145843
r_cpd_cause	5.8794665	6.5919876	-0.98665184	0.4891966
r_cpd_community	6.8088303	8.529254	-1.135323	0.5563127
r_cpd_cure	5.4087605	7.701748	-0.6179394	0.64661515
r_cpd_doctor	7.4957213	9.46181	-1.4061463	0.56692743
r_cpd_emetophobia	5.3669224	8.548428	-0.27725828	0.8997325
r_cpd_experience	5.7984457	7.383299	-1.1548464	0.60960406
r_cpd_from_youth_until	7.175138	9.255133	-0.98057604	0.33211058
r_cpd_have	6.0406084	6.652551	-0.9974031	0.10140727
r_cpd_i	6.17768	6.5789323	-1.045085	-0.04023519
r_cpd_if	6.225443	7.956404	-1.1292605	0.8925818
r_cpd_itself	6.451751	8.170987	-1.1491125	1.0075176
r_cpd_make	4.624	7.442815	0.04491447	1.1700593
r_cpd_may	5.893289	6.8026304	-0.97891533	0.6424851
r_cpd_my	6.2095537	7.719107	-1.45715	0.7985596
r_cpd_not	6.179873	6.9915204	-1.2609485	0.44914165
r_cpd_page	6.895806	9.187073	-1.3722436	0.84617734
r_cpd_patient	7.364843	8.454044	-1.5659398	0.45215213
r_cpd_provider	6.698752	9.327699	-1.1970924	1.0869614
r_cpd_related	5.863834	7.4543085	-0.9634235	0.5006392
r_cpd_serious	2.7341335	7.869145	-1.9602747	3.4693267
r_cpd_so	7.428303	9.017608	-1.4939718	0.5784699
r_cpd_specific	7.2485948	8.757983	-1.5266055	0.6421144
r_cpd_suffer	6.092961	6.593137	-1.0469706	0.293849
r_cpd_symptom	5.3181663	6.337125	-0.7999046	0.03899886
r_cpd_tend	5.748182	7.120875	-0.70507246	0.657412
r_cpd_the	5.9339924	6.607759	-1.288608	0.6900767
r_cpd_through	6.674119	9.564556	-1.2084491	1.1881334
r_cpd_treatment	7.952702	9.368645	-1.6668216	0.5281311
r_cpd_uk	7.1241517	9.158583	-0.6998348	0.15243663
r_cpd_when	6.096169	7.414379	-1.2861068	0.77018565
r_cpd_which	6.3672748	7.0944176	-1.232091	0.71218187
r_cpd_will	5.9204307	6.809247	-1.1547346	0.7779299
r_cpd_would	6.4550633	8.273347	-1.1464143	0.90084785
r_cpders	5.632592	7.689732	-0.97151667	1.0435202
r_pod	5.664107	8.579349	-0.6713703	0.98402786
rabeprazole	2.6273613	7.7387967	-2.2711532	3.2467916
race_heart	4.663246	7.815852	0.008516202	1.2719148
racist	6.5415	8.229871	-0.84058756	0.8469949
radiate	4.462969	6.8482537	-0.41836149	2.8743541
radiate_to_my	4.485225	6.903579	-0.43293452	2.884151
radio	7.162361	9.1367445	-0.75617677	0.08408974
radiology	7.1556296	9.683967	-1.7079065	1.303937
raft	2.914089	7.6912293	-1.9755104	2.6693237
rain	5.1468415	8.528269	-0.510017	1.8101876
raise_awareness	7.6113815	8.922131	-1.0563219	0.14851604
raise_your	4.9719963	6.9140496	0.039494377	4.061067
raleigh_nc	7.1721797	10.494054	-1.1838462	1.3783594
ramification	5.725888	7.7105813	-0.82975626	1.0256851
randall	5.893466	8.792412	-1.3160218	1.7217617
random	4.6746674	8.295252	1.7782203	2.5372822
random_bout	4.1825514	7.2619524	-0.015209254	0.94955146
random_burp	4.9122887	8.772771	1.7086102	2.74779
random_hiccup	4.339798	7.918329	1.0199754	1.9183279
random_moment	4.735113	7.727513	1.0420207	2.0600953
random_question	6.2729316	9.454434	-0.60507375	1.29641
random_start	5.2358303	9.45506	0.78280884	2.0708134
range_of_motion	5.5002694	7.0512033	-0.07909107	3.7030027
ranitidine	2.6898112	7.8370523	-2.056475	3.1819246
rapid_gastric_empty	5.475413	7.040521	-1.3139905	1.0394222
raptor	4.992345	8.288637	0.83737147	1.8429224
rare	5.9266524	6.896866	-0.5710767	0.15320441
rare_condition	6.4844885	8.295726	-0.67777663	0.37900108
rare_condition_suggest	6.898951	8.126173	-1.4731104	0.5639205
rare_occasion	4.4426384	7.7789116	1.376688	1.2171589
rarely_fart	5.6576867	8.384682	0.1638126	0.30766568
raspy	4.377422	8.610254	0.24187435	2.714267
rate_of_success	7.765753	10.635436	-1.6135277	2.3836904
rather_than_rely	5.715639	8.319594	0.8285588	2.9962604
rational	5.876477	7.4448156	-0.18540747	0.5072258
raw	1.8605683	8.021084	-1.0705867	2.512339
raw_onion	2.1431332	8.125799	-1.091357	2.1741385
raw_vegetable	2.0031092	7.9949346	-1.2018456	2.1715999
rcpd	6.1278048	6.514091	-0.9983731	-0.14216231
rcpd_exist	7.1746755	9.041691	-1.2726347	0.46431768
rcpd_patient	7.193253	9.4984255	-1.4154625	1.0349685
rcpd_related	5.973033	6.6560774	-0.76517284	0.37478852
rcpd_specialist	7.664878	9.516971	-1.6449732	0.6154031
rcpd_suffer	6.248346	7.35567	-0.83404136	0.44589376
rcpd_symptom	5.221827	6.3411136	-0.7404662	0.03891231
rcpders	5.475812	7.726194	-0.8066166	0.87347966
read_on_this_sub	6.803196	9.324166	-0.63155615	0.67207754
read_through	7.275006	9.347911	-0.07278691	-0.3432309
real_bad	3.920482	7.4263244	0.16377476	1.4755067
real_burp	4.972046	8.786997	1.8301558	2.893819
real_condition	7.031483	8.413564	-0.920452	0.11709974
real_life	6.473358	8.595891	-0.084908314	-0.025643839
real_medical	6.6519046	8.254137	-0.82769775	0.28345358
real_problem	6.172161	7.8508224	-0.61843616	0.27611336
real_quick	5.1320424	8.539638	-0.44138733	1.6986692
real_relief	5.443739	9.033765	0.68469393	1.7026469
real_thing	7.01434	8.62349	-0.52836525	-0.077547766
real_vomit	4.500136	7.517119	1.0106099	2.0484595
realize_how_often	4.883852	7.7202535	0.88616204	0.81031024
really_affect	4.9112024	8.183058	0.1451824	0.35646802
really_annoy	3.8828828	7.541358	0.46580064	1.8125993
really_anxious	4.113299	7.7199464	0.9196091	1.0878797
really_awful	4.358418	7.7544274	0.17974125	0.9969899
really_bad	3.6700413	6.9190917	0.49225718	1.0608073
really_bother	4.775496	7.5797544	0.7589308	0.5713743
really_busy	6.716229	10.188681	-0.67750514	1.3136559
really_dry	3.0738652	7.973318	-0.27693617	2.9640212
really_embarrass	4.7701263	8.15598	1.5542285	1.4402013
really_excite	6.6987906	10.052865	0.6063146	0.53628814
really_frustrate	5.8719068	9.208543	0.36791152	0.9525194
really_glad	6.4141126	9.510091	0.4597136	0.358516
really_gross	4.510123	7.840959	1.1344635	2.1415305
really_happy	6.558274	9.668269	0.433838	0.3724195
really_help	2.299994	7.642673	-1.8553903	2.748588
really_hope	6.7447834	10.073765	0.68733793	0.5407633
really_hopeful	6.3113585	9.76553	0.34240237	0.8855954
really_hungry	3.7984736	8.152519	0.086131394	1.9795377
really_impact	5.050378	8.261824	-0.17908086	0.4615215
really_intense	4.1944118	7.3634562	-0.07028068	1.2105424
really_loud	4.5052443	8.03302	1.7073474	1.8199536
really_nauseous	3.5519528	7.499819	0.6709862	1.6478765
really_quick	4.7603073	9.600679	0.55814475	2.59599
really_sick	3.5148454	7.6145496	0.58439076	1.5411401
really_sore	4.0964274	9.040548	0.27496684	3.139193
really_struggle	5.074743	7.343623	-0.1957343	0.2732346
really_suck	5.784776	9.08522	0.8784544	0.6287203
really_thirsty	2.521248	8.223673	-0.50584	2.5214903
really_tough	5.624589	9.677314	0.43586066	1.7722371
really_uncomfortable	3.4648802	7.3116465	0.75360507	1.6678722
really_unpleasant	5.1188235	8.037032	0.5026672	1.2220517
really_vary	5.4136214	9.084142	-0.13377184	1.6512182
really_want	8.298276	10.566702	-1.7981586	1.2881974
really_wide	4.9210925	7.121909	0.567453	3.9150758
realm	6.366	8.24945	-1.0480243	1.0453777
rear_end	5.023119	8.722015	-0.4781291	1.5797828
rearrange	4.711596	7.451788	-0.1427317	2.7743094
reason_behind	6.30515	8.65699	-0.24258834	0.5801751
reassure	6.61025	9.923234	0.5773924	0.5984621
reassure_thank	5.2827435	8.915413	-0.5399792	1.6341435
reassure_to_hear	6.432358	9.803773	0.47653604	0.72617185
reassure_to_know	6.179156	9.600025	0.42568383	0.85733795
recall	5.224343	7.5146008	0.4423651	-0.25455034
recap	6.774155	9.834952	0.13794382	0.43745428
recede	5.1907	7.478689	-0.9476078	2.596942
receive_100_unit	6.8346944	10.571452	-0.65724313	1.8213948
receive_50	7.1603127	10.665904	-0.7605566	2.1857712
receive_80	6.8575587	10.630317	-0.63839746	1.8750336
receive_botox	7.4508944	10.8365345	-1.0555209	1.3821993
recent_discover	6.4338155	8.642485	-0.018778881	-0.26479417
recent_discover_this_sub	6.281103	8.954255	-0.009295188	-0.033891063
recent_learn	5.2956886	7.883747	-0.1697128	0.16816446
recent_post	6.944348	9.126496	-0.57226807	0.27450702
recent_realize	5.373626	8.395559	0.053679314	0.21064827
recent_year	4.9214945	7.3811507	-0.1616598	0.07973975
receptor	5.4437194	6.3901854	-0.7662586	2.5908082
recline	3.976175	6.9899945	0.25408632	4.2381334
recognize	8.014665	8.683024	-1.6628664	0.14362854
recognize_condition	7.1184106	8.82726	-1.3366203	0.6638985
recover	6.1069417	10.267621	0.1792157	1.9137275
recovery	6.15042	10.241426	0.19124338	1.8682601
recovery_process	6.201415	10.087228	0.26167426	1.5395696
recovery_room	4.0873594	9.5137205	0.042724166	2.8990536
recovery_time	7.376146	10.667761	-1.5147036	2.2399192
recreate	5.195867	7.2303815	0.18827645	3.7628558
recurrent	5.4410434	7.333161	-0.868819	0.7546096
recut_linjection_en_cabinet	5.5388618	8.491692	-1.194302	1.9268066
recycle	4.889661	7.6139464	-0.41328827	2.7752893
red_bull	1.7396994	8.498606	-0.59336656	2.0164163
red_meat	1.959841	7.911872	-1.3125372	2.1702302
red_wine	1.9601835	8.257563	-0.8961902	2.1166246
reddit	7.3104115	9.313904	-0.1335336	-0.36955553
reddit_account	6.484241	9.1168165	-0.002393826	-0.083181515
reddit_app	6.8748727	9.045219	-1.1625574	0.74837446
reddit_user	6.230081	8.357222	-0.5653221	0.23283544
redo	6.917688	10.074976	-0.7576224	2.10713
reduce	4.00862	6.67694	-0.3973134	1.1325974
reduce_bloat	2.92527	7.7369866	-1.7608998	2.5336387
reduce_by	4.067435	6.8768334	-0.10470134	1.0707321
reduce_gas	3.8091373	6.459342	-1.026638	2.3027937
reduction	4.0861106	6.767182	-0.18831997	1.0516012
refer	8.357472	9.178766	-2.01121	0.349436
refer_to_a_gastroenterologist	6.288969	9.094866	-1.1974418	1.173068
referral	8.40515	9.582442	-1.9934589	0.49455076
refine_carbohydrate	2.410098	7.921605	-1.2992969	2.0407207
refine_sugar	2.4244282	7.983199	-1.373952	2.099852
reflect	5.9242086	7.860445	-0.61303174	0.83347285
reflex	5.2887983	6.9477797	1.003311	3.5408292
reflux	5.367995	6.2000027	-1.167042	0.4614446
reflux_and_regurgitation	5.145268	7.5726886	-1.0247653	1.1471691
reflux_disease	5.814295	6.8395348	-1.4400288	0.5040896
reflux_gourmet	2.624836	7.7668877	-2.0899324	3.048201
reflux_issue	5.0349765	6.737161	-0.9126076	0.77369124
reflux_medication	2.4671698	7.642349	-2.3590033	3.1255448
reflux_regurgitation	4.466878	8.58539	0.22020775	2.2379398
refuse_to_believe	6.951704	8.156348	-1.0036948	0.2260813
regimen	2.5873165	7.7892203	-2.0724638	2.9025164
regional	5.9641366	8.889022	-0.8818219	1.3319336
reglan	2.6388443	7.7680583	-2.1829755	3.2114584
regress	5.978518	9.845271	0.68238187	1.813261
regret	6.290491	10.329194	0.3753943	1.4859071
regret_it	6.3091784	10.303487	0.39690053	1.4864187
regular_doctor	8.318542	9.312641	-2.0075016	0.39389646
regular_occurrence	4.624984	7.7851634	0.6909099	1.316924
regular_people	4.8564057	8.448293	1.3399765	2.3528903
regulation	5.655132	6.842216	-0.9328405	1.9169631
regurgitate	3.3458755	7.5790763	0.4437072	3.0726304
regurgitate_a_little	3.8431134	7.8042254	0.69122744	2.5742936
regurgitate_food	3.7331777	7.8155866	0.5271243	2.5322716
regurgitation	3.7231753	7.9473352	0.65495104	2.765351
regurgitation_issue	5.0246162	7.5909333	-0.9133169	1.1635417
reintroduce	2.1122181	7.840582	-1.4596463	2.182248
relatable	6.167038	8.543481	-0.14976093	0.4827219
relate_to_this	5.5782857	8.450633	0.07113816	0.46533605
related_issue	5.772552	6.568672	-1.144566	0.5846169
related_somehow	5.9866414	7.154748	-0.6352229	0.6274523
related_to_noburp	5.9113317	6.8148394	-0.76132345	0.44920763
related_to_r_cpd	5.9541698	6.5563574	-0.7904465	0.41208172
related_to_rcpd	5.9830036	6.548311	-0.75423086	0.41344592
relation	6.101746	6.748209	-0.99008423	0.43767592
relationship	5.70475	6.881361	-0.59943503	0.2356918
relationship_between	5.955254	7.7479863	-0.82982016	0.73821974
relationship_with_food	5.0584946	6.970396	-0.5764664	0.50430626
relative_new	7.523069	8.906653	-1.4328294	0.46376875
relative_recent	6.374261	8.904985	-0.31973106	0.67294437
relax	5.348941	6.128906	0.20727873	3.6535938
relax_and_let	5.2176995	7.1345897	1.0098068	3.9852853
relax_and_open	5.4341574	5.9532933	-0.34675443	3.3180153
relax_enough	5.3381157	6.367425	0.2964464	3.6514676
relax_my_shoulder	5.2816086	7.765246	0.00758418	2.9412863
relax_my_throat	5.0871096	6.785424	0.7965542	3.9460459
relax_to_allow	5.714015	6.3137884	-0.52561134	3.0591054
relax_your_body	5.11541	6.788081	0.41555554	4.046395
relax_your_throat	5.1649456	6.6752877	0.52120054	3.954186
relaxation	5.461517	5.946506	-0.15802982	3.427107
relaxation_technique	5.752309	7.303253	0.20517932	3.921546
relearn_how	4.068066	8.381651	-0.21203838	2.6168532
release	4.5607047	6.8183365	1.0016358	3.132917
release_air	4.7875643	7.2077575	1.3197309	3.2341688
release_any	4.281943	6.50323	0.5101055	2.8187058
release_gas	4.6886005	7.0616584	1.3225807	2.9498286
release_of_air	4.786475	8.18127	1.5271566	2.7757134
release_some	4.278991	6.5026555	0.5240091	2.8224483
release_them	4.944127	7.207399	0.6633305	3.887414
reliable	5.995245	8.831175	-0.20517296	1.6717259
reliant	5.437144	8.030352	0.3812215	2.2328517
relief	4.9188957	8.464123	1.6852009	2.6231482
relief_soon	6.6016746	9.859032	0.47177532	0.6624865
relieve	4.837628	8.322183	1.6603389	2.6645322
relieve_gas	4.910245	7.3097787	-0.4995856	3.6398625
relieve_myself	4.4791484	7.2807183	1.4544853	2.3080943
relieve_pressure	4.3718204	6.8420625	0.18932118	2.5465667
rely	5.551967	7.8660016	1.1626112	3.4209127
remain_the_same	5.1016254	8.425087	-0.23067632	1.0028876
remedy	2.3695486	7.620104	-1.9764999	2.7218177
remember_ever	5.1575055	7.7089844	0.6748462	0.21090502
remember_exactly	5.6059766	8.106618	0.44801635	0.9320225
rennie	2.532914	7.7691846	-1.9990174	3.0794377
rennie_deflatine	2.7226326	7.824215	-2.0372152	3.1751087
rep	5.5495653	7.3091874	0.21454658	4.2870946
repair	6.1103926	6.7835813	-1.4218855	0.84118795
repair_before	6.233342	7.953937	-1.4347527	0.8383201
repeat_injection	7.202029	10.421167	-0.71352786	2.3219683
repeat_until	4.67092	8.124635	0.98300403	2.620795
repercussion	6.737015	8.874141	-1.0564392	1.2528821
repetition	5.6690025	7.3281794	0.26855034	4.2281713
repetitive	4.888551	8.087761	1.0513402	2.0410352
replicate_it	5.4688716	7.9177265	0.41529256	2.3293045
repost	7.039216	9.192298	-0.6612126	0.20715721
represent	7.095724	8.576562	-1.337996	0.48487994
reprieve	5.0149193	9.202872	-0.19636181	1.8189112
reproduce	5.4646783	7.9441137	0.41232172	2.331757
reputable	7.5552435	9.316268	-1.4390961	0.43621275
request	8.323064	9.807158	-1.9410105	0.68276757
require_a_lot	4.875801	7.8995686	-0.5466656	2.5474858
require_a_referral	8.37066	9.970959	-1.9868971	0.8191465
require_manometry	7.1399693	10.000095	-1.4811094	1.3152255
research	7.9290347	8.929989	-1.3745552	0.0058072223
research_into	7.2038183	8.528592	-1.3227099	0.48091635
research_paper	8.05037	9.413843	-1.5205879	0.20253533
research_r_cpd	7.0415106	8.239153	-1.0525349	0.19830489
research_study	7.4337773	9.19292	-1.2980133	0.40174067
research_team	6.794709	9.124673	-1.1031685	0.7385788
researcher	7.1874285	8.477304	-1.3273137	0.43967345
resemble_a	5.212841	8.5158615	-0.13132119	1.7456611
resident	7.980025	10.080737	-1.7874511	0.91111296
residual	4.42103	8.337919	-0.07493879	2.5656753
residue	2.291903	8.024934	-0.57882345	2.9500437
resource	7.871543	9.195636	-1.1718596	0.0051307557
respiratory	6.0460205	7.0850906	-1.4225916	1.5569751
respiratory_infection	4.740565	9.31577	0.17247917	2.171491
respond_well	6.6887307	8.815239	-1.2876723	1.3064253
rest	4.472276	6.7399282	0.21445715	4.279854
restaurant	2.4463022	8.308441	-0.14828329	1.8940879
restful	4.792454	9.1752405	-0.38143644	2.2135565
restless	4.2332826	7.0882783	-0.29359528	1.7405167
restrict_my	2.715614	7.7784977	-1.2214491	1.8638213
restrictive	2.0862525	7.7995768	-1.4292743	2.1479225
restrictive_diet	2.4903421	7.885721	-1.5247372	2.1762865
restrictive_eat	5.9359393	7.0112557	-1.0987984	0.74460596
result_so_far	6.216108	9.7812605	0.043761767	1.3175551
retain_the	5.736221	8.753889	0.74536824	2.3916848
retain_the_ability	5.846567	10.0226345	0.88927585	2.5269485
retain_the_ability_to_burp	5.8907337	10.129697	0.85467845	2.4753838
retch	4.3598437	7.0991974	1.7804437	2.0469658
retch_sound	4.9301887	8.276663	0.6333335	1.5071797
retention	4.03219	6.422636	-0.8655363	2.2005618
retrain	5.563652	6.030131	-0.15391718	3.4385402
retrograde	5.6952662	5.91281	-0.69358176	2.904094
retrograde_cricopharyngeal	6.1627417	7.669886	-1.3388826	0.84546155
retrograde_cricopharyngeal_dysfunction	7.3624663	8.551014	-1.4501911	0.3113421
retrograde_cricopharyngeus_dysfunction	7.368447	8.445936	-1.5148797	0.37525436
retrograde_direction	5.5790515	5.9895763	-0.66171277	2.9626617
retrograde_only	5.8371906	6.0531783	-0.86883265	2.6138635
retrograde_only_neurological_dysfunction	5.7875533	6.854874	-1.108567	1.381688
return_to_work	6.844256	10.486158	-0.90015346	1.6553675
reverse_burp	4.661915	7.0961394	0.9231705	3.5419414
review	8.227119	9.846101	-1.7142689	0.5613919
revision	6.2707343	9.376305	-0.8537287	1.5388165
revolutionary	5.214456	8.245456	-0.27164748	2.0687308
rex	7.0753293	10.549382	-1.0389128	1.513804
reynard	5.7830753	7.7605414	-0.73692286	0.66986316
rheumatoid_arthritis	5.837133	7.5082846	-1.0604872	0.6436019
rhinitis	5.1418786	7.557469	-0.7168043	0.78684914
rib	4.4895544	6.4483423	-0.26362517	3.2028477
rib_cage	4.526049	6.6523585	-0.3552005	3.0195265
rib_flare	5.365962	7.287158	-0.9443211	1.4569523
ribcage	4.6917195	6.715776	-0.44011083	3.047795
rice	1.6192904	8.081417	-0.79150546	2.8455448
rice_cake	2.3491611	8.015362	-1.3357862	2.3220088
rich_food	3.5925748	8.283762	-0.602611	1.9086939
richard	6.774769	9.137679	-1.3536735	1.0351351
ricola	5.232984	8.339232	-1.1274527	2.0536005
rid	5.2629604	7.8632417	-0.3519297	0.40634707
ridicule	6.109747	8.248096	-0.26393393	0.56376404
ridiculous	4.9631033	8.296823	1.5086366	1.1539675
ridiculous_amount	4.045914	7.088673	-0.07343042	1.288147
rifaximin	2.562932	7.7305217	-2.2569401	3.18698
right_above	4.8696084	6.657453	-0.49091506	3.1627443
right_arm	4.8517356	7.268132	0.17513104	4.0718637
right_before_bed	2.343719	8.08137	-0.57589126	2.5386622
right_behind	4.9245305	7.5947576	-0.5701376	3.3935058
right_below	4.6829543	6.7189064	-0.24003074	3.3357596
right_ear	4.816701	7.967701	-0.8267309	2.3348024
right_muscle	5.4952445	7.355498	-0.8550371	3.7647164
right_on_track	5.2153363	9.538793	0.5447859	2.1338048
right_or_left	5.0058765	6.9998717	0.71229994	4.293651
right_side	3.9609828	7.1240826	-0.034246054	4.335966
right_under	4.864899	6.7113667	-0.4710682	3.217587
rigid	5.4357557	7.579843	-1.0857028	3.0537016
ring_around	7.045815	9.636911	-1.3749603	1.2705874
rip_apart	4.470778	6.693308	-0.213486	3.0742028
rip_d	6.2239385	6.5710196	-1.0953519	-0.023425201
rip_jack	6.133372	9.177919	0.050426763	0.75395125
rip_open	4.3057714	7.5369267	0.13620697	2.3276925
rise	4.5421042	6.288242	0.20411415	3.3778646
rise_in_my_throat	3.955605	7.053849	0.47555572	2.5950606
rise_up	4.4546466	6.375579	0.28553954	3.20132
risico	5.2632775	8.4430275	-1.1637745	1.9182222
risk	6.8239207	9.967269	-0.7455593	2.3182614
risk_of_develop	5.9292727	6.488184	-1.2721869	0.751586
risk_of_esophageal	6.014168	6.8864613	-1.3632087	0.91533077
risky	6.9309816	9.697331	-0.965639	1.8954664
ritalin	2.6816297	7.8554263	-1.8977691	3.5003145
riyadh	7.180255	9.510469	-1.5334066	0.87014383
roadblock	5.9144073	8.519126	-0.8225012	1.4653676
roar	4.689385	8.048017	1.5138327	1.8768377
robert_bastian	7.487184	9.3794365	-1.5546638	0.73198146
robert_w_bastian_md	6.277928	8.779211	-1.7655884	1.5204375
robust	5.3040466	9.343808	1.0139664	2.3860083
rochester_ny	6.5699596	9.398744	-0.98537993	1.1739819
rock_back_and_forth	4.8637414	7.1888413	0.36833468	4.218237
roemheld	6.258344	7.187692	-1.213693	0.6697915
roemheld_syndrome	5.7285876	7.5284433	-0.87194186	0.6847823
rolaids	4.3114796	8.148697	-1.1558497	2.3005126
role	5.790852	6.7306123	-0.9527921	2.1278832
roll	4.2025614	6.8702526	0.26116222	4.1760178
roll_my_rs	5.447839	8.099781	0.39333722	1.1487138
roll_over	3.8730843	7.1568255	0.22544119	4.0388956
roller	4.692418	7.1987686	-0.26886514	3.8432047
room_temperature	2.1817296	8.239872	-0.82753235	2.6375873
room_where	5.6490793	8.848484	-1.7128233	3.4313738
rope	4.879305	7.9921575	-0.59609866	2.5637496
rosacea	5.7543483	7.271144	-1.0935037	0.9473725
rotate_my	4.783387	7.227406	0.07088709	4.1753507
rough	4.779815	9.80934	0.60892785	2.7182908
rough_patch	6.0673337	9.728949	-0.029838467	1.4325218
roulette	5.2130322	8.198547	-0.050768416	0.9728207
round_1	7.194404	11.10665	-0.3292143	2.3993993
round_2	7.339795	11.173413	-0.3031051	2.4790447
round_trip	7.7142096	10.804384	-1.999599	2.080832
round_two	7.1202517	10.929108	-0.34499514	2.2264578
routine	5.776018	7.335615	0.32396102	4.1283584
rub	4.706404	6.614212	-0.026741358	3.9374948
rude	5.569878	8.607597	1.1258051	0.83994573
ruin	2.9100404	8.194635	0.0911728	1.5893028
ruin_by	4.8118405	8.285463	0.040991873	0.6496624
ruin_my	4.8178444	8.045346	0.12913056	0.34211862
ruin_my_life	4.989453	8.09625	0.076711796	0.25946876
ruin_so_many	4.998952	8.489764	-0.18116605	0.97029376
rule_out	7.975633	8.565651	-1.9843953	0.39408913
rule_out_anything	6.511626	8.042649	-1.6039189	0.82563865
rule_out_other	7.883884	8.631284	-2.0139241	0.54275006
rule_out_r_cpd	6.0674343	7.86446	-0.91251415	0.8938193
rum	1.9087782	8.45895	-0.77179796	2.1302483
rumble	4.2062197	7.7617035	1.6188172	1.9629163
run_around	4.534707	8.589707	-0.34331697	1.6529564
run_down	4.4010696	8.123054	-0.23135945	2.9597409
run_in_family	5.7039	7.915919	-0.25012532	0.5267354
run_in_my_family	5.480215	7.636157	-0.7054962	0.4399857
run_joke	4.9937677	8.153122	1.1133093	0.8961653
run_to_the_bathroom	4.3584447	7.216955	1.6361488	2.119991
run_to_the_toilet	4.439438	7.4863434	1.1957511	1.8970393
runny_nose	3.9063373	6.822895	0.06412091	1.5293847
rush_to_the_bathroom	4.284438	7.5427985	0.5787098	2.1557214
russia	5.4090977	8.632704	-2.2045176	2.2286074
rx	2.550214	7.725006	-2.2041297	3.088993
sa	5.3623457	8.737331	-3.0011349	2.47827
saber	5.450313	8.365094	-1.6987075	2.0137324
safe_bet	4.784488	8.816362	-0.24400437	2.0992408
sag	5.170596	6.926778	-0.7306148	2.8729064
sake	6.6130047	9.713014	0.099592306	0.65241164
saline	7.3413434	10.2979	-1.4075985	2.7765
saliva	3.3409731	7.441747	0.3266156	3.068631
saliva_mucus	3.5104778	7.765565	-0.33466592	2.8282454
salivate	3.6325982	7.243493	0.5589598	1.8091227
salivate_a_lot	4.3035364	7.6038446	0.5827956	1.6292228
salivation	3.9301193	7.0039907	0.05536184	1.7856555
salt	2.0101883	7.810491	-1.4576168	2.3462918
salt_lake_city	7.0884647	9.792078	-1.4660575	1.1078457
salty	2.6109228	8.105972	-0.8991783	2.2444296
salty_food	2.209361	8.136401	-1.0902146	2.2047136
salvia	3.8931558	7.433009	0.26646024	2.6142528
same_day	7.155398	10.849692	-1.4094418	1.9411502
same_experience	5.7777715	9.14249	0.02424593	0.84101367
same_problem	5.6310396	8.615292	-0.27585945	0.42574337
same_situation	6.2986364	9.26102	-0.17651859	0.35241115
same_time	5.123323	8.6663475	-0.4117528	1.9306163
sample	7.756023	8.716973	-1.4801222	0.17815869
sample_size	7.0620413	9.942181	-0.9301902	2.124397
sampling	6.8802857	8.54051	-1.2247491	0.73968035
san_diego	7.5682874	9.748595	-1.6067208	0.78081083
san_leandro	7.783358	10.338418	-1.7212131	1.1721592
sandwich	1.7190906	8.154672	-0.68693674	2.9759321
sanity	6.228061	9.345161	0.0029547985	0.751628
sarah	6.514793	8.840924	-1.3056154	1.0877055
sarcasm	5.3746934	8.445311	0.13689116	0.95202273
satan	4.8314576	8.153892	1.0629183	1.919114
satisfaction	4.9257	8.578284	0.56233543	1.6611528
satisfy	4.8998375	8.449101	1.6353058	2.7312257
satisfy_burp	4.9419637	8.540943	1.2593737	2.4558835
sauce	1.6832865	8.022181	-0.9647044	2.6031578
sauna	5.3865366	8.402248	-1.0409379	1.8462306
savant	5.3824096	8.620629	-2.3786972	2.336525
save_my_life	6.3449893	9.913352	0.08404712	0.9737061
saw_doctor	8.023535	10.424663	-1.7055082	1.0720271
saw_doctor_villari	6.4045153	9.468467	-0.72875357	1.0404298
say_excuse	4.9373736	8.048199	1.3548566	2.5839267
say_nope	4.8942513	7.6297283	0.9866997	2.398567
sc	7.4943676	9.893803	-1.6353761	1.0134846
scam	7.383211	9.175434	-1.468797	0.6952611
scan	7.9135947	8.3145685	-2.639191	1.0552969
scare	4.5526733	7.294332	1.5247843	0.7398902
scared	4.5441513	7.2888327	1.5454379	0.7504284
scared_of_vomit	4.9208665	7.678504	0.8849939	0.87766206
scary	4.445802	7.382051	1.51368	0.8810879
scary_at_first	5.4650855	9.392126	0.47832707	1.5345647
scary_part	5.253845	8.793791	-0.8031584	2.2030604
schatzki_ring	6.254713	7.464034	-1.2853639	0.9468123
schedule_for_april	7.21684	10.826775	-0.9293625	1.4223824
schedule_for_august	7.062271	10.738855	-0.7368037	1.4402782
schedule_for_june	7.160136	10.656142	-1.0110911	1.4664057
schi	7.047967	9.946138	-1.3725708	1.1944653
science_behind	6.4420395	9.255618	-0.3641531	0.7620054
scientific	7.698324	8.73873	-1.3679281	0.14086229
scientific_argument	7.4262695	8.584034	-1.3577965	0.31174964
scientific_evidence	7.298713	8.548928	-1.3775808	0.42616925
scientific_paper	7.2389765	8.985769	-1.2928804	0.46613717
scientific_prove	6.1528134	8.216474	-0.67443126	0.9072151
scientist	7.5153356	8.609062	-1.3214086	0.23444398
scleroderma	5.979433	7.268109	-1.1554201	1.0286415
scope	7.927946	8.566937	-2.6165142	1.3725735
scope_down	5.9220395	8.287873	-1.6144327	3.8702567
scope_down_my_nose	7.81857	8.60919	-2.5450578	1.4578892
scope_through	5.9776525	8.304455	-1.6656808	3.800649
score	4.935982	8.48759	-0.9595026	1.8428744
scotland	8.306873	10.318907	-2.0580199	1.2138528
scottish	6.932932	8.886932	-1.3699983	0.8489757
scramble_egg	1.7250968	8.19296	-0.70339	3.0187688
scratch	4.123495	9.10754	0.2882577	3.1279483
scratch_throat	4.2672286	9.20353	0.23559007	2.8434417
scream	4.490464	7.544752	1.6993192	1.970054
screech	5.271664	8.632009	-0.2755913	1.6817963
scrunch	4.6205883	6.717683	-0.2552	3.1057909
scuba	5.1974497	8.324849	-1.0411849	2.1993866
scuba_dive	5.193595	8.461133	-0.17166694	1.4512411
seafood	5.083509	8.437374	-0.96408516	1.7749925
search_on_here	6.0478835	7.6810584	0.42649442	3.5490122
search_this_sub	7.2319994	9.160294	-0.6856411	0.30429706
seasonal	5.187395	7.8417544	-1.2349865	1.9936899
seat	3.912981	6.999125	0.25260642	4.2228065
second_appointment	7.8249283	10.680531	-1.8980871	1.9434243
second_attempt	7.1869774	10.963686	-0.4869495	2.2977912
second_botox_shot	6.474417	9.820031	-0.77377886	1.6260185
second_dose	7.322525	11.1796055	-0.32670036	2.499757
second_injection	7.3618855	11.173725	-0.33864412	2.514567
second_jab	5.863398	10.126391	0.6015704	2.3085177
second_one	7.3036704	11.198706	-0.33824	2.4897215
second_opinion	6.6947846	9.443952	-0.68937546	0.8250621
second_pregnancy	4.6584845	7.6358447	0.7299138	0.58072853
second_procedure	7.332438	11.169818	-0.3249363	2.4845152
second_round	7.3170094	11.18574	-0.3220546	2.4805121
second_shot	7.3450427	11.176928	-0.31937882	2.4995244
second_time	7.320271	11.195552	-0.34113693	2.505534
second_time_around	7.0883417	10.960008	-0.29504362	2.31108
second_treatment	7.253785	11.012405	-0.35120982	2.4197392
second_week	5.1868677	9.784355	0.8684363	2.5307539
secondary	5.8941207	6.7553544	-1.246786	0.70146465
section	7.6105037	9.231084	-1.1647136	0.15096879
sedate	7.5979137	10.718652	-1.6171209	2.638229
sedation	7.596167	10.7110815	-1.6223118	2.6352692
see_doctor_hicklin	6.9610844	10.440681	-0.7506064	1.3409457
see_doctor_schindler	7.0808387	9.931054	-1.3739865	1.144571
see_doctor_spiegel	7.142466	10.295889	-1.1756188	1.2212033
see_he	8.195601	10.696744	-1.7271672	1.2065839
see_her	8.163232	10.6917095	-1.684874	1.1734508
see_result	6.074498	10.119299	0.7379526	2.1604128
seed	2.039918	7.9554057	-1.3117678	2.3016243
seek	8.115259	9.194159	-1.749948	0.37986323
seek_help	7.4869018	8.839216	-1.2862633	0.35296836
seek_out	8.129068	9.168938	-1.7516083	0.3631248
seek_treatment	7.942653	9.143338	-1.5567355	0.36150584
seem_to_be_able	4.8641143	7.7086887	1.1114461	2.5759435
seem_to_fit	6.129592	7.7027473	-1.1202743	0.638781
seem_to_get_worse	4.842139	7.2179894	-0.39534473	0.14719975
seem_to_help	2.283253	7.653467	-1.8556252	2.7560554
seem_to_trigger	2.1040926	8.083045	-1.0802474	2.2268355
seem_to_vary	5.2219377	9.299256	0.017890701	1.8403391
seem_to_worsen	5.0414443	7.111433	-0.5079412	0.16267549
seep	4.7982483	8.595402	0.49738252	2.398932
segment	5.7860355	8.756782	-1.0231153	1.5561297
seize	5.436071	6.187673	-0.58549505	3.1218667
seldom	5.589019	8.408673	0.3704077	0.9775419
self_advocate	6.5819707	9.21633	-0.7677719	1.0164198
self_confidence	5.4986286	7.9389935	-0.4782964	0.77924794
self_conscious	3.7482247	7.641537	0.80338293	1.4442371
self_conscious_about	4.1597366	7.9752517	0.66879314	1.6016697
self_cure	5.9191966	7.8921404	0.84068644	3.4275966
self_cure_method	6.0348554	7.6490374	0.33055606	3.5581446
self_diagnose	7.978326	8.634046	-1.7118217	0.18073116
self_diagnose_myself	6.255535	8.766505	-0.5696133	0.26167434
self_esteem	5.337475	7.6504374	-0.5349503	0.727778
self_massage	5.197616	7.2357883	-0.40416366	3.6157124
self_pay	8.261183	10.6861	-2.1536558	1.8011376
self_refer	8.06856	9.331366	-1.89625	0.50225204
self_teach	6.025803	8.007632	0.6963564	3.2752397
self_train	6.538275	8.962681	-0.34563243	0.75481004
selfish	6.2535434	9.402028	-0.37960216	1.0213453
seltzer	1.4879317	8.445076	-0.30849022	2.0269017
semaglutide	5.228797	8.275703	-0.6373829	0.86926204
semester	4.70286	8.743275	-0.8462829	1.8550807
sen	5.388135	8.688646	-2.4921157	2.345421
send_a_referral	7.58437	9.653059	-1.780239	0.87354034
send_he	7.816869	9.359954	-1.3837451	0.20881271
send_them	8.201315	9.6484785	-1.7155156	0.4353569
sensation	4.204793	6.9452705	0.69646394	3.2514427
sensation_in_my_throat	3.8540218	7.0998745	0.2644397	2.7054133
sensitive	3.3837302	7.311342	-0.1291624	1.9741539
sensitive_enough	5.5325575	9.130203	-0.13890322	1.7140231
sensitive_gag_reflex	4.691551	7.705695	0.60738057	1.3738428
sensitive_stomach	4.7491264	7.9727545	0.18130097	1.027847
sensitivity	5.4961524	6.5199656	-1.3139784	0.7541368
sensitivity_to_botox	6.1216645	9.278938	-0.5929043	1.7637713
sensory_issue	5.6749372	8.375835	-0.53081155	1.3292546
sentence_without	3.834627	8.242986	0.14614622	2.9080162
separate_issue	6.060849	7.248682	-1.1203682	0.9227439
septoplasty	5.9745655	7.2147336	-1.5125608	1.0010519
serious_life_change	5.5504165	8.932209	-0.30903456	1.0225688
serotonin	5.76609	7.27207	-1.2256066	1.3643769
service	8.324558	10.358272	-2.1439464	1.3733579
set_of_symptom	5.8393173	7.9667196	-0.94165194	0.82808924
set_off	3.8028684	7.189391	0.25606796	1.8804911
several_doctor	7.745551	9.22474	-1.8941879	0.62589353
several_hour	2.3302326	8.137368	-0.18740536	2.5284238
several_other	7.5096645	9.211726	-1.55546	0.609398
several_time	4.256513	8.201679	1.4548148	1.2293571
several_year_ago	7.015806	8.648848	-1.885164	1.0820353
severe	4.1600327	6.545156	-0.020678343	0.7935688
severe_anxiety	4.847029	7.0414944	0.06489412	0.59292555
severe_bloat	3.8478189	6.5449967	0.21051297	1.1138827
severe_case	5.8835044	7.1658764	-0.5043613	0.16968705
severe_constipation	4.5911074	6.861986	-0.48280117	0.8561546
severe_emetophobia	4.741662	7.252295	1.2242471	0.49873555
severe_end	5.3043256	8.236316	-0.46994177	0.70766646
severe_gerd	5.7252746	6.700431	-1.2808502	0.70303226
severe_heartburn	4.450753	7.7238564	-0.22702572	1.4032581
severe_impact	5.064961	7.901921	-0.10174546	0.24354123
severe_nausea	4.048125	7.2297044	-0.02038185	1.2934892
severe_pain	3.953005	6.716792	0.057511814	1.1644317
severe_reflux	5.933339	6.7406645	-1.5232863	0.609171
severe_regurgitation	4.840539	9.517517	0.2711956	2.2739024
severe_side_effect	6.6891775	9.979324	-0.64725083	2.0754132
severe_underweight	4.056948	7.7760077	-0.032917634	1.156657
severity	5.203036	6.7186103	-0.6092261	0.31194836
sex_life	5.2445164	8.2176075	-0.40571412	0.5419321
shadow	6.6456122	9.322399	-0.46588573	0.6324969
shake	1.9233783	7.9627647	-0.6447605	2.7721763
shake_my_head	4.940629	7.251295	0.35184482	4.0089993
shake_up	4.3167896	8.309463	0.056196693	2.0904155
shaker	5.894825	7.3585567	0.54748774	4.169374
shaker_exercise	5.8865275	7.373542	0.53716326	4.1411743
shaker_exercise_and_larynx_lower	5.8450546	7.3824267	0.43972513	4.0561967
shaker_exercise_cricoid_massage	5.8795567	7.3962264	0.39687258	4.0697026
shaker_exercise_help	5.82359	7.3841357	0.3340748	4.0192304
shaker_exercise_search	6.0136423	7.526465	0.42662537	3.8805249
shaker_larynx_lower	5.877806	7.4021583	0.41350585	4.0474215
shaker_method	5.921628	7.7017136	0.3608013	3.3948002
shaky	3.6856956	7.578734	0.3774611	2.137737
shallow_breath	3.1620724	7.7007875	-1.2827487	3.6264694
shame	5.833423	8.546309	0.36161932	0.6681426
shape	4.6817555	6.138678	-0.35232246	3.1694877
shape_my_life	5.228727	8.222708	-0.06739678	0.20262618
share_their	6.787707	9.330557	-0.19030172	0.31966996
share_your_story	6.7596817	9.6276655	0.17134319	0.3536478
sharma	7.648242	9.739009	-1.7307087	0.81324065
sharp	4.3279467	6.439618	-0.09000292	3.127329
sharp_pain	4.2582555	6.533478	-0.13587447	2.7449858
she_ask	6.070773	8.330161	-1.7132239	3.7389448
she_inject	5.982121	8.524053	-1.4185574	3.6727982
she_put	5.8776174	8.318302	-1.5737932	3.8137443
she_refer	8.204976	9.401232	-2.0237298	0.56745464
she_send	7.767715	8.96911	-2.1721435	0.894576
she_suggest	6.1220536	8.608961	-1.2959763	1.4956464
sheer	5.2905984	7.623278	0.15373684	1.0275651
sheet	7.173187	9.431917	-1.4822465	0.8119335
shepherd	5.1284757	8.6503315	-1.2127552	2.0385735
shift_my_head	4.90358	7.140813	0.46662596	4.173377
shirley_oak	7.864535	10.683015	-1.6818413	1.4055588
shit	5.1391163	8.458197	1.4053545	0.96980923
shit_suck	6.3260922	9.397529	0.20932108	0.6533163
shit_ton	3.2834074	8.222629	-0.67291415	2.0563996
shiver	3.8508441	8.042186	0.19681592	2.2159228
shock	5.404437	8.648351	1.397644	0.87351483
shock_by	5.5579624	8.517021	0.19416718	0.752846
shoe	4.7735744	7.5539293	-0.4980417	3.6447031
shoot_pain	4.43477	6.8268547	-0.3824252	2.8887668
shoot_up	4.3806987	7.5024743	-0.026620086	2.4372292
short_answer	5.5187616	8.691086	-0.531065	1.1960204
short_flight	5.0345182	8.734538	-0.35300073	1.9430583
short_live	5.1171026	9.367062	0.16192085	1.9357669
short_of_breath	3.7367644	7.0077443	0.3512786	1.8076944
short_while	3.2950888	8.607755	-0.31803572	2.5239775
shortly_after_eat	3.2744062	8.096543	-0.5247255	2.0871506
shortness_of_breath	3.9256332	6.4714518	0.12641358	1.1404082
shortness_of_breath_and_heart_palpitation	4.139586	7.378719	-0.1663871	1.0738629
shortness_of_breath_be	4.9203515	7.2085958	-0.5949331	0.8125391
shortness_of_breath_etc	4.02655	6.9010487	-0.07175482	1.3283727
shortness_of_breath_i	4.3699794	7.2431836	-0.35260227	1.475935
shot_of_vodka	2.2362087	8.445926	-0.8033215	2.1529765
shotgun	3.4439344	8.384523	-0.7114005	2.0889318
should_subside	5.275761	9.597474	0.48539665	2.2466924
shoulder	4.781491	6.4134865	0.09728683	4.0005555
shoulder_blade	4.5344076	6.782846	-0.4140044	3.0563824
shove	4.4683685	6.9526043	0.96735346	3.3649921
shove_my_finger	4.457378	7.141989	1.6846766	2.3188188
shovel	2.593869	8.239982	-0.54050124	2.492525
show	7.953447	8.342829	-2.6003592	0.967414
show_anything	7.958152	8.514733	-2.5122557	0.96635693
show_he	7.9941454	9.253393	-1.5335081	0.167822
show_nothing	7.8278694	8.331911	-2.5615766	1.0594594
show_r_cpd	7.4535146	8.487798	-2.0947034	0.8719777
show_them_doctor_bastian	7.765513	9.240298	-1.5393413	0.3244759
shrink	4.439982	6.829114	-0.2777123	2.7532794
shudder	4.7725186	8.052987	-0.6301532	2.5724013
shut_down	5.7720437	7.0224304	-0.5969127	1.1214365
sibo	5.8252907	6.3076425	-1.3624175	0.2785495
sibo_and_h_pylori	5.83002	8.11089	-0.7917052	0.8490582
sibo_h_pylori	6.057163	6.8745513	-1.7463299	0.6866249
sibo_test	7.612001	8.484625	-2.330391	0.99099994
sick	3.5654826	7.27975	1.1114081	1.4065931
sick_and_tired	5.1369843	8.639212	0.038672067	0.78105927
sick_to_my_stomach	3.6341305	7.548716	0.5144382	1.6001073
sick_with_a_cold	3.7455113	7.4031615	0.19048725	1.9767017
sickness	3.9868286	6.5852127	0.28475395	0.9922815
side_affect	6.518962	9.999962	-0.48449612	1.9411954
side_effect	6.188601	10.064814	-0.040828582	2.3395422
side_shaker	5.850701	7.4141603	0.33207548	4.026
side_stitch	4.206627	7.604696	-0.0063200025	1.3788471
side_to_side	4.8942947	6.894161	0.69869494	4.3054852
sideways	4.8958964	6.944776	0.53946185	4.30961
sideways_shaker	5.8525767	7.394781	0.34099653	4.0087414
sigmoid_colon	5.9022064	8.182728	-1.3519311	1.3248745
sign_off	6.6996655	9.294823	-1.0269971	1.1135343
significance	6.863083	8.404028	-1.335743	0.76188844
significant	4.1336474	6.8159413	-0.19527665	0.9049237
significant_cheap	7.7092004	10.5896435	-1.8278435	2.1831374
significant_improve	4.9354515	8.24405	-0.17284542	0.44987208
significant_increase	5.756528	8.452619	-1.0478976	1.5178623
significant_progress	5.5325565	9.493835	0.5483748	1.8065138
significant_worse	4.210681	7.1344976	-0.08997992	0.6479428
sil	5.3818984	8.582794	-2.0831432	2.1733923
silent	4.690442	8.151584	1.7583542	2.4159489
silent_fart	5.4022474	8.830358	-0.2825901	1.5072556
silent_hiccup	4.792256	8.189271	0.96156305	2.3302896
silent_migraine	4.5707846	7.0120287	-0.21213083	0.5919407
silent_one	4.7710066	8.430373	1.2968068	2.3305936
silent_reflux	5.590249	6.2044883	-1.2699995	0.40568483
silly	5.5568743	8.549587	1.1507734	0.82179004
simethicone	2.3026333	7.6209517	-2.1088474	2.8535264
similar_condition	6.0925364	7.7486463	-1.0064801	0.79321367
similar_experience	6.904452	9.524911	0.19054428	0.24515662
similar_issue	6.225399	7.1690435	-0.9333247	0.30342388
similar_situation	6.811375	9.44165	-0.0523625	0.30523142
similar_story	6.7398186	9.268282	-0.1809905	0.25057864
similar_to_mine	6.4229646	9.057879	-0.052449	0.09325035
similarity	6.293569	8.575297	-0.25465947	0.46375132
simultaneous	4.82478	6.83753	0.3576364	3.581718
since_august	5.279669	8.599357	-0.604268	0.84312016
since_birth	5.2698135	7.5903745	0.35348654	-0.20238005
since_childhood	5.294114	7.4219017	0.040462848	-0.04017133
since_forever	5.3419094	8.343189	0.0045190887	0.31649485
since_infancy	5.3740416	7.5174613	0.1270123	-0.14908467
since_then	4.5832505	8.152249	1.0951383	0.60312283
sing	4.025513	8.481701	0.2747309	2.958244
sing_voice	5.0195255	9.315027	0.08285791	2.1935062
single_bite	2.296163	8.083219	-0.5085131	3.0956304
single_hiccup	4.348103	7.9287477	1.3330201	1.8820423
single_person	6.2637773	8.754696	-0.24948332	0.50142765
single_time	4.8819013	7.8416495	0.7196439	0.4669152
singular	4.615035	8.006142	0.6180378	2.1032548
sinus	4.564042	6.725264	-0.5142252	2.5084233
sinus_drainage	4.2316103	7.2148685	-0.112246804	1.9171389
sinus_infection	5.1401105	7.6827583	-0.75257397	1.0606728
sinus_issue	4.8268323	7.134472	-0.65344065	1.0399203
sinus_pressure	4.316648	7.2713075	-0.23892297	1.662164
sip	1.778759	8.14493	-0.43347818	3.0986035
sip_after_each	2.074149	8.100601	-0.7775899	3.3418224
sip_of_liquid	2.024264	8.098483	-0.7506412	3.366735
sip_of_water	1.8429517	8.089425	-0.4757229	3.2339525
sip_of_water_after_every	2.0370498	8.099078	-0.7476316	3.3782735
sip_water	1.8977748	8.095118	-0.44782782	3.1711318
sip_water_after_every	2.052734	8.233044	-0.46561104	3.1220462
sister	5.442021	7.7895474	0.32783255	-0.014809577
sister_both	5.413941	7.7307234	0.28065133	-0.13470699
sit	3.9301267	6.9812684	0.27291745	4.238644
sit_around	3.3930764	8.283132	-0.5003859	2.0070236
sit_down	3.9686458	6.974565	0.27039602	4.2482247
sit_in_my_chest	4.638052	7.3824835	-0.3119626	2.838041
sit_in_my_throat	3.8974612	7.2732162	0.2736381	2.7992642
sit_on_the_couch	3.7844975	8.12809	0.11615213	1.8029348
sit_or_stand	4.6571403	7.197177	0.06816573	4.1428647
sit_right	4.569291	7.684375	0.20695011	2.093283
sit_stand	4.7448134	7.2044225	0.126244	4.1668873
sit_straight	4.714064	7.1738725	0.3177073	4.177125
sit_there	3.954071	6.830248	0.41761997	3.3673062
sit_up	4.016867	6.976077	0.25800258	4.277847
sit_up_in_bed	3.751577	8.120036	0.0541308	2.343279
sit_up_straight	4.783266	6.8542604	0.54240894	4.2482886
sit_upright	4.019759	7.0689573	0.12803729	4.185322
situation	5.9284277	6.6500096	-0.6157249	0.12768218
six	5.2400274	9.706983	0.4765926	2.078119
six_day	6.308417	9.884636	-0.38948604	1.566859
six_month_pregnant	3.942263	7.87676	-0.17583501	1.438867
six_pack	4.9639473	8.338058	-1.2990844	2.047895
six_year	5.122349	8.050845	-0.11441582	0.10292527
sjogren	5.8895097	6.9734488	-1.1780812	0.7254649
skeptical	7.2030444	8.860306	-1.3577722	0.9014882
skinny	4.6697927	7.656242	-0.113347866	0.14712365
skinny_guy	4.647069	7.969243	0.18467727	1.6252425
skip_breakfast	3.4844468	8.13696	-0.07344044	1.9797965
skip_dinner	2.8762672	8.348607	-0.32469997	2.1514292
skip_meal	3.2108886	8.162318	-0.65607953	2.0353575
skirt	4.350407	7.5431023	-0.36139143	2.225627
sky	5.803928	8.575923	-1.1751993	1.6162958
slam	4.3683715	7.4988937	-0.03909437	3.7709641
slap	6.1057053	7.0671763	-1.6705236	0.73824984
sleep_apnea	5.858854	6.43496	-1.4386623	0.5122964
sleep_at_night	3.670997	7.9707355	-0.08672271	2.5981278
sleep_elevate	2.8780363	7.5039062	-0.34431046	3.8967566
sleep_last_night	3.9277635	8.292361	-0.020346532	2.2001143
sleep_on_a_incline	2.85195	7.5118394	-0.33394432	3.8876262
sleep_on_a_wedge	2.992526	7.438188	-0.3081138	3.9659874
sleep_on_my_stomach	4.5878525	8.109156	-0.51833373	2.0768008
sleep_position	4.834768	8.242547	-0.7774249	1.6319354
sleep_prop_up	2.9116051	7.488598	-0.31071126	3.9014719
sleep_quality	4.7159123	7.0930324	-0.7226755	1.2040606
sleepy	4.127568	9.506951	0.11704279	2.8939314
slight_burn	4.2750683	7.239254	-0.049131796	2.2729535
slight_difficulty	4.082746	8.437705	-0.17667502	2.6922479
slight_discomfort	4.1389503	8.94471	0.17822613	3.0628777
slight_lump	4.15407	8.970566	0.22351079	3.028236
slight_pain	4.2253127	8.931084	0.12521614	2.869471
slight_regurgitation	4.8016534	9.552806	0.33429074	2.433069
slight_slow_swallow	4.9563556	9.643627	0.50972897	2.401938
slight_sore_throat	4.4406533	9.577337	0.28052458	2.816655
slightly_better	4.693172	8.939779	0.37307394	2.212807
slightly_different	6.119068	8.197853	-0.4231177	0.4956698
slightly_forward	4.9257956	7.140322	0.17957978	4.1147313
slightly_high	7.083467	10.091173	-0.8995221	2.2561364
slightly_lower_success_rate	6.7102003	9.60941	-0.9228752	1.7177426
slightly_nauseous	3.5804281	7.70323	0.51379806	1.619463
slightly_overweight	5.1098495	8.090102	-0.13996348	0.36350858
slightly_sore	4.1352167	9.009067	0.22367616	3.0978549
slightly_sore_throat	4.328645	9.516516	0.21029684	2.8490376
slightly_worse	4.2361865	7.2532964	-0.20172858	1.062813
slim	4.831888	7.7780533	-0.17536741	0.20514393
slime	4.0518694	8.142554	0.20374279	2.8409252
slip_out	4.786167	8.368469	1.7279909	2.722656
slouch	4.212647	6.940128	0.29100344	4.274842
slow_and_gentle	4.8740387	6.9755573	0.07745941	3.9037764
slow_but_surely	5.4186974	9.391831	1.0296924	2.5415273
slow_digestion	5.4591794	6.856575	-1.0591637	1.2601397
slow_eater	2.7904139	8.339584	-0.821836	2.2535858
slow_get_better	5.027909	9.761361	0.72330695	2.5422602
slow_motility	5.89331	6.7322783	-1.5122763	0.9262957
slow_move	4.625695	7.4607253	-0.42328602	2.814817
slow_progress	5.4120293	9.633449	0.6980558	2.2252305
slow_release	4.2790947	6.59854	0.4628011	2.7611506
slow_sip	2.1688778	8.104727	-0.5878439	2.5514612
slow_starter	6.077249	9.810909	0.4992861	1.363971
slow_swallow	4.802252	9.720965	0.5837604	2.6782863
slow_swallow_begin	4.7971783	9.6832695	0.5609666	2.6216838
slow_swallow_etc	5.086848	9.50661	0.32795307	2.0727978
slow_swallow_kick	4.767778	9.670403	0.54551023	2.6264946
slow_swallow_last	5.1576433	9.908685	0.6747966	2.5236564
slow_swallow_regurgitation	5.049112	9.379891	0.048864804	2.0234776
slow_swallow_side_effect	6.5545907	10.208562	-0.4093929	1.9649402
slow_swallow_start	4.7191525	9.7816	0.5385153	2.7284648
slow_swallow_which	4.738545	9.696176	0.5639985	2.673418
slump	4.4995365	7.2771807	-0.055383693	3.916111
slurp	1.8800902	8.218794	-0.7812226	2.241006
sm	6.1103954	9.292931	0.21447124	0.848726
small	4.890042	8.707005	1.7867771	2.8040771
small_amount	3.3382802	7.28645	0.33216226	2.9947603
small_and_quiet	4.891152	8.641091	1.6870816	2.715711
small_bite	1.8667679	8.084374	-0.45533878	3.202663
small_bite_chew	2.6802638	8.290501	-0.85223126	2.6033847
small_bowel	5.8887672	6.8909297	-1.5929594	1.501319
small_bubble	4.650238	6.73509	0.23971286	3.3999174
small_burp	4.9602084	8.77683	1.8526621	2.916063
small_camera	5.845304	8.286301	-1.5597717	3.7980657
small_dose	7.317338	10.53129	-0.82386494	2.4155824
small_group	6.606628	8.581129	-0.85801405	0.8209916
small_hiatal_hernia	5.4375362	7.5788274	-0.7943701	0.6456121
small_intestine	4.5324955	6.0720696	-0.7177738	2.5690198
small_intestine_bacterial_overgrowth	5.8549743	6.822923	-1.5981201	0.9015762
small_meal	2.015547	8.096566	-0.5425617	2.5794914
small_micro	5.0543776	8.853851	1.4648862	2.6588526
small_mouthful	1.9865288	8.10565	-0.6838851	3.3144946
small_one	4.957633	8.788465	1.8401076	2.896767
small_pill	2.429077	8.069108	-0.55928284	3.0331838
small_portion	1.9453478	8.083806	-0.74357146	2.6786687
small_silent	5.0568733	8.325116	0.878543	2.362738
small_sip	2.022852	8.102287	-0.74758756	3.354284
small_sip_of_water	2.0498247	8.0991745	-0.7564374	3.36618
small_snack	2.3225203	8.17846	-0.45977744	2.2760632
smell	4.4984922	7.9640765	1.7308798	1.7445989
smell_bad	4.5508246	7.9106765	0.66012913	1.3220718
smell_fart	4.67154	7.926677	0.7291279	1.4459751
smell_taste	4.811001	7.911031	0.76577854	1.500258
smile	5.0108895	8.340269	1.610257	1.2439013
smoke	1.9357293	7.9053736	-0.691029	2.2155852
smoke_cigarette	4.703798	7.677319	-0.87045074	0.995416
smoke_salmon	2.5177324	8.2835865	-0.819333	2.592698
smooth_muscle	5.5771794	6.3256145	-0.75338197	2.6767802
smooth_recovery	6.57574	9.819609	0.47491807	0.64817613
smoothie	1.6609491	8.126259	-0.63487506	3.0601401
snack	1.9557694	8.065098	-0.2918763	2.5808125
snake	4.998174	7.624835	-0.67488784	3.5496058
sneak_off	4.0093665	8.122621	0.3467461	2.122075
sneeze	4.4890857	7.662011	1.4596856	2.9476874
sneeze_cough	4.2016215	8.116801	0.9333446	2.2440095
sneeze_or_cough	4.365626	8.191347	1.1902627	2.2874067
sniff_and_swallow	5.799375	8.187119	-1.4026952	3.7467601
sniffle	3.819874	7.110126	0.19814649	2.1204402
snorkeling	3.903303	7.8495765	-0.09293876	1.7623675
snorkelling	4.88645	8.335685	-0.42965102	1.6863334
snort	3.7714016	7.293133	0.2737168	2.1204975
snot	5.1714606	8.352285	-1.0156586	3.1323993
so_annoy	3.668402	7.5225973	0.73266125	1.503899
so_annoyed	5.8794265	9.386563	0.20488653	1.1021554
so_bad	3.5488605	7.0832014	0.62488306	1.1910712
so_confuse	5.993999	9.026774	0.14174262	0.7484455
so_cool	6.2466097	9.457972	0.44875336	0.5175631
so_debilitate	4.886475	8.072346	0.1827671	0.42349648
so_desperate	6.331426	9.640969	0.17638056	0.74218076
so_disappoint	6.327819	9.762315	0.3030232	0.79994965
so_discourage	6.167426	9.538874	0.5405905	0.7613264
so_embarrass	4.8531895	8.2409115	1.6705002	1.2999266
so_excite	6.7301702	10.132351	0.7090697	0.47672325
so_foreign	5.003656	8.314506	0.46519962	1.8306022
so_frustrate	5.8080444	9.067566	0.8979019	0.6073775
so_funny	5.210912	8.511591	1.4264662	1.0512458
so_glad	6.5369196	9.671655	0.7399807	0.22365008
so_grateful	6.3950253	9.558437	0.5709538	0.24677065
so_gross	4.4719353	7.9530916	1.196589	1.9750665
so_happy	6.5717444	9.82047	0.7641082	0.31205302
so_hard	4.374577	7.189893	1.6534785	2.174396
so_hopeful	6.513895	9.904094	0.13922507	0.8593632
so_hopeless	4.075207	7.8785653	0.46591687	1.7279165
so_long	5.845521	8.914683	0.85218304	0.28390825
so_loud	4.5820484	8.050674	1.7033585	1.6734273
so_lucky	6.2611556	9.296663	0.35652992	0.3237498
so_miserable	3.4756238	7.5853553	0.6609462	1.3475823
so_much_better	6.1501102	10.316543	0.5410123	1.2083794
so_nervous	7.027089	10.73865	-0.89819735	1.5030679
so_nice	6.5160513	9.798737	0.6074038	0.39807808
so_overwhelm	6.1556993	9.2539625	0.12156361	0.8582262
so_proud	5.86626	9.179642	0.34277442	0.5639752
so_reassure	6.2692084	9.3766	0.41635764	0.4767894
so_refresh	6.2211585	9.174829	0.17314744	0.36805034
so_relatable	5.04585	8.517694	0.14136846	0.9964232
so_relieve	6.375445	9.462888	0.7549578	0.19917184
so_sad	6.0259852	9.190912	0.32388917	0.6486075
so_satisfy	4.840853	8.314815	1.3379729	2.1173065
so_scared	4.5450397	7.295584	1.5127372	0.7559352
so_sorry	6.361703	9.527987	0.7621176	0.32913113
so_sweet	6.644806	9.842355	-0.96684873	1.2460041
so_thankful	6.4388003	9.529784	0.6558849	0.19031684
so_thrill	6.426431	9.793384	0.061216507	0.8557375
so_tight	4.8249726	6.2888284	-0.062044088	3.3252552
so_tired	3.5326722	7.5622354	0.68952	1.3332833
so_uncomfortable	3.3922622	7.3812947	0.7706544	1.516211
so_validate	6.1987877	9.221966	0.3494801	0.25185084
so_weird	5.100604	8.452548	1.5737023	1.1795768
so_your_mileage	6.521401	9.733637	-0.84587693	1.7067573
soak	2.679864	8.259975	-1.0289421	2.586206
soap	5.143652	8.477046	-1.1149814	2.1039612
soar_throat	4.367049	9.410373	0.09060971	2.7505994
sober	1.998188	8.316473	-0.20693612	1.9043701
social_acceptable	5.020846	7.9971232	0.798939	1.5960953
social_anxiety	4.936851	6.9967723	-0.125773	0.32681727
social_event	2.7700949	8.267591	0.0081566395	1.7510043
social_gather	3.259502	8.304304	-0.059119515	1.704803
social_life	4.7631884	7.342078	0.022230288	0.26921138
social_media	7.2554183	9.192955	-0.6089965	-0.057345927
social_occasion	3.1524158	8.272829	-0.265289	1.6949836
social_setting	3.4158921	7.6865053	0.4288469	1.7848413
social_situation	3.2000592	7.4995413	0.52835804	1.6983443
socialize	2.8904834	8.255641	0.009112891	1.7319207
socialize_medicine	8.152394	10.0418625	-1.9629422	1.0683315
sock	5.4253707	8.545525	-1.5045689	3.3481507
soda	1.5849656	8.3284025	-0.19340271	2.0529058
soda_beer	1.8138329	8.403286	-0.6728895	2.1126764
soda_etc	2.9006977	8.288409	-0.6685261	2.000948
soda_water	1.672296	8.492513	-0.5572453	2.0171194
sodium	2.1551542	7.853943	-1.4309671	2.3108635
sodium_alginate	2.7579935	7.7653446	-1.9720626	2.7631266
soft	1.6343452	8.087298	-0.72435313	2.9439533
soft_drink	1.7691485	8.423351	-0.5201029	2.0045602
soft_food	1.7790854	8.098976	-0.50175554	3.1823483
soft_food_like	1.8776112	8.183998	-0.6852688	2.993491
soft_palate	5.003577	7.02149	-0.011019951	4.05388
soft_pallet	4.945841	7.0519185	-0.10420932	3.8635259
soft_speak	5.92968	8.817766	0.08002569	1.0121942
soft_tissue	5.0150943	6.748853	-0.6782665	2.8889992
solar_plexus	4.7656946	6.8019557	-0.25718558	3.479748
solid_food	1.84039	8.083473	-0.46612155	3.1835625
soluble	2.0745609	8.033198	-1.2182589	2.3198376
solve_nothing	6.026845	7.683553	-1.6535966	1.1825234
some_advice	6.999176	9.751383	0.09522603	0.37080106
some_answer	6.6691055	9.837064	0.45621917	0.56127423
some_encouragement	6.5140266	9.549313	-0.028444026	0.8070705
some_extent	4.78917	7.062705	-1.0824773	1.2557958
some_extra	2.7512453	7.814144	-2.1024718	3.1696043
some_food	1.7826265	7.952485	-0.5414892	2.845287
some_ibuprofen	2.595121	7.9029756	-1.7343185	3.4333413
some_ice_cream	2.1770802	8.354129	-0.67004704	2.8664627
some_improvement	5.9525113	9.139739	-0.47857678	1.1233952
some_irritation	4.159492	9.10662	0.22090808	3.1696596
some_level	5.9470124	7.4239593	-0.58973116	0.56549513
some_medicine	2.6817615	7.797876	-2.148905	3.2825797
some_microburp	5.023998	9.601814	1.2194183	2.7437959
some_mild	4.3509674	7.1535068	-0.38296854	1.4152399
some_numb_spray	5.6373143	8.3336735	-1.4600532	3.4185977
some_of_us	6.0094995	6.8229065	-0.59159285	0.22173624
some_paperwork	5.672425	8.853512	-1.721777	3.3933005
some_progress	6.3889046	9.794583	0.51416326	0.685357
some_regurgitation	3.7944582	7.818808	0.7453755	2.6447754
some_relief	4.948305	8.501319	1.6999049	2.5870163
some_research	7.969423	9.149846	-1.388704	0.042247333
some_soreness	4.128462	9.055694	0.23846157	3.0784478
some_soup	2.0961647	8.278546	-0.6764828	3.0184822
some_trouble	6.2545643	9.136724	-1.2132365	1.2943975
some_tums	2.9074125	7.7192674	-1.7387576	2.5327694
some_tylenol	4.467845	9.141829	-0.23514746	2.3642523
some_water	1.8196462	8.07103	-0.43467978	3.177695
some_yoga	4.654466	7.300092	-0.035811383	4.1445966
somebody_who	5.936713	8.283284	-0.6788231	0.47900954
somehow_related	5.603972	7.1414933	-0.5465257	0.5579525
someone_tell	5.823142	8.429834	0.19822595	1.0188426
something	5.2789097	7.0461535	1.0801594	3.4107013
something_call	6.255158	7.881599	-1.5998836	1.3256414
something_stuck	3.9948232	8.733619	0.28625685	3.1565652
sometimes_a_little	4.6821094	8.088684	1.1071079	2.5589175
sometimes_accompany	4.37117	7.7912483	0.7780732	2.0032315
sometimes_ill	3.6891077	7.855103	1.0747604	2.0800505
somewhat	4.325061	7.4941864	0.47794354	1.443618
somewhat_manage	4.668666	7.969638	-0.39361498	0.82070464
somewhat_relieve	4.5868754	8.203495	0.77405924	1.8664801
somewhat_similar	5.7817326	8.622526	0.3084241	1.2149106
somewhere_along	5.311275	8.025372	-0.48397803	2.1785936
soothe	2.9037125	7.887067	-1.2240307	2.9361987
sore	4.1343436	9.132849	0.30690977	3.1347651
sore_neck	4.3245745	9.647603	0.15725906	2.8337045
sore_spot	4.8535213	7.8364525	-0.5826628	2.6943116
sore_throat	4.4139714	9.517738	0.37923092	2.8461013
sore_throat_after	6.6614413	10.521416	-1.0496643	2.0864625
sore_throat_afterwards	5.669954	9.013989	-1.0384926	2.606817
sore_throat_go_away	5.079158	9.383136	-0.18627246	2.14279
soreness	4.279371	9.328866	0.3164679	2.9969416
sorry_in_advance	6.7587094	9.303025	-0.29975012	0.4466367
sort_of_like	4.5334187	6.8078065	0.6182319	3.4730897
sort_of_thing	6.594592	9.437903	-0.5877201	0.9508953
sort_soon	6.6061397	9.854598	0.49909097	0.6692094
sortie	4.724483	7.9761863	-0.6546951	2.5593672
soul	6.544556	9.205452	-0.43847018	0.61968863
sound	4.381954	7.991946	1.7149116	1.9632268
sound_a_bit	4.7165713	8.331292	1.0831691	2.4705875
sound_a_little	4.6254697	8.3905735	0.60800165	2.470088
sound_amazing	6.2213087	9.659321	0.3408351	0.78879035
sound_awful	6.090874	9.457601	0.64990467	0.71491975
sound_crazy	4.877511	7.644045	1.0036205	2.2327647
sound_different	4.8949594	8.488188	1.1117094	2.2524524
sound_disgust	4.9519095	8.160896	1.0324712	1.3167113
sound_fantastic	6.2309875	9.654864	0.43351606	0.8639542
sound_gross	4.5230236	8.025141	0.9887939	2.2769551
sound_horrible	5.939114	9.246164	0.44226083	0.889552
sound_insane	4.9406347	7.8611226	-0.5169729	2.812398
sound_more	4.69655	8.266827	1.4507312	2.4518485
sound_normal	5.018326	8.826005	1.2854476	2.4536812
sound_rough	6.1745424	9.448796	0.19908622	0.89410263
sound_scary	5.473425	9.287187	0.41710326	1.4379221
sound_terrible	6.011358	9.332225	0.43878952	0.78360116
sound_very_familiar	5.3740582	8.30489	-0.033567138	0.15677516
sound_wave	5.313858	7.2902102	-0.70456386	3.7627873
sound_weird	4.936702	7.892671	1.1795821	2.712752
soundless	4.4713616	8.048305	1.1558235	1.8799411
soup	1.6467975	8.110297	-0.5833365	3.1024547
soup_and_protein	2.6326056	8.325104	-0.74094033	2.3891358
soup_smoothie	1.7001659	8.150023	-0.6843077	3.0634327
sour	1.801451	8.021426	-0.980394	2.4420316
sour_stomach	5.187696	7.862915	-0.45596635	0.8804088
sour_taste	3.6944346	7.2295675	0.2649208	2.792636
source	7.8551335	9.135356	-1.3887566	0.14511526
sourdough	2.200629	8.065432	-1.2192963	2.289575
southern_california	8.004	10.200119	-1.7929767	0.94415987
southern_indiana	6.626917	9.432217	-1.189193	1.218293
space_above	4.757027	7.6579046	-0.36085835	2.4886758
space_between	4.9303184	7.6042833	-0.5937062	3.0411837
spain	8.022234	9.995382	-1.8620037	0.8656931
span	5.5191326	9.056252	-1.6420707	2.0328755
sparkle	1.723613	8.4686165	-0.60275835	2.0316122
sparkle_water	1.4930366	8.437602	-0.26289195	2.0268734
spasmodic_dysphonia	6.9694643	8.208796	-1.633676	0.9425412
spat	4.6120667	7.677847	0.7716934	1.9830302
speak	8.301615	9.110967	-1.8252531	0.30915132
speak_voice	4.861457	8.444803	-0.521161	2.4956782
specialist	8.509452	9.380817	-2.0612555	0.3135226
specialist_who	8.30042	9.449493	-1.891248	0.379567
specialize	8.110722	9.227184	-1.8130316	0.3985939
specialize_in_medical_anxiety	7.1235027	9.482897	-1.07055	0.7546486
specific_ask	7.736301	9.640436	-1.8399762	0.796109
specific_design	7.4111104	8.62406	-1.9308603	0.7686738
specific_food	2.228682	7.8789506	-1.3544875	2.068184
specific_name	7.0422597	9.220234	-1.4015834	0.9016783
speculate	6.1286845	6.5587807	-1.1489193	0.8187386
speech	5.761061	6.842754	-1.0979694	2.314311
speech_language_pathologist	7.077891	9.064256	-1.2088895	0.5705283
speech_pathologist	7.5195866	9.256284	-1.6371503	0.6380041
speech_therapy	7.6981344	9.3693285	-1.6675911	0.66561186
spend_year	5.464689	8.026023	-0.20289741	0.27454755
spew	4.460569	7.705971	0.8320361	2.0504937
sphincter	5.581281	5.7361665	-0.44509807	3.2143462
sphincter_between	5.0298715	7.5350327	-0.5956691	2.6403558
sphincter_les	5.6104083	5.999015	-0.68808925	2.9444125
sphincter_muscle	5.496342	6.0820737	-0.56946343	3.1428604
sphincter_ues	5.6279097	5.9224005	-0.61216277	3.0841773
spice	2.0594487	8.07137	-1.0698558	2.3072934
spicy	1.6750603	7.9246073	-0.872171	2.3559024
spicy_fatty	2.1630669	7.943554	-1.2653952	2.2272074
spicy_food	1.6917769	7.8790236	-0.9092708	2.2784219
spicy_stuff	2.169566	8.061667	-1.1102502	2.3278115
spill_into	6.0500193	7.0129585	-1.1494236	1.1681641
spindrift	1.715029	8.501006	-0.61232346	2.0269375
spine	5.123725	6.459499	-0.623187	3.0828168
spirit	1.6640261	8.450796	-0.6957746	2.0656807
spit	3.3516703	7.4638896	0.34547168	3.0683591
spit_constant	3.2948256	7.861489	-0.10908621	2.9399524
spit_out	3.4500353	7.45066	0.2609572	3.037411
spit_up	4.4817142	7.4867454	1.3794037	1.2087215
split_second	4.511177	7.715696	1.1935219	2.8828166
splutter	3.5020359	7.7699633	0.09441599	2.944585
spoiler_alert	5.793982	9.2768345	0.03890141	1.2112428
spontaneous	4.8596687	8.430862	1.6738868	2.6716094
spoon	4.2384977	7.41771	-0.36211023	3.821312
spot	5.721297	8.038895	-1.32829	3.8384867
spot_where	4.810776	6.5957975	-0.32503873	3.5753357
spray	5.843582	8.300969	-1.562675	3.8890448
spread_awareness	7.1806574	9.259224	-0.5294038	0.14949465
spread_throughout	4.9800773	8.850453	-0.43352333	2.055835
sprite	1.5239127	8.443852	-0.41320553	2.0409827
spurt	5.029632	8.159223	-0.79222184	2.046415
squash	2.1718435	8.231414	-0.86973834	2.5857122
squat	4.022156	6.983348	0.18929914	4.1973953
squat_down	4.448158	7.40483	0.02178051	3.9279158
squat_instead_of_bend	2.8748891	7.515452	-0.3486975	3.8685431
squat_instead_of_bend_over	2.784848	7.557557	-0.30467924	3.828725
squeak	4.7028613	8.030496	1.1036879	2.3881595
squeamish	6.52857	9.720865	-0.95504045	1.4276204
squeeze	4.7582355	6.4642215	0.35648188	4.0440736
squeeze_my_stomach	5.0914917	7.0425243	0.41701946	3.868305
squish	4.50938	7.3235626	-0.25832587	2.8396394
squishy	4.998798	7.482838	-0.395285	3.1765969
ssri	2.5943663	7.696226	-2.299734	3.1908252
st_louis_park_mn	6.7555346	9.760765	-1.2629327	1.323101
stab	4.2053127	6.630677	-0.1161856	2.5123062
stab_pain	4.1178017	6.9002485	-0.055116724	1.9240541
staff	7.9843974	10.609734	-1.8031865	1.4220569
stage_where	5.679129	9.141919	0.9201581	2.6107187
stalk	6.5329747	9.116617	-0.057137184	-0.08200412
stance	5.4268203	8.327337	-1.4304764	2.040615
stand	3.9444673	6.974065	0.2698315	4.2495484
stand_for_retrograde	6.58636	7.590985	-1.3183703	0.6171544
stand_or_sit	4.606384	7.259145	-0.008322487	4.143453
stand_to_reason	5.257479	6.9308887	-0.8368711	1.8721118
stand_up	3.9771695	6.9698925	0.28998813	4.2419543
standard_amount	7.008907	10.544936	-0.60839754	2.1053545
standard_dose	7.256881	10.489985	-0.86405367	2.3514845
standpoint	5.9863205	7.0913196	-0.8115038	1.295955
staple	2.910525	8.062081	-1.3815696	2.597698
star	5.368094	8.733932	-2.9824195	2.4667246
starbucks	4.439947	8.567331	-0.71937823	1.9891859
starch	2.136299	7.861367	-1.3908788	2.149286
start_dry_heave	4.1045117	7.5778937	0.687705	2.0713565
start_microburp	5.087276	9.895595	0.9164402	2.6699064
start_salivate	4.036279	7.533537	0.31103325	2.480344
start_shaker	5.9380355	7.581891	0.43706095	3.9051092
start_to_finish	7.10461	10.532452	-1.6684448	1.9554315
start_to_subside	5.210371	9.550094	0.5734035	2.209331
start_to_wear_off	5.8602567	10.193458	0.8341189	2.5976121
startle	4.5774302	8.276321	1.2622627	2.006929
starve	2.598253	8.155051	-0.059675	2.1921523
starve_myself	3.671009	8.122099	0.186045	1.7331005
stat	7.3993993	10.43825	-0.8998492	2.27416
statement	7.6359286	8.69298	-1.332992	0.16378689
statistic	7.875275	8.840931	-1.4336784	0.10075897
stay_away	1.6176916	8.083703	-0.71154606	2.1907759
stay_calm	2.004614	8.082403	-0.48122695	3.2229884
stay_healthy	6.0833097	9.40597	-0.51862395	1.2416056
stay_home	3.0340128	8.166853	0.015886834	1.7807802
stay_hydrate	1.8817254	8.074829	-0.46047756	3.1698756
stay_in_touch	6.648714	9.8803	0.28276658	0.653807
stay_inside	4.253769	6.5823536	0.46436062	2.7626204
stay_open	5.4469886	7.087544	-0.8442233	2.65115
stay_overnight	7.2508326	10.564815	-1.7646282	1.9550731
stay_the_same	5.264064	7.7015767	-0.6841753	0.64211833
stay_upright	3.9050865	7.8661942	-0.18930244	2.6946154
stem	5.8022175	6.518057	-0.87662303	0.48824027
stenosis	5.6066914	7.723333	-0.89767176	0.8459497
step_3	4.4701004	7.436786	0.06718656	3.795977
step_to_address	2.669267	7.859581	-1.9296018	3.4595532
sternum	4.624384	6.750576	-0.47293654	2.9331608
sternum_area	4.4925857	6.722081	-0.26015875	2.7813718
steroid	2.6697783	7.7844596	-2.2043989	3.0778348
stewart	7.1359096	9.457173	-1.5146126	0.921546
stick_my_finger	4.429383	7.106785	1.733532	2.2961285
stick_my_tongue	4.8672986	7.3077517	0.4198457	4.0848136
stick_to_liquid	2.448337	8.200982	-0.97986627	2.4695034
stick_two_finger	4.4385014	7.0673122	1.6679877	2.4337358
stick_your_finger	4.59538	7.079897	1.3790895	2.825807
stick_your_neck	4.8840218	7.1940846	0.3411302	4.2055345
sticker	5.7793465	8.252005	-1.456004	3.7283373
sticky_pad	5.618984	8.372019	-1.4345479	3.616271
stiff	4.804816	6.594634	-0.40525618	3.2377167
stiffness	4.498461	6.8156524	-0.4323571	2.7723308
stifle	5.209244	8.015144	0.3691727	1.815559
still_a_little	4.259443	9.404771	0.33100826	2.9730911
still_able	5.046708	8.874223	1.0529237	2.324318
still_active	5.954068	10.227951	0.757731	2.5857208
still_present	4.161299	7.060105	-0.14980532	1.0111892
still_recover	5.500595	9.838247	0.1535138	2.1492796
still_sore	4.0806026	9.029828	0.26229513	3.162299
still_struggle	5.0317235	9.7704525	0.9452831	2.6226056
still_suffer	5.015213	7.2365556	-0.37431324	0.20277806
still_unsure	6.365158	8.155012	-1.2318673	0.93907857
stimmklinik	6.948233	9.39471	-1.3452977	0.989647
stimulant	2.5437796	7.737488	-1.5811422	2.4425802
stimulate	5.031783	6.2570634	0.21347928	3.7646732
stimulation	5.532207	6.399678	-0.7698185	2.6765285
stimulus	5.6280217	6.121851	-0.722009	2.892428
sting	5.7205977	8.201247	-1.4571524	3.8387308
stitch	5.3458834	7.466732	-1.3111128	1.812218
stoke	6.0309095	9.552007	0.470354	1.1209745
stoma	6.1118975	7.1314983	-1.6995789	0.8182996
stomach	4.507329	5.9852495	-0.2168473	2.8562317
stomach_ache	3.8088124	6.515468	0.30546373	1.0775673
stomach_acid	4.2502418	6.294799	-0.22613639	2.8757682
stomach_acid_production	5.0319357	7.104223	-1.1280352	1.166779
stomach_and_esophagus	4.90559	6.1634083	-0.77889025	2.5557873
stomach_area	4.3049464	6.7957034	-0.16496602	2.5475707
stomach_bug	4.6135683	7.307357	0.91114104	0.4891502
stomach_cancer	5.713976	7.345361	-1.2881922	1.146305
stomach_churn	4.4968414	7.2576127	-0.28511736	2.016535
stomach_content	4.6622562	6.2761416	-0.10280348	3.2617223
stomach_contraction	4.815959	7.6683087	0.8820968	1.9985511
stomach_cramp	3.8617642	6.561171	0.17410664	1.185354
stomach_discomfort	4.106488	7.0503573	-0.17056088	1.4750894
stomach_distension	4.4566255	7.041444	-0.5421949	1.5632381
stomach_expand	4.7249517	6.290962	-0.63420695	2.6720195
stomach_flu	4.6564903	7.410869	0.8155063	0.41498765
stomach_fluid	4.965422	6.1439476	-0.687713	2.7238483
stomach_gas	3.8862839	6.392239	-0.40487048	2.1084974
stomach_hurt	3.693728	7.764206	0.25834262	1.478284
stomach_infection	5.9250073	6.9660244	-1.5603716	0.59672356
stomach_issue	5.3607364	6.385141	-0.87448907	0.077976346
stomach_lining	5.7037377	6.7795806	-1.3855709	1.4169433
stomach_muscle	5.0406847	6.369635	0.26569426	3.8226242
stomach_nausea	4.2146916	6.782674	-0.1659616	1.529014
stomach_noise	3.9298334	6.8119974	0.050251894	1.3811144
stomach_pain	3.8010983	6.4756885	0.24649145	1.1280935
stomach_problem	5.2948976	6.589384	-0.8806534	0.17676674
stomach_rumble	4.293386	7.8573995	1.3788205	1.8752066
stomach_ulcer	5.7309422	6.6438785	-1.5797814	0.62886786
stomach_vacuum	5.805269	7.3997207	0.20553343	3.8163233
stomach_virus	4.767626	7.5937977	0.8466458	0.50709546
stomach_wall	4.964992	6.655343	-0.8081129	2.5215616
stomachache	3.6532602	7.3337493	0.26322064	1.5470551
stool	4.4694457	6.0307064	-0.6464025	2.5622077
stool_sample	7.718053	8.393213	-2.4721835	1.0599079
stool_softener	2.6899312	7.8291545	-2.026964	3.3666422
stool_test	7.7575107	8.301527	-2.5251725	1.0542257
stop_altogether	6.0116897	9.418916	-0.5980163	1.4322811
stop_eat	1.9674612	8.055772	-0.28124568	2.5883865
stop_myself	4.4550834	7.1566367	1.637623	2.0248766
stop_smoke	4.7496147	7.920576	-0.067178845	0.91950345
stop_take	2.4600868	7.551577	-2.4350722	3.041793
stop_work	5.8831697	10.257565	0.81196266	2.582632
story	7.2163053	9.387054	0.01798699	-0.30705497
story_here	6.7806005	9.343435	-0.18475011	0.27518126
stout	1.7585288	8.4491415	-0.7228525	2.0777185
straight_into	5.7521415	8.309861	-1.4186988	3.7118597
straight_shoulder	4.703887	7.240951	0.029480482	4.1658406
straighten	4.906358	7.1716213	0.2123433	4.166852
straighten_my	5.0870643	6.7560925	0.5447213	4.0880156
strain	4.9442754	6.409122	0.5182268	3.757634
strange_noise	4.1284504	7.957921	1.297325	1.6127826
strange_sensation	4.161984	8.114792	0.21237473	2.7089715
stranger	5.9017587	8.7350445	0.2897258	0.7762098
strangle	4.646535	7.991323	1.1216084	2.0216444
stream_of_air	3.224526	7.780641	-1.2459774	3.53326
strength	5.3643627	6.18019	0.058915097	3.707592
strengthen	5.4148808	6.1138744	0.035668213	3.6573606
strengthen_muscle	5.7481766	7.352349	0.07004509	3.6273608
strep	4.609843	9.142624	-0.018499104	2.2865787
strep_throat	4.174759	8.937455	0.12344982	2.8317096
stress	4.6546	6.783047	0.275153	0.5883229
stress_about	4.8858943	8.854882	0.86292535	2.2484403
stress_and_anxiety	5.2854314	6.9896398	-0.74398553	1.0123851
stress_anxiety	5.391287	6.873038	-0.8935929	1.3263788
stress_enough	5.6213098	8.146131	0.5656612	0.8931754
stress_or_anxious	4.464592	8.120218	0.11447781	1.5891769
stress_situation	4.632359	7.7686706	0.58201665	1.5130041
stressor	5.97094	8.545537	-0.76066995	1.0871627
stretch	5.1055365	6.314314	0.2245345	3.9575956
stretch_colon	5.0042925	6.909988	-0.9118744	1.8729974
stretch_exercise	5.6792684	7.1855507	0.0868199	3.7876694
stretch_my_neck	4.892977	6.9348702	0.7742224	4.287204
stretch_out	5.2089777	5.783137	-0.43675458	3.043048
stretch_out_esophagus	5.7579007	7.163738	-0.8890455	1.8827986
stretch_your_neck	4.9062586	7.1607814	0.32114315	4.2249312
strip	4.510785	8.115927	-0.8294873	2.4503899
strive	5.2568007	8.421981	-1.2239469	2.026873
stroboscopy	7.6464825	10.319955	-1.8817234	1.7152883
stroke	6.017913	7.5934052	-1.4500711	1.2906364
strong_link	6.1271143	7.4366155	-0.83855975	0.5136443
strong_reaction	4.022659	7.8558307	0.966783	1.1697025
struggle	5.225138	7.242244	-0.24367176	0.042081207
struggle_a_bit	5.7810063	9.698771	0.3470216	1.6370124
struggle_a_lot	5.154759	7.3256197	-0.32660997	0.22370385
struggle_to_breathe	3.8288238	7.3429604	0.45958892	1.8791938
struggle_to_swallow	2.371533	8.227175	-0.57510036	2.952671
struggle_with_emetophobia	5.313663	7.8874903	-0.22196306	0.33273774
struggle_with_the_same	6.1264772	8.307386	-0.4655805	0.4151658
stuck	3.6730773	7.246422	0.53771496	3.1997592
stuck_air	4.4864187	6.971727	0.051604945	2.511058
stuck_around	5.5744843	9.525052	0.6790006	2.1382978
stuck_in_my_chest	4.1811695	7.1566877	0.22776756	2.6597102
stuck_in_my_esophagus	4.191301	7.1524353	0.18860957	2.6350908
stuck_in_my_throat	3.7730844	7.233333	0.45084095	2.9428718
stuck_in_your_throat	3.5370166	7.6313815	0.17139135	2.9174466
stuck_my_finger	4.423228	7.124739	1.7259082	2.3118415
stud	6.037974	8.1925535	-1.4589468	1.452845
study	7.937338	8.898219	-1.4513173	0.059581853
study_and_potential_participate_please	6.802529	8.696179	-1.3957682	0.88059044
stuff	1.733009	7.948766	-0.6551623	2.8675187
stuffy	4.1789584	7.220581	-0.09188164	2.2527452
stuffy_nose	3.8000505	7.3830705	0.24783543	2.0989776
stumble	6.398853	8.999211	0.06783706	-0.2147443
stumble_across_this_subreddit	6.254535	8.952278	0.07545438	-0.14985093
stumble_upon	6.6687484	9.022942	0.03128094	-0.30890438
stumble_upon_this_sub	5.5731716	8.527464	0.03870914	-0.037850283
stupid	5.468335	8.578983	1.2439337	0.8620184
stutter	5.4977884	8.320093	-0.14688061	1.8438059
sub	7.3153443	9.286407	-0.16946098	-0.37128183
sub_reddit	6.380775	9.025884	-0.026792914	-0.046747684
sub_wiki	7.662468	9.351435	-1.2820736	0.23433858
subconscious	5.309696	7.0983057	1.1198509	3.4961357
subject	7.824446	8.846648	-1.3829697	0.09004076
subjugation	5.8966026	7.8959913	-1.4767684	1.4954802
submit	8.40626	10.433708	-2.1440432	1.3639094
subreddit	7.305795	9.2821	-0.1526495	-0.38080183
subreddit_wiki	7.5854845	9.293341	-1.153735	0.1608308
subsequent	5.8045626	9.336636	-0.7893088	1.7711062
subsequent_injection	7.1450434	10.395155	-0.84075373	2.1454196
subside	4.0580997	7.073543	-0.082529016	0.9177581
subside_a_lot	4.819295	8.200895	-0.13074313	0.9331944
substantial	5.2752047	9.253033	0.7843576	2.2546272
subtle	4.9008293	8.033751	0.86511546	2.5798612
succeed	5.950241	7.9960246	0.79570067	3.2980816
success	7.0751486	10.468273	-0.47704265	2.5018935
success_appeal	6.9467955	9.771834	-1.3603382	1.2546487
success_rate	7.381438	10.814879	-0.63402724	2.5403674
success_so_far	6.814937	10.640509	-0.37348393	1.9404621
success_with_shaker_exercise	6.1162043	7.7666984	0.33818403	3.3360002
succession_of_microburp	5.27294	9.267946	1.1723946	2.4773507
succinylcholine	5.5304327	7.4460354	-1.1283237	1.3616745
such_a	6.0626025	8.981749	0.73657626	0.23501791
such_a_bummer	5.8015347	9.366011	0.44062826	1.1505009
such_a_nice	5.9572716	9.079551	0.30229196	0.37988383
such_a_novelty	5.321254	9.50009	0.67351085	2.0447674
such_a_relief	6.354508	9.466661	0.7521194	0.21182856
such_a_shame	6.3681116	9.755484	0.41358903	0.79597145
such_a_strange	6.0978036	8.611429	-0.024310531	0.55961806
such_a_weird	5.6614156	8.632896	0.3237574	1.0450679
such_bad	3.8676925	6.789491	0.1690411	1.1236155
such_discomfort	5.3967195	7.957528	-0.3222956	0.83991045
such_severe	4.431853	6.8806677	-0.30064937	0.86508423
suck_in_air	4.88178	7.1382036	0.833774	3.7132645
suck_so_bad	5.2634735	8.747546	-0.37042403	1.2492732
sucralfate	2.609429	7.7755766	-2.1491587	3.1251712
sudafed	2.8977044	8.164271	-1.3394661	2.8103206
sudden_onset	4.9844756	7.942507	-0.5895196	0.9252381
suddenly_develop	5.3291593	8.125885	-0.1754596	0.52949005
suffer	5.3300495	7.126166	-0.24698712	-0.108712316
suffer_a_lot	5.513167	7.7578654	-0.6365068	0.37224394
suffer_from_constipation	5.3969765	7.844437	-0.54665273	0.45120487
suffer_from_emetophobia	4.922739	7.4674273	0.83892715	0.42722055
suffer_from_r_cpd	6.273639	7.496051	-0.8140649	0.11208818
suffer_from_severe	5.0825973	7.8512464	-0.10406897	0.31697392
suffer_my_entire	5.49127	8.348246	-0.032186948	-0.024685336
suffer_the_same	6.092825	8.91789	-0.20487316	0.888187
suffocate	3.7795265	7.2908583	0.42227766	2.7046328
sugar	1.6623052	7.8354917	-1.1087819	2.3018198
sugar_alcohol	2.2805567	7.8656025	-1.411068	2.1502872
sugary	1.7061348	8.140907	-0.7770052	2.1704392
sugary_food	2.2922134	8.1162615	-1.1790848	2.128316
sugary_stuff	2.9180083	8.096962	-0.9388862	2.2087076
summon	4.902547	8.226106	1.0614324	1.8781835
sunday	7.2237453	11.062279	-1.0398768	1.6039829
super_annoy	4.1337824	7.820907	0.42697802	1.9631786
super_anxious	5.1909337	9.491718	0.20162803	1.7896701
super_bad	3.8176658	7.1884193	0.22194242	1.4958264
super_bloat	3.3052397	7.3863354	0.77483964	1.5722413
super_early	5.784264	9.679472	0.07098644	1.6035717
super_embarrass	4.798024	8.168459	1.4549602	1.4085842
super_excite	6.7661357	10.133965	0.58368415	0.5231877
super_fast	3.5733202	8.44163	-0.525567	2.2148743
super_frustrate	6.28866	9.511601	0.004655167	0.8922037
super_full	3.5636065	7.7520123	0.3295757	1.6832657
super_gassy	4.2640505	7.7826986	0.49551716	1.6341842
super_gross	4.858277	7.8247757	0.9882877	1.2537627
super_hopeful	6.05763	9.600089	0.33298868	1.0847998
super_hungry	3.612278	8.059619	0.09431401	2.0545137
super_loud	4.4502516	7.9729505	1.5951097	1.8515667
super_low	5.1247215	7.986164	-0.810294	1.851576
super_nauseous	3.4394302	7.3960576	0.7798626	1.5850616
super_nervous	7.205198	10.821273	-1.0090643	1.4918745
super_pain	3.915044	7.289853	0.49362114	1.8112792
super_power	6.011962	9.11679	0.09948586	0.80084753
super_quick	7.3339343	10.660719	-1.6874809	2.2272444
super_rare	5.2051334	9.013151	0.21449533	1.7029722
super_relieve	4.8940716	8.469403	1.2944984	2.3820393
super_scary	5.6337214	9.314673	0.4318624	1.335
super_sensitive	4.4521575	7.5565968	0.7452781	2.0590906
super_skinny	4.8630195	7.7497244	-0.098599575	0.16325556
super_strict	4.9522924	8.218554	-0.46512553	0.78144825
super_thin	5.127923	8.542518	-0.6125905	1.6497091
super_tight	4.693208	6.785618	-0.117307015	3.1874266
super_tiny	4.8371186	8.151064	0.12672041	2.1162267
super_tired	4.384178	9.516298	0.14563647	2.7898097
super_uncomfortable	3.4552894	7.4243183	0.74606854	1.5490174
super_weird	4.863489	8.338612	0.45295072	2.0561697
supermarket	2.6758451	8.195631	-1.112929	2.499684
superpower	5.8359404	8.661233	0.24796383	0.69891906
supplement	2.3065076	7.6364803	-2.1569197	2.9128106
support_community	6.316778	9.226371	0.24671699	0.2637332
support_each	6.7162905	9.482933	-0.069525614	0.5061683
support_evidence	6.17055	8.261549	-1.2843488	0.9450999
support_group	7.0418577	9.114343	-0.60743344	0.16326228
suppository	4.6513667	8.072348	-0.97976005	2.6115787
suppress	5.184663	7.1044745	1.2062624	3.3607924
suppress_it	4.5526543	7.230363	1.5761737	1.9716727
sure_as_hell	5.1992006	8.358245	-0.7325353	1.5115122
sure_what	5.93021	9.258531	0.5841671	1.0107349
surface_area	5.49665	8.135483	-1.1767163	2.1411076
surface_tension	4.7993045	6.5231137	-0.6920961	2.84399
surfactant	4.524761	7.3762307	-0.4109711	3.8514652
surge	4.684329	8.421936	-0.28530034	1.3659071
surgeon	8.349628	9.902999	-1.8843454	0.7310783
surgeon_who	8.058161	9.543016	-1.7852747	0.5187743
surgery	7.797943	11.100598	-1.24361	1.9442061
surgery_center	7.6293235	10.617543	-1.7745517	2.2694654
surgery_itself	7.71621	10.735068	-1.9083029	2.113057
surgery_on_wednesday	6.5894294	10.067668	-0.9812736	1.42666
surgery_room	5.7020164	8.944542	-1.7167628	3.3936877
surgery_schedule	7.6391087	10.936168	-1.2098815	1.3429693
surgical	8.067747	10.251653	-1.9526799	1.3236187
surgical_center	7.70111	10.6958275	-1.9169228	2.0152051
surgical_option	6.7222238	9.788617	-0.95002496	1.822283
surprise_by	5.4111805	8.53297	0.59194744	1.1150981
surreal	5.9001274	9.462536	0.4471122	1.0521448
surround_area	7.071166	9.392616	-1.5178658	0.9400942
survey_here	6.2250333	8.129328	-0.70758474	0.4325592
suspect	5.8860135	6.2506075	-1.3642857	0.41274798
suspect_r_cpd	7.581123	9.014117	-2.0212333	0.8477547
suspect_that	5.9920025	6.398141	-1.1778133	0.76671416
suspicion	5.796087	7.07886	-1.150707	0.6466703
suspicion_that	5.8065	7.0898166	-0.89850026	0.62132674
swallow	2.162068	7.989672	-0.2504236	3.2010617
swallow_a_lot	4.0753207	6.589454	0.46563464	2.7113898
swallow_a_ton	4.179619	6.514718	0.45918167	2.749143
swallow_air	1.8487344	8.081929	-0.0840175	2.2482836
swallow_and_sniff	5.8974905	8.371094	-1.4502469	3.7464998
swallow_difficult	5.001975	9.30522	0.0120275095	2.1461756
swallow_difficulty	4.843322	9.488013	0.22900672	2.3184369
swallow_disorder	7.707163	8.812866	-1.7029018	0.5718408
swallow_food	1.9303652	8.048441	-0.3662889	3.229181
swallow_issue	5.050716	9.484386	0.04025442	2.3240411
swallow_less	4.186045	6.495617	0.42157474	2.7176976
swallow_liquid	2.429273	8.069382	-0.4083804	3.0941722
swallow_more	4.0566125	6.5856805	0.44829136	2.6729558
swallow_my_own	3.2397187	7.637666	0.21569452	2.947942
swallow_pill	2.7930572	8.005556	-0.21745615	2.7232769
swallow_problem	6.4197288	7.1881995	-1.4387312	1.0346917
swallow_proper	3.0619094	7.9750953	-0.122065715	2.7942884
swallow_reflex	4.462707	8.173158	-0.4407248	2.56608
swallow_saliva	3.684335	7.510588	0.25587595	2.8058019
swallow_solid	2.1918564	8.096194	-0.4348674	3.07411
swallow_study	7.928727	8.570786	-2.6100404	1.3480833
swallow_technique	5.391776	7.742905	0.18775864	2.8845038
swallow_test	8.004255	8.496224	-2.6262732	1.151123
swallow_water	2.429118	8.022994	-0.3477933	3.1049669
sweat	3.637804	7.389321	0.48930216	2.0934339
sweat_shake	4.0719557	7.2091813	0.36653727	1.6489725
sweater	4.658573	7.449367	-0.37891757	3.5852077
sweatpants	3.828783	8.136599	-0.26399052	1.9035877
sweet_potato	1.9317201	8.162746	-0.8978687	2.6979904
swell	4.108894	9.003383	0.28868818	3.1584952
swell_throat	4.3708377	9.453796	0.29553652	2.8411858
swig	2.5355263	8.134301	-0.5744451	2.9037006
swig_of_water	2.2748163	8.108531	-0.708719	3.2182648
swim_competitive	4.6262593	8.4546175	-0.6913133	1.6468621
swish	2.5460384	8.133474	-0.5337637	2.8747857
switch_side	4.6480103	7.991091	-0.48496532	2.5653808
sydney	8.287997	10.218781	-1.9043329	0.9107109
sydney_australia	7.2154083	9.72433	-1.4084868	0.9083606
sympathy	6.304185	9.365198	0.08958239	0.72766626
symphony	4.5293593	8.304232	-0.640069	2.2825625
symptom	5.344783	6.300288	-0.8380854	0.001063316
symptom_associate	5.633787	7.690996	-0.69869447	0.41837522
symptom_disappear	4.9479504	8.210924	-0.17584965	0.31089896
symptom_free	6.104405	10.3681	0.43144175	2.1859708
symptom_get_worse	4.9662375	7.248492	-0.40286654	0.039213188
symptom_include	4.2918262	6.624049	-0.258091	1.0642262
symptom_of_r_cpd	5.572336	6.4477673	-0.8564156	0.08964445
symptom_vary	5.5956	8.578269	-0.30896065	1.1981843
symptom_wise	4.8905597	8.058221	-0.44327137	0.74695945
symptom_worse	3.710618	7.6630483	0.887532	1.1033411
symptom_worsen	4.9409094	7.2831903	-0.3634833	0.033784695
symptomatic	5.4541035	7.13034	-0.969611	0.7541117
syndrome	6.2138424	6.5631213	-1.1848919	0.09853701
syracuse	7.222152	9.436232	-1.4074725	0.743432
syringe	7.352614	10.31427	-1.3840165	2.728014
syrup	2.2685754	8.232744	-1.0837673	2.4513836
systemic	5.835008	6.992967	-1.3113452	1.3302871
t_rex	4.7444415	8.067167	1.3410827	1.8870393
tabla	5.3139386	8.425368	-1.6330842	2.0801997
tablespoon	2.3705065	8.226329	-1.1697985	2.4533393
tablet	2.284	7.772097	-1.809738	2.9777563
tabletop	4.924387	7.570285	-0.4052555	3.123458
taboo	4.917462	8.177831	1.1459558	1.201591
tachycardia	5.5415196	7.128437	-1.0491207	0.87416613
tack	5.3976955	8.572883	-1.675091	2.1419835
take_a_ppi	2.7418976	7.529826	-2.1311998	2.8309963
take_adderall	4.487976	7.8221116	-0.36772007	1.0675039
take_amitriptyline	4.8545017	8.458294	-0.6927007	1.6741735
take_antacid	2.6243553	7.5405755	-1.9097053	2.8328683
take_antibiotic	4.6589994	7.998693	-0.6022682	1.1236057
take_big_gulp	2.5338204	8.125221	-0.5163435	2.4575574
take_deep_breath	4.273201	6.81412	0.3190114	3.9904413
take_digestive_enzyme	2.5977395	7.8486047	-1.582181	2.4467757
take_effect	5.831848	10.206944	0.8224486	2.5863323
take_gas_x	2.5463657	7.652076	-1.9275168	2.87338
take_gaviscon	2.5906591	7.583994	-2.096897	3.013553
take_ibuprofen	2.792714	7.9934306	-1.367476	2.9345393
take_into_account	6.64239	9.746116	-1.0665712	1.6517167
take_magnesium	3.027098	7.897476	-1.7110509	2.5860624
take_medication	4.36886	6.7603536	-0.6648028	0.7101607
take_more_effort	4.249739	8.530613	0.15615739	2.707815
take_omeprazole	2.4383473	7.5504165	-2.4378085	3.0611486
take_pepcid	2.5209043	7.536412	-2.19279	2.9703496
take_pill	2.86775	7.978322	-0.20441088	2.7344117
take_ppis	4.3996167	6.834982	-0.6636667	0.68721515
take_prilosec	2.4513764	7.558509	-2.4582863	3.0690632
take_probiotics	2.5108244	7.705524	-1.9301395	2.599998
take_serious	8.12712	8.817159	-1.7546359	0.1829936
take_shot	2.5634513	8.184369	-0.3865097	2.5155427
take_small_bite	1.8572041	8.0758705	-0.4301919	3.2273576
take_small_sip	1.9736121	8.10127	-0.4212247	3.0137966
take_some_tylenol	2.8204565	8.429356	-0.76616526	2.7105803
take_tums	2.5481505	7.5904884	-2.018004	2.9377663
take_tylenol	4.404572	9.261985	0.012718577	2.7191334
take_xanax	2.7701616	7.8277826	-2.1139798	3.2653956
tale	6.124076	8.990553	-0.28754804	0.26706234
talk_a_lot	3.4753954	7.952327	0.16346915	2.8754637
talk_laugh	2.5355341	8.075833	-0.3906727	2.6984174
talk_loud	3.7487159	8.017935	0.23922265	2.8720407
talk_to_doctor_bastian	7.327208	10.498884	-1.3046798	1.2797289
talk_to_her	7.6287365	10.560435	-1.4961349	1.2024041
talk_to_my_pcp	7.1113963	10.018309	-1.3327447	1.1259326
tan	5.301436	8.338849	-1.6100485	2.1392221
tangle	4.9401684	6.672821	-0.5360298	3.1357276
tap	4.474431	6.8579345	0.12591524	4.1860886
tap_water	2.836197	8.172974	-0.933204	2.1372359
tar	4.6770077	8.0084505	-0.66103625	2.4114676
target	5.4837728	6.1122775	-0.22073154	3.5061193
taste_acid	4.3171487	7.9736714	0.2811531	2.265025
taste_anything	4.830119	8.186233	1.2384517	2.2634044
taste_awful	2.828856	8.075271	-1.283207	2.7486434
taste_bad	4.3713503	8.033635	0.9361601	2.2532902
taste_delicious	5.4043427	9.730921	0.57559633	2.1993585
taste_great	2.5922358	8.310095	-0.93126523	2.596747
taste_gross	4.112719	7.652715	0.6390907	2.5578172
taste_horrible	4.5147476	8.756093	-0.4197745	1.9207693
taste_in_my_mouth	4.0260925	7.7049103	0.451629	1.9952981
taste_like_bile	4.4083867	7.734094	0.81821424	2.072996
taste_like_vomit	4.4213185	7.9044323	0.94403166	2.0577815
taste_or_smell	4.801357	8.211064	1.1919563	2.2948534
tea	1.5948185	8.0521345	-0.8991652	2.3077621
teach_my_body	5.7223406	9.026478	0.9252153	2.3857195
teach_myself	5.8317266	7.9675913	0.93932396	3.3484251
teach_myself_to_burp	5.8825536	7.990738	0.9020649	3.3092775
teach_themselves_how	5.9349027	7.9487696	0.76459926	3.2856617
teach_your_body	5.6317396	8.063666	1.0460992	3.26988
teach_yourself	5.7217607	7.9661427	0.9642081	3.3267298
teach_yourself_how	5.7085958	8.24224	1.032583	3.1444106
teach_yourself_to_burp	6.0364604	7.997	0.6925809	3.272113
teach_yourself_to_squat_instead	2.8299387	7.5277767	-0.33353248	3.8550038
teammate	5.250056	8.596905	-0.6521152	1.5535045
tear_up	3.9774	7.8750715	1.0873905	1.4616852
tears_of_joy	5.365117	8.65742	-0.45787448	1.5842661
teary_eye	3.9596682	8.000822	0.8120907	1.4985065
tech_neck	5.0797167	6.858644	-0.6804224	3.0152802
technical_possible	6.263439	8.701828	-0.78812903	1.0588586
technique	5.7015324	7.2427435	0.6911792	4.116323
tee	5.4084244	8.437053	-1.582261	2.0140436
teen	4.97974	7.6757336	0.16392952	-0.033014536
teen_and_early	5.203432	8.159702	-0.22063646	0.22802216
teen_year	4.866755	7.689626	0.21539575	0.13212645
teenage	5.7503386	8.080034	-0.47060248	0.3128899
teenage_year	5.089669	8.230585	0.5743387	1.1681246
teeny	5.005651	8.797256	1.3833257	2.558409
telehealth_visit	7.463021	10.508012	-1.5008814	1.355155
telemed	7.259775	10.573808	-1.2906672	1.4205804
tell	8.273243	8.899525	-1.8808306	0.2600462
tell_he	8.306407	9.003615	-1.9639204	0.2949878
tell_my_primary	7.442193	8.818629	-1.496326	0.35529044
tell_myself	4.482849	7.237853	1.6744031	1.4199833
tell_people	5.111949	8.299148	1.4127598	1.0252072
tell_them	8.277362	8.930546	-1.890281	0.25500304
temple	5.3807106	7.8870697	-1.0426073	2.5256793
temporary	6.6064973	10.148172	-0.20068984	2.5031676
temporary_relief	5.230803	8.50913	0.7984924	2.1983345
temporary_side_effect	6.64595	9.9958315	-0.627765	2.0769708
temporary_worse	5.0942492	7.630172	-0.97649884	1.0307444
tend_to_get_worse	4.968383	7.259139	-0.39735216	0.0664517
tend_to_happen	4.150252	7.714509	0.13062079	2.4580572
tend_to_swallow	3.8724318	6.78395	0.42863104	2.5739927
tend_to_worsen	4.969499	7.0273213	-0.5211568	0.17313151
tend_to_worsen_with_age	5.2882667	7.46259	-0.7642642	0.6326684
tender	4.471581	6.9009466	-0.44087163	3.0557265
teng	7.149459	10.124513	-1.2807554	1.1364309
tennessee	7.3019414	9.63385	-1.5560725	0.8648614
tennis	4.435658	8.280987	-0.9692268	2.2612448
tennis_ball	5.3675494	7.1197243	0.2830626	4.120049
tense	5.236282	6.050095	0.09879607	3.60209
tense_muscle	5.603522	6.7294426	-0.5052433	2.845917
tense_my_abdomen	4.8865867	8.178202	1.0399978	2.6240096
tense_my_stomach	4.9232545	7.2928834	0.4029385	3.9543884
tense_my_throat	5.0556316	7.036609	-0.06723668	3.2805128
tense_up	5.210583	6.090014	0.12648863	3.5441566
tension	5.2683573	5.9339232	-0.10252418	3.44767
tequila	1.7750664	8.460161	-0.76089436	2.0874026
terrible	3.6367815	6.9210205	0.5417187	1.0816358
terrible_bloat	4.07612	7.2822375	-0.11943185	1.2418901
terrible_emetophobia	4.8912745	7.503241	0.68088573	0.45869547
terrible_heartburn	2.8310363	7.878015	-1.9916456	3.2088428
terrible_hiccup	4.674832	8.097966	-0.12903343	1.4122204
terrible_pain	4.0200744	7.0788865	0.08641292	1.7776659
terrify	4.5523453	7.2920775	1.5231893	0.73542106
terrify_of_throw_up	4.845239	7.642251	0.90016747	0.849013
terrify_of_vomit	4.819854	7.6129866	0.8899777	0.77730006
test	8.004002	8.442544	-2.6053076	1.0315927
test_for_celiac	5.7836823	6.8791876	-1.6040673	0.7788685
test_negative	5.858502	7.02572	-1.5392224	0.63781506
test_result	7.7951965	8.660739	-2.3724635	0.98581535
test_to_confirm	6.5507164	8.10842	-1.5886819	0.86061233
testimony	6.779671	9.346003	-0.21302561	0.30291164
testosterone	5.036908	8.229695	-0.78660715	1.6519295
texas	8.191258	10.128847	-1.8889452	0.8622972
textbook_rcpd	5.7389207	8.101637	-0.48711842	0.7006865
texture	1.7354276	8.013274	-0.7920045	2.8381855
than_before	3.7377453	7.70507	0.7754105	2.0257704
than_late	6.120319	9.203126	-0.46004015	1.0884615
than_normal	3.6088097	7.111449	0.523918	2.3836699
than_regular	4.577266	7.8138366	-0.38354024	1.4316806
than_the_rest	6.5678744	8.181873	-0.8459141	0.8887887
than_usual	3.5253077	7.491271	0.7132025	2.2092767
than_yesterday	4.5130734	9.273168	0.42474324	2.7559888
thank_u	6.4469023	9.498846	0.18342343	0.6103741
thank_you_also	6.4514136	9.077943	-0.00093100104	1.1770068
thank_you_and_congratulation	6.0995607	9.72842	0.2718204	1.1638948
thank_you_definitely	6.078928	9.40493	-0.28505138	1.1174831
thank_you_everyone	6.390613	9.690808	0.14956695	0.8713184
thank_you_for_post	6.741118	9.705632	-0.0122163445	0.49264485
thank_you_for_read	6.6481986	9.5465765	0.15001087	0.49452323
thank_you_for_respond	6.1816654	9.29666	-0.16214336	0.94339603
thank_you_for_share	6.642513	9.704398	0.50270516	0.34829983
thank_you_for_this	6.96536	9.740347	0.20836046	0.19013539
thank_you_for_your_feedback	6.27167	9.647403	0.4488024	0.7631398
thank_you_for_your_input	6.3456273	9.071591	-0.47066998	0.97569054
thank_you_for_your_reply	6.375148	9.622224	0.41697848	0.68184257
thank_you_for_your_story	6.118209	9.426683	0.55901045	0.6692829
thank_you_good_luck	6.2615767	9.555889	-0.15588252	0.97987896
thank_you_how	6.0443673	9.504675	0.22839496	1.1378975
thank_you_ill_definitely	6.288161	9.449651	-0.46256518	1.0539253
thank_you_its	6.0753555	9.436422	0.40824163	0.74965924
thank_you_r/noburp	6.193224	9.12835	0.0667434	0.63534164
thank_you_so_glad	6.1493773	9.544677	0.16945772	1.0300583
thank_you_thank_you	6.403507	9.316429	0.13922063	0.42492023
thank_you_this	6.470367	9.6658945	0.31024942	0.6432205
thank_you_to_everyone_who	6.8487806	9.694355	0.10554993	0.3201278
thank_you_to_whoever	6.3397512	9.047247	0.060453545	-0.08549091
thank_you_what	6.1289873	9.530503	0.33716378	0.8870936
thank_you_x	5.786039	8.996553	0.19702743	1.061203
thank_you_you	6.127683	9.306909	0.21660729	0.7341367
thanks_for_reply	6.2643166	9.626023	0.48209655	0.7498387
thanks_for_share	6.886596	9.903851	0.449088	0.3299454
thanks_guy	6.386888	9.679239	0.07369355	0.87099206
thanks_man	6.6247754	9.490075	-0.73720473	0.8916618
thanks_so_much	6.8470926	9.87596	0.43584836	0.34338665
that_make_sense	4.6040936	7.3077707	1.0973247	3.2140362
that_specialize	8.017776	9.25676	-1.8620942	0.43517214
thc	2.5964897	7.817529	-1.6703335	2.4709387
the_absence	5.0180316	6.999469	-0.698395	0.82893854
the_acid_reducer	2.8189876	7.8469205	-2.099553	3.248664
the_aftermath	4.208513	8.916887	-0.28338888	2.396331
the_airway	5.266519	6.2230234	-0.49640423	3.2671041
the_anesthesiologist	7.8027062	10.840672	-1.8775145	1.8866299
the_bathroom	4.2703743	7.219948	1.657622	2.4294772
the_beginning	5.1528854	8.462655	1.548536	3.194818
the_body	5.4365444	5.910357	-0.17485736	3.3484595
the_botox_migrate	5.368923	7.243572	-0.9834982	2.5704784
the_botox_wear	5.8555427	10.179545	0.91077435	2.6080563
the_brain	5.5467796	5.9290013	-0.25953367	3.3056805
the_camera	5.8734217	8.32152	-1.5748147	3.9456189
the_charm	6.6924567	10.107634	0.40020815	0.88870966
the_condition	6.373546	6.686852	-1.0758611	-0.16034587
the_contrary	5.60125	8.133191	-0.7319502	1.0789729
the_couch	3.8682647	7.0503855	0.28894484	4.131061
the_cp	5.682346	6.144132	-0.70650595	2.9100876
the_cpm	5.4545426	7.422865	-1.0808878	2.6196034
the_cricoid	5.1239667	6.875509	0.07557976	3.987823
the_cricopharyngeus	5.630719	5.798459	-0.5141978	3.1794202
the_culprit	5.6784587	7.035452	-0.9699518	0.7683952
the_development_of_hiatal	5.86337	6.5574603	-1.1868324	0.65670806
the_diaphragm	5.358016	5.911595	-0.1563751	3.424318
the_earliest	7.409607	10.732472	-1.2487975	1.4008574
the_edge	4.3504076	7.0379605	-0.044917304	3.8118064
the_equation	5.508745	6.909087	-0.44718048	2.9601245
the_er	7.841002	8.30986	-2.5943391	1.0870669
the_esophagus	5.479293	5.7199187	-0.41754317	3.1972451
the_evening	2.6924193	8.101012	0.25456038	2.2622805
the_first_trimester	4.21285	7.464092	0.09434461	1.0803856
the_floor	3.9009101	7.021587	0.26633847	4.2420382
the_founder	7.050783	8.108896	-1.4146452	0.46754485
the_fridge	2.3709357	8.394695	-0.7407114	2.253776
the_gist	6.055614	8.128569	-0.6440652	0.9591048
the_good_decision	6.2431245	10.4531	0.395028	1.3858354
the_guardian	7.2029324	9.152796	-0.74831074	0.07450768
the_hang	5.286941	8.318181	1.3995249	3.247575
the_hospital	7.610559	10.847132	-1.8461286	1.9941816
the_idea	4.6102934	7.254415	1.510104	0.6842055
the_infamous	4.569173	7.8469357	0.82552505	1.5172272
the_injection	7.7490315	11.04511	-1.2437594	2.2527204
the_internet	7.3523006	9.256711	-0.22295204	-0.35541204
the_intestine	4.521577	6.034633	-0.34702408	2.8314846
the_intubation	4.5312324	9.357693	0.06868717	2.9926686
the_key	5.3484635	6.98301	0.80951464	3.7834241
the_larynx	5.423098	6.100627	-0.29426557	3.5051093
the_les	5.5133305	5.7174215	-0.4981799	3.053188
the_lower_esophageal	5.552348	5.7873154	-0.5380151	3.089377
the_lump	4.06156	8.9227495	0.3344338	3.0933526
the_majority	6.292187	7.3940105	-0.73655635	0.040090647
the_military	6.3536396	9.138349	-0.6254132	0.5672469
the_mirror	4.7755218	7.2122536	-0.07648562	4.014594
the_morning	2.57889	8.163166	0.12834078	2.3882728
the_muscle	5.5225945	5.856926	-0.1961424	3.4434538
the_netherlands	8.278432	10.342119	-1.9251323	1.0644565
the_nhs	8.4441	10.20685	-2.0474863	1.0226086
the_nose	5.882763	8.307629	-1.5847853	3.950013
the_numb_agent	5.3554473	8.285018	-1.227398	3.3653364
the_operation	7.8135276	11.010866	-1.477631	1.8522867
the_phone	7.929629	10.62169	-1.5678637	1.1351886
the_pnw	7.050561	9.874641	-1.2716014	1.1197019
the_price	8.320648	10.840482	-2.214774	1.9766823
the_private_sector	7.532382	9.566555	-1.621718	0.76428074
the_procedure	7.8092227	11.103263	-1.2345601	1.961465
the_progression	7.1476674	9.25037	-0.92780346	0.3023583
the_right_direction	6.831647	9.504546	0.09714272	0.713205
the_roof	4.634026	6.6574593	0.17424308	4.1973176
the_same_boat	6.673818	9.993938	0.5998871	0.5175717
the_scheduler	7.682378	10.171913	-1.6163296	0.9901225
the_scope	5.88988	8.318491	-1.5783081	3.9327564
the_sensation	4.570626	7.0556207	0.97097135	3.3527968
the_shard	7.5780587	10.5573635	-1.8149421	2.0446217
the_shower	3.9128122	7.0398765	0.31856805	4.05726
the_side	4.9673004	6.9352927	0.86998737	4.2876153
the_sink	3.9481397	7.04012	0.4024625	3.7080767
the_sixteenth	7.2966766	10.5489855	-1.2847481	1.3813187
the_sole	5.919294	7.1887693	-0.879536	0.5554859
the_spectrum	5.728472	8.179682	-0.5557609	0.6718333
the_sternum	4.5821357	6.5745316	-0.30381817	3.2747598
the_subreddit	7.828433	9.275382	-1.0202041	-0.067031436
the_surgery_center	7.7268567	10.851824	-1.8729883	1.9975396
the_tik_tok	6.748848	9.074715	-0.32233697	0.47327188
the_title	7.242183	9.31038	-0.6198438	0.023027059
the_toilet	4.295915	7.194417	1.6712159	2.413135
the_trachea	5.4484897	6.178871	-0.5529646	3.2355585
the_ues	5.5406804	5.7628746	-0.36105564	3.299359
the_uk	8.445883	10.278251	-2.0333407	1.0330526
the_upper_esophageal	5.6495023	5.7613006	-0.5557921	3.1186078
the_urge	4.208458	7.148024	1.5494795	2.1513479
the_usa	8.034329	10.0541	-1.8731565	0.934709
the_vast	6.7974544	8.474793	-0.99347526	0.8727262
the_vast_majority	5.8651156	7.9816136	-0.48372072	0.73955417
the_verge	3.9182746	7.471852	0.7425067	1.7881917
the_waist	3.8001027	7.110634	-0.007946823	4.1438303
the_waitlist	7.5506506	10.678933	-1.3509828	1.2810425
the_wiki	7.9565387	9.311165	-1.2551768	0.020295557
the_windpipe	5.3795366	6.245878	-0.6448183	3.1760306
the_worst	3.6414046	6.9399347	0.52056044	1.182931
the_wrong_pipe	2.772244	7.8587184	-0.17710538	3.0848362
the_x_ray	7.8647704	8.315943	-2.556942	1.0170834
theatre	5.790087	9.051042	-1.7188925	3.3090982
their_20s	5.2506685	7.5826583	-0.30727616	0.088041715
their_chest	4.57123	6.675322	-0.21252812	3.0149605
their_condition	6.511327	8.906201	-0.248008	0.34229875
their_emetophobia	5.441286	7.5917277	-0.48459733	0.3065922
their_experience	6.976706	9.449325	-0.17058653	0.22263959
their_journey	6.811488	9.356716	-0.27553105	0.31323242
their_life	5.439643	7.6927695	0.08921298	-0.13066603
their_name	7.6417084	9.433952	-1.3719677	0.35472775
their_parent	6.0059185	8.482004	-0.62075245	0.957329
their_r_cpd	6.0693493	7.4879684	-0.8405984	0.24209806
their_stomach	4.806352	6.3335757	0.032165594	3.4946828
their_story	6.890784	9.292573	-0.347021	0.18578884
their_success_rate	7.447526	10.490634	-0.97023684	2.3557
their_symptom	5.8568196	7.2181907	-0.8155287	0.27463487
their_system	6.881803	9.482461	-1.2197272	1.4170252
their_tongue	5.285955	7.680712	-0.66655874	2.4901278
them_direct	7.3440223	9.590695	-1.529304	0.7938389
them_out	4.976157	7.21855	1.1245948	4.027757
theme_park	4.016248	8.449066	-0.27185586	1.774404
then_gradually	5.3501573	9.6306	0.84433264	2.436146
then_insert	5.7262526	8.2835655	-1.4282683	3.6848097
then_suddenly	4.5947866	8.365539	1.0487674	1.5826296
theorize	6.01892	7.1198883	-0.93122405	1.1632338
theorize_that	5.907528	6.7574296	-1.0856608	0.72886705
theory	6.178029	6.449686	-1.0726589	0.6281018
theory_that	5.8351436	6.284563	-1.0364437	1.3999293
there_a_lot	5.756072	7.9777446	0.080263235	1.5689638
there_a_lump	4.070297	8.881981	0.25219274	3.1226947
these_air_bubble	4.316943	7.0214725	0.33819842	3.0841324
these_drug	2.7170014	7.838251	-2.0375855	3.3983085
these_episode	4.118327	7.329822	-0.06913229	1.5416495
these_exercise	5.9074564	7.41843	0.51160216	4.0625067
these_factor	5.560725	7.4746647	-0.73766494	1.772636
these_hiccup	4.6711745	8.084781	1.2392657	2.1586173
these_horrible	4.7993956	7.853967	-0.086250246	0.9337662
these_issue	5.400652	6.382585	-0.8535267	0.057064738
these_noise	4.0686946	7.9431243	1.1635193	1.5155993
these_post	6.663387	9.150623	-0.083341494	-0.13404419
these_side_effect	6.273935	9.922754	-0.15091491	1.8408366
these_symptom	5.2944474	6.3823676	-0.7592321	0.008978506
these_test	8.050183	8.71816	-2.135822	0.54570967
these_thing	6.1359215	6.6884055	-0.8766597	0.25716993
these_tip	6.456568	9.34067	0.0101147285	0.8075913
these_weird	4.3824635	7.9825463	1.6784617	1.8903874
they_are	4.9326434	8.363895	1.2769492	2.1996155
they_cover	8.271072	10.653911	-2.188615	1.8016721
they_give	5.8168674	8.474192	-1.634714	3.7991664
they_inject	7.4367776	10.376182	-1.4327395	2.841774
they_insert	5.6881866	8.278267	-1.4164321	3.712989
they_numb	5.8607416	8.300147	-1.5640968	3.9252539
they_prescribe	2.6059344	7.730363	-2.2048764	2.9876382
they_put	5.885258	8.344193	-1.5899973	3.928096
they_sell	2.8425727	7.915791	-1.6284298	2.617832
they_spray	5.8086104	8.336796	-1.5593032	3.8876805
thiamine	6.1311226	7.9650908	-1.3908752	1.3118637
thick_food	2.4040809	8.238779	-0.70292276	2.893554
thick_mucus	4.279473	7.468103	0.030804386	2.5798297
thick_saliva	4.0091434	7.340721	0.18167351	2.2765458
thicken	5.108526	7.8859134	-1.1451467	2.1610515
thigh	4.6670613	7.185009	-0.2353459	3.8935487
thin_liquid	2.2098072	8.195641	-0.7759902	2.8130503
thing_move	5.7103024	7.319331	0.43393543	4.0730453
third_attempt	6.99006	10.592901	-0.59389853	1.9782466
third_dose	7.0694656	10.761862	-0.40691698	2.0867612
third_grade	4.974859	7.729631	0.6213158	0.3560258
third_injection	7.2180004	11.098733	-0.36058557	2.3934207
third_one	7.0583496	10.801498	-0.4099724	2.1335838
third_or_fourth	5.2690187	9.609002	0.17372449	1.9310131
third_procedure	7.15346	10.502358	-0.9733763	1.442965
third_round	7.178779	10.999438	-0.3690643	2.256886
third_time	7.311343	11.174814	-0.3287941	2.47753
third_trimester	3.6372585	7.8199673	-0.20204173	1.7272844
third_week	5.4169106	9.852396	0.8796424	2.4908175
thirsty	2.4242535	8.246033	-0.5818706	2.3288426
thirties	5.160977	8.031789	-0.111066476	0.20078422
this_article	7.553835	9.213318	-1.0103472	0.06141261
this_community	7.118878	9.389099	0.11920292	-0.26011822
this_condition	6.2565007	6.653032	-0.9979135	-0.1798717
this_disease	7.1848664	8.653199	-1.0238897	0.17465162
this_disorder	6.4046445	6.7433515	-1.0693716	-0.15407702
this_forum	7.280239	9.353869	-0.069528714	-0.34075356
this_friday	7.301874	10.892961	-0.96561277	1.3741558
this_group	7.251824	9.355571	-0.027683157	-0.33818814
this_information	7.1731734	9.440571	-0.34874174	0.2330941
this_method	5.8121467	7.410088	0.6705293	3.9898667
this_page	7.344331	9.291115	-0.17508252	-0.3684094
this_problem	6.1014805	6.724241	-0.82474923	-0.22829902
this_reddit	7.29398	9.329115	-0.08816836	-0.37345323
this_reddit_page	6.5163007	8.929176	-0.32242465	0.33625308
this_shit	5.786083	8.879847	0.49955595	0.6219647
this_stage	5.590161	9.209798	1.1135904	2.5439868
this_stupid	5.6952147	8.201118	0.054016985	0.48118103
this_sub_wiki	7.5323386	9.574103	-1.6170961	0.7033783
this_subedit	6.1289663	9.111664	0.1383001	0.6139561
this_subreddit	7.275191	9.339594	-0.07384316	-0.37287217
this_technique	5.7611656	7.323386	0.62670285	4.071705
this_thread	7.2379947	9.402891	-0.006308125	-0.28970882
those_bubble	4.459606	7.203707	0.41854134	2.9302654
those_mini	5.1004133	8.478848	1.1016539	2.5172567
those_muscle	5.3494163	6.34654	0.30441976	3.7369788
those_noise	4.2063985	7.9364433	1.3307794	1.731079
those_of_us	6.1262717	7.1809616	-0.94346106	0.3058968
those_symptom	5.3751507	6.356015	-0.82898426	0.029765515
those_test	8.040639	8.752015	-2.2595482	0.7191872
those_thing	2.1776772	7.6976075	-1.4125003	2.1075752
those_with_r_cpd	6.1342773	7.5017524	-1.0649323	1.2639121
thousand_of_dollar	8.263796	10.13545	-2.1144454	1.2037545
thread	7.3169026	9.343755	-0.1567829	-0.32648784
thread_about	6.9898605	9.19804	-0.54498726	0.2100146
three_hour	3.1911962	8.6490135	-0.26782432	2.4289188
three_month	5.6994514	10.22716	0.8291271	2.535691
three_time	4.3768687	8.2489195	1.4513655	1.2014123
three_week_ago	6.680151	10.536826	-0.33254132	1.9244905
thrill	6.4453826	9.699629	0.59564143	0.35858923
throat_area	4.9563217	6.398033	-0.25879654	3.3421957
throat_chest	4.323714	6.868175	0.087233156	2.4259882
throat_clear	3.8894255	7.168012	0.07516323	2.3614028
throat_croak	4.115164	7.1755424	0.40946424	1.2402824
throat_disorder	7.1215057	8.689842	-1.5898687	0.8906075
throat_gurgle	3.8234487	6.685664	0.64772516	1.2446802
throat_infection	5.1441255	7.933571	-0.53753835	1.1193548
throat_massage	5.914432	7.4684925	0.4477199	4.0108557
throat_movement	5.0759964	7.635146	0.7289137	2.7785618
throat_muscle	5.4416633	5.959314	-0.08146078	3.5178907
throat_nausea	3.8413906	6.52823	0.340626	1.0716933
throat_noise	4.2715745	7.873207	1.6291287	1.7806551
throat_numb_spray	2.8538907	7.9613185	-1.6314089	2.9807622
throat_pain	4.420427	9.493583	0.37090504	2.8217776
throat_pressure	4.089131	7.0306225	-0.09130379	1.3004265
throat_punch	5.849333	7.3914647	0.38819653	4.0662503
throat_region	5.5284734	7.047365	-0.96273726	2.1487281
throat_soreness	4.627596	9.276731	-0.14871132	2.4117324
throat_tightness	4.0777063	6.814933	-0.09177119	1.6180972
throatox	7.488386	10.926761	-1.0422289	1.3515426
throaty	4.7093177	8.497599	0.827851	2.4808705
throb	4.2173414	6.7426953	-0.23421475	1.979021
through_insurance	8.158399	10.652044	-2.107989	1.950096
through_my_nose	5.8284044	8.255067	-1.5369481	3.929655
through_the_nhs	8.272595	10.023391	-1.9247118	0.8748592
through_various	5.961428	7.652702	-0.07969628	3.013337
through_your_nose	4.6767945	6.6979527	0.06362025	4.183297
throughout_childhood	5.008967	7.952283	-0.096108235	0.4448207
throughout_my_20s	4.9058995	7.7488194	-0.17448425	0.12558724
throughout_my_entire	5.0950527	8.357311	0.1961983	0.39327395
throughout_the_day	3.171286	7.711467	0.7834904	2.0401368
throughout_the_evening	4.2064595	7.8863416	0.2116656	2.3339884
throughout_the_night	3.8776813	7.897184	0.057821907	2.167789
throughout_the_process	6.2903147	9.297443	-0.96068054	1.1303998
throughout_the_year	5.2545094	8.611976	-0.7161993	1.4588939
throw_off	5.167024	7.156318	-0.9972872	2.2269099
throw_up	4.3587265	7.1023717	1.7506526	1.6813741
throw_up_a_couple	4.4871187	7.728489	1.2273407	0.9363831
throw_up_a_little	4.2871885	7.9804955	0.90245384	2.4115217
throw_up_again	4.8279953	7.611193	0.90876615	0.67103654
throw_up_air	4.4325743	7.152176	1.7494798	2.110889
throw_up_at_all	4.8609	7.548932	0.84530944	0.47026464
throw_up_be	4.425937	7.1602945	1.5957862	1.2961226
throw_up_because	4.444113	7.1698284	1.6917306	1.6554027
throw_up_but	4.359656	7.10196	1.7558322	1.780337
throw_up_due	4.949952	7.857567	0.27333346	0.84963775
throw_up_either	5.3998413	7.9271355	0.7086207	0.85592383
throw_up_even	4.863611	7.5906463	0.8565872	0.71617
throw_up_even_though	5.0586653	7.823279	0.69440806	0.95333743
throw_up_feel	4.8261495	7.596242	1.0815562	2.3486698
throw_up_i	4.345889	7.102477	1.7456349	1.6787691
throw_up_in_my_mouth	4.244589	7.992811	1.0582707	2.2463715
throw_up_in_year	4.922394	7.6769924	0.90496075	0.93282366
throw_up_it	4.4041033	7.144724	1.6993165	1.6347488
throw_up_its	4.385223	7.2042193	1.64831	1.7905082
throw_up_just	4.3472567	7.228383	1.625395	2.108048
throw_up_like	4.688774	7.4638867	1.0878787	0.7416045
throw_up_lol	4.4680347	7.2671876	1.5714185	1.8624402
throw_up_more	4.885868	7.678449	0.8504977	0.8378538
throw_up_most	4.615999	7.94165	0.6713737	1.4316064
throw_up_once	4.6990476	7.4946632	0.95756364	0.52225477
throw_up_since	4.784425	7.4302545	0.9857176	0.44598764
throw_up_so	4.4277525	7.1424274	1.71448	1.6718566
throw_up_though	4.598961	7.7311573	0.6741919	1.342927
throw_up_when	4.4156947	7.2037764	1.639491	1.6796691
throw_up_which	4.6581388	7.4621696	1.0733573	0.9051942
throwaway_account	6.9053793	9.16887	-0.6300379	0.33549407
thrush	2.6666236	7.698247	-2.3058774	3.2415273
thunder	4.9355125	8.265341	0.8952044	1.4622561
thursday	7.3212347	11.077237	-1.0441532	1.5474551
thursday_night	5.4727182	9.712946	-0.024299238	2.0970101
thus	5.5253186	5.8670363	-0.5662911	3.0418248
thus_far	6.268565	9.796799	0.2758449	0.98371536
thyroid	6.1350255	6.7604775	-1.4813179	1.2967832
thyroid_issue	5.993683	7.382224	-1.2835344	1.1693504
thyroid_problem	6.008469	8.2696085	-1.2314373	1.2096461
tickle	3.8850532	7.173737	0.33183235	2.985621
tickle_in_my_throat	3.7142391	7.487415	0.43100932	2.2038662
tif	6.001077	7.736401	-1.325794	0.8211331
tif_procedure	5.976761	7.426331	-1.4316385	0.9496467
tight	5.2564726	5.9472003	-0.071763195	3.5031092
tight_chest	4.112172	6.852227	-0.13870323	1.5802059
tight_clothes	4.418301	8.239984	-0.020913785	1.627069
tight_muscle	5.6431293	6.699496	-0.83924353	2.362407
tight_neck	5.6749387	6.739132	-0.83942676	2.3283083
tight_pressure	4.2280545	6.8232493	-0.20477454	2.1861866
tight_ues	5.870688	6.507752	-1.1836425	2.0966911
tighten	5.3263702	5.9054165	-0.10390284	3.4742365
tighten_my_throat	4.3929276	7.1928406	0.59884983	2.912391
tighten_up	5.177729	5.9855356	-0.107188016	3.4192262
tighten_your_ab	4.976269	7.0780087	0.2242815	4.057818
tightness	4.4192195	6.422438	-0.17095625	3.1072576
tightness_in_chest	4.7900634	7.2592645	0.2954461	0.7477193
tightness_in_my_chest	3.9007952	6.8722486	0.15336925	1.9345104
tightness_in_my_throat	3.858547	6.8773546	0.15452415	1.8790042
tik_tok	6.4748535	9.029486	-0.06640788	-0.08643112
tiktok	7.2695827	9.2682705	-0.11575154	-0.4028776
till_so_far	7.277615	8.404881	-1.4324751	0.411715
tilt	4.773515	6.8175983	0.60382444	4.317045
tilt_my	4.8552017	7.1853685	0.28197154	4.228483
tilt_my_head	4.8718634	6.9541087	0.8315625	4.2571487
tilt_my_head_down	4.88323	7.056223	0.7031912	4.2717223
tilt_your	4.825599	6.876338	0.19500436	4.176703
tilt_your_head	4.9811163	7.0618696	0.5250406	4.316036
time_and_money	8.274498	10.061982	-2.1146889	1.1100017
timeframe	6.4666963	9.579278	-0.435622	1.2087528
timing	5.253621	7.214503	1.0696003	3.981465
tingle	4.3055215	6.8484507	-0.3062163	2.213932
tinnitus	5.040417	6.795732	-0.7413675	0.779516
tiny	4.877232	8.677045	1.7600265	2.791988
tiny_bit	3.913627	7.2737904	0.71646893	3.1587114
tiny_bit_of_relief	5.093115	8.46344	0.97141695	2.4777923
tiny_bite	2.0651417	8.104268	-0.7590836	3.3605995
tiny_burp	4.942149	8.73317	1.8208629	2.8680248
tiny_little	4.838225	8.587515	1.6485951	2.6903927
tiny_microburp	5.0068274	9.022491	1.4438004	2.6456437
tiny_one	4.9166446	8.757346	1.5926988	2.6157012
tiny_pop	4.653636	8.095179	1.1722628	2.6611116
tiny_sip	2.1639302	8.043181	-0.9150576	3.4162543
tiny_tiny	4.9193444	8.728651	1.4980812	2.637995
tip_of_your_tongue	4.9256015	7.672287	-0.6441072	3.4526489
tire	4.512774	8.4430065	0.17972073	2.6686926
tired	4.0860977	9.434059	0.23239827	2.9179816
tissue	5.4597034	5.969822	-0.49675345	3.1887956
tit	5.455896	8.912594	-0.5239424	1.4812983
title	7.572212	9.264779	-1.1488597	0.16494283
tmi_but	4.690467	8.009322	1.0230652	1.6029444
toast	1.6685059	8.152267	-0.66868633	2.9806569
tobacco	4.3101926	8.239142	-1.2710841	2.113191
toddler	5.1636386	7.691505	0.58760184	0.09191199
tofu	2.600451	8.322984	-0.880591	2.5255904
toilet_paper	2.8815987	7.794824	-1.5693144	3.4494216
tolerance	2.6369398	7.7851067	-1.3041565	2.0017521
tolerate	1.8996727	8.029792	-0.3198823	2.787903
toll_on_my	2.6866028	7.8577447	-1.9305472	3.4867425
tomato	1.68473	7.9015665	-1.1048115	2.3941245
tomato_sauce	1.9750482	8.025945	-0.95794445	2.2686849
tomorrow_mark	5.8977594	9.95999	0.5089877	1.7407672
tomorrow_morning	7.3317547	10.918063	-1.040702	1.3670868
ton_of_microburp	5.427022	9.773844	0.6908611	2.292351
ton_of_post	6.7299795	9.142217	-0.33981165	0.20975438
tongue	4.774882	6.4190183	0.14248735	4.0492034
tongue_cancer	5.7112517	7.3538046	-1.18964	1.3720684
tongue_placement	5.844253	7.4601493	0.07485127	3.4245806
tongue_position	5.7205887	7.01445	-0.2074098	3.398703
tongue_posture	5.668998	7.124669	0.030756082	3.6962237
tonsil	4.7785606	7.239317	-0.6816042	3.231661
tonsil_stone	5.216361	7.5167837	-0.94414574	1.3251988
tonsillitis	4.1414075	7.382912	-0.17763264	1.8634533
too_bad	4.5005455	9.552897	0.4274674	2.7212124
too_big	2.0363617	8.164119	-0.5598843	3.000275
too_drunk	4.7230067	7.8255386	0.79431313	1.308207
too_hungry	2.717542	8.3630085	-0.42918548	2.237005
too_loose	5.640293	5.953846	-0.64982986	3.0074327
too_much_alcohol	4.7534337	7.6144423	0.8884825	0.6488845
too_scared	4.6056705	7.297635	1.466977	1.4344668
too_tight	5.437179	5.8556356	-0.23288313	3.3867269
too_weak	5.489481	6.658629	-0.6765721	2.7687416
too_wide	5.452019	6.556832	-0.75587654	3.0619438
too_young	6.0552144	8.664756	-0.4849748	0.714411
tooth_brush	4.7637873	7.3437104	1.0527594	2.6453645
tooth_grind	5.399724	7.528423	-0.95360416	1.0233835
tooth_remove	6.461399	10.066786	-1.0928437	1.7715436
toothbrush	4.7828054	6.9087706	0.59766066	3.917341
top_of_my_stomach	5.0577726	7.671516	-0.74296594	2.8866487
top_of_my_throat	4.705923	7.6351213	-0.40468112	3.0241182
toronto	8.299276	10.240234	-1.9058552	0.9343165
toronto_canada	6.4970675	9.818936	-0.950502	1.4151727
toronto_ontario	7.5455165	9.716755	-1.6088047	0.78297895
torso	4.7741995	6.7651	0.0967685	4.013155
torture	3.919376	7.494957	0.7211639	1.5841192
total	8.105748	10.889074	-2.095065	2.1242516
total_anesthesia	7.4244003	10.411963	-1.2881364	2.6265593
total_change	6.1158433	10.274272	0.5076057	1.162461
total_convince	4.6894374	6.960494	-0.5761872	1.232552
total_cost	8.045747	10.844136	-2.07832	2.0272992
total_doable	4.7521453	9.070606	-0.46694654	2.30629
total_fine	4.1379414	9.522375	0.17426863	2.9198892
total_make_sense	5.924098	9.402864	0.3265824	1.1203668
total_manage	4.784407	9.57995	0.35756996	2.439205
total_sense	3.7846093	7.7446575	0.94023454	1.1304077
total_worth	6.3111625	10.341315	0.32736728	1.5556359
touch_my_throat	4.888637	7.9844747	0.33601394	1.9520307
tower	6.4047365	9.221924	-1.11021	0.97725356
trachea	5.281592	6.520621	-0.46114776	3.260025
tract	4.863807	6.2147527	-0.76573676	2.4959822
traction	6.8985896	8.590515	-1.2618691	0.7861033
trade	5.586634	8.367481	-0.47850025	1.1656655
trader	5.68724	8.950115	-0.93310225	1.5272015
train	5.462666	7.3454247	1.0443565	3.5644367
train_themselves	5.8493714	7.966689	0.8708795	3.297815
train_your_body	5.6602035	8.229178	1.0996902	3.232053
train_your_brain	5.6755457	8.084359	0.8810689	3.0879238
train_yourself	5.754227	8.053385	1.0026695	3.303525
trainer	5.282229	8.429707	-1.0551156	2.0519743
trait	6.2069087	7.3480825	-0.7890154	0.45532048
trans	6.09454	8.68422	-0.4723101	0.6277419
transit	5.408493	7.274325	-1.2754648	1.7530717
transition	5.3887877	8.375211	1.3438218	3.2167988
transition_into	5.7332644	9.345159	0.39394602	1.351048
transition_period	5.9836783	9.604885	0.4647616	1.1980349
transnasal	7.6394734	8.528706	-2.387937	1.1598775
transport	7.4463925	10.556319	-1.854686	2.0770116
transportation	7.688835	10.669695	-1.9408044	2.0357337
transverse_colon	5.503775	7.7278714	-1.3329715	1.6343445
trap	4.371815	6.245224	0.24881645	2.9403915
trap_air	4.1620574	6.121321	0.0509972	2.6506884
trap_air_gas	4.813328	6.817616	-0.7707762	1.9179333
trap_gas	4.10171	6.149883	0.05372885	2.4892163
trap_gas_pain	4.510391	7.348246	-0.42960802	1.3507466
trap_in_my_stomach	4.2597528	6.2908344	0.14237453	2.7134242
trap_in_my_throat	4.3062115	6.6883745	0.41176245	2.9009554
trap_inside	4.292437	6.3800826	0.25205347	2.741444
trap_wind	3.8306274	6.6628976	0.19833675	1.1918546
trapezius	5.179676	6.541502	-0.66144997	2.8981473
trash_can	4.0583377	8.067141	0.07360549	2.334986
tratamiento	5.436403	8.158854	-1.5778204	1.9908354
trauma	5.9422054	6.369313	-0.969642	0.59522647
traumatic	4.6653843	7.2662573	1.2742839	0.607908
traumatic_experience	4.8928742	7.417648	0.89013416	0.4010315
traumatic_vomit	5.2542214	7.5369434	0.37464812	-0.28043786
traumatic_vomit_episode	5.3037744	7.583794	0.3122385	-0.27764824
traumatize	4.6875076	7.330669	1.1340188	0.5869076
travel_alone	7.430751	10.591118	-1.7795337	2.1033025
travel_through	4.45405	6.900439	0.10639598	2.589956
travel_to_chicago	8.336743	10.592792	-1.9962273	1.3445368
travel_to_london	7.3945327	9.814859	-1.4098314	1.1410307
travel_up	4.4547796	6.387029	0.30922133	3.3258514
tray	3.8541257	8.503971	-0.5970019	1.9481852
treadmill	4.5530024	8.157454	-0.8089494	2.465281
treat	8.075704	8.945399	-1.7533116	0.33897376
treat_achalasia	6.005643	6.344636	-0.93783784	2.5791237
treat_by	8.131529	9.376919	-1.7216613	0.38450366
treat_dysphagia	7.373066	8.877136	-1.6470238	0.87541133
treat_patient	7.3636026	8.541884	-1.5705811	0.45595595
treat_r	7.160653	9.298457	-1.4653263	0.95996803
treat_r_cpd	8.121013	9.22226	-1.7692441	0.38720798
treat_rcpd	8.218616	9.207694	-1.8200866	0.32824177
treat_soon_rather	6.113507	9.221668	-0.43190232	1.0729942
treat_swallow_disorder	7.162074	9.044771	-1.545745	0.916018
treatment	7.871547	11.032379	-1.1789428	1.7435783
treatment_for_r_cpd	8.0122175	9.840594	-1.8937446	1.0153933
treatment_option	7.811735	9.156772	-1.5615315	0.3971159
tri	6.1133294	9.114372	-0.85180146	1.3045886
trial	7.3994446	9.202405	-1.6764253	0.80146646
triathlete	5.0554748	8.661571	-0.836071	1.6900767
tricare	8.030907	10.571313	-2.0555615	1.7768596
trick	5.535084	7.151512	0.7946645	4.0905623
trickle	4.679764	7.4042583	0.041573532	2.9392803
trigger_by	4.0503144	6.7893867	0.31665647	1.1500118
trigger_food	1.6617409	7.8060474	-1.1145214	2.2702124
trigger_my	4.359164	7.129448	1.6305879	2.205212
trip_home	4.475272	8.677641	-0.92652446	2.5269945
tritter	7.1797566	10.050889	-1.3545735	1.112287
trivial	5.873974	8.277299	0.07706894	0.6490799
trouble	4.654197	7.050187	-0.058054697	0.6510735
trouble_swallow	4.6501245	9.51674	0.28386173	2.4996388
trouser	5.313556	8.375674	-1.464662	2.1213784
true	6.0964265	6.597074	-0.7202051	0.3615212
true_relief	4.845283	8.174834	1.110865	1.8064847
truly	5.9577003	8.997227	0.85692245	0.28327668
truly_change_my_life	6.074894	9.199642	0.27959287	0.30264825
truly_life_change	6.339323	10.374278	0.2784698	1.4517488
truly_understand	6.076263	8.915238	0.25940722	0.69270676
trunk	4.892852	6.7717752	-0.5656143	3.2208805
try_a_bunch	5.8581004	7.4392424	0.34884942	3.9934742
try_again	7.3378005	11.17707	-0.30888012	2.499546
try_everything	5.995651	7.7176785	0.4514589	3.4013996
try_fodmap	5.52254	7.395128	-1.6946487	0.99192697
try_shaker	5.9503665	7.490152	0.48517993	3.9235528
try_shaker_exercise	5.9404225	7.4944577	0.55272114	3.9390194
try_to_avoid	1.7435882	7.901611	-0.9374843	2.1937225
try_to_convince	8.179397	8.857504	-1.8565471	0.2539706
try_to_determine	5.975456	7.6620836	-1.370877	0.9885236
try_to_escape	4.344349	6.456535	0.4513192	2.997372
try_to_explain	7.4029074	8.365274	-1.0623437	0.11606446
try_to_fall_asleep	4.1155205	7.7546806	0.1324825	2.3437264
try_to_fight	4.383683	7.580156	0.51884323	2.3205986
try_to_force	4.9167333	7.039243	1.0548195	3.9434233
try_to_ignore	4.442067	7.8994026	0.28967535	1.8312793
try_to_push	4.8971543	6.98059	0.90793097	4.081908
try_to_relax	5.157172	7.008963	0.95083886	4.0966134
try_to_replicate	5.0351315	7.1035867	0.6878351	3.8802788
try_various	2.863357	7.73488	-1.4984024	2.283557
tu_faire	5.362743	8.472742	-1.7976909	2.2163959
tuba	4.9908977	8.26361	0.9509488	1.759582
tube_down_my_throat	5.600874	8.347529	-1.4414591	3.455709
tube_down_your_throat	5.823471	8.316753	-1.5183492	3.8107011
tube_insert	4.4458127	9.122877	-0.49012154	2.570736
tube_place	4.910519	7.5407743	-0.5670315	2.6259038
tube_up	5.879	8.272065	-1.5907319	3.8681917
tuck	4.6389704	6.8539867	0.03694017	4.0999455
tuck_my	4.8908644	7.2189302	0.38732812	4.202053
tuck_my_chin	4.8631024	7.0130486	0.6297219	4.213286
tuck_your	5.1230817	7.1518383	0.3346498	4.0342827
tuesday_morning	7.1877007	10.789109	-1.4857751	1.9318244
tug	5.027812	7.13901	-0.07671149	3.2402313
tummy	3.9323401	6.3887334	0.057532977	1.6776483
tummy_ache	3.786074	7.5568748	0.24729902	1.615127
tummy_pain	4.24099	7.2411423	-0.2809181	1.2274288
tums	2.3375704	7.6049724	-2.2574594	2.977836
turmeric	2.6054337	7.7575936	-1.8186983	2.5651436
turn	4.895716	6.9711237	0.8584794	4.291893
turn_19	5.1054287	8.140721	-0.14810455	0.3157228
turn_40	5.8404107	9.754275	-0.16199216	1.6371686
turn_away	6.2212505	8.668685	-0.6094625	0.60510635
turn_head	4.9970775	6.9943852	0.8139551	4.322155
turn_my	4.9032655	7.010314	0.742381	4.3125386
turn_my_head	4.964927	7.1248198	1.0360318	4.1317306
turn_my_head_down	4.9278026	7.1589804	0.6612162	4.2427893
turn_my_neck	4.892747	7.116195	0.7123723	4.231004
turn_out	5.877842	6.4928966	-1.5451547	0.4509407
turn_point	5.43315	9.408328	0.87588155	2.3290331
turn_them	5.044384	8.833027	1.36731	2.590819
turn_your	5.1188927	7.1124396	0.42256916	4.223079
turn_your_head	5.082129	6.985386	0.8421432	4.2703786
tutorial	5.9581985	7.4179716	0.4190812	3.996648
tw	5.1090164	7.432062	0.64224255	0.47547078
tweed	5.398579	8.700184	-2.4427948	2.327236
twenties	4.971181	7.6732125	-0.25266027	0.092253804
twenty_minute	4.8225846	8.665294	-0.7774676	1.8003842
twinge	4.6084485	7.07912	-0.58541834	2.495347
twist	4.737443	6.446779	0.30326107	4.0567555
twist_my_body	4.9396396	7.221419	0.39164793	4.206382
twist_my_head	4.8690023	7.042483	0.77370167	4.289809
twist_my_torso	4.962632	7.192685	0.5233599	4.1347594
twist_your	5.225469	7.038742	0.2736853	4.0432763
twist_your_head	5.140343	7.224006	0.30780092	4.084466
two_and_two_together	5.7267046	8.671532	-0.2286797	0.6889068
two_beer	1.7597201	8.4120655	-0.44907564	2.0132532
two_dose	6.7999153	10.500639	-0.35765883	1.9706811
two_endoscopy	7.6820097	8.503218	-2.3679082	0.9934122
two_finger	4.8256865	6.972221	0.6824711	3.8274844
two_injection	7.220099	10.931977	-0.57251984	2.3322299
two_minute	3.2475915	7.8100653	-1.2088106	3.4840407
two_month_ago	6.3742805	10.4261055	0.12271987	1.5307286
two_separate	7.406652	10.459042	-1.5406189	2.2049892
two_shot	7.0104585	10.672326	-0.49698693	2.0455089
two_specialist	7.455277	9.415564	-1.561983	0.6847651
two_week_late	5.7640133	9.952308	0.2562444	2.0524058
two_week_mark	5.5787296	9.815858	0.5620934	2.1480012
two_week_post_op	5.379606	8.856079	-0.8337887	1.6055617
two_year	5.261603	8.462194	0.29469258	-0.11700001
tylenol	2.4514048	8.061129	-1.5565424	3.3025396
type_noise	4.356074	7.9091673	1.3282292	1.8277367
type_of_food	2.277083	7.947797	-1.279058	2.1515155
type_thing	4.5396733	8.106694	0.8102216	2.2664053
typical_symptom	5.2916408	7.4640746	-0.67180896	0.39127052
u_k	7.0377784	9.517568	-1.3738259	1.0856363
u_s	8.308949	10.206028	-2.0690823	1.1295676
uber	7.2321115	10.68136	-1.8862273	2.079181
uci	7.8411736	10.492923	-1.7370785	1.2983869
ues	5.589517	5.7444816	-0.48766994	3.1806421
ues_and_les	5.6282196	6.2809477	-0.8078624	2.8078508
ues_muscle	5.6854033	5.8630595	-0.5498349	3.1785588
ues_open	5.160644	6.5312595	0.4041727	3.8618753
ugh	5.844512	9.117711	0.91987526	0.59835225
ugh_yeah	4.3758783	8.247417	0.09982064	1.5035548
ugh_yes	5.38537	8.7857685	-0.2688711	0.78147787
ugly	4.947476	8.226566	0.6801075	1.5166125
uh	4.8864875	8.163338	1.0530645	1.5716138
uhc	8.231146	10.5856905	-2.1839757	1.7723476
ulcer	5.8231025	6.3417892	-1.53596	0.64853626
ulcerative_colitis	5.587122	6.9231505	-0.9799054	0.55018055
ultimate_lead	5.0196037	6.631131	-0.8998856	2.4147658
ultrasound	7.84246	8.291939	-2.598116	1.0630281
umbrella	6.2229633	7.403326	-1.4342755	1.1222216
umm	5.7535076	8.518496	-0.43387428	1.4126753
ummm	5.1127577	8.802969	-0.37773758	1.80222
un_grupo	5.3548956	8.409769	-1.7137669	2.0732527
unable_to_burp	5.321792	7.451898	0.34253237	-0.3124939
unable_to_swallow	5.0171204	8.647766	-0.33718595	2.1093059
unable_to_take	4.1122437	7.646167	0.13879122	2.272304
unable_to_throw_up	5.039198	7.632939	0.30113629	0.6919189
unable_to_vomit	4.894766	7.4465094	0.6231839	0.36666924
unaware	7.1946955	8.0814085	-1.2256347	0.20139736
unbearable	3.703433	6.7916465	0.43048257	1.0163255
unbelievable	4.2810464	7.7094674	0.18839973	1.0562716
unbutton	3.56105	7.8620553	-0.21948117	2.1231527
unbutton_my_pants	3.180154	8.088773	-0.12822768	1.9009291
uncertainty	6.1471167	9.017614	-0.61300147	1.2000914
uncomfortable	3.45257	7.3325005	0.80887216	1.598623
uncomfortable_sensation	4.4009037	7.583781	0.24973764	2.2193775
uncommon	6.0076227	6.8104787	-0.71833724	0.23463956
uncontrollable	4.718741	8.333938	1.7457612	2.6685462
uncontrollable_burp	4.986898	9.362866	1.2046154	2.694449
uncontrollable_microburp	4.618394	9.05125	0.13423409	2.1322215
uncontrolled	5.1135817	9.137407	1.2928187	2.5511482
uncontrolled_burp	5.1009417	9.18857	1.319746	2.5501099
uncoordinated	5.5421314	6.5123525	-0.8093525	2.540057
under_anesthesia	7.6356673	10.808931	-1.4955975	2.6346211
under_control	4.286552	6.9237	-0.43110326	0.65723574
under_ga	7.6243424	10.928071	-1.2653078	2.5853064
under_general	7.6437693	10.809796	-1.466462	2.6280043
under_general_anaesthesia	7.587475	10.631975	-1.5211403	2.5392754
under_general_anesthesia	7.660052	10.820975	-1.4647193	2.612808
under_general_anesthetic	7.6538043	10.710083	-1.5389307	2.575092
under_local	7.562203	10.594582	-1.4716946	2.5672412
under_local_anesthesia	7.6256614	10.643491	-1.6512456	2.3398705
under_my_rib	4.511571	6.8239655	-0.41194963	2.93155
under_my_tongue	4.7552543	7.536417	-0.55045295	2.969369
under_narcose	5.3980794	8.644824	-2.2518618	2.2864635
under_the_nhs	7.5363307	9.355049	-1.6371672	0.6965711
underdeveloped	5.671818	6.854137	-0.8824523	2.3288019
undergo	7.715635	9.082245	-1.7565001	0.73206717
underlying	5.9993362	6.5032763	-0.96112883	0.6323159
underlying_cause	5.9836116	7.2657275	-0.92625666	0.55272895
underlying_issue	5.823221	6.9629545	-1.3194828	1.0059458
underneath	4.865165	6.6835794	-0.44629765	3.173052
underside	4.6483264	6.4618764	-0.03195294	3.7322443
understand_correct	5.9890146	8.067225	-1.3989779	1.4914116
understand_how	5.666129	8.196451	0.6536367	0.865995
underweight	4.644111	7.645328	-0.17321347	0.17728297
undetectable	4.9795556	7.4636703	0.64475006	3.6587863
undiagnosed	5.8300138	6.7855773	-1.1088855	0.2837446
undigested_food	4.4174433	6.9957504	-0.49093458	2.1951523
uneven	5.039011	7.082397	-0.811262	2.7882686
uneventful	5.291139	9.659255	0.23790696	2.1265466
unexpected	4.7479258	8.408998	1.6991199	2.614447
unexpected_burp	5.0430717	9.141335	1.3810418	2.5929997
unexplained	5.029583	6.994151	-0.5356979	0.43356207
unexplained_nausea	5.1140995	7.6446857	-0.1952548	0.16258515
unhappy	5.1961527	8.275869	-1.1847147	1.7616162
unhealthy	2.364348	7.9260645	-1.3055985	2.0405073
unhelpful	6.879103	8.183654	-0.88028044	0.32550204
unicorn	6.274649	8.783797	-0.26783076	0.57788014
unimaginable	6.090257	9.866157	0.39712086	1.1908609
unit	7.3576193	10.886213	-0.65200126	2.504117
unit_concentrate_dose	5.400292	9.743884	0.26333636	2.1839402
united_healthcare	8.273737	10.630069	-2.206159	1.7902464
universal	6.1068177	6.977205	-0.7742221	0.28256172
university_of_south	7.0368676	9.320928	-1.4597119	0.8905217
university_of_utah	7.2700624	9.3663845	-1.6647904	0.81705093
university_of_utah_hospital	7.232243	10.4422455	-1.2911083	1.3375767
unknowing	5.711473	7.466382	-0.5082945	0.5449741
unknown	6.1894155	6.9388943	-0.91654974	0.36366022
unleash	4.50574	7.924503	1.3086736	1.8428007
unless_there	6.51539	8.145623	-0.9605107	0.9659972
unless_they	6.93902	8.04623	-1.1722081	0.35296598
unlikely	6.2204127	7.1190257	-1.3507107	0.78496784
unlucky	6.130162	9.041972	-0.47549495	1.4516628
unmanageable	5.121361	8.178491	-0.45056742	0.73347914
unnatural	4.8955674	7.906565	0.7194557	2.6600509
unnecessary_gi	7.5217223	8.804311	-1.8926569	0.6773792
unnecessary_test	8.273577	10.045812	-2.134916	1.1532577
unnerving	4.730337	8.422264	0.0009784239	2.572496
unnoticeable	4.5471525	8.303656	0.8607441	2.0208547
unorthodox	5.672043	7.8991385	0.54246265	2.8965998
unpleasant	3.877396	7.4691086	1.143435	1.6815883
unpleasant_but	4.4116497	9.253697	0.42608622	2.7154222
unpredictable	5.1640687	9.452301	0.6180022	2.2066205
unreal	4.4447904	7.965584	0.036347717	1.0786595
unrealistic	5.718265	7.858145	-0.56311834	0.91663885
unrecognized	6.3036356	8.770345	-0.18858494	0.4745886
unrelated	5.7870593	6.3375425	-0.9585616	0.4235364
unrelated_condition	6.381867	7.7285786	-1.9250566	1.4245338
unrelated_to_noburp	5.949203	8.754429	-1.0506383	1.3151009
unrelenting	4.664187	8.104697	0.3537732	1.6244848
unsatisfying	4.8444014	8.439028	1.4488868	2.560999
unscientific	6.6392035	8.23495	-0.8421073	0.63753885
unsettled	5.241884	7.4324045	0.084903374	0.7707924
unsettling	4.3718457	8.428163	-0.05208358	2.5955212
until_my_mid	4.951124	7.8118963	-0.16771828	0.09062465
until_recent	5.154742	7.5728636	0.5043034	-0.15688619
untreated	5.9136667	6.4662457	-1.2570385	0.62583625
untreated_r_cpd	5.9050617	6.4380145	-1.2568722	0.66750455
unusual	5.8542643	6.9174085	-0.6392353	0.24598768
unwell	4.342224	7.5894103	0.85936236	1.0093099
unzip	3.7010853	7.8631506	-0.17951305	2.1291807
up_against	4.6458745	6.8393917	-0.14343625	3.2051136
up_in_the_middle	3.105436	8.078131	0.17409872	2.1097627
up_inside	4.3609185	6.95491	0.43909764	2.6962595
up_into	4.618966	6.3586187	0.05329474	3.490203
up_my_esophagus	4.3767557	6.5730243	0.31733438	3.1679363
up_my_nose	5.856378	8.283209	-1.5626128	3.8798215
up_my_throat	4.2380266	6.568115	0.40823373	3.2597175
up_online	4.589402	8.241435	-0.34912974	1.4359697
up_until	4.6355224	8.128858	1.0458856	0.5149496
up_your_nose	5.827376	8.250113	-1.5358379	3.9104302
update	6.86611	10.112971	0.5338624	0.46771288
update_here	6.801124	9.969314	0.23874182	0.52487534
update_on_how	6.801713	10.044839	0.4957299	0.49894294
upfront	7.835292	10.734781	-2.0217192	2.1186821
upgrade	7.0691013	10.120898	-1.5511599	1.5668373
uplifting	6.297185	9.612147	0.3682351	0.74483675
upon_this	6.389287	9.017336	-0.011296564	-0.07796269
upon_wake_up	5.2974315	8.26392	-1.531046	2.3930814
upper	5.2205772	5.955731	-0.56557524	2.9884248
upper_ab	5.187214	6.6530514	-0.28568417	3.2680185
upper_abdomen	4.3176713	6.635293	-0.21862975	2.755336
upper_airway	5.858591	7.1468954	-1.4502347	1.6421735
upper_back	4.5150013	6.473291	-0.2110863	3.293145
upper_back_muscle	4.8379326	6.6244807	-0.3432553	3.1757557
upper_back_pain	5.0195236	6.8062377	-0.65874106	2.9199774
upper_body	4.816728	6.4954333	0.16426858	4.085051
upper_chest	4.254244	6.5358458	-0.0758131	2.8097434
upper_chest_area	4.4458184	7.1592755	-0.37789124	1.7127202
upper_cross	6.2066607	7.3331165	-1.4888314	1.067302
upper_endoscopy	8.000151	8.439573	-2.6041765	1.0260346
upper_esophageal_sphincter	5.6414185	5.886764	-0.57990277	3.0809553
upper_esophagus	5.7969065	5.99824	-0.8745459	2.575766
upper_gi	5.7529826	6.685391	-1.5178355	1.4028566
upper_gi_endoscopy	7.6541324	8.549148	-2.3811746	1.0765429
upper_part	5.4083257	6.4166803	-0.71455467	3.0465155
upper_sphincter	5.583138	5.7966375	-0.5739154	3.0735002
upper_stomach	4.293252	6.4598317	-0.1321712	2.762386
upper_stomach_pain	4.2876124	6.8410816	-0.25130573	1.9248983
upper_throat	4.999358	6.288006	-0.31438556	3.3529186
upright	4.1178226	6.9197903	0.23934518	4.3050966
upright_position	5.051945	7.410144	0.4118859	3.6705942
upset	3.2315738	7.458725	0.42229754	1.671491
upset_my_stomach	2.701902	7.9155364	-1.0239906	2.1400137
upset_stomach	3.8408337	7.0768785	0.028326022	1.5908828
upside_down	4.008901	6.9728417	0.21634352	4.1674824
upvote	6.3143325	9.14106	-0.3801049	0.900082
upwards	4.775859	6.3929105	0.3650568	3.8392453
ur_mouth	4.8480625	7.3897715	0.10847212	3.029268
ur_stomach	4.4078865	6.291996	-0.29701555	2.9843478
ur_throat	4.5588713	6.902813	0.015067561	3.2967842
urge	6.3642282	8.92672	0.104799464	1.2665418
urge_to_burp	3.7297559	7.003985	0.56907064	2.133384
urge_to_vomit	4.4665327	7.6269226	0.81661594	1.1416359
urgency	4.9160357	6.799399	-0.7525388	1.5416003
urgh	5.568564	8.935554	0.057998586	1.49858
urinary	5.4561286	7.199086	-1.1154655	1.4126116
urination	4.548152	7.021261	-0.60678744	1.5814118
urine_sample	5.637669	8.846521	-1.7319827	3.4407184
usa	8.039753	10.281286	-1.792376	1.0144248
usd	8.1328745	10.8412895	-2.130835	2.0707176
use_100_unit	7.4082303	10.631848	-0.9393469	2.3489263
use_50_unit	7.3391623	10.547396	-0.8902381	2.3154216
use_75	7.2682767	10.420081	-0.89294004	2.3234851
use_75_unit	7.3551345	10.833149	-0.6647301	2.4446044
use_a_spoon	5.2180934	7.8399944	0.2568369	2.5843153
use_a_toothbrush	4.9599457	7.4262295	1.0774121	2.715507
use_a_wedge	3.1937716	7.3499775	-0.31180492	4.0650773
use_finger	4.941112	7.5589185	1.1025388	2.5157354
use_general_anesthetic	7.5189643	10.57164	-1.4951177	2.5058997
use_my_finger	4.5920486	7.337445	1.3651226	2.359704
use_straw	2.4273918	8.002613	-1.1578591	2.1521327
use_to_be_able	5.0246706	7.70809	0.7582185	0.19489114
useful	7.513108	9.21604	-0.60504305	0.25311923
useful_information	6.765526	9.27282	-0.43410924	0.53868496
user_flair	6.7884526	8.958892	-1.1069251	0.7562749
usf	7.5454397	9.736723	-1.5969793	0.7631705
usually_a_few	4.506134	8.322484	-0.5515214	2.435572
usually_able	4.748793	7.585318	0.45036313	3.2980976
usually_accompany	4.409337	7.922811	0.6876938	1.8484715
usually_only	3.702196	7.9055023	1.0635583	1.8793968
uti	2.7674346	7.841401	-1.940355	3.386324
uvula	5.0062604	7.5135503	-0.83877146	3.4778728
v_ing	4.927047	7.6062036	0.61035967	0.89523107
vaginismus	5.967399	7.1403794	-0.91738707	0.52478045
vagus_nerve	5.5038667	6.033713	-0.7502974	2.5608912
vagus_nerve_be	5.0491	7.1547155	-0.83599186	2.4065065
validate	6.656741	9.3566675	0.3927588	0.018982759
validation	6.723639	9.519952	0.31436157	0.15401259
validity	6.6543717	9.285664	-0.976873	0.9864746
valuable	7.1116376	9.340169	-0.5124096	0.35764125
value	7.4622555	8.680824	-1.3197008	0.29029876
valve	5.4077554	5.8477435	-0.34525672	3.2948205
van	5.3775973	8.717886	-2.9027705	2.4431355
vanderbilt	7.523556	9.482852	-1.7525758	0.7769553
vanilla	2.6600325	8.356586	-0.9805526	2.259813
vanish	4.302118	7.1703653	-0.15527081	0.60539156
vape	2.235972	7.813789	-1.1160496	2.3872676
variability	6.3648934	8.81984	-1.0623602	1.4113373
variation	5.843355	7.360111	0.40291077	4.083633
various_exercise	5.934523	7.7253585	0.47478288	3.4669666
various_position	4.5909266	7.6849957	-0.093307495	3.3917751
various_test	7.3480926	9.432636	-1.7255024	0.8912412
vary_a_lot	5.763845	9.229768	-0.34732336	1.7115495
vary_between	5.639371	9.072752	-0.29767615	1.6368186
vary_from_person_to_person	5.812505	8.9957905	-0.33322638	1.5110265
vascular	7.375112	9.202815	-1.7117722	0.8197451
vasovagal	5.4965363	7.6793203	-1.0463028	1.3062568
vast_improve	5.137348	8.281677	-0.20946263	0.4251761
vcd	6.1535845	8.758503	-1.2917323	1.3435892
vegan	1.9839344	7.7836137	-1.4417424	2.1337955
vegetable	1.6244327	7.915596	-1.0567951	2.4688919
vegetarian	2.0786407	7.7824817	-1.4346275	2.0827131
vehicle	5.3310914	8.818953	-0.36317015	1.5509728
vein	5.691727	8.4974785	-1.5906018	3.6200597
velociraptor	4.886028	8.211435	1.0677271	1.8826421
verbatim	7.1505384	9.252774	-0.7094693	0.10811336
verify	7.8635144	9.77181	-1.8661444	0.96093655
version_of_shaker	5.4422517	7.3418646	0.15067019	3.9538896
versus_in_office	7.5771513	10.577143	-1.5543511	2.489022
vertebrae	5.124366	7.1979523	-0.8245853	2.8345253
vertigo	4.270071	6.7703195	-0.29910374	1.7038634
very_anxious	4.582434	7.4636226	1.2405257	0.72564626
very_bad	3.7166567	6.8352394	0.41546312	1.0469313
very_beneficial	5.231011	7.20207	-0.3846022	3.59728
very_careful	2.2426596	7.9325037	-0.34763616	3.2709901
very_comfort	6.7006836	9.4323435	-0.6701553	0.8824501
very_complex	5.8301964	7.626475	-0.47677964	0.7076018
very_curious	6.8989353	9.469766	0.012544422	0.26045734
very_debilitate	5.161525	8.313638	0.016376685	0.51657313
very_deep	4.7580905	7.955276	0.9318989	2.2141416
very_dehydrated	4.1383753	8.279828	0.23528293	1.7237194
very_discourage	5.6119833	9.267669	0.3215505	1.4343486
very_drunk	4.7060714	7.7257624	0.91480213	1.944141
very_dry	2.5363739	8.265313	-0.6833134	2.8505745
very_effective	6.859848	10.111139	-0.74489915	2.1138027
very_embarrass	4.521213	7.9888616	1.377171	1.7208954
very_excite	6.8601522	10.315529	0.42046925	0.63754314
very_fast	4.3562107	8.981178	-0.13907143	2.3804374
very_frequent	4.6246057	8.226618	0.76677465	1.9039633
very_frequently	4.3324265	8.167423	1.2508123	2.0869153
very_gassy	3.719699	7.920991	-0.19940422	2.0332859
very_gentle	4.9841275	7.0629354	0.40048146	4.111148
very_glad	6.5153894	9.8890915	0.008860368	0.8906625
very_gradually	5.276983	9.5624075	0.51775086	2.2394297
very_grateful	6.7774525	9.5511675	0.048085622	0.37900305
very_gurgly	4.5404778	8.277992	0.62477374	1.8359525
very_happy	6.732036	10.012017	0.63898087	0.44170535
very_hungry	2.690939	8.265959	-0.6113436	2.2953298
very_important	5.6453342	7.119844	0.059059016	3.6290028
very_infrequently	5.0688095	7.9545755	0.14497457	0.3662289
very_intense	4.169872	7.139422	-0.11987941	1.5622803
very_interest	7.1355696	9.486337	-0.024473634	0.04679048
very_little	3.988384	7.4435415	0.5660886	1.4591719
very_loud	4.4502716	8.010985	1.6850904	1.8879998
very_manage	4.781233	9.538432	0.31906024	2.3635392
very_mild	4.606169	9.531009	0.39133495	2.5793734
very_mindful	2.5361285	8.109143	-0.95361525	2.1863446
very_minor	4.6278195	9.535371	0.3786623	2.552125
very_narrow	5.486551	8.146227	-1.2829616	3.3434958
very_nauseate	3.942336	8.092483	0.1899324	1.6737696
very_nauseous	3.5028646	7.6382627	0.5521918	1.6861278
very_nervous	6.9465675	10.673872	-0.860986	1.5994388
very_nice	7.995561	10.517418	-1.7342861	1.2691296
very_noisy	4.3465414	7.503093	0.49515966	2.2691472
very_occasional	4.478279	8.276457	0.77066755	1.6950821
very_occasionally	4.4743524	8.114267	1.236603	1.8454696
very_odd	4.883648	7.922006	-0.49954093	2.618666
very_often	3.9558842	7.469068	1.0503504	1.4943773
very_pain	3.8009079	6.7941704	0.45639187	1.4988549
very_promise	6.309585	9.854965	0.3700992	0.9697102
very_quick	4.2985115	9.569461	0.1328565	2.9804668
very_rare	5.1329474	8.81694	0.4117936	1.6197071
very_rarely	4.3434834	7.801489	1.3412147	1.4283478
very_real	6.093593	7.130758	-0.6931954	0.5399605
very_relieve	4.918724	8.524397	1.293407	2.4210951
very_satisfy	4.8030767	8.328569	1.198878	2.2981942
very_scared	5.4203286	9.613589	0.05705938	2.090461
very_scary	4.7709274	8.308341	0.4722943	2.200426
very_self_conscious	4.795176	8.267469	0.09585567	1.0484283
very_sensitive	6.8112855	10.028095	-0.96188486	2.2756488
very_severe	4.752469	7.2069726	-0.35908392	0.20330505
very_shallow	4.369598	7.7792163	0.0028980884	1.4450073
very_sick	3.602638	7.634484	0.5597888	1.5622123
very_skeptical	7.284417	9.299993	-1.6618642	0.6994282
very_skinny	4.848275	7.728606	-0.09579514	0.13387941
very_slight	4.3879733	9.08245	0.3205706	2.7651265
very_slightly	5.3903756	9.605601	0.66580415	2.243849
very_slim	5.25759	7.860711	-0.39775568	0.6244689
very_small	4.8857	8.710897	1.7463163	2.7712004
very_small_bite	2.0843537	8.106431	-0.8159094	3.3334007
very_smooth	7.255255	10.813326	-1.5799351	2.0499933
very_soft	4.3852487	8.571394	0.28115046	2.6768842
very_sore	4.1143684	9.0612335	0.2838067	3.1479516
very_subtle	4.6372685	8.246067	0.74867356	1.9915049
very_thick	4.641408	7.4005203	-0.33758667	3.6558397
very_tight	4.666365	6.58583	-0.348835	3.1303134
very_tired	4.1249714	9.4052305	0.12611713	2.8689766
very_tough	5.2041664	8.583182	-0.32043448	1.2168148
very_true	5.773319	8.828503	-0.4269394	1.120082
very_typical	5.7985263	7.9659214	-0.7535447	0.7042265
very_uncomfortable	3.4565675	7.258783	0.73903924	1.6782155
very_unpredictable	5.2625246	8.111982	-0.50002104	1.1041179
very_violent	4.5888267	7.915263	0.8627356	1.570675
very_weak	4.2969704	8.571735	0.20535481	2.7761161
very_welcome	6.359985	9.496401	0.1549709	0.75776386
very_young	5.127455	7.502435	0.47683737	-0.15339443
vess	7.8621397	8.812614	-1.9546041	0.60831136
vfss	6.844241	9.141235	-1.4715853	1.1053181
vial	7.4889393	10.531295	-1.482995	2.3834667
vibrate	4.628028	7.059807	0.5022692	3.478255
vice	4.5042953	7.693651	-0.24760716	2.585104
vice_versa	6.015229	7.3310127	-0.8151976	0.94666743
vicious_circle	5.4969177	7.5490785	-0.6266104	1.3194935
victim	5.96895	8.003506	-0.16040148	0.7159801
video_endoscopy	6.7046747	9.658417	-1.3123509	1.4613719
video_from_doctor_bastian	7.587541	9.476928	-1.326388	0.44064543
video_please	6.178128	9.311035	-0.4859442	1.0609047
video_scope	6.8110447	9.579701	-1.3281436	1.373158
videoendoscopy	7.7068267	10.519737	-1.9550824	1.9377589
videoscope	7.785094	8.601275	-2.5455754	1.551567
view	7.6795397	8.886853	-1.3150563	0.15658027
villari	6.518482	9.792762	-0.9086477	1.252658
vinegar	2.074733	8.068288	-1.1297432	2.2317402
violent	4.361788	7.1803894	1.7353343	1.9552912
violent_and_pain	4.389272	7.208872	1.6678622	1.873417
violent_cough	4.2910833	7.910153	0.4212768	2.0421636
violent_hiccup	3.8875113	7.4189425	0.38657233	1.6287916
violent_sick	4.6640778	7.7240076	0.7724859	1.2437444
viral_infection	4.7679358	7.3946943	-0.5073803	0.98577607
virtual_appointment	7.684009	10.642314	-1.4852743	1.2148833
virtual_consult	6.7779927	9.864283	-1.1895185	1.311522
virus	5.778178	6.5673733	-1.2624946	0.6122984
vision	4.665143	7.061995	-0.59635735	2.6288671
visit	8.269613	9.539537	-1.9747688	0.54659003
visualize	5.493997	6.585803	-0.2771746	3.5155604
vital	5.616995	8.795132	-1.6948706	3.4309843
vitality	8.348229	10.438746	-2.1800768	1.4784306
vitamin	2.4395943	7.8478365	-1.7794442	3.1506195
vitamin_c	2.7395315	7.873518	-1.8031517	2.6870334
vivid	5.3635473	8.45522	-1.8774244	2.1220067
vocal	5.7804165	6.7411485	-1.0083628	2.251022
vocal_chord	5.498452	6.312057	-0.703889	3.2352514
vocal_coach	5.4472666	7.179785	0.3506081	4.0414944
vocal_cord	5.645062	5.926905	-0.5962289	3.1616442
vocal_cord_dysfunction	6.135037	7.4072294	-1.3817338	1.0274929
vocalize	5.605379	7.9383607	0.07340821	0.9144548
vodka	1.6160967	8.397241	-0.6791264	2.110764
vodka_and_cranberry	1.9648336	8.349479	-0.8761001	2.1654096
vodka_cran	2.9257486	8.37989	-0.91117597	2.27982
vodka_cranberry	1.7559702	8.44471	-0.76543206	2.0584908
vodka_soda	2.8633792	8.305778	-0.7493608	2.1731567
voice_and_swallow	7.950573	9.661677	-1.7400315	0.5721974
voice_box	5.4785304	6.216723	-0.5944516	3.2688477
voice_change	5.2092843	9.28407	0.024240205	1.9040676
voice_disorder	6.475623	6.867709	-1.4664282	1.3683444
voice_doctor	7.950444	9.253931	-1.804055	0.43575484
voice_exercise	5.8512344	7.4016237	0.4081308	4.0086875
voice_issue	6.0284367	8.954631	-0.5031693	1.5192116
voluntary	5.655298	7.8358006	0.3795267	2.3848624
volvulus	5.731995	6.6980095	-1.3965074	1.3349249
vom	4.4332185	7.1658998	1.6781814	1.9561529
vomit	4.377119	7.099417	1.7479708	1.681173
vomit_a_lot	4.7681212	7.6649427	0.7579969	0.8458915
vomit_air	4.4041214	7.0971994	1.7688594	2.134566
vomit_as_a_child	4.937208	7.577693	0.78716177	0.3451002
vomit_episode	4.627305	7.5801225	-0.15134795	1.008818
vomit_phobia	5.048132	7.3709674	0.56478107	0.47521573
vomit_reflex	4.662728	7.3825073	1.2294955	2.4137516
vyvanse	2.6993463	7.8420153	-1.9426025	3.409271
wachtlijst	5.386854	8.589983	-2.118009	2.2232091
wack	5.3336196	8.078709	-0.3426547	2.2426498
wake_up	4.0189037	9.470802	0.12423082	2.904973
wake_up_at_night	4.3887987	7.0387897	-0.48039648	1.6091481
wake_up_choke	3.8541105	7.228572	0.17011806	1.8903704
wake_up_cough	3.6174252	7.669947	0.13521333	2.9380236
wake_up_feel	4.0348015	9.429687	0.09819476	2.869427
wake_up_from_anesthesia	4.3008995	9.504033	0.17081064	2.8391886
wake_up_in_recovery	4.162162	9.544756	0.005191193	2.8951993
wake_up_in_the	4.015699	9.483217	0.1147151	2.9064724
wake_up_nauseous	3.7689157	7.1392374	0.21255025	1.5636107
wake_up_this_morning	4.4790025	9.301695	0.39207566	2.7287374
wake_up_today	4.1984725	9.049703	0.1719009	2.9234674
wake_up_with_a	4.297259	9.476921	0.28334558	2.8840919
wake_up_with_a_bit	4.9389014	9.375097	-0.42598	2.5008535
wake_up_with_my_throat	4.3418713	9.23566	0.1863629	2.835424
wake_up_without	4.0104804	8.115142	0.08296619	1.7407415
walk	3.8537288	7.03837	0.2631607	4.2106266
walk_around	3.9152293	7.0014253	0.2676949	4.23324
walk_in_clinic	7.933513	9.413616	-1.8881917	0.5179261
walmart	2.7803357	7.9314866	-1.7840552	2.8577251
want_a_referral	8.066532	9.37957	-1.9145309	0.4745865
want_detail	5.8460803	8.536141	0.5364727	0.82828337
want_to_ask	6.8898096	9.490194	0.032023147	0.26646167
want_to_cry	6.0152617	9.181035	0.33039287	0.59177035
want_to_escape	4.439086	7.26079	0.07805225	2.6564062
want_to_hear	6.78011	9.495029	0.096932076	0.43952352
want_to_share	7.039826	9.617547	0.19280009	0.041271117
want_to_thank	6.64907	9.405429	0.029240536	0.20970261
warm_blanket	5.5610666	8.757026	-1.6478814	3.4581237
warm_liquid	4.974687	8.641189	-0.685533	1.7590595
warm_water	2.4442778	8.216877	-1.1279943	2.5104973
warmth	5.2967763	6.259738	-0.62645316	3.0655303
warn	7.0837145	10.232432	-1.25404	2.656843
warn_about	5.4136586	9.505474	0.5444357	1.8426443
warn_people	5.461787	8.602041	-0.9024255	1.4704211
warrant	6.515226	7.5738697	-1.2452116	0.84997046
wary	6.837535	8.600592	-1.1721222	1.0298704
wash	2.320286	7.933267	-0.35269943	3.1480439
wash_down	2.0603478	8.047105	-0.4465076	3.1497455
wash_food_down	1.8005717	8.121753	-0.48724607	3.2250092
wash_it_down	1.9254761	8.034474	-0.4117923	3.2076945
washington_dc	7.100489	9.836814	-1.4840264	1.1515584
wasserman	7.233802	10.097251	-1.3340974	1.0997612
waste_a_lot	8.181552	10.007269	-2.0937188	1.1321669
waste_of_time	8.198661	8.9370775	-2.0303926	0.3923158
waste_of_time_and_money	8.009224	8.859879	-2.082749	0.54154027
waste_your_time	8.227904	9.096492	-1.8753244	0.313247
watch_video	6.755538	9.064367	-0.26010326	0.686972
watch_youtube_video	5.528323	7.3028417	0.15847355	3.91979
water	1.8360633	8.01222	-0.34923878	3.1332026
water_nearby	1.9116789	8.099255	-0.423518	3.2008631
water_on_hand	1.9382868	8.100564	-0.5037936	3.221119
water_ready	2.2657416	8.161128	-0.55480176	2.9963632
wave_of_nausea	3.721313	7.4508405	0.33556935	1.5875916
wax	4.4628816	6.831726	-0.44553587	1.924681
way	5.41347	7.0302715	0.83606833	4.00934
way_better	4.8996334	9.311394	0.55550873	1.901879
way_less	3.8300192	7.4076138	0.64372367	1.5310472
way_more	3.8152704	7.3396087	0.6591864	1.5586048
way_worse	3.6828544	7.0169287	0.49053594	0.99726874
we_be_able	6.8528633	9.460934	-1.3233895	1.0263668
we_die	5.0068836	8.482804	-0.6636133	1.9068428
we_discuss	7.5519204	9.859043	-1.8231033	1.216978
we_tend	4.648321	7.732088	-0.43670127	2.1485422
weak_drug	2.5473888	7.715899	-2.2130089	3.0331373
weak_esophagus	5.861095	7.4848967	-1.3850691	1.5298076
weak_les	6.012331	7.0790386	-1.5378083	0.82741123
weak_muscle	5.7966304	6.8040485	-0.9033649	2.1560323
weak_neck	5.455345	7.642453	-0.6784636	2.157732
weak_voice	4.7991652	9.558647	0.31850764	2.3564386
weaken	5.60714	5.724223	-0.42491737	3.23627
weakness	5.0625973	6.43863	-0.740987	2.5158887
wear_maternity	3.8144233	7.790428	-0.24741481	1.8097569
wear_off	5.8425174	10.207344	0.86506957	2.597209
wear_off_but	5.8682604	10.231975	0.8453598	2.5955815
wear_off_complete	5.586644	9.994658	0.68249387	2.3896701
wear_off_eventual	6.2506747	10.175667	0.35971904	1.7104707
wear_off_gradually	5.36439	9.717312	0.65357375	2.1232789
wear_off_slow	5.4988866	9.897503	0.53130853	2.321071
wear_off_so	5.971961	10.280926	0.74500746	2.5614226
wear_tight	3.9502726	7.8205276	-0.35671812	1.7915957
wear_tight_clothes	4.0519447	8.162913	0.2718255	1.6829561
wear_tight_clothing	3.8659327	8.082297	-0.16251992	1.9333129
web	7.124551	8.442721	-1.3874066	0.45153645
webinar	7.723133	9.516655	-1.4301236	0.38306475
website	8.04305	9.439267	-1.4240373	0.1523271
wedding	2.6162937	8.299485	-0.0096120825	1.7646656
wedge	3.1578834	7.367289	-0.2940696	4.0551634
wedge_pillow	3.100574	7.3863497	-0.3724431	4.0010486
wednesday	7.3102636	11.064228	-1.11104	1.6144819
wednesday_with_doctor_bastian	6.486665	10.090895	-0.47677326	1.4598922
week_2	5.100318	9.877437	0.8717664	2.6379285
week_3	5.165652	9.84822	0.9280643	2.6031568
week_4	5.3674464	9.73137	0.82370305	2.4037287
week_5	5.359844	9.727726	0.7326965	2.2993634
week_pregnant	5.2232513	8.420849	0.12586412	-0.032430112
weigh_up_whether	6.7173247	9.975056	-0.6894223	1.972006
weight	3.1071622	7.8574734	-0.74976975	1.400139
weight_due	4.8037767	8.335918	-0.48281294	1.177944
weight_gain	4.8658223	7.064615	-1.0828	0.9172706
weight_lift	4.5017333	8.230898	-1.0610833	2.1227255
weight_loss	4.777124	6.9928555	-0.83598346	0.73242223
weight_off	3.0585194	7.672581	-1.3637068	3.6428492
weight_train	4.9064302	8.141289	-0.6563251	2.1869438
weird_af	5.149231	8.433991	0.2848633	1.8278934
weird_enough	4.348552	8.576626	-0.37880015	1.8731694
weird_gurgle_noise	4.2443013	7.9817653	1.204116	1.7382858
weird_hiccup	4.5795693	8.045425	1.430211	1.8785142
weird_noise	4.1404448	7.874677	1.5875976	1.7698241
weird_position	4.7567883	7.107572	0.54813015	4.257741
weird_sensation	4.159015	8.146749	0.30699423	2.8201518
weird_sound	4.156791	7.871248	1.4440453	1.82376
welcome	7.039504	9.456113	0.19214274	-0.16830724
welcome_home	6.1300955	9.176047	0.052384656	0.7005698
welcome_to_our	6.177492	9.078012	0.111770965	0.142972
well_aware	6.369725	8.174283	-1.0747252	0.63726765
well_hydrate	2.6974366	8.089317	-1.2984614	2.2759619
well_inform	7.2631054	9.242046	-1.3846463	0.7035198
well_worth	6.407554	10.385353	0.31069258	1.4733168
wellbeing	6.922089	8.629596	-1.253258	0.6973489
wendy	4.561818	8.899484	-0.8303485	2.058216
west	7.480188	9.787647	-1.6061827	0.85549414
wet	3.888688	7.47323	0.8543664	2.7736027
wet_burp	4.1150894	7.8769956	1.019069	2.5367732
wet_gurgle	4.900638	8.217196	1.1099992	2.0038865
wet_sound	5.1014543	8.911148	1.230657	2.4157658
whale	4.547484	7.945595	1.0973569	1.9717406
what_dosage	6.6438274	10.174323	-0.4736776	1.7103908
what_dose	7.0709352	10.734334	-0.4686161	2.0806913
what_to_expect	7.097339	9.795074	0.032879964	0.32137245
what_wrong	6.2763767	8.7008	-0.58621424	0.2812907
wheat	1.9005558	7.8676944	-1.3263773	2.234721
wheel	5.6892285	8.924834	-1.7146467	3.405965
wheel_into	7.010661	10.56027	-1.7011651	2.062436
wheeze	4.1940966	8.523925	0.20282914	2.7744405
when_in_reality	3.3297818	8.217993	-0.7414636	2.109899
whenever_possible	4.810633	8.118769	-1.0611159	2.230754
where_they_inject	7.481431	10.473988	-1.4516007	2.6603124
whereabouts	5.734681	8.785205	-0.6897346	1.4618231
wherever	7.023123	9.770523	-1.4360454	1.1025385
which_cause	4.8794284	6.0527267	-0.6279666	1.5638807
which_in_turn	4.9689636	6.373817	-0.7079629	2.2789521
while_awake	7.459331	10.484639	-1.4768646	2.6040962
while_brush	4.9816055	8.034688	-0.571068	2.5100944
while_eat	1.8854568	8.082462	-0.39192343	3.0731885
while_sit	4.4191003	6.9911137	0.40161783	4.2946153
while_swim	3.9979756	7.1291494	-0.0038288466	1.5951976
while_talk	4.841955	8.592534	1.6451166	2.6610072
while_yawn	4.9821334	8.773726	1.445091	2.6097062
whilst_awake	7.533454	10.537428	-1.5470163	2.6409452
whine	5.352517	8.92925	0.12200851	1.56034
whiskey	1.6474897	8.427652	-0.69098717	2.0908759
whisky	1.78543	8.45559	-0.72235376	2.0747426
whisper	4.191019	8.425865	0.17344818	2.7939293
whistle	5.417225	7.967607	0.04836022	2.199536
white_in_austin	6.3495345	9.690393	-0.34093404	1.1520169
who_cannot	5.998876	8.512661	0.06496969	0.019491391
who_specialize	8.098507	9.291996	-1.8011843	0.403752
who_treat_r_cpd	8.053366	9.501279	-1.8113369	0.52312297
who_understand	6.348401	9.179989	0.31350404	0.2081797
whoa	6.137003	9.503987	0.36704552	0.82107484
whole_host	5.451025	7.1516876	-1.0516306	1.1115619
whole_life	5.2688346	7.8534236	0.15539835	-0.12616198
whole_new	5.805797	9.0894	0.39767486	0.43776235
wholesome	6.2778015	9.6730385	0.26346847	0.76722425
whoop	4.8903947	8.46354	0.478482	1.8395784
whoosh	4.384342	7.112741	0.67313915	2.5540667
whoosh_sound	4.2224746	7.7416325	1.5489786	2.0313601
wide	4.86936	6.556163	0.2978301	4.0306807
wide_as_possible	5.038773	6.875918	0.27515244	4.087685
wide_awake	7.161713	10.372302	-1.5648689	2.1843197
wide_open	5.341984	5.8878727	-0.3029491	3.3213918
wide_range	6.2387195	8.655207	-0.87224436	1.0256174
widely_available	6.42014	8.927518	-0.99214923	1.3477707
widespread	6.3452435	7.2133713	-0.9431937	0.62942094
wiggle	4.914225	6.856257	0.56341	4.108068
wiki	7.8608418	9.295962	-1.2238941	0.04789156
wikipedia	6.8486323	8.8764515	-1.0356278	0.59380686
will_admit	4.303344	8.6301775	-0.18773314	1.830095
will_continue	6.6371593	9.985326	0.6863569	0.8288267
will_cover	8.384412	10.688504	-2.2407272	1.7431122
will_def	6.420193	9.553493	-0.25433227	0.97918653
will_help	6.085556	7.4532356	0.16200604	3.5906932
will_involve_collect	7.056384	8.5597105	-1.3927592	0.52359027
will_update	6.86577	10.125686	0.5222086	0.4861276
willing_to_refer	8.161845	9.161417	-1.8486377	0.3133544
willingness	6.967561	9.539451	-1.0472201	1.2503233
wimbledon	7.958926	10.659765	-1.7291875	1.3890818
wince	3.6298716	8.048481	-0.14143457	2.916506
wind	4.1359353	6.158249	0.022119971	2.5718074
wind_eze	2.3170075	7.6257095	-1.8730134	2.7839413
wind_pipe	5.290427	7.537615	-0.850096	3.1302662
wind_relief	2.5012448	7.770722	-1.7773867	2.8886044
windeze	2.535399	7.704464	-1.9770559	2.8020678
windy	6.025756	9.3714905	-0.0376047	1.1723349
wine	1.5088199	8.340667	-0.4991329	2.0825145
winter	3.6971793	8.445617	-0.1736676	1.970177
wipe_out	5.050551	8.592969	-0.2056355	1.7459565
wire	5.863467	8.26552	-1.5644635	3.8623798
wish_you_luck	6.747103	9.963446	0.41892233	0.5539422
wish_you_many	6.351754	9.879424	0.50367785	0.9568972
within_second	3.8672879	8.0177145	0.12869674	2.274958
without_anaesthesia	7.4713297	10.410552	-1.4880222	2.674996
without_anesthesia	7.5633163	10.596681	-1.4918095	2.5924149
without_choke	1.9853313	8.037613	-0.37243423	3.1912053
without_effort	5.119779	8.005864	1.0757562	3.1148424
without_fail	3.8721485	7.5715156	0.21706383	1.4583564
without_feel_sick	2.7798636	8.324234	-0.14624873	1.8517714
without_ga	7.601146	10.597792	-1.5994357	2.49562
without_general_anesthesia	7.523497	10.543387	-1.4490573	2.6388326
without_insurance	8.2467575	10.799997	-2.1757276	1.9894345
without_turn_my_head	5.244253	8.289371	1.3225763	3.2044373
without_water	1.976683	8.081217	-0.41918358	3.2144566
withrow	6.486082	9.604608	-1.0710582	1.2932827
witness	4.819031	7.698685	0.77253455	0.57999974
wonder_about	6.001407	7.322639	-0.7409691	0.4292013
wonder_how	6.8285213	9.398046	0.1454994	0.13148974
wonder_if_anyone_here	7.1531425	9.755299	-1.3833288	1.0188074
wonder_if_it	5.7957435	6.2725487	-0.8484585	0.75056386
wonder_if_its	5.7568717	6.30759	-0.8403755	0.7817437
wonder_if_its_worth	6.665415	9.494819	-0.913903	1.4176934
wonder_if_maybe	5.640856	6.832976	-0.846249	0.56081676
wonder_if_rcpd	5.6882	6.856244	-0.9167105	0.4909828
wonder_if_these	5.6601214	7.8466434	-0.87059194	0.77105755
wonderful	6.6753993	10.016938	0.72241193	0.40296084
wonderful_news	6.5927854	9.801424	0.30283526	0.61943555
wonderful_to_hear	6.3242035	9.33602	-0.1418091	0.9217208
woo_hoo	5.970939	9.611823	0.14904943	1.2606465
woohoo	6.4401326	9.89525	0.29728737	0.85600984
woozy	4.149933	9.54206	0.068736255	2.9086044
word_for_word	6.0540247	9.098569	-0.0036598556	0.6249121
word_of_advice	6.7121787	9.400216	-0.35138735	0.6142752
work_amaze	6.690048	10.47259	-0.44571826	1.8895962
work_brilliant	6.796382	10.609963	-0.4602073	1.902126
work_long_term	6.852923	10.207598	-0.6127353	2.1071823
work_proper	5.580899	5.7600007	-0.32234606	3.3219533
work_towards	6.061079	7.72332	0.35600623	3.440487
work_with_a_psychologist	6.285685	8.64224	-0.20926844	0.87867206
workday	3.7872467	8.060986	0.14310725	1.8471774
workout	3.9306743	7.182974	0.039506357	4.110069
world_map	7.5222096	9.2518	-1.3221152	0.34144574
world_map_of_specialist	6.641263	8.983316	-1.1123345	0.8405377
worm	5.3746824	8.366601	-0.31658468	1.9899075
worry	4.5304646	7.368741	1.5834965	0.8384845
worry_about	4.5334454	7.326877	1.5664725	0.764836
worry_about_lose	5.6291804	8.826792	0.8908	2.5233352
worry_that	4.5512986	7.344195	1.5825113	0.8088928
worry_too_much	6.2925487	9.988055	0.5963355	1.373794
worse	3.6423087	7.1643333	0.6223985	1.0351655
worse_than_ever	4.126594	7.110378	-0.06143755	0.75806344
worsen	4.376668	6.732175	-0.26684666	0.5906801
worsen_by	5.350246	6.8273644	-0.97470117	0.93114066
worsen_symptom	5.3995185	7.6351175	-0.6574611	0.4218948
worsen_with_age	5.603896	6.8863955	-0.8498293	0.21556751
worst	3.6449444	6.9607625	0.51728076	1.0643574
worst_symptom	3.888	6.6343946	0.09697858	1.149189
worth_ask	6.664384	8.435265	-1.0603406	1.0309693
worth_consider	6.3466973	8.032771	-1.0486417	0.8926896
worth_it	6.3346543	10.364147	0.36487797	1.4676874
would_appreciate	6.7427764	9.456568	-0.07060468	0.47864717
would_cover	8.352851	10.642134	-2.2257404	1.7332873
would_go_away	3.8716178	7.584692	0.33735657	1.5660926
would_hesitate	6.637463	10.098664	-0.50003123	1.657389
would_love_to_hear	6.96144	9.715183	0.24439518	0.2534109
would_say	5.0183105	9.477826	1.084501	2.588473
wound	5.5729465	8.194357	-1.3920041	3.2701309
wow	6.40123	9.509423	0.75036865	0.26128018
wow_congratulation	6.244113	9.577125	-0.10402031	1.182974
wow_that	6.338379	9.632147	0.68256325	0.55410904
wrap_around	5.4237466	7.3572774	-1.0604109	2.679382
wrench	4.6798167	7.8950906	0.4572428	1.7508674
wretch	4.5688415	7.439268	1.230104	2.28645
wrist	4.825973	6.8574696	-0.44059184	3.1914656
write_a_referral	6.8030987	9.584244	-1.3342942	1.178702
writhe_in_pain	3.5201623	8.137568	-0.06587172	2.0527635
wrong_muscle	5.5912027	6.8187523	-0.43690017	3.0473006
x	6.806643	10.112231	0.5088106	0.5210293
x2	6.6315494	10.098888	-0.729646	1.8040347
x200b_edit	6.5690603	9.99934	-0.06640956	0.9792878
x_2	6.1148767	7.589221	-1.7683076	1.2653506
x_ray	7.8904624	8.294967	-2.6416185	1.030185
xiphoid_process	4.3368416	6.8432093	-0.2092335	2.4732223
xo	6.318747	9.377732	0.020676816	0.58074874
xr	3.219896	7.9369354	-1.6983528	2.9605758
xray	7.8729115	8.304142	-2.62182	1.071713
xxx	6.390186	9.870973	0.5295125	0.8495538
xxxx	6.211093	9.36683	0.15298717	0.8582363
y_o_male	5.2308927	8.273201	0.100130245	0.17829427
yah	5.8629446	9.34756	0.40079305	1.0329058
yale	8.000283	9.740017	-1.6771472	0.5548847
yale_medicine	7.2007437	8.740026	-1.2583125	0.3368939
yale_medicine_condition_summary	7.7068295	9.29007	-1.2412684	0.1592067
yawn	4.8210726	7.1541266	1.124934	3.8586316
yawn_a_lot	4.4879436	8.067023	0.51127857	2.163733
yawn_cough	4.693826	8.076214	1.5012499	2.9291384
yay	6.7017293	10.128806	0.7162451	0.49374685
yay_congratulation	6.800231	10.111672	-0.7325494	1.1569437
yay_so_happy	6.4197016	10.031383	-0.22549155	1.2779739
yeah_same	4.6939683	8.401473	0.016943786	1.6525522
year_late	5.753746	10.237229	0.73288107	2.3414073
year_or_two	5.196851	8.56732	-0.17955233	0.3733133
yearly	7.182472	10.210825	-1.561784	1.702654
yell	4.93797	8.286721	1.3643742	1.4116509
yelp	4.894538	8.185314	1.1072367	1.5458459
yes_100	5.0355043	9.182862	-0.2527973	1.8164445
yes_burper	5.9901276	8.100097	-0.13154937	1.0810614
yes_exactly	5.0509634	8.449643	0.30172843	1.8786303
yesterday_and_today	4.881051	9.5535345	0.69953334	2.5803447
yet_but	6.3711305	10.019507	0.74959725	1.2185733
yikes	6.007792	9.401728	0.26004162	0.9877595
yoga	5.610374	7.1377826	0.20308894	4.070779
yoga_pose	4.7601624	7.298435	-0.3482287	3.878628
yoga_position	4.6676044	7.312611	-0.24108176	4.0083528
yoga_stretch	4.883301	7.279763	-0.37723103	3.7795746
yoghurt	1.621183	8.144523	-0.6796942	3.031131
yogurt	1.6523975	8.130871	-0.65308803	3.0413244
you_deserve	6.1946936	9.501029	0.36787063	0.6648999
you_will_regret	6.4009004	10.101149	0.14750366	1.2576519
young_adult	5.076143	7.8624673	0.04295882	0.026302665
young_age	5.3528748	7.3636413	0.18108018	-0.20523839
young_brother	5.404515	8.206186	0.039579935	0.39851755
young_child	5.1916814	7.499404	0.47889197	-0.16332705
young_kid	5.7752357	8.235797	-0.47731864	0.62021273
young_people_age_12	4.9089646	7.0383615	-0.5253085	0.63161105
young_person	6.554386	9.386413	-1.2131699	1.1746763
your_ab	5.1273427	6.604879	0.5375925	3.9321706
your_abdomen	4.8866386	6.3970394	0.36249873	3.8999257
your_adams_apple	4.9349766	6.8577657	0.19321957	4.124047
your_appetite	4.4839144	7.6202064	-0.24843536	1.152523
your_belly	4.790893	6.5633664	0.35423553	4.105921
your_body	5.3517084	7.142905	1.1046513	3.5467398
your_bowel	4.5829864	6.013714	-0.384728	2.8013453
your_case	6.265615	6.7077913	-1.0803754	0.42193004
your_cheek	4.906867	6.9204025	-0.08830509	3.8497314
your_chest	4.7270236	6.4425073	0.30492336	3.9078236
your_chin	4.797091	6.861063	0.21440442	4.226094
your_claim	7.311583	8.633111	-1.453675	0.5167375
your_colon	4.691857	5.971985	-0.3278503	2.9767842
your_comment	7.061033	9.561376	0.13848615	-0.025264794
your_concern	8.0869	9.428356	-1.9119378	0.5684098
your_consultation	7.0451202	10.298932	-1.2082953	1.3762504
your_core	5.133665	6.5634527	0.34486142	3.9293072
your_cricopharyngeus	5.5224833	5.9912443	-0.56074613	3.1250377
your_daughter	6.6721897	9.702807	0.40786782	0.3531579
your_diaphragm	5.091645	6.3405347	0.29095334	3.8547134
your_diet	2.01607	7.692535	-1.4957088	2.1924489
your_digestion	5.12459	7.097455	-1.1081318	1.2603198
your_digestive_system	3.9167671	6.3393803	-0.91363573	2.3462903
your_doc	8.250251	9.902665	-2.0173771	0.95176685
your_ear	4.7343163	6.636896	0.27873594	3.7187493
your_esophagus	5.309169	5.8436174	-0.29565835	3.314414
your_exact	5.3168855	8.620245	0.004025887	0.5270374
your_experience	6.938854	9.871584	0.34988293	0.3318347
your_father	6.1215796	8.426639	-1.00424	1.1691774
your_favorite	2.648323	8.394517	-0.89315295	2.2486434
your_fear	6.2451944	8.744387	-0.09498905	0.84395033
your_feedback	6.798272	9.643096	0.09092912	0.44186732
your_foot	4.8247404	7.201851	-0.043315712	4.0879097
your_gag_reflex	4.703847	7.197822	1.2851975	2.698667
your_gf	6.497076	9.184418	-0.9441964	1.1967891
your_gi_tract	5.4336934	6.8956213	-0.94020426	2.0606704
your_good_bet	8.052275	9.362024	-1.5924844	0.28584066
your_gp	8.447422	9.450124	-2.0558362	0.4334768
your_gut	4.149018	6.165712	-0.7930542	2.4987593
your_head	4.7428155	6.714681	0.34711692	4.280101
your_health	6.532319	8.823331	-0.7456884	0.88720757
your_hip	4.717599	7.196644	-0.15644057	3.9853797
your_insurance	8.38795	10.513299	-2.1935356	1.5229535
your_insurance_company	8.163601	10.184349	-2.0650325	1.3613491
your_intestine	4.5168595	6.0481925	-0.33768615	2.8503282
your_jaw	5.014893	7.0127406	0.30582437	4.109048
your_knee	4.3106728	7.106747	-0.07838602	4.034962
your_left_side	3.7551641	7.2175198	-0.15123986	4.2244263
your_leg	4.760502	7.1154094	0.114383206	4.1779776
your_location	7.209908	9.397953	-1.4717176	0.7700422
your_lower_esophageal	5.580457	5.8519573	-0.6152579	2.983859
your_message	6.934824	9.696725	-0.030237198	0.2994837
your_mileage_may_vary	6.6392984	9.547464	-0.9095403	1.2430738
your_neck	4.834138	6.5331345	0.20961529	4.103579
your_nose	5.8478246	8.25358	-1.5437376	3.967239
your_nostril	5.463666	7.929173	-1.1667333	3.5303214
your_out_of_pocket	7.7546763	10.444937	-1.9204496	1.9099513
your_palate	4.9263177	6.833282	-0.09500461	3.9425817
your_pcp	8.07066	9.409112	-1.8986181	0.50336856
your_personal	6.4980597	8.420509	-0.8748014	1.007221
your_perspective	6.697624	9.770372	0.010817564	0.5990433
your_phobia	6.2253013	8.488591	-0.20348117	0.8263567
your_posture	5.480767	7.16138	0.326047	4.128424
your_primary	8.166636	9.402121	-1.9811977	0.48118743
your_progress	6.807044	10.04069	0.5663986	0.4756119
your_recovery	6.806897	10.075696	0.55757475	0.5054478
your_shoulder_blade	4.787162	6.8983774	0.05429017	4.106212
your_stomach	4.666385	5.9874816	-0.17106684	3.125942
your_story	6.956207	9.634816	0.2842793	0.06106239
your_symptom	5.449311	6.329399	-0.89320433	0.033463895
your_theory	6.150543	6.9620194	-0.80008507	0.8257388
your_throat	4.843077	6.353153	0.0769476	3.8110695
your_thumb	4.9540176	6.894166	0.14906108	4.1200595
your_tongue	4.635721	6.677368	0.23467064	4.294126
your_trachea	5.190711	7.6459174	-0.7898948	3.1481137
your_ues	5.4821205	5.79971	-0.26404968	3.3646002
your_upper	5.383565	7.0816503	-0.86138105	2.7721586
your_upper_esophageal	5.6477065	5.80506	-0.5630499	3.1302798
your_uvula	4.9913335	7.686914	-0.6154757	3.2323818
your_vocal_chord	5.3339753	7.5615783	-0.72475344	2.7859106
your_vocal_cord	5.7365074	8.015236	-1.3832986	3.7202451
your_voice_box	5.4618363	6.1772456	-0.5787067	3.2450495
your_wife	6.256052	9.193225	-0.02483343	0.54774606
youth	5.382391	8.264684	-1.746036	1.9503604
youtube_video	7.6110663	9.227359	-0.94706446	0.03152992
yuck	4.245886	8.114606	0.21833548	1.705084
yucky	4.0870333	7.879532	0.038154982	1.6118598
zantac	2.5778136	7.7279916	-2.1609209	3.1011481
zebra	7.0196443	8.182452	-1.0900036	0.2694549
zen	5.3899403	8.668723	-2.364517	2.3067548
zero_control_over	5.1087794	8.959604	1.2699519	2.4744573
zero_slow	4.692727	9.541761	0.2881123	2.4718997
zinc	2.8701432	7.6741495	-1.5563829	2.6302068
zip	4.7130027	8.375022	-0.6369388	2.029032
zofran	2.3701208	7.6147346	-2.3678658	3.0518034
zombie	4.8769445	8.173898	1.1003478	1.8876046
zoom_appointment	7.5517964	10.809328	-1.2823285	1.2801404
zyrtec	2.7139444	7.8735003	-2.0223966	3.286944
