term	Dim1	Dim2	Dim3	Dim4	Dim5	Dim6
00	6.271555	0.6517761	-2.107209	4.239135	5.2459526	2.2231386
00am	6.1390734	0.6874812	-2.0967994	4.3095737	5.362762	2.2993634
01	5.996675	0.7688492	-1.7949904	4.6440663	5.38521	2.2456286
07	5.841523	0.78741646	-1.783012	4.8032594	5.3697214	2.2107425
08	5.9564595	0.68753356	-1.9704798	4.442095	5.3144484	2.2942958
10000	4.406149	1.0410609	-1.6581498	5.9080496	7.0108066	3.3284397
100_and_150	6.2053385	0.764647	-1.2383753	4.756107	5.180634	2.0621645
100_iu	6.3128343	0.76366645	-1.0138763	4.8127303	5.0297413	1.9271301
100_percent	4.702244	1.0974011	-2.023606	5.6810946	7.207758	3.06354
100_unit	6.344748	0.74280894	-0.91145456	4.7981772	4.9483895	1.8897344
100_unit_in_office	5.76674	0.8467028	-1.3871557	4.9982505	5.4267225	2.1524186
100_unit_of_botox	6.2796516	0.7560155	-1.1943908	4.739215	5.1266623	2.0163083
100_unit_under_general	6.063051	0.7602933	-1.7260597	4.6219516	5.3465104	2.2095954
100_worth	5.1468983	1.0621084	-1.1062666	5.9177856	5.7025695	2.090652
100cc	5.9180303	0.845535	-1.2918842	4.9993954	5.2785172	2.0143647
100k	6.066552	0.73005414	-2.2446637	4.3171034	5.622366	2.429416
100mg	6.297683	0.7518708	-0.9851992	4.8088417	4.995826	1.9195992
100ml	6.161419	0.78073007	-1.3347816	4.734279	5.3438487	2.1615028
100u	6.319552	0.73746616	-0.9285017	4.8061166	4.958051	1.898309
100u_under_ga	5.9107537	0.8137799	-1.180879	4.9917727	5.219228	2.0232284
100x_worse	3.669131	0.8646059	-0.36854136	6.782849	7.8860397	4.3150444
105	4.5220394	0.7235589	-1.9277607	4.4902334	6.759853	3.5789535
108	4.5007987	0.69264174	-1.9717196	4.389918	6.7799444	3.6639564
10_10_would_recommend	4.932643	0.83573663	-1.0171689	5.188366	5.9643245	2.7440517
10_15	4.334021	0.90838677	-0.2821503	5.526453	6.154304	2.76392
10_hour	5.9839954	0.6330901	-2.0344265	4.2295446	5.366454	2.4086137
10_month	4.7993054	0.9334793	-0.0052090324	5.5760255	5.8455453	2.2886205
10_month_ago	5.108393	0.9511982	-0.8192631	5.532612	5.7551594	2.2703364
10_year_ago	4.3525553	1.2687899	-1.517121	7.081367	7.6796875	3.7087321
10_year_old	4.3020024	1.3185738	-1.5302104	7.0745955	7.6922956	3.5487018
10x_worse	3.4357378	0.85674787	-0.1404261	6.822664	7.8765216	4.2249618
11_00	4.330518	0.8801144	-1.7068444	4.997982	7.120969	3.4469762
11_11	5.205401	0.857329	-1.2053652	5.1637983	5.742071	2.4619973
11_year_old	4.402712	1.1603484	-1.7285141	6.5818024	7.282413	3.4850774
1200	6.7017894	0.65864116	-2.3114967	4.0704446	5.2605166	2.1672087
121	5.2104917	1.083718	-2.3278158	5.3814583	7.0788126	2.7737699
125_unit	6.019192	0.79514444	-1.1528163	4.9372687	5.1463614	1.988319
126	5.5424743	0.8201256	-1.4807099	5.030368	5.563275	2.3887243
12_21	4.7246084	0.8397881	-0.7751237	5.378533	6.2675605	3.016828
12_hour	3.7677658	0.6122041	0.12474944	5.1359396	6.273449	4.0292816
12_month_wait_list	5.224313	0.9761693	-2.1458662	5.1746826	6.1576476	2.4345765
12_year	4.4687	1.2350805	-1.6818197	7.024319	7.384234	3.5618365
1300	6.5721927	0.7024928	-2.2714555	4.158742	5.3844557	2.2405188
140	5.9565077	0.7049899	-2.082214	4.291	5.5832434	2.5160189
14_month_ago	5.085115	0.9336264	-1.0697094	5.3947816	5.8735785	2.3865843
150	7.064395	0.6372405	-2.4525669	3.9781353	5.148327	2.0342293
1500	6.7140036	0.67715204	-2.2940834	4.074177	5.2870154	2.1876714
150_unit	6.3010564	0.75194454	-1.0342683	4.7914443	5.030388	1.9437776
150mg	4.9534492	0.8801728	-1.4473393	5.3075547	6.4700646	3.0617537
15_30_minute	2.8521316	0.86299527	-0.50496334	4.4759603	7.7780094	4.025266
15_month_ago	5.2926183	0.93862617	-1.2726215	5.3201947	5.78875	2.2832665
15_year_old	4.5436325	1.1634248	-1.7997494	6.7196603	7.137825	3.4494328
15mg	1.9920377	0.8473288	-1.2630651	3.823679	7.7393584	5.262239
160	4.514718	0.69271976	-1.9486558	4.3808556	6.736716	3.6274116
16_ounce	1.9376594	0.8214044	-0.8345508	5.305391	7.0842667	4.8772335
16_week	4.718812	0.91951907	-0.45172647	5.514134	5.9436398	2.4484067
16_year	4.4938107	1.1853914	-1.7516369	6.872734	7.3137093	3.563549
17_day	5.167824	0.9201431	-1.0227305	5.4540377	5.7597237	2.3636231
17_year	4.4096403	1.2394114	-1.4378471	6.9881706	7.891819	3.8082526
17th	6.0468044	0.8291709	-1.9669024	5.0044093	5.0731416	1.7934217
185	4.4873123	0.63982284	-2.1087618	4.0707455	6.9852877	3.8020854
18_hour	4.5300817	0.9353224	-0.58979315	5.5211043	6.266218	2.6858423
190	4.4456363	0.7375066	-1.8438382	4.6005297	6.7884264	3.614424
19_year	4.531543	1.3172029	-1.7625576	7.2105536	7.513755	3.4476414
19_year_old_son	4.8238993	0.94696265	-0.5090799	5.552627	5.9034023	2.3412914
19m	4.527348	1.0597919	-1.4866881	6.3257713	7.032034	3.435719
1_000	6.817297	0.6706971	-2.2953205	4.068436	5.222318	2.1265175
1_2_month	4.6913996	0.90985376	0.1294909	5.554851	5.917662	2.4013367
1_30pm	5.4592276	0.884124	-1.9862599	4.97576	5.820846	2.3581357
1_500	6.45572	0.68576205	-2.2137744	4.2183056	5.357162	2.2331233
1_5_month	4.586542	0.9202254	-0.2551621	5.5245585	6.047722	2.5166345
1_800	5.52422	0.8911846	-2.165292	4.8560295	6.1570787	2.5778012
1_day	4.6538177	0.8624353	0.04450043	5.5030413	5.943966	2.600446
1_injection	5.5891213	0.8622162	-1.169213	5.1217337	5.4936175	2.1830027
1_minute_hold	3.6819775	0.96695864	-0.02802746	3.5768433	8.768031	2.7937443
1_year_ago	5.198434	1.0314296	-1.2159283	5.8980117	5.7324805	2.241229
2000	6.977256	0.63481116	-2.4229949	3.9800584	5.1592116	2.0736387
200_unit	6.3256474	0.7503157	-1.0523783	4.755785	5.0761375	1.9824541
2014	5.4455156	0.8461444	-2.371399	5.5294695	8.100235	4.10954
2018	5.7009144	0.8478072	-1.6476126	5.1810255	5.3372335	2.147298
2025	6.030126	0.8541015	-2.18535	4.9408956	5.288457	1.9044639
20_mg	1.9313741	0.82944417	-1.473388	3.9062526	7.802164	5.485219
20_year_old_male	4.340284	1.0890456	-1.6256465	6.2113795	7.08689	3.372272
20k	6.4992814	0.7427381	-2.3450868	4.244237	5.5396376	2.29287
20s	4.577567	1.1413035	-1.6272366	7.0171022	7.631447	3.939757
212_305	5.13033	0.9544381	-2.2804346	5.1204686	6.5923147	2.8048146
21_year_old	4.559055	1.2622575	-1.8738194	7.058542	7.275262	3.3510451
21f	4.566558	1.203769	-1.8161623	6.839235	7.4031377	3.5192173
21st	5.927446	0.840787	-1.8547182	4.9597692	5.243157	1.967675
22_year	4.5083485	1.2925519	-1.7997048	7.1188383	7.2896833	3.3347595
22f	4.4765916	1.1077902	-1.7078001	6.4358487	7.2745767	3.5466592
2300	4.295109	0.86483705	-1.625638	5.063617	7.00009	3.4864051
23_year	4.5080523	1.2925034	-1.7960464	7.1243086	7.2869954	3.3449812
23f	4.5453205	1.1368666	-1.8354226	6.4280086	7.015024	3.282561
240	6.380749	0.7580733	-1.9528095	4.4360933	5.387948	2.1950254
2400	6.141754	0.76269627	-2.187411	4.3724017	5.5684404	2.365514
24_7	3.8893473	0.8180338	-0.09705015	6.5750384	8.366631	4.758805
24_hour_test	5.818515	0.80266327	-2.3513377	4.6501293	6.116329	2.5449886
24_now	4.5906467	1.1649112	-1.703925	6.8347926	7.045737	3.449996
24_year	4.493094	1.300443	-1.792147	7.1323814	7.3028865	3.3370078
24_year_old	4.5017233	1.143666	-1.726555	6.6911554	7.3207374	3.597963
24_year_old_female	4.5915103	1.2606109	-1.9826243	6.7012343	7.051506	2.9846926
24f	4.568854	1.1508492	-1.721459	6.790998	7.364488	3.6314263
24h	4.4921203	0.92274994	-0.1716839	5.569211	6.1434627	2.5828874
24h_ph	5.0571995	0.7027977	-1.6586746	4.450861	7.757713	3.720563
250	7.023304	0.6407847	-2.4289293	3.996589	5.1545143	2.0510054
25_unit	6.36162	0.7512414	-1.1038105	4.6933784	5.1920915	2.069657
25_year	4.5474887	1.3002406	-1.7561287	7.2221293	7.3747168	3.4167392
25_year_old	4.413985	1.1969528	-1.74633	6.795128	7.293182	3.4666624
25m	4.6004696	1.2985854	-2.0712714	6.8024282	7.005228	2.88754
26_year	4.5819397	1.2783796	-1.90301	7.024118	7.1735163	3.2418349
26_year_old	4.598823	1.2870587	-1.9763373	6.9446225	7.1384883	3.129109
26th	6.0187497	0.8559257	-2.184777	4.969059	5.2629642	1.8827782
2700	6.3410606	0.7369832	-2.229211	4.278303	5.503419	2.317193
27f	4.606799	1.2752354	-2.021079	6.7614923	7.0202045	2.9580703
27m	4.4668355	1.1340693	-1.7364172	6.4978614	7.2720222	3.4693465
27th	6.034	0.8375454	-2.0455058	4.9721613	5.173743	1.8564429
28f	4.8455553	1.2363652	-2.2708523	6.337294	6.781882	2.63933
28th	6.084106	0.8435881	-2.16638	4.969321	5.1806693	1.8191469
28th_of_august	5.591298	0.86935306	-1.2610755	5.1334558	5.5300016	2.2205849
29_now	4.431717	1.1715064	-1.4392729	7.058369	7.741248	3.9573374
29_year	4.508013	1.2644203	-1.8811584	6.8246427	7.114426	3.1196184
29_year_old	4.374025	1.2250884	-1.7709823	6.728414	7.2366776	3.2903588
29m	4.6347485	1.2747302	-2.0416043	6.7383046	6.964044	2.9041636
2_3_hour	2.8676825	0.7420892	-0.2681274	5.292204	6.882008	4.4745297
2_3_month	4.744274	0.91595316	0.075807236	5.5373325	5.890199	2.3579526
2_3_week	4.63855	0.88519055	0.24789356	5.542067	5.963001	2.505195
2_beer	2.146035	0.8741408	-0.69568765	5.6038527	7.1615844	4.750785
2_day_post_op	4.4916844	0.94836366	-0.29108727	5.6036196	6.1858215	2.5486045
2_dose	6.083906	0.82070965	-1.3778318	4.796764	5.5945106	2.3003573
2_injection	6.106351	0.7891817	-1.2481756	4.804163	5.2593045	2.0887418
2_month_post_op	4.572259	0.94611615	-0.36737522	5.582919	6.107451	2.5018
2_round	5.9786644	0.8101884	-1.3682463	4.8393645	5.4011736	2.1827624
2_week_post_op	4.5405135	0.9795302	-0.6435265	5.591715	6.214801	2.5146549
2_year_ago	4.70174	1.2217577	-1.4945937	7.088497	6.856296	3.2591429
2am	3.188298	0.8102964	-0.43149987	5.6140494	7.1809936	4.300776
300	7.0583653	0.625482	-2.4601986	3.947518	5.128812	2.0409193
3000	7.1503973	0.6612923	-2.5573292	3.9823346	5.176697	1.9956498
30_60_second	3.5699317	0.8778457	-1.0758015	4.7165885	7.5049934	3.6598947
30_min	3.3195028	0.74093884	-0.47420457	5.238286	6.7123427	4.142705
30_minute_before	1.814778	0.77127916	-0.6831033	4.193531	7.497041	5.276705
30_rep	3.6413906	0.9526345	-0.00056922913	3.5697148	8.774959	2.8523583
30_unit	6.3313704	0.7538157	-1.0899985	4.732251	5.1445985	2.0314372
30_year	4.514065	1.3144536	-1.6770993	7.2977343	7.464286	3.447098
30f	5.5061827	0.8751106	-1.3177513	5.2092996	5.53072	2.234946
30m	4.650529	1.1579112	-1.8989782	6.609842	7.567101	3.5786097
30s	4.66884	1.0573636	-1.6011833	6.8120365	7.56415	4.0073533
30th	6.0763073	0.83863664	-2.0697715	4.9951277	5.122479	1.7981918
31_now	4.624408	1.1283039	-1.5479592	7.032297	7.9236336	4.119827
31st	6.0053062	0.84422654	-2.0983882	5.0041184	5.1705565	1.8394873
3200	6.695254	0.7080836	-2.3048997	4.116856	5.4006658	2.2401018
32_year	4.5097637	1.303741	-1.7962501	7.1560903	7.3279314	3.3489735
32_year_old	4.518104	1.1783881	-1.851367	6.5726995	7.157612	3.3124504
350	6.662565	0.6948582	-2.295185	4.1263747	5.3571906	2.2182605
3500	6.93076	0.6855413	-2.4866216	4.0803547	5.2871814	2.08126
35_year_old	4.5468354	1.1534362	-1.7576725	6.737939	7.482773	3.694288
3600	5.594813	0.856025	-1.9193512	4.795533	6.0714474	2.6037393
3800	6.643082	0.7007299	-2.2116468	4.1492643	5.3824883	2.2375946
38_year_old	4.8684187	1.2916701	-2.424808	6.3297157	6.755418	2.3906024
3_000	7.117122	0.67564523	-2.5789523	4.020639	5.2357187	2.0247617
3_1	5.369801	0.88354915	-1.6895155	5.081808	5.926766	2.5017097
3_4_day	4.5642347	0.8845112	0.28447884	5.5618234	6.0137177	2.559423
3_4_month	4.8167324	0.92451847	0.119295694	5.5103827	5.8589916	2.2648926
3_5_month	4.841387	0.9172569	-0.03405272	5.540235	5.843422	2.3023343
3_6_month	4.7770915	0.9297095	0.057585984	5.51993	5.891377	2.2916255
3_beer	2.6544313	0.93891764	-0.77565587	5.716447	7.169253	4.2620234
3_bite	1.80521	0.7804083	-0.2966774	5.4851956	7.182675	5.151829
3_injection	6.3684964	0.7262649	-1.3789988	4.4432335	5.454405	2.2887645
3_month	4.809351	0.92617846	0.13152578	5.5401597	5.8355064	2.2557337
3_month_mark	4.7143936	0.955682	0.023188671	5.5320435	5.99297	2.2747612
3_month_post_op	4.417408	0.982195	-0.22524108	5.6539416	6.3554516	2.5513954
3_set	3.6883676	0.9733226	-0.033860203	3.5696774	8.770099	2.7706397
3_week_post_op	4.407689	0.92371243	-0.105241895	5.609009	6.253223	2.653006
3_year_ago	4.6589336	1.2208393	-1.5803795	7.065252	6.9454727	3.321102
3am	3.1355977	0.81174016	-0.37634388	5.296058	7.6639767	4.229859
3k	7.185573	0.67246056	-2.5946038	4.011086	5.1917124	1.9661107
3pm	3.1705916	0.71154606	-0.25839517	5.2667694	6.653924	4.2919555
400	7.0244627	0.61643964	-2.470265	3.944897	5.1287165	2.061858
4000	7.109406	0.66575146	-2.537843	3.9789019	5.194333	2.0320303
40_unit	6.30909	0.7558101	-1.0400394	4.7757583	5.077544	1.9798875
40_year	4.5005345	1.1884257	-1.6612185	6.9871817	7.505764	3.6870327
40_year_old	4.5936246	1.2388154	-1.9425206	6.52919	6.9649954	2.89687
40mg	1.8487628	0.8351923	-1.590203	3.8809667	7.8906684	5.6386757
40s	4.52434	1.1303401	-1.7750112	6.543064	7.104494	3.4479036
42	4.6100144	1.1806229	-1.719305	6.97253	7.2120023	3.5488389
43	4.582553	1.0418555	-1.6514115	6.2345123	6.827879	3.396411
43_year	4.6195836	1.2663951	-2.0598357	6.7179737	7.011463	2.9702902
450	6.637604	0.6895781	-2.2413046	4.1459923	5.433526	2.2535157
4500	7.021784	0.6539969	-2.5092835	3.9951496	5.2056212	2.0590808
45_degree_angle	3.091685	0.8240826	-0.01611589	3.9721282	8.412808	3.6960273
48	4.513608	1.0811962	-1.5384401	6.6411777	7.152674	3.631246
48_hour	4.533138	0.84248453	0.34310228	5.542213	6.0096498	2.7159595
4_000	6.797264	0.7117776	-2.3985598	4.127577	5.3744903	2.1564088
4_5_hour	3.2803862	0.79120225	-0.64876974	5.1946774	6.9080157	4.059974
4_5_inch	2.1196268	0.7268745	0.022484489	4.1638412	8.039193	4.672767
4_day_post_op	4.563809	1.1472713	-1.3961653	5.882098	6.2672405	2.2306044
4_month	4.7973905	0.9186718	0.113855734	5.5598416	5.8253818	2.2961993
4_month_post_botox	4.741018	0.9500531	-0.31665292	5.586172	5.961476	2.3614085
4_month_pregnant	3.7302177	0.9196512	-1.3291005	5.7986684	7.3389397	3.7923534
4_week_post_op	4.708089	0.95782393	-1.0463656	5.601983	6.262725	2.7264273
4_year_ago	4.6425004	1.2347544	-1.6210661	7.0705132	6.9385495	3.2720757
4k	7.0797553	0.6347326	-2.484366	3.9536908	5.1393504	2.038686
4pm	3.3637118	0.72639596	-0.41676015	5.2650366	6.634239	4.137277
50	6.3768625	0.7513907	-0.980362	4.74078	5.0782256	1.9921832
500	7.073342	0.6112369	-2.4635148	3.9253962	5.1071057	2.0466115
5000	7.155136	0.65953505	-2.5697153	3.9935799	5.1784697	1.9873103
5000_cad	6.650211	0.72115713	-2.310374	4.162658	5.4097786	2.2322848
500mg	1.9995886	0.8080155	-1.2987945	3.9914207	7.6752787	5.3216805
50_100	6.2934704	0.779418	-1.3460039	4.6612525	5.476139	2.2521362
50_100_unit	6.2108045	0.79314125	-1.3325272	4.6937947	5.500067	2.2633586
50_75	6.084083	0.80442786	-1.4136636	4.7338586	5.682322	2.381076
50_time	4.2105975	0.9226815	-0.49565053	5.5656934	6.3232346	2.955104
50_unit	6.34364	0.7421106	-0.9317283	4.786637	4.972253	1.9110924
50_unit_in_office	5.770366	0.84182423	-1.4652454	4.9564137	5.457987	2.1838202
50_unit_injection	5.68761	0.8556805	-1.583068	4.931062	5.673863	2.3284893
50_unit_of_botox	6.3075714	0.7598898	-1.2474737	4.7720394	5.0643673	1.9424318
50_unit_with_lucy	4.7759204	0.8999933	-0.7765769	5.426376	5.989321	2.5980527
50cc	6.0265336	0.7923897	-1.6224504	4.6845264	5.4426064	2.2195802
50mg	6.298205	0.752309	-0.98612106	4.8011622	5.0272584	1.9418502
50ml	6.069516	0.7898445	-1.1365721	4.8951163	5.156252	2.0057979
50u	6.281026	0.75472945	-1.0602201	4.7923007	5.0581493	1.9640601
50u_in_office	5.950334	0.84544426	-1.6488459	4.9578004	5.3241525	2.0256066
5289	5.079489	0.9310904	-2.1582983	5.0823364	6.461326	2.7937875
52_year	4.6738305	1.3020722	-2.1842363	6.705871	6.9339986	2.7496142
53_year	4.587526	1.26914	-2.0401726	6.7171073	7.0098224	2.9581423
54	4.4563627	1.1204455	-1.6661967	6.6103373	7.111497	3.51975
55	4.5460024	1.2259681	-1.77759	6.9573655	7.1010175	3.3603103
550	6.6200085	0.6922331	-2.217886	4.1212335	5.3395767	2.2339168
5500	6.1523404	0.72949475	-2.239417	4.297349	5.562281	2.381463
55_unit	5.915456	0.82178074	-1.5335151	4.9134326	5.3002586	2.0557811
55_year	4.48828	1.1823577	-1.7993566	6.685955	7.234952	3.4082682
575	6.5075264	0.70799536	-2.0361972	4.237549	5.4657736	2.3063056
5_day_post_botox	4.468377	0.9165385	-0.17573656	5.6012044	6.2136617	2.6579094
5_hop	1.9787365	0.85403955	-1.3285148	3.7793736	7.7404213	5.299173
5_hour_away	6.1214666	0.8245641	-2.2018073	4.839994	5.2436523	1.9127202
5_hour_drive	6.3052907	0.84079754	-2.6030912	4.7148457	5.548923	2.030859
5_month	4.804807	0.928089	0.0803256	5.565861	5.8283386	2.27399
5_month_fifth_150	4.618261	0.8375448	-0.2962407	5.516487	6.2086635	2.9802988
5_month_late	4.9481134	0.9261702	-0.5581682	5.485656	5.8049006	2.3187454
5_month_out	4.7258143	0.93238646	-0.13657501	5.5754037	5.9353743	2.373989
5_month_post_op	4.6217303	1.0133625	-0.49511862	5.697338	6.1623907	2.3561416
5_month_pregnant	3.4964375	0.8163891	-0.893646	5.9089456	7.6008325	4.2726107
5_year_old	4.3959613	1.2738773	-1.5856142	7.1302867	7.6552386	3.6914194
5am	3.1850166	0.7744411	-0.34154752	5.391682	7.095227	4.2533026
5k	7.151393	0.6427175	-2.5479064	3.9780328	5.1556177	1.9899611
5pm	2.9172764	0.7263026	-0.24178363	5.304369	6.826339	4.4615397
5x	3.9919257	0.9059468	-1.1794404	5.2750783	7.035591	3.46586
600	7.1172976	0.64176637	-2.5161622	3.973033	5.161229	2.0127325
63	4.419181	1.1737497	-1.7556726	6.6797733	7.242353	3.447666
65	6.0074315	0.7816909	-1.5624988	4.7250495	5.3965945	2.2480268
65_unit	5.941192	0.81939536	-1.2056792	4.955637	5.252045	2.0442667
6_day_post_botox	4.513711	0.93827593	-0.28297454	5.5828433	6.1383586	2.5459297
6_month	4.8132653	0.93067014	0.119113274	5.527302	5.8459115	2.242853
6_month_ago	5.2335334	1.0097173	-1.0953113	5.8079257	5.6253467	2.165927
6_month_late	5.1220455	0.913699	-0.7140555	5.3988795	5.702376	2.2569273
6_month_mark	4.7924986	0.94140315	0.07692991	5.5243025	5.8782115	2.231419
6_month_post_botox	4.7592506	0.95533293	-0.34016225	5.580548	5.936978	2.319477
6am	6.035525	0.6455796	-2.0660715	4.2630067	5.336211	2.3498204
6pm	3.3530078	0.74507713	-0.54389834	5.24648	6.6442842	4.102567
6th	6.025903	0.84061986	-1.9891834	5.022145	5.108373	1.8058358
6th_grade	4.0760865	1.2233853	-1.3516682	6.6887197	7.5641594	3.5478342
70	6.101305	0.77537155	-1.3942342	4.729014	5.306203	2.1730995
700	7.0839567	0.64230675	-2.4940577	3.974317	5.163833	2.0314548
70_year_old	4.5862255	1.2502835	-1.931999	6.8847437	7.125302	3.2317915
70_year_old_lifetime	4.5752344	1.0064034	-1.6116649	6.0798144	7.1929	3.5827909
75	6.379889	0.74523795	-0.96667844	4.742002	5.0554485	1.9778583
750	6.8239098	0.6634175	-2.3633204	4.0407524	5.254167	2.1397843
75_100	6.178121	0.80114615	-1.3757353	4.71563	5.590034	2.3256674
75_cc	6.0585017	0.8114295	-1.4851977	4.7556014	5.508199	2.2542007
75_or_100	6.296833	0.77031875	-1.4141622	4.612477	5.503151	2.2870734
75_unit	6.345132	0.7417715	-0.95078653	4.7748227	4.9935617	1.9335074
75_unit_of_botox	6.1538706	0.7983037	-1.5670301	4.847759	5.1569014	1.948016
75_unit_under_general	6.1929398	0.6952265	-1.7633772	4.531793	5.143684	2.0903442
75_unit_with_doctor_bastian	6.3799	0.74049	-2.038481	4.338646	5.342885	2.2158177
75_unite	4.435002	0.6152094	-2.2196264	3.9490356	7.034306	3.9017277
75u	5.902955	0.8251726	-1.43117	4.975865	5.2902093	2.0662823
7_45	6.1233335	0.7034593	-2.1143336	4.327982	5.4177623	2.3078837
7_5_month	4.6990323	0.93058705	-0.42146948	5.5553527	6.0213857	2.486028
7_day_post_op	4.432073	1.0506135	-1.616701	5.44519	6.5686245	2.682782
7_month_ago	5.3769236	0.9296612	-1.1886476	5.467886	5.578336	2.2125823
7_month_pregnant	3.5265749	0.8096653	-0.8730082	5.968964	7.6061964	4.30007
7_week_ago	5.618447	0.8706737	-1.2741008	5.1401863	5.6678896	2.3298123
7am	6.102163	0.65409184	-2.0144563	4.380388	5.187743	2.1870837
7th	5.997399	0.83462685	-1.9417908	5.034059	5.0995927	1.8273737
80	6.3427606	0.7508221	-1.0020188	4.7494807	5.14123	2.0306153
80_100	6.1831875	0.79657155	-1.3327633	4.7323976	5.499438	2.2612607
80_90	6.093677	0.81747216	-1.3869126	4.7910523	5.6852827	2.3760595
80_of_patient	6.174367	0.813493	-1.3425148	4.7917933	5.5503187	2.2603505
80_success_rate	6.3143134	0.786831	-1.3231002	4.702602	5.4580383	2.2154245
80_unit	6.305389	0.7459733	-0.919631	4.818231	4.9538193	1.8924054
80_unit_of_botox	6.058043	0.8026131	-1.3948748	4.892931	5.16396	1.9721956
80u	6.147734	0.77862525	-1.0980682	4.8612957	5.125913	1.9959831
81	4.46858	0.6696556	-2.0531778	4.199649	7.031143	3.7794614
816	6.296165	0.75122416	-2.0621393	4.3852053	5.4387074	2.25847
820	6.4885664	0.73574185	-1.8767855	4.270403	5.4168863	2.2812037
850	7.1213317	0.65261483	-2.4945123	3.9927278	5.147592	1.9902817
85_90	6.109568	0.81994665	-1.464161	4.767366	5.8014145	2.442648
85_unit	5.8726134	0.8603625	-1.6216962	4.9795513	5.3811417	2.0317266
87_unit	5.7685432	0.8540025	-1.3520855	4.9766855	5.5403743	2.237009
87_unit_of_botox	6.2113047	0.70876104	-2.0380633	4.259134	5.6302543	2.4635053
8_14	5.6145973	0.94393444	-2.1332507	5.1370544	5.7348466	2.1446078
8_5	5.5870137	0.8252639	-1.5875572	5.0083694	5.5025907	2.302357
8_hour	2.868833	0.75803995	-0.22280237	5.434086	6.9606576	4.479674
8_month_late	5.095841	0.9151926	-0.7010196	5.414674	5.714638	2.2662654
8_month_pregnant	3.6590211	0.8709267	-0.9568239	5.9989815	7.5282598	4.1236763
8_pound	4.3468294	0.8334642	-1.5982687	5.112086	6.814317	3.5363023
8_year_old	4.2775116	1.4011797	-1.4239262	7.3387327	7.859152	3.552476
8k	6.3199677	0.7230961	-2.1824691	4.334255	5.3258824	2.1923673
8th	6.0647235	0.8325606	-2.0521808	4.993753	5.0916686	1.7902256
90	5.987234	0.78578264	-1.3013215	4.8022704	5.3527975	2.2086518
900	6.909729	0.66102225	-2.40756	4.0126724	5.238597	2.1146932
90_100	4.2234387	0.8375519	-1.6238976	4.963355	6.992047	3.5938268
90_percent	4.348148	1.0584625	-0.84285265	5.868998	6.628343	2.6601284
90_success_rate	6.285898	0.78778964	-1.3816497	4.683141	5.4591293	2.217922
90_unit	5.916825	0.8344121	-1.3784676	4.910945	5.3949842	2.135824
99_9	4.727093	1.1684337	-1.7237817	6.101353	7.534276	2.9951866
9_day_post_botox	4.3947105	0.9774355	-0.3107549	5.636363	6.323131	2.535093
9_day_post_op	4.48985	1.0296149	-1.0142134	5.6584187	6.4778686	2.671325
9_hour	3.486479	0.75195974	-0.5933411	5.2583404	6.5641193	3.9836402
9_month	4.806741	0.9284846	-0.051552307	5.634279	5.79898	2.322267
9_month_ago	5.173187	1.0337737	-1.1283743	5.8687606	5.6697307	2.1493328
9_month_pregnant	3.5156968	0.79718673	-0.8741222	5.917783	7.6124253	4.313357
9_or_10	3.9984953	0.9446032	-1.3758453	5.389283	7.090655	3.4195993
9_year_ago	3.8542714	1.0341423	-1.0860507	6.1861258	7.3119826	3.7656476
9am	6.2375817	0.6161175	-2.0797577	4.2039433	5.212813	2.2217577
a_acid_reducer	1.9341333	0.84798735	-1.3146082	3.8314443	7.777306	5.3507037
a_adult	4.502865	1.402487	-1.6025999	7.473792	7.9250813	3.6198077
a_airplane	3.678406	0.81798744	-1.0008817	4.7968874	7.5398846	3.7779527
a_allergist	6.496418	0.97393686	-3.3242226	5.1274514	6.5674505	2.2783103
a_appointment	6.6665745	0.849229	-2.7402475	4.8756013	5.3319936	1.6944315
a_believer	5.3639817	1.1402215	-2.4436593	5.3307505	6.8601756	2.3866777
a_blender	2.0658438	0.71605885	-0.7033185	4.849888	7.1733975	5.0498886
a_blessing	4.435334	1.2837576	-1.8469967	6.251423	7.361752	2.7404091
a_breeze	5.45861	0.85537744	-1.8387909	4.9457755	5.840624	2.4389176
a_bucket	3.04164	0.97659254	-0.3931222	5.3706455	7.6801553	3.8103514
a_bummer	4.5946846	1.3109185	-1.7934637	6.13907	6.2111816	1.7978845
a_byproduct	3.738604	0.72174245	-0.84613365	4.9364495	8.907963	4.9481306
a_camera	5.3043156	0.35014197	-0.63511914	3.1913023	7.447068	3.6299195
a_chair	2.81694	0.80412346	0.5033792	3.944999	8.656747	3.87186
a_charm	5.7987847	0.8804669	-1.2654653	5.0914555	5.355836	2.0143497
a_chaser	1.824881	0.6897883	-0.044945154	4.7815075	7.2552314	5.1385145
a_child	4.459654	1.411031	-1.5351444	7.447932	7.965447	3.6279352
a_chiropractor	6.0733147	1.062703	-3.1433196	5.2139454	6.5362606	2.2246053
a_coincidence	5.325937	1.1425723	-2.0519285	6.29159	8.761983	3.9447944
a_cold	3.8939757	0.7296773	0.11260385	5.8992825	7.9500456	4.6004143
a_colonoscopy	6.9750304	0.7208847	-3.2295299	4.667039	7.349656	3.0510156
a_concert	2.4144616	0.90386015	-0.4958764	5.8204255	7.194524	4.536482
a_connection	5.3876386	1.1209784	-2.0657558	6.297775	8.790586	4.0076833
a_consult	6.713087	0.8520562	-2.7944982	4.8575134	5.3961797	1.7216351
a_consultation	6.697294	0.84561926	-2.7473838	4.8407845	5.343516	1.7090042
a_correlation	5.4020286	1.12321	-2.0652897	6.345255	8.77853	4.017428
a_croaker	4.537069	1.2469264	-2.0089433	6.4847817	7.0586276	2.899145
a_cup	1.3253886	0.7692136	-0.40728217	5.2863607	7.1219754	5.3899126
a_daily_basis	4.2632523	0.9188536	-0.7326465	6.739448	8.237423	4.5419064
a_demon	3.1486635	1.097223	-0.056291092	6.1187906	7.755663	2.8042967
a_diagnosis	6.8737144	1.0131949	-3.473273	5.3304944	6.9645996	2.3835456
a_discount	6.016862	0.8392399	-1.4360058	4.8238564	5.4314733	2.1414099
a_egd	6.7298894	0.76317525	-3.1189194	4.7187214	7.112134	2.9189858
a_ekg	6.694876	0.73970157	-3.0755363	4.703171	7.268753	3.0844336
a_emetophobe	3.7341275	1.5216382	-0.50321406	7.228971	8.137789	3.462269
a_endoscopy	7.1059713	0.70772576	-3.2564707	4.612345	7.2898817	2.9742236
a_ent	7.1055455	0.99712366	-3.6531458	5.2151175	6.640498	2.10728
a_esophagram	6.732492	0.87939554	-3.274809	4.933283	6.847422	2.5658712
a_exorcism	3.1776266	1.1157769	-0.10467583	6.00525	7.7653317	2.835935
a_fast_eater	1.7696439	0.66690874	-0.0290961	4.9289556	7.1705217	5.2781
a_frog	3.133802	1.0896999	0.03487488	6.2930956	7.7526402	2.778324
a_fundoplication	5.598958	0.8938634	-2.2609246	5.762857	8.539158	4.2803526
a_gastroenterologist	7.0538206	0.9672993	-3.581308	5.209175	6.7924085	2.260133
a_gastroscopy	7.059118	0.7078862	-3.2345705	4.628814	7.2906713	2.9864519
a_genetic_component	5.1460485	1.1765368	-2.1605833	6.352129	8.206433	3.6438875
a_gi	7.1159496	0.9480818	-3.6214874	5.1875386	6.784498	2.2591312
a_giant	3.0328043	0.82520616	0.30591744	4.975093	8.050646	4.0995073
a_gig	3.3135226	0.93360776	-0.76046497	5.6215353	7.3170753	3.954763
a_gigantic	3.3045995	1.2060179	-0.04452015	5.51384	8.093096	2.8606756
a_glass	1.2061577	0.80031693	-0.44433957	5.438151	7.074591	5.4071527
a_good_sign	4.3653107	1.0448116	0.044209618	5.643224	6.464326	2.2610786
a_gown	4.9389324	0.4421851	-1.1108111	3.3417416	6.8826227	3.53124
a_gp	7.0286818	0.9883168	-3.582858	5.1843376	6.568894	2.097196
a_gradual	4.4038324	0.96072185	-0.12548427	5.5880384	6.3105316	2.5410905
a_h2_blocker	1.9496975	0.8207433	-1.5048664	3.9439106	7.7930856	5.5101194
a_heat_pad	3.0151336	0.7924861	0.07187582	3.8039756	8.546288	3.765661
a_hh	5.432772	0.9321612	-2.2526312	5.6280503	7.6485353	3.6857207
a_hiatal	5.065964	0.9138552	-1.8870592	5.472191	8.4747505	4.071914
a_hiatal_hernia	5.6934743	0.91894865	-2.190357	6.0689096	8.888577	4.501982
a_hiatus	5.7017593	0.89122945	-2.2610645	5.927462	8.769578	4.459291
a_high_dose	6.3281984	0.77121323	-0.92585295	4.818025	5.012697	1.9096704
a_hmo	6.890162	0.8978385	-3.1540308	4.604008	5.9423413	2.0616367
a_incline	2.334807	0.7462495	0.18976015	3.9479752	8.288931	4.369155
a_infant	4.497879	1.379193	-1.6196636	7.4045577	7.9186206	3.6207795
a_laryngologist	6.823653	1.0289005	-3.4933417	5.202008	6.514647	2.0695245
a_laryngoscope	7.0096498	0.64589643	-2.9696064	4.3754387	7.1841583	2.9981596
a_learn_behavior	4.9916315	1.1058571	-1.9383632	5.5622907	8.225755	3.3542862
a_letter	6.816848	0.8975077	-3.1604242	4.8945317	5.91582	1.9232563
a_lifesaver	4.8791127	1.204168	-2.0420802	5.777366	7.3988895	2.8427157
a_literal	3.4222567	1.0804332	-0.4981036	6.1134152	7.585629	2.927738
a_little_bit	3.3623497	0.8052827	0.7083789	5.111884	8.12375	3.9596667
a_low_fodmap	1.8258178	0.6891538	-1.3086202	4.8707175	7.5845146	5.7717
a_lump	4.042317	0.56149644	0.5750729	5.062518	6.915175	4.070643
a_major	4.9881096	1.0292085	-1.789689	6.4696054	8.369551	4.2470603
a_marathon	4.1660495	1.0497624	-0.037664592	5.4772453	6.7931676	2.4001334
a_medical_bankruptcy	6.2579365	0.9176939	-3.0772805	5.135096	7.087767	2.8483386
a_mini	3.331155	0.88484097	-0.08422349	5.359593	7.81108	3.596964
a_minor	5.529538	0.9286245	-2.2497976	5.7849092	8.548572	4.183114
a_misdiagnosis	5.5331445	0.9859986	-2.2638133	6.1392317	8.616459	4.267796
a_monster	3.323713	1.0741401	-0.015243125	5.8172274	7.6764894	2.8569508
a_myriad	5.186373	0.9727268	-2.1175034	6.0478697	8.302008	4.1515503
a_name	5.2294836	1.4394864	-2.673701	6.720678	6.7788863	1.937191
a_narrow	4.9384937	0.75607	-1.4178822	4.598808	8.546367	3.9619381
a_neurologist	6.599158	1.0075996	-3.42686	5.1892505	6.646028	2.2340817
a_nightmare	3.867267	1.1351532	-1.407431	6.1267805	7.140781	3.1261234
a_no_burper	4.603313	1.3769207	-1.6846778	7.4539504	7.8927207	3.6108048
a_noburper	4.67739	1.3666334	-1.7808934	7.400196	7.893561	3.5965724
a_normal_person	3.6678867	1.0658352	0.63910055	5.692865	7.5014143	2.5671523
a_numb_agent	5.066386	0.41261643	-0.60741824	3.435088	7.3951178	3.6723328
a_otolaryngologist	6.606026	1.023508	-3.4155364	5.178573	6.564469	2.1640923
a_panic_attack	3.832847	1.1262091	-0.44299507	6.8259478	8.231164	4.222045
a_peer_to_peer	6.237464	0.8386534	-2.5318894	4.6247277	5.7262797	2.2176561
a_piece_of_cake	5.7914324	0.75780773	-1.8200889	4.721706	5.40772	2.242457
a_possibility	5.4845653	1.1530646	-2.131316	6.2406206	8.686435	3.8051
a_ppi	1.8199164	0.8375599	-1.6851652	3.810207	7.9284105	5.717963
a_precaution	1.9952165	0.8159569	-1.3392748	3.8460073	7.7054033	5.361042
a_probiotic	1.9492449	0.83277565	-1.1816082	3.8485126	7.7288146	5.2662535
a_psychiatrist	6.5315366	0.93115115	-3.368819	5.153355	6.680019	2.3586361
a_red_bull	1.2941779	0.8557149	-0.47943157	5.633887	7.030466	5.235192
a_referral	6.9954367	0.96803725	-3.5071514	5.1348	6.447337	2.0672534
a_revelation	4.6281395	1.3471301	-2.1830893	6.608932	6.7841406	2.3679192
a_row	3.7586102	1.0597844	0.85975397	5.786574	7.174323	2.478661
a_scope	7.0115223	0.64680564	-2.966836	4.3748574	7.1765685	2.9891315
a_second_dose	6.33636	0.7711438	-0.8712633	4.840184	4.9269576	1.8479049
a_second_opinion	6.935461	0.9867468	-3.4966252	5.1837173	6.547368	2.1269512
a_second_round	6.3049703	0.7770489	-0.8901858	4.859059	4.9443817	1.8509241
a_singer	4.640767	0.83261114	-0.57369536	5.557103	6.630962	3.3497534
a_slight	3.7539637	0.66850203	0.4866308	5.0651736	8.19529	4.3118615
a_small_hiatal	5.716839	0.87691104	-2.2777226	5.9272165	8.767392	4.50048
a_smoker	4.88664	0.9145522	-1.9223952	5.711725	7.905059	3.9825168
a_smoothie	1.6695641	0.6231119	-0.1332405	4.823303	7.113882	5.4081936
a_soda_stream	1.2146435	0.8450476	-0.5970648	5.578714	6.9592566	5.262024
a_specialist	7.068912	1.0166929	-3.6382952	5.2051983	6.5536947	2.0377452
a_spectrum	5.337784	1.169201	-2.0987208	6.583455	8.51257	3.8964875
a_speech_language	5.918189	1.0658096	-3.1119416	5.2771473	7.0497284	2.5907953
a_speech_pathologist	6.3105245	1.0373905	-3.2485685	5.1219015	6.557625	2.2048893
a_speech_therapist	6.3860393	1.0179862	-3.2801535	5.127434	6.4626102	2.1453035
a_stomach_ache	3.0472379	0.9569381	-0.388264	6.217279	7.5910215	4.3453803
a_stomach_bug	3.8518624	1.398134	-0.76941985	7.1470914	8.057033	3.6519718
a_teaspoon	1.8088081	0.6941261	-0.4703977	4.962274	7.1813364	5.2394953
a_tendency	3.870872	0.8513179	-0.77220726	5.150261	7.970767	3.9083016
a_tennis	3.4805918	0.8385031	0.5074601	3.8293545	8.992657	3.3744376
a_toddler	3.9603124	1.3793976	-1.1234047	7.021987	7.856374	3.4967415
a_toilet	2.9568486	1.3995022	0.35128513	5.947261	8.446981	3.1930413
a_ulcer	5.5688105	0.85778147	-2.2830555	5.900027	8.577482	4.4850445
a_ultrasound	6.907449	0.7145757	-3.1699092	4.651598	7.3803115	3.1167932
a_vicious	4.389219	0.7516334	-0.65946746	4.952262	9.1386595	4.4340897
a_viscous	3.4042282	0.91875494	-0.34230906	6.1704593	7.8116994	4.206715
a_wedge	2.1217213	0.7300996	0.12636815	4.0929627	8.095669	4.6262617
a_wedge_pillow	1.9825441	0.80135816	-1.3849682	4.0204225	7.808136	5.4410276
a_weird_quirk	4.7814813	1.2525413	-2.0066466	6.5876594	7.8106294	3.3615034
a_weirdo	4.456679	1.3259764	-2.0207245	6.585144	6.8955874	2.5176241
a_whisper	3.55394	0.7127245	0.13007511	5.038174	7.1932955	3.943198
a_x_ray	6.983064	0.7132722	-3.2119796	4.6400895	7.384727	3.0799417
aa	4.1106744	0.8734306	-1.6113544	5.0531645	7.1169014	3.5630927
aaah	4.4217753	1.2724289	-1.6073033	6.095863	6.378305	2.0469491
abd	4.732019	0.94692105	-1.6747445	5.4150567	8.22506	3.8295696
abdomen	4.0733924	0.6299353	0.13621028	4.6658754	9.050813	4.35971
abdominal	4.331737	0.7191677	-0.43506655	4.7871656	9.329938	4.4842296
abdominal_area	4.487525	0.7513662	-1.1032832	4.9659734	8.5409155	4.235027
abdominal_bloat	4.127638	0.7474762	-0.47638264	6.0286765	8.281196	4.6222353
abdominal_cramp	4.0823674	0.84569633	-0.92312646	6.008667	7.8426704	4.273593
abdominal_discomfort	4.215578	0.7701855	-0.6343347	6.1899323	8.156481	4.619027
abdominal_distension	4.341155	0.7735874	-0.8997953	5.8198814	8.218633	4.4793434
abdominal_distention	4.100292	0.764232	-0.67904687	6.118693	8.041228	4.5558305
abdominal_massage	3.6704273	0.8964857	-0.5101522	3.8938046	8.651708	3.3915496
abdominal_muscle	3.9309297	0.8200795	0.4725271	4.142585	9.334188	3.5603034
abdominal_pain	4.1083384	0.78831863	-0.22578958	6.5350513	8.504203	4.841725
abdominal_pain_and_nausea	4.3685784	0.98653674	-1.4693778	6.2105503	7.308028	3.808058
abdominal_pressure	4.473591	0.7860325	-1.0560306	5.2173615	8.571921	4.274596
abdominal_x_ray	4.4265766	0.8369429	-1.7189654	5.011403	7.6988173	3.9355488
abdomino_phrenic	5.473343	0.93947417	-2.333699	5.4929714	8.358013	3.8835351
ability_to_burp	4.8174825	0.9118115	0.13691273	5.5546985	5.869968	2.2961397
ability_to_sing	5.064095	0.9938063	-1.8296318	5.4302764	6.8746057	3.0016768
ability_to_swallow	4.4942675	0.9329501	-1.6598582	5.403224	6.9741015	3.3854764
abit	4.002789	0.77357227	-0.33330998	5.3067536	6.833973	3.5948303
able_to_burp	3.9377627	1.1029112	0.68107283	5.586506	7.33777	2.3612072
able_to_burp_on_command	4.3522696	1.0406314	-0.45283505	5.7327127	6.46468	2.4657812
able_to_control	4.1083198	1.0178266	0.14087124	5.7045326	6.721901	2.5322306
able_to_eat	1.6905998	0.6704515	0.014968891	4.962583	7.183075	5.325878
able_to_release	3.6746051	0.80750793	0.29887915	5.185354	8.9549675	4.0868845
able_to_vomit	4.065332	1.328517	-1.1143786	6.734801	7.9485226	3.5053363
abnormal	5.053318	0.77173734	-0.8308527	4.6258492	9.506966	4.1403966
abnormality	5.3946843	0.7942223	-1.8545581	4.958381	8.753598	4.1165023
about_2000	6.6848717	0.67562044	-2.2724662	4.0597253	5.297213	2.2095058
about_25	4.311914	0.94948936	-0.271572	5.6316295	6.2605796	2.7120585
about_2k	6.825269	0.6865695	-2.3650308	4.0683565	5.3515306	2.1839573
about_30_minute	5.7940955	0.6202904	-1.8779644	4.22352	5.4699535	2.5436344
about_3500	6.522235	0.72031325	-2.2545104	4.198848	5.4561605	2.2707624
about_4k	6.503814	0.7186612	-2.297884	4.189486	5.414023	2.272282
about_800	6.7272997	0.70736635	-2.2455728	4.130997	5.393229	2.2108467
about_850	6.659413	0.6836947	-1.9705889	4.112852	5.3707848	2.2586696
about_doctor_bastian	5.6713877	1.1784325	-2.9361672	5.845984	6.665189	2.2635581
about_r_cpd	6.528056	1.1688063	-3.5313573	5.6023536	6.7855597	2.0432498
about_rcpd	6.26709	1.2426136	-3.3688662	5.9376698	6.84147	2.0381074
about_section	5.816307	1.2363198	-3.2607462	5.6439285	6.7146926	2.0528255
about_this_condition	6.0455093	1.2707391	-3.206453	6.0961556	6.959085	2.155987
above_average	4.4736423	1.154057	-1.6156142	6.2456703	7.5118966	3.3238828
above_liquid	4.024726	0.8448728	-1.257269	4.7987933	7.685265	3.6638286
above_my_head	3.4049773	0.85211426	0.12242834	3.9503229	8.631922	3.3536716
absent	4.628775	0.7626318	-1.4986243	5.020709	8.183742	4.1853194
absolutely_awful	4.4116793	1.0134817	-1.3290784	6.22918	7.192413	3.6117234
absolutely_change	4.9575377	1.1257417	-1.1575813	6.3146796	5.888111	2.2558036
absolutely_insane	3.66609	0.91425467	-1.0951415	5.516778	7.3570323	3.7618747
absolutely_life_change	5.1570125	1.0493631	-1.1998562	5.8798065	5.7112823	2.1356678
absolutely_love	5.2037244	1.0392483	-1.8940911	5.47009	5.9237647	2.156398
absolutely_miserable	3.2807174	0.921683	-0.39202687	6.182548	7.652702	4.2896767
absolutely_terrify	3.8798716	1.4713316	-0.7720779	7.120725	8.011779	3.429811
absolutely_worth	5.372991	0.995678	-1.0843602	5.6643333	5.5827594	2.0893476
absorb	3.7205904	0.7070506	-0.64418304	4.955777	9.054781	4.9822516
abstract	4.831754	0.8556573	-2.0459304	4.8948164	7.590017	3.5956368
abuse	5.0258565	1.1362869	-2.1010158	5.8612576	8.333429	3.5333426
academic	5.6749077	1.1328689	-3.0248234	5.462454	7.240233	2.6685266
academic_research	5.3801656	1.1641421	-2.8538005	5.516597	6.9262996	2.455545
accept	7.0754194	0.9461176	-3.2736046	4.8109384	6.088193	2.011339
accident	3.579234	1.0960786	0.7336807	5.932016	7.515599	2.7005255
accident_burp	3.7335877	1.0609192	0.80223477	5.768095	7.2476964	2.517287
accident_microburp	3.8016381	1.0856057	0.4529532	5.985316	7.098562	2.6911387
accident_swallow	3.4907494	0.81439644	0.16730711	5.288007	8.472428	4.100163
accident_throw_up	3.1154816	1.4714992	0.16280591	6.274019	8.344576	3.1935031
accident_vomit	3.39526	1.4077433	-0.38230827	6.481029	8.081462	3.3438148
accompany_by	4.0281076	0.7922471	-0.23887026	6.2998962	8.269918	4.6227427
accompany_by_a	3.7803657	0.80790925	-0.24070033	5.490782	8.055222	3.945684
accomplish	3.8308933	1.1435448	-0.58075166	4.9749546	8.004314	2.7733238
accumulate	3.9222972	0.7332152	-0.110405415	4.8697505	9.215297	4.466465
accumulation	4.1258497	0.7978226	-1.1097041	4.761949	8.034223	3.8615966
accuracy	6.3806934	0.7236563	-1.4668162	4.3626037	5.639619	2.4155383
acetaminophen	1.9782176	0.7694735	-0.96202075	4.0148687	7.4978824	5.26008
achalasia	5.8061633	0.9365277	-2.2026188	5.427788	8.746367	3.8865268
ache	4.023966	0.5934706	0.31086585	4.8326106	8.440724	4.3555984
achieve	4.0855165	1.1407527	0.15680455	4.6932383	8.05502	2.2233403
acid	4.024182	0.72625494	-0.008805329	4.8022265	9.095197	4.492137
acid_blocker	1.9388037	0.8796228	-1.6358026	3.7660382	7.9154167	5.562758
acid_burn	3.5787947	0.72573185	0.025592256	4.851645	8.234945	4.1605654
acid_come_up	3.6104372	0.782197	0.20906712	5.4684796	8.112281	4.2418885
acid_damage	5.4689755	0.9200087	-2.250738	5.6485305	8.420722	4.096754
acid_food	1.5280906	0.69537485	-0.6427185	5.264842	7.3610325	5.698696
acid_medication	1.9294199	0.84706974	-1.4835783	3.8652658	7.81732	5.4648657
acid_production	3.723255	0.74774873	-1.0076095	5.0756617	8.690734	4.9228826
acid_reduce	1.93545	0.81493497	-1.5422951	3.9236774	7.8289723	5.565449
acid_reduce_medication	3.6818986	0.7791314	-1.2432617	5.1346717	8.553571	4.9920945
acid_reducer	1.7977226	0.82405657	-1.5873461	3.9277244	7.8738866	5.693235
acid_reflex	4.525514	0.7800233	-1.0955955	5.5525346	7.952722	4.3307605
acid_reflux	5.347204	0.8841334	-1.7550048	6.2727857	8.865984	4.7717137
acid_reflux_gerd	5.0891557	0.95475686	-1.9572504	6.047375	8.087414	4.1170673
acid_reflux_issue	5.320117	0.98132974	-1.9734738	6.2024765	8.680555	4.3662686
acid_reflux_medication	1.8637938	0.86180896	-1.6778839	3.793076	7.9362874	5.662528
acid_reflux_medicine	1.9268093	0.8642371	-1.3657603	3.8039176	7.8009834	5.3548093
acid_reflux_symptom	4.781136	0.90523785	-1.3634859	6.24842	8.376992	4.5371594
acid_reflux_which	5.502805	0.9256867	-2.0438302	6.1137547	8.835559	4.516548
acidity	3.7130876	0.71283877	-0.7392939	4.9894686	8.977181	5.0306964
acknowledge	6.695616	1.0957003	-3.3625674	5.6497974	7.124144	2.4379654
acne	2.0658574	0.8877471	-1.4874463	3.8303015	7.798457	5.3067575
acquire	4.910331	1.265212	-1.9775697	6.7935386	8.042742	3.592236
across_this	5.009411	1.3434087	-2.6543872	6.4274573	6.820021	2.2809913
across_this_subreddit	4.505242	1.3075395	-2.05276	6.4812875	6.921075	2.5553732
act_of_vomit	4.1526785	1.3340578	-1.2022057	6.7677813	8.07851	3.5405169
act_up	3.8587928	0.84087867	-0.1711309	6.5854464	8.141541	4.641711
action	4.037532	0.88522106	0.48732138	4.1597424	9.352288	3.3309033
activate	4.2879443	0.8592184	0.28958485	4.151569	9.476058	3.4511006
activate_charcoal	1.9828385	0.8488786	-1.3175153	3.8819032	7.751814	5.3108435
activation	4.8183765	0.82865334	-0.9788736	4.5989094	9.177744	3.9199953
active	4.076948	1.0857116	0.51002127	4.7656784	8.093395	2.3790138
active_ingredient	2.0816352	0.77031815	-1.3839568	4.4893875	7.722914	5.4432397
active_try	3.878883	1.0985433	0.20266272	5.5447736	7.2770753	2.4756675
actual_burp	3.726909	1.0614636	0.8903692	5.739761	7.253891	2.453753
actual_diagnosis	4.7055697	1.2394608	-2.1605697	6.190769	7.092045	2.7512617
actual_medical	5.7555013	1.2139783	-3.078534	5.705709	7.1119604	2.403031
actual_name	4.857225	1.2816917	-2.3349	6.3123026	6.9867992	2.4944224
actual_physical	5.033614	0.99448377	-1.906096	6.099029	8.420002	4.170822
actual_procedure	6.6753783	0.62185496	-2.208761	4.1669493	5.1686025	2.0503027
actual_relief	4.1459265	1.0297245	-0.06583337	5.566128	6.7507176	2.4747937
actual_vomit	3.0261657	1.5125637	0.29959175	6.292467	8.460406	3.182498
actually_enjoy	2.350065	0.8962259	-0.5623756	5.7656226	7.1683297	4.5831213
actually_puke	3.3553686	1.3884805	-0.43047202	6.237195	8.052546	3.3118894
actually_throw_up	3.0474842	1.5319483	0.26760593	6.4545636	8.459849	3.2493806
actually_vomit	3.011948	1.5278201	0.31884712	6.3469048	8.490973	3.2093742
acupuncture	4.2341886	1.1109993	-0.6512112	4.1278715	8.529839	2.491891
acute	4.625273	0.88927025	-1.2158549	6.278531	8.409262	4.549455
adamant_about	4.120364	1.0367218	-1.3757184	5.2119074	7.3838434	3.0834095
adams_apple	3.82984	0.7767065	0.46753016	3.9431546	9.218964	3.5906088
adams_apple_area	4.0626397	0.6654977	-0.09140257	4.035648	8.484897	3.778143
adams_apple_but	4.0276284	0.69244796	-0.4134317	4.6645894	8.122847	4.00318
adaptation	4.152053	0.9632183	-1.7379022	5.1509905	7.4010725	3.5046728
add_sugar	1.9833016	0.67382866	-1.1752506	5.0651712	7.369089	5.470531
adderall	1.9995449	0.87129295	-1.3249168	4.2579403	7.779999	5.3935876
additional_information	5.590986	1.0974269	-2.6880796	5.325825	6.334897	2.1685956
address	6.6897707	1.0378048	-3.3863776	5.297074	7.0176806	2.449269
adenoid_remove	4.2207136	0.91910785	-1.4992365	5.249413	7.144861	3.4416978
adhd	5.610012	1.0521468	-2.2705767	6.3493795	8.692872	4.1856723
adhd_medication	1.9651386	0.8578617	-1.4350114	3.8845963	7.8206797	5.411415
adjustment_period	4.550891	1.1437453	-1.3514514	5.846964	6.296365	2.2447934
admission	6.1232576	0.7229515	-2.2756066	4.3040056	5.611859	2.4032068
adolescence	4.314555	0.9667359	-1.3294547	6.3897066	7.778106	4.204904
adrenaline	4.109295	0.72585785	-0.49866474	5.394266	8.207001	4.362245
adult_life	4.225538	1.2868291	-1.3855443	7.1127605	7.704489	3.6997755
adulthood	4.4364038	1.2832506	-1.6204008	7.154798	7.8058176	3.7451386
adverse	5.3152046	0.97489285	-2.0553417	5.359147	7.0061684	3.0725489
adverse_reaction	5.5968423	0.8794135	-1.4243126	5.2020698	6.2628703	2.7735708
advertising	5.2742486	1.103749	-2.585951	5.4078493	6.4686255	2.3193073
advice_and_support	4.843657	1.2314646	-2.1421335	5.8979692	6.474911	2.1622195
advil	1.8906295	0.76518387	-0.89796764	3.9961388	7.494361	5.3037915
advocacy	4.841312	1.29171	-2.2643301	5.898686	6.6552615	2.046912
advocate	6.3653436	1.1696475	-3.3001413	5.599781	6.958958	2.2502568
advocate_for_yourself	6.7152696	0.9798766	-3.2414398	4.885389	6.2579246	2.1213996
aerobic	4.4518476	0.8844933	-1.2852286	4.843819	8.416584	3.7951088
aerophagia	5.641687	0.971643	-2.1664178	6.1376476	8.903969	4.3922234
aetna	7.0314746	0.74053496	-2.737295	4.186205	5.4338074	2.0411096
af	4.0534325	0.8650543	-1.638203	4.86165	7.25316	3.4953904
afab	4.5305386	1.0922079	-1.839849	6.2986627	7.7342887	3.8188686
affect	5.331407	1.0483472	-1.8275496	6.294102	8.914255	4.251981
affect_by	5.2665114	1.096709	-2.0290537	6.219993	8.578629	3.9574606
affect_my	4.587772	1.0418531	-1.3521364	6.7951617	8.198377	4.3161216
affect_my_life	4.3461914	1.1692173	-1.5632969	6.9254556	7.4629765	3.6949842
affect_my_voice	4.528936	0.81108624	-0.42479265	5.5077314	6.486379	3.3239958
affect_your_life	5.033759	1.2015697	-2.3148887	5.7804003	7.1729155	2.6458182
affect_your_voice	5.417647	0.88954437	-1.4665141	5.1599193	6.1832232	2.6974897
affiliate	5.2532954	1.0116456	-2.576688	5.1707873	6.7398562	2.718611
afflict	4.951012	1.1363528	-2.0591524	6.4210033	7.8000817	3.659222
affliction	5.1756606	1.2280072	-2.54908	6.1222715	7.3925705	2.8402042
afraid	3.6439207	1.5741733	-0.340072	7.2829313	8.20826	3.4356916
afraid_of_throw_up	3.7067997	1.471266	-0.6603681	6.9430914	8.073968	3.3353994
afraid_of_vomit	3.8329437	1.4709165	-0.7979287	7.084057	8.097534	3.4320407
afrin	4.6654143	0.55519855	-0.97046614	3.7197037	7.3551445	3.6272619
after_botox	4.5071354	0.845325	0.412999	5.6018767	6.168514	2.7935631
after_breakfast	3.3722253	0.9359851	0.2623965	5.9474487	7.2677937	3.5409505
after_dinner	2.6002204	0.8575835	0.20225632	5.8941116	7.377121	4.516227
after_eat	2.654502	0.88292754	0.29066706	6.049911	7.507538	4.5022154
after_every_bite	1.7272474	0.6766867	0.032319203	4.770018	7.235719	5.2241216
after_every_meal	2.9321601	0.93590975	0.32951233	6.176605	7.549097	4.200581
after_food_poison	4.738859	1.1036824	-1.8323555	6.2704997	7.717318	3.6929739
after_meal	2.8031418	0.89954424	0.34131914	6.100573	7.5424256	4.3705144
after_surgery	4.4626145	0.7779754	0.43014842	5.5220146	6.09469	3.0204213
aftermath	5.671558	0.8181042	-1.4473693	4.9671183	5.7406483	2.472538
afterward	4.1247244	0.58967006	0.339911	5.1628356	6.2264886	3.8332005
age	4.636299	1.2391834	-1.6010342	7.278959	7.927212	3.93568
age_10	4.3145056	1.313711	-1.479567	7.1289945	7.7259197	3.6241274
age_27	4.48158	1.2017488	-1.8037051	6.817991	7.173226	3.4013758
age_30	4.5482826	1.237968	-1.7849855	6.924917	7.6564083	3.6443465
age_50	5.235633	1.020201	-1.1443443	5.809592	5.6383624	2.1542406
age_8	4.221548	1.3357986	-1.3046	7.1240582	7.825589	3.6404603
age_9	4.623766	1.0562167	-1.9543145	5.9055233	6.9415584	3.2353854
age_of_12	4.320136	1.2714524	-1.6052701	6.931764	7.5696692	3.549061
age_of_15	4.3004837	1.1897875	-1.4216481	6.927011	7.565227	3.761927
agency	5.9939637	0.90263134	-2.6150155	4.725475	6.1525197	2.4179208
aggravate	4.9629364	0.91515195	-1.5673517	6.132128	8.602415	4.480533
aggressive	3.1589928	1.1408739	0.11123187	6.168565	7.9196258	3.060679
agh	4.538258	1.195965	-1.6175164	5.9212976	6.3135104	2.1616707
agonize	3.913771	0.8416533	-0.3658191	6.398088	8.151034	4.5246162
agonize_pain	3.628145	0.84242713	-0.5056235	5.3425584	7.9693117	3.9746377
agony	3.4044142	0.8476079	-0.1802908	6.278798	7.9371357	4.586679
agoraphobic	4.7354636	1.0233812	-1.6928592	6.259996	7.5028543	3.7518377
agreement	5.6882997	0.917975	-2.4013116	4.9211855	6.167527	2.481528
ah_man	4.3970037	1.234418	-1.5302374	6.046667	6.431563	2.157679
ah_thank	4.669627	1.282092	-2.1060047	5.9730544	6.5042443	2.049544
ah_thanks	4.6290665	1.1506752	-2.0695322	5.5905986	6.6206484	2.445346
ah_yes	4.120127	1.0495386	-1.3349487	6.163599	7.584262	3.4499302
ahh_interest	5.080947	0.999438	-1.743304	5.398313	6.438108	2.663534
ahh_thank	4.795847	1.1401514	-2.0893595	5.591271	6.5186	2.387926
ahh_thanks	5.005473	0.980792	-1.7169917	5.3218327	6.249117	2.5656755
ahhh	4.448528	1.3046299	-1.7780311	6.2034764	6.406796	1.9645009
ahhhh	4.4203424	1.0637612	-1.626292	5.47844	6.5794334	2.6665275
ahhhhh	4.3371944	1.157696	-1.571866	5.912929	6.646726	2.5550618
ahmed_geneid	6.011062	1.0146796	-3.020683	5.076502	6.2665706	2.18038
ailment	5.318121	1.049156	-2.3097932	6.079352	8.299934	3.9097855
air	3.8375201	0.75531024	0.30221647	4.938113	9.193838	4.3267727
air_bubble	3.6794984	0.788632	0.62563825	4.797059	8.935949	3.8902183
air_bubble_rise	3.680616	0.7742191	0.37236238	4.7301316	8.762773	3.8587198
air_buildup	3.786708	0.76312643	-0.43972203	5.1188054	8.316853	4.2047477
air_come	3.5085812	0.9117281	0.68842536	4.4686465	8.789018	3.220352
air_come_out	3.473625	1.0194362	0.7890789	5.309411	8.23292	3.059479
air_come_up	3.5356443	0.91041994	0.7751617	4.8525243	8.622875	3.3357377
air_escape	3.5301206	0.9580219	0.75927263	5.091923	8.358216	3.1318738
air_flow	3.7398968	0.84627753	-0.077596076	4.5266976	8.549732	3.5382357
air_hunger	4.442959	0.8247639	-1.149173	5.8393245	8.102099	4.360033
air_in_my_stomach	3.7687252	0.7498495	0.23451865	5.312068	8.953934	4.470459
air_intake	2.049314	0.74732244	-0.88280725	5.2952375	7.45166	5.316686
air_move	3.739735	0.75828916	0.47311133	4.659888	9.054285	3.9766293
air_pocket	3.6928635	0.781595	-0.050171837	4.4773903	8.45672	3.7178702
air_pressure	4.420253	0.7352302	-0.13945784	4.5891943	9.51322	4.23481
air_release	3.5039084	1.0018277	0.52337897	5.478604	7.82382	2.895301
air_rise	3.6926079	0.7791954	0.42453822	4.665638	8.905425	3.8508718
air_stuck	3.8459039	0.6999468	0.35954723	4.857467	8.80591	4.166912
air_trap	3.8708694	0.7188786	0.34348813	5.039191	9.042428	4.3444114
air_travel	3.797517	0.73175734	0.0528307	4.751168	8.681199	4.0134006
air_try_to_escape	3.4092865	0.97122407	0.17768826	5.6501684	7.808089	2.9671628
air_vom	3.1545398	1.2170713	-0.31187576	5.748315	7.95251	3.3540761
air_vomit	2.975293	1.520509	0.3980554	6.1932235	8.528782	3.1497107
air_vomit_technique	3.7203329	1.0789105	-1.2780801	4.889283	7.7733507	3.3730252
airbnb	6.3267345	0.6501461	-2.2109327	4.14893	5.316588	2.2729564
aire	4.424888	0.53978384	-2.4760435	3.6289458	6.9593887	4.0492187
airway	4.6247115	0.72299725	-0.39876288	4.1834016	9.26104	3.9281614
airy	3.5368361	0.97291917	0.0882671	5.5934005	7.5273438	3.0597556
aisle	3.0144515	0.99851394	-0.58566153	5.4385734	7.553737	3.7809465
alan	5.2421227	0.97294134	-2.2014194	5.1707306	6.2121267	2.4846919
albany	6.2563915	0.92109	-2.8805075	4.8837514	5.8738327	2.0803125
albany_ny	5.6816387	0.945608	-2.4033613	5.0384183	5.9107	2.2302437
alberta	6.33655	0.9667619	-3.1042826	4.920148	6.0699673	2.098808
albuterol_inhaler	4.0687666	0.9566312	-1.7188268	5.333243	7.4184103	3.8224814
alcohol	1.2646657	0.8079485	-0.41269326	5.5752645	7.188507	5.492936
alcohol_caffeine	2.0363486	0.68954945	-1.0418522	5.0525856	7.300518	5.315895
alcohol_coffee	1.9964095	0.68113285	-1.1731235	5.0535283	7.406267	5.4766717
alcoholic_beverage	1.4226521	0.8433183	-0.6475689	5.5516157	7.045487	5.1900315
alcoholic_drink	1.222709	0.8261627	-0.53570575	5.565713	7.0314283	5.348509
ale	1.3398575	0.81769204	-0.7069412	5.44689	7.000116	5.267252
alert	4.267833	0.7604786	-1.7162247	4.5485897	7.243237	3.708063
alexander	5.5220113	0.9782196	-2.5045354	5.061983	6.437559	2.5448666
alexandra_hospital	6.352514	0.8231429	-2.5773144	4.620576	5.5403366	2.0705786
alignment	4.7954125	0.8861047	-1.324915	4.767931	8.774274	3.770641
alkaline	2.5066314	0.7184539	-1.2125888	4.7358117	7.8035326	5.2343025
all_connect	5.4062247	1.073797	-2.1620808	6.1604347	8.697468	4.043874
all_four	3.3037577	0.8122141	-0.042410444	4.0909534	8.469076	3.6564565
all_honesty	4.4857125	1.175884	-1.5030053	6.0009995	6.591645	2.4886837
all_make_sense	4.726556	1.3475367	-2.280937	6.7727776	6.9552927	2.6096983
all_my_life	4.5995297	1.3638788	-1.6593642	7.439975	7.851288	3.6265874
all_of_a_sudden	3.9626226	1.1976453	-0.19922675	6.7491055	7.243865	3.2449095
all_three	5.6231465	1.103371	-2.9607337	5.4595814	7.3412805	2.83273
allege	4.264074	0.78429586	-1.6687477	4.800736	7.3266325	3.8114066
allergen	4.2776685	0.83979183	-1.7565491	4.647816	7.287216	3.5422108
allergic	2.1449564	0.6501414	-1.2164345	5.116011	7.493854	5.517459
allergic_reaction	4.659512	0.8618253	-1.2920283	5.3685102	7.4811068	3.7435732
allergy	5.5352716	0.861841	-2.0547776	5.9791336	8.836568	4.6194987
allergy_medication	1.9470719	0.8397135	-1.3332216	3.8279212	7.743607	5.3654885
alleviate	4.2675962	0.7686352	-0.49436483	6.1299863	8.495373	4.779906
allow_acid	4.624605	0.7397937	-0.37032077	4.2649436	9.394942	3.9576187
allow_air	4.191306	0.7437403	0.11205529	4.2900047	9.250648	3.9250307
allow_myself	3.02648	1.1432049	-0.24351008	5.6737714	7.8652616	3.5392566
allow_us	4.750828	0.84896153	-0.6794987	4.301562	9.21873	3.601968
almond_milk	1.7463833	0.7219845	-0.9331296	5.168911	7.237357	5.3951445
almost_choke	2.9139826	0.74579096	0.2904405	5.010653	7.6957355	4.415602
almost_constant	4.0035124	0.79302794	-0.3141695	6.3450165	8.216524	4.6359024
almost_cry	4.6585436	1.3785721	-2.2487817	6.786155	6.842818	2.3852324
almost_daily	4.061817	0.8186428	-0.3785681	6.5000257	8.250053	4.6693406
almost_die	3.9588149	0.9043555	-0.9164559	5.5905266	7.6592345	3.8856337
almost_everyone	4.8298373	0.85181606	-0.6040097	5.781365	6.6270676	3.3704257
almost_exclusive	2.8143044	0.8160875	-1.1451448	5.197659	7.2253027	4.4872613
almost_feel_like	3.5986128	0.8084717	0.6959199	4.743161	8.706116	3.7376323
almost_instant	3.5541203	0.94564515	-0.19078247	5.6863103	7.59296	3.445637
almost_like	3.5649018	0.827727	0.73624676	4.762334	8.68557	3.6644216
almost_nonstop	3.516621	0.9383386	-0.34780023	5.65626	7.599969	3.470171
almost_silent	3.5088952	1.0671748	0.20949419	5.1884623	7.95581	2.7578173
almost_the_same	4.447531	0.99453247	-0.9830264	5.7136593	6.311505	2.7357173
almost_unbearable	3.8267994	0.7965815	-0.595475	6.0817575	7.88802	4.4574814
almost_zero	4.646553	0.86815065	-0.68309516	6.1488056	7.1073084	3.787577
aloe_vera_juice	4.439903	1.0004557	-2.0485382	5.0518007	6.922093	3.0438294
alone_anymore	4.6073666	1.3978057	-2.0486875	6.669703	6.6132817	2.0099363
already_know	6.795928	1.0681127	-3.4598227	5.383022	6.8525677	2.2741926
also_add	4.6296186	0.93896705	-2.07411	4.84856	7.2318573	3.2612991
also_contribute	4.9685984	0.9194506	-1.741203	5.878407	8.629187	4.3930216
also_notice	3.1791203	0.8615737	0.42739716	5.9951963	7.8419056	4.2809644
also_struggle	4.869558	1.107545	-1.5742801	6.7946525	7.9431186	4.0549164
also_suffer	5.6441884	1.0451504	-2.2815313	6.3727484	8.694982	4.216707
alternative_medicine	5.6726527	1.0371073	-2.8764424	5.1044707	6.7773786	2.538196
although	4.175851	0.87452245	0.14029211	6.2472105	7.4534707	3.805257
always_accompany	4.068415	0.77098006	-0.64458615	5.7526217	8.050187	4.325247
always_associate	4.0616403	1.3338821	-1.124367	6.822578	7.97863	3.498856
always_assume	4.5324855	1.2622485	-1.5981277	6.8519516	8.137069	3.6709573
always_joke	4.3036714	1.3027537	-1.8634799	6.624264	7.1266165	2.7260242
always_struggle	4.6458254	1.0747632	-1.5129839	6.7453756	7.9621353	4.1851535
always_the_worst	3.661623	0.9003839	-0.87606245	5.9724736	7.418113	4.046789
always_think	4.544203	1.3582956	-1.6571697	7.3019133	7.9790015	3.5899088
always_wonder	4.596259	1.3020656	-1.7071695	7.0386953	8.065502	3.5886939
alzheimer	4.888108	0.98010147	-2.0224268	5.4699583	7.897967	3.6699266
amanda_hu	6.3936377	0.979197	-3.20439	5.0610185	6.3670516	2.2122571
amazement	4.4284577	1.1637901	-1.7700976	6.1094155	6.6413946	2.6666594
amazing	4.7042723	1.388417	-1.7911999	6.5894985	6.103787	1.6060108
amazing_community	4.4966893	1.2959471	-2.0043335	6.165548	6.6636877	2.2151291
amazing_good_luck	4.4619284	1.1767414	-1.2606763	5.9486203	6.354462	2.1857376
amazing_news	4.590933	1.2466449	-1.7576736	6.0502872	6.291064	1.9897467
amazing_thank	4.668913	1.3232403	-2.1089742	6.1270576	6.4572177	1.9385942
amazing_to_hear	4.632946	1.1943374	-1.6570464	5.931704	6.2311234	2.0844896
amd	4.547248	1.0221555	-1.3796867	5.6645355	6.7351403	2.9091678
america	7.035995	0.87744695	-3.1570392	4.5437055	5.713198	1.9104433
american	7.025703	0.81124437	-2.9755616	4.3733954	5.606178	1.9880216
american_healthcare_system	4.980161	1.0104558	-1.9204516	5.357452	6.23203	2.493407
amitriptyline	1.9035461	0.8669662	-1.6016402	3.7968361	7.8920326	5.5622745
amnesia	4.0181394	0.876788	-1.715636	4.83555	7.177938	3.6175299
among_friend	4.3119946	1.231234	-1.8261834	6.363866	7.4803305	3.0902956
among_those	5.668569	0.98323405	-2.2925096	5.1628304	6.7286887	2.7307386
among_us	5.197981	1.1070689	-2.1134343	6.256888	8.209239	3.7727206
amount_of_acid	3.32532	0.7572942	-1.2135975	4.678236	8.379995	4.903847
amount_of_air	3.8379998	0.755046	0.19919968	4.947704	9.1820965	4.4020767
amount_of_botox	6.290146	0.7709649	-1.3757238	4.6073093	5.48756	2.2678683
amount_of_gas	4.0131063	0.7297365	-0.046543013	5.0381484	9.25661	4.5699606
amount_of_pressure	3.750913	0.77944267	-0.20254125	5.21292	8.462569	4.19147
amount_of_relief	4.3578134	1.1807158	-1.2007787	5.964945	6.452389	2.2532024
amount_of_unit	4.6427426	1.2663422	-1.78179	6.016477	6.224419	1.9057456
amplify	4.5691233	0.8855704	-1.1581326	6.307891	8.344802	4.517847
amuse	3.2970824	1.206025	-0.39134723	6.496521	7.610411	2.747354
anaesthesia	6.6744685	0.60556287	-1.6933788	4.0678062	5.268187	2.234943
anaesthetist	5.945502	0.75778526	-2.2673588	4.4042425	5.7667346	2.4570827
anal	4.800502	0.78277254	-1.717438	4.8182483	8.003634	3.9087486
analogy	3.9431212	0.9714068	-1.2867014	4.9791694	7.5784907	3.2571094
analysis	5.550091	1.122617	-2.9410949	5.3820963	7.128762	2.6252131
anatomical	5.1636324	0.9202445	-1.9292958	5.0845695	8.46178	3.7383907
anatomy	4.8113017	0.7690548	-0.356718	4.1561103	9.597279	3.8342302
anecdotal_but	4.8665276	1.0684879	-1.9756734	6.00246	7.577233	3.6058512
anemia	5.1259913	0.96897686	-1.9451959	6.1511683	8.453804	4.303394
anemic	4.291807	0.8942292	-1.3467758	5.8929095	7.7042637	4.1501923
anesthesia	6.688388	0.5357036	-1.6272652	4.031184	5.236363	2.2610476
anesthesiologist	6.8083982	0.67574465	-2.517922	4.235228	5.268631	1.9959891
anesthetic	6.716968	0.5470357	-1.5879209	3.9865823	5.2846885	2.270065
anesthetic_spray	5.182711	0.4126177	-0.7100727	3.3453028	7.391655	3.6129515
anesthetize	6.553372	0.65664256	-1.7090548	4.096499	5.444376	2.367606
angle	3.4432912	0.81899166	0.6087486	3.8508923	9.071648	3.4887156
angry	3.2136397	0.9203043	-0.19350687	6.626599	7.681241	3.2752295
angst	4.403712	0.75403374	-1.9431041	4.489012	7.242585	3.72014
anguish	3.909294	1.0048759	-1.186541	5.959884	7.261726	3.557742
animal_product	2.0547364	0.69126076	-1.2136409	5.083253	7.39051	5.431428
announce	4.807652	1.1292545	-2.012588	5.752779	6.3477826	2.3643131
annoy	3.517826	0.92901576	0.136848	6.6042285	7.939784	4.4562254
annoyance	4.4407554	1.0475798	-1.5347284	6.1630898	7.8489385	3.81846
annoyed	3.987115	1.3105239	-1.4287399	6.473031	6.860409	2.3494124
anomaly	4.9592485	1.1875782	-2.290072	6.14428	7.732261	3.250906
anonymity	4.9658704	1.2861289	-2.5152898	6.0214787	6.786405	2.238473
anonymous	5.328435	1.243694	-2.8403068	5.756694	6.743199	2.1898296
anorexia	4.802542	1.1016641	-1.6862276	6.752689	8.22778	4.1613955
anorexic	4.4988585	1.1354414	-1.791224	6.3149943	7.941137	3.7858846
another_attack	3.8059783	0.9998514	-1.2552259	5.4605536	7.184894	3.4249299
another_condition	5.455998	1.0124607	-2.2835495	6.029571	8.489115	4.0885544
another_country	7.030317	0.81707686	-2.9692373	4.353619	5.6185684	2.0041707
another_dose	6.2436047	0.791665	-0.9209452	4.886472	5.0093307	1.8856438
another_ent	6.92748	0.9828755	-3.4892733	5.131844	6.4480805	2.062685
another_factor	5.106472	0.9916126	-2.129807	5.393457	7.300399	3.2477806
another_injection	6.2997546	0.8132734	-0.9276316	4.893053	5.0007358	1.8323399
another_note	4.126712	0.9432399	-1.4916881	4.9086733	7.4645467	3.296415
another_nurse	2.2867625	0.85876906	-1.1747426	3.742365	7.730307	4.924713
another_person	4.787336	1.3261441	-2.3664582	6.523342	6.833551	2.4281015
another_round	6.229038	0.8012197	-0.93940514	4.909109	4.9929013	1.8504399
another_shot	5.965021	0.854617	-1.1866497	4.9856453	5.2799845	2.001369
another_specialist	6.415275	1.0028437	-3.2738454	5.12181	6.396664	2.1486344
another_thread	5.226665	1.2960606	-2.8232834	6.011104	6.7214627	2.1315632
another_update	4.84673	1.3802595	-2.0240002	6.238939	6.0085516	1.4417331
answer_1	4.4834146	1.2422327	-1.7227888	5.8319135	7.124957	2.569016
antacid	1.7594976	0.8166978	-1.612525	3.9175785	7.900866	5.757528
antacid_medication	3.9594817	0.9956542	-1.8422168	5.095863	7.430764	3.7718585
antacid_tablet	1.9832234	0.85278654	-1.2884268	3.819009	7.7567415	5.2761908
antegrade	5.0142627	0.7865533	-0.78308874	4.392984	9.466761	3.9229724
anterograde	4.8610106	0.75183046	-1.3547705	4.437148	8.41914	3.8211052
anthem	6.8064413	0.7258115	-2.460462	4.16584	5.4278517	2.1592305
anti_acid	1.788127	0.82566047	-1.6039373	3.906234	7.887532	5.7249026
anti_acid_medication	2.2081423	0.8657964	-1.4712046	3.97546	7.7427707	5.2260995
anti_anxiety_med	1.9668088	0.8652193	-1.2270836	3.7155015	7.7666864	5.2259445
anti_anxiety_medication	2.012595	0.87297165	-1.4606909	3.80019	7.7983418	5.347218
anti_depressant	5.052552	0.9202055	-2.092348	5.5959787	7.9573097	3.9597127
anti_gas	1.9992671	0.8028076	-1.3754672	4.2154846	7.7573514	5.4297214
anti_gas_pill	1.855154	0.8072891	-1.2673146	4.0838947	7.73575	5.4523687
anti_inflammatory	2.2692394	0.7169015	-1.2780129	4.7575135	7.689954	5.392078
anti_nausea	1.9598526	0.7636975	-1.4539713	3.8428118	7.722597	5.5522127
anti_nausea_medication	2.0701451	0.7543151	-1.3284373	3.8518934	7.6250606	5.4179883
anti_reflux	4.4251103	0.8749968	-1.0152448	4.4165688	8.503857	3.4988327
antibacterial	3.5857973	0.80592656	-0.9105209	5.0567894	7.280743	3.9885972
antibiotic	1.8023305	0.8370561	-1.6822467	3.8345637	7.9367676	5.7393513
antibody	5.4246063	0.8530287	-2.3599408	5.511174	8.319471	4.1810303
anticipate	4.947598	1.0289274	-0.75939775	5.8458934	5.903758	2.3197434
antiemetic	2.0652936	0.78179234	-1.3949156	3.8973837	7.6783233	5.3948483
antihistamine	1.9820635	0.78876543	-1.4504408	3.937785	7.7450495	5.489635
anxiety	4.3189583	1.1471553	-0.88873374	6.8707633	8.468802	4.234161
anxiety_about	3.7945487	1.458562	-0.49265605	7.146939	8.089711	3.5394528
anxiety_and_depression	4.77198	1.007299	-1.7845145	6.2319345	8.067056	4.1324596
anxiety_and_panic	4.608013	1.2557232	-1.6313211	6.978222	8.022753	3.794123
anxiety_and_stress	4.650332	0.98714566	-1.7667029	5.499594	8.044777	3.756053
anxiety_around	4.3577476	1.1244553	-1.139461	6.596993	8.164406	4.0650735
anxiety_attack	3.941016	1.1970162	-0.6643169	6.9379272	8.179809	4.077611
anxiety_depression	5.0659294	0.9644022	-1.8490288	6.1549926	8.455401	4.308213
anxiety_disorder	5.1822224	1.1296177	-2.0826175	6.308596	8.405014	3.8742626
anxiety_induce	4.1917477	1.2671248	-1.1041625	6.7148323	8.083914	3.7106693
anxiety_level	4.420797	0.8940243	-1.5923527	5.205056	7.569773	3.7324367
anxiety_medication	1.9991815	0.887855	-1.4359485	3.7932403	7.807026	5.3452125
anxiety_panic	4.4053955	1.1974632	-1.647059	6.297206	7.922823	3.5541883
anxiety_panic_attack	4.4287424	1.0993388	-1.5733184	6.294857	7.800363	3.758613
anxiety_play	4.8305697	0.9938382	-1.7896622	5.448451	7.380665	3.3482497
anxiety_response	5.154428	1.1138378	-2.0068476	6.3197927	8.49352	3.9559867
anxiety_stress	5.0852346	1.1050218	-2.120697	5.8439107	8.349839	3.632311
anxious	3.5254214	1.2056077	-0.20777883	6.9357367	8.072529	3.9392517
anxious_about	3.6625867	1.4772209	-0.30095476	7.1970506	8.062638	3.4991105
anxious_await	4.7474656	1.0039744	-0.8241855	5.646604	5.9739575	2.2917476
anxious_person	4.463693	1.143425	-1.4194854	6.1339965	7.900274	3.6310134
anxiousness	4.853781	1.0180973	-1.7665544	5.5483265	7.8025293	3.5393808
any_abnormality	6.8454447	0.7526663	-3.164254	4.7106175	7.2270565	2.9703453
any_advise	5.114535	1.1788925	-2.4226174	5.584544	6.5557127	2.2283585
any_alcohol	1.5757577	0.8423213	-0.57487804	5.5824976	7.0874887	5.123357
any_carbonate_beverage	2.463545	0.8152854	-1.0042025	5.154614	7.2189612	4.6471524
any_complication	5.6766396	0.86170495	-1.345962	5.103991	5.927816	2.5451715
any_correlation	5.440777	1.0988542	-2.1572845	6.2547846	8.715718	4.018733
any_exercise	3.959351	1.1140293	-0.052844603	3.938441	8.666581	2.3343158
any_food	1.5837476	0.71819127	-0.26667246	5.157939	7.3228636	5.454506
any_information	5.2036505	1.3420056	-2.5134919	6.0802927	6.3525896	1.6961272
any_issue	4.5076437	1.0573015	-0.69356865	6.4310074	7.372113	3.7891035
any_knowledge	6.079892	0.99999547	-3.0691712	5.047442	6.3663406	2.2897458
any_liquid	1.6061765	0.75202644	-0.26148665	5.1003466	7.2252164	5.257844
any_medication	1.9205317	0.846359	-1.2964156	3.7962224	7.778585	5.3474064
any_other_suggestion	4.432947	1.2635531	-1.7459213	5.9125533	6.5883956	2.0965302
any_problem	4.3439217	1.1367279	-0.8049836	6.5708256	7.543021	3.7680447
any_progress	4.6023884	1.2616758	-1.6369001	6.266197	6.170915	1.8921663
any_regurgitation	4.6278543	0.85780436	-0.35923123	5.8831367	6.6940656	3.459884
any_relation	5.102381	0.91509473	-2.170331	5.3124614	7.935185	3.7389774
any_relief	3.768536	1.1168873	0.641389	5.7548747	7.248867	2.4930131
any_side_effect	5.4742866	0.886392	-0.95463884	5.34142	5.838024	2.4822695
any_solution	4.9078765	1.2283964	-2.2854884	6.250723	7.0193877	2.7482188
any_specialist	6.164268	1.0700856	-3.2287652	5.2271366	6.4602246	2.1683254
any_test	7.010601	0.77446026	-3.286569	4.7582493	7.1947165	2.8527553
any_tip	4.9739876	1.4059167	-2.2531154	6.299101	6.4440484	1.6535691
any_update	5.041437	1.3301381	-2.1499555	6.1817684	6.021074	1.552557
any_weight	3.0039408	0.8592266	-1.3204165	5.757238	7.395017	4.797096
anyone_experience	4.797047	0.8934172	-1.1064456	6.127635	8.542237	4.4777164
anything_carbonate	1.5412523	0.8255272	-0.5007823	5.5648727	7.1185336	5.202349
anything_different	4.5106444	1.072413	-0.26096258	5.587957	6.3617706	2.129207
anything_similar	5.0769534	1.2632772	-2.3450427	6.3125677	7.124994	2.663413
anytime_soon	4.5207906	1.2637981	-1.7445142	6.053566	6.414886	2.0136511
apartment	4.109062	0.79573554	-1.4892464	4.695413	7.311289	3.6629844
apd	5.56627	0.9888618	-2.388158	5.8968887	8.469651	4.0239277
appeal	7.2029862	0.750703	-2.9103272	4.2591352	5.429589	1.9112406
appetite	2.7353542	0.8429854	-0.83869475	5.8994317	7.552234	4.9914203
apple	1.4803822	0.6300829	-0.6390491	5.053891	7.3154817	5.7981343
applesauce	1.5422007	0.6000623	-0.02968722	4.775739	7.140651	5.517204
applicable	5.4442854	0.9899932	-2.158572	5.291367	7.1374407	3.0460572
apply_pressure	3.662135	0.82574415	0.121743105	3.9956858	8.782507	3.4074163
appointment_book	6.3107214	0.8464845	-2.339437	4.9441075	5.17742	1.7289594
appointment_schedule	6.272414	0.85820884	-2.3743734	4.946636	5.2400813	1.7652415
appointment_with_doctor	6.543255	0.8387584	-2.6007018	4.8533773	5.280526	1.7339028
appointment_with_doctor_bastian	6.4799013	0.83999884	-2.517348	4.8966656	5.2336717	1.7142786
appointment_with_her	6.4658465	0.8458069	-2.5405302	4.8854704	5.2750983	1.7458774
appointment_with_lucy	6.2815924	0.85052705	-2.351161	4.94452	5.2299104	1.7652001
appreciative	4.6304636	1.1559652	-1.9539443	6.322238	6.9081492	3.0625489
approach	6.6364655	1.1028659	-3.406053	5.400362	6.851436	2.2496474
approach_them	5.9676623	0.9967474	-2.8816805	5.1249347	6.8108244	2.6504464
approval	7.1263986	0.807135	-3.0518768	4.400843	5.635465	1.9547294
approve	7.2026668	0.71442854	-2.7858708	4.1554737	5.313234	1.911799
apt	6.5986814	0.8363793	-2.7173722	4.802008	5.4106708	1.8082762
arbitrary	5.7526917	1.0994439	-2.9008093	5.437853	7.39852	2.8061094
arc	5.6032653	0.9510012	-2.7365992	4.9483323	6.560736	2.6526594
arch	3.3208025	0.8129832	0.08295772	3.7763758	8.631875	3.4800417
arch_my_back	3.4703615	0.9271389	0.02956117	4.2009563	8.483767	3.1600208
archive	5.146102	1.3204539	-2.6852713	5.9117403	6.868599	2.0918324
are_not_alone	4.480915	1.3209319	-1.7784762	6.2426853	6.4009542	1.9476457
are_not_even	4.7771907	1.0756389	-1.9404092	5.690118	7.6366143	3.3619812
are_not_just	3.5374234	0.98369724	-0.36052218	5.5702667	7.629102	3.369704
are_not_like	3.653775	0.92048997	-0.0492041	5.5151587	7.3224716	3.243477
are_not_many	5.5140924	1.0157412	-2.6043963	5.206621	6.440134	2.485355
are_not_that	4.8399386	1.012862	-1.5513455	5.7332335	7.197719	3.2939477
are_not_uncommon	5.0862412	0.9336717	-2.049682	5.7512593	7.9344044	3.8841245
area_of_expertise	5.6837735	0.9954326	-2.8205378	5.131178	6.6425824	2.552692
argh	4.301191	1.2019036	-1.6139781	5.8936267	6.9235616	2.6116693
arizona	5.886005	0.95818496	-2.8088074	4.9775257	6.132731	2.2854898
arm	3.6505818	0.7518187	0.39153764	3.8728724	9.044264	3.6759162
arm_injection	5.040005	0.5507644	-0.8575799	3.8971143	7.0187306	3.4185185
around_18	4.539038	1.1399639	-1.5122792	7.0287056	7.5612807	3.9158213
around_250	6.4971075	0.71715295	-1.993851	4.2217865	5.379975	2.2732344
around_3_month	4.821794	0.9263512	0.036433708	5.4964867	5.8694987	2.2732756
around_4000	7.064539	0.70334715	-2.6239364	4.0703654	5.3334703	2.0590234
around_5	4.284964	0.9437172	-0.78080523	5.6535983	6.4131546	3.0148926
around_600	6.7960973	0.6610144	-2.2472486	4.0396967	5.2571373	2.1642551
around_80	6.116679	0.8115897	-1.2470199	4.8330603	5.503645	2.2420025
around_day_5	4.4500866	0.87532234	0.20989461	5.5792403	6.1685085	2.736157
around_people	3.0041382	1.0828699	-0.40165597	6.1031265	7.54686	3.593451
around_the_world	6.0994577	1.0819609	-3.1660903	5.275607	6.667077	2.3207026
arrange	6.637803	0.8244657	-2.7488225	4.714968	5.367366	1.8077806
artery	4.3198676	0.7182612	-0.6564164	4.5962768	8.870467	4.1969485
article	6.233393	1.2609783	-3.4620562	5.814673	6.7581954	1.9214145
article_about	5.53504	1.2941729	-3.0811942	5.9617543	6.841016	2.133774
articulate	4.2430215	1.2981849	-1.5881802	6.208273	7.77299	3.045579
artificial_sweetener	2.2012954	0.73811287	-0.99987435	4.9021716	7.30529	5.064631
asap	6.958741	0.8593049	-2.8883655	4.6930623	5.452872	1.7395157
ascend	3.979323	0.74333215	-0.694506	4.776153	8.969332	4.5295835
ask	7.0072894	0.9684565	-3.4076066	5.193568	6.492633	2.1174417
ask_for_a_referral	6.6971083	1.0372788	-3.476391	5.2468266	6.544361	2.1068113
ask_how_many	6.1782064	0.8098616	-1.4680057	4.7018538	5.5846443	2.2973142
ask_them	6.975194	0.96805876	-3.414656	5.0573945	6.246631	1.9701158
ask_whether	5.4223404	0.96307933	-2.4759948	5.0612683	6.5195684	2.650402
askreddit_thread	4.8193316	1.3565947	-2.4953432	6.57638	6.8588114	2.3790302
aspect_of_my_life	4.6153164	1.245279	-2.1514506	6.2016954	7.2356553	2.81486
asphyxiation	4.4803147	0.7309109	-0.7963738	4.575494	8.826361	4.1044893
aspirate	3.0592017	0.75901526	0.44412157	5.086148	7.890083	4.344321
aspirate_into	3.722511	0.92890275	-0.50729007	5.5804663	7.971923	3.8759847
aspiration	5.2584314	0.9058246	-1.8867588	5.4620647	8.636323	4.119821
assertive	4.9945054	1.062127	-2.293872	5.3356557	6.7251735	2.6376395
assess	6.503721	1.059052	-3.3288403	5.2573385	6.9789453	2.438821
asshole	4.293841	1.0333468	-1.606924	5.155553	7.2466607	2.979755
assistant	6.6798525	0.82944834	-2.885812	4.655677	5.5717354	1.9175969
associate	5.1170635	1.117155	-1.7321556	6.731179	8.198732	4.0575414
associate_symptom	4.5933933	0.83705574	-0.98973095	6.4049287	8.3211155	4.5424356
associate_symptom_due_to_retrograde	5.7538595	1.0592223	-3.00844	5.271679	7.174558	2.7681954
associate_with_r_cpd	4.251065	0.7921698	-0.67085236	6.1787896	7.993929	4.4187403
association_between	5.0315704	1.1516057	-2.0579016	6.1887765	8.015223	3.5404904
assume_its	4.7649283	0.78879726	-1.00027	5.0383573	8.986312	4.2838063
asthma	5.5069737	0.88149464	-1.974245	6.1035976	8.863547	4.6349277
asthma_attack	4.733183	1.0845975	-1.8187244	6.1617584	8.192815	3.8810081
astonish	4.225599	1.0879385	-1.6876692	5.9432526	6.95466	3.1156204
astound	4.452085	1.2593383	-1.8357724	6.7315774	7.227068	3.1130466
astronomic	4.39334	1.1136264	-1.4342153	5.8637986	6.583212	2.598474
asymptomatic	4.6096864	1.1082509	-1.871115	6.1646824	7.667405	3.5944011
atlanta	6.476184	0.95110124	-3.0999491	4.9010105	5.9235973	1.9862779
atlas	4.3697634	0.82900864	-1.482075	4.5015564	7.6731896	3.4892728
atmosphere	4.1858163	0.756913	-0.92826647	4.571313	8.262683	3.9063895
atrocious	4.124713	1.0426961	-1.2461714	5.656317	7.116798	3.0470104
attach	6.061634	1.1871501	-3.3709002	5.4566116	6.7905087	2.0738442
attack	4.067662	0.8534071	-0.22642805	6.59263	8.423195	4.730997
attribute	5.1848035	0.9999406	-1.6647207	6.4055576	8.76849	4.4036775
au	4.416241	0.46992964	-2.7057579	3.3120804	6.7944555	4.1314425
audible	3.4111133	1.024559	0.50946975	6.171645	7.605154	2.7574346
audible_burp	3.9131558	1.0341316	0.5116769	5.760402	6.9116316	2.5327795
audible_sound	3.1451342	0.86030567	-0.0041317632	6.4113655	7.8244667	3.3798563
august	6.08937	0.83206266	-2.0083945	5.000205	5.020727	1.7356341
augustus	4.458927	0.58700943	-2.3273509	3.8381515	6.9233055	3.9085736
aujourdhui_concern_le_rcpd	4.291218	0.84828854	-1.6528153	4.8624854	7.2544255	3.5608206
aura	4.3963203	0.714662	-1.9671307	4.417966	7.296388	3.8669796
austin_tx	5.7062273	1.0002897	-2.6837707	5.148718	6.1887965	2.2930012
australia	6.966986	0.9172132	-3.224903	4.721451	5.7901797	1.8611234
austria	6.1675224	1.0398611	-3.1878064	5.1287365	6.41448	2.2047558
author	5.741317	1.2041672	-3.119527	5.6245146	7.0222387	2.3575017
autism	5.288581	1.1219382	-2.2186103	6.2196546	8.383525	3.792482
autoimmune	5.4659653	0.899162	-2.2920384	5.647237	8.46705	4.1781516
autoimmune_disease	5.2752123	0.9047712	-2.0502884	5.690329	8.596092	4.2817373
autoimmune_disorder	4.79798	1.0907551	-1.9280412	5.731369	7.5379157	3.2486322
automatic	3.9084048	1.0687747	0.6832502	4.715966	8.575381	2.644947
autonomic_dysfunction	5.230767	0.9139278	-2.1580718	5.419502	8.297172	3.9768126
autonomic_nervous_system	4.8868327	0.86310256	-1.3040324	4.7358108	8.903409	3.8434234
avail	4.3012457	0.8537615	-1.7074391	4.921532	7.137085	3.5418618
availability	6.6929293	0.8397274	-2.7905517	4.7221036	5.414094	1.8095155
available_in_my_country	5.8078437	0.8849391	-1.6450506	5.0311813	6.2602544	2.6634398
avenue	5.5239854	1.0687876	-2.626232	5.1940923	6.7527018	2.493454
average_person	3.6111763	1.1041274	0.3658428	6.3155446	7.588175	3.053603
average_weight	4.3010616	1.1968695	-1.7416812	6.6381373	7.3843474	3.5135105
averse	4.524966	1.1848638	-1.5342871	6.053407	6.778398	2.6060245
avocado	1.6811098	0.6225768	-0.342325	4.881834	7.1131268	5.443827
avoid	1.5174253	0.7025188	-0.68180823	5.306324	7.36305	5.704587
avoid_acid	1.8441567	0.650269	-0.95802057	5.0990553	7.3365664	5.527979
avoid_alcohol	1.5807971	0.7009603	-0.7116365	5.267919	7.298528	5.6011477
avoid_any	1.771284	0.67035806	-0.9576663	5.1434426	7.355493	5.591812
avoid_carbonate_drink	1.5761284	0.7442402	-0.7607341	5.3323817	7.3041577	5.533387
avoid_carbonation	1.8705795	0.67705053	-1.148723	5.0656466	7.3722143	5.548016
avoid_carbonation_alcohol_caffeine	1.9068365	0.67726403	-1.2326242	4.974782	7.49055	5.642106
avoid_food	1.6717378	0.740685	-0.7623074	5.241953	7.406263	5.5596147
avoidance	4.9187384	1.1062464	-1.9610288	5.6836085	8.427864	3.6034489
aw	4.4079123	1.3491716	-1.7046076	6.3132267	6.3780518	1.870947
aw_thanks	4.76855	1.1247138	-2.0391843	5.5543613	6.4436035	2.3880892
awake	6.6618543	0.57252985	-1.5797429	3.9762208	5.359441	2.3219917
awaken	3.8638937	0.8103545	-1.2005938	4.994096	7.0910735	3.7704506
aware_of_r_cpd	6.1340904	1.0994731	-3.1308093	5.472815	6.9999294	2.4908264
aware_of_rcpd	5.577751	1.0154165	-2.6579368	5.189689	6.5676208	2.5397456
away_from_home	3.0088215	0.86681736	-0.72668666	5.617347	7.376567	4.274794
awesome	4.7346687	1.4007187	-1.8409791	6.5264544	6.029607	1.4994996
awesome_congratulation	4.7921515	1.1829631	-1.8399034	5.820943	6.1578255	2.036814
awesome_to_hear	4.6665225	1.2274473	-1.7895594	5.9514666	6.240986	2.0216405
awful	3.560385	0.9236888	-0.03798546	6.711943	8.070151	4.5305247
awful_symptom	4.629271	1.105144	-1.5567636	6.9682612	7.8949738	4.1266584
awh	4.321054	1.2594137	-1.57759	6.112129	6.5075197	2.1760297
awkward	3.1994865	1.1906663	-0.03662375	6.567013	7.6753893	2.7146661
aww	4.468143	1.2991372	-1.7914946	6.162634	6.415333	2.00249
aww_thank	4.5976567	1.1192125	-1.9588993	5.5577335	6.6274	2.5706983
b	5.393053	0.81991166	-1.7732201	5.0552125	8.94214	4.161976
b1	4.884754	0.967479	-2.285187	4.935122	7.2075796	3.131282
b12	4.9256353	0.84509534	-2.0931344	5.551268	8.369253	4.5235014
b_vitamin	1.8936948	0.65124685	-1.0691155	4.9832263	7.409045	5.571309
baby_burp	3.7990534	1.0646497	0.7386912	5.721225	7.122892	2.4784079
baby_ibuprofen	1.8805871	0.78412384	-0.84049714	4.106067	7.503347	5.2334547
baby_step	4.718465	1.0824769	-1.928788	5.490823	6.565424	2.5903487
back_down	3.7217824	0.77886564	0.5499858	4.5684266	9.058446	3.8890245
back_in_july	5.7162485	0.87272835	-1.5035121	5.2577386	5.2384024	1.9572414
back_in_march	5.466369	0.8730119	-1.3424627	5.2356424	5.5736494	2.305609
back_of_my_mouth	3.6291816	0.7307776	0.37450874	4.5015216	8.60873	3.9503708
back_of_my_throat	3.443908	0.7968623	0.7263722	4.921134	8.447143	3.9332507
back_of_my_tongue	3.3547823	0.9852519	0.55958366	4.392465	8.898217	3.297745
back_of_your_mouth	4.0320625	0.7907587	-0.82541865	4.4453087	7.950576	3.631393
back_of_your_throat	3.6408134	0.7756759	0.5719608	3.9645486	9.06035	3.6242752
back_to_normal	4.4573517	0.79992384	0.44522265	5.5360756	6.0929923	2.9284708
back_with_a_vengeance	4.4941015	0.89516616	-0.16236517	5.563741	6.1012726	2.6783102
background_check	5.681838	0.9888259	-2.5595968	5.048164	6.511883	2.5426545
backward	3.4776351	0.97832197	0.3168356	4.282745	8.582244	2.9332025
baclofen	5.3839817	1.0231174	-2.5285401	5.277051	7.33577	3.0541174
bacteria	3.9829178	0.7106738	-0.5501919	4.9439597	9.232906	4.859247
bacterial_infection	5.0554523	1.0046632	-2.0506816	6.049732	8.283588	4.073969
bad_acid_reflux	4.546415	0.8760126	-0.9058295	6.6085405	8.231992	4.6555214
bad_breath	4.0612736	0.74292517	-0.2576316	5.9263716	8.230716	4.623206
bad_cold	3.874996	0.68937874	0.19526105	5.436457	7.4568596	4.210326
bad_episode	4.0899215	0.9469053	-0.8575723	6.522394	7.7875013	4.2838173
bad_heartburn	4.245806	0.8366416	-1.0092752	6.061908	7.8849773	4.3866487
bad_posture	4.845048	0.8624466	-1.2769035	4.800955	8.935029	3.9125032
bad_side_effect	5.568539	0.8831516	-1.223987	5.24502	6.040776	2.6182125
bad_smell	3.7670572	0.94996434	-0.44490278	5.6119537	7.856249	3.8044457
bad_taste	3.176977	0.7604764	0.42759508	5.101512	7.9794755	4.301341
baffle	5.735024	1.1841804	-2.811066	5.984063	7.4392605	2.7675302
baggy	4.1614804	0.78809756	-1.654593	4.631687	7.2769814	3.6798337
ball	3.396599	0.7921608	0.56644773	3.8301275	9.002447	3.5943038
ball_roll	6.5455008	0.86536235	-2.614249	4.9004273	5.3576994	1.7422224
ball_under_your_chin	3.7009404	0.9539989	0.022497417	3.8672528	8.787369	2.954181
balloon	4.1073093	0.6891157	0.058713958	4.4651246	9.2681675	4.222054
balloon_dilation	6.345594	0.7623801	-1.1863937	4.653522	5.390055	2.2013402
bam	3.5265818	0.86602706	-0.972919	5.015467	7.485575	3.7252402
banana	1.4872286	0.59577674	-0.2576155	4.901535	7.155565	5.653208
bane	4.2529564	1.222338	-1.6455312	6.8288574	7.343171	3.477919
bangkok	5.879363	0.97538203	-2.8858974	5.00953	6.2240844	2.3055425
barely_eat	2.9617374	0.90417963	-0.49029866	5.9766097	7.477044	4.4320326
barely_fart	3.638034	1.0382487	-0.80810326	5.915825	7.219819	3.3984585
barf	3.0249865	1.4823842	0.3078415	6.3042665	8.41986	3.204104
barium	6.989652	0.7017747	-3.1924763	4.6104712	7.3872385	3.0939958
barium_study	6.265119	0.80137575	-2.8401992	4.7705097	6.979291	2.9416037
barium_swallow	7.0903807	0.70724094	-3.2434728	4.6081934	7.2914553	2.9791873
barium_swallow_result	5.476806	0.9225014	-2.4764664	5.284293	7.575037	3.4281292
barium_swallow_show	5.335295	0.82275605	-2.101118	5.115776	8.1549835	3.9106565
barium_swallow_study	6.7689466	0.7620123	-3.135804	4.6943307	7.0997114	2.9033527
barium_swallow_test	7.107129	0.70682615	-3.2371097	4.59428	7.2575927	2.948953
barium_test	6.736574	0.76643884	-3.1269171	4.7181125	7.074025	2.8812659
barley	2.3173869	0.8083199	-0.60397846	5.49626	7.226591	4.781269
barotrauma	4.541849	0.79919577	-1.1347944	5.1457443	8.642476	4.2370853
barret	5.1647115	0.90160275	-2.140146	5.3017187	8.10206	3.8464015
barrett	5.624619	0.96030307	-2.3049717	5.998868	8.704353	4.291882
barrett_esophagus	5.76755	0.9659299	-2.2660146	6.099112	8.886075	4.3984933
barrett_esophagus_which	5.147718	1.0576345	-2.1898098	5.71574	8.090364	3.5956893
base_in_london	6.3524914	0.779706	-2.3036032	4.4444566	5.534274	2.2214231
base_of_my_neck	3.993089	0.6363753	0.09082808	4.717313	8.794949	4.2736506
base_of_my_throat	3.728945	0.7516721	0.3994133	4.6320934	8.865112	3.922168
base_on_my_own	5.179016	1.1720706	-2.448096	6.1535316	7.281698	2.9660316
basic_understand	5.6438136	1.0511267	-2.848957	5.267484	7.0877924	2.7385812
basically_impossible	3.190404	0.94309175	-0.7379765	5.4652843	7.5483365	3.8247323
basically_tell	6.8162394	1.0083616	-3.4142683	5.3452854	6.918938	2.3969562
bastard	4.3581653	1.1758736	-1.718394	5.9982405	6.7315383	2.613089
bastian	6.867327	0.83432627	-2.5008173	4.7681236	5.469097	1.8120822
bastian_article	6.3558726	1.0070454	-3.2901082	5.15333	6.4643903	2.178968
bastian_himself	6.0624614	0.9297387	-2.8489592	4.930647	6.022686	2.203601
bastian_institute	6.860393	0.81341165	-2.4528413	4.693612	5.3777156	1.806452
bastian_paper	6.486839	1.1722436	-3.540854	5.5742035	6.739026	2.0038607
bastian_research	6.3885236	1.0405319	-3.3526196	5.2016196	6.482446	2.1214602
bastian_rw	4.2848897	0.9172272	-1.6351321	5.1576114	7.128174	3.4103508
bastian_voice_institute_publish	5.6397424	0.88128453	-2.291976	4.7720833	6.128539	2.5572438
bastion	6.176275	0.89485455	-2.4891338	4.943136	5.546069	1.9465048
bathroom	2.7363875	0.873644	0.5187329	4.2164807	8.594799	3.8315866
bathroom_floor	3.0206294	0.89959633	-0.49236506	5.177237	7.552113	3.9394133
battery	4.2433753	0.8176215	-1.7224703	4.539654	7.257738	3.543897
battle	4.8062563	1.148053	-1.962208	6.5801854	7.571854	3.58535
bbq	2.428002	0.8657766	-0.5381727	5.714285	7.2058396	4.5882936
bc	3.2846444	1.3073075	-0.13080645	6.923922	8.028347	3.7595406
bcbs	7.1793456	0.74316186	-2.8164568	4.1634336	5.3987966	1.9889721
be_a_breeze	6.3647494	0.65297544	-1.7369814	4.3104305	5.219058	2.1888793
be_a_outlier	5.3885584	0.99644935	-2.5233521	5.2031555	7.01263	2.911008
be_a_spectrum	5.333525	1.15187	-2.115223	6.469313	8.522252	3.8968942
be_a_understatement	4.5594254	1.1705761	-1.6734504	6.313687	6.6340904	2.7066736
be_afraid	3.6146944	1.5692954	-0.313012	7.273076	8.200565	3.423543
be_at_my_wit	4.251375	1.1021607	-1.7058296	6.4043317	7.1609807	3.460305
be_aware	6.7421327	1.0965265	-3.4154317	5.45568	6.984472	2.3355908
be_born	4.482238	1.3974926	-1.5941017	7.4371104	7.9317703	3.6154575
be_careful	1.99063	0.6988765	0.26503366	4.676896	7.5697947	4.95585
be_lactose_intolerant	1.8950964	0.64673996	-1.1882097	5.1295967	7.4702797	5.700186
be_not_alone	4.6628084	1.4331434	-2.0574677	6.774728	6.552529	1.8664004
be_so_grateful	4.6354494	1.4126172	-1.9482132	6.6926656	6.3949323	1.7982385
be_the_worst	3.6487167	0.8908056	0.011661	6.644867	8.026623	4.5373216
bean	1.4858422	0.6390124	-0.7150055	5.1309466	7.3456907	5.8161836
beano	1.8608164	0.782757	-1.3721406	4.247858	7.7744555	5.586262
bearable	3.818469	0.69944006	0.048461378	5.39451	6.8040223	3.995588
beat	3.3346188	0.7445005	0.3052525	4.116411	8.749643	3.9264917
because_my_body	3.1113243	1.3444452	0.16101763	5.8416657	8.334051	3.1825917
because_of_r_cpd	4.404307	1.2443566	-1.4677371	6.585037	8.181302	3.6896305
become_a_bit	4.2652016	0.96166855	-0.0722624	5.578855	6.554807	2.6501138
become_big	4.1557603	1.019588	0.11491799	5.5838284	6.6914554	2.4520133
become_debilitate	4.5844264	1.083504	-1.6493465	6.748986	7.5410237	3.8982856
become_easy	4.2196965	1.0390867	0.2538212	5.389144	6.876012	2.3219807
become_less	4.3766804	0.8292455	-0.31279168	6.232149	7.5289855	4.014714
become_less_efficient	4.8599687	0.8657265	-1.6496282	5.422538	8.566767	4.2536435
become_less_frequent	4.422078	0.9739599	-0.09825566	5.632587	6.295915	2.4790363
become_more_natural	4.1932983	1.0957764	-0.18536903	5.453469	6.9439406	2.290183
become_natural	4.1803617	1.0943217	0.042802338	5.1639714	7.2575994	2.2592616
become_unbearable	4.5533113	1.0678284	-1.4789498	6.919008	7.6020923	4.0542884
become_worse	4.729721	0.99756664	-1.4233686	6.812146	7.8915534	4.3016696
bed	2.7264953	0.80506957	0.54115283	3.9594903	8.632911	3.9135716
bed_riser	2.3224285	0.7570132	-1.1452048	4.5485387	7.496643	5.0176415
bedtime	2.5589213	0.77810425	-0.14621966	5.5009365	7.221783	4.682816
beep	3.6067665	0.94266397	-1.0174986	4.955471	7.5963535	3.5060492
beer	1.342537	0.88663816	-0.27835178	5.8082128	7.11263	5.1953616
beer_or_soda	1.6062447	0.84552586	-0.60587585	5.464528	7.0481863	5.0403843
before_bed	1.8684509	0.7180358	-0.050121587	5.2544436	7.3128295	5.2153516
before_bedtime	1.910313	0.704688	-0.44870627	5.0294175	7.2559543	5.188068
before_botox	4.2983975	0.9880134	-0.84587747	6.7499886	8.295499	4.547498
beforehand	6.6583343	0.540195	-1.6349957	4.016157	5.2639565	2.268333
begin_to_wear_off	4.721199	0.9517831	0.06143757	5.4380817	6.08178	2.249907
behind_your	3.6666799	0.75256	0.33676606	3.8163598	8.914239	3.603561
belch	3.6138403	1.0814402	0.7621889	5.7583723	7.592819	2.575405
belch_disorder	5.303563	0.9410213	-2.3055644	5.3528605	7.668416	3.5132637
belch_reflex	5.7073464	0.94864905	-2.1878068	5.499829	8.824408	3.9584162
belief	5.373895	1.1207075	-2.3382413	5.811565	8.252778	3.4689393
belief_that	5.3682775	0.9986676	-2.360042	5.714482	7.88357	3.6451223
believe	6.6986384	1.0713823	-3.3245668	5.610037	7.2585707	2.5675905
belly	3.9577348	0.6863658	0.14387752	4.99175	9.126751	4.496236
belly_breathe	3.9599423	0.9486423	-0.36794674	3.9126363	8.824298	3.0698528
belly_button	3.8845842	0.76064247	-0.793593	4.4129047	7.888462	3.6892872
belong	5.365122	1.2566072	-2.9758632	5.826491	6.8583007	2.2579339
belong_here	4.5911617	1.2114973	-1.9736717	6.0020747	6.8662734	2.587372
benadryl	2.0261095	0.7549829	-1.3416061	3.9459279	7.668208	5.4302735
bench_press	3.2313552	0.86918586	-0.11507732	3.8884466	8.467451	3.5153039
bend	3.0867085	0.78739196	0.5373981	3.8464863	8.838463	3.7587461
bend_down	2.8053868	0.80603194	0.51510304	3.992882	8.619891	3.884277
bend_over	2.5629091	0.75614923	0.47830284	4.612398	8.009263	4.4216194
bend_over_after_eat	2.0419314	0.71624506	0.1817738	4.2035794	7.984033	4.711539
beneath	4.085965	0.6744256	-0.007854306	4.440335	9.027873	4.1373568
benefit	5.94194	0.8265742	-1.1111412	5.0010614	5.9562106	2.5453074
bensoussan_in_tampa	5.504468	0.941834	-2.3735435	5.0270576	6.3378572	2.5905313
bentyl	1.9900919	0.85341936	-1.3082818	3.7707129	7.798739	5.2879076
benzo	2.0525436	0.85672027	-1.3826227	3.817561	7.7444553	5.2513056
benzodiazepine	4.2195153	1.0519109	-1.7161407	5.6597066	7.263797	3.4517295
bestie	4.3837395	1.137454	-1.7912204	6.289341	7.199831	3.3516805
betaine_hcl	1.9060352	0.8388541	-1.4893082	3.880493	7.8139296	5.499211
better_afterwards	3.5681465	0.909449	-0.18196183	6.1364985	7.4357104	3.9774184
better_understand	5.7472725	1.1406444	-3.0671113	5.4430485	7.203209	2.6097534
between_bite	1.6900187	0.673932	0.045586772	4.779026	7.2184916	5.2507524
between_meal	1.8123113	0.7179436	-0.5295182	5.2807684	7.3428397	5.377232
between_my_shoulder	4.04875	0.66147304	-0.25374633	5.345801	8.386274	4.486345
beverage	1.2138201	0.8466811	-0.31319383	5.6503706	7.1074123	5.355157
beyond_frustrate	4.175411	1.197437	-1.6856794	6.1117573	6.86819	2.6381123
bf	3.6326892	1.1684709	-1.3000096	6.228345	7.291216	3.0410795
bias	6.0963373	1.2132381	-3.263361	5.7032332	7.117597	2.3161643
bicycle	3.2057135	0.81459695	-0.018420497	3.9230387	8.491091	3.6345634
big_and_big	4.019338	1.0331894	0.5832938	5.437931	7.0901546	2.40004
big_bite	1.6474423	0.7238117	-0.12456867	4.348779	7.322917	5.230467
big_breath	2.174819	0.8441563	-0.7140035	3.806599	7.884164	4.8335495
big_burp	3.7827926	1.0582963	0.9634607	5.7220774	7.1561146	2.3905966
big_change	4.2433634	0.97479546	-0.05538583	5.596485	6.5311837	2.5976744
big_concern	5.224264	0.9404902	-1.3975317	5.4111753	6.094947	2.5716245
big_deal	3.9696128	1.2598776	-0.42469624	6.545653	7.2661395	3.0516346
big_dose	5.151483	0.9281295	-1.1029658	5.3627152	5.977244	2.4971588
big_enough	3.7127905	1.0518742	0.100829385	5.638774	7.266117	2.6496117
big_event	2.8517916	0.9512197	-0.8411506	5.8139305	7.1812415	4.185611
big_factor	4.7235227	1.0601215	-1.7813213	5.960933	7.8052135	3.6356225
big_fan	3.766292	1.0446947	-1.4298873	5.8298345	7.1945796	3.53084
big_fart	3.402314	1.0523471	-0.7195672	5.9001594	7.5077105	3.4980488
big_fear	3.7150075	1.5372491	-0.52571154	7.2023973	8.162532	3.4142883
big_gulp	1.589657	0.7263187	-0.102237806	4.500034	7.2797775	5.2641006
big_hug	4.578277	1.1722715	-1.6797168	5.8622622	6.393351	2.2306917
big_improvement	4.3732333	0.96842104	-0.29012603	5.7403626	6.4742017	2.7150197
big_inhale	2.2400234	0.8455519	-0.6818443	3.7970214	7.9388413	4.7643394
big_issue	4.459988	0.7306434	-0.3473163	5.6796885	7.352442	4.12414
big_lump	3.995692	0.57065976	0.49386206	5.0140443	6.9119844	4.080177
big_meal	1.8811296	0.7900098	0.010193353	5.58031	7.250583	5.0950303
big_mistake	2.12705	0.7823498	-0.771655	5.2178397	7.2287545	4.9435964
big_mouthful	1.6251111	0.7232482	-0.10694379	4.372761	7.311763	5.242543
big_one	3.7828593	1.0547016	0.97028124	5.7336698	7.139384	2.3939002
big_pill	1.9377475	0.7335583	-0.20890403	4.563347	7.3536525	5.045497
big_trigger	1.698942	0.67385495	-0.90345687	5.186683	7.2914042	5.5877476
big_yawn	3.9785714	1.0628692	-0.33239815	3.961655	8.608574	2.580265
bij_mij	4.442524	0.57409245	-2.353067	3.7799692	6.93376	3.943315
bile	3.2846198	0.7380215	0.46825752	5.0771337	8.12076	4.356328
bile_taste	2.7070136	0.78659743	-0.9691099	5.119119	7.246657	4.580461
bill	7.1774664	0.667612	-2.5960455	4.025677	5.181617	1.9496121
billion	3.95786	0.92683476	-1.2460895	4.896954	7.6684847	3.4599497
billion_time	4.2015696	0.91770035	-0.70264584	5.51338	6.367971	3.0237477
binge_drink	2.7557676	0.9401783	-0.9749436	5.822469	7.291193	4.446363
binge_eat	4.533368	1.092505	-1.8012413	6.0254602	7.9711947	3.767804
bio	5.848883	1.1477089	-3.1029768	5.515245	7.2439404	2.5962305
biofeedback	4.7635007	0.8202173	-0.8027113	4.37566	9.20206	3.7775939
biology	5.1369643	1.0992168	-2.1771765	5.6405044	8.275006	3.4670987
biopsy	6.996271	0.7076573	-3.2098696	4.6291504	7.368277	3.0781
birth	4.642515	1.3420433	-1.7326249	7.3124547	7.9805427	3.68682
birth_control	4.2805767	0.95141435	-1.6409736	5.836848	7.8206716	4.2506127
birth_control_pill	1.947846	0.85461175	-1.1722802	3.7714329	7.741203	5.229171
birth_defect	5.495648	0.99501437	-2.3175924	5.5936375	8.423402	3.801937
bit_better	4.0988607	0.837237	-0.0021182902	5.777746	6.9113264	3.4725761
bit_more	4.017088	0.8728078	0.05146881	5.6461253	6.9059644	3.2841077
bit_of_air	3.4830313	1.0209837	0.31892222	5.296542	7.869049	2.8633742
bit_of_relief	4.421009	1.1574851	-1.113322	5.9070883	6.341703	2.2054138
bit_sore	4.119765	0.5989564	0.4384344	5.1417856	6.6344795	3.8783193
bite	1.5372422	0.7095181	0.10534576	4.624681	7.244291	5.2991996
bite_of_food	1.5898446	0.70468736	0.095606185	4.634653	7.249215	5.2650957
black_coffee	1.5682563	0.7688087	-0.7315485	5.3517494	7.1470566	5.3420496
black_out	3.1758764	0.94063914	-0.5516907	5.3347197	7.4951525	3.82305
bladder	4.5124273	0.7413829	-1.0774996	5.0551925	8.571462	4.3162465
blade	4.0768833	0.61953604	-0.20261633	4.8438096	8.478332	4.3507414
blade_back	3.5090718	0.81658196	-0.016974363	3.8638122	8.6146755	3.4488492
blah	3.6244152	0.796558	-0.30502778	5.639952	7.267127	4.045515
bland	1.8801526	0.6429429	-1.0256768	5.081045	7.317839	5.5430202
blanket	4.8594146	0.45309696	-1.0218387	3.3757908	7.0151424	3.5762966
bless	4.698564	1.2569168	-1.9528035	6.078388	6.3366923	2.0541863
blink	4.4634285	0.5775269	-0.66810006	4.106789	7.305775	3.7382627
bliss	4.5013742	1.055968	-0.98927116	5.81393	6.3291373	2.5125937
blissful	4.2693496	1.2383981	-1.6144117	6.301003	6.83045	2.5462475
blister	4.4467134	0.65038615	-1.8255979	4.1452985	7.3571925	3.877789
bloat	3.9785523	0.80716324	-0.1082457	6.620286	8.459281	4.8328657
bloat_24_7	3.5381114	0.89123094	-0.59649795	5.8195033	7.733086	3.9921687
bloat_a_lot	3.920836	0.77763844	-0.36892214	6.088298	8.004364	4.5023932
bloat_and_constipate	4.031561	0.9146041	-1.2685926	5.2273054	7.2921596	3.559818
bloat_and_excessive_flatulence	4.6477203	0.8916073	-1.2752159	6.2808704	8.075888	4.281112
bloat_and_flatulence	4.352751	0.84255075	-0.8884935	6.149742	7.7390695	4.2099533
bloat_and_nauseate	3.3606694	0.9666427	-0.37877715	6.34119	7.774675	4.293881
bloat_and_nauseous	3.2035205	0.9222769	-0.28918287	6.2540526	7.6559615	4.280722
bloat_anymore	3.3355262	0.9184391	-0.30124414	6.288302	7.7886076	4.335094
bloat_belly	3.9197283	0.7889065	-0.62277406	6.14602	8.003844	4.5320225
bloat_constipation	4.243029	0.78882885	-0.55238926	6.391157	8.3425665	4.7370796
bloat_cramp	4.280534	0.7804996	-0.8188638	5.8412294	8.238773	4.5009685
bloat_distension	4.838395	0.8947606	-1.7076274	5.6420603	8.445841	4.2721314
bloat_etc	4.131946	0.780935	-0.2768079	6.490259	8.42783	4.7953
bloat_excessive	4.14242	0.801033	-0.46699893	6.358234	8.208677	4.5414586
bloat_excessive_flatulence	4.2171645	0.7771697	-0.7511969	6.003687	8.065627	4.5196147
bloat_flatulence	4.2653112	0.784545	-0.50487065	6.424773	8.3301325	4.7056413
bloat_gassy	3.8831048	0.7663999	-0.47439066	6.1359134	8.045156	4.6035414
bloat_go_away	4.312813	1.0232455	-0.4594547	5.7513695	6.536448	2.5864477
bloat_nausea	4.147615	0.7844536	-0.2861944	6.5233684	8.435178	4.7999773
bloat_stomach	3.960588	0.74684983	-0.1054404	5.955858	8.681277	4.7307076
bloatedness	4.02361	0.77458096	-0.4991063	6.1004896	8.1043825	4.550688
block	4.3519325	0.7631531	0.16395153	4.299827	9.551829	3.8966177
block_my_airway	2.5907695	0.70733494	0.20664185	4.7962494	7.590009	4.6418815
block_nose	4.0518064	0.71239984	-0.10451461	5.694697	7.8131847	4.451524
blockage	4.602013	0.7331756	-0.36304384	4.4282913	9.476963	4.1397257
blog	5.3928685	1.2693971	-2.9334242	5.8371925	6.6642976	2.074643
blonde	4.0688252	0.9909044	-1.7741369	5.3074403	7.170885	3.3095393
blood_flow	4.2504077	0.76212084	-0.80538714	4.514371	8.759556	4.059706
blood_test	6.987601	0.72755635	-3.2355928	4.6662064	7.3596063	3.0575569
blood_vessel	3.8393943	0.7421104	0.100647114	4.3686137	8.7625	3.8312893
blood_work	6.9371085	0.70928276	-3.1805623	4.6343365	7.3700776	3.1017797
bloodwork	6.709405	0.7459299	-3.0667496	4.6786966	7.0991507	2.9537532
bloody	3.829987	0.88318837	-0.6059459	5.8932414	7.7196207	3.8337696
blow_away	4.6230173	1.3091884	-2.2022703	6.548484	6.8149176	2.5060914
blow_my_nose	2.8402154	0.7881465	-0.121778294	5.093306	7.633216	4.468131
blow_up	3.880736	0.7236954	0.15994848	4.768454	9.106435	4.23717
blow_up_full_of_air	4.8499084	0.77659094	-0.57467335	4.565445	9.620312	4.1386924
blow_your_nose	3.3586283	0.97823375	-0.35652873	5.463318	7.6309676	3.6490223
blowjob	4.6814337	1.0671223	-1.9899727	5.6569557	7.172462	3.162658
blue_cross	6.908938	0.71035355	-2.541934	4.111113	5.379382	2.1204345
blueberry	1.8720483	0.69083095	-0.6608889	4.987813	7.160101	5.2279043
bmi_alexandra	5.6372266	0.887823	-2.0080311	4.915997	6.0937843	2.5434499
bmi_blackheath	6.2688346	0.8027777	-2.3427203	4.5757804	5.480755	2.1322093
bodily	4.844976	1.0798731	-1.8453052	5.5532722	8.326806	3.5046065
bodily_function	4.4805512	1.3001145	-1.7452661	6.455754	7.5275297	2.8963099
body_ache	4.1158047	0.6160067	0.13503867	5.2035003	6.836458	4.043364
body_image	4.884923	0.97691965	-1.8275716	6.253542	8.143225	4.1961045
body_position	3.623662	0.97233325	0.62092763	4.0347323	8.954488	2.8856614
boer	4.4482965	0.5893586	-2.3115616	3.8306942	6.952594	3.917515
boeren	4.425509	0.5111121	-2.55116	3.5150592	6.8513684	4.0540786
bolus	4.5983934	0.72138083	-0.4784315	4.2140727	9.143996	3.9368317
bolus_of_food	2.9723241	0.7155784	0.026438486	4.568187	7.986125	4.420631
bomb	3.482515	0.8023855	-1.1037964	4.768833	7.6022153	3.9900825
bone_broth	1.8446364	0.65811104	-0.5806084	4.8839655	7.1361117	5.291571
bong	2.2737775	0.8408446	-0.858083	4.1609473	7.7060595	4.86504
bonjour_avoir_vous_recut	4.2990437	0.89846814	-1.632371	5.180355	7.105036	3.4941673
bonjour_comment_vas_tu	4.443287	0.7662197	-1.832542	4.558363	7.2691565	3.6656005
boob	4.1120906	1.0685095	-1.5719877	5.474787	6.9167113	2.950375
book	6.657666	0.8433743	-2.69039	4.852345	5.28179	1.6865504
book_with_lucy_hicklin	5.2148385	1.0058331	-1.9183164	5.3694296	5.9615297	2.2549806
boozy	3.9661767	0.9349549	-1.1785854	5.3633404	6.8414917	3.2901022
borderline	3.9631279	0.9909359	-1.0925211	6.2034707	7.6198435	3.9133568
borderline_underweight	4.3253202	1.1286253	-1.8117893	6.549047	7.7437882	3.9537907
borrow	3.713406	0.9614551	-1.3903259	5.2366977	7.0892153	3.4356062
botel	5.640808	0.9101457	-2.4970112	5.2402067	7.1907086	3.2049243
both_direction	3.7684343	0.8536986	-0.44582126	4.697939	8.21648	3.5867617
both_of_these	5.3080654	0.9362962	-2.320941	5.4095583	8.03053	3.716823
both_r_cpd	5.3507824	1.0680073	-2.2753682	5.9915495	8.316369	3.8027654
bothersome	3.7956092	0.8892946	-0.39180002	5.954908	7.2822056	3.9145968
botox	6.631255	0.7461388	-1.7652813	4.71623	4.9917426	1.7421014
botox_avoir_vous_recut	4.549103	0.81276315	-1.8804328	4.810742	6.9772944	3.4973867
botox_drift	4.8128204	0.78256726	-0.92286915	5.483911	7.3859806	3.9180517
botox_for_dysphagia	6.586326	1.0318896	-3.345224	5.247012	6.9219556	2.42283
botox_in_january	5.857656	0.8834748	-1.9221665	5.118586	5.284747	1.8685828
botox_inject	6.502599	0.687174	-1.5567752	4.286673	5.3481426	2.2314768
botox_injection	6.6336985	0.7547788	-1.9016402	4.732483	5.0125537	1.7268218
botox_itself	7.142849	0.63322264	-2.468412	3.9808416	5.175442	2.0116243
botox_journey	4.852656	1.3211616	-2.0447755	6.1307697	6.1363463	1.6870661
botox_leak	4.296207	0.69636387	-0.552997	4.483757	8.681844	4.0716634
botox_on_monday	6.0359464	0.8623469	-2.0971832	5.040166	5.203987	1.8055394
botox_on_wednesday	4.864567	0.972566	-1.1851311	5.4893866	5.9539537	2.3747878
botox_procedure	6.6399164	0.75632113	-1.9764462	4.7407107	5.0019574	1.7028444
botox_shot	6.506028	0.7856304	-2.0365813	4.819742	5.046847	1.7188932
botox_spread	5.50992	0.5289276	-0.8381697	3.8427742	6.682165	3.243417
botox_surgery	6.553393	0.7866815	-2.086247	4.8215537	5.0418	1.6920857
botox_tomorrow	5.8994527	0.89542556	-2.0253174	5.1339617	5.2779303	1.8196658
botox_treatment	6.644601	0.76746756	-1.9737843	4.7758126	5.0204177	1.6953849
botox_twice	6.2184114	0.75543207	-0.9417098	4.87379	4.9815335	1.9012187
botox_under_ga	5.934001	0.8476267	-1.8347219	4.9582787	5.315827	1.9934725
botox_wear_off	4.856975	0.94591147	0.1076107	5.476514	5.878672	2.1871357
botox_with_doctor_bastian	6.134601	0.8481966	-2.1186593	5.0267844	5.107963	1.7412657
bottle	1.1920887	0.80901	-0.42840153	5.463672	7.070492	5.390743
bottle_of_fizzy	2.350746	0.8045025	-0.955947	5.188404	7.194011	4.702737
bottom	3.8599472	0.69166124	0.08663365	4.0122504	8.888747	3.8824055
bottom_line	4.493924	1.0019282	-1.6958177	5.345387	6.5690007	2.831451
botulinum_toxin	6.33436	0.7331749	-1.4268293	4.423988	5.76887	2.4864666
botulinum_toxin_injection	4.945213	0.9125253	-2.1590102	5.132771	7.2345457	3.3463821
bouncer	3.720557	1.0220813	-1.4349412	5.327931	7.238067	3.1311243
bound	4.714056	1.0534413	-1.8299292	5.8637795	8.047911	3.7734637
bout	4.126722	0.8554829	-0.23204143	6.674002	8.442305	4.738451
bowel	4.2448955	0.7212494	-0.45953634	4.953333	9.338073	4.656446
bowel_cramp	3.6548212	0.78914684	-0.6216808	5.749691	7.9566574	4.433949
bowel_issue	4.7344384	0.8975222	-1.7341908	5.766019	8.203363	4.2646704
bowel_movement	3.9468946	0.7345635	-0.20325564	5.5632772	8.964358	4.8172636
bowel_problem	4.729008	0.8769644	-1.5082766	6.0337257	8.294956	4.4094234
bowl	1.6612351	0.68278563	-0.43188095	5.036264	7.1975045	5.345432
bp	4.2843595	0.6994758	-0.7891554	4.674956	8.341488	4.136225
brace	3.803033	0.7571873	-0.12639001	4.1593914	8.718251	3.7512958
brain_fog	4.611254	0.88409275	-1.2063068	6.3009334	8.341806	4.5316167
brand_new	4.6735625	1.2788855	-2.0698133	6.259754	6.8767276	2.362768
brass	3.8296182	1.0043156	-1.4915187	5.2169085	7.2808194	3.099235
brazil	5.800473	1.0832273	-2.8869207	5.4381075	6.5087056	2.342058
bread	1.4965122	0.5972939	-0.11114573	4.871614	7.1720657	5.6121173
break	2.2926047	0.83777374	-0.48504588	3.811572	8.044261	4.6595836
break_blood_vessel	4.150167	0.71960944	-1.0373862	4.442943	7.5384364	3.720711
break_down	3.702221	0.7059499	-0.6606695	4.9640474	9.04177	4.993433
break_my_heart	4.6508636	1.0839903	-1.992506	5.6641464	6.7071486	2.7742703
break_out	3.759365	0.82278395	-0.6258885	5.108988	8.154699	3.9711535
breakfast	1.7138268	0.666758	-0.015207315	5.1513577	7.168726	5.361562
breast_bone	4.049208	0.6261795	-0.16532376	4.615058	8.560151	4.2301326
breastbone	3.778616	0.6811872	0.117932215	4.186235	8.767387	3.9622562
breastfeed	4.3293014	1.1506199	-1.8599371	6.536577	7.718376	3.9177477
breath	3.3266973	0.83825636	0.69888264	4.297339	8.809496	3.6550677
breath_test	6.8279686	0.7554497	-3.184991	4.7535863	7.323544	3.0527127
breathe	3.2470303	0.7793661	0.60403943	4.6831937	8.25253	3.993393
breathe_deep	3.6048477	0.802771	0.08845582	4.0919895	8.739371	3.5856059
breathe_difficult	4.4139585	0.9682093	-1.6861205	5.6502385	7.605476	3.7885354
breathe_difficulty	4.3836155	0.87836504	-1.2439227	5.1335926	6.8158293	3.2685773
breathe_exercise	3.891802	1.0269337	-0.126316	3.8208952	8.829692	2.677077
breathe_in_deep	3.735829	0.8037804	0.04330138	4.646639	8.559484	3.7026927
breathe_issue	4.635878	0.82181185	-0.79568803	6.283212	8.626846	4.754296
breathe_out	3.5490973	0.88880646	0.7597181	4.2916374	8.965024	3.3079228
breathe_proper	3.9272914	1.3300979	-1.3358823	6.2400427	7.7499776	3.0711837
breathe_technique	3.8394608	0.9810942	-0.15481588	3.8671122	8.798039	2.8865643
breathe_through	3.5585277	0.8502408	0.45760432	3.9090903	9.01109	3.3670762
breathe_through_my_mouth	3.5128114	0.77950835	0.12372093	5.4346957	8.07634	4.280482
breathe_tube	4.2701855	0.5428887	0.46122727	5.0089264	6.510554	3.9053392
breathless	3.9884696	0.7582841	-0.19710124	6.2103195	8.330855	4.7050686
breathy	3.7416039	0.7279639	0.09567349	5.162291	7.3147783	3.848019
breeze	4.0526314	1.0485697	-1.3817387	5.3283215	7.1590195	3.0633042
brewery	3.7744036	0.9282011	-1.4021026	5.186711	7.102626	3.5332067
bridgetown	4.0089116	0.9664249	-1.6926725	5.26153	7.1131372	3.3331742
brilliant_thank	4.417835	1.061006	-1.7085255	5.4682846	6.638678	2.7298212
bring_doctor_bastian	6.343571	1.1247605	-3.4523718	5.3973694	6.6130047	2.0504973
bring_myself	3.7785203	1.4609362	-1.1548139	6.4641466	7.8747244	2.9599464
bring_relief	3.725558	1.0713614	-0.23673074	5.5512433	7.520446	2.793669
bring_up_liquid	3.9126937	1.0649158	0.1947166	4.527616	8.432224	2.629547
brisk_walk	1.9825999	0.78889227	-1.0786202	4.2918153	7.7058086	5.265313
brittcurls	5.603172	1.4032288	-2.997988	6.555817	6.8663044	1.9917108
bro	4.0892715	1.2799908	-1.5505544	6.2723513	6.826766	2.3531318
broad	5.414374	0.9417769	-2.3403335	5.283552	8.016928	3.602931
broccoli	1.5913837	0.626909	-0.7140909	5.0663657	7.26951	5.695923
bronchitis	4.0173388	0.8561872	-0.7387227	6.116846	7.8168116	4.3783145
broth	1.553753	0.6056323	-0.1767508	4.824303	7.119487	5.526026
brownie	2.0385692	0.67469776	-0.7867193	4.9777226	7.1786313	5.201545
browser	5.300435	1.1427684	-2.8594992	5.3440766	6.884883	2.428122
bruise	4.102443	0.5571971	0.57664317	5.0721273	6.861119	4.045695
brunch	2.3810985	0.78354037	-0.9001077	5.0694504	7.144345	4.721557
brush_my_tongue	3.0649137	1.3833058	0.20404178	5.8051476	8.399474	3.1066477
brush_my_tooth	2.9475205	1.4273298	0.39171118	5.9927335	8.41525	3.2383275
brush_off	6.042091	1.0999528	-2.9878511	5.8288794	7.405843	2.8489206
brush_tooth	3.3841972	0.8571566	-0.18382618	5.385196	7.771449	3.9563901
brussels_sprout	1.9848589	0.6523755	-1.1518085	5.04023	7.4001856	5.4763503
bsw	6.0733986	0.9218018	-2.7212882	4.939403	5.858827	2.1123335
btx	6.138697	0.7934988	-1.369775	4.7261157	5.553877	2.306101
bubble	3.6633966	0.7810991	0.6142105	4.760829	8.955707	3.8970628
bubble_come	3.3169672	0.9154973	0.28611535	3.9490485	8.627516	3.076391
bubble_come_up	3.5291147	0.8944966	0.701854	4.5765514	8.730325	3.2963183
bubble_in_my_throat	3.4982328	0.808	0.27760035	5.844193	8.228243	4.3895674
bubble_of_air	3.6119697	0.79350626	0.23237328	4.7972465	8.557275	3.7478282
bubble_rise	3.5889845	0.824695	0.076989375	4.537784	8.54992	3.5942383
bubble_tea	2.0725334	0.8454046	-0.7050046	5.5114036	7.1322694	4.836797
bubbly_water	1.1654152	0.8766481	-0.4825142	5.651138	6.9717865	5.2450333
bucket	3.182883	0.95374274	-0.7109424	5.161511	7.561588	3.7244391
build_up	3.858896	0.7689673	0.31388775	4.86856	9.248884	4.153537
build_up_gas	3.813344	0.7871679	-0.3055458	5.2937975	8.501812	4.230679
build_up_of_air	3.9559915	0.72325367	-0.32267803	5.241069	8.494877	4.3524766
build_up_of_gas	3.8965118	0.7403192	-0.27586186	5.633735	8.293807	4.463925
building_up	3.8336554	0.7665867	0.2955234	4.8090506	9.173535	4.1197033
buildup	3.9534702	0.7273354	0.012519915	4.92582	9.093168	4.3762803
buildup_of_air	3.6077578	0.91967994	-0.10826225	5.1320066	8.347662	3.5895784
bulge	4.3185616	0.7027633	-0.5542837	4.420907	8.771597	4.0436916
bullfrog	3.8678322	1.0072689	-1.1781967	5.413783	7.3800597	3.2201533
bullshit	4.8411016	1.1786118	-2.2985454	5.8964024	6.717118	2.5358083
bullying	4.27158	1.1551325	-1.8108491	6.140522	7.2725964	3.2184072
bupa	7.1496468	0.7871801	-3.0341716	4.342094	5.586468	1.9598013
burn	3.7509272	0.6695583	0.46281812	5.1403856	8.17526	4.3845234
burn_my_mouth	2.0537698	0.79537565	-0.5746323	5.1144176	7.2490144	4.881259
burn_sensation	3.8452098	0.6793496	0.20997207	5.230833	8.280374	4.3932714
burp	3.7783628	1.0819952	0.8908424	5.604886	7.393071	2.3964908
burp_a_lot	3.7871714	1.0547837	0.925403	5.7145686	7.143996	2.4235628
burp_a_ton	4.253231	0.93331796	0.40965733	5.6591487	6.4002876	2.625238
burp_ability	4.7819414	0.9530012	0.044809792	5.496975	5.953564	2.241976
burp_as_a_child	4.202809	1.4193859	-1.3776276	7.2783337	7.822345	3.427199
burp_as_a_infant	4.271371	1.414741	-1.4391357	7.324372	7.8547893	3.4839823
burp_like_crazy	4.3986087	0.8776498	0.44826743	5.6222553	6.1289973	2.6888885
burp_machine	4.756346	0.9562932	-0.34954402	5.5667806	5.961794	2.326574
burp_on_command	3.774096	1.0950359	0.80441546	5.43332	7.626649	2.410626
burp_out_of_nowhere	3.6705189	1.2530723	-0.95602274	6.538331	7.4222674	3.005573
burp_proper	3.8457346	1.1002473	0.7755964	5.390411	7.567475	2.340808
burp_reflex	4.6023526	0.82450056	-0.11197613	4.2304134	9.568836	3.6310236
burp_uncontrollable	3.949922	1.0030515	0.5760199	5.764843	6.8988566	2.6377542
burpee	3.1166792	0.8567322	-0.18899293	4.033277	8.287537	3.6507416
burper	4.285014	1.3425615	-1.2888553	6.6787515	7.4216166	2.6535275
burper_who	4.9823904	1.2903548	-2.4011052	6.036266	6.859341	2.2622714
burpiversary	4.7845244	0.99913144	-0.792166	5.6505027	5.9733315	2.3038688
burst	3.7665095	0.6992599	0.3032732	4.5338707	8.852353	4.06105
burst_into	3.2444746	1.1188561	-0.76762456	5.8823805	7.512689	3.300743
burst_of_air	3.4463222	1.0581231	0.2120276	5.660813	7.609767	2.7641962
bury	3.540283	1.2260038	-0.730113	6.145094	7.685886	2.980863
bus	2.9695132	0.9519539	-0.52063274	5.09904	7.6021433	3.7868452
but_alas	4.6258044	1.2166024	-2.0658908	5.9886584	6.8939276	2.5720963
but_fruitless	5.2429914	1.1520576	-2.5274315	6.0553126	7.2961397	2.9773905
but_my_dad	4.6819625	1.2859538	-2.0343368	6.4665227	7.5806265	3.1156251
but_nothing_unmanageable	4.257099	0.7728415	-0.85262746	5.050796	6.659913	3.4911556
but_rather	5.286537	0.87818867	-1.6871859	5.2043695	8.992806	4.1150484
but_they_are	3.8022873	1.0483421	0.16008803	5.6669655	7.17346	2.612391
butt	3.5228143	0.73405975	0.1536291	4.0569925	8.738466	3.847451
butter	1.584519	0.6195881	-0.3980931	4.9587083	7.168601	5.5680923
button	3.590165	0.75262	0.055064216	3.8325832	8.749597	3.6553924
bvi	6.8689284	0.7994461	-2.4145727	4.671306	5.3528953	1.8085659
bvi_use_75	6.22008	0.78868896	-1.3457515	4.6946683	5.5472264	2.309525
by_accident	3.6552382	1.093909	0.7179135	5.8973246	7.3829994	2.6278107
by_bastian	5.898277	0.8648155	-1.6094676	4.9914775	5.4649935	2.1150045
by_comparison	4.8880153	0.9922178	-1.916289	6.0360146	7.6813793	3.8259676
by_contract	3.8303797	0.90194005	0.564788	4.1776376	9.199325	3.2689583
by_doctor_verma	5.650925	0.9521669	-2.3600647	5.100726	5.930246	2.2479064
by_flex	3.7926257	0.9790177	0.34286922	4.3484735	8.784118	2.978312
by_insurance	7.0839214	0.75038385	-2.7999322	4.1967287	5.4263124	1.9923832
by_lucy	6.0126534	0.8481686	-1.9277526	4.919444	5.3653736	2.0024538
by_my_gp	6.107067	0.956177	-3.1176138	5.187293	6.6428537	2.4505844
by_stick_my_finger	2.9848862	1.4468423	0.3893108	5.942297	8.521953	3.0984476
by_surprise	2.1729975	0.8487864	-0.69356215	3.8493145	7.841379	4.8143687
by_the_nhs	5.877538	1.0334197	-2.8967328	5.2705703	6.9935503	2.6910033
by_themselves	3.707042	1.0523024	0.4347359	5.402102	7.489362	2.5649183
by_tilt	3.338343	0.9195521	0.5362535	3.9220212	8.814828	3.0411777
by_turn	3.485822	0.9472323	0.5827925	3.9027064	8.913313	2.9319096
by_turn_my_head	3.4544806	0.9631893	0.84527296	4.102114	8.852012	2.8733542
bye_bye	2.5876596	0.84898585	-1.1078401	5.243062	7.2492514	4.552664
byproduct	4.8646417	0.9234472	-1.6481985	5.232238	8.697205	3.990452
c_red	4.8777776	1.1897355	-2.2546096	6.107395	6.971877	2.8160715
c_section	4.6252694	1.0105116	-1.8958282	5.7793617	7.5447283	3.6499605
cabbage	1.7366045	0.6451046	-1.0173917	5.0329022	7.3618064	5.6674967
cable	5.1636953	0.42945814	-0.6513528	3.3358746	7.522857	3.6187122
cafeteria	2.8204386	0.83804286	-0.86595815	5.3437	7.2054577	4.373067
caffeinate	1.4583809	0.7848714	-0.7363407	5.378511	7.081632	5.3159966
caffeine	1.4726207	0.6787262	-0.7170872	5.206811	7.378459	5.7994785
caffeine_alcohol	1.8941866	0.6800031	-1.1110884	5.0309653	7.402789	5.5302334
cage	4.318783	0.7137264	-0.7184944	4.6571684	8.625768	4.1372685
calcium	2.1171248	0.6739814	-1.1181331	4.8546	7.5677414	5.4539223
calcium_carbonate	1.846412	0.7225978	-1.245827	4.59949	7.688439	5.669539
calculation	4.457625	0.8270767	-1.8274091	4.8198953	7.1907315	3.5842776
calendar	6.282049	0.75274473	-2.2158935	4.3674364	5.445059	2.244653
calf	4.297554	0.6985188	-0.87107587	4.4487553	8.110392	3.9205346
calgary	6.408257	1.0460914	-3.357022	5.203835	6.4550266	2.1174388
california	6.8740497	0.92136025	-3.1917648	4.7913194	5.758807	1.8340948
call_a_ambulance	3.413977	1.1965052	-0.7631896	6.0878987	7.712248	3.2940536
call_a_few	6.354053	0.9235256	-3.0185733	4.954614	6.0050144	2.0799758
call_back	6.5903606	0.8512227	-2.7706842	4.863592	5.4483824	1.788653
call_botox_for_dysphagia	5.892958	0.91985303	-2.6000044	5.233436	7.2142396	3.142214
call_r_cpd	5.773464	1.2187545	-2.9188535	6.121555	7.3777156	2.7170942
call_retrograde	5.8341804	1.129016	-2.93913	5.673927	7.6399646	2.944667
call_their_office	6.238761	0.880399	-2.746456	4.838547	5.7079086	2.031202
call_to_schedule	6.4460487	0.8495757	-2.7277265	4.8103256	5.480513	1.8801248
call_your_insurance	7.0834637	0.7936539	-2.9912715	4.3208904	5.623795	2.0150335
calm_down_a_bit	4.277689	1.0193394	-0.3528479	5.777531	6.5846047	2.611703
cam	6.6949005	0.7615303	-3.0821064	4.7005253	7.148386	2.9588277
camera	5.3013935	0.35134885	-0.64425755	3.200127	7.4784355	3.644281
camera_down	5.346681	0.36355236	-0.7118249	3.2102013	7.454846	3.617818
camera_down_my_throat	5.247014	0.39825568	-0.69483954	3.3244376	7.420689	3.6253564
camera_through	5.2690477	0.39129952	-0.681654	3.266861	7.460344	3.6142416
camera_up	5.29954	0.37071887	-0.667684	3.2161949	7.454199	3.6350493
camera_up_my_nose	5.409441	0.39097813	-0.7917033	3.2786286	7.413477	3.5747552
can_attest	4.6368823	1.1075659	-1.7856209	6.0774803	6.8334403	3.0107465
can_cause	5.212626	0.94679743	-1.5876914	5.98948	9.064487	4.4388566
can_contribute	5.5021954	0.9720902	-2.2048979	5.915165	8.7409315	4.23782
can_hear	3.1687534	1.1397991	0.0022329728	6.474921	7.716615	2.7699878
can_identify	5.53655	1.0922252	-2.872883	5.1651936	7.0000453	2.536266
can_lead	4.8914905	0.8389924	-1.1235032	5.6070976	9.183687	4.5683584
can_not_believe	4.497303	1.4112362	-1.7608024	6.8061013	6.5293074	1.91364
can_not_burp_on_command	3.8297017	1.0591842	0.46852425	5.671376	7.177943	2.5134447
can_not_chug	1.8505175	0.8142482	-0.5539172	5.222803	7.183065	4.95261
can_not_control	3.5340095	1.0686146	0.6235071	5.793177	7.624954	2.761127
can_not_escape	3.724753	0.80624074	0.087583736	5.1232104	8.866076	4.055128
can_not_imagine	4.396731	1.3693174	-1.529323	6.7816796	6.6328583	2.1338775
can_not_stand	3.4395547	1.2064024	-0.60367364	6.4277563	7.624815	2.9087949
can_not_wait	4.7507815	1.3617505	-1.8162057	6.453321	5.9957466	1.5168592
can_recall	4.083587	1.313422	-1.2225336	7.004002	7.5959034	3.477641
can_relate	4.63777	1.4225284	-2.0411487	6.746089	6.5947723	1.9359994
can_remember	4.570198	1.3802067	-1.6470506	7.48615	7.8786817	3.6202419
can_taste	3.3997545	1.0225512	0.34971544	5.6715837	7.6820693	3.1378188
canada	7.050382	0.9052291	-3.2273808	4.6633363	5.7807937	1.8685735
canadian	7.01116	0.9219012	-3.2573555	4.703695	5.7999353	1.8536227
cancel	6.861941	0.82740194	-2.8508046	4.6802974	5.354418	1.7327149
cancel_plan	3.264861	0.92573285	-0.23423716	6.3029895	7.823339	4.3766494
cancer	5.7856417	0.94769263	-2.3062706	6.072006	8.841946	4.3764367
candida	5.438352	0.84921473	-2.248051	5.6581173	8.549243	4.4060373
candida_overgrowth	4.9875484	0.866917	-1.9078583	5.5300517	8.411128	4.280732
candy	1.5149218	0.66795194	-0.6210565	5.1030946	7.225264	5.606054
cannot_afford	7.064795	0.7526354	-2.7664866	4.1792555	5.4494705	2.034933
cannot_believe	4.715327	1.3411692	-2.2573488	6.624848	6.851006	2.4486258
cannot_breathe	3.3946626	0.81166	0.03985944	5.226637	8.051415	4.0724626
cannot_burp	5.351567	1.2182388	-2.1284904	6.90287	8.443031	3.8995874
cannot_control	3.6272845	0.93350893	-0.66353786	5.9833107	7.3895698	3.4589286
cannot_swallow	4.0576873	0.757948	-0.6929166	4.7445097	7.319158	3.6671166
cannot_vomit	3.945214	1.3881	-1.0062633	6.945736	7.978382	3.490707
cannot_wait	4.8075643	1.2869232	-1.7216419	6.270001	5.962296	1.6946615
cannula	4.8737626	0.46480757	-1.0061742	3.422459	7.0912685	3.5939732
cantaloupe	2.0507565	0.7997249	-0.96205837	5.097236	7.262892	5.080072
capable_of_burp	3.9829173	1.141737	0.16035137	5.875348	7.255835	2.6081054
capillary	3.9343052	0.6448957	0.23086177	4.365453	8.873716	4.112671
capsule	1.6654514	0.69672805	-0.57395613	4.5421476	7.364308	5.4583898
car_ride_home	3.8178678	0.7589313	-0.4600734	5.290032	6.7830005	3.843969
car_sick	3.740412	1.194475	-0.83210695	6.540712	7.839639	3.6738868
car_sickness	4.1637106	1.2980499	-1.432461	6.761927	7.7696857	3.468675
carafe	1.9803746	0.8310408	-1.4470942	3.8189366	7.762345	5.408506
carbohydrate	1.5331595	0.64578205	-0.7946312	5.109714	7.39456	5.837417
carbohydrate_and_sugar	2.2134554	0.7517684	-1.05243	5.185797	7.364352	5.141089
carbohydrate_heavy	2.3230343	0.76912993	-0.99800175	5.1702313	7.329523	4.9524717
carbon_dioxide	3.956686	0.72451514	-0.5814938	4.808735	9.072976	4.630301
carbonate	1.191177	0.83212245	-0.43996388	5.6115265	7.081347	5.394958
carbonate_alcoholic	1.3995848	0.84064114	-0.5626296	5.5689077	7.0601273	5.216282
carbonate_beverage	1.1521568	0.88167924	-0.27200875	5.731272	7.0715995	5.307312
carbonate_drink	1.1822399	0.88436294	-0.29168665	5.733918	7.065263	5.2966185
carbonate_drink_alcohol	1.6583166	0.69476265	-0.87143517	5.2221932	7.2657523	5.546131
carbonate_drink_and_alcohol	3.896861	0.99417067	-1.3970727	6.036441	7.4800854	3.99723
carbonate_seltzer	2.9006755	0.8844673	-0.8243045	5.421058	7.2345233	4.1992555
carbonate_soda	1.3884889	0.7967801	-0.71345717	5.4383097	7.010579	5.2560015
carbonate_water	1.1264429	0.8854231	-0.31682393	5.710989	7.0321536	5.2908897
carbonation	1.1479824	0.8942817	-0.24484918	5.756259	7.0621037	5.274828
card	7.0857024	0.7864988	-2.9626029	4.3206477	5.5622854	1.9739244
cardiac	5.190649	0.8651295	-1.9453988	5.411274	8.550528	4.20097
cardiologist	6.2245708	0.9289389	-3.2005258	5.2457047	6.751684	2.4858553
care_about	6.0210567	1.174	-2.9135866	6.0136223	7.47407	2.711768
care_doc	6.8306427	0.9730889	-3.5046818	5.1711755	6.5649743	2.1598277
care_doctor	6.8798337	0.93750316	-3.5258276	5.1797185	6.704838	2.2752154
care_physician	6.7858725	0.95343125	-3.4936082	5.1847	6.647429	2.2424877
carroll	5.997002	0.860162	-2.3752377	4.8635893	5.4976544	2.0483458
carrot	1.6404406	0.6250284	-0.57427984	4.9646397	7.189302	5.5556946
carry_away	4.933742	1.1315198	-2.336229	5.777619	6.6297374	2.5822554
carry_out	6.656875	0.69430333	-2.0829782	4.158914	5.5434785	2.3181617
carsick	3.8786836	1.3870671	-0.9614476	7.0416527	7.923714	3.5434654
cartilage	3.9263034	0.72684133	0.2736565	4.0032425	9.099653	3.7604077
cartoon	3.2875583	1.0894171	-0.3394337	5.9185767	7.639436	2.8389075
cascade_stomach	5.357472	0.9241456	-2.352044	5.409648	8.071523	3.7937162
case_anyone	5.0545416	1.1613021	-2.4015412	5.56347	6.5176835	2.2615852
case_of_r_cpd	5.1798453	1.0445821	-2.0992143	5.789877	7.7127156	3.4864297
case_study	5.925056	1.2736146	-3.3295896	5.8158417	6.7962103	2.0093575
case_where	5.1770945	1.1811609	-2.357821	5.819739	7.1736064	2.7169127
casein	1.814001	0.6389535	-1.153836	4.992638	7.419449	5.686139
cash_pay_rate_on_their	6.0248747	0.9234432	-2.7739816	4.803992	6.122451	2.3333397
catalyst	4.657114	1.0659027	-1.609112	6.309637	7.1722426	3.471219
catch	3.4299116	1.1268728	0.72071564	5.9876747	7.706405	2.8352191
catch_in_my_throat	3.3008955	0.7732446	0.20788786	5.141739	7.9919515	4.1909056
catch_my	3.247276	0.8063153	0.52068335	4.5497003	8.446181	3.87211
catheter	5.042929	0.44886956	-0.73644555	3.4172626	7.4774804	3.6347392
cattle	3.726804	0.96012586	-1.2576704	5.0760603	7.3968587	3.4285295
cauliflower	1.9424293	0.67407936	-1.099106	4.99613	7.3544016	5.4726453
causality	5.1816444	1.1269857	-2.1287925	5.912267	8.360329	3.6047766
causation	5.481632	1.1307613	-2.26972	6.16533	8.646368	3.8151486
cause	5.3301296	1.0024257	-1.7791805	6.1627455	8.995644	4.34677
cause_a_lot	4.52096	0.86542344	-1.0113387	6.3601294	8.383728	4.5967865
cause_barrett	5.5902505	0.9390381	-2.3025165	5.6542954	8.619893	4.0691004
cause_by	5.3688264	1.0219417	-1.8252976	6.2193556	9.001807	4.321155
cause_by_r_cpd	5.5332646	0.9880115	-2.204303	6.1189294	8.731773	4.2825623
cause_constipation	4.475873	0.74785	-0.71285087	4.9081984	9.281995	4.498184
cause_damage	4.7452006	0.79939693	-1.0309466	4.8926606	9.13452	4.245813
cause_excess	3.86331	0.7249697	-0.57755816	5.053801	9.073349	4.8496437
cause_inflammation	5.0271935	0.8149905	-1.6801142	5.2077413	8.492589	4.1909122
cause_r_cpd	5.3590493	1.092015	-2.2205014	5.974551	8.546518	3.812413
caustic	1.7203904	0.660455	-0.31901497	4.6723094	7.3078218	5.3953066
cautious	4.226824	0.90452045	-0.76482934	5.4959626	6.8177724	3.375656
cbd	3.5110056	0.94869685	-1.6239543	4.7263484	7.6224117	3.9895132
cbd_oil	1.971173	0.8602552	-1.3161945	3.7930021	7.7713704	5.2973905
cbg	3.9440029	0.956259	-1.5575005	5.2030315	7.420087	3.7062364
cc	6.39008	0.7229705	-1.3986108	4.4029164	5.539893	2.3509965
cc_of_botox	6.2314763	0.7854215	-1.4199816	4.6510005	5.5299997	2.290457
cd	4.734294	0.873182	-1.6531248	5.154883	8.3912325	4.0212193
ce_que	4.4509254	0.75230885	-1.873785	4.529195	7.1501675	3.6587741
celebrity	4.346472	1.1096169	-2.0092697	5.615757	7.1228333	2.9326398
celery	1.7433378	0.6746921	-0.9659599	5.041132	7.352544	5.6179557
celiac	5.69815	0.8610627	-2.3593674	5.9095583	8.616133	4.4727097
celiac_disease	5.64545	0.86432195	-2.3635614	5.903588	8.550464	4.4433193
cell	5.4413643	0.8434086	-2.0335202	5.120182	8.69823	4.0613127
celsius	1.2721646	0.83665925	-0.6189456	5.5521717	6.994272	5.267516
censor	4.049584	1.4474899	-1.033591	6.9763513	8.125629	3.3823035
cereal	1.4964457	0.63672894	-0.5918023	5.055255	7.2255	5.6863804
certain_food	1.5418284	0.7193276	-0.5968269	5.322166	7.372318	5.651925
certain_point	3.5673816	0.8903086	-0.13170266	4.984429	8.247001	3.6218126
certain_position	3.4663353	0.92140424	0.5308303	3.95771	8.93163	3.0822818
certain_thing	1.6114178	0.7385238	-0.74267477	5.2956204	7.3848605	5.604427
certain_way	3.4712546	0.9095253	0.8053732	4.186257	8.949026	3.163531
certainly_seem	4.9654756	1.0857627	-2.0524297	5.652352	8.042245	3.4615915
cervical	4.9392734	0.7673994	-1.3898228	4.570208	8.612144	3.9189808
cervical_spine	4.4972653	0.81196225	-1.8110232	4.700457	7.3525195	3.597014
chalk_up	4.1249647	1.0122522	-1.42039	5.964505	7.564744	3.7592325
challenge_physio	3.9931955	0.97935337	-0.38660172	3.9596665	8.729431	2.9343836
chamomile	2.0080147	0.7333478	-1.0941955	4.694269	7.631535	5.3616214
champion	4.144051	1.1196144	-1.467748	6.2404537	7.081065	3.1615286
chance	6.0892167	0.7941771	-0.93658626	4.9040203	5.646531	2.356218
chance_of_develop_a_hiatal	5.529631	0.94466335	-2.192229	5.813034	8.7706	4.280958
change_in_diet	4.567819	0.92075735	-1.7652692	5.63767	8.1164875	4.304046
change_into	4.9511757	0.43981153	-1.1140825	3.3311503	6.8839884	3.5271285
change_my_life	5.0615506	1.113811	-1.1272793	6.176979	5.743326	2.0997698
change_my_quality	4.9612784	1.1334895	-1.1670058	6.335496	5.887215	2.2379308
change_position	3.2587173	0.90467304	-0.28960368	5.1526456	7.884048	3.805648
chapter	4.5747533	1.2754418	-1.8054107	6.255806	6.329721	2.0520797
characteristic	5.1528697	0.99291605	-1.9814068	5.9432845	8.492714	4.1187396
charcoal	2.0415711	0.7767534	-1.358343	4.377489	7.7079296	5.4317875
charge	7.191574	0.6706082	-2.6125426	4.021237	5.201011	1.9593141
charite_berlin	5.633771	0.9674717	-2.3517263	5.112084	5.9203525	2.2078726
chase_each	1.8711469	0.65553325	-0.17326303	4.756193	7.1582694	5.2020655
chase_with_water	1.7018186	0.6529956	0.13119642	4.686291	7.2312794	5.261329
chat	6.914167	0.9512847	-3.304891	5.0612526	6.118553	1.9287025
cheap	7.228632	0.69473577	-2.588145	4.046213	5.226786	1.92277
cheap_option	7.0250196	0.799485	-2.910433	4.3114877	5.5795565	2.0218167
cheap_than	7.1788697	0.6814538	-2.549138	4.0263033	5.239535	1.9942509
check_my_vocal	6.8227873	0.666805	-2.921637	4.446476	7.27876	3.0938864
check_out_the_wiki	5.6837406	1.2411077	-3.1748862	5.6688275	6.828342	2.1506588
check_the_wiki	5.870828	1.2219377	-3.284235	5.584551	6.699522	2.0526462
check_up	6.492996	0.85151696	-2.6902578	4.8679676	5.4173174	1.8101544
checkup	6.162038	0.8689635	-2.5403082	4.884041	5.5000863	1.9604392
cheer_cheer_dance	5.5239024	1.0239167	-2.3417833	5.9088564	8.560984	3.9823275
cheer_cheer_dance_syndrome	5.4697204	1.030852	-2.4329264	5.753956	8.152802	3.6700287
cheese	1.4595559	0.59015006	-0.28328878	4.925915	7.1675024	5.704203
cherry	1.8438774	0.7108711	-0.72014254	5.11772	7.163376	5.2384663
cherryhill	5.972133	0.87131846	-2.6277473	4.7320848	5.9686885	2.3464763
chest	3.992515	0.6203902	0.26868504	4.7166266	8.930463	4.3523483
chest_and_stomach	4.3522553	0.78712994	-1.0061448	5.579875	8.285554	4.407791
chest_and_throat	3.9981217	0.69011676	-0.14148039	5.2139683	8.59201	4.3325906
chest_cavity	4.1064477	0.708419	-0.011984056	4.560481	9.320434	4.2738605
chest_discomfort	4.040059	0.7771494	-0.4740526	6.1238685	8.097967	4.564766
chest_gurgle	3.3196688	0.89711833	0.046392377	6.018414	7.866777	3.297902
chest_pain	4.0965414	0.79769343	-0.16755056	6.5954156	8.514854	4.8417397
chest_pressure	4.0751224	0.7916338	-0.17366011	6.541378	8.468625	4.8118443
chest_throat	4.0822353	0.71074694	-0.38359335	5.623239	8.381535	4.471483
chest_tightness	4.0723805	0.74793047	-0.3214797	6.1398826	8.334132	4.6976156
chest_x_ray	6.866607	0.7130841	-3.1475792	4.6608887	7.425397	3.1602569
chest_xray	6.7118297	0.7310484	-3.0696318	4.6958694	7.3300295	3.1321845
chew	1.5920033	0.6408814	0.16529757	4.7327247	7.2196164	5.3756347
chew_chew	1.9200597	0.6763355	-0.31066704	4.7788777	7.2174053	5.1560726
chew_food	1.9647063	0.68715227	0.00452808	4.7288094	7.3137455	5.055523
chew_gum	1.52919	0.71570927	-0.5793105	5.251917	7.3579693	5.628717
chew_them	1.8885701	0.6743536	-0.08104806	4.7387996	7.2530413	5.13836
chew_very_thorough	1.78051	0.676887	0.054150693	4.735505	7.2379622	5.17183
chew_well	1.6437747	0.6724517	0.12582983	4.690104	7.2566085	5.2621136
chewable	1.9024303	0.7946638	-1.3560895	4.1670647	7.7567706	5.507729
chewy	1.6958091	0.62668645	-0.62297803	4.9756975	7.1994624	5.534718
chiari	4.419706	0.8393456	-1.3891141	4.773995	8.049124	3.7533848
chicken	1.4664404	0.58808094	-0.25665373	4.918226	7.1757383	5.6990547
chicken_tender	2.3896136	0.7573227	-0.75990486	5.1216993	7.135146	4.772713
chief	5.7493567	0.9833051	-2.912994	5.059415	6.517452	2.4348462
child	4.5216393	1.3853703	-1.6448232	7.441127	7.909385	3.6156704
child_hospital	5.905009	0.93721735	-2.892304	4.945302	6.325479	2.4005113
child_liquid	2.0291219	0.81654024	-1.1963898	3.924996	7.6473875	5.2384524
child_liquid_ibuprofen	1.8679672	0.78990036	-0.844946	3.9509602	7.551561	5.2508645
child_pose	3.2654085	0.81322163	-0.03872583	3.8157349	8.558568	3.5700402
childhood	4.547144	1.385006	-1.6400995	7.4474125	7.946757	3.641275
childhood_trauma	5.1469636	1.109813	-2.0762215	6.198813	8.395162	3.8599837
chime	4.96263	1.318752	-2.4505596	6.0220656	6.6500664	2.0296323
chin	3.5057986	0.82029474	0.58755136	3.8576164	9.074099	3.4489577
chin_down	3.495336	0.9090462	0.2584769	3.8626301	8.795845	3.0764053
chin_forward	3.3463812	0.8897939	0.22474533	3.8845706	8.648604	3.1861682
chin_tuck	3.681058	0.9390457	0.13473405	3.8360038	8.862043	2.9853578
chip_my_tooth	5.049644	0.85028577	-1.6092464	5.061343	6.4383883	3.0286112
chipotle	2.3572834	0.7567697	-0.6687073	5.1870427	7.1092067	4.783914
chiropractic	5.5010695	1.0604693	-2.7228086	5.3243103	7.248904	2.8685708
chocolate	1.4638392	0.6432453	-0.591904	5.1154003	7.297916	5.7646255
chocolate_factory	3.548232	0.9308143	-1.3136598	5.21124	7.2481375	3.6597424
choke	2.963766	0.75652474	0.5572181	5.056127	7.8711843	4.3825283
choke_on_food	3.0180078	0.76956797	0.37009296	5.1002035	7.8073525	4.2848973
choke_on_liquid	3.6765418	1.0350109	-0.2512104	6.0726023	7.3238497	3.7507734
choke_on_my_own	3.1051214	0.75903714	0.3801185	5.091168	7.8972015	4.3160195
choke_on_saliva	3.6538205	0.79466957	0.022060884	5.4726534	7.490079	4.043683
choke_sensation	4.027441	0.7481679	-0.30741158	5.543189	7.8021502	4.3202634
chore	2.1201344	0.7486283	-0.70254064	5.279546	7.1479454	5.014185
christchurch	5.3930225	0.96952206	-2.3054857	5.1130486	6.312041	2.5346808
chronic	4.7245097	0.8404504	-0.9322883	6.0146856	8.962157	4.6795354
chronic_acid_reflux	4.635944	0.9396788	-1.3499004	6.4827633	8.110062	4.433546
chronic_bloat	4.5433474	0.85773796	-1.177453	6.117672	8.266975	4.4505944
chronic_constipation	5.251144	0.9178215	-2.0514894	6.0383945	8.476584	4.3822203
chronic_cough	4.8236628	0.8144966	-1.5460596	5.586488	8.074375	4.2948017
chronic_fatigue	4.795903	0.98129475	-1.5607511	6.4338484	8.3039255	4.3424573
chronic_gastritis	5.462032	0.8908394	-2.2575107	5.9492736	8.418133	4.362101
chronic_hiccup	4.34283	0.91571563	-1.2778004	6.16139	7.899022	4.104096
chronic_ill	4.7739606	1.1785692	-1.9117367	6.616713	7.9771695	3.7536137
chronic_illness	4.5918813	1.0219665	-1.7167925	6.263095	7.772364	4.0033903
chronic_inability	5.1622887	0.9532833	-2.000262	5.4808846	8.407724	3.8972228
chronic_nausea	4.406317	0.8526398	-0.59803075	6.627844	8.52561	4.7778273
chronic_pain	4.537147	0.9156133	-1.2535079	6.3661866	8.187105	4.398817
chronic_sinusitis	4.9541354	0.93628544	-1.9991312	5.8230696	7.786734	3.9660428
chronic_stomach	5.131336	0.9289907	-2.091214	5.6049056	7.9173098	3.8509848
chug	1.1873302	0.8641846	-0.23470192	5.6562624	7.090627	5.2942677
chug_a	1.1550444	0.8649355	-0.35821864	5.6795187	7.044915	5.3086624
chug_anything	2.1187887	0.86612016	-0.3703396	5.292716	7.3001027	4.7169366
chug_liquid	2.1177814	0.77087486	-0.29254407	4.91165	7.3359804	4.8283725
chug_sprite	3.735196	0.9643967	-1.2099432	5.4870276	7.2276	3.5154786
chug_water	1.7463795	0.8058033	-0.021925256	5.2622623	7.2709556	5.031499
chunder	3.3301485	0.99883413	-0.56932086	5.155302	7.875826	3.4365656
chunky	2.1645913	0.71355057	-0.29846346	4.7848387	7.2842226	4.9119043
churn	3.6222374	0.7893302	-0.08987464	5.363012	8.380596	3.9307234
chyme	4.091671	0.7273166	-0.59762406	4.742166	9.092952	4.5124044
cider	1.1797018	0.8502641	-0.44075203	5.6365943	7.03395	5.324471
cigarette	2.567799	0.82351875	-1.0495391	5.253785	7.351259	4.7232113
cigna	7.165394	0.7157268	-2.7645614	4.121017	5.343672	1.9801893
cincinnati	6.1706433	0.93430847	-2.944694	4.913669	6.0018167	2.152553
cinema	3.3349197	1.0821503	-0.89801514	6.1652966	7.3170214	3.4789915
cinnamon	1.8349876	0.6636731	-0.9544878	5.087751	7.294766	5.4860253
circular	4.255759	0.7783125	-0.989716	4.6375384	8.348065	3.9191365
circular_motion	3.3813808	0.85133183	0.23011132	3.8880675	8.714758	3.3234437
circulate	4.4833584	0.7456443	-0.7732084	4.5155745	8.889508	4.0435405
circulation	4.10444	0.780302	-0.64714617	4.315384	8.737039	3.8610592
circus	5.6106677	1.0224668	-2.8258848	5.154119	6.5930915	2.5202024
citrus	1.7295866	0.66364866	-0.98716164	5.1402535	7.298953	5.61299
claim_that	6.1497273	1.1013405	-2.9525383	5.832862	7.7362676	3.0196488
classic_case	4.924216	1.133126	-2.2776263	5.9443283	7.0094047	2.9027262
classic_gurgle	3.4661672	1.0310838	-0.21707882	6.001195	7.6599984	2.987723
classic_symptom	4.9163694	1.0418013	-1.9570184	6.238137	7.925891	3.8870287
classmate	4.0949416	1.3384001	-1.4362321	6.994462	7.6084433	3.3755803
claustrophobic	3.6937065	1.0130738	-0.6837715	5.5883923	7.9972234	3.653149
clavicle	4.128272	0.6188561	0.0065872	4.2107906	8.72774	4.0670104
clean	2.8062894	0.7857287	0.37057015	3.9472938	8.55852	4.0022492
clean_my_tongue	3.0472457	1.3981024	0.2554765	5.8419733	8.434295	3.1093302
clear_my_throat	3.2202168	0.7713569	0.5666777	5.148559	7.930689	4.2194614
clearance	5.0315456	0.77673775	-2.0390728	4.7425127	7.2097254	3.506966
clench	4.040049	0.80196697	0.40525714	4.236917	9.370746	3.6732075
clench_my	3.9118373	0.7456427	0.10811749	4.356103	8.908425	3.8398812
clench_my_ab	4.0000277	0.72724247	0.24570408	4.3871493	9.128426	3.9572163
clench_my_jaw	3.7982783	0.9671294	-0.84121436	5.445232	7.8010664	3.639663
clench_my_stomach	3.668955	0.93602264	0.6550476	4.2517624	8.973208	3.0928943
clench_up	3.6894834	0.8678844	-0.55914325	4.483419	8.095354	3.4800868
cleveland	6.059372	0.9982278	-3.0126164	5.03196	6.2306876	2.2194672
cleveland_clinic	6.2701187	0.9842761	-3.1813354	5.0982237	6.4455757	2.269505
clinic	6.9250927	0.93584245	-3.2795336	4.9135795	5.966014	1.8792666
clinical	6.2363524	1.125296	-3.299208	5.4488945	7.1597586	2.4898994
clinical_trial	5.7750793	1.1111438	-2.9774318	5.4443517	7.2754836	2.7150605
clock	4.0977926	0.9119547	-1.5675476	5.1560235	6.858411	3.340688
clonazepam	1.9806448	0.8499719	-1.3668844	3.7950437	7.7419186	5.324092
close_mouth	3.5182767	1.0301716	0.35423103	5.1606717	7.955111	2.8349938
close_my_mouth	3.3814192	1.1582344	0.048652302	5.2738237	8.132736	2.847808
close_proper	4.7375216	0.75646204	-0.4050084	4.2991633	9.537807	3.9786386
close_specialist	6.309481	1.1330684	-3.3899744	5.320777	6.469534	2.0141242
close_your_mouth	3.487825	0.8748041	0.26407653	3.914155	8.777643	3.2348597
cloud	3.5451481	1.003765	-0.8260951	5.372422	7.602472	3.3665838
club_soda	1.1583644	0.868502	-0.43994364	5.65309	7.003443	5.2886395
clue_how	4.4531927	1.0791041	-1.8097882	5.5785584	7.236748	3.1171238
clueless	6.0539365	1.1017407	-3.0526752	5.6807203	7.1102614	2.594019
co	5.9779367	1.0387735	-3.1338367	5.1228323	6.667645	2.420277
co2	3.9510024	0.71918154	-0.35481834	4.7324367	9.152392	4.543425
co_insurance	6.233638	0.69598997	-2.150551	4.2489448	5.4166827	2.3355842
co_pay	7.1222982	0.6322812	-2.5145564	3.9575424	5.1388054	2.0124297
coat	2.8845296	0.6923604	0.1350859	4.4422965	8.208685	4.5191293
coax	3.3891122	0.94066113	0.38330996	4.0558815	8.6698065	2.9993577
cobra	3.5827258	0.7474524	0.071127445	3.8741603	8.742892	3.6837673
cobra_pose	3.532716	0.9067249	-0.29297373	3.8492699	8.589563	3.2812169
cocktail	1.2311339	0.8132975	-0.6001915	5.4903684	7.033713	5.3810563
coconut_oil	1.985538	0.6978967	-0.79257345	4.856392	7.207039	5.183358
code	7.1469593	0.78043985	-2.9874911	4.348778	5.5883603	1.9464767
codeine	1.9835972	0.8043535	-1.1912457	3.8825936	7.618076	5.3107953
coffee	1.3749532	0.7596722	-0.48938176	5.424152	7.267524	5.584635
coffee_etc	1.9558432	0.6785872	-1.1450937	5.045522	7.379471	5.4808083
coffee_tea	1.6600069	0.70850503	-0.8266226	5.186336	7.2400885	5.4729414
cognitive	4.253699	0.9273975	-1.7545441	5.150769	7.3075113	3.4829273
cognitive_behavior_therapy	5.3809915	1.0447996	-2.2236888	5.2356834	6.9253335	2.70857
coincide	4.8749	1.0694804	-1.4725136	6.6780963	7.936773	4.100257
coinsurance	6.668782	0.6857405	-2.2711167	4.11786	5.314767	2.2089007
coke	1.1534395	0.8630641	-0.31629738	5.6951976	7.0802054	5.3351097
cola	1.4971652	0.84138227	-0.58057016	5.481737	7.0301447	5.1069365
cold	3.7586746	0.7370039	0.12126285	5.879089	7.9225745	4.6059074
cold_brew	1.9184175	0.7801667	-1.0701089	5.1203294	7.380751	5.325956
cold_water	1.7497257	0.7573073	-0.7663938	5.0219417	7.212155	5.2474976
cold_weather	4.0546923	0.6758847	-0.28997988	5.3073063	8.229642	4.4431257
coldness	2.8432343	0.7296149	0.13805152	4.888804	7.6625257	4.4270067
colic	4.489153	1.3381405	-1.6622627	7.3404016	7.8293443	3.6147342
colic_as_a_baby	4.367035	1.2302542	-1.6514943	6.7596745	7.549199	3.522046
colic_baby	4.0324497	1.2440194	-1.2205627	6.4600463	7.8354697	3.3910763
colitis	5.428231	0.8926783	-2.364817	5.7717614	8.022387	4.067887
collaborate	5.0439167	1.2055817	-2.4470308	5.6102395	6.731908	2.2634206
collapse	4.4618497	0.71147335	-0.5712348	4.5551963	9.110642	4.228766
collapse_in_excruciating_pain	3.19647	1.2476017	-0.29721916	5.9749923	8.061274	3.4465985
collar_bone	3.9930384	0.63596463	0.105637915	4.2939377	8.841115	4.101071
collection	5.323609	1.2035865	-2.7906418	5.649718	6.8367286	2.3282611
colon	4.246458	0.7181971	-0.4045084	4.8534975	9.364755	4.5857167
colon_cleanse	4.18344	0.9525289	-1.7008878	5.3333206	7.4341655	3.5440145
colon_stretch	4.355705	0.7856587	-1.0375385	5.4983816	8.304758	4.3403163
colonic	5.221298	0.76774883	-1.9538751	5.0204926	8.388768	4.1562443
colonoscopy	7.0506096	0.70602345	-3.2527874	4.6221867	7.337532	3.0311446
colonoscopy_endoscopy	6.481825	0.7904884	-3.0056925	4.798753	7.143561	2.9987314
columbia	6.0266557	0.88603777	-2.452936	4.9037433	5.5925727	2.0514116
combat	2.1975422	0.7806329	-1.3769182	4.485538	7.7726574	5.373716
combien_unite_avoir_vous	4.433361	0.6594896	-2.1137798	4.131326	7.0711055	3.8275363
combination	4.468064	0.7827918	-1.1052005	5.0526586	8.996164	4.544974
come_across	5.413722	1.4501534	-2.910849	6.6880174	6.7605324	1.8770019
come_across_this_sub	4.835194	1.3482201	-2.433915	6.6690536	6.8089986	2.4442651
come_back_normal	7.0368395	0.7115803	-3.2326596	4.6332	7.328824	3.022792
come_back_up	2.9510005	0.74686295	0.590455	5.0041733	7.9147015	4.3828707
come_here	5.3818674	1.3590795	-2.883044	6.274185	6.6421614	1.9151534
come_home	2.7180483	0.8326121	-0.082130276	5.7676067	7.2950983	4.528901
come_natural	3.8577914	1.0897213	0.61476964	4.9595633	7.966259	2.404122
come_on_suddenly	4.70174	1.0642976	-1.8205831	6.4604683	7.640682	3.8958628
come_on_their_own	3.7836993	1.0517775	0.4376375	5.6876235	7.179648	2.5526068
come_out_involuntary	3.5616446	1.0487456	0.30487517	5.1159024	7.9456863	2.781177
come_out_my_nose	3.089812	1.3384061	0.21894814	6.1665726	8.256071	3.3354197
come_out_of_my_mouth	3.4599483	1.0099239	0.23381738	5.5866046	7.808764	2.9729855
come_out_of_nowhere	3.6046822	1.0681614	-0.13152659	6.0134478	7.4157805	3.0991986
come_to_term	4.817758	1.1590738	-1.6517577	6.778563	7.8575754	3.8577862
come_true	4.585886	1.2514482	-1.8291224	6.3171706	6.573686	2.3871298
come_up_into	3.4020221	0.6952834	0.53348523	5.025173	8.056133	4.3078446
come_up_my_throat	3.5632808	0.8255877	0.4303229	5.1281285	8.778656	4.00725
comfort_know	4.466996	1.3208789	-1.848314	6.3183	6.539242	2.0819068
comfort_of_my_own	2.9067118	1.0167283	-0.65628356	5.5593286	7.457985	3.8264525
comfort_to_know	4.484929	1.3519887	-1.8477784	6.366802	6.4774714	1.9454452
comfortability	4.306618	1.0038116	-1.8051897	5.3151016	7.5750723	3.4686813
comic	4.2896066	1.1317751	-1.9624615	5.647266	7.0039988	2.8170528
command	3.7310827	1.0951453	0.7784841	5.425097	7.731646	2.4661424
commend	5.4754076	1.0273424	-2.2969985	5.1922255	6.6635785	2.5836186
comment_here	5.1849837	1.3034871	-2.7428477	5.9764495	6.7369123	2.1092312
comment_section	5.2342257	1.2732748	-2.8430104	5.873651	6.7772207	2.1913853
commiserate	4.9997287	1.3092525	-2.497796	6.061607	6.689369	2.1128707
common	5.438381	1.1430815	-2.131132	6.52861	8.55184	3.9312947
common_misdiagnose	5.6730723	0.9082849	-2.4400125	5.785335	8.497326	4.187481
common_misdiagnosis	5.6159835	0.9939227	-2.4839873	5.9535704	8.211835	3.8884687
common_symptom	5.409952	1.0810689	-2.119496	6.488939	8.552102	4.0927377
common_theme	4.6537805	1.1831442	-1.8032806	6.8094783	7.6767836	3.730385
common_trigger	4.8568735	0.9944103	-1.8980939	5.8817134	7.825817	3.8634386
community_of_people_who	4.5087914	1.307661	-2.0576138	6.2586718	6.747189	2.2828796
comorbidity	5.255338	1.0975475	-2.1842356	6.0640473	8.288796	3.758862
companion	6.413247	0.6741429	-2.2175097	4.163026	5.3257523	2.2530909
company	7.1184993	0.81085485	-3.02429	4.3583508	5.589865	1.948814
compare_to_before	4.4203515	0.8576943	-0.24466614	5.9192247	6.933221	3.4744492
competent	6.261429	0.9795413	-3.075727	4.9562855	6.1186805	2.1233785
complain	4.30813	1.3072538	-1.4409643	7.1558647	7.969558	3.4877775
complain_about	4.5281835	1.3540542	-1.6603976	7.3134866	7.907395	3.5618112
complete_agree	4.749181	1.151599	-2.0791452	5.976712	7.0125766	2.900243
complete_change	4.988197	1.1185088	-1.1318504	6.2595835	5.836283	2.2004185
complete_change_my_life	5.18439	1.0280776	-1.1823865	5.854927	5.6794972	2.147758
complete_destroy	4.3746886	1.1455101	-1.6478418	6.643904	7.2484803	3.5037436
complete_disappear	4.692244	0.9386932	-1.0805925	6.23868	7.1834645	3.707187
complete_empty	3.7677255	0.716758	-0.22696817	4.855852	8.429082	4.1618004
complete_fine	4.060865	0.6040745	0.3482718	5.2267704	6.390594	3.907544
complete_flat	2.9229398	0.8026951	-0.089106955	4.0294466	8.334945	3.8997757
complete_go	4.505355	0.79510236	-0.4636478	6.5010576	7.74951	4.4491963
complete_go_away	4.469057	0.8115078	-0.6208301	6.4909167	7.743963	4.4282923
complete_life_change	5.097853	1.0703518	-1.1866521	5.9446893	5.7554874	2.136683
complete_lose	4.623983	0.8202454	-0.42214558	5.523112	6.32823	3.1636608
complete_new	4.4449167	1.2352782	-1.7427864	6.0968766	6.8021226	2.4182677
complete_painless	5.3705454	0.7941743	-1.3321904	4.9755597	5.9106617	2.7190065
complete_random	3.809709	1.0679593	0.5201349	5.8160925	7.1348405	2.5966423
complete_relax	3.7266953	0.9056825	0.4235803	4.1371803	8.99384	3.1955512
complete_relief	4.092586	0.9749514	-0.28116655	6.036568	7.0691733	3.2123144
complete_understand	4.3592772	1.2940701	-1.8260648	6.43166	6.9814534	2.5546029
complete_unexpected	3.5239613	1.0869118	-0.1458792	5.796066	7.5818515	2.961386
complete_unrelated	5.124758	1.1141355	-2.0981464	6.1838007	8.204202	3.756189
complete_wear_off	4.952055	0.9160134	0.038859274	5.395608	5.8298087	2.1743207
complication	5.937888	0.7852325	-1.2617881	4.921871	6.1896234	2.7741528
component	5.1673865	1.016406	-1.9580151	5.5633836	8.693479	3.8862064
compose	5.5099316	1.1212887	-2.8519874	5.3563147	7.14807	2.6369286
comprehend	3.9672375	1.3929031	-1.3822218	6.3709126	7.7021456	2.8619585
comprehensive	6.0675845	1.1817852	-3.367129	5.493889	6.73813	2.106528
compress	4.127031	0.7279191	0.040573016	4.550448	9.402699	4.1945715
compressible	4.026741	0.7231001	-0.4910087	4.8423324	9.168625	4.60797
compression	4.333795	0.70996785	-0.5903452	4.4819875	8.938448	4.1643443
compromise	4.7467923	0.7789852	-0.8257011	4.6193175	9.279228	4.129105
compulsive	4.6751137	1.1421337	-1.8095837	6.24282	8.227551	3.794757
concave	3.2514129	0.7871424	-0.5861603	5.5514865	7.7871404	4.356398
concern_about	6.0737085	0.7162596	-1.3375053	4.6153884	5.982695	2.686737
concert	2.2304184	0.9230247	-0.432782	5.9302464	7.2036886	4.631848
concise	4.8405294	1.1590009	-2.1830962	5.629571	7.0256877	2.6386871
condition	5.835968	1.0947787	-2.4084935	6.4812813	8.713895	4.074243
condition_call	5.5853457	0.9363265	-2.3466537	5.7837915	8.575546	4.1602626
conduct	6.1605225	1.0625346	-3.1536028	5.2692504	6.948895	2.5233016
conduct_a	5.793124	1.0652208	-2.9719038	5.2260647	6.859652	2.5534964
confirm	7.051146	0.76015663	-3.2878437	4.74624	7.2546425	2.8974597
confirm_diagnosis	6.1095047	0.8439722	-2.6288593	4.749787	6.0062466	2.3528304
confirm_rcpd	6.6580777	0.7503875	-3.0823438	4.735575	7.051283	2.8888144
confront	4.7718315	1.2499729	-1.758025	6.0422206	7.239603	2.7403383
confuse	3.797323	1.3264415	-1.03137	6.6736255	7.342231	2.4195228
confusion_about	3.901039	1.1561517	-1.1677638	5.84539	7.369689	2.9108083
congenital	5.3720727	0.97570896	-2.3513198	5.462775	8.13447	3.6669369
congested	3.8761184	0.75566185	0.0006689316	5.936084	7.974705	4.543712
congestion	4.2756114	0.7552218	-0.37692302	6.1208673	8.236052	4.7044406
congratulation	4.7708354	1.3930887	-1.8736773	6.4550447	6.0245576	1.4847103
congratulation_and_good_of_luck	4.7625556	1.1400592	-1.8064166	5.672986	6.3527303	2.2722528
congratulation_on_your	4.7600865	1.2594862	-1.6476743	6.154617	6.020416	1.7761335
conjunction	5.1780167	0.9085525	-2.1108675	5.3423524	8.28786	3.926416
connect	5.406675	1.0977997	-1.98075	6.2868085	8.918254	4.1126404
connect_the_dot	4.7116218	1.3453754	-2.2320929	6.8795547	7.0010867	2.7355533
connect_to_r_cpd	4.6628165	1.0790628	-1.840672	5.5994096	7.451356	3.1938617
connection_between	5.512897	1.079951	-2.218912	6.3057103	8.757073	4.114087
connective_tissue	4.9018784	0.93188715	-1.6965681	5.1364384	8.477096	3.7793672
connective_tissue_disease	4.9312463	0.88530415	-1.8282613	5.3023796	8.449341	4.115065
connective_tissue_disorder	5.405429	1.0332522	-2.2887568	5.7705665	8.442598	3.8212333
conscious	3.9208286	1.0673398	0.6734246	4.725254	8.641693	2.7015796
conscious_control	4.0881057	1.1126734	-0.8325608	5.1319685	8.034224	2.9009404
consensus	5.5726304	1.0334499	-2.3737187	5.487113	7.4760795	3.1653295
consequently	3.7756402	0.86591846	-0.31085902	4.682074	8.326468	3.5378919
conservative	6.016781	0.82224226	-1.5284929	4.7431726	5.6328254	2.326877
consider_whether	5.182506	0.9726097	-1.6322101	5.5216722	6.7189546	2.9702537
consistent	3.9460213	1.0387206	0.7010158	5.582307	7.1054797	2.4301817
console	5.1143365	1.049466	-2.1758158	5.3055077	7.003148	2.825493
constant	3.8141253	0.82250637	-0.017838262	6.4871435	8.350213	4.692783
constant_bloat	4.019798	0.8008611	-0.19320495	6.549725	8.421416	4.7895675
constant_discomfort	3.9647863	1.0070561	-1.003658	6.5596538	7.67822	4.0476108
constant_flow	3.4789457	0.9735775	0.11554887	5.3833857	7.9349732	3.1389909
constant_gurgle	3.9998887	0.7906777	-0.1663009	6.510246	8.396881	4.775444
constant_lump	4.006639	0.563975	0.5140712	5.0262456	6.9693103	4.086034
constant_nausea	4.18214	0.8302223	-0.42261174	6.5946856	8.392826	4.7533336
constant_pain	4.1380877	0.7779072	-0.5456984	6.285621	8.300872	4.695322
constant_pressure	4.160252	0.7128123	-0.08214967	4.7759557	9.369724	4.4248323
constant_swallow	3.5589213	0.76029456	0.15614979	5.369909	8.114209	4.295298
constipate	4.0888934	0.7880651	-0.20537843	6.346134	8.639164	4.848243
constipation	4.4647813	0.8267713	-0.59670764	6.5404816	8.689972	4.8617144
constipation_diarrhoea	4.1522293	0.798094	-0.90568066	5.7184496	8.160966	4.377536
constipation_etc	4.950579	0.9231859	-1.8201518	5.8908687	8.38475	4.2646356
constrict	4.0519753	0.7144103	0.121081956	4.4564757	9.031842	4.000355
constriction	4.0236807	0.7502614	-0.27011606	4.4999948	8.452171	3.810178
construction	4.2683654	0.8320361	-1.6840818	4.8029494	7.1932526	3.560161
consult_with_doctor	6.3951845	0.85676247	-2.6548502	4.8318524	5.463835	1.8830197
consultant	6.9011507	0.9874746	-3.370107	5.0568275	6.181941	1.9168615
consultant_who	6.5468583	1.0631858	-3.3808126	5.1551523	6.344392	2.0072315
consultation	6.9376388	0.69426674	-2.5811558	4.2736745	5.2391663	1.9211704
consultation_appointment	6.4058466	0.83450776	-2.4600341	4.8775625	5.2232623	1.751551
consultation_tomorrow	5.246043	0.9401088	-2.2742126	5.2210684	6.5735083	2.8722174
consultation_with_doctor	6.2861667	0.85248387	-2.413097	4.9042387	5.2857842	1.8104714
consume	1.4537599	0.716734	-0.5185837	5.3722453	7.3565516	5.7034984
consume_a_lot	1.6060652	0.7619725	-0.63200057	5.294381	7.178584	5.2987566
contact	6.9324465	0.9680282	-3.3837588	5.0587354	6.1887264	1.9407984
contact_detail	6.0208545	1.1500921	-3.277292	5.4138155	6.552869	2.0751295
contact_lucy	4.643106	1.0394434	-1.7390921	5.467882	6.471628	2.6366363
contact_med	4.4476514	0.59100246	-2.3155644	3.8417904	6.9511247	3.9178042
contagious	4.231719	1.2452159	-1.5326868	6.1308107	6.8927126	2.501279
contain	1.8254627	0.66498137	-1.1455567	4.9069567	7.612093	5.7698526
content	4.0802937	0.7093779	-0.16764762	4.6950645	9.328727	4.4753385
content_of_my_stomach	3.2056475	1.1656911	-0.27393916	5.705434	7.9896035	3.4737551
contest	2.9975376	0.8812735	-1.0610583	5.188983	7.271781	4.0704904
continue_to_develop	4.6533856	0.93702495	-0.09289449	5.531378	6.046934	2.4092507
continue_to_practice	4.305764	1.0718322	-0.27099666	5.5376854	6.7199116	2.3241935
contort	3.6453803	0.90855485	0.7030263	4.2195587	9.024647	3.1833835
contort_my_body	3.5065668	0.9352762	0.24528244	4.2530546	8.597204	3.0858693
contort_my_throat	3.3753426	0.95420533	0.33364418	4.114407	8.608941	2.9725473
contortion	3.4738626	0.89489794	0.43992463	4.1367846	8.768543	3.16993
contract	4.471028	0.7893269	0.10887002	4.196607	9.634952	3.7510452
contraction	4.619162	0.73891306	-0.31551048	4.28073	9.479072	4.0085273
contribute	5.3915567	1.0327177	-1.8870976	6.1892657	8.976885	4.259659
contribute_to_constipation	5.0146847	0.8785412	-1.7909629	5.469705	8.64488	4.258959
contribute_to_develop	5.116086	1.0056628	-1.9999268	5.8992963	8.4847765	4.0617733
contribute_towards	5.507294	0.9551327	-2.2000525	5.848031	8.727419	4.239863
contributor	5.1875286	1.1125063	-2.0742395	6.058402	8.493284	3.8112242
control	3.8267176	1.0841719	0.80677915	5.2632103	7.7581224	2.4206388
control_my_life	4.1667314	1.1383312	-1.4427594	6.7614427	7.4294047	3.6750436
control_over	3.7414606	1.0692861	0.7226559	5.546851	7.503452	2.4976122
control_them	3.7845309	1.0867245	0.8578865	5.3744974	7.6273837	2.3839345
controllable	3.7337303	1.0699091	0.69896656	5.5707135	7.4788423	2.5007057
controversial_but	2.2689452	0.8326375	-0.9935383	5.1957383	7.170857	4.697453
conversation	3.322735	1.288309	-0.6339439	6.660005	7.5060034	2.4930737
convince_my_parent	5.8769054	1.0642318	-2.956921	5.277449	6.4712276	2.2084804
cook	1.4687405	0.6099688	-0.36794642	4.9750185	7.1914177	5.693843
cool_thanks	4.520833	1.2375237	-1.7483602	5.9772143	6.4075336	2.1009514
coordinate	4.439782	0.8528878	-0.6234387	4.1769795	8.889504	3.4571416
coordination	4.877515	0.9154646	-1.3554837	4.778171	8.779727	3.6568303
copay	7.0978894	0.614856	-2.497279	3.9442286	5.128626	2.0408692
cope	4.989084	1.1270577	-1.6202765	6.8269997	7.906108	3.978788
coping_mechanism	4.3695126	1.028438	-1.2872889	5.1049237	8.195115	3.345386
cord	5.08249	0.46640468	-0.7421167	3.485671	7.6302476	3.6567543
core	3.9121563	0.81848854	0.41326097	4.0086284	9.294589	3.5087857
core_exercise	3.8904214	1.0357792	-0.21727313	3.885378	8.71248	2.6897287
core_muscle	4.062982	0.9122815	-0.3908477	3.998135	8.864966	3.2123113
core_strength	4.1208415	0.8924265	-1.5131916	4.8068547	7.544856	3.5115633
core_strengthen	4.040325	1.0602651	-0.4926091	4.0606756	8.5043955	2.6396017
correct_muscle	5.1159754	0.4877592	-0.6295187	3.4431744	7.527528	3.5335202
correct_tongue	3.8335674	0.9948106	-0.12690878	3.8333051	8.794037	2.8079565
correlate	5.3096175	1.1126282	-1.9141082	6.518231	8.622662	4.078871
correlation	5.598224	1.1034119	-2.3015008	6.1893225	8.730318	3.937052
correlation_between	5.482348	1.0901011	-2.1559086	6.354782	8.746407	4.1022415
correlation_between_r_cpd	5.279966	1.0793713	-2.219882	6.019549	8.160701	3.7378511
correlation_there	5.0193715	1.140423	-2.0483181	6.0786695	7.843153	3.4164004
cos	4.269233	0.74803287	-1.8371466	4.5683055	7.2624598	3.7987218
cost	7.266261	0.68026453	-2.6590471	4.011322	5.193703	1.9189001
cost_850	6.450139	0.707759	-1.837005	4.2392035	5.461758	2.326278
cost_around	6.6026034	0.70307654	-2.053619	4.1642423	5.379087	2.2526252
cost_estimate	6.7154374	0.70968056	-2.403163	4.194773	5.367495	2.141019
cost_save_and_protection	5.011984	0.94931585	-2.2600873	5.3445625	7.359509	3.385865
costly	5.809664	0.89210546	-1.709078	5.0468326	6.3323846	2.6977448
cough	3.231959	1.0897338	0.70488906	5.538114	8.264343	3.4691856
cough_a_lot	3.4128332	0.98050845	-0.05995628	5.6723204	8.049577	3.8681176
cough_drop	2.1994042	0.7586715	-0.92767483	4.3434954	7.506292	5.1041675
cough_fit	3.1604018	1.2287656	0.32253224	6.026124	8.215927	3.5896547
cough_gag	3.6671705	1.1381115	-0.5165977	5.40486	7.7873354	2.9054968
cough_hard	3.0339756	1.3983418	0.35635537	5.788027	8.5188465	3.0934594
cough_medicine	2.4216998	0.8006074	-1.4233594	4.482276	7.6700544	5.1256437
cough_or_clear	4.038902	0.55844396	0.53925496	5.0237393	6.8802333	4.062304
cough_or_sneeze	3.5857224	1.0496669	0.43760312	5.8867965	7.365833	2.9427466
cough_really_hard	3.0654724	1.3894838	0.3396118	5.782101	8.508433	3.11024
cough_up	3.169532	0.7696405	0.41573676	5.124594	8.032103	4.291973
could_potential	5.548672	1.0405629	-2.484413	5.603073	7.9773574	3.4692452
counseling	4.9225063	1.1200004	-2.2284374	5.6369553	7.6465416	3.2670033
counter_intuit	3.6759715	0.91828734	-0.6047913	4.475439	8.052551	3.265202
counteract	4.213752	0.85805357	-0.72234124	4.483899	8.6534	3.6251204
counterintuitive	4.025221	0.9605064	-1.1565715	4.893058	7.7223806	3.2616053
countless_doctor	5.4969025	1.1252162	-2.7295825	5.97377	7.3669977	3.0161707
countless_post	5.298597	1.2238723	-2.8489974	5.723652	6.8398156	2.313837
country	7.003069	0.91293806	-3.2430036	4.682391	5.8044553	1.8780975
cover_anything	7.162694	0.7509503	-2.8490145	4.208056	5.382684	1.9378054
cover_by	7.2058325	0.70266193	-2.7293303	4.09	5.2911434	1.9522493
cover_by_insurance	7.2017794	0.69757086	-2.7069507	4.089788	5.2815213	1.947476
cover_by_your_insurance	6.113379	0.9226125	-2.6349397	4.88135	6.210294	2.3921907
cover_my_mouth	3.2144203	1.2267939	0.007677883	5.6395507	8.140249	2.9684045
cover_under	7.115844	0.72336054	-2.737445	4.1286335	5.3757606	2.018283
coverage	7.1887918	0.7759521	-2.976936	4.298414	5.503896	1.9264561
covid_test	6.549229	0.58109075	-2.115816	4.102727	5.249242	2.1536868
cow_milk	2.4454966	0.803602	-1.0557421	5.165335	7.322598	4.81299
cp	4.8457437	0.7712809	-0.4785177	4.2357183	9.567324	3.8887448
cp_muscle	4.8629074	0.7708711	-0.3404015	4.1938148	9.715355	3.8780937
cpd	6.6305	1.1021416	-3.4875267	5.432229	6.8941836	2.236407
cpd_symptom	4.8207607	1.071002	-1.979325	6.2775664	7.8081803	3.8240092
crack	3.6062956	0.7960974	0.5599308	3.9938004	9.12529	3.5882165
cramp	4.002297	0.76349056	-0.082774945	6.2629395	8.575722	4.7879086
cranberry	1.4430377	0.8048262	-0.72526455	5.3794727	7.03479	5.2492294
cranberry_juice	1.4800526	0.7711734	-0.78783464	5.324844	7.111436	5.36633
crane	3.4250226	0.8923078	0.2706246	3.8428204	8.746788	3.1342132
crank	3.3772054	0.888785	0.25691092	3.8459587	8.72117	3.1628072
crap_insurance	6.575652	0.71312857	-2.176071	4.1536326	5.3469243	2.2329476
craving	1.6409477	0.6494205	-0.70836854	5.1427298	7.2643776	5.6200953
crazy	3.544779	1.3215624	-0.80355084	6.7577434	7.3600426	2.4162354
crazy_flatulence	3.6939144	0.9594304	-0.6864962	5.9940844	7.6656256	3.5461273
crazy_how	4.5065603	1.2745873	-1.8629384	6.1794376	6.921132	2.4005609
crazy_lol	4.2698045	1.2492639	-1.5151036	6.117634	6.623934	2.2476904
crazy_loud	3.2871609	0.99916995	-0.10161603	5.9085474	7.748587	3.1180863
creamer	1.8432829	0.76343876	-0.97757804	5.1530056	7.243882	5.261872
creamy	1.6881894	0.62098086	-0.54533005	4.948174	7.198879	5.5368075
create_anxiety	4.770647	1.1331929	-1.9327672	6.011794	7.8475356	3.3826132
create_gas	3.6496496	0.7015328	-0.7222009	4.9848757	8.98248	5.062442
create_more	3.6110015	0.8004131	-0.06723504	5.089407	8.304062	4.0105414
create_more_stomach	3.8830168	0.72751313	-0.6551218	5.0852327	9.039814	4.884152
create_pressure	3.5039287	0.90831774	0.12678689	4.3121276	8.528356	3.2213974
create_space	4.0251923	0.9113982	-0.91672975	4.7517	8.033049	3.4245644
creation	5.10713	0.9801294	-2.2080746	5.381893	8.051064	3.689286
credence	5.0707817	0.9683408	-2.006278	5.3371234	7.9614844	3.615099
credible	5.841049	1.1383649	-2.9816809	5.6256185	7.3913674	2.7359905
creep_back	4.381109	0.9846769	-0.2224478	5.7010336	6.392584	2.5979855
cricoid	3.8636167	0.79057705	0.066140205	3.8672955	8.974264	3.5045419
cricoid_cartilage	3.8416922	0.8182685	-0.0152692385	3.869549	8.888012	3.4101844
cricoid_massage	3.897741	1.100496	0.056403264	3.788005	8.802866	2.3404272
cricoid_muscle	4.4875755	0.78245294	-0.05059058	4.0941696	9.497711	3.7127285
cricopharangeal	4.794223	0.8198967	-1.4455148	4.787563	8.445982	3.8891537
cricopharyngeal	5.0143547	0.77619046	-0.6823412	4.3072577	9.517732	3.8967745
cricopharyngeal_achalasia	5.1663637	1.0068543	-2.1377258	5.7154536	7.3341966	3.3540838
cricopharyngeal_bar	4.945696	0.81375027	-1.9753904	5.0072293	7.833732	3.867247
cricopharyngeal_dysfunction	5.72293	0.97437525	-2.328109	5.453895	8.5703	3.7390385
cricopharyngeal_muscle	4.8737903	0.77378243	-0.34016728	4.1900764	9.724181	3.8707385
cricopharyngeal_muscle_be	4.7556	0.76372975	-0.47924352	4.2000866	9.418673	3.8557427
cricopharyngeal_myotomy	6.2197657	0.77943355	-1.3775066	4.6256876	5.641461	2.3670926
cricopharyngeous	4.8912497	0.80314356	-0.9008141	4.3131356	9.040758	3.7115772
cricopharyngeus	4.967237	0.7742455	-0.53354585	4.2329397	9.610678	3.869186
cricopharyngeus_dysfunction	5.805306	1.0778176	-2.8969648	5.5098305	7.685146	3.0529492
cricopharyngeus_muscle	4.898283	0.77092165	-0.4004935	4.1958895	9.690768	3.8746486
cricothyroid_muscle	4.176598	0.9582208	-0.40818676	4.1064982	8.815783	3.0592396
cripple	4.106764	0.8407009	-0.45526332	6.578876	8.277681	4.67416
cripple_pain	3.5906394	0.9164494	-1.2564502	5.4289975	7.041103	3.7506342
criterion	5.658319	0.9951875	-2.4670992	6.0156627	8.392224	3.9986746
croak	3.1669378	0.9409209	0.4291813	6.4542804	7.854936	3.0371454
croak_and_gurgle	3.6593876	0.9870665	-0.44259438	6.1344037	7.5262747	3.5541186
croak_frog	3.2238667	0.99684316	-0.07983939	6.168019	7.7497606	2.9718559
croak_gurgle	3.1787026	0.8967396	0.2057991	6.275196	7.8568916	3.06541
croak_noise	3.1056304	0.88216966	0.34817055	6.4706273	7.8922825	3.1319544
croak_sound	3.1875496	0.876988	0.33310798	6.2339783	7.9279013	3.1118832
croaker	4.7342734	1.2426522	-2.1624162	6.0546336	7.1274652	2.637474
crohn	5.5848517	0.93025565	-2.336102	6.037199	8.550198	4.3327575
crooked	4.5809216	0.819312	-1.2486277	4.6886077	8.4311695	3.8267527
crossover	4.544624	1.1798139	-1.8446728	5.7154193	7.5768876	2.9102654
croydon	6.331286	0.7787542	-2.26847	4.4358754	5.418908	2.185673
cruciferous_vegetable	1.8373079	0.6693425	-1.1498954	4.995625	7.4835963	5.6813283
crud	5.418617	0.9961813	-2.7099402	5.151014	6.815246	2.7356129
crunch	3.35292	0.79545224	0.31067246	3.9325569	8.785896	3.6255035
crunchy	2.0840876	0.67308134	-0.6402727	4.9159846	7.1671295	5.1206036
crural_diaphragm	4.815454	0.85257393	-1.1985111	4.678009	8.94444	3.8512838
crush	2.0755658	0.7375486	-0.1948492	4.764239	7.385294	4.9581223
crust	2.0384321	0.6694615	-0.6610007	4.870676	7.1726227	5.1642637
cry	3.248025	1.2908703	-0.4638746	6.747313	7.5600767	2.52419
crystal_clear	6.018321	1.0959624	-3.072899	5.457436	7.277351	2.6923006
cs	5.3402176	0.886148	-2.3567882	5.126219	7.4869905	3.4568353
ct_scan	6.9425793	0.7123585	-3.1916175	4.653316	7.4153357	3.1283371
cubicle	3.231646	1.1464322	-0.4066887	6.020115	7.6602983	2.9541392
cucumber	1.4880679	0.7034388	-0.6799451	5.255103	7.184018	5.5511513
cue	3.7135155	0.94362915	0.6133045	4.245407	9.020018	3.104724
cuff	4.359656	0.8225147	-1.2341882	4.676354	8.142195	3.7411454
curable	5.3026805	1.155431	-2.3652065	6.1323433	7.8755856	3.3802793
cure_myself	4.1026354	1.160346	0.07374794	4.5841446	8.142789	2.163775
cure_no_burper	4.4783587	1.276349	-1.8995107	6.059636	6.9473763	2.3823283
cure_r_cpd	5.451326	1.0154281	-2.479411	5.3408194	7.462729	3.1673138
cure_rate	6.136835	0.8052642	-1.420693	4.740828	5.8216677	2.4580765
cure_themselves	4.197928	1.1708952	-0.28046983	4.5397987	8.144052	2.1796694
cure_yourself	4.791778	1.3159547	-2.0680199	5.785471	6.752447	1.9036986
curious_about	5.080952	1.3917723	-2.4519882	6.3042936	6.542931	1.8173846
curious_if_anyone	5.325837	1.1267319	-2.557205	5.9035587	7.35339	3.0191789
curious_if_anyone_else	5.0281324	1.2016592	-2.3579416	6.24208	7.174586	2.8998559
curious_if_there	5.521465	1.0444318	-2.54784	5.6196613	7.7930665	3.3651698
curious_to_hear	5.0941715	1.380509	-2.4742987	6.241491	6.522081	1.794225
curious_to_know	5.1319127	1.3673943	-2.5022206	6.1910143	6.5769677	1.8888478
curious_to_know_if_anyone	4.820967	1.2104167	-2.2273698	6.1773667	7.024885	2.780699
curious_what	5.071745	1.3823344	-2.460828	6.2529316	6.5346394	1.8140022
curl	3.7683427	0.75559574	0.069903664	4.159095	8.809041	3.7363007
current_deal	4.9387603	1.182376	-2.2793324	6.081137	6.819747	2.6997578
current_suffer	4.528815	1.1032333	-1.7390312	6.5222697	7.146359	3.5278077
current_wait	6.1548862	0.85688996	-2.5004623	4.856148	5.501789	1.9936821
curry	1.6989483	0.6343323	-0.6998514	5.0657744	7.2303486	5.5580726
cus	3.1078806	1.03338	-0.68082064	5.85356	7.4198403	3.748914
customer_service	4.4630995	0.87213326	-1.8793528	4.8147683	7.2039123	3.398291
cut_back	1.7504486	0.66711634	-1.065065	5.0646276	7.456349	5.7218447
cut_dairy	4.8123813	0.9856782	-2.269884	5.103292	7.2106156	3.2086658
cut_down	1.8611884	0.6556851	-1.0536678	5.068116	7.331051	5.537137
cut_in_my_mouth	4.1979737	0.7646675	-0.49017143	5.0886235	7.0246625	3.5732918
cut_out	1.4922572	0.6614163	-0.78574985	5.1857076	7.4177027	5.871551
cut_out_carbonation	2.1523566	0.74696887	-1.0411742	5.2242556	7.3866286	5.2197843
cut_out_coffee	1.9121749	0.670251	-1.126523	5.073322	7.3676724	5.520123
cut_out_dairy	2.030295	0.6940158	-1.2159299	4.898899	7.4286485	5.4308686
cutter	2.0772932	0.7665301	-0.8163008	4.4632325	7.531226	5.1445503
cvs	3.9954345	0.952992	-1.5993351	4.994677	7.1909013	3.387305
cycle	4.0900927	0.73164696	-0.21509646	5.026313	9.121992	4.483251
da	4.408401	0.46252328	-2.709419	3.3070512	6.787093	4.139538
dae	3.8243716	0.9990606	-0.9915317	5.788408	7.3552475	3.4096065
daily_discomfort	4.686873	0.97850513	-1.6427846	6.287146	7.901477	4.1044545
daily_life	4.538612	1.0445398	-1.3453406	6.8096833	8.142125	4.270761
daily_medication	1.9225817	0.8460138	-1.1705183	3.7461214	7.7499123	5.247169
daily_nausea	4.3781214	0.9353478	-0.8178004	6.7662845	8.319049	4.5744343
daily_occurrence	3.6208127	1.0721213	-0.73992634	6.082144	7.6183715	3.2900176
daily_stomach_ache	3.9797604	1.0075845	-1.0073107	5.7365866	7.1074753	3.2482693
daily_update	5.424289	1.0210598	-2.2429962	5.269	6.060877	2.2257547
dairy	1.5036917	0.6546069	-0.7855982	5.166962	7.3989677	5.855019
dairy_free	1.9181881	0.68734413	-1.3239591	4.8843503	7.524966	5.650362
dallas	6.345606	0.90400565	-2.9007964	4.8472495	5.806331	2.0368283
dallas_area	5.3278456	0.9814463	-2.3615336	5.194199	6.384159	2.5908287
damage	4.884115	0.78404063	-0.61009043	4.64088	9.628633	4.166519
damper	4.138287	0.9505117	-1.7506441	5.2029843	7.3211203	3.457784
dang	4.3393917	1.3318355	-1.6667204	6.3260317	6.4894004	1.9921228
danger	4.615131	0.926515	-1.3233267	5.421325	7.371814	3.5211184
dans_la_gorge	4.4346375	0.61246324	-2.2350218	3.934317	7.0515003	3.9206555
dat_je	4.4324827	0.5390447	-2.455137	3.642338	6.879198	3.9979541
database	5.483242	1.1207063	-2.8595052	5.354482	7.185252	2.6688242
datum	6.3553386	1.2101938	-3.4703777	5.645554	7.039101	2.1829305
daughter	4.5176325	1.3374426	-1.7811118	7.218922	7.5656366	3.426738
day_0	6.108506	0.6748865	-1.8372297	4.499802	5.1456437	2.134811
day_1	4.435337	0.7644874	0.4949267	5.48847	6.069948	3.04323
day_10	4.4301286	0.8641045	0.42620733	5.5973563	6.106847	2.716274
day_11	4.404479	0.8796236	0.35213503	5.6059284	6.162021	2.7009096
day_13	4.538592	0.93591833	-0.2905529	5.5849924	6.1183934	2.5332823
day_14	4.457271	0.9145638	0.13145946	5.593507	6.1550193	2.5842574
day_2	4.4107304	0.7935664	0.5336907	5.5349236	6.0863175	2.9558773
day_21	4.3863006	0.95283526	-0.07101494	5.623295	6.2668524	2.554208
day_3	4.3956356	0.8290999	0.5466806	5.5655212	6.099181	2.8281882
day_4	4.3996053	0.84169763	0.5355389	5.5847397	6.1055923	2.7935297
day_5	4.394464	0.85573286	0.5391038	5.598373	6.0800877	2.790611
day_6	4.408523	0.8486453	0.52079654	5.591511	6.098841	2.7641804
day_7	4.38899	0.8534111	0.51315564	5.5963078	6.1264076	2.769653
day_8	4.3996863	0.85807276	0.49590018	5.601661	6.116002	2.7459352
day_9	4.392837	0.8603976	0.4894496	5.603406	6.1227846	2.7425818
day_five	4.4179974	0.94286877	-0.12238503	5.601771	6.2449055	2.5879712
day_four	4.384789	0.95342255	-0.27181485	5.5951147	6.3166375	2.6218321
day_surgery_center	6.1518497	0.6760048	-2.1313274	4.2348633	5.3976164	2.338802
day_three	4.431822	0.8317177	0.18513696	5.575686	6.2341585	2.95365
daytime	4.0648375	0.7820067	-0.55960697	6.1721187	8.001196	4.5930333
db	5.332126	0.95502603	-2.3844843	5.389566	7.883328	3.597166
dbr	5.6919775	1.093612	-2.9086587	5.427149	7.6003394	2.941753
dc	6.347226	0.8626119	-2.6580682	4.789329	5.517319	1.9459542
de_friar_um_instagram	4.40319	0.74209	-1.9146211	4.449896	7.229152	3.7241857
de_gas	2.0271568	0.7962245	-1.360143	4.203986	7.719904	5.394576
de_que	4.4590645	0.66477215	-2.1012783	4.190019	7.262309	3.9071753
de_whatsapp	4.366726	0.7654123	-1.8464583	4.582077	7.3116293	3.7413054
deaden	4.7303376	0.8123049	-0.5044222	4.23141	9.358482	3.6981816
deal	4.9928665	1.1247783	-1.6122327	6.863315	7.934181	4.01191
deal_with_this	4.6163735	1.4220818	-1.9881198	6.816466	6.655181	2.006321
debilitate	4.1830635	0.8818038	-0.4873096	6.7843175	8.348361	4.6957536
debilitate_condition	4.5165944	1.1783221	-1.8269525	6.6833143	7.243352	3.3676772
debilitate_pain	3.8608086	0.93778664	-1.4777402	5.421128	6.999429	3.6193724
debunk	5.628787	1.159968	-2.991055	5.419406	6.6101794	2.161076
decaf	1.7396044	0.74819136	-0.9155216	5.1917405	7.2342596	5.348964
decaf_coffee	1.9065061	0.8210866	-0.9787205	5.2238274	7.32704	5.1959376
december	6.118682	0.82017684	-2.0450478	4.991575	5.017593	1.7404392
december_2021	5.2137437	0.9342051	-1.439691	5.295014	5.893233	2.3994753
decent_burp	3.9653435	1.0141264	0.5347526	5.7168055	6.8339124	2.527846
decent_size	4.0710187	1.0199845	0.23272307	5.6805468	6.7341127	2.483212
decide_to_google	4.7644444	1.3832304	-2.3499322	6.776398	6.834662	2.3631077
decide_whether	6.48736	0.93066293	-2.9147127	4.898037	6.410853	2.381715
decompress	4.2008386	0.7484102	-0.7937256	4.9165044	8.586172	4.2334065
decompression	3.7414777	0.880152	-1.0134528	5.700104	7.5392833	4.0040207
decongestant	2.2872603	0.7783946	-1.0723051	4.334087	7.56976	5.067085
decrease	4.4764404	0.7673485	-0.4460009	6.4439387	8.08633	4.6580915
dedication	5.0391035	1.1285857	-2.36962	5.432169	7.082173	2.6636703
deductible	7.152235	0.6349667	-2.5339837	3.952094	5.136771	1.9998548
deep	3.6010482	0.8613169	0.76476836	4.554439	8.880496	3.463867
deep_breath	2.2339058	0.84506845	-0.6527354	3.793335	7.9524264	4.771215
deep_breath_and_hold	2.0967863	0.8459528	-0.8845695	3.7982745	7.819667	4.9755673
deep_breathe	3.7133186	0.9136513	0.21140371	3.8410733	8.984295	3.1160064
deep_cough	3.8309114	1.0202937	-1.2241461	5.1869373	7.3968906	3.2798123
deep_in_my_chest	3.526469	0.994166	0.35433194	5.53943	7.6660805	2.8760722
deep_inhale	2.38142	0.8509872	-0.63320726	3.8389025	7.9685473	4.596664
deep_sound	3.2811508	0.8730731	0.09571378	6.1050854	7.772013	3.2085276
defect	5.32081	1.0200237	-2.3300202	5.513942	8.103618	3.5404956
defective	5.243974	0.92380255	-2.0180342	5.1641254	8.484541	3.7834747
deficiency	5.397495	0.85483485	-2.1470168	5.580689	8.643305	4.3764734
define	5.515157	1.1051595	-2.3327546	6.4072413	8.337024	3.867999
definitely_not_alone	4.174918	1.1968385	-1.5343684	6.290289	7.2774196	3.1122384
definitely_notice	4.2637157	0.8212396	-0.4185557	6.222885	7.595994	4.158931
definitely_worsen	4.5430923	0.9486085	-1.1959238	6.7133803	8.018683	4.415517
definitive_test	5.178704	0.92875797	-2.2725172	5.4379296	7.728636	3.687723
deflate	3.7710426	0.71251035	0.3326241	4.847188	9.019127	4.25735
deflatine	2.1558816	0.7990161	-1.4330994	4.363117	7.6978188	5.3285265
deformity	4.7361712	0.8280713	-1.40877	4.7405214	8.455711	3.8412669
dehydrated	2.0265274	0.7619709	-0.38240275	5.367726	7.2077312	5.062627
dehydration	4.0834675	0.7580491	-0.50257534	5.911714	8.3441305	4.749792
delaware	5.1581426	0.9648199	-2.1838343	5.143599	6.4053197	2.6532538
deliberate	3.5131695	1.0267171	0.26350257	5.0932097	8.026328	2.922393
delicate	3.993705	0.85019445	-1.0119395	4.537385	7.8868327	3.505299
delt	4.927301	1.1315098	-1.6148351	6.84219	7.868612	3.9673803
dementia	5.1004066	1.0282197	-2.1199052	6.0474944	8.261801	3.9751415
demographic	5.237655	1.1045078	-2.1930437	6.1790605	8.244233	3.74548
demon	3.125569	1.1014107	0.017431304	6.2367635	7.7892914	2.8265257
demonic	3.242908	1.1020539	-0.043024603	5.946562	7.720741	2.8250036
demonic_sound	3.1856759	1.2042164	-0.05043545	5.7779517	7.9828815	2.980493
deny	7.220653	0.7249538	-2.8221147	4.1537323	5.3518	1.9358789
deny_coverage	6.6526	0.7658518	-2.422614	4.280206	5.572652	2.2306442
department	6.669212	0.9865374	-3.3426762	5.065753	6.1961412	1.9705179
department_of_otolaryngology	5.130401	0.92360413	-2.296863	5.0392203	6.726854	2.9393399
depend_on_your_insurance	6.8173623	0.7208712	-2.469574	4.130318	5.393328	2.165092
depressed	3.695725	1.1120675	-0.8943897	6.5917044	7.5514283	3.712389
depression	4.964589	0.96647894	-1.7410852	6.346747	8.40329	4.3999705
depression_anxiety	4.68476	1.0334746	-1.7136135	6.127173	8.106448	3.9819283
derail	5.046483	0.99010736	-2.1667516	5.250843	6.826504	2.9089634
descend	3.7261875	0.78892076	-0.35516033	4.8017073	8.237405	3.8678553
design	4.6998897	0.78731096	-1.0359641	4.767517	9.165544	4.247535
desire	4.3149314	1.1666812	-0.82192624	5.576852	6.9555264	2.2590544
desperate_want	4.512991	1.0681866	-1.6812096	5.76448	6.8522816	2.9950275
despise	4.1066384	1.2683933	-1.222066	6.4560924	7.596138	3.2153258
despondent	4.709339	1.1129333	-1.7401779	5.646783	6.219265	2.2559648
destroy_my	4.2289166	0.7928458	-0.9553608	5.7855825	8.174742	4.430137
det	4.390907	0.43729088	-2.7462878	3.2634482	6.7574644	4.167261
detail_post	4.954438	1.2927485	-2.3657234	5.990444	6.4069633	1.938242
deteriorate	4.6772804	1.0450267	-1.6574004	6.329598	7.3710103	3.639955
determination	4.943418	1.1342131	-2.1411211	5.523885	6.5348597	2.364435
determine	6.549991	1.0148554	-3.27505	5.2163157	7.0808883	2.5744092
determine_whether	4.513501	0.7868064	-1.1217275	4.4622865	8.238015	3.693749
determine_whether_there	5.7170186	1.1080077	-3.0247908	5.440699	7.466909	2.8537643
detrimental	5.1459675	1.158989	-2.1840541	6.2460527	8.341811	3.6902912
detroit	5.99778	0.95113176	-2.8869164	4.94311	6.111214	2.2418926
deutsche	5.40447	0.9753821	-2.4512372	5.094673	6.5128536	2.62462
develop_a_hiatal	5.533885	0.9546716	-2.1777835	5.8853555	8.815845	4.290738
develop_acid_reflux	5.3255224	1.0810314	-2.0467188	6.2537303	8.665462	4.057851
develop_emetophobia	4.3276606	1.3776618	-1.4060099	7.327769	7.9345694	3.6498125
develop_gerd	4.786241	1.0584922	-1.9104561	6.225684	7.772047	3.8440223
develop_hiatal	5.3756	0.9568688	-2.1331947	5.803751	8.653229	4.2020087
develop_severe	4.6221313	1.1114217	-1.5803202	6.8083477	7.9389386	4.058542
development	5.507982	1.0317892	-2.162947	5.918282	8.81582	4.0546703
development_of_a_hiatal	5.498797	0.96392804	-2.1609423	5.781932	8.754027	4.201732
development_of_other	5.497312	0.96635413	-2.1631088	5.9259243	8.799722	4.2859173
development_of_other_issue	5.1632333	0.97049916	-2.0772367	5.7861857	8.431729	4.10202
developmental	4.656103	1.0850215	-1.8043485	6.1624947	7.441663	3.4881368
deviate_septum	5.089267	0.82539606	-2.0300355	5.0431504	7.911041	3.8589
devoir	4.437884	0.69274664	-1.9975777	4.2806134	7.263753	3.8388543
dexilant	1.8958071	0.8426823	-1.5798777	3.814997	7.8576846	5.574461
diabetic	5.0014067	1.0086837	-2.0724196	5.8644776	8.190684	3.9134336
diagnose	6.814666	1.0024892	-3.348768	5.476636	7.292126	2.6854265
diagnose_and_treat	6.1668468	1.0859044	-3.1741495	5.3809037	6.9988112	2.509982
diagnose_by	6.5326123	0.8878842	-3.1477103	5.0596466	7.2508664	2.8970613
diagnose_myself	5.143271	1.2392015	-2.526117	6.3916698	7.003063	2.720567
diagnose_r_cpd	6.699291	0.9466343	-3.302285	5.1231904	7.1052456	2.6496453
diagnose_rcpd	6.710306	0.9683268	-3.3441894	5.1773286	7.061573	2.5821438
diagnose_themselves	5.3536024	1.1617775	-2.5620427	5.8919673	7.614561	3.0040681
diagnose_with_a_hiatal	5.5094123	0.83544785	-2.2786756	5.6154857	8.3045225	4.2751775
diagnose_with_gastroparesis	4.590414	1.1279404	-1.7687424	6.599213	7.624885	3.802487
diagnose_with_gerd	5.5442677	0.92504114	-2.1887672	6.2620225	8.607822	4.4883966
diagnose_with_ibs	5.328636	0.95946264	-1.9541495	6.542448	8.55419	4.537728
diagnosis	6.923001	0.9734681	-3.4497502	5.2864614	7.101127	2.5246108
diagnosis_and_treatment	6.460809	1.1229231	-3.3714046	5.408793	6.8119946	2.2313216
diagnosis_of_r_cpd	6.141703	0.91962355	-2.932627	5.078265	6.9996886	2.838071
diagnostic	6.5876303	1.0122604	-3.280795	5.166428	6.9131083	2.4683087
diagnostic_criterion	5.6987023	1.1246655	-2.7443504	5.948702	7.7575254	3.1591856
diagnostic_test	6.7756405	0.95879626	-3.3687727	5.1461997	7.050481	2.5629013
diagonal	4.0689425	0.83963	-1.3545755	4.594056	7.626186	3.5464609
diagram	4.0546308	0.89417565	-0.34202394	3.9525778	8.877852	3.2369921
dial	3.1903267	0.82698965	0.041464955	3.7844145	8.525939	3.4607053
diaphragm	4.3252096	0.7831095	0.14488168	4.184218	9.547195	3.783894
diaphragm_breathe	3.842352	0.9770491	-0.14187571	3.8798265	8.811228	2.9061482
diaphragm_rehabilitation	5.092337	0.9535101	-1.9832572	5.187421	8.313565	3.6794093
diaphragmatic_breathe	3.8947904	1.0418556	-0.054374844	3.7803621	8.854764	2.5863125
diaphragmatic_breathe_exercise	4.142644	1.1256821	-0.5001217	4.0928044	8.507456	2.3898246
diarrhea	4.112607	0.7954831	-0.21655124	6.581194	8.528912	4.862138
diarrhoea	4.155072	0.77693385	-0.3582002	6.3411727	8.494034	4.808612
dictate_my_life	4.5072327	1.0269463	-1.6235523	5.642774	6.621512	2.9210808
dicyclomine	5.400932	0.91950226	-2.3584056	5.525609	8.115319	3.8949554
diet	1.7429597	0.6888219	-1.2258229	4.9295382	7.5891614	5.843434
diet_change	1.9577245	0.710203	-1.3929533	4.822024	7.646944	5.708792
diet_coke	1.166121	0.85582286	-0.4408454	5.632395	7.005409	5.296481
diet_low_fodmap	2.0424626	0.72793007	-1.4015942	4.719159	7.5933127	5.5288525
diet_soda	1.3589092	0.84908235	-0.6351755	5.531624	6.999925	5.184048
dietary	2.0052817	0.6622364	-1.288874	5.067303	7.650158	5.7846537
dietary_change	2.77796	0.78518915	-1.312039	5.151135	7.709445	4.991633
differ_from_person_to_person	5.2185245	0.94314826	-1.5387385	5.4676228	6.5944853	2.9624634
different_angle	3.5729523	0.9081655	0.053677864	3.8693054	8.7218	3.1244907
different_country	5.7182293	1.0050385	-2.7184339	5.2077503	6.600264	2.5605128
different_diet	4.765527	0.9472147	-2.2145824	5.204553	7.79119	3.7969968
different_doctor	7.027063	0.998895	-3.5702095	5.170422	6.49645	2.0371912
different_for_everyone	4.408122	1.0340604	0.07864879	5.6812625	6.382305	2.2750516
different_kind	3.562946	1.0346732	-0.27849367	5.6217265	7.6400933	3.0169826
different_location	6.295147	0.69737434	-1.4627491	4.252135	5.748432	2.5096736
different_part	4.199533	0.6962889	-0.33656177	4.279273	8.875335	4.0109
different_position	3.4673028	0.9328917	0.66664857	3.8991609	8.96836	2.9852455
different_posture	3.9315329	1.0855482	-0.13355893	3.8385482	8.711137	2.4354038
different_story	4.592557	1.0684336	-1.7097504	5.6406317	7.3301125	3.188299
different_technique	3.9277742	1.0980133	-0.04431953	3.860196	8.7119875	2.3691156
different_way	3.736612	0.9534066	0.62898684	4.1688213	9.050964	3.0235295
difficult_swallow	4.529794	0.74225295	-0.07339508	5.5887637	6.537179	3.5568933
difficult_to_explain	3.7443697	1.1244366	-0.7230842	5.58274	7.7120013	2.9706402
difficult_to_swallow	1.9276881	0.636349	-0.19787171	4.7648263	7.1126	5.1902556
difficulty	4.6046515	1.0013803	-0.8820306	6.5350194	7.9243627	4.265878
difficulty_breathe	4.166616	0.73546535	-0.28021407	6.1180964	8.236429	4.695536
difficulty_burp	5.155931	1.092213	-1.9374285	6.5156317	8.303279	4.0200763
difficulty_eat	4.269715	0.82794714	-0.439257	5.655183	7.058619	3.75131
difficulty_swallow	4.5436907	0.73690605	0.098849475	5.6118884	6.4529195	3.5425513
difficulty_swallow_food	4.4558644	0.7636244	0.0886922	5.554197	6.3621173	3.3414347
difficulty_vomit	4.971409	1.1575358	-1.8203855	6.5195622	8.223822	3.7987328
diffuse	4.7153087	0.78025997	-0.59106785	4.262408	9.270147	3.818311
dig_into	4.4245534	1.0775176	-1.7395904	5.5103774	7.422871	3.1683345
digest	3.6175528	0.7052798	-0.60635024	4.989717	9.015244	5.0314507
digestion	3.8963706	0.7131488	-0.5941619	5.0216894	9.159945	4.936096
digestion_process	4.1388426	0.79266936	-1.13279	5.103331	8.466229	4.3981757
digestive	4.219429	0.73146075	-0.6971586	5.067096	9.259048	4.8113503
digestive_enzyme	1.8567156	0.78185886	-1.3555282	4.218624	7.741431	5.559651
digestive_issue	5.4376802	0.9655865	-1.9470851	6.5571156	8.727608	4.5831127
digestive_problem	5.324721	1.0372962	-2.1404457	6.140926	8.574991	4.1193466
digestive_process	4.169043	0.776195	-1.0649232	5.344235	8.405158	4.504769
digestive_symptom	5.0109744	0.94177526	-1.82891	5.9250956	8.033537	4.006001
digestive_system	4.409927	0.7398526	-0.6617253	4.8579793	9.263486	4.4934096
digestive_tract	4.228278	0.7241754	-0.43617624	4.7971873	9.308982	4.509888
digital	5.6496553	1.0996249	-2.9160984	5.3303056	6.4849353	2.2357948
dilate	4.788899	0.75253284	-0.39268973	4.3819323	9.676139	4.0784698
dilate_esophagus	5.3400445	0.82023346	-1.8263187	4.9371576	8.674929	4.0166917
dilation	4.9246583	0.76723844	-0.4131423	4.211178	9.691825	3.8895288
dilemma	5.056147	1.1106696	-2.1924827	5.507605	6.443024	2.3703415
diligent_about	2.2772813	0.791071	-1.0178952	5.1045175	7.183873	4.83299
diminish	4.4875827	0.7713824	-0.4614485	6.440742	8.043966	4.6244555
dine	3.1964684	0.80700845	-1.0214742	5.1556106	6.910074	4.1346855
dinner	2.011564	0.77999395	-0.008103052	5.5552797	7.1931863	5.0029945
dinner_date	2.44934	0.9031721	-0.5704371	5.7665215	7.2171245	4.5098186
dinner_party	2.3933816	0.8707423	-0.58858263	5.669498	7.158608	4.5748487
dinner_with_friend	2.442761	0.8820214	-0.6573429	5.657544	7.1710367	4.540462
dinosaur	3.1659536	1.0774536	-0.017755173	6.1822147	7.7437253	2.8045838
dinosaur_noise	3.1815875	0.90073144	-0.02036987	6.413271	7.7701283	3.2415895
dinosaur_sound	3.2005227	0.91983354	-0.058605403	6.4638166	7.7691236	3.2694407
direct_into	5.0912595	0.48647222	-0.64286083	3.4697487	7.4950576	3.54783
direct_or_indirect	5.110274	1.0895761	-2.134751	5.652458	8.22753	3.4985378
dirty	3.0763457	0.93795586	-0.969125	5.260592	7.377463	3.8074102
disability	5.381413	1.0202439	-2.3474836	6.2154465	8.221477	4.026705
disagreeable	4.5868955	0.76036143	-2.0406375	4.5406513	7.3539476	3.734618
disappear	4.4636364	0.7883798	-0.3753622	6.5413127	7.8593426	4.5255136
disappoint	4.6025376	1.3017992	-1.5143205	6.169924	6.1197085	1.7290491
disappoint_and_frustrate	4.4949384	1.2339535	-1.5505154	6.003907	6.2783217	2.0253656
disappointment	4.7752857	1.1525264	-1.7713032	5.7746124	6.2003794	2.1692765
disbelief	4.6539073	1.328183	-2.260642	6.636354	6.8784866	2.5489166
disc	4.434449	0.764928	-1.4646015	4.5313377	7.808113	3.765364
discard	5.374568	1.019347	-2.3887725	5.525272	7.823171	3.439699
discharge	6.1474566	0.55626804	-1.9939655	4.040453	5.3361897	2.3543315
discipline	5.1712556	1.1445413	-2.3876107	5.6322837	7.427999	2.8764763
discomfort	3.996372	0.7987027	-0.0943158	6.5572653	8.513354	4.8297863
disconcerting	3.8003824	0.8182542	-0.12251411	5.2664127	7.2579575	3.4771326
discord	5.2815256	1.2717294	-2.8645148	5.843365	6.81351	2.1675766
discourage	4.676013	1.2637609	-1.2955754	6.0904946	6.0420275	1.7389718
discourage_anyone	4.9712257	1.1594045	-1.46297	5.836734	5.981961	1.9549582
discussion	6.2711687	1.2275329	-3.4398792	5.6929636	6.986419	2.1383338
disease	5.8119693	1.0290692	-2.3668368	6.2652764	8.787841	4.1949353
disease_may	5.6961823	1.09109	-2.975412	5.426765	7.557466	2.955214
disgust	3.1908712	1.2708522	0.034104142	6.490041	7.798048	2.9429982
disheartened	4.5603766	1.2136568	-1.5166467	5.970458	6.1882367	2.0001593
disheartening	4.542966	1.2960188	-1.6908942	6.126458	6.2967725	1.8867557
dismiss	6.7979746	1.0666519	-3.3933122	5.621864	7.1165004	2.4457355
dismissive	6.72065	1.0906376	-3.3841019	5.5773406	7.01869	2.3645313
disorder	5.8205075	1.0547221	-2.3903632	6.371276	8.775315	4.146234
disorder_eat	4.934463	0.95211846	-1.8819989	5.9084377	8.298805	4.1774173
disoriented	3.6977022	0.74387884	0.037622195	5.5841947	7.298339	4.138156
display	4.7254066	0.7657319	-1.5247189	4.799491	8.242675	4.027224
disregard	5.5142527	1.005166	-2.4495277	5.363602	7.2077327	3.0495548
dissolvable	1.9942538	0.71080136	-0.7600359	4.7430153	7.210206	5.146072
distal	5.2251368	0.75803053	-1.7769014	4.8467264	8.583327	4.126339
distant	4.6963787	1.0442824	-1.9691547	5.5846725	6.5341525	2.7831352
distend	4.0801563	0.6864343	-0.011342641	4.921958	9.256664	4.543057
distend_esophagus	5.1861153	0.80125594	-1.6746249	4.872767	8.685791	4.031346
distend_stomach	4.2273803	0.76930296	-0.91416806	5.718736	8.19018	4.431812
distension	4.3423414	0.7274898	-0.49885857	4.998442	9.282848	4.580318
distention	4.337784	0.72251856	-0.46389425	4.99227	9.331206	4.603128
distinct	3.8853536	1.0282466	-0.69348323	5.793864	7.946175	3.4896905
distinct_remember	4.067282	1.3279058	-1.3880312	6.9781933	7.6293077	3.4351337
distract	3.1308537	0.87164783	-0.03853182	5.69823	7.693326	4.1491127
distract_by	4.210235	0.81706774	-0.5768553	6.360232	8.276046	4.6622114
distress	4.8378634	1.045425	-1.4716089	6.5839887	8.555597	4.335015
distribution	4.424907	0.7538308	-1.3643199	4.4185286	7.790706	3.7021446
distrust	4.952343	1.141483	-2.2660906	5.7692795	7.5608363	3.0812025
diver	4.3062606	0.7522273	-1.1801845	4.4987116	7.8187456	3.7345963
diverticulum	5.1283984	0.8215021	-1.9568114	5.0982733	8.224803	4.0064116
dizziness	4.1431003	0.787424	-0.231127	6.442378	8.462173	4.797729
dizzy	3.5242481	0.7936042	0.22653519	5.8589683	7.6789036	4.3803663
dmv	5.3525214	1.0086398	-2.5581422	5.185985	6.4692183	2.537048
do_inversion	2.1021872	0.72445136	0.19461961	4.16677	8.040824	4.648531
do_shaker	3.895972	1.0977782	0.042093664	3.786054	8.78051	2.3488085
doc	7.1007323	0.98598534	-3.6458614	5.1937847	6.620126	2.0975354
doc_suggest	5.414196	0.9527586	-2.1755846	5.185393	6.6619906	2.7883394
doctor	7.077325	1.0080472	-3.6413875	5.225191	6.628463	2.088702
doctor_adam_rubin	5.2204156	0.93094915	-2.2867486	5.0390306	6.3954206	2.688669
doctor_anderson	6.833039	0.8922213	-2.9779823	4.8899803	5.7288995	1.8360388
doctor_anderson_in_toronto	5.7315807	0.93356943	-2.400013	5.005822	5.871007	2.2302847
doctor_andrew_tkaczuk	6.0906606	0.9485888	-2.8964827	4.952315	6.167275	2.2639935
doctor_anil	5.237424	0.9948035	-2.3917594	5.181447	6.5228744	2.6346326
doctor_appointment	6.5720534	0.84482116	-2.6441255	4.874017	5.2809205	1.70641
doctor_ashli_orourke	5.5298734	1.0368023	-2.7845762	5.1813583	6.6985493	2.5505788
doctor_bastian	6.881149	0.86506885	-2.6319525	4.8574414	5.618557	1.8294902
doctor_bastian_article	6.322896	1.1116886	-3.4188364	5.37508	6.527229	2.0170245
doctor_bastian_paper	6.48429	1.1751755	-3.5232296	5.5823894	6.866262	2.0965142
doctor_bastian_research	6.428791	1.0091485	-3.3446047	5.175147	6.522178	2.1734283
doctor_bastian_website	5.7358637	1.1358951	-3.0835638	5.474641	7.1930084	2.6188915
doctor_bastion	6.896014	0.88557744	-2.779248	4.9031134	5.776676	1.8741219
doctor_bielamowicz	6.052269	0.88033026	-2.3401818	4.9485545	5.4495683	1.9519044
doctor_born	5.8627763	0.8834279	-2.0992496	5.0027804	5.4709764	2.014422
doctor_chad	5.616064	0.9977045	-2.533057	5.13438	6.1604085	2.2941144
doctor_craig_villari	5.8347263	0.97317964	-2.8022742	5.0205126	6.2501106	2.3252354
doctor_daniel	5.093691	0.97191876	-2.3405292	5.118873	6.5172544	2.7141166
doctor_debry	6.1035895	0.8554573	-2.5304842	4.783776	5.6897497	2.1493974
doctor_fink	5.7554893	0.95770323	-2.3838239	5.1128674	5.762922	2.0893223
doctor_friedman	5.3977385	0.9591849	-2.3622997	5.0628786	6.3764715	2.5861282
doctor_hicklin_in_the_uk	6.2683983	0.7887669	-1.3884418	4.6777077	5.582178	2.306791
doctor_hoesli_at_bvi	5.937156	0.8543846	-1.9070008	4.9834523	5.330545	1.9764907
doctor_holmes_in_raleigh_nc	5.9413695	0.8819848	-2.145953	4.9557943	5.5021214	2.0443265
doctor_hus	6.053952	0.87608534	-2.425615	4.910431	5.516441	2.0115087
doctor_in_toronto	6.0288153	0.9636331	-2.8407664	5.0201015	6.14443	2.235324
doctor_james	5.3804283	0.9535251	-2.4943714	5.0186605	6.4558167	2.6273537
doctor_javier_oloriz	5.7584133	1.0171602	-2.8702297	5.1127205	6.412229	2.3739862
doctor_jennifer	5.534756	0.9657019	-2.5516984	5.042015	6.4827666	2.592261
doctor_jennifer_anderson	6.563844	0.98493135	-3.2668452	4.9965467	6.145115	2.0175617
doctor_jennifer_anderson_at_st	6.179595	0.95028204	-2.9970214	4.941965	6.103423	2.182148
doctor_jennifer_anderson_in_toronto	5.6364756	0.986321	-2.676407	5.076051	6.370553	2.4565878
doctor_joseph_spiegel	5.724033	0.9838842	-2.6766071	5.0745583	6.318076	2.4045632
doctor_karagama	6.870517	0.8531341	-2.6287467	4.8073707	5.5223475	1.796789
doctor_karagama_in_manchester	6.3886395	0.81494015	-2.5460424	4.539826	5.597129	2.148145
doctor_kirk	5.560614	0.9165583	-2.264487	4.9865437	6.1343384	2.4924035
doctor_kuderer	5.813175	0.9547866	-2.4213471	5.109339	5.689403	2.0069566
doctor_lin	6.6527915	0.82900053	-2.7125266	4.764484	5.3998747	1.802683
doctor_lindsay	5.656591	1.103402	-2.9780982	5.337106	6.561462	2.2555563
doctor_mchugh	6.375467	0.93446505	-3.0206568	5.007105	6.056005	2.0761354
doctor_mi	5.769061	0.9126118	-2.5535524	4.907852	6.0459633	2.3594015
doctor_michael	6.08471	0.8672652	-2.4120789	4.8642983	5.5181246	2.0248766
doctor_mortensen	5.7730994	0.9710935	-2.5423448	5.106214	5.9101005	2.1522434
doctor_mortensen_welch	5.6822357	0.9335604	-2.2488923	5.016923	5.9125423	2.2797546
doctor_near	6.756149	1.0465937	-3.4460688	5.1417127	6.308743	1.9412574
doctor_nearby	5.994381	1.0323716	-3.0211344	5.1309423	6.3235674	2.2194493
doctor_noah_parker	5.7211633	0.98087096	-2.6645818	5.078828	6.283009	2.3978179
doctor_odell	6.6738386	0.8458254	-2.6578693	4.8001747	5.436329	1.8014752
doctor_office	7.130399	0.7668551	-2.934028	4.3131704	5.4788694	1.930166
doctor_orourke	5.9657598	0.91954154	-2.621187	4.946171	5.836155	2.14804
doctor_paddle	6.5252295	0.8968929	-2.9217165	4.822429	5.640027	1.8924454
doctor_pepper	1.189223	0.8678975	-0.4664969	5.6539555	6.9974484	5.26445
doctor_peter	5.8238096	1.0086069	-2.9795954	5.0995846	6.4975843	2.3702142
doctor_pitman_in_nyc	6.12529	0.8661025	-2.1404579	4.9266024	5.384258	1.943205
doctor_pittman	6.5514507	0.8504482	-2.4813147	4.8232837	5.421452	1.8423761
doctor_prescribe	2.0314987	0.7972816	-1.4805633	3.9833472	7.756426	5.4635715
doctor_richard_mchugh	5.7633924	0.98068583	-2.7649858	5.0701375	6.4025083	2.4402835
doctor_robert	6.2874494	1.1091801	-3.3587966	5.3328857	6.6943574	2.1883357
doctor_sanjay	6.3356647	0.9279637	-3.0068948	4.9678526	6.0102324	2.0801985
doctor_say	7.0755177	0.71380925	-3.2483356	4.629175	7.28101	2.9708023
doctor_schiffer	6.0766315	0.88999665	-2.5428102	4.8999004	5.6274385	2.0453155
doctor_schindler_in_portland	5.4136353	0.896168	-2.078014	4.9977136	6.130324	2.5858908
doctor_schulte	4.8921494	1.1310918	-2.1078274	5.7671256	6.5392976	2.5220842
doctor_seth_cohen	5.677865	0.97394216	-2.5228815	5.0755134	6.0843983	2.2969697
doctor_seth_kaplan	5.4634337	0.93346614	-2.2310119	5.0461073	5.9842105	2.3573775
doctor_snelleman	6.6055512	0.814994	-2.601175	4.7128267	5.3335543	1.8240379
doctor_spiegel	6.727107	0.82310164	-2.5135057	4.7786083	5.329105	1.7630444
doctor_spiegel_in_philly	6.0452647	0.8754659	-2.3586268	4.9252605	5.4674015	1.98162
doctor_stinnett	5.235316	0.937408	-2.294241	5.0422707	6.404638	2.6927795
doctor_suggest	5.4429846	0.9073419	-2.344758	5.315265	7.6702433	3.575203
doctor_sunil	5.5633836	0.9213126	-2.4583113	4.952695	6.286627	2.5708635
doctor_sunil_verma	6.120462	1.0002975	-3.0597644	5.05702	6.1890717	2.139808
doctor_t	5.952562	0.8901932	-2.126979	4.990511	5.496549	2.0168896
doctor_teng	5.5979524	0.9816521	-2.4053733	5.1640606	5.973878	2.2262745
doctor_thomas	5.706889	0.97741765	-2.7191346	5.057833	6.3859534	2.4594092
doctor_thomas_carroll	5.808607	0.951623	-2.5582175	5.043159	5.8643284	2.14941
doctor_thomas_carroll_at_brigham	5.237787	1.0932995	-2.6233263	5.365653	6.6525955	2.4622438
doctor_tritter	5.850399	0.99722034	-2.6991804	5.151242	5.9624443	2.089405
doctor_tritter_in_houston	5.6677914	0.9805861	-2.5010593	5.139588	5.962211	2.1963077
doctor_verma	6.712905	0.8285548	-2.579411	4.786874	5.352073	1.7619509
doctor_verma_in_irvine	4.9927316	1.0324898	-1.9312459	5.5301757	6.489171	2.676527
doctor_villari_in_bellevue_wa	5.898232	0.9088996	-2.3490093	4.995075	5.6017694	2.0516882
doctor_wang	5.6960945	0.95219004	-2.2818556	5.117665	5.7670846	2.1286912
doctor_wasserman	5.8518825	0.9112996	-2.6044877	4.9037013	5.9680133	2.2808154
doctor_weissbrot	5.7155585	0.965518	-2.6138082	5.0414243	6.2589793	2.413802
doctor_who	7.0456457	1.0178218	-3.6284273	5.224671	6.600436	2.0696008
doctor_who_specialize	6.1760993	0.95219225	-2.9958198	5.080502	6.739007	2.5847576
doctor_worldwide	5.883386	1.0226467	-2.9052904	5.1361628	6.260312	2.2269301
doctor_yael	5.35928	0.9796791	-2.3250084	5.133304	6.4295926	2.5994747
doctor_yael_bensoussan	6.116441	0.94905937	-2.980302	4.943381	6.1198134	2.209725
doi_10_1177	4.4435735	0.96622056	-1.6829627	5.5449686	6.9487658	3.3260322
dollar	7.1046457	0.633702	-2.519633	3.947365	5.1427693	2.0281117
dolor	4.4256954	0.68407017	-2.0415068	4.280157	7.2373776	3.8568351
dosage	6.3665657	0.752532	-1.0321193	4.7122474	5.184692	2.0653267
dose	6.3694634	0.751382	-0.96968883	4.740085	5.1227975	2.022692
dose_2	5.8022037	0.8369472	-1.1285477	5.0432096	5.3294506	2.0841007
double_action	4.1579804	0.8524429	-1.6981549	4.5905156	7.36696	3.548002
double_action_gaviscon_tablet	2.2007225	0.74702734	-0.05126471	4.0379815	8.185171	4.6492815
doubt_myself	4.0444036	1.0200438	-1.299336	5.765666	7.2996	3.3560681
down_into	3.972549	0.66430944	0.26156408	3.9635673	8.870173	3.8632302
down_my_nose	5.2665243	0.38977838	-0.68743867	3.2635207	7.4453692	3.6123505
down_my_throat	2.9604983	1.4655741	0.4457821	5.986322	8.566019	3.1202457
down_with_water	1.6829067	0.6403938	0.19242322	4.6907797	7.226804	5.276189
downer_grove	6.354764	0.66062105	-2.2960403	4.2158947	5.2986674	2.195089
downright	3.3056488	0.9921479	-0.58783746	5.922045	7.54247	3.6302989
downstairs	3.2769785	0.7890072	-0.14193197	4.029949	8.325803	3.7266307
downward	3.612583	0.8233473	0.55994266	4.08973	9.161354	3.5767276
downward_dog	3.301499	0.8060736	0.109758034	3.8630114	8.613513	3.5682411
downwards	3.6266496	0.8515055	0.6185893	4.075994	9.157389	3.4318063
dozen_of_time	3.4825423	1.0350393	-0.10246003	6.130475	7.5974936	3.257027
dozen_of_us	4.7350264	1.1626873	-2.194849	5.8609667	7.286612	2.9203353
dozen_of_us_dozen	4.433285	1.2459143	-1.7392273	6.043863	6.487	2.1792266
dragon	3.247119	1.0926379	-0.35844144	5.953856	7.661295	2.8118603
drain	3.807187	0.7198543	0.17628926	4.7731647	8.888412	4.1666107
drainage	3.7755234	0.71583116	0.155713	5.445219	8.006657	4.3927746
dramamine	2.1005702	0.7898242	-1.2528088	4.341168	7.6390176	5.2829075
drastic_improve	4.6094327	1.051088	-1.6069443	6.4158545	7.234117	3.611677
draw_board	3.1518195	0.8181742	0.1419853	3.7376177	8.618976	3.5016358
dread	2.9564502	0.9879908	-0.18457426	6.4671226	7.66162	4.3506856
dread_croak	4.4574804	0.8600004	-1.3383132	5.4233866	8.052699	3.9646084
dread_gurgle	3.6935344	0.808175	-0.5465888	5.373447	8.02913	4.1269608
dream	4.40335	1.3674892	-1.6055373	6.776321	6.6179004	2.1238816
dressing	4.0724745	0.6131686	-0.8199544	3.9105768	7.4312596	3.7946353
drink	1.1818283	0.87248874	-0.25347424	5.72743	7.0883265	5.302277
drink_a_bunch	1.1542829	0.87288254	-0.32195383	5.6940446	7.04726	5.294843
drink_a_few	1.249734	0.8608272	-0.4759886	5.645084	7.0012484	5.223938
drink_a_lot	1.1506317	0.8707941	-0.29766348	5.7036953	7.063829	5.3124237
drink_a_ton	1.1533954	0.868644	-0.36805803	5.6754436	7.0365686	5.3035197
drink_alcohol	1.6229489	0.8577696	-0.21424666	5.750822	7.2506814	5.1753135
drink_anything	1.7526983	0.77497274	-0.003219188	5.521569	7.284285	5.2311435
drink_anything_carbonate	1.6653801	0.8208313	-0.24422069	5.651987	7.261683	5.231805
drink_beer	1.5718191	0.89769864	-0.2779805	5.8565855	7.1646414	5.0701876
drink_carbonate	1.1385562	0.866053	-0.32965234	5.6816373	7.048223	5.3179812
drink_carbonate_beverage	1.439462	0.8804424	-0.061061002	5.705861	7.20467	5.1272607
drink_carbonate_drink	1.3613166	0.89024276	-0.097481884	5.7468085	7.158243	5.1475115
drink_carbonation	1.4532205	0.8877281	-0.081985764	5.7352805	7.1697507	5.0893803
drink_coffee	1.5413896	0.8104425	-0.2295971	5.599201	7.243568	5.3161006
drink_enough	1.507122	0.7938772	-0.39954704	5.411617	7.1445956	5.2701936
drink_fizzy	1.1453323	0.8687882	-0.30397984	5.6961765	7.060027	5.314227
drink_fizzy_drink	1.2796736	0.8906419	-0.12870105	5.741673	7.1295013	5.194469
drink_fluid	2.1675847	0.81324065	-0.5461455	5.2695026	7.263851	4.83139
drink_hot	1.5492939	0.7422674	-0.75902134	5.2869105	7.305578	5.5469356
drink_liquid	1.7627987	0.71349055	0.07819048	4.970694	7.310541	5.1770997
drink_lot_of_carbonate	1.1400268	0.8841271	-0.4204413	5.6860356	6.992818	5.260327
drink_non_carbonate	1.4379394	0.81921107	-0.6874714	5.465748	7.0688324	5.238263
drink_peppermint_tea	2.0346482	0.7665892	-1.0177559	4.721076	7.5182056	5.2745647
drink_soda	1.3008687	0.88307655	-0.1859479	5.762255	7.1298766	5.219639
drink_something	1.7948062	0.7946829	-0.0020234205	5.5312595	7.264599	5.158478
drink_something_carbonate	1.8050247	0.8530824	-0.021895798	5.6275096	7.23009	4.9401617
drink_sparkle_water	1.0829889	0.9361766	-0.3704369	5.7301893	6.9609156	5.2007933
drink_tea	1.7646646	0.77046514	-0.55124265	5.4630837	7.218938	5.268432
drink_too_much	1.6342895	0.9128646	-0.32195818	5.878483	7.1758475	5.0137687
drink_vodka	1.3750192	0.8096087	-0.72451746	5.421593	7.018246	5.2534404
drink_water	1.6651288	0.7391031	0.08841204	5.2700844	7.2773333	5.2876954
drink_wine	1.5904486	0.81769913	-0.6166853	5.509634	7.118803	5.201042
drink_with_friend	2.450897	0.9335257	-0.5001077	5.973049	7.261183	4.516896
drinker	1.3914821	0.79346454	-0.68265706	5.444919	7.1054244	5.3800583
drip	3.8715553	0.7330519	-0.13410152	5.558651	8.059666	4.447964
drive_10_hour	6.4740143	0.6864446	-2.1185257	4.158884	5.3581433	2.279117
drive_home	3.9466548	0.5887264	0.25220504	5.125688	6.2177444	3.9577754
drool	3.203067	0.96893096	-0.12285712	5.642873	7.8699355	3.9473102
drop_out	3.140853	0.9516593	-0.7433933	5.9656754	7.3315434	4.1613016
drown	3.2682593	0.7406529	0.46892554	5.1252065	7.9302297	4.2730074
drowsy	3.985604	0.5817766	0.17960115	5.0239906	6.2755284	3.9593039
drug	1.7928238	0.812621	-1.626407	3.8541882	7.8856635	5.734547
drum	3.5215552	0.7203579	0.13554928	4.1261683	8.673999	3.9035316
drunk	1.693722	0.9350186	-0.27141997	5.948132	7.214349	4.944376
dry	1.6075468	0.5991773	-0.08385542	4.8496947	7.234583	5.535403
dry_cough	3.9408011	0.72712064	-0.06667714	5.736615	7.8144135	4.4355187
dry_food	1.5979129	0.61386174	-0.06438677	4.7939434	7.19944	5.483437
dry_fruit	2.304315	0.7322642	-1.0995733	5.009187	7.3382993	5.031174
dry_heave	2.970857	1.49066	0.3863552	6.217783	8.489354	3.1784928
dry_heave_into	3.1324618	1.1583921	-0.30540025	5.779034	7.9356384	3.4947536
dry_mouth	4.3153005	0.79915076	-0.4364065	6.3116107	8.515165	4.7806396
dry_retch	3.6062138	1.1028017	-0.50418717	5.963229	7.9595575	3.5138092
dry_throat	4.1193547	0.65815115	0.10261399	5.336755	7.170358	4.0904636
dryness	4.2547283	0.66087854	-0.35074836	5.0370965	8.245592	4.2931323
du	4.408389	0.45827207	-2.7246232	3.2863562	6.779647	4.1452117
dub	3.8685515	1.3227547	-0.7401933	6.961615	7.647403	3.3316913
duck	3.2252254	1.138468	-0.35363317	6.133011	7.6428156	2.7467983
due_to_anxiety	4.892903	1.1024457	-1.9017607	6.1967807	8.363987	3.9110508
due_to_noburp	5.0557666	1.0552351	-2.0213294	5.9210553	8.471619	3.914744
due_to_rcpd	4.9992714	0.99632394	-1.8012446	6.3424773	8.33186	4.2711
due_to_trap	3.7462626	0.7936966	0.17550465	5.184487	9.058033	4.2322545
dull	4.045327	0.67172015	-0.20143083	5.1223044	8.552422	4.3474417
dumb_question	4.83112	1.178692	-2.175217	5.9112897	7.283071	2.887076
dunk	2.2134762	0.73669815	-0.73064077	4.993562	7.141147	4.909655
dunkin	3.028089	0.85062116	-1.0105993	5.2458906	7.1393976	4.1983266
duodenal	5.1210637	0.8042225	-2.0258982	5.0891395	8.077695	4.0122476
duodenum	5.08178	0.7632234	-1.6471463	4.9586473	8.695628	4.248244
during_class	3.646884	1.1743964	-0.94566625	6.143659	7.499093	3.1711845
during_meal	1.8534207	0.73771477	-0.24241298	5.075849	7.291023	5.1212163
during_pregnancy	4.30386	1.126892	-1.0622337	6.934101	8.093843	4.151395
during_school	2.9936068	0.9956232	-0.75697124	5.7816916	7.333603	3.9474063
during_sleep	4.8704433	0.84267664	-1.4006228	4.8011327	8.6574135	3.880236
during_this_phase	4.279561	1.1530622	-0.87104785	5.5175104	6.9539156	2.3073778
dynamic	3.8507814	0.9451415	-0.094647914	3.8419728	8.848025	2.9828746
dysautonomia	5.4428444	0.96509385	-2.2574031	5.965451	8.540276	4.1488667
dysbiosis	5.2566285	0.87030077	-2.2036254	5.624547	8.204296	4.189203
dysfunction	5.7660346	0.98851854	-2.1978805	5.797897	8.922189	4.0628867
dysfunction_and_abdomino_phrenic_dyssynergia	5.484276	0.9498619	-2.3399732	5.6221294	8.424511	3.9793367
dysfunctional	4.847937	0.77669775	-0.44912556	4.335857	9.660287	3.9647243
dysfunctional_breathe	5.3205314	0.95341146	-2.3644137	5.4188466	8.000701	3.6743135
dysfunctional_muscle	4.7487283	0.84065354	-1.1511852	4.7213907	8.89859	3.903405
dysmotility	5.5423365	0.9211272	-2.3012552	5.8758335	8.527713	4.2530756
dysmotility_issue	5.2429643	0.76429963	-1.891489	4.9861565	8.584879	4.2234755
dyspepsia	5.571649	0.8509853	-2.34623	5.7493286	8.470595	4.36763
dysphagia	5.8846984	0.9174649	-2.1729698	5.4080887	8.605417	3.8582816
dysphagia_difficulty_swallow	5.6828165	0.8553872	-1.9697698	5.03267	8.6177	3.8372626
dysphasia	5.5907564	0.9062653	-2.3224943	5.473565	8.132636	3.8513777
dyspnea	4.4081845	0.8297392	-1.1665398	5.7963324	8.054204	4.3101387
dyssynergia	5.507232	0.98013765	-2.3924296	5.711575	8.403008	3.9201226
dyssynergia_and_pelvic_floor_dysfunction	5.297965	0.9643963	-2.302818	5.4721494	8.068528	3.7209373
dystonia	5.1658406	0.99323756	-2.251861	5.427001	7.7917314	3.4975064
e_cigarette	2.161326	0.8430582	-0.92127436	3.9223714	7.763087	4.948193
e_coli	4.1604657	0.93947077	-1.4191319	5.282622	7.175853	3.435469
each_bite	1.6563033	0.64914304	0.16739799	4.6515064	7.237765	5.2985826
each_day	4.4165883	0.8723978	0.45041347	5.587431	6.1507215	2.6901882
each_night	2.7573383	0.7943186	-0.33017665	5.3004394	7.3966126	4.466826
each_side	3.6831636	0.9725116	-0.020838954	3.527572	8.780278	2.7518024
ear	4.0193806	0.6207927	0.2534845	4.5068703	8.952459	4.253907
ear_canal	4.757804	0.8029495	-1.4245868	4.893865	8.502425	4.046879
ear_fullness	4.2935777	0.76024175	-0.8475588	5.732307	8.165562	4.450391
ear_issue	4.192696	0.79706013	-1.0594842	5.252712	7.872627	4.0436573
ear_nose_and_throat	6.7376375	0.99988264	-3.4523437	5.2045407	6.6296315	2.226534
ear_nose_throat	6.4046907	1.008296	-3.318942	5.1442866	6.6002083	2.2956226
ear_pain	4.110608	0.68255585	0.031419896	5.5373054	7.3805485	4.222353
ear_pressure	3.8515635	0.7458809	-0.33856612	5.08563	7.710012	4.003919
eardrum	4.0365314	0.66237813	-0.27583674	4.747938	8.453602	4.1985474
earliest_memory	4.1250615	1.2438636	-1.372184	6.754461	7.452753	3.426492
early_20s	4.606557	1.1151102	-1.5828476	7.007537	7.7543106	4.0719786
early_age	4.5893507	1.275547	-1.6075872	6.9387374	8.029784	3.7041612
early_august	5.7342067	0.8664941	-1.6029674	5.0590987	5.3404226	2.0634372
early_childhood	4.6643553	1.3042849	-1.7270185	7.1530423	8.000999	3.7198253
early_day	4.3745856	1.0321802	0.07230479	5.6539807	6.405825	2.283393
early_satiety	4.1853127	0.7637779	-0.39887685	6.384957	8.474051	4.804805
early_stage	4.148285	1.0409456	-0.09491651	5.5367045	6.8054757	2.4547374
early_teen	4.5000596	1.1959438	-1.5917345	7.049992	7.729814	3.894481
earth_shatter	3.4563215	1.0327957	0.10671595	5.611885	7.654793	2.9231744
ease_off	4.4207277	0.83293706	0.23555455	5.5649753	6.2077584	2.932698
eastern	6.091541	1.0204086	-3.121918	5.0805736	6.363218	2.2355194
easy_peasy	5.7926497	0.63911957	-1.9141378	4.2620735	5.5136247	2.5315003
easy_to_deal	4.81557	0.95938694	-0.8788546	6.4163322	7.33282	3.9043734
easy_to_digest	1.8141993	0.6415226	-1.0255371	5.080264	7.328501	5.6010756
eat	1.665509	0.7470987	0.033894848	5.3830476	7.2778482	5.323959
eat_a_few	1.677123	0.63805103	-0.03795358	4.941879	7.137802	5.3854213
eat_a_little	1.7254626	0.66564274	-0.03829848	4.918646	7.1701517	5.2998257
eat_a_lot	1.6606933	0.72447544	-0.16820648	5.366755	7.335181	5.470942
eat_and_drink	1.6507739	0.75147206	0.07131652	5.3542714	7.2694983	5.2989836
eat_and_stay_hydrate	4.4598126	0.9778339	0.015121758	5.513215	6.327032	2.3971953
eat_anything	1.6736625	0.7432489	0.060532916	5.3517776	7.2678614	5.30574
eat_bread	1.676734	0.6180165	-0.3499126	4.908211	7.121213	5.4621344
eat_breakfast	2.9067318	0.7237612	-0.07908962	5.388894	6.820285	4.479472
eat_cereal	2.2423384	0.7246922	-0.6654527	5.0556555	7.1038165	4.9156175
eat_chocolate	1.9097726	0.6936967	-1.003563	5.1622205	7.324809	5.4343157
eat_dairy	2.4601524	0.7698234	-1.0049802	5.3011274	7.458645	5.04432
eat_dinner	2.578318	0.818576	-0.15185055	5.6695232	7.1934223	4.6001425
eat_disorder	5.1956334	1.0946136	-1.9517193	6.511857	8.56738	4.1535854
eat_drink	1.6926911	0.7426187	0.040543366	5.3995337	7.289543	5.2832947
eat_enough	2.5496292	0.83206755	-0.93743694	5.8069725	7.491209	5.116935
eat_fast	1.8027871	0.7763476	-0.3030265	5.256264	7.288387	5.09898
eat_food	1.6664696	0.7539116	0.016949914	5.4064717	7.292108	5.306554
eat_gluten	3.930094	0.99871653	-1.5710934	5.896398	7.4942617	4.038136
eat_less	1.6987578	0.6981846	-0.7232021	5.2422833	7.4549017	5.6669445
eat_much	1.76616	0.75478107	-0.02223884	5.3872237	7.276716	5.260421
eat_normal	1.657335	0.651089	0.17458904	4.791616	7.2136087	5.3174486
eat_or_drink	1.6843671	0.7719186	0.05211602	5.4850245	7.2837443	5.2588906
eat_raw	2.0269718	0.71657807	-1.145643	5.062658	7.3520064	5.369992
eat_slow	1.59253	0.6432596	0.17018218	4.693681	7.2222686	5.352191
eat_small_meal	1.6669139	0.71142083	-0.6153197	5.2417855	7.381833	5.5696263
eat_small_mouthful	1.5969565	0.63405603	0.09240762	4.7139373	7.188618	5.3780136
eat_small_portion	1.718309	0.7377473	-0.47979665	5.2631025	7.274745	5.3453946
eat_solid	1.6734186	0.63948536	0.153273	4.7224207	7.20626	5.3088274
eat_something	1.7330741	0.75932354	0.014031026	5.4647727	7.2808213	5.256822
eat_soup	1.6598518	0.64381206	0.10406413	4.681244	7.207551	5.3102517
eat_too_fast	1.7020212	0.72503936	-0.41258585	5.3896637	7.3287606	5.4392147
eat_too_much	1.8459598	0.8044742	-0.12990561	5.665138	7.3581104	5.192833
eater	2.1037412	0.7091557	-0.9568293	5.012498	7.245459	5.162316
ebb	4.0127845	0.64549756	0.2371676	5.076274	6.8251886	3.8042855
ecg	6.873271	0.7017624	-3.1261551	4.6287737	7.394757	3.1499274
ecstatic	4.360782	1.2527789	-1.7123635	6.196988	6.602081	2.3123288
eczema	5.334716	0.84204143	-2.2528236	5.3809676	8.194975	4.099576
ed	5.755493	1.05728	-2.355419	6.363107	8.754241	4.167483
edema	4.65177	0.76670736	-1.6000574	4.8908916	8.034124	4.05938
edible	1.8790259	0.8202457	-1.024348	4.903422	7.553025	5.3865876
edmonton	5.9365735	1.0090756	-3.0277967	5.0832124	6.4490523	2.351086
educate	6.4096293	1.1699396	-3.3537946	5.5946813	6.9361477	2.216893
educate_themselves	5.6455636	1.1729339	-2.8065429	5.785898	7.4456415	2.758709
eek	4.3625817	1.1626961	-1.3146716	5.929956	6.4602294	2.3689299
een	4.4166408	0.4736154	-2.693191	3.3248787	6.795067	4.125021
een_doorverwijzing	4.4611273	0.59234446	-2.3352704	3.8163257	6.9549046	3.9200737
effect	5.7026362	0.8223653	-0.6655959	5.1420693	5.924314	2.5660608
effective	6.0686707	0.79909176	-0.94848776	4.878125	5.663393	2.356214
effectiveness	6.1400876	0.79434097	-1.1471897	4.7812953	5.5566854	2.293083
efficacy	6.108639	0.8058641	-1.3688464	4.7652555	5.880222	2.5159914
effortless	3.751431	1.0562913	0.5060008	5.418216	7.46562	2.5356982
egd	6.8260565	0.7447856	-3.155062	4.6893525	7.1877317	2.9615896
egg	1.4353518	0.5874567	-0.2836864	4.930983	7.1729345	5.7328467
eight_month	4.462916	0.93240833	-0.53530747	5.542012	6.184457	2.6571655
ekg	6.867255	0.71916	-3.1485791	4.659708	7.3672533	3.1183171
elbow	3.529602	0.75501615	-0.19276854	3.9119728	8.3953085	3.6623874
electrode	5.096921	0.45790887	-0.62977356	3.3388093	7.5611672	3.5873191
element	4.933241	0.8869922	-1.427063	4.8298855	8.86133	3.828778
elementary_school	4.113972	1.3425773	-1.3675176	7.0733733	7.643078	3.4614015
elephant	3.5846055	0.80548084	-0.384663	5.359538	7.8496833	3.8770895
elevate	2.3131278	0.74299175	0.26020348	3.9183538	8.340073	4.3528314
eleven	4.477223	0.6716404	-2.0814838	4.2348323	6.9132433	3.7509098
elicit	4.225982	1.1148708	-0.7580672	5.652937	6.843881	2.4310057
elimination	5.061584	0.85827494	-2.0663273	5.4789443	8.31168	4.2590437
elimination_diet	1.8701026	0.7057449	-1.383491	4.768715	7.622786	5.743003
elk	3.9376142	0.98717374	-1.61589	5.096311	7.2145343	3.0742164
eller	4.4204206	0.49494308	-2.6018555	3.449082	6.822126	4.077091
elongate	3.6811023	0.8659548	0.042697016	4.110735	8.672513	3.3017907
else_experience	5.055539	1.3997084	-2.3163257	6.301818	6.593329	1.8150848
elsewhere	6.4775586	1.133045	-3.4541724	5.3095436	6.467562	1.9702419
email	6.87577	0.91663986	-3.2073936	4.965206	5.9186926	1.8671048
email_her	6.316433	0.8508082	-2.6616087	4.7688165	5.5296397	1.9745853
emanate	3.8532345	0.7528334	-0.25500455	5.2004027	8.093821	4.0213127
embarrass	3.2250533	1.2327911	-0.18924923	6.624947	7.6405625	2.6761894
embarrass_by	3.4152331	1.0564495	-0.4403504	6.173771	7.632004	3.2531037
embarrass_especially	3.714601	1.1312444	-1.3176774	6.0582604	7.1875176	3.1250012
embarrassment	3.7660036	1.170058	-0.89547676	6.7481833	7.7161245	3.3963366
emergency_situation	3.6186805	1.0594244	-1.1297562	5.4600396	7.3268046	3.4405372
emet	4.080354	1.3761468	-1.042252	7.098399	8.088585	3.6596415
emetophobe	3.857916	1.534249	-0.7185218	7.2613144	8.223386	3.4593022
emetophobe_here	4.177451	1.3263718	-1.1816118	6.861067	7.962437	3.5758169
emetophobia	3.8222826	1.5480115	-0.6610186	7.3173537	8.244617	3.4811263
emetophobia_fear	4.1356416	1.3935802	-1.1606661	7.051234	8.0277405	3.5363839
emetophobia_too	3.789378	1.4491084	-0.69488823	7.0422134	8.034634	3.4273756
emg	6.530917	0.63102865	-1.4517337	4.0180383	5.6255307	2.4733093
emg_guide	6.512632	0.67471963	-1.6493199	4.1445622	5.523833	2.3887186
emg_machine	6.522243	0.6060412	-1.452491	3.9411147	5.6547503	2.5001097
emg_procedure	6.373014	0.72938806	-1.7862917	4.314628	5.5638957	2.3657422
emir	5.06716	1.012784	-1.9487113	5.258268	8.244503	3.503391
emit	3.430081	1.0513185	-0.39724427	5.9328785	7.6057425	2.9269924
emory	6.3138347	0.93152666	-3.0294065	4.9195504	6.0978293	2.1686568
emotional	4.3400717	1.350187	-1.67351	6.772501	7.129446	2.541167
empathy	5.610995	1.2542378	-2.997855	5.8463483	7.0638075	2.318699
emphasis	4.499539	0.86564034	-0.7379718	4.354674	9.027676	3.605823
employ	3.9497774	1.0059853	-0.80537176	4.1028523	8.346309	2.9892282
employer	6.239913	0.9919697	-3.0852618	4.904674	6.204042	2.1478388
empty	3.6161866	0.7253873	0.32346097	4.856941	9.014305	4.377244
empty_stomach	1.6889006	0.76658314	-0.21845734	5.5332403	7.334218	5.3739777
en	4.423006	0.47639382	-2.712547	3.2960737	6.796601	4.1274505
enable	4.7357874	0.8149979	-0.5679713	4.245001	9.328013	3.7023027
enamel	4.218402	0.7926747	-1.6829495	4.65597	7.394976	3.736043
end_of_january	6.021362	0.8436984	-2.0684955	5.021816	5.108731	1.7857176
end_of_july	6.02029	0.8493861	-2.2495546	4.884238	5.3796973	1.9853528
end_of_october	5.9992723	0.86775917	-2.1423595	4.9841533	5.3170123	1.9082263
end_up_be_able	4.544115	1.277209	-1.75676	6.1164384	6.3119407	1.9505882
end_up_choke	2.974091	0.7797828	0.30779758	5.0408006	7.8157644	4.2865543
end_up_dry_heave	3.4089115	0.98489857	-0.132116	5.7288284	7.982328	3.8948848
end_up_gag	3.1922636	1.2644385	-0.01605245	5.7545547	8.197608	3.235006
end_up_in_the_er	3.9617324	0.8286276	-0.696581	6.12858	7.8248425	4.4479423
end_up_pay	7.065773	0.6307992	-2.4735434	3.9505415	5.1533613	2.059387
end_up_puke	3.1544065	1.1697314	-0.21931157	5.981987	7.9910326	3.5961785
end_up_vomit	3.0510135	1.4210508	0.248786	6.042896	8.405554	3.1748896
endless_cycle	3.876893	0.87904984	-0.8529015	5.7771945	7.690469	3.9942577
endoflip	5.4191027	0.79578066	-1.8432895	4.892207	8.704233	4.036414
endometriosis	5.5038214	0.893197	-2.2700384	5.915115	8.551097	4.3681927
endoscope	6.959116	0.6507801	-2.8865514	4.3541193	7.0590506	2.9374774
endoscopy	7.101258	0.69494015	-3.2252305	4.5758877	7.2994633	2.9984672
endoscopy_and_colonoscopy	5.6563478	0.84322757	-2.490078	5.5844812	8.1250305	4.109874
endoscopy_colonoscopy	6.6375804	0.7846897	-3.0998642	4.7914667	7.223311	3.00227
endoscopy_show	5.453093	0.8388741	-2.1955864	5.4001985	8.4594965	4.202855
energy_drink	1.2456678	0.8529673	-0.52088535	5.614656	7.0156846	5.269267
engage	3.930193	0.85206497	0.43640998	4.0251718	9.290701	3.3905702
engage_your_core	3.7523534	0.9796666	-0.0024104547	3.8313248	8.815381	2.8585691
engine	4.302924	1.1191139	-1.4433212	5.9274964	7.1118093	2.934722
england	6.9785914	0.9173169	-3.219228	4.641816	5.782588	1.8981211
enjoy	1.811026	0.9199711	-0.3287558	5.9268827	7.1692986	4.8798237
enlarge	4.7761974	0.740217	-0.61349994	4.539493	9.451221	4.2000294
enlarge_cp_muscle	5.3586245	0.9131805	-2.2639594	5.2388797	8.030481	3.6800096
enlarge_stomach	4.5899577	0.8186692	-1.6092346	5.0599146	8.049227	4.0210137
enough_air	3.6828144	0.77621824	0.47840244	4.6547155	9.0330305	3.9448695
enough_pressure	3.7908492	0.807269	0.49937975	4.4730167	9.1997795	3.7744694
enough_to_allow	3.7760372	0.82693154	-0.2358141	4.82459	8.512451	3.786653
ent	7.0987425	1.008719	-3.6568303	5.217621	6.620301	2.0767279
ent_center	5.51332	0.9313473	-2.3490052	4.994164	6.3034887	2.5762727
ent_clinic	6.4850245	0.9912023	-3.2856522	5.0712147	6.259392	2.072034
ent_consultant	6.534798	1.0637186	-3.3439498	5.1663666	6.416185	2.0739934
ent_department	6.4276624	0.97934705	-3.2313254	5.0582924	6.3463106	2.1766396
ent_doc	6.649665	1.0130318	-3.4200287	5.15419	6.4802194	2.1145468
ent_doctor	7.085895	1.0062004	-3.6408923	5.2067323	6.5899568	2.0652077
ent_ear	6.498066	1.0158265	-3.374721	5.182324	6.667923	2.307035
ent_in_saskatoon	5.847111	0.9034478	-2.6014018	4.854151	6.0181894	2.3524504
ent_in_toronto	6.151605	1.0199195	-3.1405666	5.1917996	6.4523115	2.221442
ent_referral	6.8854303	0.96199644	-3.485476	5.0998926	6.540447	2.1684692
ent_specialist	7.022607	1.0130023	-3.6044366	5.2100177	6.556809	2.054795
ent_surgeon	6.7370887	1.0219365	-3.362457	5.102	6.274379	1.9767482
ent_who	7.038348	1.0193981	-3.6260984	5.213722	6.5707746	2.0528069
enter	4.2535777	0.7219547	0.027958732	4.470998	9.467273	4.172955
entertain	4.573081	1.2772626	-2.1260955	6.1818624	6.8192973	2.3808436
entire_body	4.8832436	0.8764927	-1.3876243	4.8105655	8.827362	3.8418136
entire_community	4.613088	1.260201	-2.086245	6.248672	6.9789724	2.549716
entire_life	4.5201387	1.1949452	-1.7699859	6.751887	7.517142	3.548176
entire_process	5.614148	0.94045943	-2.3439107	5.0262547	5.9204326	2.2606456
entirely_different	4.7090173	1.0174918	-1.5009286	5.7387795	7.1009984	3.1815698
enzyme	1.7741528	0.7094069	-1.2483234	4.6446548	7.662418	5.7467985
eoe	5.6361284	0.8633292	-2.3955002	5.8614893	8.482002	4.4051294
eosinophilic_esophagitis	5.618062	0.8463426	-2.452605	5.5832176	8.1928625	4.1567583
epigastric	4.1908026	0.64102083	-0.41360217	4.9606047	8.328439	4.338133
epiglottis	4.5932703	0.723626	-0.44400522	4.1429596	9.131323	3.8679705
epilepsy	5.1361756	0.9609785	-1.699749	5.3074923	6.4601974	2.771839
episode	4.165054	0.86505705	-0.25797448	6.6694922	8.450426	4.7315693
equalize	3.8426387	0.9475714	-0.85137373	4.8389807	8.109387	3.5378165
equate	4.0810385	0.9445474	-1.3175799	5.5371046	7.167851	3.4947572
equipment	6.679003	0.6114872	-1.6870846	3.987812	5.4186063	2.3321416
erection	3.7998044	0.77845424	-0.8238505	4.9402637	7.5122952	3.882718
erg	4.4254694	0.51453555	-2.5402107	3.5257394	6.8600135	4.050156
erosion	5.353769	0.81048894	-1.8834193	5.186876	8.804442	4.2694936
erratic	3.8225906	1.0441922	-0.8239636	5.758241	7.3080053	3.147161
erupt	3.342385	1.1233639	0.11790747	5.513853	8.040819	2.8878117
es	4.416746	0.4734631	-2.6976056	3.3190868	6.8023286	4.1295605
escape	3.6796513	0.8616345	0.54515356	5.025128	9.0042925	3.8030083
esomeprazole	1.8526028	0.84085023	-1.6039654	3.8840954	7.916764	5.650405
esophageal	5.4851193	0.8043957	-1.8476636	5.004922	8.86062	4.126948
esophageal_cancer	5.5273156	0.9581412	-2.2636936	5.8784237	8.670537	4.201009
esophageal_dysmotility	5.6260943	0.86483544	-2.4555023	5.587737	8.06531	4.031913
esophageal_issue	5.586791	0.9389104	-2.3063984	6.0103674	8.600997	4.313608
esophageal_manometry	7.0204678	0.6889526	-3.13504	4.536024	7.241234	2.9976835
esophageal_motility_test	5.7388706	0.8375906	-2.4544718	4.74466	6.2272186	2.5929902
esophageal_muscle	4.819885	0.7930366	-0.5200048	4.225399	9.488089	3.8146734
esophageal_sphincter	4.7560606	0.7781605	-0.23163316	4.233519	9.7153425	3.8814352
esophageal_web	4.5862865	0.83209056	-1.2912432	4.640277	8.358683	3.7347167
esophagitis	5.6746435	0.87412727	-2.2389348	5.926905	8.764455	4.5109267
esophagoscopy	6.8793564	0.6895019	-2.867976	4.4294996	6.834316	2.8057857
esophagram	6.801203	0.74521035	-3.1361065	4.6791224	7.1449637	2.9399593
esophagus	4.730024	0.7440864	-0.3625062	4.4484305	9.656634	4.151542
esophagus_manometry	6.6100354	0.7610175	-3.029665	4.712761	7.1208134	2.9783747
esophogram	6.356275	0.78642523	-2.9243443	4.789242	7.1521106	3.045313
especially_after	1.4669546	0.83994794	-0.4753235	5.640335	7.106638	5.2110386
especially_after_eat	2.8085678	0.84944934	-0.22097221	5.813176	7.534329	4.5183196
especially_after_meal	3.4411826	0.7882211	-0.53933215	5.8919735	7.950431	4.668161
especially_at_night	4.000832	0.7799867	-0.33485135	6.14172	8.092468	4.565604
especially_bad	3.7555437	0.86932653	-0.4928307	6.380455	7.9198074	4.4575615
esque	3.811259	0.8312623	-0.48880208	4.4123974	8.26325	3.5195584
essayer	4.3814955	0.73721945	-1.8347801	4.545414	7.219993	3.77001
establish	6.3821225	1.1041254	-3.2695541	5.4465094	7.0361447	2.4389153
estimate_cost	5.6767845	0.94172853	-2.3433776	4.9557796	6.098577	2.3882442
et	4.4394403	0.49292725	-2.7251613	3.2927265	6.81697	4.110677
et_al	5.3258133	0.915751	-2.5115902	5.0071363	6.897922	3.0241237
et_combien	4.444827	0.6791743	-1.9433693	4.245898	7.243443	3.827226
et_effect_secondary_acre	4.3299985	0.85550153	-1.7484884	4.788228	7.2371716	3.4899294
eternal	4.3575773	0.82923895	-1.7996228	4.771277	7.2092795	3.5702822
eternal_grateful	5.0013165	1.286617	-2.391882	5.9522743	6.4899035	1.9877367
euphoric	4.245789	1.1846675	-1.3814077	6.086584	6.8923826	2.614512
euro	7.1132407	0.6374538	-2.5103095	3.95585	5.1414967	2.0181773
europe	6.9637103	0.92150575	-3.2516415	4.705571	5.825024	1.8844806
eustachian_tube	5.1952715	0.8655365	-1.7664703	5.389317	8.779828	4.231886
evacuate	3.699628	0.73849416	-0.24652684	5.113917	9.023363	4.7089105
evaluate	6.6265097	1.0228351	-3.3491883	5.1716723	6.9537563	2.4618025
evaluation	6.3059783	0.74008393	-2.4338133	4.3746753	5.6699653	2.3308423
even_as_a_baby	4.1885056	1.4209877	-1.3314013	7.2910247	7.82354	3.4166331
even_more	3.5128362	0.8504086	0.11014629	6.4595304	7.949858	4.317032
even_worse	3.55093	0.86430484	-0.060313843	6.801491	7.985857	4.412174
evening_meal	2.0886092	0.7936329	-0.034698065	5.562553	7.195921	4.92749
event	2.1872523	0.9265531	-0.39887425	5.9625163	7.204478	4.6579866
eventual_go_away	4.327066	0.9432841	-0.20531262	5.6108065	6.3707795	2.6999192
eventual_your_body	3.6764367	0.8460869	-0.9932396	4.754581	7.6142583	3.6521037
ever_be_able	4.1726656	1.4187407	-1.3030452	7.2708044	7.791787	3.3805463
ever_experience	4.1264887	0.7910594	-0.4020941	6.388417	8.108978	4.6170454
ever_heard	5.6083765	1.217355	-2.7505193	6.13207	7.437471	2.7542212
ever_make	5.097884	1.0936611	-1.0933044	6.1066027	5.711971	2.1069248
ever_since	4.0677447	1.2490162	-0.3392018	7.0247927	7.3407516	3.336359
every_2_minute	3.3671408	1.0210623	-0.11144596	5.919351	7.5728188	3.00405
every_aspect	4.7027164	1.1170546	-1.9585682	5.9884057	7.6481423	3.339078
every_bite	1.6331577	0.643301	0.19788033	4.6740565	7.2202106	5.316299
every_doctor	6.750692	0.9099277	-3.4801917	5.224734	6.758829	2.3590014
every_evening	3.8525133	0.82065827	-0.5983628	6.2305284	7.8587	4.4514174
every_few_minute	3.2412581	0.9986291	0.15664017	6.0442524	7.538761	3.6193361
every_few_second	3.152475	1.017866	-0.026108973	6.0488787	7.745669	3.6040804
every_hour	2.9749396	0.8352237	-0.27224454	5.8031616	7.3077755	4.443523
every_night	2.6776404	0.8454376	0.13105993	5.864167	7.3845572	4.532642
every_now	3.5487144	1.0369257	0.615073	5.8603787	7.481059	2.883518
every_opportunity	4.095832	1.1056962	-0.28879115	5.1944466	7.229109	2.3491278
every_single_day	3.6810791	0.8796479	-0.20490004	6.54439	7.947919	4.5215964
every_single_person	4.537123	1.2204673	-2.0112062	5.9810166	6.9415574	2.59766
every_single_time	3.1858463	1.1361898	0.026581574	6.3890862	7.7554164	2.9262772
every_symptom	5.3411202	0.9677293	-2.1156864	6.3684363	8.414728	4.347995
every_test	6.850795	0.7376391	-3.1795492	4.704994	7.3605704	3.102306
everybody	4.4313154	1.3676385	-1.7800341	6.3910766	6.469777	1.8662409
everyday	2.9631476	0.9009936	0.24645321	6.2141485	7.550101	4.364832
everyone_around	3.3929796	1.2345711	-0.5201716	6.553216	7.571777	2.703874
everyone_else	4.7650156	1.4323132	-2.1820974	6.840115	6.916965	2.0825648
everyone_here	5.08631	1.4533476	-2.564246	6.682789	6.623086	1.7859321
everyone_on_this_sub	4.362845	1.2837057	-1.6959759	6.2155943	6.704829	2.2579231
everything	1.6731218	0.6377136	-0.014134046	4.8355083	7.3158646	5.492797
everything_go_well	5.988302	0.8080352	-1.9314202	4.9151416	5.1912885	1.9152057
everything_include	5.520088	0.8849582	-2.0507503	4.9358516	6.1221085	2.5864499
everything_make_sense	4.6887918	1.3431416	-2.2161856	6.881694	6.9709673	2.7369823
everything_worse	3.2785158	0.84363145	-0.13902085	6.8249693	7.802783	4.012151
evidence	6.407079	1.1976572	-3.4813738	5.636295	7.045381	2.2029405
evidence_that	5.6361685	1.0379279	-2.3929787	5.888495	8.5607605	3.8817499
ew	3.3257802	1.0377444	0.21779396	5.620229	7.7303987	3.1582897
exacerbate	5.3018303	0.9922637	-1.7631524	6.2150755	8.933089	4.3884296
exacerbate_by	5.1576447	0.95316637	-1.8803896	6.065688	8.626336	4.365735
exacerbate_my	4.5105467	0.83300567	-0.8140887	6.4302206	8.211964	4.623267
exact_thing	4.5581584	1.2075405	-2.0780518	6.234681	6.936166	2.7930984
exactly_sure	4.648442	1.0998883	-1.8120083	5.456761	7.075908	2.8116837
examination	6.885012	0.6937474	-2.9956694	4.5047245	7.077786	2.9409459
exasperate	5.0056863	0.985049	-1.7492185	6.3566713	8.371707	4.308343
exceed	5.2907557	0.95354706	-1.9574423	5.152198	6.444664	2.7093356
excellent	5.434372	1.2762438	-2.7514982	5.864839	6.333826	1.7881871
except	3.6542668	1.2207096	-0.028036032	6.711453	7.950084	3.6388648
excess_air	4.0661635	0.7249516	-0.078917965	4.8897676	9.338678	4.5272098
excess_flatulence	4.2701435	0.7640039	-0.73215353	6.008146	8.162706	4.501812
excess_gas	4.1480465	0.7251496	-0.20989145	5.1049924	9.303776	4.647987
excess_pressure	3.8543887	0.8294354	-0.35682908	4.9500685	8.570345	3.880691
excess_saliva	3.9004426	0.7533608	-0.12771259	5.8091016	8.017428	4.4990783
excess_wind	4.0022902	0.7804311	-0.6516815	5.9823837	8.098803	4.516449
excessive	3.8426733	0.89921075	0.19519177	6.53306	8.099253	4.2558846
excessive_air_swallow	5.412293	1.0012575	-2.137749	6.0864882	8.678796	4.2301717
excessive_amount	3.9785213	0.78560334	-0.58476263	5.061578	8.650815	4.23233
excessive_bloat	4.153298	0.78774434	-0.37844962	6.4620256	8.350695	4.7463293
excessive_burp	4.536899	0.85900104	0.14726475	5.6856728	6.3008323	2.8983924
excessive_fart	3.7675145	0.9614325	-0.6021408	6.334614	7.8422656	3.7279024
excessive_flatulence	4.1327105	0.79012597	-0.2607683	6.547206	8.463355	4.8080764
excessive_gas	4.1915507	0.7598308	-0.3627029	6.234206	8.615678	4.814619
excessive_saliva	4.0191827	0.81151485	-0.57031006	6.1812096	8.033602	4.5090165
excessive_salivate	3.4628716	0.9115117	-0.34841606	6.07597	7.8361583	4.103122
excessive_salivation	3.9458349	0.7673047	-0.3635472	5.9927964	8.134287	4.544731
excessive_wind	4.1256804	0.78594327	-0.7618609	6.019898	8.0222025	4.4765244
excite	4.752877	1.3853207	-1.8204972	6.496888	5.9939604	1.486608
excite_about	4.4694653	1.3187547	-1.7267407	6.255043	6.3609033	1.9193823
exclude_other	5.6298056	0.83840144	-2.3688123	5.540946	8.498743	4.273368
exclusion	5.611018	0.87203485	-2.5445704	5.3968496	8.005944	3.863529
excruciating	3.9636204	0.8066147	-0.3140015	6.481474	8.277283	4.7242374
excruciating_pain	3.7748806	0.7837089	-0.3053367	5.881423	8.124402	4.453635
exercise	3.9039838	1.1121768	0.089452215	3.8035567	8.820692	2.3585808
exercise_on_youtube	3.9037008	1.0791517	-0.04835652	3.8188574	8.7687645	2.4241335
exercise_search	3.9316618	1.0890538	-0.07321697	3.7985551	8.756079	2.3860881
exert	4.196982	0.83980596	-0.59985304	4.434127	8.770756	3.6762035
exert_myself	3.894682	0.81671476	-0.6869997	5.3267994	7.7908416	4.0622315
exhale	3.5664384	0.89559364	0.75680393	4.272496	9.003187	3.2918286
exhaust	3.0699687	0.9781786	-0.062827475	6.5115995	7.7932186	4.3478856
exhaustion	4.0317273	0.7191792	-0.45542023	5.506952	8.227642	4.4182024
existence	5.444852	1.070403	-2.450606	6.1881523	8.134658	3.7865427
exit_through	3.6815002	0.8217419	0.022238443	4.9903584	8.628114	3.853747
exorcise	3.2754397	1.0924755	-0.3598294	6.0086226	7.633394	2.8067906
exorcism	3.153841	1.1645299	-0.075574085	6.0513406	7.862836	2.9036672
exorcist	3.2219782	1.1010576	-0.34140718	5.8410068	7.720003	2.8829472
expand	4.143549	0.7232668	0.10343765	4.524147	9.414323	4.192852
expansion	4.310961	0.71629816	-0.6053784	4.6051345	8.995747	4.273805
expect	4.532099	0.7555163	0.2804685	5.49449	6.192255	3.250015
expect_to_pay	6.7126637	0.710998	-2.3563802	4.1491146	5.375865	2.1933
expel	3.72055	0.8354494	0.41658995	5.084977	9.073941	3.9716146
expel_air	3.442158	1.1558577	0.22144707	5.271248	8.237012	2.8629322
expel_gas	3.6241913	0.94674516	-0.16619976	5.223218	8.3667345	3.5887747
expense	7.1712494	0.65353596	-2.551385	4.021865	5.176845	1.9682732
expensive	7.2522426	0.69201976	-2.6761174	4.0653296	5.225594	1.9035956
experience_a_lot	4.266885	0.78864574	-0.44565266	6.3192863	7.8598256	4.443981
experience_so_far	4.89429	1.2297521	-1.9332983	5.925116	6.216888	1.9558662
experience_something_similar	4.977992	1.3239577	-2.2487702	6.138021	6.6582446	2.0676227
experiment_evidence	5.6015835	1.0524766	-2.7148907	5.351189	7.4528284	3.001114
experiment_prove	6.3201504	0.8904609	-3.0473442	5.012021	7.104448	2.8678296
experiment_result	5.9778695	1.1185235	-3.0939236	5.504765	7.285673	2.6139688
experiment_with_different	3.792205	1.0142491	-0.10684619	3.8244643	8.753067	2.7304296
experiment_with_posture	3.8263183	1.0379041	0.09917336	3.9027731	8.804978	2.6252034
expert	6.560442	1.1335864	-3.4728878	5.4428453	6.745388	2.1180158
explain	6.9265256	1.0272233	-3.4273677	5.4917245	6.9449167	2.3391585
explain_a_lot	4.622188	1.0939597	-1.766347	6.6112156	7.4577947	3.7145386
explanation_for_and_relief	5.204049	1.1819512	-2.5050025	6.1554565	7.273048	2.9236698
explicit	5.937865	0.97360486	-2.8867242	5.1343026	6.9221683	2.7123168
explore	6.6349373	1.1028522	-3.4034326	5.383075	6.8143973	2.2388957
explosion	3.4770668	0.9515039	-0.5105498	5.034505	7.897264	3.3203008
explosive	3.2562766	1.1001819	-0.022276679	6.1604123	7.776467	3.0914583
expose	4.96555	1.0847863	-1.8248136	5.655295	8.624919	3.6992786
exposure_therapy	3.774557	1.5543591	-0.60529035	7.277392	8.219143	3.4362307
express_how	4.0676084	1.3951906	-1.5166379	6.4330997	7.517543	2.7536018
expulsion	3.691154	0.811205	0.1264617	5.1286664	8.83621	4.011065
extend_my_neck	3.3591976	0.93970776	0.45858648	3.9803548	8.74046	2.9774272
extend_period_of_time	3.53274	0.8196892	-0.5237157	5.3250594	7.87008	4.101279
extensive_test_many	5.0922513	0.8478066	-2.2889652	4.839853	7.236491	3.397403
external	6.557028	0.64273024	-1.4594828	4.0654106	5.571279	2.4375403
external_injection	6.4716153	0.6793713	-1.6205934	4.176654	5.5408926	2.396665
external_through	6.5295386	0.62400144	-1.4441184	4.008286	5.600974	2.4572096
extra_air	3.851833	0.74752384	0.15078707	4.99835	9.194635	4.495108
extra_bloat	3.6036487	0.7641367	-0.3370224	5.276469	8.0397215	4.213999
extra_gas	4.397521	0.74712455	-0.6709139	4.9578695	9.200712	4.497986
extra_pressure	4.083118	0.6849862	-0.23943959	4.7980814	8.710275	4.222766
extra_saliva	4.1087384	0.7554891	-0.67872643	5.3286204	7.946616	4.286392
extra_sensitive	3.7440045	0.9316612	-1.1670749	5.67979	7.5835214	4.015362
extra_strength	1.9708575	0.8000631	-1.3049407	3.999822	7.6894794	5.378012
extra_test	5.867368	0.94422114	-2.7029445	5.0805116	6.808228	2.7439466
extract	4.7541676	0.88882273	-2.1398523	4.804777	7.1880517	3.2948582
extreme_annoy	4.2809067	1.0579611	-1.70061	5.758011	7.087027	3.1950366
extreme_bloat	4.0177484	0.8055808	-0.14923742	6.6198087	8.437581	4.813963
extreme_easy	4.1615205	0.78940487	-0.76230454	5.012322	6.9710913	3.521667
extreme_emetophobia	3.914984	1.4699508	-0.8495022	7.1987524	8.062153	3.5035217
extreme_flatulence	4.0973234	0.79618704	-0.41336566	6.3923087	8.263832	4.6279464
extreme_happy	4.7954583	1.2105069	-1.8857825	5.9210315	6.2165246	2.0495458
extreme_hard	3.1502519	1.1357135	-0.16049089	6.014358	7.812653	3.252164
extreme_helpful	4.8100266	1.313829	-2.24455	6.164349	6.433769	1.9684637
extreme_loud	3.2288952	1.1332909	0.003896551	6.2932844	7.795318	2.9665303
extreme_low	5.3101845	0.9065684	-1.4391559	5.396989	6.6112347	3.0388541
extreme_nauseous	3.2233164	0.92402184	-0.26628253	6.224024	7.6769347	4.319233
extreme_pain	3.8901205	0.81477225	-0.14018865	6.457071	8.293298	4.660539
extreme_pain_hiccup	4.105941	0.8957722	-1.0041915	6.0630894	7.849267	4.162739
extreme_pressure	3.6708393	0.8203011	-0.19980553	5.411404	8.048579	3.920468
extreme_sore	4.1238456	0.53736264	0.44577608	4.7603045	7.072644	4.0274
extreme_uncomfortable	3.3901565	0.8628435	-0.044243775	6.1589336	7.9636464	4.426532
extreme_unpleasant	4.599243	1.2281356	-1.4761841	6.5471296	8.04109	3.5586007
extreme_violent	3.5121183	1.0684202	-0.45814282	6.21483	7.7035275	3.2169874
extremity	4.4589124	0.7382139	-0.71941704	4.8716598	8.956339	4.327342
eye_open	4.677998	1.2896153	-2.185251	6.1784396	6.7880545	2.3012571
fab	4.512596	1.2309936	-1.7476941	6.0140767	6.3947887	2.1434665
face_down	3.4496286	0.81698793	-0.057298448	3.870185	8.525929	3.4596632
face_forward	3.440045	0.95421445	0.71966064	4.0124717	8.864002	2.9025872
facebook	5.4900994	1.4189048	-3.0128796	6.514044	6.7399445	1.8458408
facebook_page	5.511071	1.2718288	-3.066322	5.863821	6.8833866	2.2043667
facial_muscle	4.2475753	0.7080401	-0.64204496	4.417684	8.67433	4.0354233
facilitate	3.9585698	0.9796377	-0.021479849	4.0531	8.855887	2.9130917
facility	6.8947186	0.6592656	-2.4973614	4.172873	5.2047668	1.9749932
facility_fee	6.890511	0.65410566	-2.371145	4.0208454	5.2528043	2.131695
factor	5.5885167	1.0459672	-2.192476	5.9708786	8.854343	4.0376935
factory	3.7713897	0.8501019	-1.076084	5.120742	7.5700517	3.740119
fade	4.815456	0.91804016	0.11890225	5.541919	5.8827868	2.3160558
fade_away	4.7664876	0.92263055	0.08201385	5.52973	5.927911	2.3375123
fade_quick	4.4492197	0.7910626	-0.5227954	5.337798	6.414657	3.3032439
fail_to_relax	4.791624	0.76750827	-0.5178848	4.3195443	9.509454	3.9569833
failure	6.244369	0.78914124	-1.2144166	4.7440615	5.4784884	2.2460756
failure_to_thrive	5.12072	0.9665319	-2.0690935	5.807049	8.38289	4.116196
faint	3.4890933	0.82979155	0.21744591	5.850958	7.7775354	4.337373
fair_enough	4.7928963	1.189113	-2.0947173	5.7834907	6.634082	2.3650484
fair_point	4.3623896	0.9839185	-1.7126632	5.476139	6.9671903	3.3088706
fairlife	4.3744345	0.9211856	-1.8918648	4.903877	7.0454464	3.3068662
fairly_common	5.342849	1.1135589	-2.1242132	6.3917513	8.339536	3.8516102
fairly_new	6.048554	1.154877	-3.1199641	5.5874615	6.914287	2.380416
fairly_sure	4.846193	1.0288594	-1.9258312	6.036169	7.699298	3.7638543
fairly_well	4.319094	0.97618914	-0.08048171	5.6228657	6.4097214	2.5307806
fairy	4.013333	0.8898513	-1.5598539	4.9359946	7.406999	3.6086595
fake	3.201553	1.1836226	-0.1539328	6.465332	7.7016006	2.7865756
fake_burp	3.4940517	1.1491158	-0.07529536	5.67152	7.9657526	2.8817587
fall_asleep	2.7022927	0.8103128	0.53048253	4.0849285	8.537113	3.95064
falsetto	4.7205434	0.96605796	-1.8413514	5.6281266	7.7391863	3.6618106
familiar_with_doctor_bastian	6.3937607	1.026639	-3.320336	5.2232695	6.5862207	2.2334192
familiar_with_r_cpd	6.7339625	1.0406281	-3.4763043	5.2661123	6.6461334	2.1764112
familiar_with_rcpd	6.6784	1.0198725	-3.4452145	5.200379	6.5876913	2.1924279
familiar_with_this_condition	6.016104	1.0072024	-3.0433688	5.09313	6.4091115	2.31669
family_doctor	6.905178	0.99005723	-3.523593	5.191848	6.574885	2.1362646
family_history	5.2788696	0.9332601	-2.3449502	5.180842	7.421212	3.3639786
family_history_and_saliva_sample	5.6915674	1.1288315	-3.0597944	5.437748	7.21522	2.6580882
family_member_who	5.5889707	1.0441922	-2.6814632	5.582822	7.94869	3.4144547
famotidine	1.7827432	0.8309291	-1.6475414	3.872036	7.929428	5.7474136
fantastic	4.744079	1.3861272	-1.8426806	6.5105844	6.0197625	1.5195379
fantastic_news	4.652997	1.3071275	-1.8330055	6.135202	6.170594	1.7671622
faq	5.848753	1.2164723	-3.2692747	5.575889	6.686791	2.0645037
faq_document	4.9725423	1.3033394	-2.4462388	5.9057236	6.713035	2.0542998
faq_video	5.743757	1.1977942	-3.1918252	5.541735	6.907302	2.272495
far_as_possible	3.3393326	0.9025069	0.32789657	3.8419929	8.722734	3.1010702
far_less	4.3364587	0.786297	-0.40109673	6.331263	7.875604	4.4031878
fart	3.1967814	1.1631773	0.12693276	6.5158286	7.7951517	2.9126904
fart_a_lot	3.2204301	1.1626536	0.0499037	6.582166	7.7605095	2.9397423
fart_a_ton	3.3036048	0.918434	-0.58446354	6.027088	7.7100706	4.0947475
fart_lol	3.5952246	1.1658597	-0.6505134	6.1580935	7.742752	3.0760958
fart_more_than	3.4852142	1.2162292	-0.60592264	6.540886	7.59749	2.8745081
fart_so_much	3.4475124	1.2311563	-0.6623134	6.5871983	7.5845423	2.8285513
farty	3.3560503	1.1352099	-0.6278389	6.235366	7.548732	3.1458528
fascia	4.479064	0.73248446	-0.6720539	4.3380694	8.909	3.95627
fashion	4.748291	1.00917	-1.8849325	5.2962546	8.131062	3.5373054
fast_food	1.7424511	0.6950383	-0.7259666	5.258723	7.212062	5.442588
fast_rep_shaker	3.785485	1.0490919	0.08202469	3.8931346	8.760301	2.57868
fasten	4.386423	0.6439643	-2.018838	4.0542727	7.1213408	3.8431952
fat	1.579561	0.6368013	-0.83367854	5.1159754	7.421541	5.8501444
fatigue	4.2581687	0.79026836	-0.3652472	6.4400835	8.503887	4.8271303
fatigue_brain	4.259846	0.8263358	-1.6097527	5.0015607	7.2827506	3.6900046
fatty	1.8756912	0.64571446	-1.0647607	5.0635715	7.3450994	5.561485
fatty_food	1.6460475	0.6912405	-0.822111	5.2391787	7.31417	5.6028686
faucet	3.0705814	0.82250154	0.19983827	4.9575653	7.996793	4.0861726
fault	4.961882	0.8286228	-0.77798533	4.5180483	9.510904	3.9138703
fear	3.7468998	1.5667937	-0.53371674	7.3151107	8.237021	3.4471185
fear_of_puke	3.8491852	1.3618482	-0.9609338	6.9543843	7.9019246	3.5642333
fear_of_throw_up	3.8225038	1.532835	-0.6761941	7.2829976	8.226674	3.4793231
fear_of_vomit	3.8245714	1.5387361	-0.6790769	7.298086	8.229788	3.4800596
fear_vomit	4.051628	1.334758	-1.1917231	6.7471504	7.9342103	3.4631107
feat	4.361547	0.9785087	-1.5416062	5.5581694	7.0192575	3.3158164
feature	5.6977024	1.260575	-3.2155936	5.7459054	6.8443093	2.127829
federal	5.6501775	0.88113606	-2.1006384	4.820618	6.09599	2.5389245
fee	7.018343	0.604665	-2.4355273	3.971778	5.143184	2.0629423
feed_off	4.7671037	0.8984942	-1.5893954	5.517837	8.518866	4.175655
feel_a_bit	4.148094	0.6036807	0.54120326	5.2284794	6.520113	3.8389509
feel_a_little	4.1431875	0.5960322	0.53886527	5.2099657	6.5467653	3.8727417
feel_amazing	4.3360214	0.9478688	0.3180107	5.7625675	6.2636147	2.584406
feel_anxious	3.3488784	1.005984	-0.24137013	6.53987	7.788089	3.9233377
feel_ashamed	4.496175	1.2528825	-1.9965476	6.007498	6.736391	2.3593712
feel_awful	2.8079965	0.9764795	-0.12529276	6.3905644	7.6253138	4.4550405
feel_better	3.0616972	1.006319	-0.0056410306	6.6264567	7.8411403	4.3226748
feel_bloat	2.9678483	0.9645671	0.10245985	6.4623227	7.85963	4.4502487
feel_crappy	3.4439557	0.8982902	-0.52219015	6.0497265	7.453213	4.0995374
feel_dumb	4.401208	1.2213707	-1.9778669	6.1816306	7.0950623	2.8467739
feel_fine	4.1043296	0.5954836	0.39456424	5.1925774	6.2656927	3.8483338
feel_full	2.876156	0.9021238	0.06121302	6.246687	7.836555	4.625177
feel_horrible	2.8978932	0.97544	-0.048443407	6.4313064	7.7275653	4.449404
feel_hungry	2.8215241	0.88684845	-0.18620679	6.0668	7.649109	4.5931115
feel_like_a_balloon	3.1637447	0.8257196	-0.38081908	5.2876396	7.7639546	4.153262
feel_like_a_lump	4.054155	0.57479453	0.49666023	5.0533	6.855571	4.019874
feel_like_crap	2.9727054	0.9374716	-0.6680638	5.785109	7.326703	4.160276
feel_like_garbage	3.0808222	0.9721021	-0.5736055	5.9785995	7.3943825	4.0583515
feel_like_my_body	3.1318767	1.2902937	0.24144295	5.7158074	8.36979	3.2160087
feel_like_shit	2.7253633	0.96642137	-0.28569695	6.283325	7.4837193	4.418826
feel_miserable	2.6966827	0.9658387	-0.20074813	6.3187304	7.5299425	4.47704
feel_nauseate	3.2320662	0.98804075	-0.4106336	6.384101	7.710799	4.322275
feel_nauseous	3.0835917	1.0721188	0.086930335	6.6093607	7.9915514	4.2814207
feel_of_a_lump	4.0448384	0.5536312	0.55074567	5.028831	6.8601236	4.062769
feel_of_fullness	4.1233997	0.7468632	-0.2650951	6.2173486	8.3747	4.734836
feel_ok	3.9418497	0.5998731	0.24235722	5.151267	6.243838	3.9561117
feel_okay	3.7047837	0.61966294	0.17891712	5.1837254	6.367088	4.0837464
feel_optimistic	4.5620637	1.2474582	-1.6480011	6.0130916	6.3385873	2.0451202
feel_overly	3.62409	0.92887485	-0.6175338	5.9658637	7.5794687	3.791126
feel_pretty	4.12848	0.61430275	0.453986	5.2399106	6.4034605	3.8001091
feel_queasy	3.4389873	1.0181048	-0.37025717	5.9694324	7.857178	3.8719342
feel_sick	2.9690733	1.0212573	0.062156286	6.5386543	7.8750243	4.3965445
feel_stuck	3.1930833	0.738159	0.39882112	4.9857855	7.9674273	4.272064
feel_terrible	2.9912007	0.9574275	-0.16445628	6.347636	7.6369066	4.406536
feel_the_exact	4.259633	1.1289905	-1.6920607	5.8929467	6.774036	2.7788424
feel_tight	3.7506435	0.65243196	0.55476516	5.0688276	8.011049	4.242859
feel_tired	3.3348546	0.8264543	-0.10590353	5.7018623	7.5068364	4.2353334
feel_uncomfortable	3.1036956	0.90228134	0.10931519	6.281616	7.895745	4.4699497
feel_unwell	3.0867088	0.9743218	-0.50827825	5.731211	7.533181	3.957014
feel_validate	4.753883	1.3493114	-2.2482128	6.4520764	6.521888	2.0736356
feel_weak	3.9461412	0.66358924	0.20137078	5.3222713	6.90901	3.9863443
feel_weird	4.056546	0.5788531	0.6100076	5.138678	6.7896237	4.0090337
feel_worse	3.3175755	0.8973986	-0.03505399	6.7443695	7.879542	4.2774754
fees	7.052962	0.6577477	-2.5163379	4.058121	5.1945424	1.9811417
fellow_frog	4.4140377	1.0037477	-1.7199566	5.376163	6.702057	2.9274063
female	4.5477867	1.3549684	-1.7400566	7.3435025	7.8077807	3.589586
feminine	4.0136423	1.010681	-1.5234563	5.3122873	7.3868685	3.244012
fennel	1.9811919	0.7254285	-1.192256	4.7008014	7.5036902	5.413751
fentanyl	4.7824817	0.49127543	-1.0575428	3.5577302	7.0355973	3.641178
ferment	3.6126046	0.7017824	-0.63878983	4.970226	8.995791	5.040629
fermentable	1.7902422	0.64279634	-1.1424153	4.977042	7.458923	5.721147
fermentation	3.5904396	0.7004826	-0.6791307	4.9776278	8.971168	5.0640016
ferrous_fumigate	1.9611379	0.85181904	-1.2282227	3.7768018	7.74269	5.2514944
fetal_position	2.8787088	0.7974063	0.29066336	3.8796892	8.578626	3.8199608
fever	4.028292	0.65644145	0.12355516	5.43089	7.453216	4.2834682
few_people	4.776901	1.0393146	-2.0953	5.5559626	7.0141635	3.0606058
few_second	3.674573	0.8584834	-0.9534048	5.4429264	7.5408087	3.9758506
few_time	3.6710556	1.3156285	-0.091078706	6.802337	7.760976	3.285934
fiber	1.7017456	0.67797005	-1.0648768	4.869514	7.572326	5.776788
fibre	1.7168857	0.6547035	-1.0551425	4.9724493	7.4689283	5.754186
fibromyalgia	5.312442	0.95541453	-2.2207205	5.8547883	8.298938	4.088607
fibrous	4.410226	0.75872386	-0.97581124	4.794094	8.761537	4.2424936
field	6.4262834	1.195533	-3.4805033	5.5924172	6.927802	2.1527658
fifteenth	6.067575	0.82780695	-1.9578894	5.0288625	5.035196	1.7570118
fight_against	3.450212	0.96985394	-0.051205613	5.2836723	8.162774	3.5733209
fight_or_flight_response	4.0601397	0.9091551	-0.86479175	5.593094	7.9547033	3.966659
figure_id_share	4.967931	1.354912	-2.3638616	6.20848	6.4681983	1.8564789
figure_out_how	3.8400512	1.1034305	0.6652784	5.082205	7.992222	2.4292438
figure_out_why	3.931661	1.4295518	-1.3679459	6.484864	7.7941623	2.9521348
file	7.0855274	0.8106108	-3.0703268	4.42696	5.663385	1.9640183
fill_up_with_air	3.5679123	0.8096042	-0.08867379	5.074287	8.537084	4.1486926
fill_with_air	3.830268	0.7320095	0.006035821	5.034735	8.8769	4.340745
fill_with_gas	3.6895077	0.8486665	-0.6387772	5.269281	7.8998466	3.9256856
final_update	5.2775393	0.9519236	-1.7528443	5.2408724	5.880997	2.3029816
finally_decide	4.8579288	1.3273028	-2.4083512	6.5696135	6.7283344	2.405714
finally_get	4.9809313	1.2679662	-1.7936705	6.258448	5.795841	1.5952692
finally_realize	4.5604997	1.2434701	-1.80231	6.910208	7.6454163	3.5269294
financial	7.2019515	0.7790556	-2.9465954	4.2947803	5.473487	1.9030079
find_a_couple	4.6318855	1.2429457	-2.062759	5.8356795	6.8962455	2.3652182
find_a_hiatal	5.708351	0.8740768	-2.2123268	5.9559636	8.846214	4.551853
find_myself	2.9837778	0.944425	0.3724898	6.149467	7.6775107	4.153305
find_on_youtube	3.8910882	1.0629214	-0.10265989	3.7604306	8.769654	2.4767907
find_relief	4.6812153	1.3683357	-1.9835719	6.158339	6.3054357	1.6432548
find_some_relief	4.723286	1.3635482	-1.9623842	6.174255	6.1876216	1.582059
find_somewhere	5.3084874	1.078964	-2.5230548	5.322725	6.480282	2.3553915
find_this_community	4.774351	1.4328984	-2.2330837	6.7949553	6.66061	1.9724996
find_this_forum	4.746723	1.354429	-2.2951245	6.826111	6.926125	2.6013029
find_this_page	4.7146897	1.4074266	-2.242126	6.7922187	6.727206	2.1679425
find_this_thread	4.7959743	1.3843803	-2.3651822	6.7627177	6.7872376	2.3211248
find_you_guy	4.6825924	1.4124092	-2.1951566	6.769377	6.702863	2.101417
find_yourself	3.4566019	0.9706787	-0.87428063	5.122502	7.63225	3.5544846
finger_cross	4.7470117	1.3840603	-1.7901185	6.3514433	5.993741	1.448149
finger_cross_for_us	4.414134	1.1394455	-1.4533279	5.755619	6.470174	2.3713148
finger_cross_it	4.7356396	1.360792	-1.7550583	6.306661	5.9932647	1.5016757
finger_down_my_throat	2.9907215	1.4426618	0.3432276	5.912794	8.479328	3.0792994
finger_down_throat	3.2015166	1.3045585	0.12842849	5.516437	8.387323	2.9956336
finger_in_my_throat	3.0573397	1.3935242	0.1487796	5.8261623	8.363578	3.0944066
finger_in_your_throat	3.6676702	1.0887506	-0.769249	5.148781	7.876413	3.1658068
finger_method	3.0132718	1.4533246	0.28952572	5.9706116	8.466109	3.0957668
finger_x	4.685553	1.2938135	-1.6001891	6.142611	6.0613265	1.6984274
finish_meal	3.91013	1.1192715	-1.4169848	6.1172194	7.417133	3.5804932
firm	3.7033756	0.7648306	0.2579799	3.8525362	8.979683	3.5999005
firm_believe	4.933401	1.0516273	-2.0010054	6.048814	7.659724	3.6879694
first_appointment	6.6238947	0.83609414	-2.6448076	4.8466315	5.29537	1.7176589
first_appointment_with_doctor_spiegel	5.344499	0.9406502	-2.241373	5.051271	6.108352	2.4459474
first_consultation	6.330591	0.84800345	-2.56605	4.856016	5.3567767	1.8483038
first_day	4.3982916	0.76095885	0.49753985	5.485217	6.1241446	3.1042547
first_dose	6.3332415	0.7425299	-0.89623374	4.8153462	4.9338303	1.8790873
first_grade	4.144423	1.3667985	-1.3221127	7.1411695	7.7659636	3.5139928
first_injection	6.344343	0.74089587	-0.8965368	4.808279	4.9200473	1.8690424
first_instance	5.9913206	1.0527239	-3.0877151	5.120705	6.4859095	2.2666981
first_micro	4.4246216	0.91406024	0.21368924	5.5975876	6.1531425	2.6008997
first_month	4.4999046	0.8671022	0.41296202	5.5823584	6.085269	2.6662254
first_one	6.3490376	0.74229306	-0.8747339	4.8143277	4.9118667	1.8601723
first_person	5.8826017	1.0129983	-2.7197008	5.2530007	6.1160626	2.1908708
first_round	6.329898	0.7457007	-0.88650614	4.821976	4.9213157	1.8654448
first_shot	6.131057	0.7744029	-1.134014	4.860814	5.1041746	1.9807072
first_sign	4.029049	1.0765921	-0.17982703	5.5868464	7.13178	2.5377138
first_time_around	6.1654696	0.7863439	-0.97988933	4.9050045	5.060384	1.9277678
first_time_poster	4.653027	1.2629108	-2.063179	6.778052	7.039897	3.0348244
first_time_round	5.994876	0.8148732	-1.1347976	4.9497514	5.212947	2.018765
first_trimester	3.992981	1.0350893	-1.1852404	6.0269375	7.2757454	3.5902994
first_visit	6.3971524	0.8879647	-2.9012382	4.854196	5.8145924	2.0379944
first_week	4.4386363	0.8456843	0.4947178	5.5728073	6.1451483	2.7756882
fish_oil	1.9483294	0.8303509	-1.0922194	3.8387372	7.6957088	5.2185464
fish_oil_supplement	1.9308265	0.8631338	-1.1649594	3.741562	7.771781	5.223303
fissure	4.5692105	0.80536556	-1.7353961	4.8564863	7.6465497	3.8039687
fit_better	3.3652518	0.8454552	-0.6489345	5.62252	7.6725063	4.18262
five	4.266727	0.8747515	-0.40153515	5.4157753	6.146991	2.9049766
five_day	4.5328503	0.9266649	-0.29783148	5.559689	6.103156	2.5554354
five_time	3.7701886	1.2877469	-0.26480296	6.801178	7.570989	3.251107
five_year	4.548657	1.2080542	-1.7683524	6.9169264	7.1601048	3.4414666
fix_r_cpd	5.286025	0.96543115	-2.1043997	5.7316713	7.6157327	3.6479554
fix_the_root	5.077234	0.91128224	-1.9934164	5.4404078	8.367457	4.074468
fizz	1.1494437	0.85636175	-0.296538	5.637081	7.0739646	5.342362
fizzy	1.1146901	0.8772656	-0.39750552	5.6868205	7.0262322	5.3234906
fizzy_drink	1.1537862	0.89207476	-0.2501937	5.7549653	7.0620832	5.276164
fizzy_water	1.168078	0.9052671	-0.23549081	5.7603106	7.0616403	5.2334123
fl	6.0932207	0.95928764	-2.9817917	4.938097	6.136241	2.21623
flaccid	4.7374926	0.75188637	-0.67655605	4.2708435	9.150532	3.8820295
flair	5.1708055	1.2758622	-2.7080412	5.8529615	6.656414	2.0938537
flair_up	3.8590028	0.9037342	-0.8866204	6.003233	7.7987523	4.2916074
flap	4.4538283	0.746441	-0.011256849	4.2138276	9.500757	3.9025931
flare	4.757941	0.90403384	-1.3554285	6.2806945	8.426089	4.5278225
flare_up	4.1077747	0.86602724	-0.27897727	6.7094626	8.398499	4.7431183
flat	2.752698	0.80169576	0.52293235	3.9615343	8.642941	3.9259288
flat_belly	3.6592402	0.8071334	-0.77804947	6.0227036	7.6982393	4.3324885
flat_tummy	3.2848356	0.8219249	-0.7154789	5.727978	7.581586	4.297881
flat_water	1.7571687	0.7933576	-0.4234749	5.2011433	7.226709	5.0472317
flatten	3.0872278	0.7809884	0.16108815	3.9393494	8.521982	3.8284886
flatulence	4.05979	0.7971743	-0.1420106	6.6155763	8.526568	4.8602614
flatulence_decrease	4.2822986	0.8227367	-0.64704573	6.1040936	7.6567073	4.1433444
flatus	4.2919602	0.7910108	-1.0596077	5.195504	8.351891	4.2080045
flex	3.8947487	0.8728676	0.5208956	4.091743	9.283627	3.340345
flex_my	3.7652032	0.8159417	0.57963926	4.2349467	9.240632	3.618757
flex_my_ab	3.5892532	0.8907621	0.11063274	4.1931496	8.6572485	3.2600944
flex_my_stomach	3.366974	0.91562647	0.32007167	3.9104311	8.698494	3.0576684
flex_your	3.8355727	0.85120136	0.45656043	4.0462127	9.213153	3.3688776
flexible	5.3180547	0.39516687	-0.74354774	3.286955	7.4260035	3.592347
float	3.593382	0.7333624	-0.018833416	4.7572017	8.8692875	4.4034104
flonase	1.99403	0.77816945	-1.4620309	3.9484377	7.735198	5.5007005
flood	3.834351	1.037706	-1.2918469	5.566178	7.205431	3.0766706
floppy	4.649802	0.7394895	-0.5092057	4.352672	9.356898	4.0553126
florida	6.7103763	0.9474234	-3.2293277	4.853267	5.8916335	1.9095882
flower	3.8015673	0.95585275	-1.4956048	5.218072	7.4713845	3.699499
flu	4.010371	0.7573481	-0.16042769	6.1147437	8.015767	4.6040554
fluctuation	4.108682	0.89529	-1.586361	5.013008	7.452058	3.613839
fluid	2.3497183	0.67177904	0.18607919	4.795787	7.774405	5.018439
fluoroscopy	6.790353	0.7663831	-3.1429749	4.7073555	7.124548	2.895157
flush	2.8499718	0.7228459	0.20538372	4.5300055	8.127504	4.4249477
flutter	4.007698	0.6430527	-0.015749548	5.185138	8.554018	4.4465065
fly_back_home	5.753246	0.71741116	-1.9911637	4.4666877	5.563113	2.4433842
fly_to_chicago	6.9624496	0.81251377	-2.9162276	4.5378275	5.407613	1.8021711
foam	3.1331344	0.76949364	0.20733695	3.9115744	8.574299	3.8355014
foamy	3.1816425	0.7882972	0.48893678	5.1394186	8.071826	4.220224
focus_on_breathe	3.5349758	0.95356995	0.2551053	3.8876214	8.787093	2.9353082
focus_on_stay_hydrate	3.6330216	0.9520132	-1.0908343	5.2197294	6.942126	3.4369216
fodmap	1.7733631	0.6768907	-1.2345325	4.9091697	7.575751	5.8104677
fodmap_diet	1.9250809	0.71853036	-1.4304546	4.737505	7.6519074	5.7071886
fog	4.160348	0.61513066	-0.41648662	4.522803	7.4623833	3.9714117
folate	4.736531	0.83709353	-1.8047354	5.028457	8.1743965	4.026366
fold	3.9137132	0.6787294	0.08263491	4.144116	8.9740095	4.0138555
folk_on_here	5.3082952	0.9949942	-2.3321028	5.2368693	6.7766943	2.8112292
folk_who	5.074192	1.2586602	-2.4324243	5.9550614	6.8838706	2.3478892
follower	5.0475206	1.2660273	-2.5900419	6.248299	6.896309	2.5140808
food	1.5640615	0.6647197	0.074585564	4.885613	7.3020253	5.457858
food_allergy	5.5800266	0.84060323	-2.3110778	5.880574	8.578758	4.534951
food_and_drink	1.6369065	0.7002615	-0.22222659	5.104821	7.3313746	5.434559
food_and_liquid	3.0005414	0.69929737	-0.050777536	4.644402	7.6746325	4.4083643
food_diary	2.1147163	0.817385	-1.5607128	4.331002	7.7341385	5.4286795
food_down	1.6631403	0.6737698	0.22802323	4.7308846	7.2892275	5.2870355
food_elimination	2.0191479	0.7158799	-1.3552724	4.805747	7.5499973	5.528807
food_get_stuck	3.7785263	0.59258735	0.53324133	5.021725	7.1825633	4.184145
food_go_down	1.7081982	0.65452653	0.19145925	4.6572084	7.255522	5.24909
food_hang	4.037448	0.5628403	0.5063064	5.03625	6.87394	4.0498376
food_in_my_mouth	2.1161325	0.7361394	-0.21911015	4.762381	7.345832	4.887407
food_intake	1.9815773	0.6477225	-1.2053938	5.0385847	7.468537	5.604692
food_intolerance	5.553874	0.8966428	-2.2015474	6.087058	8.728777	4.553227
food_liquid	3.5778892	0.7267697	-0.021213397	4.818424	8.600279	4.4149766
food_or_liquid	3.1779244	0.71421385	0.36388683	4.946415	7.908178	4.339069
food_poison	3.8999877	1.3707294	-0.7549121	7.156968	8.137837	3.7578511
food_stuck	3.9135501	0.56956774	0.56035155	5.0182643	7.101524	4.1501417
fool	4.2739544	1.295818	-1.8587661	6.498503	6.9186463	2.5887225
footage	5.7724214	1.2207597	-3.2600014	5.5690246	6.733776	2.0838068
force	3.637462	1.0075552	0.7983941	4.613384	8.739676	2.9179223
force_air	3.482853	0.9338256	0.69249225	4.1828933	8.844069	3.0415618
force_behind	3.5705583	1.000003	-0.06732308	5.0154343	7.908629	2.9469025
force_myself	2.9676483	1.4861726	0.4239967	6.133436	8.514391	3.1684997
force_myself_to_gag	3.159827	1.2640389	-0.029707648	5.8125	8.111264	3.0546439
force_on_colon_wall	4.254283	0.7286617	-0.73584044	4.554608	8.812351	4.1676645
force_out	3.5736177	1.025382	0.78973776	5.191962	8.335912	2.9504638
force_them	3.6031077	1.0070577	0.8464968	4.513702	8.58139	2.7571144
force_them_out	3.5538623	0.9929655	0.85321957	4.3706737	8.6658535	2.788158
force_yourself	3.1527486	1.4142973	0.27329925	5.8711443	8.458995	3.0448046
forcefulness	4.9744997	1.1811345	-1.9671521	6.2703075	8.114363	3.5659988
forehead	4.0348954	0.9042889	-1.0962981	4.6760416	7.9539056	3.4762053
forever_grateful	4.761607	1.3221265	-2.2061002	6.2973256	6.574996	2.1224961
formation	4.5459785	0.7777246	-1.2557228	5.1205072	8.441137	4.2582917
former_noburper	4.787677	1.1755947	-2.0978453	6.1113477	7.148676	2.979786
forum	5.463655	1.4548584	-2.9813154	6.6350446	6.707445	1.7849202
forward	3.452156	0.88049763	0.7293155	3.9027681	9.061619	3.2127442
forward_a_bit	3.456618	0.9061274	0.4147978	3.8904815	8.856591	3.094647
forward_head	4.9067383	0.90691656	-1.8957866	5.278942	8.233136	3.9061453
forward_head_posture	4.7966123	0.90982777	-1.4562647	4.876673	8.627864	3.7391393
foundation	5.7752457	1.0123963	-2.9157493	5.0871277	6.522201	2.4372365
four_day	4.6045494	0.9181193	-0.23540667	5.542191	6.0179157	2.504018
four_week	4.5888505	0.9182068	-0.19709595	5.542806	6.0234647	2.5030951
fourth_grade	4.045818	1.3282089	-1.2905201	6.8608828	7.7406025	3.465652
fourth_try	4.8876367	1.0022472	-1.1448814	5.515561	6.016786	2.3187914
frail	5.713935	0.92574674	-2.2054508	5.4416637	8.112378	3.734888
france	6.8260126	0.9521994	-3.2654989	4.8026257	5.909312	1.9111768
frantic	3.957338	1.0376889	-1.7533169	5.3088174	7.2016063	3.0353994
freak_love	2.3093076	0.766877	-0.99597836	5.1387935	7.241223	4.9023633
freak_out	3.5298865	1.532782	-0.19943686	7.1233044	8.180598	3.4243119
freak_out_by	4.1592603	1.276163	-1.171167	6.3860617	7.335045	2.7768233
frequent	3.8891993	0.88680804	0.17778423	6.565351	8.13837	4.327096
frequent_diarrhea	4.4597774	0.84313154	-1.0244387	6.2555933	8.205799	4.5053897
frequent_urination	4.6679745	0.8616884	-1.499366	5.6573715	8.22305	4.2043114
frequently	3.664004	0.97117937	0.28388083	6.5246606	7.941302	4.0061965
friday	6.0641994	0.75637436	-1.9459906	4.837053	4.9885535	1.8551539
friend_house	2.360417	0.9083463	-0.60381526	5.775768	7.15614	4.538434
friendly	6.7828183	0.8181964	-2.8589969	4.575461	5.521959	1.8835826
frig	4.215897	1.2432615	-1.715785	6.1175404	6.941961	2.5955794
frighten	3.7633448	1.0458695	-0.51985824	5.807184	7.4783516	3.4066823
froedert	6.2924256	0.91640854	-2.939246	4.9191732	5.9157186	2.0771685
frog	3.1225743	1.0969411	0.0288766	6.3018074	7.75167	2.7713907
frog_croak	3.214841	1.0254583	-0.03188957	6.157795	7.7624035	2.973855
frog_croak_noise	3.2297568	0.8731774	-0.14255229	6.691176	7.7749867	3.7281547
frog_noise	3.1263187	0.9050348	0.3795964	6.4830146	7.877471	3.0870245
frog_noise_in_my_throat	3.5166206	1.0989146	-0.6889546	6.0772443	7.568443	3.2837706
frog_sound	3.1783056	0.9015849	0.1384925	6.3022585	7.8239303	3.1180522
frog_throat	3.26182	1.0058224	-0.21510221	6.2201033	7.6770487	3.0610702
front	3.445595	0.7860972	0.565379	3.8373628	9.022764	3.607706
front_face	4.1191487	1.0259289	0.16924004	5.6357303	6.733587	2.4536436
front_of_my_neck	5.046809	0.4888623	-0.63044983	3.513645	7.4148865	3.549652
front_of_your_neck	5.2244606	0.47091204	-0.6886077	3.4412367	7.294313	3.4824474
frothy	3.0889535	0.7622781	0.14998342	4.9680295	7.82528	4.238208
fructose	2.064808	0.7076829	-1.2313876	4.883266	7.4259553	5.385792
fruit	1.45055	0.6236721	-0.5750341	5.060891	7.283786	5.7982736
fruit_and_vegetable	1.7733856	0.6471232	-1.0539919	5.0665183	7.3607426	5.6618605
fruit_juice	1.2935671	0.7984415	-0.67248154	5.44196	7.0511823	5.3774004
fruity	1.7671947	0.7707151	-0.7903157	5.1684723	7.1900253	5.2102923
fry	1.4829637	0.59464526	-0.29095685	4.935017	7.167287	5.6784472
fry_food	1.5911611	0.65214545	-0.79104424	5.18371	7.3005466	5.7001796
fuck	3.3836226	1.3045003	-0.6481563	6.7521644	7.4483457	2.542066
fuck_my_life	3.830642	0.84124696	-1.3345169	5.012237	7.0450625	3.6851995
fuck_suck	4.607563	1.0295076	-1.7188319	5.9964986	7.488232	3.5421274
fulfil	4.3758025	1.0732619	-1.460266	6.2557273	7.0732613	3.3684547
full_anesthesia	6.7190695	0.6447955	-1.9094868	4.0442033	5.3635345	2.270043
full_breath	2.1534865	0.84448946	-0.7544712	3.7827716	7.8958797	4.881713
full_cover	7.171318	0.7190607	-2.7545164	4.121868	5.34894	1.9789766
full_deep_breath	2.1310873	0.8483623	-0.8671827	3.7996655	7.829588	4.9324465
full_extent	4.183978	1.1874189	-1.461313	5.959559	7.3414974	3.0043905
full_fledge	4.257732	1.099871	-0.24838783	5.4657016	6.868869	2.2596629
full_go_away	3.9207234	0.91463923	-1.0387082	5.8479247	7.2355804	3.8569067
full_of_air	3.8894048	0.6964254	0.22373028	5.001307	9.105594	4.462576
full_of_gas	3.856754	0.70033944	0.15656556	4.9895825	9.102576	4.4765096
full_price	6.695912	0.7378161	-2.3973112	4.191824	5.462246	2.214823
full_recover	4.5581145	0.86459947	-0.3337795	5.460085	6.2267914	2.858733
full_relief	4.100239	1.0578672	-0.14133993	5.745752	6.8514643	2.558447
full_spectrum	3.9600291	0.93824863	-1.4991798	5.373231	7.320296	3.6986384
full_stomach	1.9079149	0.76954526	-0.29578838	5.27603	7.351946	5.1148777
full_term	3.988535	1.1081606	-1.578016	6.1204	7.1368227	3.2434223
full_wear_off	4.96203	0.9213666	0.00465824	5.412666	5.8136964	2.1874566
fullness	4.060232	0.77303046	-0.17753977	6.390184	8.434974	4.7765408
fun	2.1279871	0.9490361	-0.38117912	6.0157957	7.205154	4.6237288
fun_fact	4.384978	1.2630126	-1.7087075	7.0008397	7.6829505	3.6931393
function_correct	4.8382635	0.76666343	-0.27141213	4.185146	9.755861	3.887113
functional	5.359442	0.8094857	-2.0720384	5.256365	8.587179	4.2633133
functional_dyspepsia	5.563675	0.8685898	-2.3903916	5.844978	8.316589	4.3094335
functional_medicine_doctor	5.7228947	0.9044028	-2.7325478	5.2838593	7.5579886	3.4067316
fund	7.08279	0.8935049	-3.2019336	4.600543	5.745558	1.8792644
fundamental	4.7492485	1.2576364	-2.1087065	5.871845	6.913927	2.3285325
funding	6.92181	0.92527074	-3.1953723	4.6699486	5.9368844	1.9958782
fundoplication	5.521745	0.9079348	-2.3550797	5.537415	8.036168	3.8748388
funny	3.255574	1.26355	-0.37136158	6.6976423	7.569753	2.5630279
funny_noise	3.1481807	0.8736317	0.003382595	6.5251355	7.784485	3.3339725
furniture	3.402177	0.7885374	-0.092124246	3.8736393	8.484529	3.6062682
fusion	4.870052	0.7890437	-1.9093173	4.6298304	7.702209	3.6567128
fuzzy	3.8642023	0.67620873	-0.1609149	4.8841987	7.33788	3.976352
ga	6.7704234	0.5943344	-1.6423107	4.0713816	5.2108626	2.170313
ga_procedure	6.139778	0.8162995	-1.4391564	4.7148576	5.590211	2.3057191
gad	4.9858875	0.93892455	-1.7556231	6.234322	8.370614	4.4143457
gag	2.9792812	1.5141926	0.4200295	6.2155185	8.540244	3.1732883
gag_a_lot	3.4864874	0.9198708	-0.17206806	5.6172357	7.7369156	3.9190352
gag_and_dry_heave	3.1841092	1.237922	-0.17899185	5.874345	8.094416	3.3914387
gag_fit	3.400885	1.1665292	-0.4459847	6.156621	7.825974	3.537365
gag_method	3.7943344	1.1852983	-0.3740798	4.779274	8.21482	2.6061406
gag_myself	2.9753108	1.4753853	0.420637	6.0422	8.526217	3.115713
gag_reflex	2.9997642	1.4859288	0.42670444	6.108713	8.535234	3.1703174
gag_reflux	3.5402975	0.9520505	-0.05356897	5.36483	8.223854	3.747591
gag_sensation	3.8908384	0.7366537	-0.07680248	5.582966	7.905354	4.361607
gag_trick	3.8611856	1.373764	-0.93889636	6.6357136	7.8922505	3.2046745
gag_yourself	3.1166968	1.353793	0.35114357	5.529324	8.581086	3.0321276
gain_weight	2.607265	0.85032827	-0.97438145	5.8511157	7.485156	5.064704
gall_bladder	4.981649	0.8257877	-2.051609	4.979671	7.725838	3.7713819
gallbladder_issue	5.2612348	0.96748435	-2.1962776	5.9414163	8.261912	4.0880804
gallbladder_remove	4.413182	0.9496889	-1.6323427	5.856752	7.4178576	3.8337216
gargle	3.1824632	0.88284844	0.42107192	6.4228487	7.936972	3.1854844
gargle_sound	3.2484863	0.8733387	-0.10964518	6.310829	7.79744	3.3297355
gargouillement	4.437055	0.66477287	-2.0882866	4.16288	7.1730695	3.8656168
garlic	1.5155678	0.66859597	-0.7017018	5.2161727	7.220471	5.6388
garlic_onion	1.8867465	0.6675234	-1.1371847	5.086804	7.384173	5.563736
gas	3.8876517	0.7385084	0.24578533	5.0552707	9.206868	4.4458027
gas_bubble	3.768519	0.73685515	0.44891426	4.7691607	9.062014	4.1252112
gas_build_up	3.8715763	0.73426116	0.20167904	5.426509	8.98596	4.5618496
gas_buildup	4.023674	0.7529609	-0.10897417	5.870593	8.784057	4.7363625
gas_cramp	3.986847	0.78219193	-0.66704977	6.0468025	7.940001	4.448344
gas_escape	3.7420177	0.83299214	-0.07738014	4.817578	8.583788	3.7626793
gas_in_colon	4.1749897	0.74396443	-0.76015806	4.7273874	8.898208	4.3501925
gas_in_my_stomach	3.837243	0.7395169	0.1157492	5.2567477	8.989356	4.5095263
gas_induce	1.9111776	0.65747535	-1.0239612	5.1080923	7.322345	5.4915104
gas_inside	3.7797415	0.8247901	-0.19052216	5.0929723	8.682349	3.9693615
gas_move	3.7379115	0.7457482	0.44887584	4.6099486	9.055938	4.004206
gas_pain	4.04023	0.79331577	-0.14661747	6.5729833	8.49046	4.8325686
gas_pass	3.0777485	0.7927109	0.078889616	3.84547	8.553125	3.7372236
gas_pressure	4.5961556	0.7457799	-0.56109405	4.77328	9.449246	4.38596
gas_produce	1.882347	0.65419334	-1.0474832	5.1131816	7.3925223	5.5767813
gas_production	3.7227356	0.75195074	-1.0005604	5.080573	8.685578	4.906045
gas_release	3.43106	1.004001	0.049552485	5.520551	7.773927	2.9953606
gas_rise	3.6751606	0.7757824	0.45341688	4.706243	8.911214	3.8817947
gas_stuck	3.8401825	0.74049246	-0.1389584	5.221863	8.059691	4.044684
gas_trap	4.055655	0.699324	-0.041995987	5.460897	8.915646	4.641449
gas_trap_inside	4.3754697	0.74628454	-0.86820865	4.935405	8.760276	4.308255
gas_x	1.7962264	0.7868185	-1.453253	4.155267	7.8161073	5.684181
gaseous	4.078296	0.7254113	-0.6470342	4.8238754	9.113448	4.618266
gaseous_distension	5.069445	0.82760245	-2.0140386	5.042932	7.99875	3.8936543
gaslight	6.3668394	1.0912051	-3.1883576	5.7010365	7.223076	2.618763
gaslight_by	6.0368314	1.1145717	-2.992598	5.82371	7.369415	2.774436
gasp	3.2603247	1.0146177	0.3444103	6.1716385	7.7543626	3.1499205
gasp_for_air	3.0977235	0.76546574	0.42569155	5.102208	7.919044	4.314232
gassy	2.920091	0.9420036	0.08058533	6.3917637	7.848104	4.542467
gassy_food	1.5530638	0.69462866	-0.77734464	5.230678	7.4296985	5.780525
gastric	4.5354953	0.74271333	-0.69645643	5.0234175	9.342526	4.5863457
gastric_burp	3.7150648	0.957922	0.12200967	5.5728073	7.296789	2.9291036
gastric_empty_study	6.668511	0.76303494	-3.0851889	4.7328286	7.1854506	2.9960098
gastric_empty_test	6.7835355	0.7525724	-3.156775	4.7264323	7.270119	3.0222218
gastric_sleeve_surgery	4.533914	1.1379961	-1.7867377	6.667197	7.183427	3.5637608
gastritis	5.609036	0.917279	-2.083621	6.290871	8.845601	4.6142087
gastro	7.1084027	0.95213425	-3.6109474	5.2004075	6.831022	2.2878015
gastro_doctor	6.8071823	0.9204458	-3.44471	5.130311	6.8403287	2.4347494
gastro_issue	5.578032	0.9370343	-2.291984	6.14492	8.5900345	4.390642
gastro_specialist	6.618062	0.9172936	-3.4035373	5.1574173	6.748645	2.4031572
gastro_symptom	5.407899	0.9833471	-2.3763433	5.549341	7.924475	3.6219208
gastro_who	6.3483477	0.8561518	-3.0767202	4.911759	6.824107	2.69156
gastroenterologist	7.0679474	0.957044	-3.588081	5.221995	6.854989	2.3124452
gastroenterologist_who	6.521353	0.935418	-3.3592448	5.1620827	6.788115	2.4463
gastroenterology	6.6025996	0.98137563	-3.3347862	5.0534286	6.222091	2.014183
gastroesophageal	4.4326863	0.76096344	-1.4614948	4.733443	8.023626	4.0026636
gastroesophageal_reflux	5.3414364	0.9084738	-2.3606584	5.2635283	7.727337	3.6122277
gastroesophageal_reflux_disease	5.1052127	0.86358833	-2.1989574	5.375376	7.898416	3.9886127
gastrointestinal	5.644002	0.86677957	-2.3999646	5.6689954	8.494913	4.258909
gastrointestinal_issue	5.4807076	0.958296	-2.2603447	6.1115174	8.529759	4.3010964
gastrointestinal_system	3.8450985	0.90910685	-1.3768756	4.792059	7.6355023	3.6090457
gastroparesis	5.7334857	0.93982136	-2.2505012	6.1769724	8.851326	4.482451
gastroptosis	5.2573028	1.0066563	-2.3887749	5.3404045	7.2608223	3.1111996
gastroscopy	7.0489926	0.7127887	-3.225254	4.615226	7.284341	2.9913132
gasx	1.82558	0.7788911	-1.3965129	4.247877	7.790521	5.6391706
gatorade	1.4481398	0.73682153	-0.45217025	5.207748	7.1039076	5.3817773
gaviscon	1.7513496	0.80663306	-1.5699505	3.9679804	7.873109	5.7474847
geez	4.382736	1.24403	-1.7553756	6.0474367	6.618057	2.2964547
gel	1.7214304	0.65401745	-0.5075862	4.8091774	7.2108445	5.4127655
gen	4.444738	0.5989534	-2.2879062	3.8747597	6.9686894	3.9063091
gender	5.200293	1.0249703	-2.3253167	5.7302876	7.9036593	3.5685124
general_anaesthesia	6.4256873	0.6806037	-1.8662865	4.193836	5.3726196	2.2986062
general_anesthesia	6.7521343	0.56880707	-1.601026	4.0116224	5.250971	2.226455
general_anesthetic	6.7693167	0.5999198	-1.6403842	4.055836	5.242158	2.1976783
general_anxiety	4.776065	1.0709249	-1.5877824	6.550537	8.287845	4.171992
general_combien_unite_de	4.485232	0.8472095	-1.8291945	5.0023975	7.0094304	3.5120568
general_discomfort	4.185104	0.7842162	-0.56771463	6.31038	8.188659	4.6351166
general_physician	6.2984385	0.9925686	-3.2531612	5.1568985	6.638072	2.3796701
general_population	5.4295306	1.1188177	-2.3167682	6.187281	8.437809	3.7776165
general_practitioner	6.6333346	0.97688246	-3.3984654	5.1455407	6.5715756	2.2311828
general_public	5.043951	1.0968094	-2.132079	6.0836687	7.5333333	3.3779724
generalize_anxiety_disorder	4.9247313	1.0417862	-2.0078404	6.25839	7.717304	3.8274229
generate	3.991843	0.85149825	-0.4567066	4.4878287	8.637034	3.6233938
generic	2.0249252	0.78362656	-1.3674252	4.3332205	7.6803045	5.4139647
generous	5.400252	0.9452223	-2.2783542	5.007361	6.3881574	2.6310098
genet	4.451863	0.6348326	-2.2000265	4.039903	6.988357	3.84818
genetic	5.4582286	1.1625823	-2.239065	6.3354206	8.61828	3.8075955
genetic_analysis	5.6596985	1.1290864	-3.001993	5.447989	7.229289	2.6735551
genetic_factor	5.7173243	1.1012169	-2.9803672	5.45951	7.5310335	2.9152431
genetic_test	5.2864895	0.9455412	-2.4661918	5.1872497	7.6044	3.4463992
genetic_thing	4.8136344	1.1919478	-2.065388	6.299422	7.664869	3.3508906
genetics	5.3427486	1.0465353	-2.2345133	5.8502893	8.505474	3.8910277
gentle	3.4896529	0.8421965	0.65769356	3.9062178	9.086301	3.3962688
gentle_press	3.677952	0.8355784	0.10828374	4.023637	8.754269	3.3681548
gentle_rub	3.3525407	0.82616246	0.18922125	3.7570307	8.758341	3.4495432
gentleman	4.928874	1.1048721	-2.2695885	5.39014	6.673722	2.5116665
genuine	4.2914786	1.4063249	-1.6366662	6.869681	6.859982	2.1721213
genuine_believe	4.9896846	1.1159469	-2.082672	5.8893647	8.213181	3.5860345
george_washington_university_hospital	5.834321	0.8821337	-2.1870089	4.96234	5.5488553	2.0875914
gerd	5.611789	0.91493106	-2.068653	6.2707043	8.879895	4.630937
gerd_acid_reflux	5.5676327	0.90820205	-2.287891	5.853183	8.625489	4.310437
gerd_and_ibs	4.81148	1.0721982	-1.9690378	6.1117716	7.7882433	3.7128382
gerd_and_r_cpd	5.390493	0.9068739	-2.2182617	5.960897	8.42366	4.341445
gerd_lpr	5.5286574	0.8701762	-2.3312483	5.767278	8.398896	4.2933416
gerd_symptom	5.2423987	0.9045451	-1.8286775	5.991363	8.759786	4.520674
germany	6.9825425	0.90614086	-3.2047484	4.6708255	5.7425075	1.8589317
get_100_unit	6.27781	0.7502115	-1.0556072	4.807098	4.998262	1.919739
get_a_cold	3.707484	0.7745862	0.03440489	5.9332485	7.835101	4.490518
get_a_referral	6.991617	0.96272874	-3.4471526	5.1012106	6.348732	2.0289273
get_a_wedge	2.2232628	0.7379372	0.20550169	3.986771	8.232833	4.4763036
get_catch	3.0864491	0.69152623	0.38900802	4.9129243	7.7865095	4.4119973
get_diagnose	6.78671	1.0233957	-3.3607278	5.4934316	7.1988893	2.5948796
get_discourage	4.575989	1.2587658	-1.7048934	6.000846	6.451173	2.0341957
get_drunk	1.5200013	0.8955766	-0.32840687	5.8247466	7.1230464	5.0859513
get_mine	6.334177	0.80406255	-2.1360774	4.8915815	5.050936	1.722584
get_nauseous	3.1314275	1.1170985	0.09668074	6.617442	8.063599	4.232083
get_old	4.6595764	1.1429263	-1.5200034	7.131157	7.976373	4.137825
get_pregnant	3.9911726	1.3375264	-1.0499582	6.866821	7.6633015	3.4525833
get_refer	6.962318	0.98569065	-3.4788694	5.1596055	6.485159	2.0939462
get_rid	3.7471814	0.8257024	0.30776033	5.269267	9.018652	4.124803
get_sick	3.1841702	1.4644867	0.06447081	6.755244	8.320311	3.5345685
get_stomach_ache	3.8560529	0.90552574	-0.5764223	6.463986	7.917832	4.357217
get_stuck	3.1683934	0.7386871	0.60670036	4.963578	8.089401	4.274582
get_tired	3.289544	0.7366767	0.0966918	4.9950433	7.4107213	4.082743
get_trap	3.7579694	0.7948371	0.3338632	4.9948697	9.140599	4.115286
get_up_and_microwave	2.9052162	0.8740078	-0.84149736	5.3402953	7.22726	4.192176
get_use	3.9373791	1.0590053	0.7278217	5.0879583	7.6896634	2.411898
get_worse	4.447288	0.9091378	-0.78692704	6.8358097	8.176812	4.60593
get_worse_with_age	5.310443	1.0973636	-2.0339706	6.6174116	8.426365	4.098604
gi	7.099569	0.9498876	-3.6016133	5.198416	6.8589897	2.3140304
gi_doc	7.121773	0.95131373	-3.6283462	5.1975784	6.7975364	2.260132
gi_doctor	7.1173387	0.9578883	-3.6296904	5.2080593	6.8073673	2.259695
gi_issue	5.4900703	0.9746672	-1.997288	6.5573335	8.747956	4.5607915
gi_problem	5.5057163	0.94679844	-2.3022425	6.1146398	8.502274	4.32056
gi_referral	6.3005075	0.9552167	-3.1415322	5.1938252	6.937911	2.6536593
gi_specialist	7.1234202	0.9452602	-3.6330569	5.181995	6.7803593	2.2566545
gi_symptom	5.404634	0.9958791	-2.2025843	6.217186	8.489278	4.2418456
gi_system	4.71058	0.82693374	-1.3746477	5.160017	8.799008	4.290908
gi_test	6.6135793	0.89298886	-3.238234	5.046643	7.118085	2.7702677
gi_tract	4.265036	0.7265069	-0.5513888	4.8236485	9.271042	4.541366
gi_who	6.333904	0.960278	-3.2312708	5.122529	6.4584994	2.2588027
giant_burp	3.527688	1.0629779	0.05795026	5.766142	7.450049	2.7193897
giddy	4.6420484	1.2316806	-1.6854687	6.0107903	6.1861944	1.9492012
gigantic	3.3959033	1.0329796	0.08786516	5.5580597	7.681048	2.8723319
gin	1.3315997	0.8074647	-0.66442156	5.425445	7.014913	5.302345
ginger	1.7126893	0.7416595	-1.1622694	4.575636	7.6410313	5.655372
ginger_ale	1.1649204	0.8311647	-0.2936644	5.510876	7.083874	5.3643374
ginger_beer	2.18247	0.8053987	-0.8440441	5.253899	7.2095823	4.8443847
ginger_chew	2.1181908	0.7733414	-1.334126	4.5148253	7.619535	5.327305
ginger_tea	1.8261329	0.76455915	-1.2545892	4.445936	7.709821	5.569742
gird	5.6020575	0.8737998	-2.2536325	5.761675	8.407876	4.2709103
girl	3.2495584	1.2975059	-0.5376136	6.7714715	7.5410004	2.4876132
gis	6.70629	1.0661759	-3.4775236	5.361831	6.813436	2.2433074
give_your_body	4.0137506	1.0980874	0.25922972	4.828036	7.8843513	2.357616
glad_to_hear	4.74854	1.3903589	-1.8052024	6.4099846	5.9908876	1.4458901
glad_you	4.6826487	1.4143902	-1.940334	6.484513	6.1883397	1.581541
gland	4.2865353	0.64212203	-0.1783751	4.244215	8.825503	4.052206
glass	1.2069627	0.81071657	-0.50665796	5.4642096	7.0463715	5.3758483
glass_of_water	1.8685112	0.73319674	-0.27352872	4.877335	7.230763	5.0647674
globus	4.7025943	0.80429655	-0.8712505	5.9580417	8.68506	4.6583652
globus_sensation	4.2903805	0.757898	-0.309028	6.112779	8.359386	4.743989
gluten	1.7349004	0.6365103	-1.0626144	5.099996	7.464927	5.815502
gluten_and_dairy	2.1047204	0.7513653	-1.4513081	4.734413	7.6344724	5.5175567
gluten_dairy	1.9110798	0.6762855	-1.2611685	4.9407377	7.473421	5.6194253
gluten_free	1.9062786	0.68496156	-1.2930785	4.9149957	7.500452	5.6401486
gluten_free_diet	3.9300656	0.9394218	-1.715556	5.716176	7.5951376	4.274687
gluten_intolerance	5.526223	0.9098015	-2.3058043	6.099526	8.444751	4.393328
gluten_intolerant	5.468944	0.8524443	-2.290968	5.7742696	8.502912	4.433954
glycerin	3.574024	0.82043827	-1.1412296	4.592328	7.6311636	3.8494866
glycinate	4.031309	0.88973707	-1.7557971	4.778572	7.2066636	3.5894022
gnarly	3.7512622	0.8476591	-0.2546216	5.4230723	7.788727	3.5491128
gnaw	3.9461207	0.7472911	-0.28311098	5.993969	8.177271	4.599303
go_along	5.1549745	1.1521332	-2.2943304	6.150078	7.0487003	2.9784563
go_down	1.7571433	0.6560791	0.2411208	4.720847	7.322209	5.242856
go_keto	2.2065725	0.77698416	-1.0484973	5.0481415	7.4306674	5.1112423
go_private	7.105459	0.8476933	-3.0555813	4.547812	5.5736217	1.8216301
go_strong	4.8357143	0.9358038	-0.2295444	5.552005	5.848016	2.2941957
go_swim	3.1346595	0.9974722	-0.77789104	5.8204923	7.3525786	3.9198291
go_to_a_gastroenterologist	6.8092484	0.90612465	-3.4018602	5.1059527	6.9398527	2.5361795
go_to_bastian	6.89252	0.8153008	-2.8699117	4.540812	5.4307184	1.8429934
go_to_bed	2.4694808	0.7992829	0.12398657	5.6573296	7.25871	4.685068
go_to_burst	3.6235857	0.7803618	0.062285047	5.427884	8.22643	4.2002687
go_to_bvi	6.9908543	0.80515456	-2.8869028	4.485111	5.412813	1.8341537
go_to_chicago	7.0155253	0.8159036	-2.9088757	4.5488744	5.3950944	1.7703635
go_to_doctor_bastian	7.0004215	0.81983304	-2.929105	4.5570803	5.415895	1.7825708
go_to_doctor_spiegel	5.8013	0.9069679	-2.2953897	4.909226	5.8954678	2.2962465
go_to_sleep	2.5626447	0.7920705	0.09110047	5.572265	7.2668576	4.619129
go_to_the_bathroom	2.9259865	1.4215132	0.3804676	5.996182	8.451271	3.153079
go_to_the_restroom	3.08468	1.043046	-0.551376	5.564134	7.6101613	3.706012
go_to_the_toilet	2.9738898	1.4172899	0.34571198	6.055465	8.419173	3.2049618
go_under	6.7492604	0.5704262	-1.6122626	4.0226574	5.239831	2.2248998
go_vegan	4.375705	1.003165	-1.7907175	5.9030538	7.6405845	3.9407473
go_wrong	5.4616194	1.075616	-2.3345847	5.4873943	7.524825	3.040812
god_awful	3.2947788	0.97419643	-0.23672128	5.908338	7.7464385	3.174649
god_forbid	4.258488	0.87205887	-1.3145438	5.2643695	6.800211	3.4192154
goddamn	3.7699814	1.1584233	-1.1008266	5.908661	7.394855	2.9379168
godzilla	3.2308471	1.0841919	-0.1895471	5.9758654	7.710084	2.839336
good_alternative	2.4360116	0.81365395	-1.0694613	5.18172	7.2707267	4.7526155
good_chance	5.6698546	1.0025345	-2.3515992	5.229693	6.8503537	2.7571309
good_decision	5.090027	1.0923069	-1.0988951	6.1231756	5.717192	2.127803
good_lord	4.2397676	1.2021201	-1.5583545	5.940801	6.646238	2.4098604
good_luck_on_your_journey	4.709538	1.2917186	-2.0875978	5.907583	6.6549945	2.0424366
good_money	7.0448403	0.66279817	-2.4677358	4.0574	5.162931	2.000849
good_news	4.705309	1.3252754	-1.8304272	6.1628	6.101382	1.6759944
good_outcome	4.6621675	1.3061187	-1.7556661	6.11799	6.152581	1.7314297
good_posture	3.6305506	0.94260335	0.201095	3.8264456	8.880632	2.976685
good_resource	5.4535503	1.2481468	-2.8949828	5.717115	6.8780684	2.199654
good_samaritan	6.000786	0.8179672	-2.462764	4.5748897	5.798912	2.3660386
good_success_rate	6.1938148	0.86017346	-1.7669002	4.8499413	5.842392	2.335077
good_to_hear	4.681636	1.383823	-1.8494198	6.426254	6.111477	1.5814176
good_to_know	4.6381807	1.3925792	-1.848615	6.4396667	6.1859927	1.6133901
good_vibe	4.8400555	1.2550046	-2.1237469	5.9487348	6.258553	1.9335169
goodbye	4.520026	1.2460184	-2.0433238	6.112781	6.691055	2.3716567
goodness	4.5034885	1.2753773	-1.7409205	6.0894485	6.3467703	1.9625453
goods	2.0756166	0.7619192	-0.9648257	5.0755763	7.1863003	5.012054
goody	3.7839446	0.8476716	-1.153946	5.0058103	7.2377586	3.6540778
gord	5.595921	0.95918703	-2.3345022	6.01673	8.616025	4.2582035
government	6.9459467	0.8652095	-3.0190732	4.4297633	5.7030816	2.0124571
gown	4.925255	0.44673228	-1.0907056	3.3471422	6.9314957	3.5451703
gp	7.0745974	0.96457225	-3.5963938	5.1687846	6.5889044	2.1250043
gps	6.7803655	1.0858654	-3.5204258	5.4225163	6.81383	2.184068
grab	2.8335047	0.79934424	0.4835908	3.9508142	8.648828	3.891333
grab_something	3.1783378	1.1708933	0.21783787	5.3583903	8.321376	3.1948454
grace	3.7011528	0.83708656	-1.1781329	4.742451	7.4644475	3.7060452
gracias	4.4408016	0.72445714	-1.9539093	4.4169335	7.3245983	3.8096259
grade_school	4.1255517	1.2252605	-1.3593758	6.748579	7.4976783	3.5429757
gradual	4.4696984	0.959434	0.008946813	5.558357	6.226287	2.4458225
gradually_get_better	4.4770594	0.887517	-0.20574541	5.5710835	6.2951713	2.8404932
gradually_get_worse	4.7245064	1.0094889	-1.524145	6.5436916	7.40198	3.8752544
gradually_over	4.62127	0.8627886	-0.32135406	5.64921	6.407303	3.0714118
gradually_worse	4.2066064	0.9684027	-1.4129834	6.0631013	7.310691	3.8181326
grain	1.8311633	0.64575577	-1.12764	4.9742255	7.420395	5.6500874
granola_bar	2.142207	0.7419421	-0.6417617	5.153794	7.1657767	4.983621
graphic	5.204675	1.2052882	-2.7832031	5.6168466	6.8338456	2.3264327
grasp	3.9080749	1.3428924	-1.183415	6.2556	7.7520537	2.9279602
grateful	4.584615	1.42423	-1.9259511	6.7526774	6.4925513	1.8437648
gratitude	4.7691092	1.362859	-2.2222083	6.304351	6.4570327	1.8837029
grave	5.0599575	0.8597244	-2.1713378	4.988069	7.746582	3.666788
gravelly_voice	3.902291	0.7978293	-0.41225874	5.711844	7.9096446	4.310325
gravity	3.46107	0.8469018	0.6223841	3.9954774	9.107821	3.5018642
gravol	1.9527464	0.8477349	-1.2639929	3.8266377	7.755601	5.2951903
grease	1.5659515	0.6328954	-0.7627599	5.1030436	7.310627	5.748439
greasy	1.6765738	0.66055644	-0.84936506	5.1929545	7.2631345	5.582453
greasy_food	1.5457606	0.68731743	-0.6892345	5.2545595	7.3244076	5.6733813
great_choice	5.1147614	0.9137048	-1.114332	5.3359423	6.0778313	2.6105127
great_community	4.9285936	1.2730772	-2.406576	5.948321	6.6423197	2.1563137
great_deal	4.2198896	0.95670843	-1.5328717	5.370186	6.9742956	3.3524606
great_difficulty	4.881362	1.1101317	-1.879392	6.477602	7.849315	3.8043633
great_improve	4.4034367	1.0382797	-1.5027871	6.4553084	7.373111	3.7548163
great_news	4.7952847	1.3565706	-1.9551537	6.2392592	6.06504	1.5428895
great_ormond_street	4.781667	0.96995354	-2.044904	5.517385	7.030201	3.2924502
great_point	4.4042554	1.2693727	-1.8346797	6.0966277	6.660399	2.2555988
great_shape	3.85844	0.97991544	-0.9471938	5.834559	7.719432	3.8887293
great_sign	4.227943	1.0193391	0.04662154	5.605688	6.626418	2.4454262
great_so_far	5.93497	0.8647852	-2.0673382	4.910449	5.5743227	2.1381693
great_success	5.800037	0.8357791	-1.4034102	5.0036836	5.3838787	2.1404164
great_to_hear	4.8002467	1.4011213	-1.9790213	6.413825	6.088261	1.486686
greek_yogurt	1.7965854	0.6530562	-0.6056704	4.9113793	7.1421757	5.3520203
green_tea	1.5118524	0.75268495	-0.7921524	5.148385	7.214732	5.439526
greet	4.0329857	0.9556286	-1.68721	5.034515	7.1120915	3.1460128
greeting	5.107469	1.2447871	-2.573731	5.8546247	6.730537	2.2547784
grief	4.593658	1.0865269	-1.7923054	6.19029	7.806871	3.7350311
grill_cheese	1.5973744	0.61229414	0.046129905	4.8434606	7.147457	5.47845
grimes	4.528224	1.1569023	-2.0461106	5.8193994	6.995516	2.7870376
grin	3.5739484	0.9332915	-0.757648	4.9405828	7.7189064	3.3299391
grind	3.6153436	0.8491056	-0.26909396	4.45287	8.3111515	3.5329463
grind_my_tooth	4.3861556	1.0659395	-1.4776262	5.6118326	8.152722	3.6124544
grip	3.575677	0.76745325	-0.16263229	3.930626	8.4628315	3.6118383
grip_sock	4.8624425	0.47095513	-1.1430235	3.4215553	6.943237	3.5611296
groan	3.1606774	0.8918995	0.31415042	6.2952447	7.9191403	3.1011517
groggy	4.1227036	0.58013225	0.39188457	5.160858	6.275813	3.8699236
gross	3.19692	1.2256144	0.08420364	6.500513	7.7661567	2.9211497
gross_but	3.2844334	1.2351438	0.14450538	6.364165	7.797803	3.190309
gross_out	3.531303	1.2621361	-0.62576693	6.555922	7.6156564	2.8038297
ground_beef	2.2876818	0.7141839	-0.9090527	4.939304	7.2119217	4.977881
group	5.492916	1.4569143	-3.0067952	6.6273146	6.715259	1.7789242
group_chat	5.1860533	1.2357078	-2.7796202	5.794964	6.9877195	2.4232192
grow_old	4.7032504	1.036409	-1.7896824	6.3411064	7.842234	4.007308
grow_out	4.5137568	1.3632661	-1.6397828	7.31864	7.9532337	3.6281664
grow_up	4.4819117	1.4014441	-1.5889341	7.4591274	7.9362864	3.607195
growl	3.139982	0.9456736	0.3400997	6.402726	7.860629	3.0203974
growl_noise	3.233085	0.91629565	0.0525086	6.2732706	7.782689	3.176208
growth	5.0735035	0.7749123	-1.8658555	4.816393	8.341962	4.0399923
grumble	3.19941	0.8672903	0.30333656	6.2346344	7.954285	3.2066927
grunt	3.2552204	1.0258241	-0.054174654	5.90524	7.7462897	2.8888636
grupo	4.4132767	0.7931986	-1.772219	4.71361	7.420687	3.7343926
guardian	5.393795	1.0191752	-2.6107183	5.1850004	6.910486	2.7721553
guest	4.030393	0.97130275	-1.7165462	5.051222	7.141254	3.0972543
guide_injection	6.064733	0.7465164	-1.6786159	4.396178	5.9832397	2.623918
guinness	1.2246071	0.8239707	-0.6157434	5.526217	6.9958625	5.321591
gulp	1.4539958	0.7467021	0.06617117	4.8887224	7.227596	5.294902
gum	1.4923654	0.70664936	-0.78056514	5.0221047	7.32741	5.6727085
gummy	1.9832039	0.71846473	-1.0293626	4.7491217	7.348716	5.3021126
gurgle	3.1769056	0.91180176	0.43736133	6.4520583	7.9014645	3.1667542
gurgle_a_lot	3.597359	0.9192741	-0.013076918	6.067959	7.5261927	3.6857445
gurgle_and_croak	3.3605382	0.9867967	-0.043508563	6.1533694	7.7126393	3.2797163
gurgle_attack	3.6840482	1.0275251	-0.77512616	5.8928847	7.741843	3.7318413
gurgle_croak	3.1535158	0.8898154	0.34616953	6.3769135	7.91149	3.1088052
gurgle_episode	3.4182868	0.901307	-0.62641656	5.4742785	7.6137943	3.9139159
gurgle_frog	3.2243001	0.96033114	0.038350668	6.252766	7.775663	3.0257142
gurgle_like_crazy	3.3933134	0.9009413	-0.32334146	5.874866	7.708229	3.684649
gurgle_noise	3.1130211	0.88370615	0.36118516	6.4740067	7.9214063	3.1312788
gurgle_sound	3.1309788	0.8939616	0.37280664	6.457494	7.8970547	3.102821
gurgler	4.385809	1.1820964	-1.7412189	6.5043926	7.1406875	3.2100666
gurgly	3.1416805	0.94033754	0.19226415	6.4164004	7.8695593	4.214257
guru	6.1923485	1.0073521	-3.1885161	5.10865	6.4256806	2.2457225
gut	4.182544	0.7192933	-0.5209907	4.9637213	9.314228	4.7359495
gut_flora	3.9270244	0.7609874	-1.1181695	4.8384905	8.631305	4.606593
gut_health	4.9157853	1.0246137	-2.1246684	5.4995055	8.119477	3.7569697
gut_issue	5.281672	0.93965405	-2.0211654	5.945586	8.703433	4.384242
gut_microbiome	5.1388674	1.0364888	-2.1349492	5.5106544	8.153607	3.5705802
gut_motility	2.4011927	0.7108541	-1.2707944	4.7687726	7.7743087	5.361221
guttural	3.54103	1.0020663	0.08140523	5.637241	7.622119	2.905684
gwu	6.2733197	0.8489954	-2.530848	4.79517	5.447664	1.9496076
gwuh	5.710655	0.9098985	-2.4893217	4.9147263	5.9832006	2.343131
gymnast	4.31779	1.2601768	-1.7287583	6.8740788	7.7049613	3.663005
gynecologist	5.3340554	1.0063263	-2.4006743	5.622646	7.912658	3.6502795
h2_blocker	1.8474358	0.8402442	-1.6563432	3.836356	7.915946	5.6833677
h_pylori	5.71858	0.89088124	-2.3415341	6.0075846	8.705693	4.4808497
h_pylori_test	6.6020947	0.7508732	-3.0446959	4.773084	7.3152385	3.12941
habit	3.858333	1.0616599	0.6392549	4.7053742	8.660752	2.7904608
hagen	4.43755	0.5618857	-2.3910673	3.724096	6.9178786	3.9641588
hahaha	3.3777244	1.2978314	-0.6061936	6.738064	7.453824	2.464939
hahahaha	4.3123417	1.2804364	-1.7182341	6.178312	6.6361003	2.2163668
hair_net	4.902179	0.4805434	-1.1696905	3.4175038	6.9157095	3.5223732
hairnet	4.8282733	0.48049113	-1.1167587	3.445951	6.9930263	3.5800922
half_way	3.4825613	0.92102367	-0.19957711	4.669399	8.100095	3.2801027
half_way_through	2.639419	0.90410936	-0.6484455	5.727925	7.2258596	4.387793
halfway	3.8247313	0.76146775	-0.71009284	4.368541	7.8466053	3.662885
hallmark	4.844633	0.9987036	-1.9164107	5.920616	7.662089	3.6331499
hamah	3.8657274	0.9841529	-1.5459975	5.1799946	7.1810946	3.1276114
hamilton	4.869722	0.9513733	-2.0686264	5.1463833	6.65237	2.9303224
hamstring	4.2161627	0.69655025	-0.51125664	4.3612704	8.750169	4.0362444
hand_and_knee	3.9380298	0.8715948	-1.5788507	4.7346897	7.3910346	3.6219053
hang	3.5208209	0.7787631	0.5359944	3.801846	9.028277	3.5695322
hang_in_there	4.7560067	1.3548213	-1.6424792	6.3252506	5.951851	1.4916607
hang_out_with_friend	2.7568696	0.9684561	-0.79989344	5.872978	7.1967316	4.196411
hang_over	3.0179543	0.9706907	-0.45858854	5.256667	7.654808	3.7814744
hangover	3.201221	0.9783476	-0.64568275	6.246274	7.5983343	4.3551583
hank_green	4.9506497	1.297606	-2.5761747	6.163808	6.8316116	2.3167794
happen_a_lot	3.527437	0.9478946	-0.1283199	5.889431	7.531398	3.582583
happen_automatic	3.6934326	1.187303	-0.5993685	5.485154	7.8568063	2.8819497
happen_natural	3.9333112	1.1018591	0.49053913	4.883459	7.932988	2.3375318
happen_on_its_own	3.5287783	1.0237831	0.2470245	4.621417	8.287224	2.8190482
happen_on_their_own	3.5879395	1.0272753	0.35238343	5.391136	7.690595	2.769154
happen_spontaneous	3.537311	1.0010729	-0.10911126	5.6939692	7.6194415	3.0989485
happy	4.6943846	1.3941082	-1.7985057	6.6105733	6.129995	1.6153469
happy_cake	4.233846	0.9008732	-0.6720822	5.481301	6.317201	3.0309465
happy_tears	4.226747	1.2951458	-1.7943492	6.5720816	6.9009714	2.5744174
happy_to_answer_any_question	4.8532677	1.3613816	-2.0419338	6.2374	6.057587	1.4745983
happy_to_hear	4.798954	1.3793517	-1.9101926	6.3533235	6.0204	1.471286
happy_to_share	4.945005	1.336962	-2.3730354	6.05574	6.5139413	1.8772118
har	4.4039907	0.453565	-2.7263956	3.2844548	6.7746224	4.150294
hard_liquor	1.368687	0.81149286	-0.69336003	5.469275	7.0369644	5.2857738
hard_time	2.2327883	0.69603264	0.27395618	4.844337	7.3983364	4.8923044
hard_time_breathe	3.8252683	0.7365538	-0.09969155	5.4857783	7.9628515	4.301289
hard_to_breath	3.2715409	0.8109898	-0.07922835	6.5926642	7.923904	3.8163557
hard_to_breathe	3.437493	0.84358597	-0.0037965267	6.58212	7.9538755	4.3076982
hard_to_control	3.7826526	0.8264932	-0.103175946	5.2387443	7.247999	3.4480681
hard_to_describe	3.6347153	0.9413095	-0.15850118	5.4664392	7.5956187	3.1791286
hard_to_swallow	1.640074	0.61417985	0.074808925	4.7326126	7.1637607	5.3939247
hard_to_talk	4.113875	0.88466954	-0.17421676	5.592521	6.624563	3.0800712
hardly_any	4.5650225	0.86373395	-0.35262024	5.6624646	6.3263474	3.0243442
hardly_eat	2.4968529	0.79758584	-0.7888515	5.309164	7.276612	4.708163
hardly_ever	3.762875	0.9532639	-0.009260701	6.466896	7.851104	3.8869839
harness	4.1567445	1.1050879	-0.08165214	5.2530866	7.183658	2.2679057
harrowing	3.9340918	0.86153793	-0.7156084	5.928433	7.901687	4.176002
harsh	4.086761	0.83441865	-0.88635814	5.2473984	8.069736	4.042535
hashimoto	5.6004567	0.863797	-2.4099576	5.6234083	8.440455	4.222224
hate	3.375381	1.3059045	-0.57612664	6.763281	7.50676	2.682591
hate_my_body	3.795792	1.0520501	-1.1516767	6.279771	7.612791	3.8198092
hate_throw_up	3.7875657	1.3984572	-0.8482176	6.815733	7.940896	3.335464
hate_vomit	3.874707	1.417747	-0.9032161	6.936687	8.01345	3.4124677
have_a_cold	3.8186357	0.7584831	0.07885643	5.9696436	7.9192815	4.5623536
have_a_egd	6.723939	0.7492632	-3.097406	4.701554	7.165473	2.9846423
have_a_handful	4.272279	0.9485367	-0.20765768	5.6548223	6.305015	2.731078
have_a_hiatal	5.714571	0.90099466	-2.2156425	6.061803	8.8730755	4.5470033
have_a_hiatus	5.708331	0.89483744	-2.246944	5.982192	8.827789	4.5045085
have_a_lump	3.9931464	0.5634324	0.55037457	5.039473	6.9664907	4.0972986
have_abdomino_phrenic	5.227989	0.9394625	-2.2252	5.4897814	8.0696945	3.8544261
have_bcbs	7.056102	0.7503273	-2.7995427	4.2261844	5.414091	1.9862437
have_be_able	4.0770197	1.1112516	0.5261913	5.6746273	7.195949	2.378216
have_food_poison	3.7068539	1.4328057	-0.74279135	6.980593	7.990388	3.4608076
have_no_clue	6.7475643	1.0634171	-3.42853	5.534207	7.0823326	2.4381018
have_r_cpd	5.742025	1.1212698	-2.3495119	6.631957	8.675572	4.080617
have_the_ability	3.9759538	1.144801	0.39021987	5.7722855	7.355942	2.4763076
have_trouble	2.3435378	0.7012719	0.280969	4.8574276	7.4263935	4.8270955
havoc	4.008294	0.73727715	-0.24066173	4.91713	8.9654255	4.3317294
hawaii	4.937538	0.9422561	-1.9258283	5.1813316	6.3690395	2.7673943
hay	4.4400473	0.6093851	-2.2496538	3.9264188	7.065478	3.933761
hca	6.4552307	0.7251756	-2.3181176	4.2842355	5.4013157	2.1980264
hca_shard	6.051258	0.82545745	-2.407623	4.6211505	5.717848	2.2903996
hcl	1.8535776	0.8027631	-1.5188421	4.033876	7.8252587	5.6324844
he_immediately	6.3276043	0.93805516	-3.2492518	5.243278	6.775886	2.472358
he_inject	6.368979	0.7331856	-1.4334929	4.452856	5.4629445	2.2874198
he_mention	6.867849	0.86589265	-2.6673791	4.852049	5.912992	2.015246
he_offer	6.10106	0.8522187	-2.2220378	4.7864585	5.815607	2.2835352
he_prescribe	1.8353425	0.8473303	-1.6976426	3.7912982	7.935707	5.7038884
he_put	6.970218	0.6529052	-2.9320633	4.374383	7.1134863	2.9620512
he_recommend	6.429616	0.8429537	-2.8046308	4.790317	5.7909136	2.092397
he_refer	6.912032	0.94155824	-3.4870415	5.1674848	6.65869	2.2556329
he_require	6.316969	0.8942841	-2.9177744	4.8806157	6.1072283	2.2302012
he_spray	5.1647797	0.37264723	-0.58984274	3.3100107	7.4155912	3.6686895
he_suggest	6.905141	0.73009044	-3.1343381	4.624134	7.112827	2.894831
head_and_torso	2.1985488	0.73405427	0.05841393	4.079285	8.128626	4.567483
head_cold	4.0252347	0.9291355	-1.1442873	6.0351205	7.444974	3.958673
head_forward	3.5618813	0.9404891	0.13618754	3.8347023	8.772859	2.9906218
head_left	3.4287448	0.9189607	0.5189209	3.8636723	8.893808	3.033467
head_movement	3.6793275	0.9960346	0.21548368	3.8312058	8.856534	2.7699718
head_neck	3.958599	0.91211385	-0.20899096	3.8946993	8.85836	3.1223485
head_position	3.5904593	0.9852699	0.56671256	3.9214854	8.926432	2.800575
head_shake	3.6810417	1.0382798	-0.70284355	5.5311084	7.7436433	3.412053
head_sideways	3.423502	0.9497093	0.28423563	4.080886	8.650024	3.0074527
head_slightly	3.3545246	0.8825139	0.32454434	3.8208432	8.765814	3.1853082
head_tilt	3.5091457	0.9509858	0.63363445	3.9447722	8.945777	2.927006
head_turn	3.5715327	0.99442804	0.74946535	4.0751076	8.851273	2.7573178
headache	4.2395625	0.79571223	-0.28176787	6.481196	8.550116	4.8533573
headache_fatigue	4.4732003	0.7291099	-1.3531287	4.958747	7.8361435	4.1265903
healing_process	4.6290965	1.1051376	-1.392633	5.723638	6.401993	2.469441
health_anxiety	4.785207	1.0775325	-1.5119052	6.620602	8.418123	4.245208
health_care	7.0339627	0.87224215	-3.1124182	4.4891186	5.741041	1.9646592
health_condition	5.40261	1.0217776	-2.2781959	5.733076	8.465874	3.877831
health_insurance	7.164661	0.8082407	-3.032496	4.377145	5.550792	1.9013134
health_insurance_cover	6.6492953	0.7030565	-2.0906694	4.1573296	5.4067206	2.2537467
health_insurer	5.537534	0.9735512	-2.3702912	5.0774693	6.192066	2.40268
health_issue	5.7211323	1.0746113	-2.3325968	6.4263616	8.700377	4.116781
health_problem	5.423445	1.1408954	-2.5192046	6.199413	8.009401	3.476905
health_related	4.9376	0.9831067	-1.8641158	6.0237136	7.721694	3.8378725
health_risk	5.229299	0.9790856	-1.9313459	5.377757	6.909459	3.024584
healthcare_professional	5.565672	1.1238867	-2.813432	5.603707	7.448331	2.8813822
healthcare_provider	6.0013137	1.0557064	-3.11563	5.1520233	6.5401106	2.3015344
healthy_person	4.169017	0.7910783	-0.93755615	5.15861	8.108986	4.1140265
healthy_weight	4.069284	1.1087917	-1.7195336	6.612759	7.6499786	4.1539483
hear_about	5.035413	1.4197371	-2.3726203	6.39253	6.365408	1.6000531
heart	4.453206	0.7037754	-0.26653263	4.606128	9.410118	4.3213944
heart_burn	4.389213	0.8200023	-0.5066731	6.531863	8.556048	4.8469663
heart_issue	5.5708203	0.9111613	-2.491977	5.5480585	8.072454	3.8695855
heart_monitor	6.7573338	0.71292865	-3.0626035	4.658949	7.397711	3.1885142
heart_palp	4.7713675	1.0938652	-1.9582437	5.966774	7.620436	3.4747748
heart_palpitation	4.285351	0.80779934	-0.35975164	6.524449	8.557418	4.8480067
heart_problem	4.7976227	1.0721105	-1.8886962	6.166966	8.170589	3.9131932
heart_race	4.21868	0.7465851	-0.78750914	5.370418	8.123672	4.27697
heart_rate	4.4206147	0.69435626	-0.6721041	4.6761723	8.70714	4.237394
heart_related	5.113781	0.7926601	-2.1455517	4.8099995	7.2602334	3.5077236
heartbeat	4.0207057	0.65549403	-0.18021584	5.2508187	8.441892	4.460778
heartburn	4.433016	0.82699674	-0.5764075	6.539508	8.5869665	4.8555937
heartburn_acid_reflux	4.1837363	0.86751896	-1.1070745	5.980469	7.781948	4.2272563
heartburn_and_reflux	4.6662993	0.87498134	-1.5592326	5.8752117	7.9790087	4.336071
heartburn_indigestion	4.7576895	0.9677051	-1.747287	6.076739	7.6295676	3.8373387
heartburn_medication	1.9652859	0.868569	-1.5037885	3.809908	7.8203845	5.425346
heartburn_reflux	4.6364837	0.84846777	-1.366821	5.883686	7.923886	4.3497815
heat_pad	3.0944033	0.79411715	-0.04731136	3.8614695	8.495159	3.7688866
heat_therapy	3.7087371	0.8971661	-0.47399068	3.9020197	8.662382	3.3517287
heave	2.9827142	1.4723731	0.3534383	6.2104425	8.449759	3.185035
heave_gag	3.93019	0.99071366	-1.131537	5.618732	7.5826797	3.6836011
heaven	4.3294244	1.1560678	-1.4743242	6.139851	6.6859097	2.6567852
heaviness	4.1457696	0.63979036	-0.39243084	4.9759326	8.358136	4.357662
heavy_exercise	2.3544858	0.76902676	-1.0453999	5.1686516	7.325621	4.9533944
heavy_meal	1.9561892	0.78460294	-0.13522306	5.4795437	7.2680063	5.051898
heds	5.695418	1.0677292	-2.3897948	6.3351755	8.62445	4.074745
heel_drop	4.2131624	1.0639445	-0.68933886	4.1375203	8.545609	2.6993093
hehe	4.141854	1.1386826	-1.7490903	5.7676806	6.947962	2.7982998
heighten	4.3605356	0.88269764	-0.7984051	6.387963	8.291839	4.533269
hella	4.284282	1.1825984	-1.3003569	6.0196347	6.512378	2.347882
hello_everybody	4.5044694	1.1887063	-1.9258864	5.9113507	6.7629995	2.5390143
hello_fellow_no_burper	4.8740535	1.3545088	-2.4669788	6.620889	6.778191	2.3729942
hello_fellow_noburper	4.594024	1.185107	-1.931926	6.578131	7.0933065	3.2201831
hello_friend	4.641676	1.0811199	-1.9835094	6.040006	6.891287	3.1853423
help_a_bit	1.7914294	0.77058023	-1.2663469	4.403783	7.765893	5.608579
help_a_little	1.8265548	0.7631545	-1.2326955	4.4807816	7.75746	5.592577
help_a_lot	1.767706	0.7727547	-1.2249752	4.45013	7.7562566	5.5944486
help_loosen	3.972099	0.9764949	-0.20999986	3.970626	8.804407	2.916226
help_prevent	2.321023	0.7851447	-1.3987093	4.520485	7.7724338	5.2877316
help_reduce	3.9481914	0.7387251	-0.7829522	5.226228	8.930142	4.9197316
help_relieve	4.1229672	0.7695434	-0.42369884	6.045525	8.577614	4.778321
helpful	5.444924	1.3557901	-2.7473269	5.882967	6.7907414	1.7558649
helpful_response	4.5975437	1.1498758	-1.9007646	5.6709433	6.555818	2.4396255
helpful_tip	4.95859	1.2881343	-2.4028254	5.926701	6.5957913	2.055888
hence	5.5450015	0.8716272	-1.9983994	5.168612	8.82723	4.0078764
her_clinic	6.2304564	0.9025297	-2.8523488	4.8683057	5.883711	2.115655
her_office	6.5647764	0.8407673	-2.7451158	4.800427	5.4606915	1.838587
her_own	5.7093244	1.0960358	-3.0385244	5.414086	7.1130595	2.646959
her_patient	6.3792715	0.78586507	-1.3930134	4.6820683	5.4470825	2.1920292
her_receptionist	5.1066804	1.0992744	-2.3714688	5.4301076	6.3539057	2.2829502
her_room	2.901652	0.99993074	-0.60213506	5.5325594	7.480447	3.8722682
her_stomach	3.8752465	0.70906585	-0.10160726	5.1822534	8.486313	4.2667413
her_website	5.877575	1.2026812	-3.3025422	5.5171566	6.6543865	2.0513113
herb	2.1040375	0.7635387	-1.3451114	4.48605	7.585769	5.3457685
herbal	1.979565	0.7448025	-1.3875351	4.574399	7.6651573	5.562083
herbal_tea	1.6137025	0.7622355	-0.88526225	5.2527432	7.163877	5.34806
here_in_canada	6.193762	0.94343853	-3.0171099	4.913473	6.187341	2.2479658
here_who	5.5130363	1.3387285	-2.7401304	6.2830224	6.6456413	1.9683583
hereditary	5.4428735	1.1547511	-2.3197742	6.2823524	8.399512	3.7191257
heritable_the	5.7104487	1.0981535	-3.0100648	5.4378905	7.5343103	2.9244874
hernia	5.726966	0.91933	-2.2051823	6.115029	8.908804	4.5328207
hernia_and_gerd	5.5549755	0.94522697	-2.2609806	5.912018	8.679191	4.277726
hernia_gerd	5.402477	0.94652766	-2.1313386	5.806901	8.7069435	4.2533536
hernia_repair	5.493146	0.9196144	-2.1718318	5.643595	7.9633317	3.8929305
hernia_which	5.5712156	0.9494915	-2.2329998	5.875642	8.753755	4.2793026
hesitant	6.0018225	0.8410433	-1.6565628	4.9112906	6.1919365	2.637067
hey_there	5.232492	1.3231372	-2.4612334	6.2028723	6.2964964	1.7892677
hh	5.5341105	0.9328339	-2.2346895	5.793815	8.695423	4.24497
hi_op	5.4917784	0.9619494	-2.0579123	5.2128596	5.7853336	2.1613529
hi_sorry	5.011693	1.292186	-2.4204738	6.057861	6.402099	1.9644265
hi_there	5.3481536	1.3021128	-2.4631767	6.109394	6.1569633	1.6870823
hiatal_hernia	5.7346783	0.94553155	-2.228872	6.1125817	8.908106	4.4495697
hiatal_hernia_and_no_burp	4.993001	0.89070904	-2.108817	5.561931	7.724943	3.9633415
hiatal_hernia_be	5.537438	0.9704196	-2.2065828	5.8255115	8.775185	4.1866364
hiatal_hernia_etc	5.520721	0.99980706	-2.2958667	5.750577	8.429044	3.9030654
hiatal_hernia_gerd	5.0998836	0.90639925	-1.9630357	5.60796	8.4998865	4.230558
hiatal_hernia_repair	4.6729074	1.0804702	-1.8388724	6.4670067	7.3036437	3.6790113
hiatal_hernia_so	5.229824	0.9491629	-2.1783798	5.573158	7.9865084	3.855435
hiatal_hernia_which	5.1159186	0.91340226	-1.9868803	5.5957217	8.493071	4.2123227
hiatus_hernia	5.57092	0.8577319	-2.3695226	5.6629786	8.341071	4.244973
hiccup	3.251101	0.96487796	0.49412486	6.4137907	7.808361	3.054195
hiccup_a_lot	3.8128767	0.93255854	-0.7359786	6.1582937	7.684472	4.011442
hiccup_attack	3.4288049	1.0242791	-0.4147816	6.1604605	7.7580185	3.6089702
hicklin	6.773399	0.8034296	-2.250614	4.691304	5.3447423	1.847219
hicklin_in_wimbledon	6.2689176	0.76358634	-1.8876023	4.431367	5.594954	2.3433027
hida_scan	5.516055	0.7567117	-2.257336	5.010369	8.225579	4.0715365
hide	3.1229346	1.1837196	-0.058034565	6.0047607	8.023952	3.2277246
hier	4.442317	0.57688224	-2.3403	3.8076334	6.9363637	3.9348547
high_amount	5.632244	0.8762207	-1.8319857	4.8432984	6.3391256	2.7062798
high_blood_pressure	5.038582	0.9843206	-2.122856	5.4429946	8.014637	3.648134
high_deductible	6.8901696	0.6900891	-2.4380832	4.0633945	5.3203726	2.1400535
high_dosage	6.3289757	0.7609931	-1.1828678	4.637206	5.4060693	2.2244458
high_dose	6.3490815	0.7567084	-1.0181681	4.734023	5.162765	2.0448384
high_end	5.7792892	0.84711117	-1.6807201	4.80097	6.117656	2.619074
high_fat	1.9422749	0.6452009	-1.0963857	5.0461984	7.380425	5.536679
high_fiber	1.9246553	0.6538242	-1.1380798	5.0963264	7.4092946	5.581756
high_fibre	1.9067391	0.6524183	-1.0706514	4.9995885	7.337606	5.5022445
high_five	4.351621	1.2548035	-1.7867162	6.313784	6.710748	2.4728682
high_fodmap_food	1.8645103	0.6899151	-1.1883068	5.0172496	7.4293265	5.5975056
high_heart_rate	4.487371	0.7829978	-1.0411072	5.8277082	7.9139056	4.37903
high_hope	4.796836	1.1806687	-1.7758441	5.853724	6.0876517	1.9976815
high_incidence	5.2940397	0.9527542	-2.3528383	5.4924335	7.928835	3.695093
high_likelihood	5.399051	1.0188197	-2.0866048	5.535909	7.367719	3.2149768
high_metabolism	4.5135427	1.1410543	-1.780982	6.3576927	7.6362305	3.6682088
high_note	3.8254223	0.75771064	-0.23396182	4.999146	7.331138	3.7356555
high_percentage	5.1276374	1.126172	-2.1668324	5.8002596	8.181349	3.4579303
high_pressure	4.73201	0.75672805	-0.38635793	4.2590218	9.544909	3.947101
high_protein	1.9566205	0.6242244	-0.95541185	5.0565515	7.262849	5.391433
high_resolution_esophageal_manometry	5.226383	0.93863934	-2.2052808	5.2271247	7.981977	3.5959637
high_risk	5.397253	0.8593287	-2.069882	5.11509	8.287037	3.8764708
high_success_rate	6.562825	0.7282216	-1.4635289	4.4359117	5.443759	2.236111
high_unit	5.5326295	0.9136355	-1.7505212	5.0027432	5.959198	2.4095538
high_waist	3.2715762	0.8012857	-0.6843281	5.588895	7.6965666	4.3267984
highlight	5.660871	1.2023358	-3.0458665	5.639557	7.1805115	2.477315
highly_consider	5.3638697	0.96505666	-2.1336222	5.342955	6.174646	2.523641
highly_suggest	4.447214	1.0139687	-1.687484	5.5723853	6.876472	3.1308985
highmark	5.6954527	0.9011827	-2.275941	4.8727207	6.122919	2.4961064
hilarious	3.3523426	1.2879667	-0.535828	6.7258053	7.47479	2.472544
hinder_my	4.144487	0.9852558	-1.2663983	6.1947737	7.4965415	3.8883612
hip	3.6995564	0.7414263	0.29611635	3.900374	9.001661	3.7069674
hippie	3.8333285	0.93388903	-1.4003248	4.858346	7.5497365	3.4825215
hirschsprung	5.341956	0.9138984	-2.3730068	5.430961	7.8589325	3.740309
his_chest	3.9640539	0.6716196	-0.065174825	4.5282736	8.705875	4.1076694
his_name	6.534635	1.1056298	-3.4687436	5.3550253	6.4695024	1.9533317
his_nurse	6.236067	0.9052852	-2.74417	4.893682	5.7061515	2.0249074
his_office	6.6896267	0.8182848	-2.7227573	4.742879	5.3654256	1.7851149
his_opinion	5.427224	0.9972741	-2.2658784	5.241118	6.663756	2.6953342
his_pa	6.412938	0.87802994	-2.8424425	4.881248	5.69859	1.9496999
his_patient	6.4053535	0.7980654	-1.4541109	4.7206674	5.4832487	2.174856
his_success_rate	6.277489	0.7907933	-1.3921844	4.68196	5.5345984	2.2830834
his_throat	3.7695117	0.76283795	0.23905838	4.635049	8.829679	3.8830304
his_video	5.6220126	1.2932484	-3.1466887	5.911167	6.799026	2.0669835
his_website	6.167428	1.1803969	-3.4192176	5.492486	6.6035876	1.9880152
hispania	4.1612277	0.80965185	-1.641762	4.700751	7.298118	3.6617036
histological_abnormality	4.678279	0.800003	-1.9422863	4.8163323	7.503771	3.758737
history	5.835215	1.0282915	-2.433497	6.291734	8.726512	4.1838264
hit_my_throat	3.6641982	0.7884378	0.10336681	4.8544497	8.412651	3.8245397
hive	4.545861	0.8564647	-1.3762267	5.8738194	7.981901	4.3369956
hm	4.3348346	1.2251998	-1.5733981	5.996769	6.5678415	2.282026
hmo	7.0784626	0.8181206	-3.0298414	4.3876233	5.6364274	1.9742502
hoarse	4.097127	0.6343477	0.3775782	5.227553	6.7146482	3.8483276
hoarse_voice	4.48006	0.7109363	-0.09777144	5.75629	7.0095925	3.9734423
hoarseness	4.485414	0.70574945	-0.36162537	5.5042353	7.3571043	4.102707
hock	3.8110013	0.8556354	-0.78983563	4.5539317	7.9714737	3.5748034
hoesli	5.8405604	0.8616579	-1.9930412	4.9309154	5.471594	2.09833
hola	4.438072	0.6952819	-2.032654	4.31709	7.2341084	3.8335106
hold_your	3.5079763	0.8306897	0.5875905	4.1483445	8.907605	3.5298736
holdgraf	4.7177815	0.8963213	-2.105038	4.8136764	6.9854236	3.1646717
hollow	3.872508	0.7370751	-0.09916093	4.1494975	8.611169	3.7105877
holmes	6.3468156	0.8685462	-2.496882	4.7415166	5.4662976	1.9485694
holy_cow	4.446312	1.0815716	-1.4463313	5.699142	6.4682527	2.580016
holy_crap	4.3497276	1.2945663	-1.8895723	6.5277286	6.8458047	2.5122585
holy_shit	4.222467	1.3005838	-1.7916526	6.5601015	6.9341345	2.5521796
holy_shit_i	4.46765	1.3101174	-2.0603173	6.5986967	6.889194	2.5585022
home_remedy	4.0991244	1.1171459	-0.42524755	4.035821	8.5578165	2.402566
homeopathy	5.515503	1.0354475	-2.6467385	5.321084	7.210015	2.9301095
homie	4.714777	1.2209504	-2.1553524	6.0474477	6.773565	2.5110543
hone	4.1891117	1.1157019	-0.24380171	5.312925	7.0861874	2.2455323
honor	5.4297385	0.96161425	-2.3820152	5.0286956	6.1760736	2.4320714
hook_up	5.1303988	0.4495177	-0.6568122	3.321669	7.431595	3.5723093
hoop	7.05779	0.8791921	-3.1963134	4.5449867	5.8525577	1.9944576
hope_everything	4.769679	1.38411	-1.8636711	6.351424	6.0009384	1.4518318
hope_ill	4.741063	1.3668411	-1.864194	6.348077	6.06683	1.5621397
hope_someday	4.5673647	1.2564908	-1.6501865	6.2514377	6.395553	2.1495142
hopeful	4.746803	1.37967	-1.7862257	6.3795443	5.996166	1.4740561
hopeful_that	4.7404203	1.3405004	-1.7729162	6.2163296	6.0954595	1.6279416
hopeless	4.302841	1.2441047	-1.5466772	6.13987	6.512903	2.2309275
horizontal	3.0211937	0.7886444	0.247657	3.8269792	8.60449	3.758884
hormonal	4.6294923	0.9820155	-1.6521391	6.213444	7.633885	3.9577856
horrendous	3.6971605	0.9212819	-0.08644306	6.7247515	8.095306	4.5239325
horrible	3.6691828	0.90924746	-0.06621985	6.759413	8.133353	4.5887876
horrible_condition	4.599557	1.298558	-2.0502856	6.211056	6.6412344	2.232676
horrible_experience	4.119523	1.3661112	-1.1563739	6.892821	8.059024	3.5340996
horrible_hypersalivation	4.197417	0.7771415	-0.7081956	6.0873995	8.004147	4.479955
horrible_pain	3.8443253	0.79983026	-0.524535	5.8426194	8.007366	4.3569717
horrid_symptom	4.760744	0.9995303	-1.5188305	6.5885663	8.057987	4.1968074
horrific	3.9005604	0.82120717	-0.14581294	6.5338435	8.298642	4.6949053
horror_story	5.0522876	1.3317834	-2.5446665	6.1462507	6.637007	2.0495002
horse_pill	2.0381258	0.7482159	-0.17746514	4.838982	7.321727	4.920126
hospital	6.906147	0.69350606	-2.6022706	4.2605267	5.290228	1.9537683
hospital_fees	6.84963	0.6578297	-2.4184694	4.0910025	5.215775	2.0836
hospital_gown	4.933692	0.44508448	-1.1196246	3.3455198	6.89484	3.533025
hospitalize	3.7261426	0.8335044	-0.6523906	6.028027	7.5847	4.4003778
hot	1.5682477	0.63036644	-0.29091018	5.085822	7.289782	5.613088
hot_bath	2.184171	0.84329915	-0.79942775	3.815381	7.870744	4.859714
hot_beverage	1.9434699	0.7967902	-0.949129	5.27624	7.276268	5.1615806
hot_drink	1.7703705	0.7408779	-0.83942986	5.1796017	7.2913804	5.3745284
hot_flash	4.1059737	1.0382346	-1.3114208	6.159548	7.5308394	3.7614825
hot_shower	2.0908635	0.8372638	-0.9594799	3.914382	7.787057	5.027355
hot_soup	1.8556663	0.69403964	-0.99276584	5.1073265	7.3315535	5.4618535
hot_tea	1.829375	0.75234437	-0.76765144	5.0125976	7.235152	5.2009263
hot_water	1.5822446	0.743475	-0.7950258	5.0282207	7.2657228	5.4317393
hot_water_bottle	3.1082203	0.77293843	-0.03522415	3.8624172	8.498352	3.832046
hotel	6.280831	0.58459216	-2.1447942	4.06932	5.2304764	2.2609007
hotel_stay	6.492482	0.6734648	-2.265867	4.140518	5.310316	2.2296376
hour_after_eat	1.9503592	0.7338258	0.02343976	5.304956	7.2866664	5.128275
hour_and_hour	3.1276405	0.9314621	-0.28791386	6.014943	7.666271	4.1712565
hour_before	1.8908639	0.7211208	-0.008112458	5.257253	7.277303	5.199065
hour_on_end	3.2913396	1.1050537	-0.35580543	6.1100526	7.87302	3.6670437
household	4.2489405	1.1911196	-1.5774643	6.423574	7.6064773	3.470578
hover_over	3.0180178	1.1509329	-0.1156087	5.7456307	7.9225802	3.4662297
how_effective	5.521807	1.0023075	-2.2987387	5.2672243	6.875949	2.8504066
how_excite	4.543966	1.2772424	-1.8587068	6.2648907	6.4643483	2.16135
how_grateful	4.6179395	1.338221	-2.0562289	6.5362167	6.612142	2.2142217
how_many_unit	6.2896824	0.7751111	-0.99062204	4.8420916	5.0111055	1.9003371
howdy	4.59335	1.2540145	-2.106426	6.330654	6.816863	2.6078014
hug	3.8827586	1.0151914	-1.6015904	5.1995726	7.196888	3.025831
huge_burp	3.8360324	1.0435898	0.7470747	5.748048	7.031048	2.4786117
huge_discomfort	4.267569	0.8057241	-0.8660348	5.490323	8.364885	4.2602715
huge_relief	4.5633564	1.1210768	-1.8432814	6.425952	7.40854	3.4777384
huge_relieve	4.2823257	0.96618545	-0.1286465	5.7108417	6.284607	2.675514
hum	3.6229188	0.9267347	0.058420833	3.9183614	8.742219	3.0657935
humanity	4.6125493	1.2505438	-2.002267	5.9269743	7.247798	2.639828
humiliate	3.1214054	0.91095126	-0.50691324	5.7081046	7.701258	3.9544034
hummus	1.7477473	0.6495817	-0.53325903	4.8950763	7.173241	5.392616
hunger	3.7452762	0.78527504	0.012552374	6.1663156	8.386232	4.6470547
hunger_pain	3.7483394	0.9113986	-0.75797814	6.1706014	7.619647	4.152421
hungry	2.903232	0.9442025	0.08399788	6.4079633	7.8414736	4.5555882
hungry_again	2.5491817	0.8541795	-0.67521536	5.5552115	7.196581	4.5213394
hurl	3.1259239	1.1512942	-0.0182788	5.855837	7.9182696	3.1145144
hurt	3.7532752	0.65634817	0.6028543	5.2460966	7.758932	4.2495556
hurt_a_little	4.146789	0.5644701	0.5277436	5.0944724	6.632429	3.947891
hurt_my_chest	3.461222	1.0407848	-0.38009	5.6924777	7.8899045	3.5572665
hurt_my_neck	4.0063696	1.1135021	-0.18355119	3.942783	8.540003	2.3038104
hurt_my_throat	3.559863	1.04014	-0.60516846	5.72969	7.657774	3.4057932
hurt_so_bad	3.1624823	0.96859205	0.0586052	6.3500667	7.8849306	4.1395054
hurt_yourself	3.8825781	1.0255165	-0.96294814	5.0060086	7.6748986	3.0707057
hus	6.155726	1.0342839	-3.159283	5.1224995	6.317689	2.13063
hyatt	4.427446	0.80756664	-1.8444569	4.579356	6.955774	3.353556
hydrate	1.7802505	0.70701987	-0.1281499	4.8965054	7.2195296	5.165882
hydrogen	4.6845512	0.76037204	-1.7435737	4.7945724	7.998945	4.0479355
hydrotalcite	5.2006574	1.0321507	-2.3452053	5.20482	7.4859767	3.1053975
hyoid_bone	4.581088	0.7151941	-0.59871113	4.1877146	8.936473	3.879438
hyper_mobility	5.3151917	1.079387	-2.2639892	5.9914703	8.310728	3.757385
hyper_salivate	3.5577972	0.8479728	-0.03341155	5.920183	7.9681067	4.304044
hyper_salivation	3.8124547	0.7947852	-0.1987265	6.1467276	8.07192	4.561277
hyperemesis	4.2436566	1.2850597	-1.4158064	7.0203333	7.7039223	3.6496835
hyperhidrosis	4.001543	0.98298013	-1.6072099	5.287541	7.4124193	3.640739
hypermobile	5.517592	1.0813363	-2.3099642	6.070513	8.6327715	3.9154422
hypermobility	5.519888	1.0734489	-2.3803651	6.004733	8.505865	3.8395789
hypersalivate	3.5449672	0.84373975	-0.037577994	5.9405174	7.880081	4.3140335
hypersalivation	4.0979357	0.7911068	-0.18864672	6.5338163	8.50576	4.830688
hypersensitive	4.680023	0.7991112	-1.2719218	5.248477	8.616052	4.29913
hypersensitivity	5.3972993	0.8572774	-2.1825082	5.3857207	8.393594	4.120484
hypertensive	5.3733	0.7976196	-1.7889867	4.909487	8.791715	4.0847626
hypertonia	5.2582936	0.857365	-1.5004988	5.079767	9.14999	4.1321588
hypertrophy	4.5041747	0.7716753	-1.2270896	4.531642	8.189465	3.7973225
hyperventilate	3.3129148	0.8669221	-0.09407969	5.28062	8.03162	3.9913423
hypnosis	5.4654136	1.1034641	-2.8809094	5.2047024	6.959817	2.5047796
hypnotherapy	4.280156	1.1085136	-0.7641109	4.2165112	8.489782	2.566063
hypothesis	5.6035	0.94047713	-2.1466026	5.449699	8.785992	3.9676633
hypothesize_that	5.203186	0.9628404	-2.1313727	5.422946	8.279266	3.7918034
hypothyroidism	5.4966803	0.9057515	-2.3771763	5.7460384	8.307036	4.1379113
hysteria	4.2468057	1.1455011	-1.68476	6.0577483	7.671314	3.355642
i_off_guard	3.5895555	1.0960939	0.09642923	6.017823	7.344534	2.982069
ibd	5.6577506	0.9012829	-2.4113636	5.877313	8.5175085	4.2952137
ibs	5.641445	0.91638494	-2.1469076	6.322447	8.808884	4.6181927
ibs_and_gerd	5.411807	0.95548004	-2.233488	6.02903	8.48574	4.259566
ibs_c	5.0428205	0.8951314	-1.9248048	5.86893	8.416322	4.375405
ibs_d	4.9243193	0.9311064	-1.801162	6.175225	8.304366	4.4229536
ibs_etc	5.3533916	0.94776857	-2.2481987	6.003252	8.202341	4.1084757
ibs_gerd	5.584006	0.86227846	-2.3862295	5.746148	8.475647	4.344404
ibs_medication	1.8387808	0.8373841	-1.6782098	3.8470654	7.924012	5.7154584
ibs_sibo	5.5402293	0.87068915	-2.4097376	5.6130137	8.345638	4.158024
ibs_symptom	5.27385	0.95623416	-1.7310218	6.6790867	8.673973	4.633114
ibs_which	5.332671	0.95537585	-2.1928933	6.035269	8.404868	4.2433357
ibuprofen	1.8784554	0.75609636	-0.8545921	4.0335307	7.4718895	5.3115215
ice_chip	2.1345215	0.68604815	-0.6847967	4.7772913	7.1583824	5.041404
ice_coffee	1.6070725	0.7043142	-0.56533754	5.072147	7.066045	5.326514
ice_cream	1.5238634	0.5904511	-0.020409489	4.7913756	7.1214004	5.543685
ice_tea	1.3252856	0.82227606	-0.672943	5.455223	7.0042186	5.2992435
ice_water	2.2702045	0.706801	-0.719101	4.754572	7.2134953	4.943632
ich	4.4128556	0.4640566	-2.7149591	3.2965114	6.786477	4.1385593
icky	3.5751975	0.88730407	-0.30088794	6.0205746	7.4527826	3.9626021
icky_feel	3.6937065	0.97912216	-1.1795896	5.314477	7.705165	3.6669888
id_argue	5.1378984	0.95064497	-1.8690599	5.4642944	7.519216	3.5097234
id_assume	4.3205996	1.0918878	-1.6358776	5.6126323	7.288867	3.1350646
id_estimate	4.0753775	0.9248496	-1.358702	5.4286427	7.085449	3.5191653
id_highly_recommend	5.6233835	1.0184238	-2.4562786	5.1776595	6.5753508	2.5291684
id_imagine	5.264577	0.99304116	-2.005884	5.469476	8.488653	3.7819033
id_love_to_be_able	5.149771	1.061708	-2.41702	5.417193	6.534574	2.5442355
id_love_to_hear	4.9894357	1.4053162	-2.312342	6.339666	6.321967	1.5934966
id_say	4.5155144	0.86232245	0.38825357	5.639363	6.217731	2.7772915
identify_trigger	2.2366083	0.715394	-1.0707477	4.996996	7.2946215	5.1061187
identity	4.7469006	1.1829255	-2.0562177	5.704575	7.296793	2.7882187
idiopathic	5.1876607	1.0080492	-2.2736838	5.6582937	8.019452	3.6844742
idiot	5.035292	1.2602235	-2.6335318	5.9880624	6.9155955	2.3794384
if_left_untreated	5.466742	0.9582164	-2.1725938	5.8998084	8.709607	4.264363
if_you_be_able	6.7499523	1.0223045	-3.377129	5.053986	6.22221	1.9535406
if_you_click	5.8765516	1.2303997	-3.3322632	5.5954466	6.7346587	2.04424
ignorance	5.0402246	1.1517158	-2.2399082	5.7698607	8.053696	3.2652545
ignorant	5.73746	1.179595	-2.8264084	5.934951	7.445183	2.7470634
ignore	6.632135	1.0883107	-3.309549	5.703554	7.2041664	2.5209477
ike	4.363168	0.79344237	-1.6362283	4.8166823	6.903534	3.5546916
ileus	5.1340833	0.86148834	-1.9287865	5.4205313	8.52874	4.223023
ill_admit	4.09123	1.1356523	-1.4694741	5.679671	6.9504876	2.824144
ill_continue	4.819761	1.3462678	-1.9715791	6.165195	6.067498	1.5471863
ill_message	4.8392015	1.0699638	-1.7751924	5.5212193	6.21368	2.32783
ill_post	4.8680515	1.3997644	-2.0438251	6.246505	5.9720416	1.3821363
ill_update	4.840892	1.3966042	-2.0025644	6.290047	5.9848	1.3940486
illinois	6.9577556	0.85607165	-3.0538943	4.61285	5.5802035	1.8361552
illness	5.462175	1.0884075	-2.077566	6.511665	8.741587	4.2064486
illustrate	5.385105	1.0808512	-2.7588174	5.2368264	7.3110547	2.808896
illustration	4.1997337	0.8651825	-1.4970313	4.793101	7.511387	3.5008588
image	6.034384	1.1916442	-3.3611739	5.4962454	6.9008284	2.1433208
imagine_what	3.885713	1.338607	-1.2476408	6.2883167	7.7195616	2.9792848
imaging	6.9563074	0.71451527	-3.2042072	4.6582923	7.4305825	3.123764
imbalance	5.0661693	0.9140064	-1.9106375	5.5678887	8.610504	4.2280993
immediate_relief	3.6210597	1.1943314	0.30907068	5.793863	7.4834456	2.626542
immediately_after_eat	2.5274415	0.85705596	-0.09044856	5.914447	7.530659	4.717993
immediately_after_surgery	4.2640505	0.7768685	-0.67233306	5.233738	6.54045	3.4819796
immediately_afterwards	3.600008	0.97531426	-0.9338708	5.6306396	7.3223925	3.4880433
immense	4.077075	0.83641696	-0.49191487	6.4620852	8.047057	4.4658113
immense_better	4.952451	0.9635966	-1.021233	5.4659038	5.9667206	2.3669264
immobility	4.8890676	0.8984834	-1.8138757	5.344538	8.244369	4.0370507
immune	5.0690117	1.1201988	-2.1379983	5.9667525	8.324444	3.6573648
impact_on_my_life	4.516184	1.1436644	-1.7615796	6.7561445	7.3305707	3.611229
impairment	5.2285056	0.9019165	-1.7857329	5.4848776	8.834229	4.206717
impatient	4.609354	1.2660792	-1.3168994	6.097983	6.0935802	1.7654543
implant	5.1458545	0.8109758	-2.0378397	4.924319	7.9841666	3.8323476
implication	5.400627	1.062084	-2.1992419	5.808856	7.8362346	3.4767203
imply	5.201593	1.0950538	-2.2216065	5.6139708	8.287605	3.431715
imply_that	5.2830005	1.0947994	-2.1242888	5.706767	8.3863	3.5435448
important_event	3.5883148	0.94519854	-1.048496	5.96747	7.349789	3.993655
important_factor	5.2254643	0.9882559	-2.0204763	5.30627	7.125035	3.090561
improper	4.8157554	0.831363	-1.020938	4.5967913	9.132296	3.9022975
improve_a_lot	4.7176723	0.8941445	-0.7909013	6.2405257	7.0854135	3.766146
improve_drastic	4.5510287	1.0769024	-1.6534176	6.4763246	7.1780787	3.5544326
improve_my_quality	5.0011215	1.1243029	-1.1322051	6.29739	5.8234444	2.1978042
improve_so_much	4.968028	1.122064	-1.134713	6.335092	5.878125	2.2651796
improve_your_quality	4.989085	1.1270143	-1.1627122	6.2842627	5.849148	2.2038453
improvement	4.5437245	0.9477331	-0.20537567	5.7721515	6.398773	2.726171
inability_to_belch	5.75597	0.94521964	-2.4562366	5.895898	8.582429	4.1488013
inability_to_burp	5.782507	1.1006181	-2.3652222	6.5704985	8.715345	4.119505
inability_to_burp_but	5.4866385	1.0880222	-2.239702	6.429533	8.526173	4.0817075
inability_to_burp_cause	4.9537034	0.95420134	-1.8937082	5.804359	8.293815	4.0888815
inability_to_burp_since	4.9282756	1.0906827	-2.0170977	6.5280757	7.818498	3.9045596
inability_to_pass	4.182796	0.75521713	-0.48807672	5.7424946	8.705148	4.646114
inability_to_relax	4.8051085	0.82193345	-0.8116108	4.378975	9.22445	3.7726498
inability_to_swallow	5.228594	0.9389203	-2.0794797	5.5901217	8.0849285	3.8577378
inability_to_vomit	5.065057	1.1147803	-1.9013551	6.4574924	8.377806	3.972964
inaccuracy	5.0833225	0.9648373	-1.9544469	5.2347565	6.999695	3.0780468
inadvertent	3.6703868	1.0529985	0.1384502	5.5144153	7.4085474	2.7768538
inappropriate	4.3872795	1.1860131	-1.6886432	6.189558	7.71156	3.2619226
inc	5.9097424	0.7475243	-2.2400684	4.3450727	5.7621827	2.5432248
incapacitate	4.0046015	1.0387834	-1.1311612	6.151963	7.724397	3.7691576
incessant	3.8632886	0.88856155	-0.66209185	6.167688	7.8766565	4.0418344
incidence	5.3141704	0.9885199	-2.130142	5.8366747	8.602909	4.1261535
incident_where	2.7670786	0.7067664	0.10744367	4.848559	7.524944	4.538009
incline	2.7306263	0.76097363	0.05912183	3.8891394	8.420258	4.0890255
incompetent	5.903665	1.134204	-2.9130259	5.8154135	7.5222335	2.8575387
incompetent_doctor	6.2217836	1.0597215	-3.14393	5.338137	7.0112786	2.5530918
incomplete	4.298549	0.7696334	-0.9077604	5.3515053	8.5161085	4.404522
inconsistent	4.098062	1.0037638	0.13467711	5.673664	6.6839905	2.5303535
inconvenient	4.3196473	1.1320132	-0.9184335	6.0076857	6.494224	2.5687466
increase	4.542254	0.76257986	-0.5063838	6.430388	8.184798	4.7275276
increase_abdominal	4.445568	0.74695015	-0.874406	4.8222637	8.827218	4.2393103
increase_awareness	5.4334145	1.1428908	-2.8463778	5.295021	7.2941484	2.6434693
increase_flatulence	4.507797	0.88149995	-1.0671769	6.415293	8.231057	4.464416
increase_gas	4.8899827	0.8696197	-1.7824049	5.6316266	8.620331	4.515057
increase_in_severity	4.7561893	1.0469207	-1.5634937	6.9096055	7.795467	4.1866174
increase_pressure	4.306221	0.7416389	-0.70016736	4.843352	9.106927	4.449895
increase_reflux	4.9558086	0.9137126	-1.6967031	5.6453733	7.8296394	3.988817
increase_risk	5.4815254	0.9755096	-2.3885424	5.613494	7.986606	3.694638
increase_stomach	3.957696	0.7293591	-0.73630357	5.1344466	9.000858	4.8905826
increase_worse	4.451056	0.9614868	-1.1547536	6.777533	7.8068337	4.329559
increase_your	5.5379286	0.94806564	-2.1683052	5.820973	8.819798	4.2776575
incredible_bloat	3.291358	0.8795055	-0.49426487	6.039015	7.693863	4.267587
incredible_common	5.0895147	1.0680163	-2.1354353	5.9352436	7.7385917	3.479652
incredible_hard	3.2688856	0.88574505	-0.23137479	6.655794	7.7260065	3.6432424
incredible_helpful	5.1840296	1.2453436	-2.5959446	5.799532	6.5389113	2.0711007
incredible_nauseous	3.1207848	0.89460534	-0.16085717	6.1495895	7.623773	4.398722
incredible_pain	3.6701021	0.9657279	-0.41335082	6.0474305	7.9789143	3.8102841
incredible_rare	4.9796042	1.0018456	-1.6069467	5.747148	7.1032677	3.245683
incredible_sore	4.0474076	0.57835543	0.42004853	5.0551705	6.8531423	4.012587
incredible_tight	3.9558837	0.7080071	0.14449969	4.555094	8.706619	3.9524531
incredible_uncomfortable	3.0086632	0.84430945	-0.6742427	5.6168404	7.461963	4.342097
incremental	4.17556	1.0401887	-0.15209664	5.6015296	6.7200074	2.451948
indent	4.270578	0.6963922	-0.82494205	4.6959023	8.093333	4.065539
independent	5.946564	1.1185341	-3.085577	5.4940085	7.3561416	2.716347
index_finger	3.683175	0.7491353	-0.31080148	3.9921577	8.2719555	3.6409283
indiana	5.959952	0.97496593	-2.8611622	5.030329	6.128201	2.2206516
indianapolis	6.018356	0.92545384	-2.7467084	4.9396305	5.9299574	2.169636
indicate	5.7360864	0.96752363	-2.232675	5.4801426	8.694624	3.8207076
indicate_that	5.872573	0.9065537	-2.5646446	5.224089	7.5213284	3.318664
indication	5.251737	0.967967	-1.9992411	5.550602	8.365774	3.846353
indication_that	5.360596	0.9481413	-1.8604585	5.4207597	7.2320724	3.293347
indigestion	4.231171	0.8027045	-0.31479847	6.56678	8.570193	4.8699355
indirect	4.9894013	1.0660205	-1.9653225	5.5248156	8.439936	3.6060672
individual_funding_request	5.9183116	1.0320948	-2.9878788	5.120308	6.637035	2.4088197
induce	3.0975723	1.3998023	0.48764613	5.8763986	8.587123	3.1174276
induce_air_vomit	3.4148078	1.1501536	-0.50935596	5.8342032	7.834061	3.5286012
induce_vomit	3.130508	1.344448	0.1212276	5.786755	8.341181	3.1179676
indulge	2.1942525	0.7328146	-0.70920885	5.0590878	7.126319	4.939489
ineffective_esophageal_motility	5.499239	0.8098533	-1.9310877	5.018414	8.74011	4.082541
inefficient	4.316738	0.77256197	-1.0065395	5.1943135	8.508533	4.3483534
infancy	4.5788465	1.3544593	-1.7090129	7.3431077	7.913082	3.6424186
infect	4.4274073	0.7781144	-1.3950762	5.0261636	7.814638	4.0334816
infection	5.6493344	0.8517981	-2.141353	5.809161	8.862713	4.5360894
inflame	4.821379	0.73731786	-0.6742424	4.6952257	9.379472	4.278077
inflammation	5.484966	0.8250288	-1.8727312	5.620184	8.994082	4.549988
inflammatory	4.916409	0.89294165	-1.874692	5.622683	8.55389	4.359541
inflate	4.1122627	0.70286834	0.044137836	4.55049	9.351469	4.280736
inflate_like	3.445534	0.77906394	-0.41964087	5.077421	7.991522	4.128229
influence	5.353504	1.0541915	-2.0071108	5.757872	8.812546	3.880403
information	6.261179	1.245882	-3.4383903	5.730024	6.844766	2.0054963
information_about	6.2442484	1.2523749	-3.4193077	5.722883	6.891509	2.0549521
infuriate	4.1871376	1.1040387	-1.781566	5.796319	7.0393744	3.0273817
ingest_air	2.3588603	0.77360666	-1.0157845	5.1610584	7.3801284	4.9647474
ingest_more_air	2.143463	0.7783701	-0.2847757	5.240989	7.531504	4.9176345
ingredient	1.6992388	0.65728426	-1.0367534	4.9749627	7.449589	5.74293
inguinal	4.992122	0.9293202	-1.9825783	5.4522185	8.146124	3.9065688
inhale	3.5237808	0.8867276	0.7944673	4.4899154	8.890334	3.407542
inhale_deep	3.4358559	0.95765764	0.36913794	4.1502514	8.714974	3.0388343
inherently	5.1804676	1.0846217	-2.1503618	5.8891673	8.007306	3.5562289
inhibitor	1.8094964	0.84142303	-1.7108167	3.8105023	7.9495373	5.7450438
initial_appointment	6.632035	0.8003702	-2.631224	4.721167	5.2987947	1.7922246
initial_consult	6.5689497	0.792113	-2.5990756	4.632226	5.355334	1.8951484
initial_consultation	6.728692	0.747206	-2.5808327	4.487302	5.2836447	1.8880906
initial_contact	5.384955	0.93652064	-2.1725824	5.101921	6.123187	2.4897058
initial_deny	7.066207	0.73859787	-2.7727334	4.17721	5.4211216	2.0173469
initial_dose	5.924914	0.85255927	-1.0326821	5.0898833	5.319694	2.0514374
initial_visit	6.4546866	0.7987936	-2.5891738	4.6516833	5.4381933	1.9684703
initiate	3.5421782	0.9853395	0.47312978	4.3540673	8.812949	3.0611632
initiative	2.1318812	0.87602085	-1.2463652	3.6634655	7.730617	5.04167
inject	6.582198	0.6220843	-1.4044099	3.9948137	5.58957	2.4567845
inject_100_unit	6.4024925	0.72101855	-1.5539745	4.35237	5.5199327	2.347712
inject_botox	5.010755	0.7725934	-0.53962094	4.2004147	9.612202	3.84131
inject_into	6.568695	0.6223558	-1.3504595	3.967333	5.6710324	2.5052059
injection	6.627586	0.6860863	-1.4338586	4.4632072	5.0779195	1.9713398
injection_into	6.544918	0.6242251	-1.403291	3.9878554	5.6466384	2.493261
injection_itself	5.671155	0.5566861	-1.0733042	3.8820736	6.3921723	3.0519867
injection_site	5.432574	0.5026309	-0.80553335	3.6503687	6.880332	3.3068054
injection_through	6.6101975	0.61027807	-1.4519886	3.9821076	5.556213	2.444411
injection_under	6.4448867	0.7039174	-1.7315558	4.2327867	5.4850607	2.3589761
injector	5.332305	0.9110564	-1.7564719	5.0652	6.2248383	2.6520333
injury	4.7216177	0.7607712	-0.67938775	4.57694	9.387144	4.172618
inner_ear	4.43891	0.7960471	-0.92347467	5.8778005	8.277999	4.4773884
insane	3.321449	0.96248525	-0.050329965	6.6815314	7.930752	4.425901
insane_amount	3.9164557	0.8063485	-0.34434983	6.280979	8.008986	4.5023556
insane_bloat	3.8704994	0.7909184	-0.48305348	6.235347	8.052696	4.611015
insecure	3.496849	1.0183506	-0.8348688	6.29016	7.4968343	3.5163188
insensitive	4.1852937	1.1056658	-1.5993817	5.657548	7.008212	2.9202163
insert	5.2362704	0.37696317	-0.60386866	3.2312763	7.459383	3.6303976
insert_into	5.1752954	0.44752097	-0.6456507	3.4074225	7.3812637	3.5508754
insertion	5.1835823	0.43997926	-0.6585514	3.4140759	7.343084	3.5681562
inside_my_body	4.0308914	0.77822876	-0.5506575	5.470043	8.143552	4.1414256
inside_my_mouth	4.1086645	0.70627433	-0.70362675	4.380232	7.990192	3.8311677
insightful	4.8733296	1.2281169	-2.3389733	5.834827	6.6651335	2.2879624
insist	6.9412346	0.96759707	-3.482729	5.23694	6.8101306	2.3269563
insist_that	6.241024	1.0195187	-3.166483	5.2089953	6.825928	2.494932
insomnia	4.7963843	1.0026321	-1.5661876	6.4662037	8.357609	4.345733
inspiration	4.7117634	1.3133583	-2.2129424	6.062656	6.6229324	2.0490751
inspire_by	5.651019	1.1393089	-3.050489	5.4434896	7.2313757	2.646516
instability	5.252186	0.89883596	-2.3319561	5.215918	7.8567047	3.683748
instagram	5.3756986	1.3333902	-2.9616482	6.112621	6.7707977	2.0557244
instant	3.0050259	1.3758243	0.39454037	6.0665517	8.353092	3.2895634
instant_relief	3.551726	1.2243321	0.4362294	5.808238	7.5872006	2.6605768
instinctual	3.1473668	1.3621459	0.11796552	5.8882957	8.33037	3.17516
instructor	3.998267	0.9097296	-1.4640393	4.93286	7.377813	3.3552856
instrument	5.0906787	0.4713601	-0.59512997	3.3930407	7.5899754	3.5771303
insufficient	5.0123305	1.0567871	-1.8906096	6.2293124	8.0045805	3.842151
insurance_approve	5.748287	0.92932016	-2.3110695	5.037645	5.7396717	2.1441586
insurance_company	7.204582	0.7756302	-2.9880664	4.2801976	5.508323	1.9293772
insurance_cover	7.2037935	0.6718559	-2.6145644	4.019508	5.2071843	1.9576453
insurance_cover_everything_except	6.4345517	0.7374405	-2.0350032	4.2885404	5.3970037	2.2697458
insurance_plan	6.643566	0.7080402	-2.3449318	4.1281986	5.385628	2.2289171
insurance_will_cover	7.116427	0.73123413	-2.7410636	4.138307	5.3961864	2.0183322
insure	6.9641795	0.7953431	-2.8627439	4.288788	5.610282	2.0776832
insurer	7.104362	0.78680193	-2.9569876	4.2892127	5.548692	1.9856054
intel	4.9469066	1.2565426	-2.3840406	5.9066567	6.563041	2.1408236
intend	4.7454376	0.81152546	-1.0350299	4.3358717	8.743922	3.6452875
intense	3.9202108	0.83241445	-0.07807533	6.589172	8.350889	4.701867
intense_anxiety	3.2478778	0.99452156	-0.73146546	5.976582	7.393687	3.9058642
intense_bloat	4.0351934	0.7930372	-0.68252075	6.069273	8.018366	4.4878445
intense_chest	4.198047	0.72190285	-0.5819832	5.831676	8.250075	4.5374002
intense_fear_of_vomit	4.224673	1.3568522	-1.3111618	7.131719	7.898067	3.6167173
intense_nausea	4.040235	0.83294916	-0.38339844	6.4905314	8.332996	4.696273
intense_pain	3.698803	0.8177426	-0.28365675	6.121137	8.09085	4.4550257
intensity	4.440334	0.7638714	-0.47117293	6.327564	8.046786	4.5881014
intentional	3.645209	1.1154158	0.628289	5.427523	7.8174825	2.5396233
interconnected	4.8626924	1.041197	-1.8393637	5.8574176	8.251115	3.861459
interest_in_hear	5.2594023	1.1599836	-2.4335873	5.5485296	6.983945	2.515273
interest_in_learn	5.4648967	1.085059	-2.8158221	5.2672935	7.173079	2.747569
interest_to_hear	5.055813	1.3671039	-2.41701	6.188376	6.5550575	1.8500749
intermit	3.7431407	0.9262953	-0.8197664	5.5440507	7.5624995	3.6092088
internal	4.636002	0.7540067	-0.1587133	4.1775837	9.609648	3.8857934
internal_injection	6.5208383	0.66640836	-1.479457	4.1205697	5.591332	2.432459
internal_pressure	4.228448	0.74913985	-0.6739143	4.56511	8.814445	4.0942516
international	6.573017	0.9712964	-3.2281716	4.897557	6.071517	2.0204787
interrupt_my	3.99839	0.83145046	-0.82128036	6.126599	7.828767	4.378803
intervene	3.6407423	1.0142715	-1.46448	5.59039	7.127443	3.5299249
intestinal	4.413248	0.73300725	-0.6186039	5.0357313	9.292668	4.6183515
intestinal_gas	4.102557	0.758313	-0.5136759	5.9714546	8.242706	4.5743756
intestine	4.1901274	0.7108553	-0.30213985	4.8989177	9.351946	4.5911946
intestine_and_colon	4.3798947	0.7474822	-0.8205656	4.923053	9.042422	4.464086
intimate	3.4107907	1.0751436	-0.48342094	6.2328196	7.687191	3.254196
into_action	3.8404746	0.83684456	-0.20702608	3.9511945	8.706113	3.3765366
into_adulthood	4.4234986	1.1783129	-1.7512374	6.71514	7.2838616	3.463425
into_colon	4.039813	0.73728913	-0.6139079	4.8148494	8.968436	4.4674907
into_my_chest	3.7613647	0.78904694	0.09097056	4.176657	8.828564	3.6257613
into_my_mouth	3.1259255	0.7489123	0.5291614	4.9743752	8.140348	4.32147
into_my_nose	4.9598475	0.42638752	-0.48625776	3.5108871	7.4762764	3.7276123
into_my_stomach	3.847867	0.7345809	0.41729566	4.3406324	9.113319	3.9276893
into_my_throat	4.117936	0.674752	0.23345675	4.07422	9.050578	3.9118605
into_perspective	3.8033888	1.0008681	-1.8274981	4.8491282	7.258574	3.394389
into_place	3.6780188	0.8032523	-0.013625378	3.8099866	8.762892	3.4448514
into_the_bathroom	3.9386559	1.0019387	-1.1887124	4.9752903	7.5844836	3.1586378
into_the_toilet	3.150608	1.1929486	-0.059112977	5.8829503	7.9427357	2.9992824
into_your_neck	5.143789	0.4821415	-0.6807152	3.4792962	7.342194	3.5154102
intolerance	1.9690689	0.6422636	-1.2490146	5.127432	7.6180415	5.830818
intolerant	1.8502896	0.6455575	-1.2019926	5.078445	7.5199738	5.787137
intoxicate	3.5487237	1.245974	-0.77321506	6.3941503	7.872798	3.617855
intra_abdominal_pressure	4.5133405	0.7815062	-0.93821126	4.5949197	8.848676	4.0157647
intrusive_think	3.9929206	1.3412218	-1.1008325	6.796661	7.9161325	3.4470015
intubate	6.127395	0.60032725	-1.2023437	4.2639675	5.9099283	2.7526226
intubation	5.3416157	0.48554716	-0.635373	3.830161	6.8471003	3.425064
intuit	4.2966933	1.0481591	-1.7693877	5.4102373	7.426348	3.276471
invalid	3.960679	0.8643538	-1.0216637	4.6774673	7.7865744	3.3623538
invasive	5.866212	0.82055473	-1.4554424	4.8861294	5.906137	2.5537853
invasive_procedure	5.657443	0.9416387	-1.8983518	5.0908732	6.4909606	2.6804574
investigate	6.7682285	0.99856883	-3.392821	5.264299	7.0553174	2.513413
investigation	6.38921	1.1371922	-3.3861494	5.503204	7.1705394	2.415802
invoice	6.9551945	0.67294383	-2.539564	4.09388	5.2436934	2.0319574
involuntary	3.543347	1.0741808	0.7571615	5.7972255	7.727092	2.7099366
involuntary_air_vomit	3.3776066	1.1357887	-0.43132362	6.043029	7.855027	3.5884619
involuntary_burp	3.8141081	1.0404172	0.80155283	5.7665105	7.082411	2.5025697
involuntary_dry	4.0229163	0.89730394	-0.9422665	5.5741525	7.82698	3.9730926
involuntary_gag	4.1952987	0.79415065	-0.8194464	5.6297007	8.043317	4.290617
involuntary_microburp	4.321106	0.92370075	0.08510833	5.613858	6.3371806	2.6682236
involvement	5.1088033	0.91055226	-1.9569339	5.3621054	8.46268	3.989685
inward_burp	3.566105	0.98217916	-0.35221103	5.710803	7.6369495	3.390821
inwards	3.6631505	0.8646848	0.57086545	4.3835974	8.952813	3.4340577
iowa	5.9446373	0.9659134	-2.852596	5.0094805	6.118567	2.2343721
ipa	1.3631283	0.8187681	-0.70767736	5.444244	7.0069876	5.2603617
iqoro	5.3277607	0.99453586	-2.6683552	5.052274	7.113972	2.9227366
iron_pill	1.9491774	0.84574443	-1.131429	3.7711918	7.7383347	5.208551
iron_supplement	1.9172196	0.8415242	-1.1585889	3.784138	7.748468	5.2478685
irrational	4.402814	1.224741	-1.6079988	6.3945856	8.004275	3.5220623
irrational_fear	4.2195954	1.3725959	-1.2310791	6.929108	8.112069	3.543352
irregular	4.4674745	0.7806734	-1.2606831	5.328356	8.221634	4.2714925
irregularity	4.522876	0.76761013	-1.299923	5.0765524	8.30859	4.2011476
irreversible	5.398583	0.9497739	-2.1404247	5.680915	8.574489	4.1141086
irritable	3.5622551	0.9472351	-0.6626366	6.349118	7.7733984	4.046816
irritable_bowel	4.799139	0.9360939	-1.7823973	5.9908233	7.7941346	4.0033402
irritate	3.8489943	0.65416074	0.41521636	5.0873675	8.198838	4.4164143
irritate_by	4.192727	0.727419	-0.6336464	5.481301	8.24382	4.3788357
irritate_my_throat	3.7203672	0.93953896	-0.9423356	5.650565	7.4772787	3.924325
irritate_throat	4.4390955	0.6672419	-0.116802186	5.288498	6.94356	3.8950102
irritation	4.1434665	0.6092867	0.34480706	4.930654	8.012583	4.325238
irritation_in_my_throat	4.2954884	0.93175054	-1.366505	5.5304713	7.346477	3.676054
irvine_ca	6.116461	0.87829626	-2.5304935	4.841551	5.6142254	2.0603344
issue_e_g	5.4233913	0.92403376	-2.4042454	5.310518	7.8695455	3.616923
it_in_the_meantime	5.5413294	1.1410388	-2.8218567	5.421348	6.5456786	2.198887
it_make_sense	4.8943715	0.80041975	-0.58609587	4.671052	9.663057	4.136129
it_suck	3.8854847	1.3588564	-1.2429707	6.757327	7.054078	2.3770885
its_a_combination	4.074289	1.1059964	-0.094949014	5.3103247	7.2289505	2.3581855
its_a_mixture	4.63124	1.0785196	-1.8336784	5.7342267	7.1772585	3.1185777
its_amazing	4.534776	1.3687198	-1.5872582	6.745684	6.4232416	1.9538976
its_awful	3.2110972	0.99354845	-0.14561374	6.494223	7.8624744	4.27852
its_existence	5.65119	1.1803676	-2.791142	6.0636034	7.4903235	2.8931942
its_frustrate	4.5208616	1.3233188	-1.8725668	6.202478	6.6512504	2.1185045
its_horrible	3.2999344	0.9915387	-0.21023118	6.3536167	7.896327	4.1649184
its_impossible	3.8421705	1.1734278	-1.0728489	5.7890244	7.644681	2.983487
its_insane	4.22468	1.0618434	-1.4285855	6.549139	7.336776	3.701045
its_mainly	3.9706836	0.98367035	-0.15828119	5.482776	6.910705	2.7208622
its_not_necessitate	5.073317	0.9970739	-2.0946543	5.843988	8.038542	3.8384297
its_not_pleasant	3.2233388	1.2439586	-0.0774247	5.789693	8.172943	3.3423715
its_not_uncommon	4.903615	0.9702315	-1.3275216	5.9349422	7.071196	3.4018562
its_own	4.3489804	0.9001414	0.2133229	4.330642	9.32412	3.347182
its_possible	5.5677314	1.0729458	-2.0615263	6.1125746	8.981218	4.064762
its_pure	5.0989203	1.1215937	-2.129505	5.9782968	8.344392	3.6538265
its_rare	4.4269176	1.0229493	-0.61739635	6.1251874	7.142265	3.246013
its_related	5.3888545	1.1338954	-2.0401118	6.3370214	8.835863	4.0099587
its_ridiculous	3.546617	1.1642588	-0.76491463	6.3682923	7.6598077	3.113917
its_so_frustrate	4.083446	1.3094819	-1.5454491	6.377434	6.900298	2.3189888
its_suppose	4.0373325	0.8795732	0.42414755	4.1462154	9.307706	3.3351269
its_the_worst	3.2714417	0.976196	-0.21002455	6.367944	7.850969	4.18886
its_unbelievable	4.3613324	1.0851395	-1.2249818	5.7119966	6.551247	2.563192
its_worst	3.710447	0.7420202	0.020161413	5.683496	7.144939	4.2061462
its_worth	7.0287	0.85236233	-2.7888894	4.6117573	5.5049934	1.8023359
iu_health	5.663628	0.9905001	-2.7628953	5.006804	6.4562297	2.464394
iud	2.9817684	0.8092509	-1.3095497	5.2191443	7.7246633	4.8159723
iv_for_dehydration	4.625437	0.8999589	-0.38636494	5.5433726	6.103988	2.712613
iv_sedation	6.300123	0.75618535	-2.289222	4.395545	5.7010155	2.3662522
jab	6.2676187	0.71166855	-1.4803206	4.4863396	5.2360387	2.1596892
jacket	3.6024766	0.7692664	-0.43919188	4.979543	7.94957	4.0426874
jag	4.4049144	0.45513338	-2.7228737	3.2895548	6.7770987	4.147558
jai	4.426607	0.48173553	-2.6968021	3.3199449	6.808011	4.1213355
jan_2025_1	4.26869	0.9053851	-1.2643394	5.331194	6.844285	3.2440526
jar	2.3878417	0.7180988	-0.98798954	4.8200283	7.279976	4.917288
jaw	3.858214	0.76021326	0.5026079	3.9491842	9.278462	3.6666038
jaw_forward	3.5348384	0.865254	0.2709853	3.8572419	8.859979	3.2365196
jaw_pain	4.0727077	0.672884	-0.28181306	5.3659043	8.300041	4.447087
jaw_surgery	4.5532737	0.930906	-1.7458508	5.550346	6.9702125	3.4708602
je_faisal	4.4379435	0.58283305	-2.3234348	3.8126495	6.9728966	3.9431343
je_pense	4.447956	0.5922035	-2.3025725	3.8448453	6.9693613	3.9195065
jealous	3.5978675	1.292568	-0.8358121	6.6605473	7.3976564	2.5751271
jealous_of_people_who	3.9970322	1.3437598	-1.3304061	6.4002523	7.675004	2.9706328
jealousy	4.2791615	1.2622174	-1.600942	6.1583867	7.140555	2.5947418
jeans	3.1849039	0.81400496	-0.60720074	5.5967627	7.716524	4.320919
jeff	5.168779	1.0086911	-2.5386589	5.2167916	6.770326	2.7582297
jefferson_health	6.309234	0.8579914	-2.6644905	4.767443	5.572684	2.0018334
jefferson_hospital	5.8799067	0.88009775	-2.023248	4.997997	5.424373	2.010819
jeg	4.3946805	0.44374448	-2.7399366	3.272424	6.763521	4.1602635
jello	1.5668637	0.595817	-0.0375003	4.782233	7.115382	5.5057755
jester	4.5088296	0.72454625	-2.0662446	4.357838	7.2298465	3.7828894
jitter	3.8410368	0.96858716	-1.4650869	5.213623	7.4160137	3.527299
jog	2.9728382	0.80420816	0.14205565	3.9667025	8.482346	3.8052237
john_hopkins	6.170183	1.1142528	-3.3347688	5.337916	6.5034566	2.056708
join_reddit	4.7803698	1.3835369	-2.3921874	6.7538533	6.8190885	2.3980591
join_this	4.8742723	1.3645107	-2.4938064	6.622568	6.8062716	2.340176
join_this_sub	4.5951076	1.2841163	-1.9814842	6.985755	7.0976567	3.1542258
joke	3.2744906	1.297837	-0.54794	6.7728186	7.5476136	2.516208
joke_about	3.4425511	1.2531781	-0.6954384	6.6526175	7.5031056	2.6699412
joke_around	3.7778194	1.0176336	-1.557538	5.4754596	7.1726007	3.3729286
joker	3.7524817	0.89170974	-0.93139994	4.6810384	7.7524867	3.39942
jolt_awake	3.202095	0.7677999	0.3469758	5.1979933	7.9405265	4.322958
journal	6.0500884	1.2174717	-3.369908	5.6172557	6.6749954	1.9882375
joy	4.5445776	1.4119138	-1.9094071	6.745751	6.5604906	1.9350066
judge	4.6807594	1.3139176	-1.8464144	6.33058	7.337058	2.4678786
jug	2.9816377	0.85369813	-1.0292927	4.971155	7.3511004	4.104841
juice	1.3036395	0.7247719	-0.5680057	5.278637	7.1780853	5.6129117
july	6.0861225	0.8176454	-1.9948707	4.99174	5.018992	1.7618022
july_2023	5.8425465	0.8243608	-1.3407947	5.0229754	5.277597	2.0710099
july_25th	5.850069	0.8751318	-1.654544	5.0497966	5.3978753	2.0426075
july_twentieth	5.0919547	1.0114927	-1.7291073	5.428358	5.9701962	2.2669024
jump_through	7.039995	0.9005109	-3.225695	4.6169343	5.874658	1.964192
junk_food	2.0941694	0.74128634	-1.0302029	5.164356	7.311175	5.194158
just_a_bit	4.250162	0.6448893	0.41371164	5.369343	6.493586	3.7488744
just_a_little	4.1795545	0.61557347	0.5120661	5.261658	6.5275464	3.8068926
just_a_weirdo	4.584934	1.309742	-2.1447127	6.554916	6.961373	2.5690584
just_below	3.8845267	0.73564047	0.23350365	4.043818	9.060554	3.7569716
just_curious	5.053519	1.4061208	-2.3951664	6.3249435	6.5077114	1.7379491
just_dismiss	5.9093723	1.1614027	-2.9170806	5.9570537	7.493223	2.7984123
just_dry_heave	3.1144016	1.4536047	0.10117121	6.2848625	8.3359785	3.228556
just_join	4.775155	1.3506235	-2.3466935	6.6968956	6.832983	2.4637394
just_saw	5.093439	1.3331206	-2.4387474	6.124735	6.2630363	1.7140999
just_sit	3.3203282	0.7575507	0.51751435	4.6565332	8.754634	4.1713824
just_stumble	4.8076844	1.3692497	-2.473692	6.616864	6.8289204	2.3368106
just_to_clarify	4.1704473	1.1191677	-1.3233836	5.867298	7.3718843	3.1612453
just_want_to_share	4.953028	1.4063116	-2.2623615	6.4092965	6.2534184	1.5542185
just_wonder	5.0596733	1.4110593	-2.3812177	6.3416095	6.545665	1.7572433
justify	7.002994	0.7415868	-2.6636248	4.175419	5.479946	2.0967324
jut	3.3747518	0.91107666	0.32730788	3.8527946	8.736816	3.062767
jut_out	3.5502613	0.8912659	0.28434026	3.8359315	8.864215	3.1383827
k	4.762667	0.9397635	-1.9858447	5.2702503	6.759953	3.1190088
kaiser	7.017734	0.8775993	-3.1595798	4.712832	5.714253	1.8365492
kaiser_doctor	5.944569	1.0437151	-2.9735548	5.2120714	6.3864074	2.2374284
kaiser_insurance	6.1838703	0.9439032	-2.950504	4.986368	6.0397153	2.131841
kaiser_mid_atlantic	5.474293	0.9762377	-2.4146013	5.1083884	6.1873555	2.4125648
kamloops	5.161648	1.0339252	-2.3577404	5.3639855	6.5128016	2.588143
kansas_city	5.58936	0.98328406	-2.6533055	5.086317	6.340459	2.4604354
karagama	6.8272934	0.8179699	-2.4029849	4.72145	5.3805747	1.8108492
keep_in_touch	4.7435555	1.3273836	-1.9829016	6.1252985	6.1867657	1.6969756
keep_my_head	3.2157981	0.8680275	0.489477	3.8343382	8.809926	3.2916636
keep_my_tongue	3.600022	0.83740723	0.3842422	3.8298392	8.998344	3.3761778
keep_practice	3.938533	1.0838593	0.6096433	4.986838	7.7425685	2.336135
keep_stomach_content	4.1421485	0.8280356	-0.8683719	4.587627	8.427453	3.762781
keep_the_ability	4.6922293	0.98638785	0.06798456	5.4495945	6.1246047	2.1702974
keep_update	4.822421	1.3688719	-1.9886521	6.22486	6.036856	1.4774861
keep_us_update	4.816718	1.3763336	-1.9656901	6.2634654	6.0319853	1.4600822
keep_yourself	3.345423	0.9713163	-0.86518013	5.016765	7.60277	3.5526087
keeper	4.3737803	1.1989694	-1.793415	5.880205	6.7751007	2.4787958
kefir	1.6889253	0.65889746	-0.96327144	4.9560947	7.3611794	5.6554804
kelowna	5.992765	1.0370277	-3.06375	5.1435776	6.322566	2.1858277
kentucky	5.808514	0.9481956	-2.7533681	4.962417	6.1737795	2.3476179
keratosis	4.0611825	0.9817653	-1.5264313	5.3490367	7.2491345	3.3676379
ketchup	2.026825	0.6964821	-1.0672836	4.9913683	7.323808	5.33034
keto	1.9927135	0.6990769	-1.279644	4.95192	7.4492216	5.501541
keto_diet	2.1523979	0.771711	-1.4144484	4.5633383	7.6470714	5.3871675
kicker	4.0295253	0.9801725	-1.6004068	5.339215	7.159582	3.3806522
kickstart	4.09843	1.0751154	-0.0063540787	5.456866	6.9756484	2.3736932
kid_who	4.023963	1.3551608	-1.3456857	6.6889095	7.7253613	3.170665
kill	3.5976343	0.7661079	-0.05451527	5.549318	8.619632	4.598459
kill_two_bird	5.243986	0.90845597	-2.416494	4.959416	6.400603	2.7327328
kind_of_funny	4.229568	1.2724185	-1.2988012	6.309982	7.148045	2.6501284
kind_of_like	3.6059937	0.8442606	0.71882194	4.6357956	8.810962	3.5682695
kind_of_make_sense	4.091822	1.0436764	-1.1380321	5.207925	7.927342	3.2722385
kinda_hard	4.23849	0.9029591	-1.0707281	5.2242813	6.917755	3.2688766
kinda_like	3.5837836	0.87337697	0.52440846	4.46827	8.864166	3.4919312
kinda_weird	3.748637	0.9346033	-0.5467429	5.5441756	7.2829876	3.2702336
kink	4.121761	0.68645936	-0.16073556	4.3238196	9.011338	4.0989847
kiss	3.2583508	1.2204208	-0.4901671	6.449887	7.5707216	2.7115827
kiss_the_ceiling	3.9183958	1.0764279	-0.10327902	3.780454	8.752437	2.4312885
kitchen	2.9844398	0.94074273	-0.40403455	5.138606	7.6806006	3.8268516
kitkat	2.3074574	0.76995385	-0.87912047	5.2940555	7.338329	4.9496336
klonopin	2.0909774	0.85951334	-1.3435367	3.859625	7.726	5.205797
kneel	3.4045553	0.77151763	-0.045126546	3.8578937	8.514845	3.643961
knife	3.6414964	0.7399336	-0.25739914	4.0141788	8.329342	3.702362
knock_out	6.5109305	0.6028632	-1.6464258	4.0554905	5.3976145	2.3881106
knot	4.014437	0.6286061	0.10111227	4.684592	8.724663	4.26051
know_about	6.730695	1.1033653	-3.3780973	5.661381	7.1286745	2.4255974
know_doctor_bastian	6.1929774	1.0678611	-3.1458528	5.3098984	6.8673716	2.4653485
know_specialist	6.4480677	1.1644374	-3.4966736	5.456287	6.5882897	1.9681762
know_to_treat_r	6.3276424	1.072083	-3.3341053	5.274839	6.6837225	2.2596672
know_what_to_expect	4.750627	1.2699963	-1.5698141	6.110211	6.036397	1.7603208
knowledge	6.405137	1.2031476	-3.419801	5.699738	7.056811	2.231615
knowledgeable_about	6.250047	1.0368072	-3.1658928	5.138696	6.5494046	2.309211
knuckle	3.8764038	0.73359925	-0.15552886	4.503004	8.546492	3.9037426
ktc	3.8880568	1.0848418	-0.002199738	3.7948935	8.776075	2.405635
ky	5.7082076	0.94234294	-2.524957	5.000839	6.011193	2.2950444
kyphosis	4.4137983	0.8764726	-1.4234293	4.705325	8.029281	3.6307771
l_theanine	1.9767711	0.8573915	-1.3109975	3.7645268	7.7342224	5.2861786
la	4.416446	0.4681763	-2.7167835	3.2921474	6.7905087	4.1366043
la_croix	1.1906905	0.8770602	-0.49912316	5.651835	6.972513	5.2265606
lab	6.780066	0.7447729	-3.1352372	4.706602	7.2641215	3.0393996
labor	3.28908	0.8811912	-0.2611468	5.365601	7.9091897	3.9587939
lace	3.7905157	0.8221459	-1.126429	4.7719493	7.589195	3.7397897
laceration	4.3696227	0.5466919	-0.12068002	4.10322	8.223704	4.0319257
lack_of_ability	4.481768	1.2705231	-1.5120559	6.83467	7.904663	3.5732167
lack_of_appetite	4.4710665	0.8289478	-1.0277013	6.179294	8.228188	4.541633
lack_of_burp	5.401768	1.077476	-2.1030726	6.4031105	8.690238	4.1585956
lack_of_information	5.324364	1.032821	-2.4138756	5.378291	7.208544	2.9986186
lack_thereof	4.368137	1.1167196	-1.1885377	5.5601296	7.089034	2.6213207
lacroix	1.423354	0.827383	-0.6566441	5.4245625	7.0061917	5.1982546
lactaid	2.0270896	0.837366	-1.4229581	3.9858558	7.7415795	5.363726
lactase	1.807717	0.65892756	-1.0564972	5.0343738	7.384737	5.6074643
lactose	1.7787024	0.63460714	-1.122446	5.096984	7.4548545	5.7803774
lactose_free	1.6131835	0.7213589	-0.85214347	5.2337565	7.2038636	5.4630394
lactose_free_milk	1.4605095	0.8037308	-0.752504	5.3961887	7.0640492	5.264179
lactose_intolerance	5.4601073	0.8551916	-2.1811004	6.044245	8.605079	4.607335
lactose_intolerant	1.8388258	0.64350086	-1.1771615	5.1341667	7.4658585	5.7302737
lakeshore	4.998887	0.97248816	-2.1691253	5.200087	6.4113903	2.6788347
landscape	4.102288	0.84395427	-1.5298029	4.6757655	7.483409	3.5814452
lansoprazole	1.8254088	0.8475752	-1.652438	3.8167598	7.9258695	5.684376
laparoscopy	5.3443723	0.7868186	-2.231828	5.07874	8.081567	4.0229697
large_amount	1.680482	0.73499477	-0.5379645	5.1621428	7.2633996	5.328941
large_amount_of_air	3.5360088	0.9165972	0.019491926	4.9892154	8.252797	3.4708016
large_belch	3.5875034	1.0172206	0.1191044	5.4614186	7.598174	2.8509429
large_bowel	5.000615	0.74284893	-1.5373849	4.811851	8.664967	4.2035384
large_bubble	4.099621	0.71925735	-0.2861188	4.5366855	9.050742	4.2004194
large_burp	3.7975492	1.0578058	0.93859386	5.7037816	7.1502843	2.3902943
large_dose	5.9723063	0.83801997	-1.1588492	4.9500837	5.327083	2.0742002
large_gulp	1.9601823	0.8251727	-0.82439697	3.87598	7.6977077	5.0963693
large_intestine	4.342435	0.71785885	-0.57584375	4.705454	9.249737	4.4573183
large_meal	1.8747436	0.7721419	-0.034083743	5.502143	7.245151	5.130501
large_pill	1.8783498	0.75510406	-0.36265868	4.333848	7.420541	5.1059976
large_scale	5.5850863	1.1651788	-2.9562335	5.5457435	7.2075768	2.594094
large_volume	3.6713717	0.80905443	-0.24356192	5.093921	8.551496	4.11685
laryngeal	5.2624836	0.81757134	-1.9105247	4.934585	8.399946	3.934887
laryngeal_spasm	5.4134946	0.9725087	-2.4207542	5.150213	6.7780533	2.829339
laryngeospasm	5.2439423	1.0393504	-2.044809	5.6793857	7.6700225	3.383007
laryngitis	5.076529	0.831691	-1.935295	5.307054	8.04819	4.0259204
laryngologist	6.537559	1.0958369	-3.4021852	5.3035407	6.656017	2.1533523
laryngology	6.488641	1.0082481	-3.333661	5.102261	6.263078	2.0253239
laryngopedia	6.0473304	1.2246014	-3.4073436	5.6081405	6.705543	1.9939293
laryngopedia_com	5.4301744	1.1578975	-2.9153633	5.4782276	6.956298	2.4766307
laryngopharyngeal_reflux	5.5077753	0.87209916	-2.2331655	5.713309	8.475081	4.288946
laryngoscope	6.9838943	0.6574876	-2.9397254	4.3821297	7.127891	2.9627028
laryngospasm	4.5494933	0.78684723	-0.013604185	5.697813	6.4914308	3.433456
laryngospasm_which	4.6856723	0.8687239	-0.3901545	5.797333	6.4460287	3.2050412
larynx	4.5215263	0.74703264	-0.27803335	4.1154885	9.311287	3.823634
larynx_lower	3.8599615	1.071725	0.06271632	3.8023393	8.821902	2.445733
larynx_lower_exercise	3.9069483	1.1064286	0.06464373	3.853782	8.771708	2.3460217
larynx_lower_exercise_search	3.9820974	1.1131198	-0.14038037	3.874714	8.685466	2.3306375
larynx_soft	3.7325323	0.8254129	0.070466	3.8453372	8.825695	3.3608081
laser	6.544263	0.67546594	-1.4949992	4.1752353	5.5458274	2.391938
last_april	5.217341	0.9251316	-2.0249796	5.6730394	7.134437	3.486566
last_august	5.7949457	0.84803134	-1.3817036	5.104227	5.268248	2.016436
last_december	5.5558386	0.87200475	-1.4441599	5.158616	5.511029	2.2074792
last_effect	5.3258643	0.9655022	-1.8187149	5.4808393	7.081324	3.2011502
last_for_hour	3.6193466	0.8253522	-0.15835881	6.131018	8.020948	4.427379
last_meal	2.5105941	0.7700674	-0.1863371	5.4310474	7.1944566	4.7016244
last_month	5.92706	0.8430038	-1.8549229	5.147878	5.1146145	1.8802645
last_september	5.6844783	0.8618421	-1.4654572	5.105873	5.4387503	2.1591458
last_summer	4.636617	1.1548145	-1.6313803	6.871617	6.9422054	3.4456441
last_tuesday	5.502967	0.87054986	-1.3333706	5.187096	5.5280724	2.2360852
last_year	4.6563487	1.2284626	-1.4664307	7.158716	7.0024076	3.3749628
late_20s	4.5893645	1.1076825	-1.548681	7.0359893	7.752249	4.0997005
late_at_night	2.327238	0.7617472	-0.7488206	5.3337936	7.3483114	4.952788
late_august	5.391802	0.916834	-2.0371938	5.0501595	6.0994973	2.5146163
late_in_life	4.710294	1.3254528	-1.7722459	7.2683597	8.02451	3.723535
late_march	6.097188	0.8598963	-2.2655377	4.9815288	5.2309976	1.8226593
late_response	4.484616	1.2962081	-1.7796158	6.1067305	6.3280745	1.9635968
late_teen	4.723524	1.0790796	-1.6009988	6.9593835	7.7655973	4.119721
late_teen_early_20s	4.779297	1.0655763	-1.6263492	6.8966928	7.713248	4.0787134
late_twenties	4.5208206	1.072239	-1.5780898	6.7247252	7.5733333	3.9621387
lateral	4.4456196	0.7976379	-0.97778517	4.3243465	8.436228	3.640382
laugh	3.2573147	1.2890507	-0.48610586	6.760399	7.541635	2.4921634
laugh_really_hard	3.4716508	1.0399514	0.2635537	5.9551573	7.4802737	3.182559
laughter	3.1816764	1.1234703	-0.20392288	6.14139	7.7120757	2.873146
lax	4.8331065	0.7575495	-0.3958714	4.3093023	9.69914	3.9964092
lax_les	5.5527854	0.8715442	-2.353987	5.708983	8.437652	4.273001
laxative	1.8300124	0.78895646	-1.3745879	4.1760597	7.7810426	5.603848
lay	2.7313488	0.8042539	0.5221591	3.9165213	8.648657	3.8907557
lay_down	2.7545867	0.79324484	0.41194895	3.814803	8.628857	3.8506877
lay_down_flat	2.8355536	0.79442406	0.24683024	3.7700977	8.586288	3.795111
lay_down_in_bed	3.0748749	0.99754024	-0.72184277	5.8123875	7.3582983	3.9399524
lay_down_to_sleep	3.4121687	0.8387161	-0.13883252	5.3211784	7.864427	3.9928927
lay_flat	2.8044696	0.7905888	0.35899732	3.771226	8.634708	3.8130379
lay_in_bed	2.9071357	0.8490722	-0.16355754	5.827924	7.420379	4.444806
lay_on_left_side	3.648992	0.8731458	-1.1820868	5.125225	7.358269	3.7808478
lay_on_my	2.7800307	0.78416276	0.35512167	3.7344332	8.641356	3.8220007
lay_on_my_stomach	3.0887706	0.81389093	0.013024366	3.8141932	8.532878	3.6696332
lay_on_the_bathroom	3.267552	0.9440394	-1.0173715	5.4083023	7.2842655	3.812919
lay_on_the_couch	2.4845202	0.8579755	-0.47496676	5.702415	7.213128	4.583524
lay_on_their	3.1446652	0.80143815	0.069926165	3.7992327	8.582109	3.632609
lay_on_your	2.947108	0.7937628	0.2330114	3.7345355	8.627004	3.7098312
le	4.4163384	0.46881786	-2.7156253	3.2948859	6.792782	4.1361523
le_27_fever	4.4386044	0.6486658	-2.121105	4.088192	7.0734873	3.8402727
le_botox_sous_anesthesia	4.3437004	0.86773825	-1.6891717	5.088018	6.988928	3.492339
le_botox_tu_avail	4.479056	0.8503221	-1.8724066	4.785251	7.272165	3.4892433
lead_to_colon	4.199713	0.7633942	-0.7233049	4.4880466	8.788136	4.032071
lead_to_sibo	5.0450053	0.92642057	-1.9759406	5.792217	8.371461	4.21975
leafy_green	1.9068801	0.67194766	-1.0113227	5.069775	7.3001304	5.441379
leak_gut	4.945618	0.895855	-1.9111927	5.6899176	8.279921	4.234886
leak_into	4.9063296	0.75938386	-0.4981562	4.181189	9.576145	3.882932
leak_out	3.6318192	0.8187626	0.271369	5.2082696	8.86649	3.997482
lean	3.300695	0.8408373	0.6503215	3.8561463	8.991362	3.4333272
lean_back	3.229541	0.84743	0.65877634	3.8722713	8.950569	3.4347622
lean_down	2.9883955	0.8712258	-0.29961607	5.0524893	7.78682	4.061373
lean_forward	3.164163	0.83868796	0.6586927	3.912818	8.920473	3.5327837
lean_my_abdomen	3.8883615	0.8380528	-0.9817321	4.2931952	7.98581	3.5206015
lean_over	2.7878766	0.79366064	0.5383816	4.0253553	8.596092	3.9506547
learn	3.9691534	1.0996419	0.59262687	4.742403	8.361915	2.4512792
learn_about	5.354394	1.4274943	-2.8137333	6.694121	6.809544	2.0057392
learn_behavior	5.010708	1.0797031	-1.9715034	5.5515385	8.185638	3.4130895
learn_how	3.9241881	1.0969715	0.6249042	4.804345	8.302811	2.464835
learn_how_to_burp	4.0326037	1.1474811	0.29942113	4.670355	8.1692095	2.2180586
learn_how_to_control	4.1654925	1.0697473	0.08696397	5.4184976	6.9104757	2.2985406
learn_more	5.3005753	1.404681	-2.715938	6.3365235	6.5703907	1.7379005
learn_skill	4.0674367	1.1426673	-0.35338002	4.8983793	7.8619566	2.4274335
learn_to_burp	4.0578113	1.1399012	0.2781114	4.6037827	8.210701	2.2331746
learn_to_control	3.994479	1.0798299	0.5328111	5.083093	7.575176	2.3127544
learn_to_deal	4.709828	1.1952267	-1.6854553	6.598372	7.7226067	3.5864756
learn_to_live	4.9450054	1.1243098	-1.6149751	6.828614	7.8935747	3.9904263
least_50	4.3533816	0.9066624	-0.5453069	5.504177	6.2104764	2.8638759
least_a_little	4.241353	1.0941218	-0.87647367	5.920354	6.879131	2.7034187
least_once	3.6881464	1.228461	0.21113963	6.7029243	7.3655157	3.2115993
leave_early	2.8744264	0.9379589	-0.5218948	6.0447803	7.4204793	4.3592877
leave_r_cpd	5.393692	0.9986634	-2.2004702	5.861441	8.601007	4.1050143
ledge	4.2731276	0.74220335	-1.6678826	4.5048246	7.313757	3.7294626
lee	5.043711	1.1851317	-2.524072	5.517894	6.7703166	2.3275278
left_arm	3.8062627	0.6602758	-0.19381587	4.490536	8.451871	4.129168
left_ear	3.5860038	0.7292151	-0.03322696	4.067144	8.604774	3.8307734
left_leg	3.8579338	0.85226077	-1.0732205	4.6989346	7.7243543	3.5867221
left_nostril	4.7647347	0.6099397	-1.1502436	4.269516	7.4997725	3.8229587
left_or_right	3.4141984	0.93602985	0.7708714	3.9931257	8.937373	2.9824073
left_rib	4.0159802	0.6138283	-0.13803065	4.772603	8.534403	4.3357544
left_rib_cage	4.019704	0.6506365	-0.41946724	4.587123	8.369197	4.155212
left_side	2.8138506	0.77820075	0.33881345	3.7291067	8.656261	3.8249402
leg	3.8110147	0.67428184	0.032023337	4.053314	8.690813	3.9190507
legitimate	4.2297654	1.2940875	-1.7384481	6.434543	7.236941	2.6511436
lego	4.439387	0.67768615	-2.077695	4.2204037	7.2180057	3.863563
legume	2.0402303	0.65287644	-1.0312128	4.9698324	7.3036423	5.345914
lemon_juice	1.6115478	0.6667275	-0.94043803	4.89702	7.514927	5.812285
lemonade	1.2380837	0.8013727	-0.57348347	5.461793	7.078139	5.4256535
lend	5.2517834	1.0967957	-2.6295385	5.295974	7.3673573	2.8510478
length_of_time	5.2578917	0.95323694	-1.6080762	5.3239055	6.386026	2.7224174
lentil	1.7850444	0.6324788	-0.854242	5.037564	7.242102	5.535268
les	4.878223	0.75855565	-0.6187024	4.468084	9.568209	4.1087503
les_dysfunction	5.038575	0.9031184	-1.6049153	4.9564934	8.762489	3.819888
les_function	4.891069	0.9075218	-1.566196	4.982382	8.64363	3.8412833
les_lower_esophageal_sphincter	4.528731	0.75349915	-0.8761866	4.384271	8.679722	3.8685248
les_open	4.54728	0.7465354	-0.60364896	4.4047766	9.141419	4.0160446
les_problem	5.214905	0.8326107	-1.9041923	4.98176	8.353855	3.910093
lesbian	4.499173	1.1802776	-2.0381389	5.8255568	6.825084	2.5872393
less_accurate	6.536158	0.66451204	-1.4440073	4.1642256	5.5454206	2.4088192
less_acid	3.405204	0.73382574	-0.99117535	5.034305	8.558954	5.0527835
less_air	3.5500712	0.79009724	-0.07244475	5.021155	8.629254	4.2795286
less_anxious	3.354358	0.9207193	-0.21960069	6.7540827	7.7136846	3.9477193
less_bloat	4.0318127	0.81471634	0.124681845	6.084702	7.2597594	3.8933313
less_common	5.265067	1.0860485	-2.0935557	6.2726674	8.147743	3.7845876
less_effective	5.4996505	0.9331693	-1.8947778	5.315136	7.170779	3.2379649
less_flatulence	4.2691627	1.0365257	-0.5339404	5.8259926	6.6235595	2.640167
less_frequent	3.9243982	1.0301626	0.6378024	5.6364837	7.0734296	2.4849951
less_frequently	4.203251	1.0176986	-0.091395296	5.730776	6.725884	2.5946152
less_gassy	2.9529464	0.7661764	-1.2910075	5.1193895	7.8620453	5.0094557
less_invasive	6.397374	0.7295601	-1.4884824	4.389351	5.653395	2.4119768
less_nauseous	3.4838054	0.9388104	-0.07388851	6.3347507	7.6646423	4.080699
less_often	3.9529574	0.88925576	-0.2311435	6.100719	7.4134755	3.7477958
less_pain	3.9537692	0.82516956	-0.00025942238	5.880274	7.21451	3.7608273
less_precise	6.552361	0.65131766	-1.6343744	4.0992646	5.4908986	2.3840528
less_risk	4.477755	0.80470216	-1.5833535	4.5867405	7.480988	3.5749543
less_risky	5.4872084	0.9937296	-2.2238255	5.098715	6.4371	2.564967
less_scared	4.373801	1.1961192	-1.2951958	6.034085	6.41533	2.2562273
less_scary	3.3656573	0.91665196	-0.19324364	6.721586	7.6768355	3.9331548
less_traumatic	3.8322163	1.345217	-0.8624727	6.729355	7.876013	3.3818362
less_uncomfortable	3.8177595	0.78486025	-0.0068769753	5.562639	7.719663	3.9439392
less_universal	5.1015596	1.0189917	-1.9745073	6.165001	8.0263605	3.8984852
lessen	4.5395226	0.78208846	-0.5014537	6.504691	8.113587	4.682026
lesser_know	5.3202224	1.0662845	-2.3470101	5.492148	7.0551143	2.8532758
let_out	3.5661645	1.071396	0.802568	5.761091	7.663971	2.673641
let_out_a_few	4.14755	1.00389	0.1420502	5.642957	6.633542	2.4857533
lethargic	3.6890268	0.81647474	-0.31966683	5.710143	7.2701488	3.981331
lethargy	4.3911824	0.88004136	-1.5584477	5.53992	7.341201	3.7982264
letter	6.8550377	0.9088152	-3.2022216	4.915423	5.931612	1.8960496
level_of_pain	4.3588333	0.8411694	-1.144825	5.865944	8.020842	4.280398
liable	4.419348	0.85156703	-1.7293551	4.856853	7.129132	3.4523888
lidocaine	5.181828	0.40205202	-0.62795	3.3155818	7.3895707	3.610057
lidocaine_spray	4.93004	0.50439215	-0.90136105	3.6119735	7.3456225	3.6044123
lie_down	2.7704763	0.7886118	0.3832491	3.7876215	8.636558	3.844053
lie_down_after_eat	2.5079708	0.8460444	-0.76715446	5.4030576	7.3428545	4.5977297
lie_down_flat	2.8846755	0.7964624	0.24003743	3.7550676	8.599955	3.748537
lie_down_to_relieve	3.613812	0.8708875	-0.842067	5.689082	7.4556766	4.0320616
lie_flat	2.8000908	0.7861807	0.33272162	3.7282822	8.638082	3.8037794
lie_flat_on_your	3.1600826	0.8203276	0.15073621	3.7336688	8.621232	3.486132
lie_in_bed	3.0512054	0.88970137	-0.354625	5.3641977	7.570219	4.030822
lie_on_my	2.7880983	0.78089666	0.3109014	3.7041695	8.631479	3.8145695
lie_on_my_stomach	3.2557042	0.8236229	-0.09411487	3.8385952	8.526537	3.5842195
lie_on_your	2.969511	0.78598195	0.21011135	3.7352693	8.632569	3.7288465
life_change	5.0511427	1.1185824	-1.1174659	6.1764684	5.750341	2.0852199
life_long	5.427613	1.1818451	-2.270151	6.747022	8.319552	3.8393545
life_threaten	5.3927703	1.1399007	-2.2740178	6.185582	8.495023	3.7533736
life_without	4.400116	1.2563108	-1.812629	6.7348704	7.2163973	3.1101384
lifelong	5.4600167	1.0491868	-2.2338974	6.451589	8.50242	4.192792
lifelong_inability_to_burp	5.023963	0.9717731	-1.9045675	6.1883154	8.201131	4.1557775
lifelong_no_burper	4.58285	1.2218605	-1.8184831	6.9378386	7.136929	3.3792481
lifelong_non_burper	4.801092	1.1838127	-2.1738427	6.358212	7.1106462	3.0956686
lifelong_r_cpd	5.164939	1.0126485	-2.118801	5.825214	7.4814734	3.4680464
lifelong_suffer	5.1651	1.2187661	-2.6262755	6.042658	7.082929	2.6449623
lifesaver	2.347449	0.73865426	-0.9824563	4.8962636	7.221125	4.8752093
lifestyle	1.9985957	0.6923638	-1.3685415	4.9341006	7.6693044	5.7493663
lifestyle_change	2.1229544	0.7252491	-1.4069502	4.8678594	7.7521906	5.659849
lifetime_no	4.6794395	1.325404	-2.1412249	6.843591	7.062155	2.8363202
lift	3.353778	0.79735583	0.60226285	3.8256907	9.012828	3.5880153
lift_my_chin	3.4639337	0.8838135	0.09228939	4.1423717	8.534397	3.2561245
lift_up	3.4788744	0.85871756	0.35043433	3.7938328	8.891872	3.2724528
lift_your_head	3.435446	0.8221538	0.08980276	3.735354	8.698701	3.3835516
lift_your_soft_palate	3.5069895	0.8801162	0.18581183	3.9100838	8.723447	3.2096064
ligament	4.8292694	0.85294	-1.2094258	4.665294	8.928982	3.8325603
light	2.6952446	0.79577976	0.51682425	3.9847825	8.579403	3.9669998
light_cough_or_laugh	3.7912252	1.0374342	0.113953955	3.8323398	8.817422	2.60097
light_head	3.5931587	0.7611958	0.16832767	5.7499967	7.5308204	4.3253293
light_push	4.603583	0.7187722	-0.4559378	4.163826	9.140558	3.8977396
lightbulb_moment	5.293042	1.1967515	-2.7042668	6.082724	7.0929613	2.7432737
lightheaded	3.5503151	0.78410935	0.14590876	5.8563347	7.6735334	4.3936877
like_20	4.299884	0.9194566	-0.41953465	5.5558724	6.202708	2.8245132
like_90	4.6077886	0.9103973	-0.3439414	5.5409408	6.1532083	2.6483486
like_a_baby	3.1091301	0.87918025	0.4478981	4.014335	8.679402	3.4023955
like_a_balloon	3.7271528	0.7066171	0.10862714	4.838408	8.883349	4.328763
like_a_champ	4.764104	0.9494118	-0.08856917	5.6268535	5.9022045	2.306214
like_a_lump	3.8101697	0.6818127	0.12548357	5.1206203	7.527894	4.031239
like_bean	2.0640829	0.64792806	-1.1663265	5.1303587	7.490259	5.5490627
like_bread	1.6102134	0.60478455	-0.08596671	4.8061295	7.1858997	5.493986
like_clockwork	3.8629549	0.9734434	-1.1960814	5.8073497	7.1799073	3.700328
like_crazy	3.0960689	0.98105246	0.3680413	6.0915523	7.5910926	3.8378942
like_many	4.7358303	1.3355347	-1.8709474	7.316025	7.732061	3.5188081
like_my_body	3.1121962	1.3032155	0.17305478	5.7780976	8.29861	3.2313905
like_strep	4.1130853	0.60540885	0.31949782	5.1363106	6.7636228	3.9314141
like_the_rest	4.478691	1.2346363	-1.8644949	6.76196	7.197562	3.2292523
like_tums	1.9920896	0.7931424	-1.4748698	4.1686087	7.769273	5.502159
lime	1.2938417	0.77071357	-0.667407	5.3253064	7.051434	5.4155455
limonene	2.0459018	0.7838064	-1.3862706	4.413455	7.668119	5.415341
linger	4.066591	0.6881922	0.101063155	5.6682663	7.5101852	4.332987
linger_side_effect	4.5180855	1.0526397	-0.8817294	5.802191	6.4900126	2.5361128
lining	4.7812233	0.7528129	-0.76898235	4.7508044	9.336936	4.299828
link_between	5.4996057	1.0728096	-2.1865547	6.2237334	8.787053	4.1039896
link_somehow	5.2096353	1.1309096	-2.2138932	6.1282387	8.144156	3.6379726
link_to_r_cpd	4.9597545	1.0860661	-1.9532735	6.075337	8.40876	3.8913112
linx	5.6895385	0.8829865	-2.3668058	5.170019	7.7060266	3.50188
linzess	1.9170659	0.86312956	-1.5561812	3.7911468	7.842041	5.497087
liquid	1.7092491	0.6652851	0.21888909	4.760019	7.344741	5.3051333
liquid_baby_advil	1.9329917	0.80714244	-1.2509307	4.063051	7.7420473	5.376289
liquid_baby_ibuprofen	1.8980488	0.69907314	-0.55142576	4.4335704	7.283843	5.2422576
liquid_come_up	3.3660774	0.8784097	0.49116206	5.4257045	7.957446	3.8504207
liquid_diet	1.6110901	0.6289234	0.1625245	4.7077026	7.1892104	5.3644295
liquid_gaviscon	1.9217358	0.817291	-1.4498641	4.085354	7.8061934	5.516426
liquid_ibuprofen	1.9234332	0.70844954	-0.6683853	4.467006	7.2784605	5.2291417
liquid_in_my_mouth	2.2561626	0.7577998	-0.10579379	4.779011	7.479085	4.7476406
liquid_tylenol	2.003734	0.7427828	-0.7669895	4.1309037	7.3908234	5.209058
liquor	1.2663016	0.81898266	-0.62566876	5.4986854	7.0130677	5.328461
list_here	6.0144305	1.0886647	-3.1235123	5.340792	6.652008	2.3208907
list_in_the_wiki	5.9373145	1.0550375	-3.087697	5.1735177	6.4870424	2.2795281
list_in_wiki	5.796632	1.2117665	-3.2576904	5.570227	6.764085	2.1254363
list_of_doctor	6.225919	1.2434326	-3.4876432	5.6881313	6.6824217	1.9037294
list_of_provider	5.878743	1.1578313	-3.2077909	5.42447	6.544286	2.0901723
list_of_specialist	6.195707	1.2136211	-3.4513373	5.5794625	6.6675744	1.9679806
list_of_symptom	5.5448017	0.96131426	-2.489818	5.742357	8.221951	3.8859735
list_on_the_wiki	5.922699	1.0728068	-3.1191094	5.20969	6.55871	2.3001072
list_version	5.3690963	1.108766	-2.834265	5.2528095	6.768744	2.426038
listen	6.837828	1.0620795	-3.4219062	5.5932	7.009665	2.3541472
literally_change	4.9682217	1.1297557	-1.1552956	6.325082	5.871645	2.23011
literally_dry_heave	3.1185641	0.99446696	-0.6504624	5.4694533	7.572895	3.7275925
literally_everything	2.2320738	0.7526562	-1.1735716	5.0995803	7.3788414	5.1553197
literature	6.3671694	1.1967019	-3.4670305	5.6243176	7.0412097	2.2125027
little_and_often	1.9697286	0.6586824	-0.9569626	5.075403	7.247835	5.3599424
little_baby	3.4454803	1.0062584	0.0859526	5.3666472	7.808763	2.9397979
little_burp	3.7733889	1.055328	0.97386473	5.7123165	7.1748934	2.3932674
little_community	4.7774096	1.2961717	-2.3120635	6.2570224	6.7948585	2.359402
little_hiccup	3.5476182	0.9664825	-0.08823107	5.8238225	7.504291	3.2938168
little_microburp	3.9667852	0.9953393	0.6489847	5.720479	6.8154564	2.5710938
little_one	3.7961578	1.0474116	0.50732636	5.763395	7.068207	2.5851884
little_pop	3.5334299	0.9875645	0.5149007	5.563159	7.6559234	2.9175072
little_quirk	4.8306127	1.2472177	-2.2150362	6.2778163	7.7964034	3.1288078
live_in_fear	3.976034	1.2176126	-1.2325792	6.7007446	7.608621	3.5172951
live_in_north	6.7477064	0.9505286	-3.2472517	4.8395047	5.930204	1.9289604
live_like	4.0730934	1.3930516	-1.485537	6.6582713	7.175642	2.4978125
live_memory	4.137818	1.4185244	-1.2668934	7.2630816	7.8408656	3.4544744
live_near	6.550799	0.9674211	-3.2070568	4.9136653	6.0153055	1.9929281
live_with_r_cpd	4.4936028	1.1447868	-1.7965864	6.4303036	7.233869	3.3777394
live_with_this_condition	4.7676415	1.1004672	-1.8992062	6.4415526	7.7200794	3.7793992
lmfao	3.6321576	1.1392227	-0.89838874	5.934349	7.544863	2.9775891
load_of_air	3.5727277	0.8837826	-0.13689183	4.926668	8.264977	3.602504
local	6.997665	0.8998376	-3.2030206	4.7338	5.8140388	1.8749204
local_anaesthesia	6.4676027	0.67238086	-1.7282574	4.180845	5.4061437	2.3246894
local_anesthesia	6.7166023	0.60380805	-1.5504026	4.0206523	5.344498	2.2825415
local_anesthetic	6.688796	0.60070455	-1.5559155	3.9610658	5.4158354	2.3479462
local_doctor	6.932914	1.0145497	-3.5058753	5.1292925	6.383592	1.9916381
local_ent	6.9910774	0.99215686	-3.5020957	5.134139	6.3873453	1.9998646
local_hospital	6.2789063	0.94548243	-3.0180106	4.9690857	6.1241307	2.1736815
localize	3.9554117	0.74773955	-0.45838472	5.219846	6.7978463	3.7615895
location	6.937381	0.9265268	-3.207903	4.8193717	5.98389	1.9457856
lodge_in_my_throat	3.6280727	0.703297	0.47538474	4.9852915	8.192042	4.183078
log	4.857444	1.3964142	-2.0476537	6.2559776	5.995531	1.392115
logical	5.379377	1.1539822	-2.0587225	6.147415	8.833674	3.8143814
logical_sense	3.2488508	0.8478112	-0.152035	6.778384	7.776792	3.8611207
logo	4.13033	0.82594866	-1.5558053	4.585451	7.558648	3.6358573
london	6.874013	0.7959848	-2.7405012	4.527708	5.374551	1.8449168
london_manchester	6.1897945	0.82503146	-2.4368436	4.6194854	5.6162515	2.1862288
london_uk	5.916009	0.91189474	-2.3229203	4.9917026	5.6401296	2.074553
london_who	5.951753	0.98616594	-2.8955433	5.0444245	6.4464793	2.4197626
lonely	4.3615174	1.321215	-1.8105769	6.4234924	6.707303	2.2272532
long_ago	4.6760573	1.1610105	-1.7979076	5.81598	6.3815355	2.3052387
long_car_ride	3.3250306	0.9016873	-0.39113992	6.091628	7.695907	4.284437
long_covid	4.8052216	1.0284654	-1.8728694	6.230769	7.786357	3.9274857
long_drive	4.044345	0.8764156	-1.5738894	4.9202976	7.2086067	3.5040345
long_haul	3.366832	0.74365604	-0.5871255	5.2352805	6.65956	4.1109395
long_last	4.7747445	0.8737856	-0.5762208	5.841199	6.623528	3.3019767
long_term	5.9291997	0.8065744	-0.8587867	5.0089	5.894514	2.535175
long_term_effect	5.771593	0.9174991	-1.7330619	5.16312	6.5392976	2.7921028
long_time_lurker	4.757059	1.3525512	-2.29948	6.86253	6.9047027	2.6483784
look_at_my_foot	3.3519237	0.7922121	0.023037089	3.8274388	8.564237	3.5757346
look_at_my_vocal	4.8844423	0.53652626	-0.8921847	3.7474105	7.613847	3.680595
look_down	3.4510462	0.9209381	0.79535615	3.9327974	9.021932	3.042498
look_for_advice	5.114374	1.3428233	-2.5278122	6.143626	6.5734787	1.9438567
look_forward	4.772912	1.3893794	-1.8329209	6.4216743	5.97753	1.4435897
look_pregnant	3.9615016	0.7960369	-0.15657623	6.510167	8.414764	4.798345
look_straight	3.3401814	0.91329205	0.30545545	3.9608772	8.647995	3.09181
look_straight_ahead	3.3937273	0.9557846	0.42717284	4.0810127	8.693064	2.9523106
loop	4.6855593	0.9211283	-2.0616848	4.9328513	7.1190367	3.1371677
loopy	4.0660224	0.5801067	0.25587508	5.0791597	6.2207813	3.8945777
loose	4.4268217	0.78186715	0.17310552	4.216317	9.642703	3.78771
loose_stool	4.138128	0.7819582	-0.6244436	6.2134376	8.14421	4.6053605
loosen	4.5647607	0.802901	0.017348299	4.1583943	9.648857	3.6945055
loosen_up	4.3125873	0.84869105	0.28615117	4.1623454	9.525661	3.4861054
los_angeles	6.1780405	0.9616052	-3.0022862	4.9554353	6.0750628	2.148544
lose_10_pound	4.0896645	1.0139323	-1.5038992	5.679585	7.272131	3.563264
lose_a_lot	2.8899677	0.85229665	-1.231309	5.7769794	7.4182014	4.8700304
lose_hope	4.70958	1.2466486	-1.2308795	6.0490074	6.010608	1.7362082
lose_my_appetite	3.2448285	0.854207	-0.24511717	6.1064186	7.6579533	4.368526
lose_my_voice	4.4375916	0.7520946	0.30831218	5.4952765	6.207359	3.2161329
lose_the_ability	4.84991	0.9401065	0.11786376	5.4842634	5.870112	2.1892598
lose_voice	4.68232	0.8199963	-0.48830163	5.5954723	6.4577837	3.2792704
lose_weight	2.678664	0.84320873	-0.9791406	5.8424826	7.5026846	5.0417776
loss_of_appetite	4.334844	0.7763811	-0.6400464	6.2994375	8.198284	4.6510277
loss_of_control	3.7316844	0.816628	-0.13426743	5.4884586	8.036706	4.0815487
loss_of_voice	4.642691	0.7779775	-0.21072148	5.6594453	6.5043364	3.4524355
lot_less	3.7554176	0.7828251	-0.4191271	5.570755	8.116902	4.131088
lot_of_air	3.541221	0.7721445	0.09191742	5.0175276	8.463466	4.202523
lot_of_different	3.7699919	0.9990409	-0.10668378	3.8227365	8.7584095	2.7909343
lot_of_fart	3.650857	0.9567481	-0.6374781	6.0841546	7.678621	3.6165571
lot_of_flatulence	3.945842	0.93112415	-0.4473064	6.197424	7.493779	3.6504521
lot_of_gas	4.1333923	0.7657713	-0.57482094	6.07841	8.266484	4.6253343
lot_of_gurgle	4.2693486	0.84174573	0.44955906	5.6108813	6.345939	2.960036
lot_of_microburp	4.28522	0.88862747	0.32239258	5.613774	6.381619	2.7821958
lot_of_practice	4.267183	1.1015111	-0.16145866	5.2919917	7.028748	2.201854
lot_of_regurgitation	4.6170373	0.82790184	-0.31792024	5.749154	6.526232	3.3740692
lot_of_saliva	3.3946083	0.8320202	0.19465947	5.397141	8.086331	4.069591
lot_of_water	1.5776389	0.6495392	0.06629053	4.7867055	7.1942515	5.3785067
lottery	4.601105	1.1209524	-1.4013132	5.959866	6.597519	2.6157851
loud	3.3515434	1.0651407	0.5195354	6.1938987	7.6710176	2.7324786
loud_af	3.6386573	1.0551063	-1.187746	6.0059223	7.451106	3.7954571
loud_and_embarrass	3.292958	1.0287199	-0.44065177	5.99797	7.8138914	3.7023792
loud_and_proud	3.4520495	1.1456225	0.016039673	5.407182	7.9443192	2.7565422
loud_and_violent	3.9950001	1.2102894	-1.329926	6.093934	7.2315507	2.8353224
loud_belch	3.4268615	1.1025509	0.20165652	5.7739716	7.6481795	2.7312655
loud_croak	3.4580836	1.034633	-0.29672822	6.0603485	7.6262617	3.253779
loud_enough	3.2057729	1.1456746	-0.16674852	6.370374	7.6816425	2.7781484
loud_gurgle	3.107911	0.9024184	0.3459142	6.4764533	7.8848205	3.0869372
loud_hiccup	3.3395796	1.0142864	-0.028279439	5.999112	7.7391615	3.1220298
loud_music	3.2844682	0.9511457	-0.804907	5.3827868	7.5028386	3.730614
loud_noise	3.1086278	0.87183326	0.106777795	6.4306307	7.8346744	3.2220776
loud_sound	3.34404	0.93938076	0.11827844	6.032092	7.7191267	3.0335083
loud_stomach	4.200345	0.7668461	-0.6971087	5.9975514	8.113805	4.4631186
louis	4.394232	0.8592265	-1.8643303	4.775891	6.9165816	3.2656157
love_hear	4.6628737	1.137576	-1.5895425	5.800608	6.2372417	2.2351673
love_her	4.791982	1.1342329	-1.7920436	5.709025	6.258129	2.2389574
love_this_sub	4.3224583	1.1818656	-1.8354446	6.053977	7.095664	2.9078093
lover	2.2037525	0.76893985	-1.0640515	5.1956315	7.2664456	5.0254607
low_acid	5.21008	0.85892165	-2.0223598	5.480274	8.49726	4.2585416
low_acid_diet	4.3242865	0.95631075	-1.9907658	5.3844953	7.6435485	3.9815388
low_amount	5.401705	0.9288885	-1.7928251	5.044563	6.124512	2.51234
low_appetite	4.5456023	0.9225361	-1.1937747	6.4831734	8.218552	4.459453
low_carbohydrate	1.95252	0.6935365	-1.3127851	4.8580065	7.507894	5.58833
low_dose	6.3053155	0.777891	-1.2097733	4.6785564	5.410848	2.208328
low_end	5.7984796	0.84259415	-1.4208987	4.9064507	5.595675	2.3000772
low_energy	3.4634044	0.844201	-0.57870084	5.76444	7.5226088	4.211194
low_fodmap	1.8649247	0.6922641	-1.3556458	4.838318	7.5924044	5.7513514
low_fodmap_diet	1.977314	0.72854793	-1.4537396	4.7171206	7.651453	5.6601753
low_income	7.000411	0.8058746	-2.9232535	4.316766	5.6008015	2.0311534
low_level	4.1717634	0.76588917	-0.6128454	6.0974483	8.231026	4.644766
low_risk	5.7799263	0.90552026	-1.7485754	5.11428	6.460354	2.76565
low_stomach_acid	5.4754763	0.93323517	-2.0616858	5.983137	8.859125	4.4409223
low_success_rate	6.3713837	0.7454759	-1.4318674	4.520951	5.622293	2.3756018
low_swallow	3.5838315	0.936654	0.46345586	4.0348516	8.91815	3.0519576
lower	4.2127237	0.7688899	0.20449138	4.0259576	9.437361	3.7111962
lower_abdomen	4.1019483	0.7152854	-0.47925934	5.6291223	8.267428	4.4883566
lower_abdominal	4.205323	0.72975284	-0.61288846	5.855063	8.232068	4.539167
lower_back	4.1369	0.70616794	-0.4466976	4.3747964	8.805196	4.057259
lower_dosage	6.1337523	0.8146942	-1.4764439	4.7205753	5.667829	2.3545105
lower_dose	6.3859935	0.7509115	-1.1555936	4.6297607	5.3185024	2.1676602
lower_esophageal_sphincter	5.300707	0.88255453	-1.83832	5.3236365	8.852221	4.1585946
lower_esophagus	4.7963657	0.7623663	-0.4491943	4.4918017	9.662604	4.1323605
lower_gi_tract	4.1000757	0.94000864	-1.5110652	5.1808333	7.7715178	3.681499
lower_part	4.6912694	0.7350108	-0.44573763	4.252636	9.380832	3.9784539
lower_rib	4.1840143	0.6676332	-0.38727495	5.2432265	8.491603	4.47319
lower_right	4.043632	0.62517977	-0.26567078	4.8156524	8.422129	4.318671
lower_sphincter	4.821849	0.7634131	-0.44168192	4.4399137	9.683087	4.0966673
lower_success_rate	6.498659	0.7054444	-1.3861718	4.3459797	5.5050116	2.334927
lower_your_larynx	3.8135521	1.0195532	0.0020049128	3.8415327	8.810786	2.695369
lowkey	3.8127313	1.1391231	-1.1711372	6.0342712	7.2412453	3.0202928
lozenge	2.191064	0.7562621	-0.92116714	4.3946023	7.4810414	5.085348
lpr	5.698969	0.9183504	-2.200236	6.085793	8.890476	4.518202
lpr_reflux	5.634626	0.92424273	-2.183975	6.0960345	8.844274	4.5061054
lpr_silent_reflux	4.638329	0.88868964	-1.1512656	6.444635	8.02251	4.4867477
lpr_symptom	4.582401	0.8244499	-1.2999165	5.754628	8.170827	4.362662
lubricate	2.5405483	0.7031119	-0.08059546	4.76035	7.5149403	4.705573
lucy_hicklin	6.7972064	0.8154476	-2.3619692	4.727807	5.3526134	1.8068477
lucy_hicklin_in_london	6.6447306	0.8128513	-2.0974104	4.743802	5.3425384	1.8789353
lucy_hicklin_she	5.7935524	0.9211065	-2.2067425	5.0193667	5.727248	2.1526883
lucy_hickling	5.9774055	0.8570285	-2.0480006	4.9560833	5.335313	1.9648192
lucy_inkling	6.4035096	0.7557925	-2.1457024	4.327788	5.4608326	2.2486026
lump	3.9170966	0.59712493	0.5390348	5.078974	7.3880935	4.189869
lump_feel	3.9721482	0.69042677	-0.029894467	5.1381955	7.112833	3.8957136
lump_in_my_throat	4.0397105	0.636863	0.5021352	5.2974067	6.9309316	3.9488642
lump_in_throat	4.1855664	0.67126423	0.34102833	5.4382453	6.776114	3.8100164
lunch	1.9174296	0.74170274	0.005358519	5.4145446	7.1967673	5.127251
lunch_today	2.5711198	0.8197567	-0.63347894	5.4720073	7.214255	4.5770664
lunchtime	3.3988972	0.8785276	-0.77402025	5.8485866	7.3361135	4.199931
lung	4.398983	0.71786815	-0.17971148	4.577292	9.4909935	4.2953544
lung_heart	4.4396815	0.7264367	-0.6475446	4.557072	9.064164	4.203176
lung_issue	4.5504346	0.7912392	-1.1506443	5.125511	8.536038	4.223251
lurker	4.841075	1.3677922	-2.4422138	6.704256	6.811087	2.39651
lurker_here	4.7365212	1.3200731	-2.2698057	6.714513	6.8584485	2.6236892
lye	3.2566195	0.84467536	0.19749951	3.7611082	8.67101	3.3536482
lyme_disease	4.514887	1.0697421	-1.730903	6.36404	7.1020308	3.5315485
lymph_node	4.244121	0.5962943	-0.33478737	4.735857	8.336734	4.3103676
maar	4.413815	0.4729924	-2.683561	3.340139	6.797337	4.1220226
mac_and_cheese	1.7459928	0.62491506	-0.26238707	4.84183	7.087421	5.3706107
machine	5.1989765	0.42517126	-0.6392797	3.3063638	7.450853	3.5742762
machine_gun	3.2166016	1.0821664	-0.06471203	5.9621544	7.731272	2.8554344
machinery	5.7971706	0.89593405	-2.4606593	4.734718	6.160286	2.4902573
mad	3.85824	1.3241614	-1.2803451	6.616318	6.978655	2.360982
magnesium	1.8391619	0.75320596	-1.3409071	4.428799	7.733337	5.6522894
maiden	4.498477	0.75947845	-2.0014026	4.4941497	7.2305145	3.6754515
mail	6.7067766	0.93081987	-3.206559	4.9043584	6.0055065	1.9571737
main_cause	5.082226	0.98842263	-1.9469932	5.946019	8.518609	4.1521826
main_concern	5.2762847	0.96972066	-2.0881383	5.753021	7.5817285	3.625784
main_issue	5.3669524	0.9033328	-2.029029	5.8498545	8.690258	4.382832
main_side_effect	4.7718396	0.8129204	-0.5043826	5.7934093	6.645026	3.5070543
main_symptom	5.3195457	1.0539076	-1.970694	6.55252	8.556154	4.2289357
main_symptom_of_r_cpd	4.656412	1.0269537	-1.8609086	5.9600124	7.6225834	3.5702593
maine	5.35589	0.946209	-2.394219	5.039811	6.2073	2.492428
maintain_weight	2.5135987	0.7612163	-1.1201416	5.285331	7.3430223	4.996618
maintenance	4.443181	0.58730745	-2.3140714	3.8274693	6.9502115	3.9222097
major_difference	4.480938	1.0606095	-1.8642657	5.591645	6.838698	3.0161643
major_discomfort	4.003097	1.0060431	-1.0517163	6.457648	7.5382433	3.8793037
major_relief	4.3464413	1.0719639	-0.9066217	5.9877634	6.8274627	2.7990468
major_symptom	4.598923	1.007489	-1.6567708	6.2027545	7.8000507	3.916432
majority_of_people	5.575992	1.0619795	-2.2289147	5.5711813	7.147892	2.9281785
make_fun	3.377695	1.2768495	-0.60648435	6.718727	7.561534	2.6260676
make_myself	2.9757645	1.4904728	0.41582564	6.083558	8.54382	3.1183364
make_progress	4.677399	1.3006985	-1.3131711	6.008073	6.177418	1.5824481
make_yourself	3.058565	1.4518448	0.43838862	5.8156443	8.618817	3.0304234
makeup	3.6264005	0.80141944	-1.1609256	4.437985	7.6470184	3.8477364
mal	4.4167857	0.46920952	-2.7113798	3.3030312	6.7931767	4.1348343
malabsorption	5.0082107	0.8702011	-1.8270067	5.480484	8.60181	4.3045135
malaise	4.117256	0.73824453	-0.5612997	5.8093634	8.219955	4.5552845
malfunction	4.852255	0.7727887	-0.57063067	4.4065056	9.577426	4.0258384
malfunction_les	4.998073	0.96463645	-1.8972193	5.55077	7.9493604	3.7699316
malign	4.942037	0.80925375	-1.4139516	4.639996	8.6982355	3.8768702
malnutrition	4.667886	0.910402	-1.3660679	6.298604	8.33781	4.483157
manage_to_teach	4.620989	1.2631708	-1.9246926	6.630953	6.994351	2.865263
manchester	6.8229604	0.80806065	-2.761534	4.566004	5.4178658	1.8611873
mandatory	6.1859717	0.6975511	-2.2313313	4.2297707	5.500803	2.377738
maneuver	3.8585057	0.89174336	0.47676626	4.010813	9.222782	3.2423728
maniac	4.1683483	1.0827029	-1.8453066	5.632415	7.0492444	2.9916513
manifest_itself	5.0783143	1.1103802	-2.0366724	6.2596025	8.403594	3.9084196
manipulate	3.9692707	0.88118154	0.48518533	4.160684	9.309323	3.3435068
manipulation	3.9662716	0.800072	-0.22128686	4.060275	8.85377	3.583252
manometry	7.1024356	0.6965001	-3.226662	4.576556	7.2809496	2.9829748
manometry_ph	6.3554044	0.84725916	-3.017754	4.9410334	7.1892433	2.9818246
manometry_show	5.235404	0.7759926	-1.755567	4.868958	8.637346	4.099669
manometry_test	7.0823503	0.7226874	-3.261216	4.642347	7.251629	2.9349008
manual	3.7967105	0.9538605	0.6337639	4.288681	9.038454	3.0624568
manual_burp	3.3451102	1.176784	0.079616696	5.7070613	7.9158826	2.8837633
manual_open	3.946394	0.8753332	0.41779876	4.075269	9.256349	3.3188035
many_doctor	6.7693453	1.0718707	-3.5409834	5.439285	6.9277205	2.2709858
many_of_us	5.4428864	1.159045	-2.2077563	6.6598625	8.462604	3.929954
many_patient	5.6535554	0.9946986	-2.611496	5.140279	6.473856	2.5256522
many_people_with_r_cpd	4.893224	0.9668608	-1.8883228	5.7613406	7.923193	3.7956831
many_test	5.671829	0.86402285	-2.555384	5.4906635	8.113014	3.9661212
many_time	3.6558473	1.2518373	0.1745492	6.6959424	7.463702	3.2033699
many_unit	6.279245	0.77307475	-1.4375135	4.5902944	5.476315	2.2658377
map_of_specialist	6.1662683	1.2122602	-3.436513	5.5545416	6.6398163	1.9673252
march_2023	5.667775	0.8645607	-1.3607942	5.105002	5.4536543	2.154305
marfan	5.3352284	1.0957907	-2.441215	5.8954053	8.036661	3.492281
marijuana	2.0895884	0.78757036	-1.3661721	4.634997	7.628251	5.3972583
marino	5.120454	0.97067505	-2.44572	5.0714808	6.811385	2.8468568
mark_hess	5.959363	1.006167	-3.0325513	5.085751	6.493701	2.3836553
marker	5.309543	0.77827525	-2.2135205	4.9308496	7.988453	3.9074247
marriott	5.9488783	0.7089289	-2.184517	4.316707	5.604002	2.4480796
marvel	4.655347	1.127616	-1.9486756	5.818815	7.4340773	3.1532671
mash_potato	1.5670134	0.5955987	-0.089318946	4.810462	7.123629	5.525189
mask	3.374661	0.7296687	0.15159023	3.9709587	8.489017	3.8324795
massage	3.8591712	0.8795826	0.52235895	3.9630296	9.276349	3.2872496
massage_my_stomach	3.1205628	0.81492376	0.092551336	3.808926	8.570776	3.609126
massage_my_throat	3.4593496	0.95224243	0.35260358	4.086954	8.715113	2.9887059
massage_therapist	4.013537	0.92600304	-1.2341031	4.94247	7.668436	3.4187896
massive	4.1276565	0.79201573	-0.2874953	6.5472045	8.369476	4.784858
massive_belch	3.193864	1.200764	-0.0649174	5.891867	7.915703	2.9703643
massive_burp	3.4356458	1.064089	0.1560589	5.6679845	7.5721636	2.7115908
massive_difference	3.265363	0.84812313	-0.1555971	6.8121924	7.782803	3.9806416
massive_fart	3.8429916	1.0354623	-1.224658	5.9143105	7.241319	3.3409991
mast_cell	5.4871798	0.95436895	-2.1450245	5.7244067	8.79208	4.1839304
match	5.429436	1.0177318	-2.1765878	6.32435	8.452055	4.1741753
match_up	5.478272	1.0328897	-2.5058668	5.633138	7.693686	3.3738003
may_be_able	6.2334757	1.0717165	-3.3027477	5.241069	6.450999	2.084846
may_contribute	5.2503557	1.003233	-2.0677004	6.000061	8.597716	4.162382
may_help	4.2504272	1.1378137	-0.66846436	4.1242313	8.5295925	2.3719094
may_ninth	5.466541	0.9396227	-2.1165729	5.1182876	5.878267	2.2747529
maybe_a_little	3.883722	0.8598399	0.008294752	5.46912	7.102552	3.2451384
maybe_once_or_twice	3.7461276	1.2370298	0.16665675	6.7349195	7.387181	3.176691
maybe_twice	3.7854693	1.2518057	0.08093807	6.79265	7.4032607	3.1936991
mcas	5.567516	0.9822923	-2.3159494	6.063602	8.636958	4.229412
md	6.5988855	0.9715	-3.2899246	4.99513	6.152132	2.0106602
mdma	2.0131469	0.8736594	-1.286256	3.72856	7.7622676	5.2180367
mds	5.58214	1.061658	-2.7361538	5.3601193	7.1642017	2.8090684
meal	1.8168459	0.75882107	0.024545439	5.4575334	7.244922	5.1838493
meal_replacement	1.5214489	0.6614572	-0.37118965	4.9811597	7.1248183	5.4676948
meal_replacement_shake	1.7326486	0.6496557	-0.62398803	4.9278264	7.183516	5.42308
mean_by	4.138783	1.1370177	-0.56780577	5.3481135	8.053872	2.7439363
meat	1.4400848	0.5947405	-0.42454886	4.9786763	7.224451	5.784133
meat_and_dairy	2.1724882	0.74485403	-1.2416523	5.0090227	7.4377127	5.271211
mechanical	5.2895656	0.8986836	-1.7326313	5.3765907	9.006853	4.1857023
mechanism	4.6434126	0.8263395	-0.12532829	4.2491627	9.642193	3.6940887
med_student	6.394071	1.0077809	-3.30303	5.1830683	6.5294566	2.2262478
medicaid	7.0737267	0.763589	-2.8499076	4.2088037	5.4899616	2.0250728
medical	6.5301685	1.185356	-3.503165	5.596224	6.9344916	2.1440701
medical_attention	5.24714	1.0230706	-2.387617	5.2446866	6.81434	2.766081
medical_care	6.905032	0.9252582	-3.1089156	4.5665793	5.8732524	2.0027423
medical_community	6.378685	1.18766	-3.3696465	5.7135496	7.1273236	2.3330193
medical_condition	5.9268208	1.123146	-2.5503147	6.419206	8.550587	3.8421397
medical_cost	6.272512	0.7537503	-2.1838038	4.3582883	5.4713135	2.2885725
medical_gaslight	5.2925673	1.0120932	-2.2995737	6.0193257	8.193669	3.9479363
medical_induce_nap	6.235312	0.6928464	-1.9388192	4.2979326	5.3959956	2.3160427
medical_insurance	7.1226487	0.78934467	-2.9827447	4.311133	5.5549283	1.9730335
medical_intervention	4.924764	1.0794295	-2.0228527	5.443244	6.9034047	2.7658198
medical_issue	5.7229133	1.0904412	-2.4255168	6.187112	8.565132	3.880071
medical_journal	6.0650144	1.2160978	-3.4063568	5.5968122	6.722698	2.0159051
medical_literature	6.0117764	1.1389178	-3.1464477	5.5612893	7.2612433	2.611014
medical_necessary	7.1887302	0.7256869	-2.7916799	4.133332	5.3699613	1.9754496
medical_problem	5.093542	1.2325366	-2.476969	6.16541	7.340428	2.8371892
medical_procedure	5.7954445	0.9161741	-1.7727112	5.0571404	6.403443	2.6654305
medical_professional	6.4033275	1.1806377	-3.3837938	5.693194	7.079778	2.2989988
medical_reason	4.297773	1.2582761	-1.7216188	6.0279503	7.535995	2.779829
medical_recognize	4.687225	1.3044642	-2.150743	6.693282	6.9627795	2.7051907
medical_research	5.2752132	1.1268826	-2.4169219	6.0930805	7.927783	3.4717107
medical_setting	4.5460415	1.0734746	-1.7118844	5.5218415	7.203195	3.0484788
medical_student	5.6304827	1.1009213	-2.9434667	5.35706	7.1029778	2.643593
medical_study	5.81308	1.0301036	-2.8537562	5.2989225	7.060032	2.7395625
medical_stuff	4.8030357	1.1702852	-1.8197932	5.712183	7.0805955	2.728917
medical_term	5.5571785	1.0763053	-2.4700396	5.7748947	8.24026	3.528914
medical_test	6.1375365	0.92680323	-2.9889708	5.170299	7.250149	2.9674973
medical_train	5.1644597	1.0334184	-2.3423197	5.3614206	7.0072236	2.9120953
medical_treatment	5.976377	1.1197919	-3.0854115	5.483177	7.1851897	2.6033316
medical_world	5.1627884	1.122265	-2.3673368	5.761605	7.2917447	2.924972
medicare	7.160013	0.6942719	-2.705522	4.102493	5.276536	1.9528912
medication	1.7676892	0.8360975	-1.6918195	3.8333414	7.9505763	5.774344
medication_supplement	4.029119	0.8830254	-1.6952758	4.980557	7.212114	3.7064013
meditation	3.9048975	1.0289767	-0.15034313	3.805019	8.828971	2.6674042
medium	1.9252032	0.72334164	-0.85679966	5.0880675	7.1341605	5.160577
meet	6.786914	0.9248993	-3.269046	5.04444	6.1104403	1.9827253
meet_anyone	4.8926215	1.2591369	-2.2259805	6.332409	7.430413	2.9920292
meet_my_deductible	6.689287	0.69486886	-2.371543	4.1236033	5.296567	2.1703672
meet_with_doctor_bastian	6.0247874	0.86293584	-2.3888948	4.911616	5.4954576	1.9670464
meet_with_he	6.3330564	0.866632	-2.6715362	4.856511	5.505124	1.9083024
meeting	6.6710215	0.8424864	-2.7566795	4.8643556	5.3988624	1.7450483
mega_post	5.090523	1.2788048	-2.5269775	5.7596407	6.9905987	2.2221167
megathread	5.2180166	1.3178419	-2.7316177	5.81793	6.967626	2.0898864
melatonin	2.8294287	0.72926074	-0.28193	5.2333207	6.85493	4.519319
melbourne	6.8404536	0.9295378	-3.2163515	4.7968516	5.8005786	1.860307
melissa_l	5.2062826	0.829216	-2.5238268	4.64339	6.966148	3.247809
mellow_out	4.489028	0.9328878	-0.28434086	5.570267	6.2052855	2.6164556
melon	2.00907	0.71337354	-0.8617477	4.975722	7.2294264	5.1925783
melt	1.8366753	0.6368251	-0.03335112	4.77537	7.3208585	5.278087
member_of_this_community	4.802038	1.2413263	-2.4400518	6.162285	6.8446426	2.5654426
membrane	4.503682	0.78063285	-1.2088832	4.691279	8.199519	3.8809822
memory	4.465253	1.4029785	-1.5809476	7.4711103	7.923272	3.6058779
mendelsohn_maneuver	3.7804475	1.011609	-0.1679058	3.8593957	8.711173	2.771219
menopause	4.5013614	1.0402386	-1.6433065	6.428142	7.667103	3.934477
menstrual_cycle	4.468431	0.9158211	-1.4043359	6.1657834	7.8042893	4.2304134
mental	5.009164	1.0208002	-1.1682576	5.488428	9.165216	3.880138
mental_aspect	4.493806	1.065492	-1.6428697	5.5347886	7.264351	3.099461
mental_block	4.613044	1.1098387	-1.4296134	5.579761	8.416792	3.4887605
mental_health	5.362106	0.9822191	-2.2326167	6.1809745	8.415414	4.229753
mental_health_issue	4.6278725	1.0844848	-1.8122202	6.220921	7.9161954	3.8049977
mental_health_problem	4.6059427	0.84022033	-1.6013256	5.4908104	7.960079	4.189386
mental_ill	6.0099244	1.0161703	-3.0204375	5.5260973	6.999824	2.6049252
mental_illness	5.2015114	1.1567854	-2.4162338	5.964206	7.730339	3.1608365
mental_problem	5.1095877	1.086088	-2.1440854	5.7855334	8.284301	3.6580486
mental_state	4.7482123	1.0301901	-1.7957816	5.9740906	8.225244	3.9740982
mention_above	4.8123	0.87923497	-1.6820099	5.5611353	7.7517877	3.9971094
mention_on_this_sub	5.3826494	0.9943602	-2.471199	5.151908	6.5353	2.611429
merry_christmas	4.5342784	1.0614886	-1.509289	5.6738095	6.453554	2.6347933
metabolism	2.307937	0.70823413	-1.2449677	5.222508	7.451931	5.340525
metallic_taste	3.9116542	0.71892357	-0.023461629	5.790473	8.2915125	4.5848613
methane	4.21049	0.73703474	-0.79799235	4.844896	9.0697775	4.571121
method	3.8807771	1.0901133	0.21886827	3.9257562	8.795243	2.4027977
michael_hospital	6.05629	0.96262056	-2.930937	4.961911	6.198907	2.271354
michael_pitman	5.9280057	0.95858747	-2.6654928	5.0542336	5.8807044	2.1103587
micro	3.8060057	1.0485015	0.9051612	5.7310586	7.101518	2.4168591
micro_biome	5.5040607	0.82974833	-2.303295	5.414873	8.422352	4.220226
micro_burp	3.7848363	1.0572976	0.97267777	5.727276	7.1442738	2.3879685
micro_burp_a_few	4.415534	0.92116636	-0.1916049	5.5644317	6.16422	2.6464934
micro_burp_but	3.8535743	1.0444309	0.9059731	5.718107	7.0270104	2.4094539
micro_burp_out	4.2028694	0.9979112	0.1062848	5.590269	6.56793	2.4626884
micro_burp_since	5.623733	0.86409295	-1.3103646	5.103573	5.48333	2.1823866
micro_burp_that	3.660209	1.0473589	0.35387233	5.5633473	7.402543	2.6542468
micro_burp_which	4.011368	1.0174599	0.40944204	5.7369957	6.7573166	2.515658
microburp	3.7812877	1.0600804	0.97896725	5.7228103	7.1586337	2.3801036
microburp_and_a_few	4.3996854	0.9123839	0.015393718	5.5650234	6.14447	2.6509843
microburp_so_far	4.4715304	0.8983476	-0.16246442	5.571203	6.166363	2.6971543
microburp_throughout	4.2680902	0.90323526	-0.5005082	5.5083013	6.2537794	2.9256155
microburp_today	4.302111	0.8745617	0.21049844	5.5837564	6.377537	2.8401108
microlaryngoscopy	4.689761	0.7602654	-1.4271785	4.4631147	8.007854	3.7102973
microphone	3.4978395	1.1250359	-1.15745	6.0141373	7.334888	3.0290966
mid_meal	3.208426	0.89872724	-0.3785413	4.5662513	7.9008555	3.5791984
middle	4.109023	0.6335497	-0.25667483	4.561094	8.604881	4.2161813
middle_back	4.087532	0.6221033	-0.26673135	4.86573	8.452198	4.3495655
midsection	3.5814033	0.85697806	-0.5933541	3.9951656	8.45767	3.5774837
midtown	5.800375	0.8892197	-2.6226397	4.804739	6.079222	2.421539
midwest_surgery_center	5.930873	0.8445759	-2.5045407	4.6798368	5.9060135	2.3728147
mig	4.43427	0.5550247	-2.4146974	3.688984	6.9182825	3.982051
might_help	4.1748276	1.1193233	-0.5670883	4.05781	8.591543	2.4265137
migraine	4.416558	0.8439219	-0.5586954	6.5897408	8.58888	4.817573
mild	4.5208006	0.7811652	-0.4176332	6.434067	7.9930587	4.6081653
mild_asthma	4.709389	1.053718	-1.9759054	5.805134	7.6765537	3.5349486
mild_case	5.260496	1.2015795	-2.1396434	6.5674386	8.392867	3.7872212
mild_choke	4.448222	0.7601774	0.16273017	5.554292	6.330508	3.3130198
mild_cold	4.7090344	0.81623393	-0.45456725	5.60861	6.516078	3.324576
mild_discomfort	3.5568593	0.8238675	-0.43785265	5.365181	6.8977203	3.8244627
mild_form	4.98205	1.1100494	-2.028158	5.9199257	7.718421	3.3449676
mild_nausea	4.310559	0.8743638	-0.94398266	6.4330287	8.121312	4.5236464
mild_side	4.888313	1.0228516	-1.6684153	6.184913	7.4961896	3.670436
mild_slow_swallow	4.531959	0.7729674	0.0064913537	5.5747285	6.340485	3.2946198
mild_sore	4.064465	0.56028	0.5255816	5.048372	6.8141985	4.0274706
mild_sore_throat	4.2184167	0.61674505	0.35538694	5.2179785	6.2731543	3.7272894
mild_symptom	4.8876295	0.98344415	-1.4866015	5.9447083	7.2877483	3.5510983
mild_to_moderate	5.014825	0.843424	-2.065679	5.455637	7.705804	4.0143466
mild_version	3.8786323	1.0693778	-0.12721865	5.7460113	7.347412	2.7605271
mile_away	6.0940204	0.7031316	-2.219243	4.3015304	5.470371	2.3402054
military	5.278552	0.9922318	-2.2376187	5.083686	6.7132754	2.723034
milk	1.4135731	0.667436	-0.64006686	5.159	7.2998247	5.767859
milkshake	1.5525612	0.60056674	-0.07824744	4.841098	7.113619	5.5260386
miller	4.05068	0.7721328	-1.6281183	4.609697	7.2416363	3.7797658
mind_body	4.7205715	0.8587166	-0.90313756	4.4837565	9.114876	3.7229948
mindfulness	3.8749428	1.035474	-0.1362498	3.8136334	8.790398	2.6401734
mine_go_away	3.6347916	0.9407788	-0.83990556	5.732441	7.159661	3.6243143
mine_peak	4.4602394	0.8983468	0.10532839	5.600577	6.1549788	2.66982
mine_with_lucy	5.7961445	0.8349115	-1.5791714	4.9978633	5.3423142	2.102517
mine_yesterday	4.732152	1.1289777	-1.5302917	5.7664785	6.1013684	2.1184056
mini_burp	3.7823968	1.0555371	0.9533674	5.729376	7.149683	2.3978326
minimal_invasive	5.7795234	0.83286613	-1.469115	4.9341755	5.975351	2.593368
minimal_result	5.5024037	0.8810787	-1.2793428	5.19261	5.6740065	2.330233
minimize	1.926752	0.6821622	-1.003379	5.1725307	7.549638	5.627075
minneapolis	6.146789	0.87336224	-2.658916	4.778513	5.8475137	2.208759
minor	4.6505966	0.7919924	-0.4483782	6.440257	7.7862506	4.4784417
minor_inconvenience	4.8998647	1.1037427	-1.9693838	5.8381815	7.326339	3.0838025
minor_regurgitation	4.502151	0.8613545	0.07744703	5.630648	6.270036	2.9056518
minor_sore_throat	4.2967696	0.6794005	0.15844	5.2922745	6.318921	3.5363832
minority	5.160975	1.1691189	-2.329147	5.7537103	7.2758384	2.7903383
mint	1.4405385	0.6971199	-0.6976358	5.0044203	7.317153	5.7056737
mint_gum	2.0458925	0.79111725	-1.223352	4.2945695	7.66778	5.3224325
minus_the	4.181471	0.78582203	-0.8348107	5.9612017	7.9501486	4.4032273
mirror	4.0121727	0.9439145	-1.6085567	4.936242	7.311904	3.1933446
mirtazapine	2.0194635	0.87910914	-1.4643269	3.7736986	7.7947636	5.3445616
misconception	4.4958158	0.7980457	-1.5041904	4.484784	7.5965242	3.517798
misdiagnose	6.7593102	1.035757	-3.330236	5.5986705	7.3228755	2.6794696
misdiagnose_with_gerd	5.055557	1.003141	-2.1925008	5.867576	7.778756	3.7713118
misdiagnose_with_ibs	5.030451	1.1286272	-2.2315245	5.9966373	7.7353234	3.425904
misdiagnosis	5.4927616	0.97254187	-2.3808343	5.986456	8.2855215	4.0615287
miserable	2.9047744	0.99169546	-0.06281727	6.497787	7.7262826	4.4388194
misery	4.2529907	1.1462421	-1.3288559	7.0627394	7.625916	3.8482199
misinformation	4.9745092	1.1847863	-2.2922823	5.920476	7.7676744	3.1120803
misophonia	4.3368683	1.073515	-1.6981958	5.5537243	7.2993803	3.1510952
miss_diagnose	5.369203	0.9635513	-2.336209	5.8853483	7.9931602	3.9224803
miss_out	4.0602813	1.1438165	-1.3989654	6.782636	7.348149	3.576733
miss_out_on_so_much	4.065278	1.1388845	-1.433314	6.6885095	7.193907	3.4968214
mission	4.593217	1.1672472	-1.9546157	5.8827896	6.562134	2.461169
mitigate	2.085972	0.6832226	-1.0900352	5.0913067	7.6463313	5.5816545
mitigate_against_by	2.1739001	0.73200864	0.21066284	4.0668716	8.154777	4.5525694
mix_between	3.5688732	0.929547	-0.22055353	5.5522795	7.581737	3.2769737
mix_drink	1.2350391	0.82027966	-0.6106215	5.5217876	7.019585	5.35495
mix_with_water	1.4725826	0.7350508	-0.75296664	5.1549816	7.175425	5.4734125
mixer	1.2473539	0.809251	-0.62302506	5.4924664	7.035598	5.376942
moan	3.230722	0.93908507	-0.40399104	5.699835	7.7818465	3.690103
mob_mentality	4.9026027	1.1701573	-2.1217275	5.9353886	8.044496	3.339535
mobility	5.2734084	0.9061182	-2.0232425	5.3696995	8.591724	4.0730467
moderate	4.394336	0.7780537	-0.47002107	6.344994	8.0724325	4.63884
moderate_sore_throat	4.211664	0.6173085	0.25662377	5.202378	6.5284677	3.836076
moderator	5.760818	1.2455698	-3.2346578	5.6701536	6.6850667	2.023719
modern	5.2757916	0.8576324	-2.07877	4.998023	8.379488	3.86073
modify	3.8870373	1.0253196	-0.18785143	3.8022902	8.777923	2.6815248
modify_my	1.9359618	0.6474632	-1.11459	5.0528026	7.381922	5.538091
mojo	3.794518	1.0088669	-1.1416388	5.3410263	7.3325543	3.019919
mom_say	4.0333805	1.3064387	-1.2560878	6.767267	7.672191	3.3715396
moment_where	3.8653111	1.0100274	0.2646837	5.6545744	7.018551	2.6468956
momentary	3.6604118	0.8602783	-0.26602685	4.8768196	8.223075	3.6228757
monday	6.0872884	0.7787395	-1.9934623	4.899129	4.9821386	1.7959584
monday_evening	5.191836	0.88210434	-1.3406376	5.1955	5.762495	2.416932
mondino	5.4415555	0.9051927	-2.6418724	4.8532643	6.9642663	3.0136857
money_to_travel	6.8627477	0.88857275	-3.1043897	4.5858283	5.877969	2.0460458
money_together	4.758108	1.164291	-2.1091368	5.642198	6.427897	2.2468538
monitor	5.2247643	0.4138191	-0.71003026	3.2778199	7.406531	3.5940676
monster	3.1918979	1.1467576	-0.19764808	6.315905	7.700776	2.7997317
month_4	4.5440083	0.920541	-0.16312328	5.5404	6.050972	2.5107079
month_or_two	3.3489876	0.93483734	-0.44806182	6.063583	7.31578	4.0437016
month_pregnant	3.4799645	0.7959166	-0.830779	5.9064837	7.616303	4.3330865
mood_killer	4.3918295	1.2718035	-1.8021365	6.166536	6.639836	2.2731097
more_accurate	6.594794	0.6467187	-1.4676677	4.0735755	5.557655	2.4199913
more_air	3.8477063	0.7508229	0.19139953	4.9496126	9.198991	4.4374866
more_annoy	3.8631997	0.90579987	-0.5699906	5.413204	7.2604227	3.3140268
more_anxious	3.3490813	0.92182463	-0.095676504	6.6462975	7.8605604	4.0755916
more_bearable	3.3422716	0.8511069	-0.17749509	6.7856493	7.7687736	4.1172214
more_calorie	1.9680879	0.69168955	-0.7862256	5.0895915	7.2586813	5.2504363
more_comfy	3.9735863	0.88996714	-0.24374141	5.9513555	7.1248045	3.5866792
more_common	5.472108	1.140645	-2.1755674	6.389284	8.638907	3.896806
more_complex	5.486088	0.94009507	-1.9413261	5.372799	7.183273	3.2548478
more_complicated	5.3318076	0.9754988	-1.9894603	5.4004917	7.195358	3.2032444
more_confident	3.3405395	0.8979519	-0.18953413	6.770234	7.7494435	3.9389079
more_consistent	4.068698	1.0267826	0.4524537	5.539745	6.907081	2.4129026
more_control	4.0028553	1.0405611	0.58718234	5.378376	7.157865	2.3700352
more_controllable	4.110326	1.0123084	0.20995796	5.6604958	6.725112	2.499121
more_easy	4.118673	0.86887735	0.38245073	4.364929	9.338289	3.5102565
more_energy	3.9600775	0.88666147	-0.3761611	6.027577	7.090008	3.6941793
more_enjoy	3.1809337	0.8700923	-0.26960075	6.583025	7.6336303	4.1562085
more_expensive	7.03587	0.6548112	-2.270501	4.022216	5.2427073	2.0734596
more_frequent	3.8934455	0.8801778	0.34532985	6.187878	7.5118756	3.7466428
more_frequently	3.950115	1.0257663	0.6175448	5.6201496	7.096466	2.5303051
more_gas	3.8752437	0.7453812	0.020457882	5.0375786	9.165199	4.5591054
more_gassy	3.329861	0.85368425	-0.21491592	6.8073254	7.7956963	4.04713
more_importantly	4.090886	0.989851	-0.37227854	5.99127	7.142049	3.1341915
more_intense	4.038497	0.79317516	0.17438757	5.999819	7.252834	3.8875947
more_manage	3.3866854	0.8611481	-0.18595296	6.8132915	7.766937	4.0795937
more_natural	3.9408648	1.0686208	0.6288697	5.131929	7.5567355	2.347919
more_nauseous	3.3425112	0.8865774	0.0709873	6.405848	7.9128075	4.306562
more_often	3.2649934	0.91467464	0.4338411	6.230384	7.756935	4.1113033
more_often_than	3.5458264	1.0969216	0.35166928	6.326928	7.668209	3.110141
more_power	3.6139262	0.98388463	-0.021785975	5.4080257	7.7815833	2.973245
more_precise	6.576416	0.63095784	-1.4688525	4.036903	5.56813	2.4427042
more_productive	4.165578	1.0040569	0.07789237	5.6673107	6.605881	2.4836617
more_progress	4.6629853	1.297079	-1.7637012	6.225357	6.128966	1.7790971
more_prone	4.463575	0.78051925	-0.92398334	5.0408683	8.867699	4.3139176
more_rare	4.888379	0.8824126	-0.8031835	5.843207	6.7516003	3.388527
more_relax	4.1630387	0.84364676	0.41300088	4.245307	9.436328	3.5289667
more_satisfy	4.1666603	1.0401074	0.051465712	5.5117598	6.7694945	2.3806708
more_sensitive	4.4064903	0.7564773	-0.8785705	4.935026	8.801782	4.313567
more_severe	5.2034254	1.0517495	-1.7784255	6.568099	8.44749	4.1943264
more_space	3.412408	0.85043144	0.18775007	3.982598	8.765049	3.4728863
more_substantial	3.8853166	1.0095606	0.08544943	5.6166854	6.9857783	2.6416707
more_subtle	3.5055459	1.0442073	0.18140018	5.127061	8.021084	2.8268523
more_traumatic	4.1103334	1.3762532	-1.1252756	6.9092765	8.062554	3.5107002
more_uncomfortable	3.918594	0.75501835	-0.025667993	5.6604686	7.421455	4.0481052
more_unit	6.2874527	0.78235227	-0.9495062	4.838358	5.040398	1.9220046
more_weight	2.9146187	0.83477944	-1.3053626	5.6466618	7.40278	4.852716
morning_sickness	4.1032777	1.2115295	-0.8520402	7.0438323	8.153255	4.0682135
moscaritolo	5.550319	1.225559	-2.843552	5.7203956	6.329404	1.8807074
most_critical	4.408643	0.9162173	-0.19964774	5.536125	6.1450133	2.6635547
most_disgust	3.5179985	1.1930176	-0.3976413	6.2893186	7.5516024	2.7084448
most_doctor	6.8315516	1.0712303	-3.5140584	5.433004	6.9013987	2.2617044
most_gps	6.1411247	1.0772078	-3.0861652	5.46345	7.046809	2.5786924
most_importantly	4.4028873	1.2208195	-1.2005932	5.699598	6.829473	2.129938
most_intense	4.003638	0.8340792	-0.90346175	5.689607	7.660586	4.0895376
most_notable	5.146729	1.0048249	-1.8368038	5.885055	7.317961	3.3909898
most_of_my_life	4.7835064	1.1059028	-1.5559962	6.96485	8.10239	4.1770186
most_of_us	5.4334164	1.1786495	-2.2109966	6.6935277	8.451048	3.880998
most_part	3.9644248	0.8248003	0.22699787	6.1672187	7.469522	4.0223002
most_satisfy	3.8485653	1.0638661	-1.0298648	5.4992356	7.2076416	3.0619059
most_uncomfortable	3.7607787	0.9428575	-0.5171617	6.0414014	7.641766	3.5544608
mostly_due	4.446498	1.0321798	-1.543076	6.423733	7.5346055	3.8258603
motility	5.3421383	0.8157343	-1.7492384	5.3015876	9.005925	4.392444
motility_disorder	5.3164988	0.7917178	-1.9501888	5.008459	8.567927	4.129577
motility_issue	5.470374	0.91102016	-2.126216	5.6836143	8.754981	4.277671
motility_test	6.9198475	0.72440845	-3.1829207	4.6465845	7.2288747	2.9838412
motion	3.7028692	0.93472266	0.71832794	4.2531543	9.05946	3.127169
motion_sick	3.1817029	0.9945656	-0.6379003	5.820161	7.5127277	3.850213
motion_sickness	4.111352	1.1128464	-0.73868316	6.8612065	8.283187	4.25437
motor	4.8068724	0.8956629	-1.1890433	4.671006	8.868513	3.6609533
motrin	1.9023656	0.76440984	-0.86650574	4.023048	7.4757557	5.2794533
mouth	3.7704885	0.74170685	0.5435685	3.9636436	9.132379	3.7134876
mouth_breathe	4.580982	0.76803696	-0.8509575	4.811117	9.138006	4.2922688
mouth_breather	3.9754472	0.90399146	-1.0586951	5.059968	7.8210373	3.7165358
mouth_water	4.0439773	0.7740787	-0.3728409	6.3126764	8.221616	4.6948433
mouthful	1.5252568	0.72530663	0.04880342	4.618023	7.244362	5.2888517
mouthful_of_water	1.9247557	0.726909	-0.22642541	4.5509763	7.3300395	5.060533
mouthguard	4.8160496	0.4834997	-1.1201301	3.4336777	7.000071	3.5903907
move_around	3.310553	0.78459334	0.5218044	4.133268	8.906444	3.809565
move_down	3.9379668	0.7281028	0.05122468	4.699518	9.281225	4.3308697
move_my_head	3.420696	0.93264335	0.8347444	4.136914	8.908451	3.0404353
move_my_jaw	3.4418137	0.91257215	0.32884172	3.8754125	8.7967825	3.0727103
move_my_neck	3.4187098	0.9107537	0.6036635	4.1792073	8.794966	3.1271534
move_past	4.1219363	1.1502025	-1.3158381	5.8501186	7.423021	3.0886285
move_through	3.8621945	0.7178235	-0.6689274	4.902139	9.060034	4.826245
move_up	3.8551805	0.75136113	0.36085436	4.5288353	9.190067	4.004014
move_your_head	3.4783773	0.9235964	0.498217	3.8715382	8.920288	3.0327814
movement	3.8662288	0.88975376	0.55570924	4.0146427	9.276512	3.2471466
mr_karagama_who	5.738964	0.95304847	-2.454734	5.0023584	5.9568267	2.253396
mr_omar	5.4370255	1.0215383	-2.4671874	5.1173115	6.5760536	2.5617816
mri	6.923537	0.7189471	-3.1890872	4.664109	7.383005	3.104645
ms_hicklin	6.8126426	0.8107304	-2.3787012	4.707161	5.3553977	1.8116372
mthfr	4.2023396	0.89284456	-1.7335966	4.808795	7.2453756	3.4685156
mu	4.7639546	0.9294051	-2.0147824	5.1607404	6.834029	3.127681
much_as_possible	3.6425524	0.9906985	0.72772807	4.138185	8.92727	2.83576
much_better	4.218676	0.8213967	0.08846823	6.0068626	6.94227	3.6540508
much_cheap	6.739308	0.6735144	-1.7629904	4.124458	5.4103355	2.2654448
much_improve	4.801512	0.98071754	-1.3536513	6.292108	7.270058	3.7095149
much_less	4.038824	0.82156956	0.117302924	6.277285	7.5820994	4.107644
much_relief	3.7839725	1.1140049	0.6278946	5.737124	7.221563	2.4771173
much_worse	3.748878	0.8640616	-0.14676036	6.826067	8.068785	4.5571275
mucinex	1.9452969	0.86335987	-1.24897	3.7524219	7.7634654	5.2619295
mucosa	4.8148503	0.77189386	-1.6583519	4.9271336	8.284552	4.1302924
mucous	3.9453118	0.67996955	0.035357643	5.324365	8.02998	4.446817
mucus	3.6787486	0.677377	0.49096107	5.212098	8.048451	4.417932
mucus_in_my_throat	3.8211942	0.75231326	-0.056840297	5.536635	7.8152823	4.31947
mucus_in_throat	4.3306847	0.78136706	-0.91193116	5.7412524	8.063107	4.396178
muffin	2.0508478	0.7040983	-0.678568	4.9704695	7.1540155	5.0939875
muffle	3.2439237	1.035716	-0.10584806	5.935626	7.721283	2.834884
multi	2.2834706	0.797454	-1.1829865	4.26516	7.5617957	5.0238967
multiple_injection	6.227848	0.7738848	-1.3814466	4.598843	5.6479106	2.3841515
multiple_round	5.939273	0.83816165	-1.243455	4.9146905	5.79706	2.4303758
multiple_test	6.7783217	0.7493121	-3.1516638	4.734841	7.293923	3.0569494
multivitamin	1.957007	0.84239686	-1.1175964	3.8476064	7.7277784	5.2128024
mum_and_dad	5.9324384	0.97105265	-2.9089377	5.0808334	6.682278	2.572371
musc	5.738324	0.920099	-2.4841878	4.946612	5.919273	2.2742097
muscle	4.538843	0.8128317	0.08038541	4.1602015	9.663863	3.6611147
muscle_around	3.9597602	0.7433083	0.02940699	4.2568274	8.931784	3.805006
muscle_connection	4.1685195	0.96130925	-0.17099267	4.2317963	8.845368	3.030606
muscle_dysfunction	5.332237	0.95113516	-2.1124558	5.576994	8.381517	3.951008
muscle_group	4.2378616	1.022611	-1.2621034	5.0570793	7.9985666	3.2692435
muscle_in_my_throat	4.6042647	0.82491726	-0.2689819	4.24717	9.451416	3.6733248
muscle_in_your_throat	4.6861553	0.78430533	-0.48462272	4.2382493	9.3567295	3.8056324
muscle_mass	3.659439	0.8767383	-1.5857929	4.8672433	7.6135335	4.131885
muscle_memory	3.9866536	1.0670416	0.6238662	4.660833	8.572087	2.609298
muscle_movement	3.908642	1.0691658	-0.4589333	4.947434	8.267398	2.9885926
muscle_relaxant	4.7252603	0.98660696	-2.114607	4.8480496	7.4331017	3.2449799
muscle_relaxation	4.5927186	0.9195503	-1.5292007	4.987785	8.285241	3.760604
muscle_responsible	4.762519	0.8465681	-0.38052216	4.327201	9.569243	3.6904144
muscle_spasm	4.4253287	0.69726956	-0.56258434	4.6747236	8.904882	4.2667003
muscle_tension	4.637721	0.7737502	-0.8689195	4.8396115	9.153268	4.28262
muscle_tension_dysphonia	5.4422874	0.920952	-2.3734057	5.330012	8.0877695	3.7273884
muscle_tighten	4.597823	0.78970575	-1.0636408	4.7056036	8.768476	4.0269585
muscle_weakness	4.688392	0.838682	-1.4442406	5.706963	7.8556547	4.2244153
musculature	4.6580396	0.7681878	-0.44992045	4.1846023	9.358491	3.8263936
mushroom	1.8873258	0.730253	-0.9931979	4.971647	7.252319	5.282665
music_festival	3.570634	0.9143578	-1.0819368	5.682608	6.8648114	3.8060572
musical	4.355197	0.8913269	-1.7445949	5.1209154	7.0239606	3.4473648
my_20s	4.5482254	1.2181433	-1.5326471	7.2374587	7.8791237	3.9636517
my_30s	4.6007056	1.1371952	-1.5103353	7.116055	7.8553696	4.097796
my_40s	4.5729547	1.1941104	-1.6202277	7.082108	7.7829556	3.9245052
my_ab	3.7400339	0.8713869	0.6433968	4.223862	9.2048025	3.4002144
my_abdomen	3.7903802	0.73874414	0.4920983	4.535027	9.148221	4.0080233
my_adams_apple	3.7984266	0.7811566	0.47027436	4.070527	9.143903	3.6275797
my_airway	4.1514955	0.7201047	0.10506498	4.2646756	9.155639	3.9470522
my_anxiety	4.3508873	1.1382192	-0.92534316	6.8792377	8.465054	4.253468
my_apartment	3.209371	0.90646714	-0.8408853	5.442421	7.4884696	3.9074776
my_appetite	3.1075046	0.82809204	-0.68732077	5.8967586	7.5916386	4.671227
my_appointment	6.5592947	0.82837254	-2.54962	4.864166	5.2142005	1.6950678
my_armpit	3.36423	0.93335545	0.552424	4.052228	8.774966	3.0205615
my_assumption	4.368664	1.2015185	-1.5979395	6.2372293	7.2442207	2.9808116
my_baseline	4.381352	1.0021577	-1.5223367	6.1946898	7.22356	3.727324
my_bed	2.7241652	0.7993958	0.48554766	3.9158216	8.61631	3.9102077
my_belly	3.8210092	0.7036365	0.2777838	4.958353	9.089691	4.3981967
my_belly_button	4.013551	0.6105707	0.11800698	4.607722	8.793069	4.290646
my_bf	3.2292664	1.2853574	-0.4794914	6.7437034	7.555313	2.5118165
my_bladder	4.131424	0.73798203	-0.5144358	4.7564726	8.837657	4.2134047
my_boob	3.774157	0.8228719	-0.9049293	4.781949	7.730819	3.5814483
my_bowel	4.091159	0.71398723	-0.24449345	4.922871	9.285997	4.5985675
my_boyfriend	3.2127073	1.3005298	-0.4843196	6.786462	7.5511	2.4717133
my_bra	3.8030868	0.93182385	-0.72434753	5.4978757	7.977199	3.738229
my_breath	3.4045513	0.83874	0.69761723	4.204443	8.938465	3.5822642
my_car	2.7287621	0.8556224	0.51279277	4.1504874	8.589807	3.8527508
my_case	5.7394667	0.94484526	-2.22368	6.118064	8.914668	4.458038
my_chest	3.856356	0.6760775	0.41906255	4.744862	8.982508	4.230451
my_childhood	4.3594685	1.3966521	-1.4760348	7.405904	7.909898	3.617325
my_chin	3.4198904	0.85602427	0.68091565	3.8981502	9.037276	3.3291352
my_clothes	3.208814	0.7986386	-0.61947155	5.5856395	7.6836905	4.349142
my_collarbone	3.9248562	0.67958117	0.06299786	4.158764	8.770032	3.900743
my_consult	6.330971	0.8381741	-2.3992674	4.9100223	5.1943846	1.7489636
my_consultation	6.495924	0.81593794	-2.4502382	4.836286	5.187599	1.7311411
my_copay	7.132113	0.6286468	-2.5267496	3.949845	5.138982	2.010426
my_core	3.9496214	0.8556986	0.47901368	4.1302495	9.306124	3.4204693
my_country	7.0503736	0.9322353	-3.2695084	4.7150555	5.8834987	1.9016508
my_cousin	4.2649555	1.3447634	-1.6353002	6.8977704	7.61899	3.2674
my_deductible	7.070736	0.6124359	-2.4737267	3.9268017	5.129981	2.0628207
my_deviate_septum	5.148557	0.80556196	-1.992335	4.8329577	7.781176	3.6838362
my_diaphragm	3.851045	0.80408037	0.52571017	4.194646	9.2914715	3.6489844
my_diet	1.6550827	0.67196465	-1.0187606	5.089846	7.511166	5.8646374
my_ear	3.9221058	0.65130204	0.34101832	4.608417	8.924203	4.2232413
my_early_20s	4.492771	1.2334847	-1.5477818	7.210544	7.8254404	3.9078486
my_early_30s	4.558685	1.1432915	-1.7194206	6.9134164	7.6130686	3.8840764
my_elbow	3.4184303	0.7777196	0.13467431	3.8544233	8.669272	3.6011355
my_emetophobia	3.8073897	1.5548345	-0.6211117	7.3303933	8.259718	3.4859233
my_ent	7.160708	0.9736109	-3.611528	5.1619267	6.6380277	2.1290617
my_entire_life	4.5774593	1.3636073	-1.6500789	7.456805	7.7921987	3.5816495
my_epiglottis	3.7252276	0.7877158	-0.46073204	4.4848742	8.074524	3.679866
my_esophagus	4.5823364	0.7421129	-0.11204239	4.352713	9.65639	4.067936
my_experience	4.99896	1.3923728	-2.294959	6.3028264	6.2721777	1.5967631
my_eye	3.04142	0.8311389	0.51726145	4.51869	8.571445	3.9604313
my_family	3.2910733	1.3034887	-0.5816754	6.7987313	7.5598335	2.5177336
my_fear	3.740369	1.5718708	-0.5260645	7.323667	8.236012	3.4407387
my_fellow	4.9656563	1.2652249	-2.4936259	6.0825024	6.7264934	2.3214877
my_finger	3.413959	0.944203	0.67149526	4.276819	8.967337	3.3006597
my_first_dose	6.3417006	0.7390953	-0.86704636	4.8198066	4.8995686	1.8547226
my_first_round	6.3196177	0.7444184	-0.8768643	4.827569	4.920786	1.8669093
my_first_trimester	4.039841	0.98976314	-1.354374	5.901869	7.285681	3.723589
my_fridge	2.236147	0.78266644	-0.90827435	5.0022635	7.159476	4.819431
my_friend	3.2124376	1.2996931	-0.49255738	6.79234	7.550861	2.4757452
my_gag_reflex	2.9899588	1.4786639	0.4310328	6.1001415	8.540776	3.163102
my_gastro	6.915173	0.89689285	-3.4724112	5.112204	6.918924	2.4898899
my_gastroenterologist	7.074194	0.93234456	-3.6016061	5.162039	6.7456245	2.2637224
my_gf	3.2261212	1.2980664	-0.51056105	6.7726336	7.539904	2.4760864
my_gi	7.1120543	0.93282396	-3.6201859	5.1718664	6.779979	2.273904
my_girlfriend	3.2197123	1.300838	-0.50159836	6.7904544	7.5499787	2.4710085
my_gp	7.1483445	0.93602896	-3.6225603	5.151961	6.7069464	2.1928585
my_grandfather	4.5397134	1.1280726	-1.9137777	6.023404	7.621426	3.4755373
my_gum	4.6484423	0.5122814	-0.48797065	3.8250012	7.7166348	3.8205183
my_gut	4.0448694	0.7156553	-0.13562846	4.9502125	9.30996	4.5932317
my_hand	3.3905249	0.7763298	0.53115255	3.808301	8.981538	3.6510692
my_heat_pad	3.173344	0.7930016	-0.34700945	5.243872	7.568943	4.219314
my_hero	5.0008674	1.0460209	-2.198817	5.501801	6.3296347	2.519079
my_hip	3.6432025	0.7161831	-0.17384855	4.0679502	8.577957	3.8943565
my_husband	3.2154624	1.3041122	-0.49061024	6.7981796	7.547382	2.4608412
my_hypothesis	5.1551886	1.0414262	-2.0712492	5.551293	8.286558	3.6096416
my_insurance_company	7.1513505	0.74325424	-2.864839	4.2096353	5.4394956	1.9719999
my_intestine	4.04259	0.7121857	-0.060564205	4.946902	9.278847	4.532526
my_iv	4.956531	0.43819937	-1.0830446	3.3336544	6.9112043	3.5387292
my_jaw	3.7918284	0.75144607	0.5344508	3.9298565	9.225129	3.679915
my_journey	4.914375	1.396239	-2.18835	6.344801	6.193791	1.543829
my_kid	4.0967736	1.3607795	-1.3997641	7.0761943	7.6722445	3.3686435
my_knowledge	6.0090785	1.096316	-3.052337	5.434652	7.1783705	2.64662
my_larynx	3.8452094	0.79960054	0.51539767	4.0072913	9.288118	3.563054
my_left_side	2.7498493	0.7787332	0.35097712	3.7408006	8.626863	3.8644478
my_les	4.874132	0.76376164	-0.38303247	4.2941027	9.746787	3.9828815
my_life	4.5050616	1.3379596	-1.5792322	7.4142385	7.642297	3.5295327
my_liver	5.415719	0.7882852	-2.338173	4.9205613	7.8713284	3.816114
my_local	6.511112	0.9918048	-3.345009	5.095588	6.418824	2.1636183
my_lower	4.0114875	0.61645734	0.16733578	4.441617	8.8854065	4.226436
my_lower_abdomen	3.9808376	0.6412205	-0.08552226	5.009986	8.577578	4.389948
my_lower_esophageal	4.855253	0.76782775	-0.3424152	4.239034	9.744599	3.9284
my_lung	4.081108	0.6978632	0.20764221	4.5380473	9.26489	4.1911197
my_mental_health	4.5812006	1.079624	-1.5334169	6.6874094	8.039155	4.05998
my_mid_20s	4.567708	1.1387776	-1.573289	7.0818567	7.692395	4.0230618
my_mid_30s	4.5436583	1.1131574	-1.65916	6.8853493	7.6177034	3.985465
my_mid_sixties	5.641283	0.8892758	-1.4138366	5.0842066	5.760209	2.34453
my_mid_twenties	4.5502	1.1106136	-1.5551631	6.973031	7.7167	4.0582457
my_midsection	3.7174284	0.8913264	0.16897298	3.8449585	8.968331	3.1915503
my_mouth	3.3976035	0.79294777	0.72714114	4.7207704	8.574754	3.9215798
my_nasal_passage	5.1327124	0.41380772	-0.62233305	3.3948889	7.401128	3.6389914
my_neck	3.7752295	0.7632499	0.5538882	3.9155447	9.244694	3.6426694
my_nerve	3.838163	0.73680377	-0.5131667	4.1758375	7.985761	3.6924567
my_nose	5.2336006	0.35043827	-0.5403973	3.1879792	7.4761	3.6522586
my_nostril	5.1023517	0.38715467	-0.52477574	3.3192775	7.5460544	3.7030134
my_oop	6.7043447	0.69070566	-2.2386434	4.075265	5.332643	2.228858
my_organ	3.9097972	0.702489	0.029656049	4.855417	8.89858	4.2799926
my_pants	3.187502	0.80246496	-0.57034975	5.59317	7.7347617	4.354615
my_pcp	7.084571	0.9626111	-3.6123745	5.1791906	6.6463566	2.1501384
my_pediatrician	6.2724814	0.94357306	-3.1963665	5.234542	6.809647	2.5236735
my_period	3.7341597	0.80315167	-0.11911248	6.159447	7.938937	4.5494432
my_perspective	4.8631015	1.2129757	-2.1189754	5.9452286	7.1932726	2.721465
my_phobia	3.7925608	1.5606941	-0.62874436	7.3151927	8.243039	3.455385
my_poor	4.033753	1.2583904	-1.6390982	6.5014596	7.0890627	2.763982
my_post_nasal	4.1693115	0.7934019	-0.7916757	5.6361523	8.005078	4.2787533
my_posture	3.8944104	0.97209376	0.13833003	3.8424337	9.043257	2.8873017
my_ppi	1.9667757	0.84168607	-1.3460633	3.793313	7.7422366	5.3410616
my_primary	6.9481378	0.94067746	-3.525962	5.17125	6.652686	2.2289553
my_procedure	6.497184	0.76586366	-2.0457103	4.777982	5.0101495	1.7234112
my_progress	4.842179	1.3996738	-2.0123312	6.2965727	5.997543	1.3938022
my_quality	4.9850006	1.1287167	-1.125533	6.332788	5.8458557	2.2156677
my_r_cpd	5.4601264	0.94753873	-1.8981754	6.549319	8.774568	4.615065
my_rib	3.9928083	0.6200956	0.24148928	4.5126314	8.945733	4.2582846
my_rib_cage	3.9736173	0.6175617	0.12985606	4.3555956	8.862171	4.1862445
my_ribcage	4.0747247	0.6504708	-0.2299661	4.4983416	8.70853	4.1750364
my_saliva	2.9872086	0.7357377	0.46836916	5.0276284	7.8226414	4.4100013
my_second_dose	6.295168	0.73728335	-0.89871854	4.823144	4.9185557	1.8807687
my_second_round	6.251604	0.75213385	-0.878085	4.8624916	4.946139	1.8791149
my_second_trimester	4.071975	0.8548976	-0.8403414	6.1605825	7.732756	4.2794595
my_self	3.2314088	1.3203526	-0.11702725	5.639589	8.186524	2.9975166
my_shoulder	3.533328	0.80194527	0.60011137	3.8792365	9.102878	3.5226
my_sibling	4.2833533	1.2630233	-1.6896216	6.641359	7.460547	3.2985556
my_sinus	4.1249785	0.6323868	-0.1596652	4.9859457	8.293221	4.3887568
my_spine	4.3162155	0.71313196	-0.46397442	4.299014	8.983326	4.0219307
my_sternum	4.020669	0.61498636	0.19322035	4.557259	8.924294	4.292615
my_stomach	3.8430912	0.7035816	0.29516137	4.9863977	9.10316	4.417668
my_story	5.2333126	1.4593033	-2.7139525	6.630919	6.5780773	1.7034816
my_suspicion	4.6326175	1.0555989	-2.0095148	5.5869794	7.1927457	3.218967
my_symptom	5.3655677	0.97412896	-1.8233004	6.7071714	8.724223	4.6343727
my_teen	4.5064483	1.1990331	-1.5893414	7.107948	7.763043	3.933437
my_third_trimester	4.075112	1.05369	-1.2608492	6.3142343	7.547902	3.8139603
my_throat	3.5134242	0.7734389	0.71503544	4.9066505	8.492031	3.9862292
my_toe	3.4062283	0.786061	-0.05512123	3.8824546	8.559461	3.6143322
my_tongue	3.6902776	0.7584185	0.5754467	3.9122756	9.14366	3.6568804
my_tonsil	4.2711062	0.6138272	-0.3163735	4.722736	8.457165	4.301839
my_trachea	3.901019	0.697232	0.07158862	4.294094	8.732648	3.902382
my_tummy	3.8188758	0.6982235	0.2658243	4.958448	9.03337	4.4006977
my_twin	4.675586	1.258384	-2.0568376	6.2716618	7.407512	2.9785101
my_twin_sister	4.4577384	1.3189254	-1.7827815	6.786071	7.6796083	3.2852225
my_two_cent	4.811359	1.1853346	-2.223783	5.785201	6.6248927	2.391674
my_ues	4.6642094	0.7788976	-0.061801497	4.193109	9.741766	3.8318434
my_upper	3.9530823	0.65608567	0.17766601	4.1868525	8.943298	4.017896
my_upper_abdomen	3.9368894	0.6741026	-0.12060538	5.2590823	8.45396	4.401687
my_upper_esophageal	4.827024	0.76861435	-0.29266357	4.207239	9.739669	3.8942459
my_uvula	3.8603055	0.66850764	0.2927595	4.3414974	8.802775	4.030069
my_vocal	4.0246353	0.7798305	-0.8730398	4.8051248	7.2102065	3.6644526
my_voice	3.9904573	0.64929354	0.4264514	5.198458	6.7964983	3.841596
my_waist	3.7038748	0.81821114	-0.86470616	5.5775948	7.703048	4.150191
my_weight	2.8852456	0.8650631	-1.2604411	5.8430314	7.436859	4.9040194
my_whole_life	4.560445	1.3658861	-1.6260811	7.467633	7.8241982	3.6073823
my_wife	3.2205174	1.3047211	-0.50505483	6.797594	7.5401998	2.45927
my_windpipe	3.8782806	0.7668436	-0.056945242	4.5543847	8.549779	3.7713213
my_worst_nightmare	3.291767	1.0005766	-0.8438927	5.488544	7.442549	3.4792125
myalgia	4.661162	0.7971557	-1.3921103	5.2112026	8.136613	4.097586
mylanta	2.0178323	0.7981542	-1.4347427	4.2107754	7.731555	5.442546
myotomy	6.327124	0.7674697	-1.0461065	4.7438436	5.2807055	2.111941
mystery	5.464095	1.119814	-2.3003087	6.342696	8.482109	3.885323
myth	4.8079305	1.0450945	-1.9010053	5.430597	7.016982	2.9410462
naar	4.4439406	0.5759459	-2.3539188	3.7839417	6.936572	3.9413774
naive	5.0255165	1.1855695	-2.2932744	5.948519	7.650545	3.0580733
name	6.353484	1.2257546	-3.530115	5.6767344	6.6975417	1.9126943
namely	4.9898367	0.9527146	-1.899869	5.8811684	8.376609	4.183129
nap	3.8608441	0.5938783	0.20935418	5.123256	6.220082	4.003282
narcissist	4.9069147	1.1997682	-2.2804573	5.9928527	7.7515316	3.0975554
nasal	5.2356577	0.39349562	-0.6592442	3.2808871	7.473399	3.6411705
nasal_breathe	4.5131345	0.8786427	-1.2786764	4.834914	8.54436	3.8363357
nasal_cavity	4.606531	0.53587884	-0.55318207	3.8909945	7.8021517	3.8480706
nasal_congestion	4.435228	0.7852574	-1.0718113	5.644186	8.071582	4.370272
nasal_endoscopy	6.9829035	0.6487169	-2.9205828	4.357674	7.072087	2.9435163
nasal_gastric	3.9759119	0.8498781	-1.1711802	4.9813204	7.6424427	3.7123184
nasal_passage	4.7987647	0.5270842	-0.80215305	3.754907	7.5308495	3.6983051
nasal_polyp	5.2929068	0.8918924	-2.2674644	5.7883105	8.073502	4.146753
nasal_spray	1.9928292	0.78022975	-1.4337577	3.9561899	7.735084	5.483684
nasty	3.3273506	1.0568082	0.24237888	6.2662573	7.914182	3.734377
natural	3.9440262	1.0810626	0.6605105	4.725596	8.505608	2.567717
natural_reaction	4.0235233	1.2975883	-1.1512723	6.322748	7.354603	2.9044156
naturopath	5.905439	0.97851795	-3.010893	5.1891284	7.156203	2.8626945
naturopathic	4.72076	0.9815009	-2.1286945	5.061538	7.1275115	3.2029586
nausea	4.080898	0.816859	-0.17462161	6.6529098	8.512877	4.8326435
nausea_etc	4.224623	0.77390075	-0.3979937	6.4304414	8.345222	4.7465672
nausea_go_away	4.148001	0.9205746	-0.36354843	5.632958	6.555873	2.9617786
nausea_patch	5.241173	0.39555532	-0.6259143	3.3443792	7.324863	3.5988643
nauseate	3.1019702	0.96437204	0.0676817	6.5161247	7.936656	4.4583807
nauseous	3.0843413	1.0102323	0.08620737	6.5640283	7.9235992	4.363337
nauzene	2.1431177	0.7902651	-1.3827007	4.3765273	7.6776896	5.327368
navel	4.082442	0.7433811	-0.7728265	4.4120164	7.9989934	3.73036
nbs	4.808	1.146147	-1.8155533	6.447761	8.133915	3.8265684
near_constant	4.162851	0.76695687	-0.46337652	6.3173127	8.294031	4.725639
near_the_bottom	3.878656	0.7900539	-0.06138028	3.9300342	8.810601	3.489421
nearly_as_bad	4.1163445	1.1468002	-0.4712713	6.2981396	7.007137	3.0823152
nearly_every_meal	4.191487	0.8397252	-0.7068361	6.2237244	7.6375327	4.2120457
nebraska	5.7363906	0.98152137	-2.6830466	5.0718274	6.1418386	2.290356
neck	3.7974622	0.77172005	0.5337754	3.941286	9.269002	3.6341586
neck_and_jaw	3.896733	0.72241193	-0.53040415	4.429951	8.104595	3.830232
neck_area	4.1207047	0.66909117	-0.3163357	4.42558	8.752083	4.1137257
neck_crunch	3.8342638	1.0471122	-0.07566208	3.7000537	8.764559	2.536781
neck_exercise	3.9232945	1.1157674	0.025158433	3.7976062	8.769671	2.3197541
neck_forward	3.4072735	0.9120595	0.40654	3.9211922	8.786531	3.0622933
neck_lift	3.8171215	1.0510375	-0.03620923	3.715071	8.752852	2.53345
neck_massage	3.9612038	1.0962182	-0.1578964	3.8400073	8.682256	2.3847034
neck_muscle	3.9748156	0.805561	0.3880923	3.9907885	9.311659	3.535467
neck_pain	4.077179	0.61032593	-0.22148514	4.918314	8.457194	4.407982
neck_position	3.6596007	0.995318	0.29072928	3.8201547	8.870637	2.746016
neck_posture	4.32573	0.92932427	-1.4319069	4.8409553	8.070614	3.561822
neck_sit_up	3.8566966	1.0623863	-0.057534177	3.7145424	8.781822	2.4667573
neck_strengthen	3.9809299	1.0826962	-0.23758408	3.8875494	8.656409	2.484006
neck_stretch	3.8962514	1.0797381	-0.025292607	3.757826	8.802472	2.4204369
neck_throat	3.93272	0.86715436	-0.09422778	4.0580864	8.899637	3.3386621
need_another	6.105752	0.7982469	-1.0055298	4.89539	5.3434362	2.1318903
need_to_be_able	4.05971	1.1322145	-0.27039957	4.981906	7.6686707	2.3818905
need_water	1.6614101	0.6300743	0.16102257	4.701052	7.186476	5.3266177
needle	6.610124	0.56325656	-1.4380729	3.8744648	5.552781	2.4519703
needle_in_my_neck	4.572839	1.1524332	-1.4084879	5.898712	6.2920394	2.2804697
needle_phobia	5.763231	0.7964933	-1.4604061	4.865038	5.743251	2.4978487
needle_through	6.579149	0.6093768	-1.4477427	3.9667122	5.5788503	2.4593213
negative_experience	5.0592384	1.3168374	-2.526493	6.0776567	6.6201863	2.0491602
negative_for_h_pylori	5.2489023	0.88936317	-2.2339582	5.5073886	7.9789	3.937031
negative_impact	4.7670197	1.059886	-2.0289035	5.58671	7.8226953	3.5046344
negative_pressure	4.321784	0.7524825	-0.32394826	4.284851	9.061785	3.8536708
negative_reaction	5.0636435	0.9564556	-1.7669132	5.538815	7.2435203	3.3742197
negative_side_effect	5.464619	0.90038735	-1.1687238	5.322651	6.044939	2.60374
neglect	5.135443	1.0823611	-2.1737525	5.5655518	8.192958	3.428477
nerve	4.8219156	0.7733988	-0.57546043	4.468745	9.532831	4.050647
nerve_damage	5.151361	0.83538896	-1.8140185	5.187689	8.452937	4.1017766
nerve_rack	4.2985697	1.191184	-1.4684635	5.906298	6.6514473	2.4509518
nervous	3.651721	1.484078	-0.26713356	7.1985703	8.056894	3.488311
nervous_about	3.6794448	1.5074059	-0.2727969	7.2291718	8.03984	3.4496171
nervous_system	4.906545	0.84188855	-1.1238034	4.899898	9.220032	4.11549
network	7.1218853	0.8288169	-3.0879366	4.491354	5.6123962	1.8790064
neural	4.7286916	0.84855944	-0.7605825	4.3474393	9.17242	3.646143
neurodivergent	4.883486	1.0637653	-2.0093706	5.8713512	7.7090735	3.5176773
neurological	5.6793165	0.9455125	-2.1383047	5.519484	8.890614	4.018378
neurological_function	4.678745	0.80690527	-1.4601712	4.749026	8.268316	3.8858216
neurological_issue	5.4926715	0.9891572	-2.2969904	5.7992396	8.575621	4.0379934
neuromuscular	5.2462006	0.91781366	-1.9474463	5.1104026	8.565081	3.791182
neutral_position	3.5620315	0.9199409	0.43476626	3.8868847	8.962304	3.079221
neutralize	3.668253	0.70983744	-0.75918275	4.952706	8.971832	5.0472913
nevada	5.579789	0.9469622	-2.4731352	5.0312147	6.207193	2.4630425
never_bother	4.4758005	1.3550204	-1.5514948	7.405535	7.868274	3.666462
never_connect	4.671514	1.2416824	-1.8271226	6.8506756	7.943858	3.6824105
never_connect_the_dot	3.753323	1.0589925	-1.1843432	6.105241	7.4192467	3.6418257
never_consider	5.083004	1.1161842	-2.0550385	6.291027	8.375774	3.9055412
never_go_away	3.9329193	0.7809133	-0.5134482	6.0676713	7.9792542	4.4905477
never_heard_of_r_cpd	6.2943525	1.0307465	-3.1521223	5.4699783	7.0719247	2.6290126
never_occur	4.1663337	1.3459067	-1.5382301	6.694783	7.643603	3.1431065
never_realize	4.5619965	1.3159708	-1.7349697	7.0929394	7.9085293	3.5181277
nevermind	4.2852044	0.88684195	-1.6696565	4.809139	7.0666094	3.2043867
new_ability	4.3260183	1.1293987	-0.42031753	5.470944	6.8822966	2.1897912
new_condition	5.8684225	1.0932341	-2.9814408	5.424292	6.666398	2.3977625
new_doctor	5.8857956	1.0131444	-2.9866636	5.237051	6.6151314	2.4289591
new_here	5.3384676	1.4318783	-2.8396509	6.6188426	6.6971455	1.8811702
new_information	5.0054326	1.177279	-2.4325147	5.7094707	6.963705	2.56593
new_jersey	5.8217382	0.9860459	-2.8353276	5.0550013	6.2241206	2.303537
new_mexico	6.000737	1.0083787	-2.9885993	5.0980053	6.513343	2.4049382
new_pcp	5.6775966	0.9022532	-2.4468794	4.931104	6.051546	2.3883586
new_power	4.9316487	1.0632324	-1.6573858	5.5437064	6.103648	2.2715082
new_skill	4.5128207	1.2544616	-1.8705446	5.9481616	6.623211	2.1980195
new_to_reddit	4.9074016	1.363466	-2.4639392	6.539986	6.759281	2.257156
new_to_this_community	4.853958	1.327538	-2.3759682	6.4508243	6.7569866	2.3513699
new_to_this_sub	4.827357	1.3325354	-2.363977	6.6318426	6.907923	2.5287323
new_treatment	5.4475827	1.0900592	-2.7870119	5.296322	7.201554	2.7660882
newbie	5.002988	1.297186	-2.4676373	5.9302306	6.665791	2.0612512
newbie_here	4.459817	1.0676997	-1.6755122	6.317901	7.065242	3.5016124
newcomer	5.0430713	1.328455	-2.5360863	5.9890313	6.682447	2.0024004
nexium	1.8164142	0.85120934	-1.6862828	3.825636	7.949416	5.7131486
next_day	4.1263375	0.60953265	0.35941893	5.20326	6.149224	3.7503881
next_dose	5.6877317	0.9308075	-1.231605	5.1839857	5.508539	2.0305676
next_monday	5.9993877	0.85145986	-2.1360004	4.9966083	5.2049427	1.8484002
next_month	6.102001	0.8356346	-2.119533	5.0165644	5.036929	1.7179528
next_morning	3.975622	0.589398	0.26015514	5.130594	6.202303	3.9336143
next_tuesday	6.0188684	0.83977425	-2.110769	5.014033	5.1113033	1.780063
next_wednesday	5.978091	0.8681684	-2.104935	5.051573	5.1473703	1.7736347
next_week	6.12669	0.83757824	-2.158991	5.0024524	5.0641756	1.7240258
nh	4.4697733	0.6661952	-2.1458955	4.156583	7.043363	3.7926807
nhs	7.0485177	0.91754895	-3.2467706	4.6929107	5.829733	1.8807125
nhs_england	5.87775	1.0153958	-3.0228786	5.089667	6.4075384	2.2754116
nhs_gp	5.7900844	1.0798814	-2.9891546	5.2234535	6.4871855	2.2449121
nhs_group	5.390305	1.2489868	-2.9471612	5.7853637	6.868227	2.2610476
niacin	3.1325114	0.76148355	-1.3130162	4.59465	8.155858	4.899242
nibble	2.012286	0.7342162	-0.74349904	4.840427	7.252367	5.0943904
nice_nap	4.163265	0.58083344	0.34805185	5.1271677	6.2469244	3.8304548
nice_to_hear	4.572474	1.2307999	-1.6093472	6.0156903	6.2503967	2.0138464
nice_to_know	4.5225325	1.3927742	-1.8852217	6.5438623	6.4562044	1.8570399
nice_to_meet	4.5925083	1.3226616	-2.1175427	6.373089	6.668893	2.2527263
niche	5.1087556	1.2666562	-2.614686	5.981034	6.7755504	2.2749548
nickname	3.5129983	1.2602502	-0.88884616	6.6492767	7.535518	2.8165936
nicole	5.869641	0.94059145	-2.8032887	4.9179106	6.201972	2.3626752
niet	4.414026	0.47446203	-2.6742067	3.3514698	6.7994733	4.1183033
night	2.463388	0.8118177	0.10436992	5.7253623	7.277747	4.6903553
night_out	1.9554452	0.92471904	-0.34330222	5.9623494	7.1906037	4.7981443
nightly	4.0618315	0.8299955	-0.8331556	6.0996275	7.8126163	4.3572803
nightshade	1.7462723	0.6329479	-1.0965787	5.0224285	7.3932214	5.725551
nighttime	3.9741967	0.79226315	-0.30424154	6.397744	8.237996	4.699453
nissen_fundoplication	5.6861796	0.8623766	-2.2002096	5.252427	8.158439	3.8198848
nitric_oxide	4.6713076	0.9107848	-1.8088579	5.006112	8.180777	3.7865264
nitrogenize	1.2876297	0.8208121	-0.65241665	5.504736	7.0052624	5.298532
no_abnormality	6.509435	0.7695916	-2.9714482	4.724392	7.0842443	2.9769592
no_anesthesia	6.56636	0.60953736	-1.5460998	4.011257	5.5181417	2.419368
no_anesthetic	6.660243	0.6309086	-1.6035967	4.047278	5.3968315	2.3178024
no_appetite	4.013468	0.7819353	-0.36107135	6.2529263	8.107015	4.6230674
no_burp	5.6092796	1.0705779	-2.1958396	6.625141	8.688661	4.2544923
no_burp_community	4.770758	1.3524061	-2.3665247	6.667808	6.818058	2.4323244
no_burp_syndrome	5.7988257	1.0892795	-2.5313208	6.3086324	8.431625	3.8551886
no_burp_yet	4.3590536	0.7266866	0.49488094	5.4407105	6.196943	3.256366
no_burpee	4.7631516	1.0608855	-1.9269402	5.4444413	6.5430326	2.603219
no_burper	5.3004055	1.2450705	-2.217337	6.9014835	8.213397	3.6957467
no_difference	3.2722042	0.844057	-0.15602951	6.854313	7.7856793	4.001233
no_downside	4.6007643	1.2074497	-1.6388643	5.8744993	6.341149	2.1778827
no_energy	3.253757	0.8727162	-0.6514304	5.827189	7.426439	4.239882
no_experiment_evidence	6.055374	1.1025432	-3.0951662	5.489251	7.406378	2.7680123
no_expert	4.965353	1.0947945	-2.0232258	5.7618284	7.402451	3.117441
no_general_anesthetic	6.6507306	0.64998126	-1.7115458	4.0617337	5.3873787	2.3032937
no_hesitation	4.7014585	1.0773458	-1.8139262	5.6334686	6.543243	2.6648457
no_idea	5.082967	1.1503931	-2.127088	6.144238	7.7952	3.3910027
no_more	4.178136	0.7844994	-0.1971049	6.576546	8.289614	4.7538633
no_proof	5.0577035	0.9653957	-2.2126758	5.343456	7.8229957	3.6359303
no_regret	5.2215714	1.040958	-1.1181555	5.842217	5.642101	2.082877
no_regurgitation	4.5943546	0.78576434	-0.15873992	5.670861	6.509318	3.4350507
no_relief	3.819686	1.0926425	0.63376105	5.7439485	7.144159	2.5043461
no_sedation	6.538243	0.6539894	-1.6841471	4.0909157	5.4658737	2.3722582
no_stranger	4.4283943	1.0328016	-1.6550305	6.227671	7.2662177	3.7057712
no_sugar	1.6882467	0.7200525	-0.8567521	5.116884	7.2009063	5.38893
no_wonder	3.3183265	1.0084157	-0.4771998	6.194948	7.835713	3.544154
no_worry	4.644618	1.350075	-1.8748777	6.238002	6.1761417	1.6759304
nobody_can	4.6628275	1.248068	-2.1346574	6.0958085	7.1145353	2.620161
noburp	5.776005	1.101274	-2.3627334	6.585246	8.706482	4.123979
noburp_condition	5.1740766	0.9572692	-2.0034826	5.574752	8.46482	3.990807
noburp_fam	4.6434884	1.2345566	-2.091	6.1027374	6.6097527	2.374035
noburp_related	5.093467	1.0901282	-2.067769	6.161698	8.207183	3.8249469
noburp_subreddit	5.256798	1.2516439	-2.8369563	5.817583	6.841666	2.2767315
noburp_symptom	5.3212767	0.9708819	-1.7753178	6.70437	8.708918	4.6393495
noburp_wiki	5.863518	1.2467091	-3.3290176	5.6083803	6.711768	2.020923
noburper	5.4034405	1.2205833	-2.2860096	6.80083	8.265074	3.7176242
noburps	4.488482	1.0603657	-1.7847177	5.702102	7.142216	3.2232103
noise	3.1336546	0.9265583	0.36954212	6.4312553	7.8519063	3.0244093
noise_come	3.252775	0.8279521	0.21146688	6.0223017	7.9735656	3.4273925
noise_in_my_throat	3.251429	0.93981194	0.050070222	6.22145	7.7956114	3.163645
nomen	4.420195	0.6568253	-2.073072	4.118261	7.100809	3.8339388
non_alcoholic	1.4126287	0.81687856	-0.7004819	5.4531927	7.036112	5.245549
non_burp	5.1214385	1.075446	-1.887432	6.670294	8.401861	4.2049594
non_burper	4.973882	1.322964	-2.0422995	7.1634417	7.9687567	3.5517895
non_carbonate	1.2593653	0.81249726	-0.6363768	5.5021853	7.024357	5.350823
non_erode	5.6241984	0.86379164	-2.4503932	5.5764465	8.102312	4.045912
non_stop	3.1591344	1.0051538	0.35714263	6.237601	7.5055423	3.7263865
non_surgical	5.505305	1.0861697	-2.5440416	5.240942	6.8765755	2.5355968
nonburper	4.5968027	1.2850977	-2.0484776	6.7432094	7.024585	2.9009154
none_of_those	5.2359753	0.8458971	-2.1095438	5.3145814	8.0226145	3.9245117
nonsense	5.456524	1.0958724	-2.663824	5.5657983	7.5309744	3.0250206
nonstop	3.098047	0.9976015	0.30203316	6.218801	7.541082	3.8795469
nonstop_gurgle	3.7848487	0.82302046	-0.67301494	6.1237755	7.6755795	4.3666487
noodle	1.5159254	0.6074585	-0.2664107	4.9108977	7.157054	5.599459
normal_burper	3.664094	1.0616149	0.71462786	5.6482773	7.5478764	2.5603178
normal_function	5.0669484	0.89941967	-1.8348596	5.0310516	8.4467945	3.7760916
normal_pace	3.5084944	0.92042285	-1.1288004	5.2238436	7.333426	3.8515012
normal_population	5.3939834	1.0368836	-2.260049	5.8429494	8.357859	3.8407907
normal_side_effect	4.6031547	0.80258167	-0.20312555	5.5581956	6.2904615	3.1791928
normal_size	2.178038	0.7461688	-0.46932152	5.060214	7.2413282	4.921333
normal_weight	4.21369	1.190115	-1.7561022	6.7930584	7.6410823	3.9154503
norovirus	3.9641898	1.3663487	-1.0064399	7.1306343	7.9049964	3.642661
northeast	5.4180574	0.99730074	-2.437188	5.113364	6.557948	2.6087184
northwest	6.089171	0.98873156	-3.0419028	5.0228577	6.2937937	2.2628508
nortriptyline	1.9428911	0.8551636	-1.5008678	3.795319	7.8266644	5.4631505
norwegian	5.406057	0.9921665	-2.2705367	5.2193637	6.8303413	2.8385718
nose	5.277309	0.348866	-0.6088777	3.2010016	7.4619412	3.6469452
nose_and_down	5.2533216	0.38927162	-0.6655497	3.2626014	7.4553494	3.6246014
nose_and_throat	6.4476275	0.9832746	-3.3271222	5.1146874	6.6663594	2.3694649
nose_how	3.8786094	1.0716014	-0.053030655	3.7192075	8.787662	2.4337425
nose_scope	5.744542	0.7566891	-2.1968462	4.5072937	6.198121	2.662806
nose_spray	4.7476425	0.53362674	-0.944878	3.8481739	7.251282	3.6986406
nose_throat	6.500893	0.9366515	-3.2865777	5.009037	6.7291636	2.4688077
nostril	5.0719185	0.4009237	-0.53025216	3.3533897	7.5445447	3.690116
not_be_able	4.539115	1.3952141	-1.5726491	7.4176903	7.9566555	3.5939636
not_care	3.403117	1.2724609	-0.5941065	6.6707067	7.5294642	2.6476521
not_diagnose_r	6.5359783	1.019161	-3.3234768	5.260996	7.034403	2.5242727
not_fun	3.6743348	0.93900454	0.10183522	6.5535483	7.8575068	4.2623043
not_get_discourage	4.6100693	1.0741022	-0.5498375	5.7068133	6.128385	2.1331763
not_hesitate	5.665038	1.1777984	-2.7599447	5.509476	6.2930765	1.9225788
not_ideal	2.8099756	0.90942997	-0.6948344	5.678284	7.242816	4.2647257
not_recognize	6.9602165	1.0091677	-3.3060596	4.959872	6.2358975	2.039484
not_uncommon	5.1840105	1.1096442	-2.0132718	6.4519134	8.2672	3.9108615
not_want	3.6121914	1.5749992	-0.31927735	7.2837186	8.191798	3.4002533
nothing_come_out	2.9891396	1.4654447	0.39170334	6.1648602	8.46838	3.1866698
nothing_come_up	3.0227685	1.4245132	0.2594035	6.186458	8.360737	3.2132463
nothing_crazy	4.3272834	0.7713777	0.22205177	5.4837327	6.397563	3.2353725
nothing_major	4.376484	0.7146162	0.22708516	5.50227	6.49191	3.536818
nothing_wrong	7.131388	0.9303279	-3.6334677	5.163744	6.822295	2.3105867
novelty	4.6452084	0.9753051	-0.26243654	5.6144047	6.062112	2.332651
november_2021	4.845856	0.99002844	-2.0109124	5.4998984	6.8118863	3.0777705
now_as_a_adult	3.7625766	1.334699	-0.9430616	6.736866	7.873545	3.5123599
nowhere_to_go	4.0410533	0.72637725	-0.13270849	4.825905	9.303172	4.4629602
np	6.209414	0.9725911	-3.1892164	5.1875267	6.5242047	2.3096168
nsaid	1.946706	0.8292642	-1.3348018	3.8963056	7.751021	5.362656
nsfw	5.1157837	1.2743918	-2.7191048	5.9650545	6.8082666	2.2543447
nu	4.4084797	0.4621176	-2.7094297	3.3067675	6.782384	4.1371894
numb	5.2833247	0.34847823	-0.5672213	3.220535	7.4060144	3.6311457
numb_agent	4.885295	0.48201832	-0.71192783	3.596126	7.4627857	3.6845193
numb_injection	6.097699	0.5907981	-1.2420777	3.92795	6.0462685	2.7999864
numb_spray	5.24709	0.3786917	-0.6168794	3.2747219	7.3770714	3.6212966
numb_spray_up	5.2475724	0.36282414	-0.6008027	3.2449014	7.410485	3.6379776
numb_stuff	5.1700616	0.36450246	-0.617084	3.3662467	7.318318	3.6649973
number_2	4.4760375	0.9656722	-0.76881903	5.540787	6.313392	2.6783202
number_of_people	5.904562	0.99701476	-2.5296488	5.1683726	6.798582	2.6859999
number_of_unit	5.847227	0.859411	-1.4259998	4.9382186	5.815906	2.4167433
numbness	4.2132435	0.58905	-0.54618555	3.9987059	7.708804	3.8894331
numerous_time	5.3866863	1.0473557	-2.566531	5.91159	7.383162	3.2758892
nurse_come	4.877723	0.47145367	-1.1415733	3.3916621	6.934708	3.5462337
nurse_office	3.0602188	0.98352575	-0.96011734	5.7618203	7.214248	3.9707587
nurse_say	4.2808404	0.8451582	-1.836392	4.6784534	7.3790026	3.519087
nutrient_deficiency	5.4172864	0.86211056	-2.2497163	5.467227	8.482874	4.2001104
nux_vomica	5.3331566	0.98591167	-2.6270103	5.066476	6.9554214	2.8456573
nyc_area	5.690069	0.9608176	-2.484615	5.0105143	6.200417	2.4054105
nye	3.1758475	0.93792826	-0.99828625	5.7036676	7.1044583	3.991894
oat	1.7313977	0.6360967	-0.48406482	4.8796167	7.1449733	5.415606
oat_milk	1.7317253	0.71069753	-0.9389716	5.1687317	7.234637	5.4325094
oatmeal	1.5602195	0.59844005	-0.07818881	4.8273044	7.1163087	5.5213447
obese	4.377617	1.1194634	-1.8595262	6.2814894	7.6879416	3.79544
object	3.680569	0.82434344	0.19219	3.8411672	8.906364	3.3859136
obnoxious	3.2687407	1.0957683	-0.013968507	6.2811	7.660401	2.797662
obnoxious_loud	4.1865854	1.1959673	-1.4649816	6.4422555	7.4447117	3.2076578
obscene	3.6165488	0.8758411	-0.71827704	5.4567084	7.7592134	3.8340447
observant	4.865665	1.0487248	-1.844626	5.9642005	7.512766	3.5469627
obstruct	5.24669	0.9109305	-1.8702728	5.3216953	8.664562	4.010169
obstruction	5.3660994	0.8071021	-1.9561342	5.1678658	8.713748	4.238715
occasional	3.7797482	0.8939811	0.26191357	6.53247	8.04153	4.2552476
occasional_heartburn	4.286395	0.80179733	-0.7782302	6.172272	7.9807982	4.5330887
occasional_regurgitation	4.3339567	0.8484006	-0.2935327	5.7716403	7.0127897	3.661642
occasionally	3.5160406	0.9549941	0.42675394	6.41061	7.8170667	3.9186587
occasionally_ill	3.6866148	1.0160406	0.013821757	5.942128	7.3995543	3.1791387
occupational_therapist	5.224278	0.96998733	-2.593345	5.051858	6.8320365	2.818336
occur	3.8762708	0.90826094	0.18706891	6.5406146	8.145429	4.2454524
occurrence	4.2325344	0.9812332	-0.7290754	6.303728	7.55598	3.6176097
ocd	5.0549355	1.1339754	-1.8312947	6.6273036	8.51455	4.0987387
och	4.398351	0.44595602	-2.7380605	3.271311	6.7665305	4.1592417
october_8th	5.7770553	0.8525682	-1.6984133	5.068633	5.2971616	2.0129216
october_super_nervous	5.13105	0.88895595	-1.5859808	5.155857	6.2558026	2.7815056
odd	3.6041732	1.0715975	0.2986309	6.1638727	7.3843174	2.7877676
odd_noise	3.9648204	0.8983489	-1.0705506	5.752637	7.614421	3.756876
odd_occasion	3.6845267	1.2250499	-0.94475234	6.2391734	7.697638	3.3873413
oesophagoscopy	4.6427035	0.80141	-1.9814427	4.599529	7.2086253	3.5185308
off_limit	2.0049279	0.675855	-1.1954241	5.052977	7.400333	5.4777193
offender	2.1205213	0.6877651	-1.114031	5.0508685	7.325697	5.2968187
offer_in_office	5.4819117	0.93994945	-2.307263	5.0235085	6.358175	2.6112416
office	6.782871	0.6153855	-1.6334518	4.127487	5.203429	2.1330433
office_awake	6.446316	0.7041934	-1.7018385	4.2335114	5.5435405	2.3873162
office_injection	6.61157	0.7335453	-1.6852098	4.5175443	5.2472034	2.0190065
office_instead	6.730823	0.615359	-1.677938	4.057906	5.273876	2.2275236
office_procedure	6.7914796	0.6170091	-1.6393466	4.1468306	5.1709094	2.1022263
office_through	6.585212	0.61162466	-1.4624829	3.9994965	5.5333476	2.428362
office_treatment	6.587902	0.78225166	-1.888574	4.6369925	5.3261175	1.9837179
office_version	6.096999	0.8352896	-1.823027	4.690473	5.775237	2.3724935
office_versus	6.6198854	0.68190104	-1.8983952	4.1128464	5.454917	2.3310485
office_visit	6.865096	0.6388808	-2.3893936	4.118465	5.173912	2.0183127
office_while_awake	6.5407195	0.69216245	-1.7448188	4.1641865	5.4682293	2.3420393
official_diagnose	5.7779245	1.1571012	-2.8144841	6.025859	7.4432554	2.8845186
official_name	5.822685	1.1724002	-2.902678	5.9049897	7.5012145	2.808637
often_find_myself	2.9166687	0.8576977	-0.75607055	5.417397	7.441278	4.298213
often_lead	3.9050944	0.9401104	-0.86199415	6.0014076	7.7252436	3.9657593
often_than_average	4.435772	0.803984	-0.77725077	6.355706	8.260409	4.592314
og	4.403216	0.45280755	-2.7287488	3.2867463	6.772715	4.148674
oh_awesome	4.3999357	1.159683	-1.6539884	5.7097836	6.618426	2.4373257
oh_boy	3.95636	1.268511	-1.5160216	6.51766	7.0462365	2.651819
oh_god	3.8404915	1.1926222	-1.3658435	6.188229	7.1006646	2.8809452
oh_man	4.1031165	1.3292352	-1.5580578	6.4646845	6.7517805	2.2202203
oh_my_god	3.458353	1.3075534	-0.7025286	6.752063	7.3795757	2.4396098
oh_my_gosh	4.206732	1.3011322	-1.7084053	6.3853664	6.7747235	2.3435893
oh_no	4.326113	1.3511952	-1.6287075	6.372401	6.4419894	1.9021243
oh_ok	4.3195443	1.2408252	-1.5864183	6.0272865	6.587036	2.2782805
oh_okay	4.3720217	1.248792	-1.6749426	6.019672	6.5209455	2.1922753
oh_shit	3.941673	1.1199874	-1.3666288	5.8064847	7.1022487	3.1057873
ohio	6.6110573	0.9586456	-3.2172499	4.912371	5.9906926	1.9703841
ohip	7.060487	0.7424039	-2.7528756	4.1656814	5.44496	2.0488367
oily	1.6387589	0.63576233	-0.8655009	5.149147	7.27275	5.660452
ok_thank	4.523801	1.3018875	-1.7701739	6.1360083	6.3394723	1.9052486
ok_thanks	4.738493	1.2978498	-2.017479	6.0286984	6.357053	1.890777
old_age	4.950629	1.0673188	-2.0545332	5.623169	7.185829	3.0920925
old_boy	4.45026	1.1857686	-1.8468412	6.5762	7.2143693	3.330604
old_girl	4.360233	1.2075349	-1.708934	6.6861024	7.3166146	3.4946604
old_male	4.5673823	1.2986474	-1.8307148	7.165998	7.342402	3.3722634
old_man	4.554928	1.3225316	-2.1433358	6.597347	6.899282	2.5429957
old_patient	6.2655363	0.7966612	-1.4346092	4.6683826	5.7679286	2.4248433
old_person	5.585624	0.93156713	-2.3470387	4.9757953	6.2844677	2.5577238
old_son	4.5111547	1.3037623	-1.798363	7.10964	7.4339023	3.401297
olive	2.3674026	0.7258196	-1.0697836	4.8527927	7.2743397	4.9424224
olive_garden	2.3921335	0.7769312	-0.9325389	5.055344	7.175339	4.7519355
olive_oil	1.9642929	0.6810718	-0.78045946	4.8936887	7.1749144	5.208077
olly	5.1555977	0.9494627	-2.5062053	5.1477485	7.603782	3.5198352
om	4.4067345	0.45494312	-2.7322047	3.275921	6.7751412	4.1505084
omaha	5.857054	0.98026806	-2.781891	5.059864	6.1112294	2.2424767
omar_mulla	5.9010487	1.0149169	-3.006019	5.0673633	6.3491635	2.3042016
omeprazol	2.0287008	0.78209543	-1.3791355	4.341162	7.658087	5.412753
omeprazole	1.7871586	0.8403987	-1.6909007	3.8294225	7.9518514	5.7533627
omg	3.539761	1.3297688	-0.80850714	6.7813926	7.2742715	2.3124733
omg_same	3.8873527	1.0609835	-1.4354132	5.6073766	7.2359385	3.343978
omg_yes	3.6942103	1.1528229	-1.2675538	6.1343417	7.190998	3.1169758
once_every	3.793124	1.2350478	0.13867523	6.7784333	7.361	3.197931
once_in_my_life	4.122347	1.4138896	-1.2037907	7.2574673	7.7596416	3.3521135
once_or_twice	3.7045481	1.2303879	0.21173833	6.7163153	7.403534	3.1986222
ondansetron	1.9379169	0.81235254	-1.4552112	3.884975	7.7714257	5.4685793
one_dose	6.171292	0.8022195	-1.2501249	4.775187	5.5047	2.2546513
one_injection	6.19775	0.7937537	-1.1690116	4.786848	5.4257803	2.209096
one_of_us	4.669264	1.3398948	-2.225535	6.558362	6.832781	2.4047434
one_point	3.4995408	0.83655506	0.023097651	6.003102	7.9439135	4.444614
one_spot	4.3619623	0.73545927	-0.9754827	4.2499046	8.034133	3.654522
one_stone	5.279606	0.9035029	-2.3923225	4.9299693	6.391997	2.7274468
one_thing	3.885357	1.0583899	0.54991597	4.7985196	8.641995	2.871218
one_to_develop_r	5.6752515	1.1236432	-3.0498803	5.4418	7.3103547	2.7344096
one_who	6.901116	1.0390556	-3.5699723	5.290765	6.617209	2.0771518
onion	1.4990844	0.6432153	-0.70913136	5.1510634	7.3120403	5.775879
onion_and_garlic	1.9969761	0.6875155	-1.0971649	5.0510798	7.3444896	5.404917
onion_garlic	1.757354	0.6459327	-1.0607536	5.0731525	7.3789377	5.6891403
online	6.3912554	1.2116562	-3.5254285	5.649703	6.6575713	1.900438
online_about	4.91057	1.1727823	-2.1441872	6.1947484	7.3840585	3.0022197
only_50_unit	5.931145	0.8320263	-1.2895596	4.912934	5.3974833	2.1466951
only_be_able	3.5722604	1.1019815	0.21838441	6.2350073	7.4781246	3.1640902
only_dry_heave	3.714142	1.2269185	-0.6339041	6.5340157	7.8615255	3.4798787
only_eat_soft	2.0805795	0.6557021	-0.41911352	4.8431864	7.1177063	5.0942335
only_ever	3.7360132	1.2624154	0.056279037	6.7514844	7.5896654	3.209042
only_happen	3.4416645	1.1199676	0.7367708	5.926217	7.7313356	2.8571174
only_last	4.4721084	0.7561039	0.37210426	5.498081	6.1499367	3.155037
only_one	4.8588424	1.4219648	-2.2914767	6.81646	6.853397	2.1115584
only_one_in_my_family	4.622666	1.3086853	-1.9017549	6.7032137	7.7430882	3.294076
only_person	4.8881316	1.4084544	-2.3154929	6.7796307	6.9226904	2.187602
only_recent	4.6934657	1.3121103	-1.8042706	7.3046865	7.764173	3.628769
only_solution	3.9416518	1.2633568	-1.1961426	5.7337947	7.6325736	2.677616
only_way_to_get_rid	3.5147307	0.84398377	-0.5401043	5.4002724	8.014818	4.1161966
onset	4.8292465	0.99534	-1.4571576	6.822611	8.025872	4.3767447
ontario	6.8496027	0.94550717	-3.2645428	4.807364	5.8874273	1.8913065
oomph	3.4650111	0.84630376	-0.3635356	5.1800647	7.747554	3.9271834
ooo	4.4252048	1.2134162	-1.6952665	5.8877025	6.545183	2.2605844
oooh	4.390309	1.1904192	-1.5935462	5.8641267	6.5363493	2.3464072
open_and_close	4.720517	0.757285	-0.39190158	4.2306557	9.491626	3.9067998
open_mouth	3.4537795	0.93517286	0.4102759	4.132934	8.802922	3.1398523
open_my_mouth	3.5093148	0.9177713	0.8309288	4.354571	8.890299	3.1777334
open_my_throat	3.5524206	0.9167719	0.77871984	4.2100143	9.016998	3.1766112
open_proper	4.697816	0.7720256	-0.32731137	4.2234497	9.515313	3.8517199
open_slightly	3.7158425	0.8140039	0.25514504	4.283934	8.821877	3.5397162
open_up	4.2688212	0.84060204	0.3436376	4.174712	9.526718	3.5149076
open_your_mouth	3.5312383	0.86505634	0.47475672	3.895215	8.975502	3.2747447
open_your_throat	3.6477544	0.92159945	0.44790295	4.0760727	9.017146	3.173102
opera	3.9132	0.9884511	-1.1662925	5.1129904	7.486845	3.278344
operate_room	6.6628127	0.60746974	-2.1135845	4.08095	5.228291	2.1432533
operate_room_procedure	6.528097	0.6392688	-1.5498549	4.03529	5.5779634	2.4485424
operate_table	4.8724093	0.4627396	-0.95425856	3.3899872	7.0874	3.5741954
operation	6.6023593	0.7660965	-2.382004	4.652183	5.170848	1.795768
opinion_about	5.147888	1.1620518	-2.3521733	5.757408	7.251457	2.8079073
opioid	2.0665333	0.81042224	-1.2614473	3.92273	7.637544	5.27067
opt	6.957535	0.6352797	-2.1355093	4.005799	5.2505536	2.1229513
optimistic	4.6531177	1.3122176	-1.6063144	6.1931033	6.0478487	1.6513666
orange_juice	1.409504	0.7517093	-0.7158101	5.239288	7.1556816	5.4725404
organ	4.4675574	0.730726	-0.6131872	4.769189	9.331046	4.4597225
organ_distortion	4.4186783	0.73284227	-0.83843714	4.7911625	8.898584	4.314108
organization	5.4677176	1.0954643	-2.8334894	5.286688	7.0880013	2.6712775
orient	4.501686	0.94635665	-1.4292587	5.0885706	8.293075	3.6180072
origin	5.412364	1.1490059	-2.4021811	6.193909	8.305647	3.6314168
original	5.249427	1.0393986	-2.5650542	5.3404746	6.844684	2.778881
original_paper	5.343621	1.2270632	-2.8641286	5.713587	6.8173413	2.2755973
original_post	5.258507	1.3016275	-2.7818408	5.938618	6.5508766	1.9473308
originate_schedule	5.849866	0.83191955	-1.9150431	4.833426	5.4598675	2.1576014
orlando	5.775713	0.9038406	-2.4469764	4.9401464	5.8344545	2.2348046
orourke	5.7714434	0.9733757	-2.6413023	5.089248	6.043904	2.2343967
os	4.418972	0.63468516	-2.1658976	4.0324473	7.059249	3.8786752
osmotic_laxative	2.0443363	0.8573529	-1.1586742	3.7672553	7.754375	5.1344433
osteoporosis	5.2264233	0.95852554	-2.1990383	5.55604	8.383923	4.038669
osu	6.1139135	0.988792	-3.118526	5.05024	6.418629	2.3235195
otc	1.7897714	0.8140035	-1.5720248	3.9660466	7.877538	5.7133636
other_area	4.5992656	0.8124864	-1.260528	4.6416664	8.419	3.8137932
other_complication	5.3194084	0.9787056	-2.1158526	5.972528	8.559042	4.1981616
other_condition	5.795412	1.0078422	-2.2976384	6.070056	8.809631	4.180521
other_country	6.144825	1.0405608	-3.0982919	5.1482396	6.561019	2.3424056
other_digestive	5.1628695	0.9410448	-2.0551653	6.0369663	8.308086	4.2422514
other_disorder	5.552297	0.9238348	-2.404619	5.3381567	8.093635	3.7009041
other_doctor	6.9804125	1.0019468	-3.4715981	5.1070323	6.327693	1.968164
other_end	3.774878	0.7711303	0.42465267	4.7744384	9.162415	4.092601
other_explanation	5.2616324	1.0237831	-2.2890131	5.427309	7.2850475	3.1348298
other_factor	5.357969	1.0224905	-2.2160928	5.7529297	8.537035	3.9363818
other_gi	5.147475	0.97528684	-2.0002005	6.171635	8.283353	4.1824293
other_girl	3.4367788	1.0983554	-0.987328	5.9418273	7.3654246	3.38998
other_health	5.227518	0.9410618	-2.0723145	6.012651	8.459354	4.299812
other_illness	5.272229	0.98848885	-2.2953327	5.8398867	7.9454713	3.7906156
other_issue	5.756605	0.9648808	-2.2826064	6.239664	8.835179	4.426428
other_kid	4.1000113	1.3441571	-1.4272708	6.9671626	7.646067	3.33252
other_medication	2.0816555	0.7976347	-1.4424847	4.3544025	7.677069	5.3799696
other_member	4.9692154	1.0415586	-2.1254635	5.361691	6.5088034	2.5973427
other_method	4.118763	1.1433408	-0.50242287	4.140922	8.476495	2.3587964
other_muscle	4.853942	0.8019117	-0.69538	4.419548	9.439857	3.9155722
other_option	7.1281457	0.81183136	-3.0295205	4.374537	5.604672	1.9477986
other_organ	4.466899	0.73815507	-0.72787684	4.74409	9.20039	4.3875823
other_post	5.4840875	1.4345573	-3.0030894	6.5136046	6.692423	1.7941173
other_problem	5.613296	0.9601675	-2.199214	6.0083694	8.8170185	4.3439455
other_side_effect	4.6541824	0.76187205	-0.20226571	5.595458	6.5213895	3.4799101
other_specialist	6.183035	1.0716832	-3.192487	5.2660975	6.599492	2.2587771
other_symptom	5.3667917	0.9798242	-1.8207095	6.713878	8.733134	4.6276484
other_test	6.9723544	0.8237803	-3.3320067	4.8751903	7.1569877	2.767316
other_thing	5.773707	0.9806924	-2.2688196	6.2001123	8.888471	4.37382
other_type	4.7286925	0.9313297	-2.0636027	4.8953996	7.176762	3.2176163
other_underlying	5.012418	0.92612433	-1.9554356	5.6937304	8.323857	4.1411853
otherwise_fine	3.9581912	0.60509026	0.26150587	4.9938164	7.1063976	4.056936
oto_open	4.97497	0.966755	-2.3296134	5.351379	7.1515718	3.2544997
otolaryngologist	6.2927413	1.0702763	-3.3136137	5.2780824	6.5888376	2.2040339
otolaryngology	6.3090568	1.0065075	-3.2495244	5.1026864	6.5037775	2.2703824
otolaryngology_department	5.8276496	0.91533786	-2.680875	4.854204	6.1063657	2.385546
ou_en_anesthesia_general	4.4419575	0.8542257	-1.8087664	4.798243	7.2377343	3.4787884
our_body	4.5203776	0.83678234	0.03189378	4.3204546	9.598605	3.6791928
our_entire_live	5.0353537	1.1530629	-2.2002475	6.032666	7.8622003	3.3530588
our_esophagus	4.660727	0.761028	-0.2935713	4.337959	9.600888	4.0012093
our_issue	5.997902	1.1428077	-3.1316833	5.5704055	7.320367	2.6398287
our_medical_system	6.897113	0.8633836	-3.0018551	4.4577017	5.7498245	2.044303
our_mind	5.130825	1.1348056	-2.2814608	5.64229	8.076689	3.2416587
our_muscle	4.6061516	0.86813617	-0.73576385	4.4154205	9.099083	3.617518
our_parent	4.6616793	1.3257968	-2.0068688	6.676245	7.618414	3.106413
our_problem	5.93952	1.1316726	-3.0088632	5.6534243	7.6174593	2.882327
our_society	3.4657087	1.2387979	-0.85942477	6.3906984	7.498915	2.9663165
our_stomach	4.101705	0.72135323	-0.10087813	4.8153586	9.360997	4.461322
our_struggle	4.5956016	1.3018814	-2.113278	6.2456183	6.674887	2.2464204
our_symptom	5.3046675	1.0778247	-2.1847327	6.195973	8.299985	3.9023604
our_throat	4.5808587	0.78197527	-0.046995986	4.2497087	9.655993	3.8451064
our_ues	4.7356815	0.8063904	-0.28290743	4.279292	9.645788	3.8058753
our_whole	4.3722787	1.1124961	-1.781212	6.1509686	6.942399	3.1513615
our_whole_live	4.7550545	1.2065611	-2.0566702	6.427091	7.558054	3.243194
out_in_public	3.068467	1.0085695	-0.48799396	5.61547	7.6233716	3.8330104
out_my_mouth	3.6617534	0.79030144	0.24420342	4.8261175	8.674681	3.863101
out_of_breath	3.3356218	0.86441404	0.17143276	6.149851	7.899503	4.3486223
out_of_country	5.87969	0.91933835	-2.4610903	4.863141	6.13655	2.42465
out_of_my_mouth	3.527115	0.86217517	0.12286292	5.1196523	8.382556	3.7808723
out_of_network	7.1258674	0.7932463	-2.9871747	4.34069	5.5461373	1.9456419
out_of_pocket	7.2047634	0.65640867	-2.5823672	3.9959812	5.1440434	1.9315798
out_of_shape	4.5449753	0.78832865	-1.4327801	5.182808	8.179662	4.192939
out_of_state	7.0639715	0.8088388	-2.9636292	4.4680147	5.445401	1.8256146
out_with_friend	2.6062088	0.95929766	-0.60186344	5.8802247	7.2690983	4.2880464
outdoor	3.7434595	0.8062718	-1.2276146	4.457696	7.6285615	3.777461
outing	2.6989455	0.95459706	-0.8176962	5.7957144	7.2018614	4.2606106
outline	5.8333874	1.2175112	-3.2670057	5.5898833	6.695145	2.0705967
outpatient	6.624653	0.6524662	-2.1349874	4.144036	5.3102694	2.1786487
outpatient_procedure	6.6477137	0.6703696	-2.2066145	4.0986924	5.313243	2.2073658
outpatient_surgery	7.0905666	0.5878967	-2.4915876	3.915958	5.093628	2.0562193
outward	3.7336197	0.891754	0.070131764	4.2051864	8.743527	3.2614887
outwards	3.8193521	0.7989137	0.36518523	4.3016725	9.086262	3.6718147
outweigh_any	4.4331503	0.8099638	-0.59527326	6.327493	7.817752	4.2997637
ovarian_cyst	4.690618	0.8530073	-1.7838426	5.1737356	7.7422414	3.8491082
ovary	4.1759524	0.8306548	-1.2684678	5.2131543	7.653783	3.9320772
over_18	5.46929	1.0898402	-2.817476	5.2923756	7.2093034	2.7652557
over_again	5.0979342	1.0512726	-1.0304497	5.9042706	5.747982	2.1188254
over_the_counter	1.7765639	0.80353546	-1.5407981	4.0407057	7.858007	5.7214723
over_the_toilet	2.9689045	1.4522209	0.35563737	6.0669303	8.463497	3.1530302
overall	4.362587	0.74342114	0.2086026	5.7653546	6.6444283	3.6360695
overeat	2.726667	0.8651243	-0.16545214	6.0446124	7.6923275	4.752829
overeating	1.7410508	0.72944695	-0.6760105	5.3483663	7.462484	5.5779276
overgrowth	5.0713634	0.79474336	-1.7463737	5.197258	8.734425	4.3727508
overjoy	4.4801927	1.315127	-1.9941308	6.5902176	6.827888	2.5096166
overlap	5.4012833	1.0476028	-2.3200636	5.9526443	8.184616	3.815498
overload	4.1532807	0.80644184	-1.2528583	4.749603	8.112538	3.9725552
overlook	5.2953024	1.1851686	-2.234226	6.2691503	8.249629	3.564821
overly	3.1045818	0.8184585	-0.18857233	5.9025087	7.7915936	4.724377
overly_concern	4.6481333	1.2317579	-2.0460708	6.215887	7.142311	2.6901567
overly_tight	4.90611	0.78221583	-0.6549151	4.323748	9.481875	3.9037821
overpriced	4.1815996	0.97613394	-1.7634186	5.1149945	7.31133	3.3329792
overreact	4.3847265	1.2157264	-1.8410964	5.939286	7.1614594	2.701001
overshadow	4.388452	1.2623422	-1.6289926	6.235964	6.753048	2.4317687
oversized	3.3941672	0.80566406	-0.7142126	5.5084906	7.7141075	4.1924148
overstate	4.6159477	1.182543	-1.8597665	5.7582064	7.1288424	2.7747855
overthink_it	4.790448	1.1806724	-1.5601761	5.8040547	6.1848426	2.0379467
overweight	4.2175875	1.2238779	-1.7511051	6.893191	7.69512	3.8942082
overwhelm	4.521756	1.375053	-1.8991488	6.478482	6.4912915	1.9228992
p_0	4.5595393	0.7410352	-1.9473959	4.5710115	6.801817	3.5859685
page	6.286122	1.2512693	-3.513082	5.733075	6.7228446	1.9003403
pain	3.9627917	0.80012214	-0.065242924	6.537766	8.502035	4.819787
pain_and_discomfort	4.5032916	1.0788366	-1.348361	6.9318247	8.058631	4.1916957
pain_bloat	4.0618014	0.80496746	-0.17813571	6.636475	8.461516	4.8265624
pain_cramp	3.822113	0.78061926	-0.6194409	5.952078	8.050708	4.559595
pain_discomfort	4.1934457	0.7335559	-0.5265661	5.8577013	8.384504	4.621296
pain_episode	3.912533	0.7063355	-0.42518038	5.438382	8.219046	4.4628887
pain_hiccup	3.928265	0.8228427	-0.01602401	6.6474004	8.400114	4.646058
pain_in_my_chest	3.8525813	0.73181957	0.04831646	5.9050736	8.5066805	4.6413836
pain_killer	1.9030983	0.7753158	-0.94018686	3.9461691	7.5181365	5.2913947
pain_level	4.323191	0.7538083	-0.49653623	5.2539515	6.4658475	3.4852717
pain_medication	1.9180496	0.7724879	-0.99432576	3.9352736	7.5318656	5.316028
pain_subside	3.678411	0.7537846	-1.0213007	4.69437	7.2568727	3.9289043
painkiller	1.9212085	0.7595181	-0.92884	3.9900608	7.479805	5.3026676
painless	6.4450994	0.6283084	-1.7439213	4.1114125	5.340609	2.3572822
palate	3.7881079	0.791857	0.10242984	3.8566735	8.887185	3.4619353
pallet	3.8907804	0.80524105	-0.20601179	3.8867788	8.7070465	3.4334264
palp	4.6892824	1.0097516	-1.6356097	5.7960258	8.164084	3.89133
palpitation	4.2773137	0.80256844	-0.33948806	6.506907	8.561616	4.86057
pam	5.390046	0.95821214	-2.494716	5.08045	7.101885	3.0265858
pancake	1.677084	0.61654276	-0.2438199	4.8696113	7.103737	5.4359283
pancreas	4.644611	0.76442724	-1.4497485	5.032241	8.251028	4.182663
panda	4.4395	0.9786035	-1.4973027	6.2649837	7.723895	3.9765313
panera	2.6698227	0.6878042	-0.23306268	5.1386347	6.826376	4.669127
panic	3.2376845	1.464873	0.1345617	6.705981	8.293336	3.4780262
panic_attack	3.9815078	1.1507089	-0.5695878	6.9462876	8.291951	4.221586
panic_because	3.7159708	1.2839531	-0.9501752	6.5754023	7.7961826	3.5469885
panic_disorder	4.6636095	1.1077584	-1.5452968	6.725643	8.187412	4.1438336
panic_induce	4.1098704	0.8923826	-0.99004877	5.5362124	7.2076735	3.7452009
panicky	3.3498964	0.9396005	0.040613163	6.3964357	7.79646	4.137629
panini	2.2189837	0.75001466	-0.6961279	5.1560264	7.0911	4.8751063
pantoprazole	1.8126597	0.84675306	-1.684828	3.8185194	7.9445796	5.722176
pantoprazole_40mg	4.206327	0.8718641	-1.0942327	5.32331	6.611242	3.344853
paper	6.4808273	1.184513	-3.5262105	5.6082163	6.8349233	2.0594618
paperwork	6.8774137	0.7228878	-2.706519	4.4663553	5.356934	1.8946187
paracetamol	1.8978155	0.76348305	-0.88268983	3.998056	7.4818196	5.2920666
paradox	4.8587894	0.8430581	-1.1538364	4.7385178	9.043356	3.939833
paralyze	4.6904016	0.7827167	-0.079746194	4.162375	9.730522	3.785144
paralyze_muscle	4.428112	0.6698559	-0.16019902	4.2305403	9.041206	4.003371
paranoid	4.252925	1.1713736	-1.0073521	6.044208	6.6159186	2.5684223
parasite	5.520805	0.7951425	-2.3078856	5.2402334	8.335274	4.1671066
parenting	4.610001	1.0584103	-1.9570031	5.608502	7.151795	3.1833901
parking	6.1216063	0.69948435	-2.2376854	4.2330403	5.5331154	2.389657
parkinson	5.0810227	1.0320057	-2.170676	5.6040583	8.019516	3.5962741
parkside	6.644347	0.8198667	-2.7253592	4.689796	5.3749223	1.8318338
parkside_hospital	6.384957	0.81062466	-2.5331507	4.636378	5.401164	1.9772619
part	4.9742208	0.8651665	-0.98565924	4.8614526	9.183402	3.9472249
part_of_my_life	4.664855	1.233048	-2.0027683	6.4445243	7.5825586	3.2448297
partake	2.7898345	0.95448875	-0.9817698	5.8366637	7.2553945	4.3627505
particle	4.236754	0.73150367	-0.9237128	4.753386	8.515301	4.2821465
particular_loud	3.3569233	1.0895386	-0.1825609	6.1313214	7.640966	3.1447165
partly	5.0287127	0.91265684	-1.2775877	5.079042	9.175826	3.9801774
partly_because	4.550712	1.0794142	-1.804906	5.9262896	7.569282	3.439708
partner	4.5629263	1.31765	-2.1611946	6.5868707	6.871423	2.5405366
partway	3.7502587	0.7757668	-0.5511566	4.534282	7.9639077	3.729208
party	2.137816	0.9258033	-0.39361337	5.9545355	7.1950674	4.67951
party_trick	3.5059478	1.1569282	0.2902636	5.620256	7.880022	2.6560874
pass_away	4.6930866	0.9834537	-1.9582416	5.359661	6.503194	2.8543532
pass_down	4.0279336	0.7246876	-0.41434842	4.8263774	9.166484	4.550714
pass_gas	3.868018	0.7348906	0.117609836	5.3488083	9.045365	4.5715995
pass_into	3.9671185	0.7213158	-0.1211356	4.6473637	9.234185	4.3599157
pass_out	3.0438695	1.3714291	0.31187475	6.1434803	8.353364	3.41534
pass_through	3.9836578	0.7378848	0.06561799	4.761387	9.325501	4.317601
passage	4.445722	0.728251	-0.24554956	4.41008	9.411561	4.1232452
passenger	2.9711702	0.954558	-0.4980363	5.0675087	7.663082	3.765781
passer	4.4560604	0.67042446	-2.1528313	4.159363	7.107553	3.8172672
pasta	1.4656855	0.5875501	-0.24891213	4.903064	7.1640644	5.6922097
pastry	2.0314558	0.66286916	-0.6170833	4.856591	7.164627	5.1670446
patch	2.1567235	0.73585314	-1.3435473	3.8467274	7.6089306	5.3990097
patchy	4.413904	0.75753254	-1.8357497	4.5269923	7.2496567	3.6843848
pathetic	3.4793308	1.0275053	-0.29614198	5.9321804	7.6355515	3.0928626
pathologist	5.7764325	1.0524412	-2.998701	5.223367	7.0640717	2.6542234
pathology	5.576799	0.8765317	-2.1573405	5.247746	8.6767	3.9997768
pathophysiology	5.213209	0.9474474	-2.0315564	5.220838	8.437477	3.7287931
pathway	4.744288	0.8340607	-0.6768859	4.27575	9.231147	3.6458426
patient_for_whom	4.9392943	0.84524524	-1.5258552	5.1375813	6.460443	3.1111934
patient_who	6.3396506	0.792443	-1.3584771	4.7199864	5.4668922	2.204003
patient_with_yourself	4.046998	1.1150298	0.027437864	4.9442763	7.69442	2.331014
patronize	5.9949374	1.1440818	-3.200564	5.5659785	6.7018995	2.2246077
pay_3k	6.6714673	0.723129	-2.339589	4.1592603	5.405245	2.227741
pay_600	6.748853	0.6902018	-2.2105372	4.103253	5.3582926	2.212234
pay_700	6.6086025	0.7180582	-2.0517187	4.1501555	5.420714	2.3113625
pay_850	6.421289	0.7610431	-2.0919714	4.3442283	5.3617115	2.2063644
pay_close_attention	3.582374	0.9205649	-0.009660431	4.2712355	8.512026	3.1835594
pay_out_of_pocket	7.220079	0.7118869	-2.7475944	4.1339436	5.266848	1.8981013
pay_the_remainder	6.6259236	0.70487696	-2.226372	4.149205	5.384037	2.2359076
payment	7.160138	0.678269	-2.676988	4.096256	5.256272	1.9428548
pca_muscle	4.8147845	0.5453485	-0.61362916	3.5882611	7.777431	3.5919392
pcp	6.843351	0.98028374	-3.5131745	5.1904993	6.6589384	2.216654
pd	4.6951404	0.8109533	-2.0629652	4.623725	7.3267384	3.5201986
pdf	5.3366594	1.0911043	-2.8784113	5.1965523	6.9067564	2.5236444
pea	2.1122282	0.69789106	-1.0044605	4.797108	7.299677	5.198672
peaceful	4.4896426	1.0792705	-1.919623	5.8954263	7.3332233	3.124323
peach	1.8403295	0.69607496	-0.77273834	5.0418744	7.163207	5.2743077
peak	4.5594697	0.87351	0.32291773	5.555303	6.028681	2.6020484
peak_at_1_2_week	4.6752167	0.89375836	-0.08784581	5.5186048	6.053268	2.5869105
peak_effect	4.5844517	0.8898917	-0.10397762	5.5441594	6.1553154	2.67994
peak_ent	5.7124743	0.9532421	-2.5097852	5.033641	5.980451	2.2529573
peanut_butter	1.4732825	0.62854165	-0.4523259	5.0204525	7.2092814	5.6774364
pectus_excavatum	4.839875	0.9377284	-1.9195396	5.6062875	7.92639	3.841455
peculiar	4.7952175	1.1805668	-2.1386611	5.932062	7.2570467	2.9205189
pediatric	6.343895	0.9984081	-3.2707615	5.143062	6.659242	2.372368
pediatrician	6.804908	0.93120116	-3.4435635	5.1719975	6.8440204	2.4236455
pee	3.2178066	0.9145975	-0.2543702	5.6994343	7.9790587	4.0488667
peer_review	5.8073225	1.1385348	-2.988618	5.5266504	7.271595	2.6613302
pelvic_floor_dysfunction	5.535373	0.94389236	-2.3278172	5.7495155	8.592135	4.1443167
pelvic_floor_issue	5.237718	0.9555806	-1.9951746	5.99244	8.616454	4.3193545
pelvic_floor_muscle	4.710017	0.7769232	-0.8112311	4.5693197	9.223592	4.0794334
pelvic_tilt	4.3134155	0.9033745	-0.60940796	4.135635	8.933692	3.333733
pelvis	4.141685	0.695587	-0.27941516	4.2658396	8.908676	4.0143676
pendant	4.4390335	0.57705694	-2.344093	3.7846296	6.9589777	3.950631
penetration	4.7121024	0.7874155	-1.580547	4.9736686	8.025618	3.9923117
pennsylvania	6.068841	1.0134815	-3.0500681	5.0717998	6.262488	2.1917696
people_around	3.2907941	1.2438127	-0.40657812	6.6205363	7.5742407	2.645619
people_describe	4.8284564	1.0731397	-1.4766303	6.00172	7.536652	3.294937
people_in_this_group	5.069301	1.2394214	-2.5581934	6.0058236	7.1407957	2.6114058
people_report	4.998011	0.98379666	-1.5335301	5.91065	7.2418065	3.4270394
people_with_r_cpd	5.5850163	1.0940474	-2.2820504	6.2647057	8.729139	4.0180855
people_with_rip_d	5.6072016	1.0044916	-2.3318532	5.459008	7.606199	3.3073926
pepcid	1.7766387	0.82566	-1.636617	3.880751	7.913108	5.7463675
pepcid_ac	1.9658103	0.8502778	-1.4206911	3.8639014	7.7871776	5.388482
pepper	1.7216833	0.60795623	-0.8257148	4.997611	7.28057	5.6487055
peppermint	1.7898998	0.7576849	-1.2761492	4.4174223	7.7349944	5.6374006
peppermint_oil	2.0527112	0.75989664	-1.119792	4.4231176	7.6497483	5.3055487
peppermint_oil_capsule	2.0107112	0.8287621	-1.4254122	4.0224195	7.741642	5.3640814
peppermint_tea	1.8225949	0.7597534	-1.077274	4.6340504	7.610043	5.457337
pepto	1.8982676	0.7931804	-1.3686229	4.193837	7.77411	5.530396
perceive	4.8387294	1.1518037	-2.0423036	6.0091004	7.934112	3.41493
percentage	6.191917	0.82679665	-1.4842297	4.7821493	5.7854834	2.3983433
percentage_of_people	5.046418	1.0650977	-2.1647377	5.904661	7.4656243	3.390763
perfect_position	3.4225132	0.9588843	0.41881087	4.0322113	8.7593775	2.9578488
perfect_storm	2.4602463	0.7698087	-1.0731925	5.2146077	7.348561	4.9200883
perform	6.610102	1.0075197	-3.2390924	5.0953417	6.7230096	2.3624456
peristalsis	4.580855	0.7258412	-0.589083	4.565663	9.345782	4.2867007
peristaltic_motion	4.1577277	0.72023946	-0.46303636	4.7455688	9.247496	4.5143547
permanent	5.899558	0.8102338	-0.77930456	5.0016375	5.7938275	2.4484727
permanent_cure	6.1697307	0.7987884	-1.1541874	4.8032136	5.487938	2.23793
permanent_effect	5.9798064	0.83198476	-1.2328552	4.894689	5.7212744	2.3873081
permanent_fix	5.9384527	0.8328989	-1.1607399	4.9150825	5.7585917	2.4090629
permanent_open	4.649111	0.74618524	-0.316914	4.203249	9.439803	3.8965774
permanent_result	6.000889	0.83065635	-1.2256751	4.886607	5.675851	2.3564212
permanent_success	6.0161924	0.8414536	-1.2901531	4.854874	5.6601686	2.3009076
perpendicular	3.4942157	0.7516034	-0.16841982	3.9143937	8.4202385	3.693553
perpetuate	4.7068133	1.1098027	-1.9165666	6.189179	7.7111454	3.4819772
perrier	1.1771396	0.86782044	-0.53144497	5.6249824	6.957349	5.248194
persistent_cough	4.532138	0.74331826	0.00025767396	5.6057653	6.47647	3.5033784
personality	4.956035	1.1997476	-2.2293136	6.07579	7.9867997	3.2668529
perspective	5.659384	1.3181698	-2.918881	5.984304	6.7793407	1.9339191
pertain	4.658567	1.2488766	-2.0520859	6.20989	7.1338587	2.5774746
peso	4.529814	0.78454787	-1.9261144	4.6452374	7.1797094	3.6185741
pester	4.1751027	1.1274207	-1.5397009	5.638758	6.773044	2.7204158
pet	4.952878	0.96159875	-1.977559	5.5264254	7.933721	3.6826868
petit	4.4537125	0.7272284	-2.037669	4.3710256	7.267736	3.8084395
pfd	5.0807223	0.99474365	-2.032163	5.8919835	8.223111	3.9943435
ph_monitor	6.6681294	0.7633867	-3.0777252	4.7139454	7.1390724	2.9668224
ph_test	7.003669	0.7131685	-3.2168384	4.631807	7.2822733	2.990581
pharyngeal	4.720294	0.69963247	-0.7623923	4.196878	8.833977	3.8977714
pharynx	5.164728	0.7505008	-1.5778364	4.7121673	8.694338	4.0817337
phase	4.390155	0.8974585	0.50527036	5.544562	6.321379	2.621818
phase_where	4.38152	1.1222786	-0.9201754	5.9484496	6.430873	2.5176077
phenergan	3.8418481	0.87101984	-1.3214936	5.2071767	7.0021744	3.7275355
phenomenon	5.3299723	1.1652306	-2.4329925	6.1095095	8.13829	3.4343567
phew	4.399691	1.2530073	-1.6828887	6.051561	6.495143	2.1740768
phlegm	3.490132	0.7295012	0.5607294	5.250174	7.9508777	4.291669
phlegm_stuck	3.9874814	0.56955075	0.49128702	5.025334	7.0037255	4.0821137
phobia	3.8065588	1.5577172	-0.64053106	7.3211803	8.248786	3.465903
phobia_of_throw_up	4.2175665	1.3109107	-1.4217186	6.932794	7.721689	3.5133727
phobia_of_vomit	4.0289855	1.4170462	-1.0487877	7.1561494	8.019224	3.5561152
phone_appointment	6.3250766	0.86536294	-2.6577775	4.9299393	5.448402	1.8269435
phone_call	6.631045	0.8430191	-2.7500916	4.8548946	5.3777328	1.746605
phoniatrics	6.1899385	1.0643752	-3.2441258	5.1381564	6.4937954	2.2001188
phoniatrie	6.2931466	0.85742533	-2.6897638	4.7708054	5.631553	2.0393455
photophobia	4.3000717	1.3094047	-1.3781303	6.6887264	8.075192	3.5457983
phrase	5.639867	1.2828158	-3.1578615	5.845214	6.810846	2.0778809
physical_and_mental_health	4.65229	1.0681682	-1.9768457	6.2589183	7.480232	3.7143054
physical_cannot	3.75274	1.2428666	-0.8625229	6.152746	7.7030735	3.0159187
physical_condition	4.747483	1.1477265	-2.0429833	6.0264173	7.7603307	3.388074
physical_discomfort	4.565488	1.1155758	-1.6163397	6.267254	8.11951	3.8627453
physical_health	5.0673614	1.0088053	-1.8969567	5.729164	7.554737	3.5354233
physical_manipulate	3.9046474	0.8355781	-0.15166758	3.94274	8.85084	3.3954506
physical_symptom	4.934134	1.0395252	-1.6742065	6.47497	8.478163	4.289951
physical_thing	4.8432574	1.0937884	-1.8236961	5.6090474	8.334013	3.509397
physician	6.669187	1.1230935	-3.5275245	5.420481	6.697801	2.0577993
physio	4.0136256	1.0576538	-0.30470687	3.8960826	8.726598	2.5871642
physiological	5.266945	1.0334278	-1.7603145	5.6628237	9.015034	3.9424021
physiotherapist	4.151537	1.1047754	-0.51433	4.010713	8.564944	2.4359598
physiotherapy	4.182085	1.1282738	-0.5501478	4.1238527	8.500697	2.3951807
picture	5.9919662	1.2109258	-3.3570104	5.5365353	6.8523517	2.0824401
pie	2.0502555	0.6754031	-0.7808025	4.895591	7.1950088	5.184319
piece_of_food	2.9357772	0.72199774	0.09836568	4.918744	7.6028233	4.4185405
piece_together	4.2253637	1.1762216	-2.0006049	5.9186635	7.1384754	2.9330168
pierce	4.8368	0.5089185	-1.2206074	3.6191287	7.1465945	3.6553435
pilaris	4.022774	0.96186465	-1.4695573	5.3192153	7.2995753	3.407031
pill	1.7116631	0.72202796	-0.5800271	4.3983774	7.4217567	5.404933
pill_stuck	3.941474	0.587887	0.44583297	5.0412374	7.099063	4.094619
pillow	2.320174	0.7457215	0.26355442	3.9328573	8.32922	4.36284
pillow_of_air	3.5357983	0.6749991	0.064431615	5.0225596	7.200935	4.15005
pillow_under	3.247677	0.79096115	0.06439294	3.8141806	8.571622	3.628737
pin_post	5.8870387	1.2280513	-3.3195543	5.5883427	6.6852536	2.024477
pinch	3.962665	0.673885	0.26570365	4.2259245	9.039323	4.000541
pineapple	2.1926565	0.7658517	-0.9878977	5.018116	7.2114515	4.9476366
pinpoint	3.9489787	1.3708017	-1.3813832	6.2692356	7.750715	2.9345708
pioneer	6.3388014	1.0456425	-3.1660252	5.143023	6.6806803	2.3672519
pitch	3.7522385	0.7724072	-0.09943509	5.044594	7.3173733	3.626864
pitman_in_nyc	6.121419	0.8702234	-2.441235	4.8972898	5.4400496	1.9320525
pittman	6.3013573	0.8469545	-2.6561852	4.751375	5.528484	1.984042
placebo	5.504463	1.0512366	-2.7011917	5.2903986	7.333174	2.9201849
placement	6.581319	0.6032821	-1.3535341	3.9364936	5.660305	2.512964
plague	4.717074	1.1557591	-1.8287196	6.7273993	7.6299076	3.7037735
plague_by	4.4215693	1.2140639	-1.7934321	6.7811446	7.3410177	3.4369373
plank	3.5647998	0.9199313	0.009687276	3.538929	8.7526865	2.9878142
plant_base	1.838437	0.6492118	-1.1284586	5.0470324	7.40018	5.6454263
plastic	4.692265	0.50581056	-0.8458631	3.5379517	7.367608	3.658812
plateau	4.466065	0.9797395	-0.023003284	5.576126	6.276209	2.4054024
plausible	5.3576784	1.0741718	-2.1005735	5.8025146	8.68963	3.8117938
play_a_role	5.391459	1.081879	-2.0495224	6.2189145	8.80068	4.0820312
play_into	5.1472435	1.1013433	-2.0774446	6.1786804	8.384839	3.881046
play_sport	2.8745039	0.97114694	-0.8949497	5.7314663	7.262144	4.114702
player	4.1864314	0.8955408	-1.6736718	5.056257	7.302061	3.54591
please_keep	4.849948	1.3881451	-2.034517	6.2573295	6.0151424	1.4187951
please_keep_us_post	4.835111	1.3043314	-2.026417	6.077011	6.1177588	1.6941178
please_keep_us_update	4.8111143	1.2935408	-1.9954102	6.06263	6.0923486	1.7045547
pleasure	4.4784727	1.2304956	-1.8515261	5.967287	6.6309304	2.327483
plenty_of_microburp	4.4051943	0.8945169	0.17198296	5.609798	6.2339416	2.7149954
plight	5.144771	1.0959264	-2.363137	5.43207	7.0685105	2.7628474
plug	3.6225207	0.74131095	0.1883289	4.341062	8.690411	3.907501
plus_side	4.2187657	0.96428895	-0.10185508	5.5925145	6.575526	2.679467
pneumonia	5.3237853	0.9310741	-2.0051963	5.8440633	8.690046	4.314643
pocket_of_air	3.7444048	0.76653194	0.49158338	4.6456795	9.036126	3.9249973
podcast_about	5.717288	1.1601845	-2.9970074	5.8052835	6.7192364	2.3005443
point_of_view	5.3880525	1.237461	-2.7964132	5.73755	7.091962	2.3797877
point_towards	5.16141	0.9930456	-2.0969372	5.7772264	8.2554455	3.9371774
poison	4.9290714	1.1113306	-1.9816127	5.7024846	8.391274	3.5710788
police	4.117943	0.9800747	-1.7797117	5.1725235	7.14979	3.1792693
policy	7.160508	0.7562283	-2.9025452	4.2270947	5.460644	1.9622515
politics	4.989107	1.1085807	-2.1462555	5.4747887	7.169792	2.8201191
ponder	4.521983	1.233484	-2.0007944	6.071981	6.736137	2.4528887
poo	3.663686	0.80314434	-0.8516147	5.0218387	7.861074	3.9815676
pooch	4.4417753	0.72413796	-1.9951087	4.3835516	7.274085	3.7913013
pool	2.996207	0.8154293	0.4741352	4.4416637	8.553188	3.9910817
poop	3.9435015	0.7208978	0.039102126	5.2094836	9.1702585	4.6186347
poor	5.270648	1.0921228	-2.088284	6.333955	8.558706	4.0489993
poor_baby	4.2136073	1.2831186	-1.6077515	6.261732	6.746326	2.3208976
poor_diet	4.662384	1.0691895	-1.7261758	5.8009834	7.7904015	3.5402575
poor_digestion	4.713783	0.83375436	-1.4968057	5.304521	8.642274	4.3396254
poor_posture	4.8164964	0.8653371	-1.3645918	4.8235984	8.803887	3.8938153
poor_thing	4.0360646	1.2982931	-1.5227561	6.386449	6.841753	2.3663447
poor_tongue_posture	4.8540244	0.8503173	-1.2838985	4.720482	8.873882	3.870132
poor_understand	5.3619967	1.1618402	-2.243684	6.265215	8.458571	3.7135925
pop	3.5929613	0.8235089	0.71558565	4.707777	8.852212	3.6680608
pop_blood_vessel	3.6417968	0.78795177	-0.01428679	4.706382	8.516349	3.8677752
pop_in_my_throat	3.4797485	0.9851413	0.35702384	5.606536	7.6899605	2.976331
pop_out	3.5021129	0.9689871	0.64641356	5.2208886	8.135246	3.029235
popsicle	1.6336446	0.60719556	-0.09673627	4.808707	7.100169	5.460851
pork	1.9675725	0.67079264	-0.76665527	4.916568	7.1788015	5.2370234
porridge	1.5264835	0.5888343	-0.15561466	4.8446364	7.105901	5.5874014
portable	2.1714654	0.7517896	-0.95768183	4.74877	7.3387723	5.0407753
portal	6.436231	0.9426197	-3.1452863	4.916523	6.166587	2.086823
portion_size	1.9638709	0.64386266	-1.0830942	5.0661025	7.309275	5.4754786
portland	6.650758	0.9321924	-3.1484168	4.840456	5.8249726	1.9109282
portland_oregon	4.7431593	1.2822909	-2.0730739	6.069885	6.393765	1.9976124
portrait	4.4373426	0.61345947	-2.2114577	3.9381404	7.0342207	3.8980954
pose_in_yoga	3.5465693	0.82069653	-0.30951455	3.9149954	8.471963	3.5107753
posit	4.600931	0.9349875	-1.60838	4.9118934	8.262608	3.5724506
position	3.5820715	0.9278854	0.7543894	3.940587	9.085029	3.0326436
position_myself	3.4469576	0.93068475	0.4529781	3.9711473	8.834253	3.0385745
position_yourself	3.8961606	1.0684553	0.08707963	4.622377	8.205748	2.5734918
positive	4.8742642	1.422237	-2.1414297	6.47748	6.2097874	1.5210099
positive_experience	4.8700423	1.3251355	-2.0482285	6.150604	6.1295257	1.6767765
positive_impact	4.501272	1.0762111	-1.8341409	5.9045453	7.6335683	3.642483
positive_or_negative	5.072604	1.0572151	-1.984395	5.614465	6.835389	2.8635907
positive_outcome	5.3383913	0.9531261	-1.6714078	5.246052	6.1048775	2.4887369
positive_result	5.048348	1.133755	-2.207311	5.6301656	6.560989	2.4248188
positivity	4.556663	1.2959946	-2.008215	6.0612555	6.518506	2.0515385
possess	3.1725514	1.1217037	-0.1991927	5.9621387	7.740414	2.8103583
possibility	5.6194606	1.0625331	-2.4746826	5.62195	8.174556	3.4902773
possible_lead	5.4344683	1.0768237	-2.6809816	5.3403025	7.3089647	2.8973408
possible_side_effect	5.8105574	0.83526284	-1.4516151	4.980587	5.9292245	2.5527353
possible_solution	4.758658	1.2632543	-2.1939578	6.034023	7.040105	2.4846146
post_above	4.9644656	1.2904707	-2.3471062	6.022169	6.340272	1.8977216
post_and_comment	5.263415	1.3058665	-2.854923	5.873192	6.867759	2.1202178
post_botox	4.528549	0.8151538	0.43060908	5.5908747	6.0649557	2.8553877
post_botox_diary	5.1208773	1.2951797	-2.6291919	5.9033384	6.648851	2.046587
post_botox_journey	4.686032	1.2917316	-1.8143439	6.1003695	6.1812487	1.792017
post_botox_update	4.613866	0.9324785	-0.34763202	5.6175575	6.0536613	2.5412989
post_covid	4.9942756	0.9044437	-1.8988748	5.636215	8.47227	4.264973
post_in_this_subreddit	5.203441	1.2364478	-2.7017431	5.785928	6.7562127	2.2628217
post_injection	4.566149	0.88184106	-0.006047522	5.5879397	6.055401	2.6769245
post_meal	4.157676	0.76830155	-0.6814785	6.040067	8.087072	4.5683928
post_nasal_drip	4.224158	0.792076	-0.26127592	6.3638716	8.442986	4.793643
post_op	4.489782	0.78943956	0.4429601	5.5427284	6.0755115	2.9821658
post_partum	4.458667	1.2071071	-1.5859987	6.2212305	6.672561	2.6019917
post_procedure	4.4848332	0.80472827	0.4386038	5.5613575	6.0722246	2.911642
post_surgery	4.4803057	0.7811126	0.43559974	5.5405684	6.0864162	3.0095954
post_update	4.851318	1.3705446	-2.0394232	6.2219296	6.008227	1.4460145
posterior	4.430595	0.72999436	-1.0729456	4.3316693	8.12788	3.768642
postnasal_drip	4.0600033	0.7132284	-0.055956017	5.754292	8.073467	4.5797477
postnatal_drip	4.8938923	0.85182494	-1.5042957	5.240828	8.631765	4.154551
postoperative	4.598305	0.87967575	-0.7995497	5.9058504	6.812072	3.5219147
postpartum	4.461621	1.0060277	-1.2838604	6.159531	7.0168943	3.4728162
postural	4.099941	0.99028504	-0.36881894	3.9948907	8.819446	2.9084897
posture	3.941249	0.9681241	0.21392055	3.857256	9.116865	2.8985662
pot	5.717401	1.0002563	-2.3202949	6.268953	8.766023	4.3155475
pot_as_well	4.8842497	1.0021094	-2.1038532	5.7538486	7.8589873	3.7651932
potato	1.474099	0.58784163	-0.25080788	4.9040737	7.168707	5.689657
potato_chip	2.8451047	0.72552913	-0.54422736	4.950669	7.2142425	4.5148387
potential	5.660002	0.998345	-2.1612606	5.947256	8.911198	4.165981
potential_cause	5.229163	0.93239886	-1.9255497	5.5855594	8.773844	4.189913
potential_complication	5.119828	0.95377624	-1.6606743	5.3336606	6.482109	2.8188956
potential_side_effect	5.744539	0.8469021	-1.367155	5.05755	6.023839	2.6213539
pour_out	3.0627217	0.7670514	0.47931564	5.011165	8.091839	4.2962394
powder	1.5257119	0.6826522	-0.7404669	4.9050026	7.283625	5.608263
power_eructate	4.4432316	0.7132276	-1.9788381	4.3668704	7.310673	3.834343
ppi	1.8081176	0.84944195	-1.7049853	3.8028858	7.954621	5.7357593
ppi_medication	1.8758351	0.8826309	-1.5976517	3.798613	7.9065566	5.5759687
ppi_use	5.27515	0.9767453	-1.9767376	5.45541	7.2449965	3.2829735
ppis	1.7820677	0.8401167	-1.7000737	3.8094969	7.9503584	5.758542
ppis_for_35	5.1658273	0.8672176	-1.8596741	5.965572	7.460298	3.9933093
ppo	7.0638523	0.7661979	-2.8508193	4.2295656	5.4962587	2.0263221
practice	3.944221	1.0904318	0.59575576	4.8719144	7.9296227	2.355332
practice_a_lot	3.934031	1.0905974	0.57371694	4.962137	7.736592	2.3206072
practice_enough	6.0296216	0.8125347	-1.1559926	4.9113226	5.2423325	2.0424984
practice_with_fizzy_water	4.718607	0.95451915	0.0018942243	5.5234523	5.9907207	2.2765155
practise	3.9355197	1.0946076	0.57938284	4.88735	7.86115	2.3246152
practitioner	6.351983	1.1341757	-3.4045296	5.3208017	6.5044985	2.0302038
pre_auth	6.779979	0.7226344	-2.480582	4.1483045	5.440996	2.1841562
pre_botox_symptom	4.084097	0.99710375	-0.73158216	5.925893	7.0910964	3.192515
pre_exist_condition	7.191944	0.77659243	-2.971958	4.2724524	5.504656	1.9398025
pre_op	6.436485	0.6066453	-2.2234964	4.2308	5.1518927	2.0715418
pre_op_appointment	6.0651937	0.71306	-2.179225	4.392966	5.4038615	2.2581115
pre_op_room	4.9393473	0.44450513	-1.1296115	3.3468828	6.885439	3.5296528
pre_operative	5.7057695	0.8455305	-2.4428792	4.7459064	6.1187296	2.5311377
pre_pregnancy	4.268415	1.1039995	-1.5822086	6.3752565	7.220563	3.5087478
pre_test	6.327104	0.7085409	-2.0346806	4.2699666	5.4213347	2.3026583
pre_vomit	4.180767	1.2838115	-1.2278259	6.3767734	7.540369	2.8492436
precision	6.561164	0.656897	-1.4638537	4.113482	5.560687	2.4172187
precursor	4.5631523	1.2668031	-1.4541569	6.608429	8.034654	3.4411898
predate	4.9533834	0.9689914	-2.0357392	5.727927	7.6297927	3.6508706
predominantly	4.6943107	1.0520755	-1.8743489	6.188437	7.954667	3.9138784
pregnancy	4.2268276	1.1346105	-0.9136401	7.0022964	8.171349	4.216824
pregnancy_test	4.963661	0.4396237	-1.1375328	3.3374302	6.8415594	3.5121994
preliminary	5.797346	0.91188526	-2.6018746	4.8762197	6.053981	2.3649466
preliminary_test	6.2277265	0.85922533	-2.663087	4.795034	5.979067	2.2723541
premier	4.143448	0.85775036	-1.7168634	4.6255207	7.315445	3.531622
preop	6.047161	0.7050794	-2.1720183	4.353338	5.44228	2.3228564
prepare	6.6797223	0.54840416	-1.6962602	4.023514	5.2414484	2.2408328
prepare_room	4.9414268	0.4455947	-1.145414	3.347824	6.8816257	3.5256364
prescribe	1.7737676	0.84619766	-1.7263395	3.8026438	7.9659615	5.772873
prescription	1.7912595	0.8390818	-1.6786497	3.829945	7.9322944	5.7423096
prescription_medication	3.9776132	0.89793485	-1.7431691	5.1679387	7.7132916	4.2202873
present	5.973858	0.9896073	-2.5923378	6.0834885	8.4735155	4.0033603
press	3.730418	0.79397523	0.57534444	4.016683	9.240212	3.5980241
press_against	4.1511426	0.68852025	-0.11664109	4.207323	9.061395	4.018608
press_on_my_stomach	3.5750623	0.8416068	-0.258615	4.7451124	8.252942	3.7071633
pressure	3.915443	0.7177534	0.2963179	5.085397	9.134847	4.437775
pressure_build_up	3.8629005	0.76107764	0.34261915	4.731506	9.190731	4.079728
pressure_buildup	3.4445105	0.8997941	-0.36746755	5.282128	7.87391	3.8047848
pressure_in_chest	4.0958447	0.75985044	-0.5207256	6.0127106	8.0768	4.510535
pressure_in_my_chest	3.7421663	0.7729128	0.12570854	6.040347	8.503687	4.594562
pressure_in_my_stomach	3.7253168	0.7704402	0.037211727	5.504483	8.523002	4.3392153
pressure_in_my_throat	3.5090816	0.822397	0.23758715	5.948612	8.292553	4.4104376
pressure_inside	4.08898	0.7146965	0.00046594653	4.573431	9.248264	4.2231407
pressure_on_my_chest	3.7901611	0.704374	-0.08461413	4.7705693	8.530452	4.1212754
pressurize	4.0850306	0.72198206	-0.08388126	4.6578217	9.3096	4.325566
pretty_bad	4.19379	0.805633	-0.16787785	6.480167	7.9628115	4.5841794
pretty_clear	5.2789145	0.8336081	-1.8318967	4.998018	8.643096	4.0045958
pretty_common	5.2902637	1.1187048	-2.0347853	6.4437313	8.267367	3.8091204
pretty_confident	4.839032	1.1299967	-2.0330894	5.7945914	7.2077374	2.8618355
pretty_convince	5.1216955	1.0148283	-2.1698787	6.0662727	7.8633785	3.7951047
pretty_debilitate	4.552905	1.0075957	-1.6283824	5.79668	7.1450057	3.394358
pretty_frequently	3.7705717	0.93350244	-0.34491757	6.0929494	7.471185	3.7059119
pretty_funny	3.477533	1.2212802	-0.72850686	6.4323106	7.4226637	2.629347
pretty_grim	4.096586	1.1330314	-1.1677233	5.997235	7.1514134	3.031996
pretty_gross	4.0681133	1.0481799	-0.04363327	5.5727754	6.8947816	2.4841068
pretty_intense	4.514799	0.7743583	-0.055116087	5.6730566	6.5206237	3.459363
pretty_loud	3.5976052	1.0356419	0.10450365	5.804979	7.470298	2.8398027
pretty_mild	4.584052	0.8088211	-0.20467533	5.7228227	6.492181	3.3758476
pretty_much_go_away	4.527633	0.77345943	-0.13061734	5.566144	6.430804	3.3806958
pretty_nervous	5.821631	0.8318671	-1.8951966	4.9668703	5.3348174	2.0262203
pretty_normal	4.1050673	0.83518696	0.28658396	5.6162696	6.7226887	3.2002287
pretty_obvious	4.7638984	1.2318255	-2.1689396	6.0387945	7.0938272	2.6366184
pretty_often	3.443095	0.949994	0.059242167	6.0173593	7.5873814	3.7488792
pretty_quiet	3.6569595	1.0631688	0.33066386	5.785646	7.3948965	2.70335
pretty_rare	4.6760535	0.9359814	-0.57754135	5.9401655	6.817335	3.265311
pretty_regular	3.8641298	0.9444925	-0.21988545	6.130607	7.3819776	3.5410154
pretty_scared	4.982224	0.9801815	-1.393524	5.5228367	6.4537544	2.7910795
pretty_severe	4.7002387	0.95146316	-1.1626122	6.6522183	8.148547	4.4228463
pretty_significant	4.799696	0.8587066	-0.81525916	6.050058	6.9162035	3.6865435
pretty_skinny	4.374598	1.1062566	-1.787968	6.331682	7.7125373	3.8326068
pretty_sore	4.071738	0.54610854	0.56162596	5.0194025	6.8195896	4.056019
pretty_thin	3.5528092	0.91281956	-0.83989334	5.6565776	7.6062474	3.9452775
pretty_typical	5.133246	1.0857354	-2.0150423	6.187671	7.722019	3.471907
pretty_uncomfortable	4.0527134	0.61201674	0.36853987	5.2023854	6.793703	3.9792266
pretty_violent	3.8630147	1.3895273	-0.89681476	6.8640776	7.9802566	3.392976
pretty_weak	3.9879496	0.8887781	-0.5715532	5.3366957	7.2227917	3.328309
pretty_weird	4.545608	1.0515732	-1.8014448	5.4978538	7.3185215	3.1797037
prevalence	5.2785363	1.0830958	-2.2238107	5.952712	8.180098	3.687364
prevent	4.413956	0.8607286	0.011427621	4.5529456	9.455672	3.7806833
prevent_myself	3.768758	1.3216412	-0.9012801	6.5338173	7.9405947	3.4076147
prevent_us	4.8249426	0.8959735	-1.2288094	4.8342347	8.949766	3.8110728
previous_meal	3.4782035	1.0041214	-0.056659117	5.866204	7.6720605	3.4846466
previous_thread	5.0413756	1.1649592	-2.4171197	5.6081367	6.4570084	2.2242117
price	7.220797	0.6763869	-2.6245496	4.018791	5.2041655	1.9448503
price_difference	6.7589746	0.69102293	-2.1679409	4.0864806	5.396596	2.2419734
pricing	7.081852	0.78359663	-2.9384234	4.2917976	5.543532	1.9937795
prilosec	1.8407681	0.8684137	-1.6714481	3.8161159	7.9132023	5.6984596
primary	5.7343016	0.93958044	-2.275652	5.5865517	8.757277	4.0289564
primary_care	6.5788083	0.97552586	-3.370869	5.0866485	6.5327415	2.260082
primary_care_doctor	6.5487347	0.93411297	-3.3341346	5.1101193	6.7344756	2.4309025
primary_symptom	4.8962255	0.9890831	-1.9707416	5.981301	7.998775	3.9334722
princess	3.7724671	0.988764	-1.4606508	5.181186	7.23647	3.1682389
principle	5.2973285	1.0287907	-1.9877758	5.011516	6.8869967	2.5861712
print	6.5384154	1.1344433	-3.5425708	5.454585	6.5963254	1.9585507
print_off	6.4790893	1.1238959	-3.5483246	5.4339724	6.582589	1.9476094
print_out	6.5820584	1.0970846	-3.521333	5.3670096	6.551096	1.9897949
print_this	5.5049677	1.1377448	-2.8132842	5.4175987	6.5101466	2.1947117
prior_authorization	7.175217	0.72047496	-2.8572063	4.190406	5.3830423	1.945075
prior_to_botox	4.608214	0.90110403	-1.2053918	6.4854565	8.350726	4.747373
prior_to_surgery	5.7311997	0.82016957	-2.3422558	4.6511736	5.99337	2.5078547
privacy	3.6486964	0.9776554	-1.0880759	4.9859576	7.547035	3.4198105
private	7.108925	0.8726473	-3.1653163	4.5629673	5.6842675	1.8625021
private_health	7.123168	0.7699609	-2.9081588	4.232302	5.4918056	1.9942632
private_health_care	5.8211336	0.88787836	-2.2154782	4.863709	5.9917927	2.419976
private_health_insurance	7.0884356	0.77623564	-2.905684	4.252617	5.5216804	2.0078402
private_healthcare	6.884998	0.80760926	-2.800059	4.3174095	5.647138	2.119804
private_hospital	6.6793523	0.7777011	-2.6863012	4.4048786	5.5226045	2.0705159
private_option	6.40293	0.7769442	-2.2032354	4.3931646	5.579657	2.2774363
privileged	4.3236995	1.1766809	-1.5264792	6.0725374	6.867606	2.632992
prize	4.407946	0.8575122	-1.8172204	4.7717524	7.16434	3.4018621
probable	5.056524	1.053903	-2.011765	5.944084	8.310048	3.888954
probably_why	4.48126	1.2022034	-1.7545576	6.1635876	7.732124	3.2371507
probe	5.232369	0.39596814	-0.62015986	3.2612488	7.4492025	3.649316
probiotic	1.8847467	0.79967356	-1.1399952	4.0611525	7.665061	5.370208
probiotics	1.8065462	0.7851747	-1.407946	4.192092	7.787017	5.649798
problem	5.7510724	1.0704956	-2.3207417	6.497596	8.721236	4.1823387
procedure	6.675824	0.7295022	-1.8988575	4.6418605	5.001858	1.755032
procedure_a_few	4.301618	0.90516967	-0.3757864	5.534289	6.202149	2.8457077
procedure_code	7.0462008	0.825491	-3.0895174	4.479671	5.732335	1.9822981
procedure_cost	6.4774947	0.71162605	-2.2795439	4.205095	5.404552	2.260354
procedure_itself	6.712529	0.6156107	-1.9801319	4.1665745	5.1503305	2.066041
procedure_schedule	6.308685	0.8319846	-2.283053	4.9343324	5.1267166	1.7241675
procedure_tomorrow	6.1928205	0.8336956	-2.2357464	4.922812	5.180882	1.7989209
procedure_under_ga	5.749145	0.8919288	-2.4603243	4.853606	5.955584	2.3551967
procedure_under_general	6.64586	0.6687573	-1.771751	4.103785	5.3892307	2.2949636
process_food	1.6610091	0.64687186	-0.9779052	5.0448666	7.4143305	5.768146
produce_a_lot	3.7638001	0.74227196	-0.30114403	5.267498	8.96658	4.7469354
produce_gas	3.7272582	0.70527023	-0.6743929	4.9693074	9.066821	5.024394
produce_more_gas	3.5945606	0.72293836	-0.7915646	5.068031	8.81834	5.0399528
produce_more_saliva	3.6291473	0.7801723	0.11004126	5.8677974	8.061748	4.3711095
producer	4.471896	0.7134492	-1.9626851	4.398455	7.3654404	3.859342
product	1.7495244	0.6949255	-1.1729364	4.7181344	7.610174	5.732328
production	4.40291	0.7292158	-0.71471906	4.8278866	9.235892	4.5363374
professional	6.5436835	1.1778926	-3.4961102	5.5962257	6.933369	2.156522
professional_life	4.12058	1.0294197	-1.6400486	5.6279516	6.9757094	3.291677
professor	6.6125693	0.9720406	-3.3013737	5.022583	6.1576266	1.9947373
professor_novakovic	5.7166314	0.9750914	-2.4187644	5.1492376	5.8377457	2.1269665
profound_slow_swallow	4.7173104	0.80727804	-0.36540735	5.7179594	6.5591674	3.4336135
profuse	3.636053	0.94035137	-0.7799836	5.5782166	7.6712747	3.735319
progress_get_worse	4.6717725	1.054872	-1.5965983	6.8350477	7.407155	3.9435883
progress_worse	4.4676847	0.9934161	-1.1328895	6.9109225	7.831843	4.320185
projectile	3.034348	1.367667	0.15580814	6.1630454	8.217622	3.1036785
prolific	4.1381416	1.1842923	-1.516671	6.5598946	7.2477884	3.3016222
prom	3.626521	1.1357294	-1.2877342	6.432503	7.224793	3.4893808
promise	4.775776	1.3182101	-1.5499194	6.248758	5.930678	1.5677539
promote	3.7394767	0.9225316	-0.5889694	3.9647665	8.703269	3.3984578
prone	4.374014	1.0642596	-1.0339439	6.641797	8.287127	4.222491
prop_myself_up	2.2458339	0.73933333	0.20837058	3.9712138	8.2508545	4.445757
prop_up	2.3343725	0.7468296	0.24815771	3.9252865	8.3317995	4.3495903
prop_yourself_up	2.2430625	0.7394509	0.082411066	4.008869	8.184757	4.5101953
proper_burp	3.7920516	1.0715921	0.96736896	5.69988	7.184371	2.3654408
proper_digest	3.9154851	0.7256515	-0.6886242	4.8410654	8.944975	4.632521
proper_posture	3.8021142	0.9414793	-0.43100327	3.909881	8.700769	3.151245
property	4.505265	0.7807997	-1.2970151	5.082349	8.461875	4.292439
propofol	6.7016826	0.5877389	-1.6729811	3.9884596	5.3333607	2.2863898
propose	6.0320115	1.0036129	-3.1060839	5.0066915	6.698557	2.492446
propranolol	1.9808602	0.87872225	-1.4061785	3.7816029	7.7790065	5.344834
protect_mechanism	5.137756	0.8777057	-1.6753296	5.3416753	8.803981	4.18643
protein	1.46031	0.6157282	-0.605801	5.039625	7.2903805	5.823118
protein_drink	1.597233	0.6202876	-0.08650673	4.780435	7.136891	5.4370737
protein_shake	1.5277147	0.5976735	0.006546055	4.781259	7.131605	5.5169015
proton_pump	1.8161763	0.84748983	-1.7049685	3.8003085	7.9454393	5.726992
protrude	4.0992827	0.67897516	-0.29254875	4.4128957	8.779723	4.093678
proud	4.184168	1.3684705	-1.5430278	6.74113	6.846384	2.173928
prove	6.763647	1.0257523	-3.3661742	5.430857	7.222463	2.5902069
prove_by	6.2011037	1.094143	-3.2273254	5.418284	7.267389	2.6278467
provide_relief	3.7035906	1.067305	0.695486	5.7526984	7.397253	2.5995398
provide_some_relief	3.5104425	1.0556226	0.06870439	5.70375	7.6585927	2.8604648
provider	6.933319	0.966869	-3.339143	4.935966	6.041051	1.8889086
provider_who	6.219046	1.1025541	-3.2843752	5.2538786	6.459462	2.1138325
province	6.9496317	0.91506344	-3.230196	4.7076755	5.851883	1.9178364
proximal_esophagus	4.528095	0.78575224	-1.3185358	4.548418	8.157607	3.7594147
prs	5.4813333	1.0168408	-2.5590196	5.618792	7.8789062	3.49914
pseudo	5.522816	1.1130489	-2.806062	5.409225	7.38594	2.8005817
pseudo_obstruction	5.618033	0.8837417	-2.4309568	5.6527476	8.457084	4.187972
pseudoscience	5.7134905	1.1426495	-2.8287716	5.728243	7.55037	2.8740492
psoas	4.7266183	0.80083627	-0.9817814	4.587096	9.048336	3.9718587
psychiatric	5.3265023	1.0273151	-2.3939688	5.678677	7.935004	3.5234067
psychiatrist	5.687702	0.9910354	-2.8995202	5.1625733	6.758624	2.6081655
psychological	5.4406505	1.0956401	-1.9500805	6.1444745	9.004292	4.042152
psychological_issue	5.015919	1.0496167	-2.0288844	5.597342	8.374005	3.690473
psychologist	5.527201	0.99791455	-2.7460022	5.2930064	7.3099656	3.042187
psychosomatic	5.437822	1.1358588	-2.0900502	6.2305446	8.850301	3.9236774
psyllium_husk	1.9431258	0.83130544	-1.2016809	3.911233	7.739329	5.2966366
pterodactyl	3.2069616	1.0575423	-0.15233877	6.1310353	7.699907	2.8379111
ptsd	4.7786584	1.0965916	-1.6015702	6.59318	8.351953	4.170272
pu	4.4572535	0.69456905	-2.0414145	4.3064446	7.252239	3.852908
public	3.0141997	1.2963479	0.11229296	6.320346	7.9640737	2.908417
public_healthcare	7.0268517	0.8971528	-3.1896172	4.607946	5.7862663	1.9208946
public_place	3.2656436	1.1740421	-0.318248	5.767967	7.8772774	3.2696383
public_system	7.0256624	0.78613067	-2.902249	4.2911186	5.5641418	2.0250127
publication	6.213469	1.2228967	-3.453262	5.64578	6.824717	2.0496292
publish	6.4447184	1.1560383	-3.484464	5.4752107	6.7620273	2.0838819
publish_their	6.3859377	0.921503	-3.001518	4.773696	6.067056	2.1865537
puff	3.5493507	0.7896513	0.22350727	3.9475918	8.824238	3.5711908
puff_of_air	3.6230314	1.059534	0.4998582	5.7293353	7.4271574	2.643224
puke	3.031007	1.5464123	0.2634564	6.4807177	8.479245	3.2820761
pull_my_shoulder	3.238694	0.8258442	0.124582715	3.7460506	8.639952	3.4425151
pull_over	2.9945424	0.99990594	-0.45751092	5.4262447	7.6229687	3.772893
pull_trig	3.26567	1.3116311	-0.29210994	5.687089	8.090814	3.0222642
pull_up	3.7977316	0.79745054	0.00092471356	3.8387845	8.8565	3.464667
pulmonary	5.2674184	0.8633341	-2.2008884	5.2216697	8.135519	3.897674
pulmonologist	4.4636703	0.93730485	-1.8886501	5.1913047	7.3546414	3.3797116
pulp	2.1534162	0.7046221	-0.19810347	4.728797	7.329669	4.9296055
pump	3.9499998	0.7214342	0.113265455	4.6646547	9.293479	4.299308
puncture	4.9921465	0.50371295	-0.65913373	3.4968278	7.7339363	3.6276805
punish	3.00816	0.96978444	-0.96992505	5.52342	7.3110137	3.9779963
puppy_dog	3.7156322	0.8667902	-0.66829485	4.0378723	8.333286	3.424363
puree	1.6770773	0.61524695	-0.46404225	4.9286327	7.145048	5.498138
purple	4.0793743	0.7141825	-1.0050342	4.544844	7.6667676	3.8590062
push_against	4.142033	0.7143377	-0.07874932	4.446243	9.174651	4.1153326
push_air	3.4789355	0.933431	0.75902486	4.1719418	8.888081	3.0373669
push_forward	3.8182397	1.0556821	-0.2871608	4.591925	8.284915	2.850251
push_my_chin	3.3422103	0.9062812	0.5008971	3.8666496	8.826066	3.0755444
push_my_head	3.401297	0.9307404	0.7269221	3.9543922	8.935684	2.9968657
push_my_jaw	3.4172587	0.89845634	0.2520591	3.8530948	8.716247	3.1087563
push_my_neck	3.3395317	0.9152634	0.54118574	3.9103026	8.816108	3.047665
push_out	3.620885	0.9600828	0.77410674	4.81078	8.828949	3.2250307
push_them	3.504579	0.9492221	0.7876033	4.244377	8.854223	2.9890273
push_too_hard	3.2929535	1.1877432	0.24494356	5.502764	8.189788	3.101919
push_up	3.8536115	0.786417	0.4674589	4.4319735	9.286438	3.8508558
push_upward	3.7510445	0.8101555	-0.11581289	4.437318	8.551287	3.634706
push_upwards	3.8643298	0.7506615	-0.097194664	4.611852	8.5754795	3.888481
push_with_your_ab	3.8499835	1.0085537	0.43311408	4.289447	8.79832	2.8087528
push_yourself	3.9347496	1.0881263	0.18213628	4.620261	8.313404	2.5515187
put_into_word	4.114961	1.1768464	-1.5556827	5.92234	7.23096	3.0242682
put_my_chin	3.346882	0.91798687	0.58031195	3.9412491	8.8476925	3.0563602
put_my_finger	2.955296	1.459393	0.44817847	5.9485016	8.582216	3.0968628
put_on_weight	2.8152733	0.934465	-1.1113516	5.830464	7.330122	4.5431075
put_pressure	4.2633204	0.71400326	-0.04300531	4.5665545	9.471803	4.2838564
put_to_sleep	6.58232	0.6323215	-1.756629	4.089978	5.338539	2.2979684
put_under	6.7159853	0.59700304	-1.6447045	4.064457	5.242742	2.2124498
put_under_general_anesthesia	5.742226	0.7947689	-1.6038321	4.8239536	5.6394806	2.4180315
put_up	5.0001655	1.126555	-1.632476	6.819996	7.862032	3.9534
put_your_finger	3.1754549	1.2608683	0.3696542	5.262122	8.623763	3.0745876
pvc	3.7527573	0.80623734	-0.9346829	4.8621483	7.764642	3.8429506
pylori	5.2114186	0.8261173	-2.1541128	5.1240325	7.97754	3.8915858
ql	4.7077837	0.82819366	-1.1662896	4.6123147	8.78936	3.8367338
quake	3.842378	0.81606334	-0.56973326	4.4172373	8.483011	3.7092128
quantify	5.1825047	1.1141403	-2.2027857	5.803446	8.371623	3.5836875
quantity	1.8945878	0.7239149	-0.6142814	5.120453	7.473697	5.3204803
que_tender	4.4319663	0.555372	-2.4248013	3.6887872	6.9758663	4.0168467
queasy	3.1844513	0.87929714	-0.23004244	6.0467057	7.586354	4.350758
quebec	6.7442594	0.9656825	-3.2744172	4.8865533	6.006832	1.9475409
query	5.2250857	1.1910565	-2.7165146	5.63179	6.7169766	2.3199594
question_and_answer	5.4114494	1.2636629	-3.0302258	5.774647	6.697873	2.1094322
qui	4.4160466	0.47198978	-2.703864	3.3134525	6.798434	4.131543
quick_and_easy	6.45047	0.6562724	-2.003851	4.157357	5.3040924	2.2618294
quick_update	5.8915143	0.8986689	-2.249512	4.999899	5.506788	2.003923
quiet	3.3553748	1.089594	0.49916783	6.1684256	7.671349	2.708513
quiet_room	3.139189	1.1236871	-0.0064112404	6.3971896	7.744253	2.852819
quiet_space	3.2532585	0.92730826	-0.43118843	5.251196	7.7450013	3.7802672
quirk	4.830246	1.2888063	-2.0580869	6.7783995	7.8991356	3.3921375
quirky	4.9045615	1.2368726	-2.28049	6.150556	7.803847	3.0681267
quit_smoke	3.8445928	1.044478	-1.3484802	6.1032596	7.582354	3.9842684
quite_annoy	3.7459097	0.93308496	-0.7187181	5.8428288	7.264377	3.4584444
quite_bad	4.5689754	0.79214424	-0.09611117	5.754961	6.537523	3.506139
quite_common	5.292918	1.1146898	-2.1059408	6.3358827	8.278736	3.7853498
quite_frequently	3.7514963	0.90884775	-0.3038103	6.1118073	7.442122	3.6581962
quite_high	4.88935	0.9808216	-1.44078	5.873799	7.0902133	3.3361316
quite_nervous	5.7696533	0.8380257	-1.8037639	4.9728317	5.44286	2.1266577
quite_rare	4.8581896	1.1193256	-1.9989684	5.8341227	7.38906	3.1089725
quite_severe	4.753526	0.86047775	-0.6130966	5.921066	6.7056828	3.4782732
quite_significant	4.4730945	0.89593446	-0.3103415	5.5781274	6.351235	2.8774998
quite_sore	4.0366397	0.5908822	0.39910764	5.0317683	6.8311462	3.9822876
quite_sure	4.521047	1.1604595	-1.843511	5.6752234	7.204816	2.78048
quite_the_opposite	4.1629953	1.2157896	-1.4488162	6.52069	7.589796	3.4452522
quote	7.212249	0.68040013	-2.6341224	4.0300927	5.2152863	1.9575256
r/askreddit	4.8803005	1.3623258	-2.4796674	6.526325	6.7752323	2.2741873
r/dysautonomia	5.2578673	0.962165	-2.3456078	5.4165673	7.914382	3.624555
r/fodmap	2.049587	0.7004818	-1.2958316	4.8906493	7.501274	5.4810076
r/noburp	5.5050673	1.4517637	-3.016259	6.6107416	6.715327	1.7813705
r/noburp_page	5.7934027	1.2243729	-3.300164	5.5825915	6.722269	2.061894
r/noburp_wiki	6.0031376	1.1628232	-3.304293	5.394661	6.574005	2.0833328
r_cad	5.3375397	0.85750276	-1.8980621	5.1838703	8.761958	4.1106358
r_cop	4.6409216	1.2710973	-1.8260635	7.0216484	7.688709	3.5922542
r_cpd	5.8459206	1.084722	-2.4202409	6.4813075	8.737469	4.116354
r_cpd_also	5.1275067	0.9687061	-2.0966122	5.7012844	8.273979	3.978834
r_cpd_and_emetophobia	5.210455	1.1139889	-2.1460972	6.214521	8.288483	3.7954223
r_cpd_be	5.843564	1.0902487	-2.4155262	6.4827633	8.722443	4.0888634
r_cpd_because	5.3768754	1.0931776	-2.2597842	5.8330097	8.456073	3.664428
r_cpd_before	6.1859365	0.9755202	-3.0181024	5.0703354	6.5429363	2.435197
r_cpd_botox	5.7732396	1.0547342	-2.9581203	5.194567	6.8257446	2.55205
r_cpd_but	5.802233	1.0663047	-2.3825958	6.3542395	8.776677	4.1268396
r_cpd_can	5.529386	0.98960894	-2.1325436	5.9295115	8.874995	4.2215776
r_cpd_cause	5.4355116	1.0417595	-2.140861	6.1381254	8.757481	4.153954
r_cpd_community	5.574797	1.1159052	-2.7944221	5.6206245	7.245128	2.8099518
r_cpd_cure	4.7869267	1.0478562	-1.8386309	6.2030015	7.758211	3.8411324
r_cpd_doctor	5.9680843	1.0723541	-3.0697289	5.2584105	6.485615	2.2402945
r_cpd_emetophobia	4.252686	1.0942402	-1.756477	6.013373	7.1435285	3.264848
r_cpd_experience	5.3033075	0.94480747	-2.2262664	5.848954	8.015563	3.9361064
r_cpd_from_youth_until	5.493736	1.2307307	-3.0918221	5.6517434	6.721516	2.1685343
r_cpd_have	5.633201	1.0786798	-2.3018143	6.432045	8.635675	4.11401
r_cpd_i	5.8197246	1.0960995	-2.4170902	6.5104666	8.694849	4.0846424
r_cpd_if	5.3626547	0.9917269	-2.2493868	5.570519	7.642435	3.4722903
r_cpd_itself	5.41584	1.0120461	-2.3060179	5.435478	7.481364	3.2121422
r_cpd_make	4.0433755	1.0699866	-1.02864	6.254645	7.9783535	3.9830198
r_cpd_may	5.3164015	1.0402721	-2.1441875	5.9497075	8.601175	3.9851253
r_cpd_my	5.5731688	0.9032902	-2.437916	5.5506377	7.8266473	3.767497
r_cpd_not	5.599789	1.0156512	-2.4264114	5.972941	8.409334	3.9453375
r_cpd_page	5.5161676	1.0095205	-2.8372917	5.1678696	6.642126	2.5439568
r_cpd_patient	6.130184	1.0681876	-3.1346748	5.4011455	7.311517	2.7498279
r_cpd_provider	5.3877463	1.0003396	-2.4991329	5.13806	6.533435	2.5915434
r_cpd_related	5.242494	1.0718535	-2.250502	6.081617	7.9964323	3.7685368
r_cpd_serious	1.9704851	0.8626159	-1.2111437	3.70313	7.7606025	5.199005
r_cpd_so	6.1184897	1.0731483	-3.096729	5.396776	6.9305296	2.5096245
r_cpd_specific	6.0583167	1.0391477	-3.014207	5.2837825	6.9953585	2.6425521
r_cpd_suffer	5.5968814	1.076296	-2.287902	6.214797	8.736238	4.048613
r_cpd_symptom	5.3715672	0.9770231	-1.8152606	6.7094617	8.7320175	4.628503
r_cpd_tend	4.9565463	1.1031376	-1.9736965	6.095924	8.325065	3.81441
r_cpd_the	5.492634	0.94277656	-2.1632493	5.829566	8.772461	4.274474
r_cpd_through	5.4368563	0.9629418	-2.4106963	5.0713105	6.343527	2.5553522
r_cpd_treatment	6.517021	1.079704	-3.3441355	5.2164135	6.522869	2.121972
r_cpd_uk	5.3782964	1.2904168	-2.9706416	5.888893	6.8186865	2.1351566
r_cpd_when	5.298555	0.9852475	-2.3084164	5.7054577	8.068593	3.7745948
r_cpd_which	5.5716624	1.0257986	-2.4026008	5.653222	8.421927	3.7238283
r_cpd_will	5.379571	1.0070175	-2.1748025	5.871627	8.626836	4.0971317
r_cpd_would	5.31388	1.03524	-2.4061143	5.4379287	7.4193397	3.1642427
r_cpders	4.8465266	0.95396984	-1.9141514	5.6251163	7.8404713	3.7305703
r_pod	4.627361	1.0258408	-1.9114858	5.7391953	7.068478	3.2801528
rabeprazole	1.966739	0.86791736	-1.5115228	3.7622688	7.817924	5.423573
race_heart	3.881151	1.0744095	-1.0638455	6.113472	7.7332172	3.8300195
racist	5.19517	1.1491971	-2.4038613	5.6095815	7.5187764	2.8998702
radiate	4.0378404	0.6088582	-0.18786417	4.7098513	8.521764	4.320447
radiate_to_my	4.0092754	0.61801744	-0.26104665	4.7114344	8.456535	4.2957354
radio	5.497811	1.2836655	-3.0572767	5.937519	6.851949	2.174051
radiology	6.026686	0.83249414	-2.6767523	4.728085	6.227764	2.5207412
raft	2.3631017	0.808169	-1.5560324	4.362572	7.808073	5.331187
rain	3.823397	0.97936475	-1.4250685	5.2306986	7.2504873	3.324234
raise_awareness	6.0687	1.2390313	-3.2136977	5.7849956	6.9936223	2.1888247
raise_your	3.6372778	0.81846523	0.18468946	3.797735	8.887386	3.3936284
raleigh_nc	5.8918743	0.8749377	-2.2494373	4.9303985	5.523109	2.080132
ramification	4.817171	1.0544934	-2.022614	5.6780877	7.8776035	3.6132545
randall	4.7384753	0.8815022	-2.133156	4.7482653	6.9528513	3.1403704
random	3.5443008	1.0878603	0.74237293	5.9802394	7.5293994	2.721023
random_bout	4.0424647	0.870574	-0.6614296	6.482364	7.9282737	4.4458117
random_burp	3.7692554	1.0559465	0.79800934	5.779792	7.154443	2.5059075
random_hiccup	3.3713152	0.9851897	0.015854524	6.0878386	7.7170467	3.3408692
random_moment	3.278226	1.2807268	-0.32336444	5.8140435	7.9896283	3.08091
random_question	5.028618	1.0048628	-1.9130887	5.3354535	6.3968787	2.6190023
random_start	4.234323	0.98699945	-0.1288384	5.7447653	6.402014	2.6815238
range_of_motion	4.0222855	0.920445	-0.3087644	3.948906	8.862925	3.136232
ranitidine	1.9694424	0.80585724	-1.3821214	3.947547	7.724672	5.4003367
rapid_gastric_empty	5.0394425	0.87351286	-1.9954019	5.6029077	8.3590555	4.291098
raptor	3.4265208	1.0623977	-0.6618418	5.7822533	7.505058	2.8536437
rare	5.3586435	1.1622181	-2.065691	6.5727963	8.435875	3.8422508
rare_condition	5.203909	1.2095338	-2.531431	6.0945797	7.4389977	2.9096417
rare_condition_suggest	5.6678467	1.0712425	-2.9277406	5.416082	7.6242847	3.0566955
rare_occasion	3.6141791	1.272357	0.032569822	6.717637	7.7669535	3.2896574
rarely_fart	4.4874134	1.2891577	-1.8616607	6.686361	7.2769017	2.9881666
raspy	3.7919343	0.73418	0.07679669	5.161644	7.136176	3.7198963
rate_of_success	6.8123016	0.6884385	-1.9088567	4.152873	5.3804774	2.2071702
rather_than_rely	4.1022043	1.1143868	-0.056364194	4.9179945	7.678564	2.31449
rational	4.879856	1.2416189	-1.9015323	6.386015	8.133121	3.4405124
raw	1.6100353	0.60927653	-0.6259509	5.0137887	7.2610803	5.6769032
raw_onion	1.7726612	0.72008055	-0.9074994	5.169579	7.24302	5.384697
raw_vegetable	1.7056495	0.69903374	-0.9153063	5.1855187	7.304562	5.5514617
rcpd	5.823743	1.1017276	-2.3901913	6.584354	8.722427	4.1171913
rcpd_exist	5.7507463	1.1198283	-2.938402	5.5770903	6.8168993	2.4843159
rcpd_patient	5.8840723	0.9535758	-2.6197484	4.992117	6.308059	2.444108
rcpd_related	5.377145	1.1376035	-2.0591104	6.3349257	8.767298	3.970469
rcpd_specialist	6.2158356	1.0347658	-3.2486088	5.2185707	6.430362	2.1661549
rcpd_suffer	5.3103976	1.1576961	-2.356345	6.146063	8.216423	3.5318735
rcpd_symptom	5.3020396	0.96887743	-1.7395513	6.7531133	8.7085085	4.665908
rcpders	4.871146	1.0203686	-1.9483253	5.868782	7.8522367	3.8163493
read_on_this_sub	5.287324	1.1993747	-2.5365052	5.721042	6.600896	2.2390208
read_through	5.4052286	1.46344	-2.9157996	6.645907	6.6689854	1.7493991
real_bad	3.669337	0.85745335	-0.4171056	6.160023	7.8844423	4.3617315
real_burp	3.7855742	1.0594205	0.9729322	5.724796	7.154709	2.380743
real_condition	5.7484274	1.219853	-2.9057522	6.12138	7.3214025	2.6558893
real_life	5.042571	1.355912	-2.4507365	6.6545787	7.170832	2.514242
real_medical	5.444012	1.1863112	-2.6503794	6.0910106	7.4566445	2.9168322
real_problem	5.2039003	1.1904991	-2.381338	6.2947254	7.7707806	3.3139977
real_quick	3.81785	0.99306285	-1.4695477	5.277109	7.2039194	3.2725887
real_relief	4.1432323	1.1050372	-0.6120945	5.823497	6.8829093	2.5582356
real_thing	5.540864	1.3177578	-2.7978728	6.442491	7.1436553	2.3786292
real_vomit	3.2728703	1.2764671	-0.16808495	5.90647	8.134062	3.3490088
realize_how_often	3.8321674	1.4082444	-0.8670574	6.8488283	7.8769474	3.357614
really_affect	4.1820874	1.1299655	-1.467135	6.795429	7.3356934	3.660314
really_annoy	3.45814	0.89535636	-0.13172592	6.0169177	7.864441	4.1257324
really_anxious	3.474141	1.1529034	-0.34121093	6.746276	7.7610517	3.73169
really_awful	3.9351268	1.004489	-0.8975498	6.481343	7.6345873	3.9891083
really_bad	3.7512724	0.88358796	-0.09976748	6.7709417	8.145954	4.630773
really_bother	3.982749	1.3584968	-0.90760773	6.987743	7.876991	3.5347815
really_busy	5.274662	0.9956483	-1.8966558	5.3317804	5.813744	2.1439242
really_dry	2.646384	0.7017903	0.0010803588	4.836353	7.5077715	4.6238017
really_embarrass	3.245371	1.2085255	-0.27698988	6.5381107	7.639835	2.7340662
really_excite	4.782264	1.3406708	-1.8532319	6.3940105	6.0011516	1.5593047
really_frustrate	4.2930517	1.2386931	-1.5445977	6.08447	6.655465	2.3604665
really_glad	4.618496	1.3734554	-2.0070343	6.4673758	6.4239206	1.8781366
really_gross	3.2351747	1.1471733	-0.06531693	5.8761873	7.859916	3.17028
really_happy	4.7377343	1.3780656	-2.0722132	6.459224	6.3270564	1.7852077
really_help	1.7744979	0.7778835	-1.2433518	4.411044	7.7980294	5.588691
really_hope	4.743006	1.3816876	-1.7966301	6.374594	5.9975333	1.4679394
really_hopeful	4.6138597	1.2544434	-1.7129358	6.0442686	6.214927	1.9341079
really_hungry	3.315	0.86109465	-0.4006299	5.694899	7.3436685	4.126651
really_impact	4.4318137	1.0820018	-1.5971853	6.5598774	7.2148247	3.6304898
really_intense	3.9977086	0.8585259	-0.6891468	6.234577	7.849247	4.339505
really_loud	3.195027	1.0756204	0.22732356	6.39072	7.7551603	2.8749568
really_nauseous	3.218384	0.9342369	0.017921636	6.322941	7.828402	4.3113775
really_quick	4.3597407	0.76091087	0.25365153	5.521443	6.3229156	3.2815254
really_sick	3.1656141	0.94601	-0.13447197	6.3476963	7.734952	4.344821
really_sore	4.0725694	0.5491536	0.56486243	5.038948	6.815436	4.0518937
really_struggle	4.819974	0.99934185	-0.98238313	6.5689507	7.560545	4.0200024
really_suck	4.0299273	1.3476315	-1.4189409	6.6334977	6.786195	2.2129326
really_thirsty	1.978564	0.79948545	-0.418885	5.169217	7.205404	4.9025726
really_tough	4.5375648	1.007345	-0.6451461	5.723762	6.2301555	2.5315163
really_uncomfortable	3.222595	0.9077821	0.1626773	6.3745914	7.9511776	4.392122
really_unpleasant	3.8354385	1.2696252	-1.0347036	6.2246194	7.6604705	3.1840718
really_vary	4.929098	0.9066346	-0.95539147	5.812015	6.787342	3.326365
really_want	6.976292	0.8656437	-2.841344	4.676262	5.497701	1.7657222
really_wide	3.5085099	0.9163884	0.40585107	4.1639247	8.771908	3.140142
realm	5.186229	1.0534362	-2.2938333	5.4176126	7.4014034	3.0776496
rear_end	4.041677	0.9475631	-1.3979832	5.431423	6.9747562	3.4608076
rearrange	3.7208192	0.8373553	-0.39185855	4.8392415	8.228881	3.721307
reason_behind	4.775186	1.2476224	-2.205321	6.074682	7.1936073	2.6378267
reassure	4.718325	1.3721051	-1.8410482	6.331895	6.112993	1.5729982
reassure_thank	4.2290897	0.94726497	-1.471907	5.328091	6.7788196	3.210486
reassure_to_hear	4.6057277	1.3055747	-1.779624	6.1336923	6.2031536	1.8064706
reassure_to_know	4.447325	1.276522	-1.6577227	6.10049	6.3466253	2.0086062
recall	4.504213	1.3913074	-1.6266626	7.452859	7.9143443	3.6091208
recap	4.883524	1.3308463	-2.1878626	6.1556935	6.2198977	1.7317263
recede	4.330479	0.7258746	-1.0498525	4.4251146	8.127923	3.858246
receive_100_unit	5.6777587	0.8520202	-1.4942667	5.05002	5.445042	2.1731982
receive_50	6.0590405	0.8025047	-1.3986901	4.7963805	5.3716507	2.1651661
receive_80	5.728456	0.83748406	-1.4663197	5.009041	5.3912582	2.16469
receive_botox	6.1033287	0.85556775	-2.1123853	5.0002155	5.2010694	1.8185314
recent_discover	4.997521	1.3772502	-2.4378893	6.8431253	7.088125	2.5517154
recent_discover_this_sub	4.816256	1.3399098	-2.411652	6.623645	6.8661847	2.4782817
recent_learn	4.6083803	1.1800278	-1.7973838	6.7869625	7.512191	3.6138732
recent_post	5.218428	1.2964324	-2.8117392	5.915516	6.8699927	2.1960342
recent_realize	4.413436	1.2317585	-1.794541	6.7475023	7.2293043	3.2662094
recent_year	4.613798	1.1059587	-1.5600212	6.9655814	7.9276934	4.1409535
receptor	4.692496	0.7983879	-0.8678796	4.5825872	9.150986	4.00314
recline	2.832431	0.8033945	0.5579078	3.8957803	8.715358	3.830197
recognize	6.6800923	1.1120425	-3.360363	5.6970887	7.1766887	2.452964
recognize_condition	5.925713	1.0620759	-2.9260218	5.4145765	7.02307	2.6645002
recover	5.1220245	0.9331569	-0.71674025	5.616169	5.7836576	2.4281678
recovery	5.15975	0.96578294	-0.7995167	5.687717	5.8320293	2.3947074
recovery_process	5.059132	1.0617067	-1.0653833	5.8527236	5.917244	2.2428641
recovery_room	4.0090194	0.57499236	0.26206496	5.0770564	6.207298	3.93913
recovery_time	6.4427557	0.68328726	-1.8939347	4.2351413	5.306849	2.2369807
recreate	3.7029757	0.93136823	-0.053681318	4.0447	8.685058	3.091262
recurrent	4.8096924	0.98747903	-1.8863001	6.0072846	8.0825	4.0323606
recut_linjection_en_cabinet	4.4517875	0.8600916	-1.8192148	4.74437	7.26718	3.4433572
recycle	3.785216	0.85085654	-0.69333655	4.6469283	8.09952	3.637445
red_bull	1.264648	0.8590618	-0.5665755	5.5978713	6.9830575	5.2218227
red_meat	1.7652712	0.6522336	-0.99330103	5.134402	7.298992	5.61066
red_wine	1.5521548	0.7805028	-0.79138166	5.3478303	7.1531076	5.3414483
reddit	5.461502	1.4664952	-2.9754288	6.6429787	6.693696	1.7620758
reddit_account	4.920464	1.3719443	-2.5593317	6.561153	6.7486215	2.2447946
reddit_app	5.313598	1.114981	-2.9065423	5.238844	6.916747	2.4816806
reddit_user	5.1119027	1.202908	-2.438579	6.2612963	7.333977	3.0335286
redo	5.9369373	0.84513193	-1.4521776	4.902705	5.875596	2.4651427
reduce	4.50215	0.7527459	-0.4926171	6.349366	8.220892	4.7724276
reduce_bloat	2.3653939	0.79521686	-1.4366587	4.4947786	7.750473	5.218021
reduce_by	4.347433	0.7602127	-0.46995112	6.4093566	8.106045	4.6347294
reduce_gas	3.766991	0.7139884	-0.76214737	4.980753	9.010421	4.997698
reduction	4.4108205	0.75009155	-0.494884	6.4134836	8.20463	4.7243724
refer	7.0261407	0.9798752	-3.5253816	5.269107	6.7636285	2.2461863
refer_to_a_gastroenterologist	5.206514	0.9312409	-2.2682781	5.1919937	6.6657653	2.9451585
referral	7.0567613	0.95203114	-3.5062892	5.114307	6.3976736	2.042276
refine_carbohydrate	2.111097	0.6959693	-1.2329562	5.143958	7.4069242	5.4187713
refine_sugar	2.062097	0.7128025	-1.21368	5.057007	7.409632	5.400904
reflect	4.8872175	1.1262383	-2.0131273	5.878635	7.798321	3.3365974
reflex	3.9603698	1.0320467	0.6390606	4.626399	8.859456	2.8693936
reflux	5.322629	0.875519	-1.733137	6.236606	8.8700905	4.8007855
reflux_and_regurgitation	4.864114	0.8864558	-1.5356537	5.7206345	7.717337	4.095465
reflux_disease	5.55514	0.8828625	-2.3542051	5.916295	8.386662	4.343377
reflux_gourmet	1.9653196	0.81678253	-1.45564	3.9947996	7.7699337	5.457985
reflux_issue	4.9303393	0.9054619	-1.5668975	6.138105	8.452916	4.561863
reflux_medication	1.8207144	0.83977973	-1.6194623	3.849018	7.9047637	5.6678905
reflux_regurgitation	4.2047276	0.8056946	-0.18749417	5.6138487	7.045642	3.7376971
refuse_to_believe	5.7615647	1.1825819	-2.8416126	6.027937	7.54974	2.8556228
regimen	1.940933	0.8277619	-1.4777637	4.132698	7.7741847	5.4774203
regional	4.807575	0.98528314	-2.0022585	5.2861786	6.934194	3.056828
reglan	1.9678909	0.86279327	-1.473156	3.8197381	7.8069644	5.4049563
regress	4.620473	1.1026534	-0.7644372	5.7678986	6.168721	2.1356509
regret	5.0856633	1.0774227	-1.04348	5.9672365	5.7640185	2.1247773
regret_it	5.044289	1.0936898	-1.0241234	5.954461	5.796649	2.0855966
regular_doctor	6.974589	0.97803867	-3.5572217	5.193609	6.6756964	2.198523
regular_occurrence	3.6270983	1.2208006	-0.709108	6.3141346	7.7901983	3.5104437
regular_people	3.6663902	1.0661844	0.277699	5.7938056	7.375017	2.7153902
regulation	4.8622465	0.89580816	-1.440581	4.9698195	8.752665	3.8752804
regurgitate	2.9515607	0.78158647	0.5892195	5.0846686	7.8226504	4.2869577
regurgitate_a_little	3.2899635	0.8893467	0.36806497	5.5496798	7.701562	3.8699107
regurgitate_food	3.3135464	0.8497266	0.31028068	5.5436954	7.6632566	4.039136
regurgitation	3.4037385	0.81657404	0.5296546	5.394552	7.569682	4.0103073
regurgitation_issue	4.801524	0.865445	-1.3225818	5.8060713	7.649834	4.1279564
reintroduce	1.7859663	0.6429243	-1.1772915	5.0062594	7.4014235	5.7021303
relatable	4.8015695	1.2353086	-2.1383305	6.245911	7.235105	2.7286365
relate_to_this	4.431722	1.2335652	-1.8155993	6.502951	7.232689	3.0954459
related_issue	5.3801413	0.98304576	-2.0635242	6.0718255	8.737399	4.32019
related_somehow	5.110461	1.1517847	-2.0690162	6.086617	8.366572	3.6521897
related_to_noburp	5.2292905	1.1248714	-2.0672667	6.242717	8.576394	3.9249856
related_to_r_cpd	5.3811283	1.1223892	-2.0420885	6.30257	8.840054	4.0343676
related_to_rcpd	5.3372645	1.1433969	-2.0152283	6.303942	8.803754	3.9703114
relation	5.5023503	1.0875609	-2.2577505	6.13842	8.664763	3.9544575
relationship	5.174335	1.1375207	-1.9832892	6.5747986	8.498366	4.032623
relationship_between	5.141752	1.049204	-2.0930104	5.866456	7.84089	3.550537
relationship_with_food	4.7465324	1.015347	-1.5994918	6.5170116	8.266895	4.2950935
relative_new	6.125562	1.1295022	-3.1013596	5.545229	6.985473	2.4790409
relative_recent	4.7712007	1.227411	-2.1994803	5.9752564	6.956464	2.5287733
relax	4.3212347	0.8510922	0.30969006	4.1921554	9.520522	3.4836833
relax_and_let	3.7058284	1.0160419	0.74234414	4.3290515	8.758284	2.7334666
relax_and_open	4.6149154	0.7620687	-0.13576964	4.1819596	9.584521	3.842919
relax_enough	4.261512	0.8778255	0.24699113	4.212074	9.366303	3.3824613
relax_my_shoulder	3.8067691	1.0126511	-0.662084	4.5993195	8.079909	3.072002
relax_my_throat	3.7423468	0.9487496	0.6998506	4.313578	9.025877	3.078477
relax_to_allow	4.758869	0.8268695	-0.5997811	4.248873	9.312058	3.660036
relax_your_body	3.6886015	0.91895294	0.39316788	3.988671	9.021655	3.1304595
relax_your_throat	3.851166	0.9174892	0.5003867	4.1267023	9.170186	3.1770866
relaxation	4.562508	0.81483763	-0.008074619	4.194098	9.64174	3.6918612
relaxation_technique	3.9347954	1.0211258	-0.23182514	3.8640723	8.801949	2.7221072
relearn_how	3.5836003	0.7536919	-0.29830182	5.1072645	7.28964	4.020058
release	3.6501324	0.92634237	0.6595325	5.0887594	8.845502	3.5108376
release_air	3.5868115	1.0457852	0.7758914	5.069166	8.572904	3.002387
release_any	3.7061305	0.824017	0.37786233	5.1648107	9.039908	4.0591936
release_gas	3.4816654	1.1281022	0.6364464	5.2665358	8.63956	3.1016753
release_of_air	3.5720453	1.0298456	0.6608716	5.5670466	7.680734	2.7055876
release_some	3.6937768	0.8280302	0.40127915	5.1984253	9.033532	4.0555406
release_them	3.4476213	0.9503961	0.4226572	4.242404	8.678718	3.0279427
reliable	4.6066465	1.0536145	-1.4629956	5.299912	7.0233006	2.6916072
reliant	3.9490938	1.146809	-0.8131554	5.2965093	7.7616124	2.8399475
relief	3.7012978	1.1589783	0.6119101	5.777344	7.3842726	2.5322006
relief_soon	4.6817803	1.3430598	-1.9025881	6.148957	6.1826167	1.6425644
relieve	3.7133858	1.105179	0.710604	5.735074	7.4986186	2.6194186
relieve_gas	3.5513842	0.8674671	-0.5514507	3.9460814	8.569371	3.575155
relieve_myself	3.0803728	1.3535342	0.24571529	5.899352	8.377136	3.1524265
relieve_pressure	3.7622917	0.79764014	0.010777222	5.2188873	8.683715	4.0417633
rely	3.9945595	1.1021425	0.5147489	4.7866387	8.084467	2.3469582
remain_the_same	4.667179	0.96219987	-1.1366441	6.054184	7.090507	3.4986591
remedy	1.8726074	0.77393705	-1.3943634	4.3204465	7.797262	5.6315756
remember_ever	4.147966	1.4260703	-1.3552788	7.189624	7.8150287	3.3578055
remember_exactly	4.02222	1.38065	-1.4497613	6.3317347	7.682734	2.9018643
rennie	1.8447716	0.820666	-1.3289461	4.077493	7.777857	5.4900227
rennie_deflatine	2.022108	0.8492554	-1.390557	3.9197512	7.7789116	5.3131304
rep	3.6860263	0.9782616	-0.02168137	3.5606203	8.781289	2.7503252
repair	5.6170397	0.9228064	-2.2235081	5.6700087	8.624092	4.1634793
repair_before	5.571391	0.90629745	-2.3181078	5.5235953	7.5440984	3.6159961
repeat_injection	6.1332703	0.81918436	-1.3008736	4.7896047	5.534818	2.2541497
repeat_until	3.4996295	1.0095009	0.14870295	5.395659	7.699532	3.001732
repercussion	5.659994	0.9903983	-2.143476	5.2544904	6.8911242	2.8512392
repetition	3.7719605	1.0119826	-0.053854857	3.6221879	8.785035	2.6395462
repetitive	3.352981	1.0750076	-0.349692	5.800115	7.6481113	2.862054
replicate_it	3.8509352	1.1744022	-0.736615	5.237442	7.9500027	2.8257554
repost	5.3246317	1.280228	-2.9263978	5.8615985	6.80246	2.1608505
represent	5.668334	1.1356144	-3.0361202	5.447117	7.2332897	2.6541357
reprieve	4.183148	0.8804374	-0.8847216	5.448985	6.539015	3.2919915
reproduce	3.8492808	1.1705818	-0.7427482	5.1946917	7.9372063	2.8159127
reputable	6.06713	1.1153984	-3.2585304	5.3343215	6.6063614	2.203692
request	7.0010324	0.905298	-3.3450954	4.9772944	6.1306367	1.9622867
require_a_lot	3.7458389	0.8746005	-0.99339473	4.720544	7.822186	3.6265433
require_a_referral	7.005494	0.92519367	-3.3149781	4.8217688	5.9970474	1.936574
require_manometry	5.8995075	0.8803682	-2.4837074	4.7939963	5.9009666	2.32405
research	6.4096985	1.2284961	-3.4842365	5.7768455	6.960633	2.0962768
research_into	5.836971	1.1336763	-3.0053518	5.5025187	7.258779	2.6586723
research_paper	6.482822	1.1346059	-3.515675	5.4320636	6.58246	1.968727
research_r_cpd	5.856119	1.1794233	-2.9278195	5.998094	7.4810343	2.7954953
research_study	5.856103	1.1662866	-3.1888366	5.4691863	6.7719936	2.2402222
research_team	5.347284	1.0953412	-2.7311182	5.365375	6.758706	2.5245354
researcher	5.823707	1.141606	-3.044449	5.5325193	7.335827	2.685427
resemble_a	4.0537357	0.9883903	-1.1252664	5.531367	7.219831	3.203953
resident	6.631565	0.9093848	-3.1260164	4.852072	5.902761	1.9642847
residual	4.1115937	0.70029515	-0.1502186	5.155493	7.2349606	3.9039612
residue	2.1036928	0.61711323	-0.1328239	4.821143	7.3655763	5.18807
resource	6.207816	1.2609028	-3.4512458	5.7506995	6.790888	1.9473523
respiratory	5.296332	0.86068887	-2.0481133	5.0038953	8.454856	3.8659177
respiratory_infection	4.4861684	0.75857145	-0.20482488	5.7144394	6.691993	3.659657
respond_well	5.6397734	0.9380096	-2.1983716	5.153849	6.8061404	2.8991125
rest	3.3566458	0.78013074	0.5719978	3.7916944	8.983476	3.6336503
restaurant	2.0594983	0.89803296	-0.42089447	5.860666	7.168755	4.7717633
restful	4.2060103	0.7708554	-0.7505373	5.176987	6.5776877	3.5488236
restless	4.016714	0.7254472	-0.53905636	5.746792	8.12206	4.4995804
restrict_my	2.5209978	0.7002937	-1.259769	5.333741	7.5189347	5.2638144
restrictive	1.8610998	0.643017	-1.1598665	5.0677037	7.4273996	5.6789365
restrictive_diet	2.0755918	0.70396763	-1.2934967	4.9724226	7.455636	5.443359
restrictive_eat	5.3195376	1.0072254	-2.21791	5.8587074	8.403092	3.9588604
result_so_far	4.749661	1.1031896	-1.4306374	5.706602	6.1845503	2.2261913
retain_the	4.268754	1.1130415	-0.39137933	5.339942	7.158358	2.32897
retain_the_ability	4.740865	0.9724703	0.035748396	5.4721446	6.039226	2.1935248
retain_the_ability_to_burp	4.8170943	0.96461165	0.010126593	5.475057	5.9393587	2.1730752
retch	2.9782608	1.4993451	0.3863436	6.218824	8.494588	3.1870477
retch_sound	3.5607898	1.1256064	-0.83303946	6.021589	7.4997563	3.0404398
retention	3.9203625	0.72824246	-0.7058407	5.0778255	9.018271	4.855948
retrain	4.6079373	0.82678425	-0.092034176	4.164539	9.569125	3.6070733
retrograde	4.9162655	0.77632934	-0.51272917	4.2738385	9.634817	3.9089363
retrograde_cricopharyngeal	5.4156127	0.9548499	-2.3854988	5.526993	7.8378835	3.6126194
retrograde_cricopharyngeal_dysfunction	6.0897145	1.1418247	-3.2194588	5.579792	7.2843122	2.588881
retrograde_cricopharyngeus_dysfunction	6.1035724	1.1029886	-3.1661441	5.519553	7.343109	2.7270029
retrograde_direction	4.8241687	0.7668421	-0.5189698	4.2852597	9.524349	3.9334304
retrograde_only	5.063515	0.78829944	-0.8283741	4.430414	9.477894	3.942046
retrograde_only_neurological_dysfunction	5.1251297	0.93304324	-1.8349329	5.3716316	8.619558	3.9804106
return_to_work	5.6764493	0.8559423	-1.85515	4.9511566	5.540038	2.1921148
reverse_burp	3.4835744	0.9201909	0.7144988	4.732188	8.593932	3.2364724
review	6.816171	1.0068687	-3.358489	5.1257057	6.186654	1.8873869
revision	5.2310123	0.9225135	-1.813374	5.170565	6.479611	2.8355389
revolutionary	3.8833249	1.0252322	-1.162432	5.1529856	7.5612097	3.2233648
rex	5.854783	0.86314046	-2.0523365	4.9358945	5.455165	2.0727797
reynard	4.996753	1.0412077	-1.9846888	6.0477853	7.8050065	3.6649995
rheumatoid_arthritis	5.1669054	0.9899328	-2.1825924	5.9237103	7.992072	3.8662891
rhinitis	4.612125	1.0166622	-1.8258493	6.0648427	7.829967	4.023397
rib	4.082228	0.60302883	0.12839273	4.454549	8.932474	4.2734566
rib_cage	4.0737147	0.60260385	-0.031478327	4.618961	8.729158	4.318412
rib_flare	4.7145925	0.886849	-1.6213365	5.3788433	8.214092	4.018548
ribcage	4.075316	0.656788	-0.19600251	4.4952483	8.746079	4.1624904
rice	1.4686599	0.5876908	-0.24158858	4.9135065	7.1625175	5.688005
rice_cake	1.9665592	0.6690357	-1.0622164	4.918329	7.3241067	5.4115014
rich_food	2.9331293	0.82970566	-0.97110045	5.388482	7.194778	4.408401
richard	5.410295	1.0091782	-2.6322067	5.105513	6.738568	2.6745613
ricola	4.0731187	0.8773257	-1.6623119	4.7375913	7.4609084	3.6184704
rid	4.598892	1.0800127	-1.7305726	6.526524	7.526798	3.6892316
ridicule	4.713621	1.2386061	-2.2014802	6.1681633	7.5697975	2.9482815
ridiculous	3.337296	1.2881923	-0.5361863	6.7211328	7.5224547	2.6041195
ridiculous_amount	4.0152283	0.7930131	-0.5444354	6.2322826	8.057156	4.5567093
rifaximin	1.8698007	0.86950094	-1.5371075	3.7899723	7.8551836	5.5075154
right_above	4.2057295	0.6714355	-0.25896797	4.3167605	8.844203	4.054598
right_arm	3.3849845	0.8773764	0.197104	3.8919961	8.658867	3.2244368
right_before_bed	2.0133247	0.73844457	-0.46221203	5.1472373	7.2999134	5.103182
right_behind	3.8775651	0.7201881	-0.47320384	4.0750895	8.1159525	3.675741
right_below	3.9467218	0.689439	-0.031075174	4.3591456	8.792188	3.9974246
right_ear	4.106059	0.73441815	-1.0509115	4.869071	7.5645976	3.9281723
right_muscle	4.7507443	0.5744062	-0.39080656	3.5824978	8.163815	3.6052399
right_on_track	4.3584685	0.9223208	-0.27715358	5.6448812	6.379319	2.835735
right_or_left	3.4638703	0.94473904	0.680062	3.9261587	8.951094	2.9413595
right_side	2.778034	0.7778247	0.35145333	3.7467484	8.641266	3.8589885
right_under	4.1299834	0.67945004	-0.23877454	4.2838416	8.844482	4.022164
rigid	4.594973	0.6553233	-0.89239097	4.036447	8.086296	3.7376714
ring_around	5.8022676	0.92814213	-2.5143793	4.933092	6.2304134	2.4693854
rip_apart	3.9919193	0.61931163	0.040253285	4.643045	8.6600485	4.2395473
rip_d	5.8676686	1.0893906	-2.445542	6.480213	8.717712	4.0872903
rip_jack	4.431621	1.256942	-1.9747839	5.9555697	6.721174	2.3081903
rip_open	3.6483557	0.8036293	-0.27932972	5.3427157	7.9573727	3.9339304
rise	3.8439326	0.75101364	0.38936144	4.5695014	9.187795	4.0133615
rise_in_my_throat	3.5341501	0.7930028	0.34625718	5.3540826	8.382165	4.170303
rise_up	3.7988334	0.7669124	0.3950546	4.730108	9.142689	4.033249
risico	4.280804	0.8191009	-1.7167832	4.770141	7.24272	3.626092
risk	5.965387	0.7860814	-1.2216344	4.8945284	6.077572	2.686533
risk_of_develop	5.5249615	0.94509435	-2.1576908	5.8385224	8.830505	4.305823
risk_of_esophageal	5.5069194	0.9327147	-2.1942387	5.5975003	8.559793	4.0865264
risky	5.877235	0.87838084	-1.7109699	4.977367	6.2664776	2.6485178
ritalin	1.93392	0.85389835	-1.1764475	3.735104	7.752036	5.235086
riyadh	5.8476114	0.9927831	-2.902118	5.0596733	6.3419952	2.358405
roadblock	4.793756	0.9826321	-1.8235745	5.269295	7.225339	3.2110424
roar	3.1476693	1.113285	-0.06479837	6.1807165	7.7535276	2.793323
robert_bastian	6.091102	1.0312815	-3.0077987	5.128712	6.5117397	2.3668094
robert_w_bastian_md	5.202626	0.8271482	-2.5037875	4.641305	6.949484	3.2418756
robust	4.1865954	0.9980305	0.09308621	5.6250024	6.5894604	2.4941854
rochester_ny	5.323536	0.9860633	-2.2839284	5.2044616	6.4430146	2.6141982
rock_back_and_forth	3.30338	0.909752	0.4382393	3.857739	8.798705	3.090581
roemheld	5.463991	1.0480843	-2.4114015	5.8430395	8.308071	3.7312663
roemheld_syndrome	4.949895	1.0414982	-2.1002758	5.95164	7.9972377	3.787098
rolaids	3.262799	0.84344816	-1.4027885	4.6400013	7.524234	4.211423
role	4.9650407	0.8789269	-1.4020394	4.7776017	8.892057	3.8132498
roll	3.0702915	0.79306495	0.5383074	3.9473376	8.791933	3.7871306
roll_my_rs	3.9429479	1.3271825	-1.3642658	6.154176	7.6780233	2.9719758
roll_over	2.774988	0.8097675	0.4455836	4.094434	8.522417	3.925156
roller	3.5450711	0.7515657	-0.1006875	3.8931031	8.530987	3.6756692
room_temperature	1.7861308	0.69060415	-0.54949385	4.981117	7.169804	5.258028
room_where	4.957512	0.44224063	-1.1239545	3.3385582	6.8727393	3.5185564
rope	3.710767	0.8855573	-1.0354934	4.6528587	7.7494054	3.564596
rosacea	5.1101317	0.9674168	-2.054981	5.67592	8.228557	3.9403334
rotate_my	3.3276815	0.8471032	0.10551267	3.7746544	8.636466	3.3444953
rough	4.4527254	0.73876804	0.37408525	5.476704	6.14069	3.2122211
rough_patch	4.7259755	1.0672427	-1.4576288	5.599998	6.242601	2.3968797
roulette	4.092321	1.1207321	-1.5048323	6.0934296	7.4153543	3.3440747
round_1	6.1969504	0.7618027	-0.90783745	4.894891	4.982356	1.8969429
round_2	6.301204	0.7687834	-0.8931162	4.8577347	4.92043	1.8464017
round_trip	6.6893272	0.6522334	-2.31659	4.04744	5.2464757	2.1739812
round_two	6.055546	0.8155716	-1.0265915	4.9745555	5.108731	1.9209913
routine	3.8561642	1.0452102	-0.09224894	3.7147067	8.790199	2.551725
rub	3.7028294	0.7391133	0.30731174	3.9314814	9.010041	3.7303677
rude	3.803768	1.3396881	-1.090201	6.6926827	7.2697825	2.3371844
ruin	2.4789836	0.95259595	-0.47053137	6.1202383	7.2896256	4.533518
ruin_by	4.0092525	1.0914667	-1.3877333	6.5322094	7.2528524	3.612593
ruin_my	4.1537905	1.1255561	-1.4070705	6.820441	7.423594	3.7283177
ruin_my_life	4.277361	1.152342	-1.5364404	6.8473887	7.4138727	3.6523888
ruin_so_many	3.979147	1.077729	-1.5659362	6.057061	7.1815543	3.3916993
rule_out	6.805484	0.99551916	-3.3675365	5.3877144	7.241695	2.6486716
rule_out_anything	5.794481	0.8990066	-2.642046	5.391846	7.575744	3.4811442
rule_out_other	6.7358785	0.97003233	-3.3348475	5.217342	7.152808	2.632118
rule_out_r_cpd	5.1191134	1.062934	-2.176656	5.70738	7.8234854	3.471074
rum	1.4479153	0.81059045	-0.7556794	5.3853774	7.0107055	5.2002497
rumble	3.1580293	0.87926155	0.41222116	6.337281	7.968909	3.1438203
run_around	3.4653528	1.000186	-1.3221037	5.5233583	7.108065	3.5564473
run_down	4.0269217	0.62527436	-0.011531879	4.830212	7.4865255	4.0613174
run_in_family	4.6890397	1.1937445	-1.9043204	6.352589	7.692238	3.3922431
run_in_my_family	4.859524	1.0667213	-1.9888384	6.330329	7.7730846	3.832163
run_joke	3.5419934	1.2922026	-0.8471082	6.759132	7.5931516	2.8715181
run_to_the_bathroom	2.9805048	1.4327132	0.29780352	6.1153502	8.404555	3.1979535
run_to_the_toilet	3.1441994	1.3047886	-0.08023373	6.079026	8.120363	3.3008
runny_nose	4.092078	0.7420408	-0.102511466	6.045997	8.195049	4.686809
rush_to_the_bathroom	3.336267	1.0628192	-0.16882227	5.7166677	8.033529	3.694483
russia	4.464481	0.61344725	-2.2734952	3.944917	6.988287	3.8852603
rx	1.8802733	0.8242196	-1.5201102	3.8815413	7.7838106	5.541648
sa	4.3818927	0.4197944	-2.7666254	3.242862	6.7385716	4.1861687
saber	4.5004473	0.74027544	-2.0311673	4.4389853	7.295751	3.7780294
safe_bet	4.0058746	0.8515598	-0.841888	5.210148	6.9466643	3.5454788
sag	4.2966332	0.7406676	-0.70972687	4.3961396	8.685933	3.9384
sake	4.788898	1.2824763	-2.069019	6.0065246	6.3110757	1.895596
saline	6.4608984	0.64423007	-1.4296238	4.057865	5.6710086	2.504792
saliva	3.0263743	0.7266025	0.54600006	4.9901247	7.961448	4.4303875
saliva_mucus	2.926592	0.7560143	-0.20233995	4.842768	7.7253532	4.4559345
salivate	3.4286687	0.85405284	0.09897991	6.0919952	8.012628	4.400483
salivate_a_lot	3.4862833	1.0495425	-0.42862454	6.13681	7.904525	3.7736962
salivation	3.9013696	0.75584036	-0.14057614	5.9605246	8.110969	4.5946727
salt	1.7188103	0.6564512	-1.0637022	4.9200215	7.466106	5.7444153
salt_lake_city	5.7589498	0.9287046	-2.659834	4.929805	6.1044874	2.3650827
salty	2.1685393	0.7164936	-0.85967517	5.123033	7.2689314	5.0928545
salty_food	1.8584824	0.7019426	-0.8996096	5.170066	7.226784	5.3521633
salvia	3.4558058	0.7693724	0.1644048	5.2744083	7.993306	4.194057
same_day	6.1269636	0.66603184	-1.9257987	4.4498396	5.138106	2.1338377
same_experience	4.5665374	1.156846	-1.6874188	6.2179246	6.7163677	2.822164
same_problem	4.6132545	1.1469736	-1.9844134	6.319706	6.992915	3.1314116
same_situation	4.883951	1.2197409	-2.2165089	6.136386	6.502582	2.3712733
same_time	4.1505456	0.91358435	-1.2010779	5.2360783	7.153782	3.3758845
sample	6.3194003	1.1562184	-3.3985772	5.5259047	7.1609073	2.3807118
sample_size	6.030776	0.8386207	-1.5109445	4.8232	5.924356	2.4906526
sampling	5.460902	1.1154565	-2.8145506	5.3660398	7.2882605	2.7389889
san_diego	6.121798	0.99979836	-3.1006036	5.0214896	6.241607	2.1962955
san_leandro	6.4379344	0.8682938	-2.8492134	4.7419243	5.689117	2.015174
sandwich	1.5547934	0.5993153	-0.08929588	4.8282948	7.1177945	5.5288515
sanity	4.530608	1.2503374	-2.0344372	5.9584727	6.574523	2.212463
sarah	5.176095	1.0265247	-2.68	5.070834	6.988029	2.7604506
sarcasm	4.0860815	1.1656446	-1.5474122	6.156581	7.305969	3.0658555
satan	3.2543721	1.0713595	-0.33269554	5.952261	7.6532855	2.8625817
satisfaction	3.9607325	1.0201848	-0.55945283	5.9609556	7.106563	3.1095407
satisfy	3.6782398	1.0694013	0.7074752	5.7015247	7.4480886	2.5500252
satisfy_burp	3.588019	1.0407562	0.15655708	5.6184807	7.373621	2.6630673
sauce	1.4822756	0.60657144	-0.5198008	5.0164385	7.2143793	5.730113
sauna	4.2594557	0.90310466	-1.7351551	4.95699	7.3306894	3.472105
savant	4.4426293	0.5794995	-2.3238425	3.7994356	6.9642406	3.943069
save_my_life	4.931336	1.1588074	-1.6872544	6.0147514	6.1257257	2.193444
saw_doctor	6.6551247	0.86966157	-2.8648713	4.81172	5.551733	1.8344929
saw_doctor_villari	5.04284	1.0510634	-2.1968105	5.394304	6.3833146	2.4855926
say_excuse	3.490954	1.1445028	0.24845922	5.6052995	7.814381	2.636836
say_nope	3.3414724	1.2318944	-0.22029051	5.446089	8.141105	2.957082
sc	6.139929	0.91801673	-2.8607206	4.888896	6.043179	2.2197092
scam	6.015563	1.0494701	-2.983909	5.289117	6.689141	2.4323146
scan	6.99456	0.7092534	-3.226629	4.6462965	7.4147787	3.098186
scare	3.632551	1.5644585	-0.32061556	7.2791286	8.180426	3.4284332
scared	3.6145103	1.5683913	-0.2884717	7.2804036	8.181383	3.424798
scared_of_vomit	3.792148	1.395279	-0.88717276	6.7597456	7.9181204	3.3011637
scary	3.6000457	1.4885391	-0.18365125	7.1465297	8.088995	3.4786887
scary_at_first	4.3624077	1.1125181	-0.8672392	5.9496236	6.48223	2.6097715
scary_part	4.302768	0.79509455	-1.2253304	4.826169	6.924299	3.431213
schatzki_ring	5.3947983	0.98601186	-2.3808587	5.44467	8.151782	3.6321115
schedule_for_april	5.9322553	0.85952014	-2.0465722	5.033911	5.2058463	1.8738736
schedule_for_august	5.8508897	0.8773714	-1.9698404	5.119791	5.2246313	1.8582164
schedule_for_june	5.9057684	0.8728831	-2.1686015	4.9730806	5.4153724	2.0089152
schi	5.774164	0.92281485	-2.5547636	4.9382815	5.961323	2.2875655
science_behind	4.8113685	1.2081054	-2.22866	5.765286	6.667783	2.345576
scientific	6.223656	1.1958579	-3.376982	5.6263075	7.1474543	2.321349
scientific_argument	6.005483	1.1452361	-3.1565113	5.541771	7.2862573	2.5879397
scientific_evidence	5.9044113	1.1330591	-3.0757766	5.5123706	7.2862206	2.6358335
scientific_paper	5.7369013	1.1272233	-3.0638413	5.426292	6.969918	2.470317
scientific_prove	4.987151	1.1130866	-2.1087763	5.728892	7.5084505	3.1271935
scientist	6.0396295	1.1867847	-3.2194889	5.6472726	7.249425	2.466509
scleroderma	5.204002	1.0104184	-2.148461	5.564806	8.304629	3.7509418
scope	7.054187	0.6556506	-3.0400214	4.4196696	7.2115035	2.99344
scope_down	5.3090773	0.35430706	-0.6575244	3.2056313	7.442393	3.628268
scope_down_my_nose	6.9161654	0.65284705	-2.9140902	4.381233	7.1670113	3.000182
scope_through	5.336213	0.37516886	-0.7579968	3.2526438	7.479228	3.5920413
score	3.9702654	0.8592942	-1.5070193	5.07993	7.1483264	3.7458837
scotland	7.028048	0.8643837	-3.1176178	4.5121946	5.6897545	1.9251554
scottish	5.684123	1.0318943	-2.7741888	5.268219	6.9336486	2.7079704
scramble_egg	1.5775781	0.6006162	-0.070152335	4.7952795	7.108679	5.4954305
scratch	4.1365643	0.54919785	0.6188888	5.092599	6.7406216	4.020231
scratch_throat	4.1735454	0.6224022	0.32518968	5.235357	6.628855	3.8618083
scream	3.0209935	1.326922	0.13181329	6.261345	8.100948	2.935411
screech	4.0506935	0.94975114	-1.1663122	5.473454	7.07811	3.1934674
scrunch	3.9789464	0.6751959	-0.07259894	4.542743	8.757154	4.1223383
scuba	4.2146487	0.78332615	-1.4394617	4.650898	7.3657813	3.6461918
scuba_dive	3.9432287	1.0913787	-1.3891406	5.6315207	7.310492	3.2822704
seafood	4.0628047	0.88443595	-1.6494312	5.003886	7.238259	3.5869513
search_on_here	4.123644	1.1506922	-0.39087522	4.2187696	8.402477	2.2881763
search_this_sub	5.4003234	1.3008293	-2.9215624	5.7867503	6.854608	2.0496962
seasonal	4.49933	0.7529683	-1.5789981	4.7875595	7.7313137	3.9774122
seat	2.7603981	0.8089515	0.56222785	3.9491525	8.678122	3.8883522
second_appointment	6.6801324	0.6882965	-2.2900205	4.1723843	5.3209724	2.1428638
second_attempt	6.0996275	0.7903535	-1.1647931	4.886922	5.153864	2.0016377
second_botox_shot	5.3652554	0.9153044	-1.7306217	5.1093974	6.0765038	2.5437264
second_dose	6.310186	0.7616901	-0.88769615	4.845763	4.934921	1.8609217
second_injection	6.341795	0.78003544	-0.8888687	4.8250017	4.923563	1.8422358
second_jab	4.831913	0.933542	-0.23532216	5.5066595	5.89049	2.3107133
second_one	6.35881	0.741207	-0.85289717	4.8248315	4.8911905	1.8376496
second_opinion	5.148284	1.1253997	-2.4254675	5.491504	6.4897685	2.3253417
second_pregnancy	3.8792973	1.284385	-0.95715857	6.9367867	7.796059	3.6840332
second_procedure	6.331753	0.7795715	-0.8718856	4.8599114	4.913597	1.8377762
second_round	6.328922	0.75356287	-0.87920225	4.8326607	4.919506	1.8560058
second_shot	6.3234563	0.7690574	-0.8876867	4.8463054	4.9241486	1.844169
second_time	6.3428216	0.747613	-0.87646693	4.8202024	4.917107	1.8601255
second_time_around	6.05296	0.8043117	-0.96288204	4.96892	5.1195164	1.9542223
second_treatment	6.1688046	0.8129147	-0.95336425	4.917825	5.112933	1.9559892
second_week	4.4322743	0.88571376	0.22934459	5.593248	6.172288	2.6717973
secondary	5.4412017	0.9540683	-2.1866872	5.8111978	8.628452	4.171796
section	5.9686337	1.2213086	-3.381793	5.552557	6.754251	2.0316677
sedate	6.723733	0.5643021	-1.6118634	3.9720042	5.294885	2.2785828
sedation	6.732838	0.555547	-1.6161946	3.9615605	5.287	2.2730682
see_doctor_hicklin	5.6453	0.94618994	-2.0301151	5.202689	5.5595026	1.9954096
see_doctor_schindler	5.745696	0.91637546	-2.544596	4.9305515	5.9987903	2.3130844
see_doctor_spiegel	5.813673	0.93162954	-2.4279575	5.043382	5.712365	2.0796423
see_he	6.8275065	0.8382375	-2.8365746	4.743217	5.360997	1.7164145
see_her	6.8045697	0.84161806	-2.818539	4.7773957	5.357524	1.7053881
see_result	4.8493147	1.0227917	-0.35670677	5.585588	5.9103265	2.0627372
seed	1.7691524	0.644919	-0.98950344	4.987896	7.332062	5.61771
seek	6.683202	1.0786794	-3.4231904	5.3390613	6.736478	2.2087142
seek_help	6.0769224	1.1773273	-3.0876708	5.712121	7.056911	2.3818996
seek_out	6.686974	1.0885383	-3.4364183	5.3523016	6.7383456	2.1922946
seek_treatment	6.4903665	1.1210396	-3.338612	5.4225082	6.7378144	2.1798463
seem_to_be_able	3.4781394	1.1390597	0.12726311	5.451583	8.149495	2.8954923
seem_to_fit	5.3536105	1.0276202	-2.3826368	5.7998323	7.805005	3.5807028
seem_to_get_worse	4.795422	1.0083128	-1.4833667	6.855064	7.9077983	4.2989187
seem_to_help	1.7767843	0.7754179	-1.251175	4.3863873	7.779726	5.5982785
seem_to_trigger	1.7361814	0.7071401	-0.8838749	5.1752357	7.266705	5.4509015
seem_to_vary	4.8707676	0.85672814	-0.6645671	5.798643	6.643164	3.3724277
seem_to_worsen	4.9179254	1.0082539	-1.5706967	6.768041	8.025929	4.2932386
seep	3.8574922	0.9100026	-0.21537848	5.416263	7.1897364	3.164209
segment	4.576326	0.9416587	-1.9383585	5.066717	7.065832	3.189295
seize	4.6940303	0.75091314	-0.4437253	4.2322044	9.383936	3.9083912
seldom	4.21749	1.2416351	-1.3590142	6.241627	7.35098	2.8542576
self_advocate	5.125733	1.1031435	-2.3352885	5.364746	6.684412	2.4872372
self_confidence	4.563305	1.1015981	-1.891633	6.0512686	7.6719313	3.537618
self_conscious	3.2172313	0.94147354	-0.10136384	6.493017	7.8034844	4.054149
self_conscious_about	3.2330172	1.0146719	-0.5010259	6.085788	7.632038	3.6313567
self_cure	4.124419	1.1601179	0.024315557	4.5485992	8.1592045	2.1614535
self_cure_method	4.1403375	1.1311953	-0.49209753	4.1596017	8.454054	2.3776126
self_diagnose	6.7236247	1.0770701	-3.3616936	5.644431	7.198039	2.5182936
self_diagnose_myself	5.063184	1.1938176	-2.375963	6.2557335	6.986552	2.846609
self_esteem	4.6397915	1.0790524	-1.8501486	6.175958	7.8607	3.792597
self_massage	3.7454789	0.89382786	-0.5517192	3.9334834	8.656145	3.3950055
self_pay	7.1552587	0.7011007	-2.6767263	4.079869	5.291678	1.9915272
self_refer	6.612937	1.0239817	-3.4165964	5.180083	6.578307	2.2101965
self_teach	4.167357	1.1652311	-0.23469974	4.6093683	8.033182	2.1493104
self_train	4.9079514	1.2418439	-2.3046985	5.7309732	6.9145956	2.329349
selfish	4.750115	1.1123422	-2.0183527	5.5273137	6.4776955	2.4505484
seltzer	1.1210837	0.88249254	-0.32695228	5.7070503	7.027628	5.2978487
semaglutide	4.493057	0.985804	-1.7356062	5.887229	7.2656283	3.7070005
semester	3.8555763	0.8344081	-1.3734285	5.1236687	6.8789296	3.7336047
sen	4.4379606	0.5563193	-2.408743	3.702491	6.9091454	3.9751449
send_a_referral	6.2680326	0.92881083	-3.0760653	4.9447284	6.303853	2.309265
send_he	6.21412	1.1568284	-3.421762	5.448207	6.612688	2.0218215
send_them	6.6769633	1.0574304	-3.4538789	5.240668	6.3489456	1.9229194
sensation	3.600467	0.7934076	0.7113655	4.9369807	8.536829	3.8153865
sensation_in_my_throat	3.7589657	0.6823863	0.42888424	5.1954927	8.199779	4.3405046
sensitive	3.2341506	0.80740505	-0.23675922	5.8145995	7.9250054	4.740506
sensitive_enough	4.9510016	0.92705494	-0.99115324	5.798047	6.807065	3.268117
sensitive_gag_reflex	3.6655502	1.2518448	-0.7279383	6.261947	7.907605	3.5319965
sensitive_stomach	3.797138	1.156788	-1.2087108	6.298688	7.6375375	3.6520638
sensitivity	5.312992	0.881353	-2.0391684	5.8474045	8.719995	4.5114446
sensitivity_to_botox	5.3580637	0.8881853	-1.330374	5.410756	6.570819	3.066936
sensory_issue	4.6564465	1.038006	-1.6863295	5.5857644	7.3225894	3.257106
sentence_without	3.2898664	0.7326959	0.1778242	5.002828	7.377212	4.0718446
separate_issue	5.237884	1.0382743	-2.1750147	5.67964	8.315974	3.7337627
septoplasty	5.35061	0.85803086	-2.2469025	5.345864	8.225783	4.0388327
serious_life_change	4.503851	1.0728598	-1.657313	5.876155	6.832464	3.0377357
serotonin	4.994995	0.92010695	-1.9463125	5.253462	8.276078	3.9032423
service	7.0692716	0.84748226	-3.0952256	4.4357867	5.6752024	1.9457127
set_of_symptom	4.903791	0.9952622	-2.117465	5.7521152	7.6768413	3.634464
set_off	3.6744823	0.82178193	-0.037650723	5.9340568	8.00575	4.432715
several_doctor	6.469773	0.9379982	-3.2667055	5.083962	6.6738024	2.4278493
several_hour	2.0918033	0.734818	-0.04420434	5.3334775	7.2243404	5.0345087
several_other	6.1187525	1.0697297	-3.1444526	5.2346215	6.689123	2.3697543
several_time	3.644819	1.2264928	0.21140331	6.693265	7.394489	3.2436445
several_year_ago	6.05127	0.8406007	-2.7972398	4.9205284	7.084065	3.04052
severe	4.4467044	0.86478424	-0.6204981	6.6989493	8.460322	4.757199
severe_anxiety	4.4540014	1.1149958	-1.2057837	6.700083	8.257617	4.1395125
severe_bloat	4.0854607	0.79755193	-0.2057841	6.610129	8.474457	4.8360205
severe_case	5.1913056	1.1944125	-2.1181655	6.5199265	8.252688	3.7102616
severe_constipation	4.5342665	0.86273295	-1.1234365	6.319386	8.291632	4.5507183
severe_emetophobia	3.8138747	1.5319862	-0.6611098	7.2941527	8.21232	3.491759
severe_end	4.8690658	0.9912708	-1.4708514	6.1738973	7.2386837	3.5932283
severe_gerd	5.418116	0.92685896	-2.1578054	5.8889976	8.587131	4.3145967
severe_heartburn	3.9728713	0.8664901	-0.87601405	5.92624	7.6805525	4.1238046
severe_impact	4.541276	1.1349831	-1.6418707	6.803014	7.5546746	3.7376387
severe_nausea	3.981378	0.8236796	-0.5857869	6.201457	7.9517546	4.485048
severe_pain	4.0633903	0.7959887	-0.4111396	6.408488	8.311533	4.73679
severe_reflux	5.6224556	0.85973793	-2.2844946	5.769853	8.549652	4.382629
severe_regurgitation	4.623388	0.7823523	-0.16691273	5.669226	6.447466	3.4070215
severe_side_effect	5.718214	0.856673	-1.3406876	5.0714536	5.9806647	2.5899994
severe_underweight	3.6702616	0.9464769	-0.8785399	6.240566	7.6343465	4.2450047
severity	5.114863	1.0066961	-1.6234967	6.6241803	8.3603735	4.3179164
sex_life	4.424681	1.087739	-1.8278197	6.314389	7.3579183	3.6010177
shadow	4.9553165	1.2148678	-2.4195247	5.7604337	6.600105	2.236671
shake	1.6863844	0.6418574	-0.15134913	5.030957	7.418711	5.437775
shake_my_head	3.4066951	0.90059686	0.25307295	3.976012	8.694069	3.1637256
shake_up	3.281827	0.99587005	-0.7113783	5.4129486	7.4079285	3.636629
shaker	3.9013298	1.104867	0.06879315	3.788087	8.806131	2.3284395
shaker_exercise	3.90863	1.1098084	0.06292506	3.8042083	8.784539	2.310965
shaker_exercise_and_larynx_lower	3.88853	1.0744395	-0.029058866	3.831311	8.783618	2.474998
shaker_exercise_cricoid_massage	3.9231122	1.0834589	-0.10871247	3.784557	8.747462	2.421807
shaker_exercise_help	3.9217293	1.0723158	-0.13871169	3.8025181	8.741873	2.4787076
shaker_exercise_search	4.0015707	1.1129473	-0.18689364	3.9295301	8.638049	2.334898
shaker_larynx_lower	3.9223804	1.0899285	-0.07827149	3.8058472	8.741414	2.4006798
shaker_method	4.045966	1.1156721	-0.45231235	4.3276086	8.326883	2.4686027
shaky	3.6232736	0.76040393	0.18607618	5.763199	7.6306314	4.364674
shallow_breath	2.2789314	0.84813243	-0.6889932	3.8149602	7.9291325	4.7212553
shame	4.204788	1.2958846	-1.7768242	6.4390216	7.3125987	2.6540387
shape	4.1238046	0.6788135	-0.0037682848	4.4360714	9.246136	4.2503242
shape_my_life	4.461492	1.1956854	-1.7589753	6.8168116	7.325569	3.496992
share_their	5.0504637	1.333675	-2.5226333	6.1373024	6.611596	2.0141654
share_your_story	4.8224087	1.3655356	-2.2630267	6.23635	6.3984947	1.7817409
sharma	6.251212	0.95731	-3.1187203	5.0344644	6.251662	2.2201154
sharp	3.9716103	0.6202791	0.27037635	4.6410255	8.895065	4.3058777
sharp_pain	4.02377	0.6019797	0.14744905	4.9490275	8.698694	4.444935
she_ask	5.4297414	0.38959104	-0.831508	3.2923625	7.425918	3.5683284
she_inject	5.310922	0.47906902	-0.70921224	3.4801953	7.1854315	3.4150105
she_put	5.201446	0.42377314	-0.692476	3.3008587	7.443521	3.5865202
she_refer	6.923784	0.8887744	-3.3931615	5.0748425	6.5298953	2.245502
she_send	6.632062	0.82055074	-3.1684475	4.836456	6.885788	2.706794
she_suggest	4.8850102	0.9563769	-2.2452304	4.917446	7.1862583	3.1370533
sheer	4.1875634	1.2060052	-1.3966166	6.2242584	8.014345	3.4622135
sheet	5.7981215	1.0030419	-3.0005026	5.0696993	6.502464	2.351359
shepherd	4.1535287	0.7800803	-1.5927943	4.6688266	7.1285744	3.6994407
shift_my_head	3.3911855	0.90508544	0.41201648	3.9554381	8.804673	3.1140513
shirley_oak	6.6055174	0.7909597	-2.6491687	4.581501	5.3498783	1.8944881
shit	3.468793	1.321184	-0.76843035	6.7765675	7.376279	2.4870565
shit_suck	4.543447	1.3080213	-2.002277	6.1458735	6.545817	2.056784
shit_ton	2.7108877	0.82164484	-0.9233273	5.2977815	7.2655764	4.5127845
shiver	3.1149526	0.907294	-0.2799273	5.518686	7.5474286	3.9773815
shock	3.7205226	1.3468416	-0.9848558	6.8009644	7.183368	2.2741854
shock_by	4.2431984	1.2237068	-1.668808	6.3520274	7.18457	2.998375
shoe	3.6849668	0.7014287	-0.29119924	3.903432	8.13635	3.7186782
shoot_pain	4.020609	0.6173442	-0.14800657	4.704552	8.575718	4.3101106
shoot_up	3.6462016	0.8169255	-0.36584833	5.1956882	8.07141	3.9358811
short_answer	4.457925	1.0052898	-1.7030113	5.5688753	6.9979157	3.22956
short_flight	4.0340605	0.91251963	-1.0891496	5.224119	6.961086	3.3543954
short_live	4.7076616	0.87248653	-0.54974574	5.8420825	6.606668	3.3212953
short_of_breath	3.6725	0.7747444	0.08146996	6.057567	8.157901	4.5655704
short_while	2.8480835	0.7464475	-0.29072502	5.239698	6.9311376	4.4702787
shortly_after_eat	2.6161618	0.8175806	-0.75712043	5.338093	7.411716	4.6056757
shortness_of_breath	4.214179	0.78649676	-0.25935888	6.493882	8.503422	4.836385
shortness_of_breath_and_heart_palpitation	4.013765	0.8409685	-0.77092975	6.268427	7.868689	4.499178
shortness_of_breath_be	4.6609635	0.88666797	-1.3530843	6.182013	8.023772	4.2762876
shortness_of_breath_etc	4.122916	0.7653819	-0.45360348	6.1903143	8.1954975	4.6395226
shortness_of_breath_i	4.200213	0.7622528	-0.7686699	5.845938	8.035639	4.4294868
shot_of_vodka	1.7021024	0.8029338	-0.76232165	5.2749944	7.0533423	5.065726
shotgun	2.6620688	0.85685486	-1.0096842	5.212985	7.2242284	4.3824096
should_subside	4.481873	0.89541817	-0.2211198	5.539914	6.3120723	2.8040712
shoulder	3.7648494	0.7541875	0.5091028	3.9377568	9.216601	3.6883984
shoulder_blade	4.016216	0.6188969	-0.13268752	4.547011	8.648785	4.252032
shove	3.1384115	1.0773227	0.53025585	4.760918	8.765881	3.3821707
shove_my_finger	2.9516644	1.4850323	0.37041232	5.9650693	8.533964	3.086782
shovel	2.142766	0.7473727	-0.49014956	5.111739	7.183093	4.9220614
show	6.989277	0.73001564	-3.233684	4.686614	7.385571	3.0525658
show_anything	7.024993	0.7556559	-3.275389	4.720704	7.228753	2.9011316
show_he	6.4354553	1.1393392	-3.4816587	5.5089707	6.725674	2.085158
show_nothing	6.9178457	0.7208479	-3.195612	4.670622	7.380711	3.10451
show_r_cpd	6.4372973	0.8579119	-3.037787	5.02014	7.2640395	3.0054677
show_them_doctor_bastian	6.2317643	1.1337557	-3.3802834	5.4268465	6.677229	2.1321998
shrink	3.9330616	0.6883723	-0.20227505	4.826905	8.616154	4.23619
shudder	3.7588005	0.8030857	-0.9168051	4.6575665	7.681384	3.7307425
shut_down	4.8605175	1.1322329	-1.8168057	5.834827	8.538032	3.6549318
sibo	5.7077003	0.9126863	-2.247044	6.1945467	8.817145	4.557843
sibo_and_h_pylori	4.7672486	1.0740772	-2.1463778	5.674137	7.552088	3.4092586
sibo_h_pylori	5.6942377	0.83297586	-2.4559095	5.586784	8.449132	4.2870007
sibo_test	6.645593	0.77502257	-3.1034255	4.8093777	7.2775784	3.062682
sick	3.0529065	1.2068566	0.105857275	6.6947126	8.09194	4.073387
sick_and_tired	4.0920496	1.1168431	-1.5833908	6.212145	7.0188	3.189018
sick_to_my_stomach	3.258707	0.9116338	-0.16098471	6.262313	7.795281	4.325477
sick_with_a_cold	3.580453	0.7974905	-0.07500136	5.842923	7.78002	4.416566
sickness	4.122286	0.87978214	-0.3266946	6.6527967	8.445142	4.7089267
side_affect	5.566148	0.882682	-1.2509111	5.226681	5.964934	2.559802
side_effect	5.440631	0.8377005	-0.64045006	5.3027425	5.967687	2.6705608
side_shaker	3.9154508	1.071606	-0.16197555	3.8138509	8.709099	2.4879851
side_stitch	3.8787236	0.85894346	-0.711926	6.0769315	7.7442617	4.217589
side_to_side	3.4307399	0.90743065	0.7381847	3.9472556	9.011471	3.0923615
sideways	3.4434686	0.89155865	0.55108887	3.8432086	8.9590225	3.1474798
sideways_shaker	3.9370165	1.0611601	-0.19066425	3.827444	8.7037115	2.503888
sigmoid_colon	4.99839	0.8696648	-2.176625	5.076363	7.4587045	3.5863385
sign_off	5.457656	1.0009183	-2.3804884	5.2183404	6.5394087	2.5887434
significance	5.6136127	1.0697967	-2.7617526	5.369957	7.3472495	2.8883467
significant	4.5606217	0.7763702	-0.4408737	6.476977	8.043284	4.6269326
significant_cheap	6.6991262	0.7058197	-2.152779	4.1216297	5.390828	2.240414
significant_improve	4.5480113	1.0232234	-1.3255059	6.580231	7.144257	3.6902754
significant_increase	4.925086	0.8779489	-1.760326	5.2094464	7.1386456	3.4390297
significant_progress	4.3705688	0.9984414	-0.637442	5.682596	6.335282	2.592736
significant_worse	4.3651257	0.875286	-0.7965556	6.7477036	7.896177	4.5137973
sil	4.4533834	0.64561576	-2.1882985	4.090453	7.0456634	3.8594215
silent	3.4600775	1.0797553	0.63204765	5.993224	7.6637135	2.6751459
silent_fart	3.933718	1.0786784	-1.5257416	5.419858	6.992782	2.9362354
silent_hiccup	3.5175357	1.0592381	-0.07263402	5.6436305	7.681163	2.937586
silent_migraine	4.505447	0.955251	-1.150186	6.591082	8.193085	4.473306
silent_one	3.5957804	1.053957	0.24514404	5.805522	7.395377	2.7679887
silent_reflux	5.5884085	0.8995406	-2.0318701	6.19122	8.90572	4.648273
silly	3.814177	1.3387823	-1.095209	6.709386	7.326275	2.3788695
simethicone	1.7942059	0.7805161	-1.4293756	4.2083664	7.805192	5.6808405
similar_condition	5.256865	1.0500702	-2.2292938	5.747358	7.8647194	3.5451987
similar_experience	5.036697	1.4043317	-2.3553195	6.3216567	6.5094805	1.746585
similar_issue	5.46374	1.1284947	-2.3982062	6.1976137	8.310104	3.6895537
similar_situation	5.017405	1.3444318	-2.4578934	6.170495	6.560754	1.9529635
similar_story	5.048927	1.318058	-2.5384	6.1470137	6.6878314	2.138432
similar_to_mine	4.907427	1.3319296	-2.415156	6.484048	6.8051014	2.3736503
similarity	4.8180633	1.246398	-2.2190886	6.1380906	7.2003345	2.6514328
simultaneous	3.6733456	0.8464392	0.27094647	4.3836203	8.814581	3.525145
since_august	4.461541	0.9955716	-1.7464815	5.9469805	7.0028176	3.5448663
since_birth	4.535989	1.3683054	-1.6905947	7.3601522	7.845496	3.5611525
since_childhood	4.7058682	1.251418	-1.7415323	7.0901546	7.9737716	3.7957096
since_forever	4.434479	1.2217532	-1.7427462	6.668066	7.2547283	3.3100677
since_infancy	4.6721115	1.3145311	-1.8084321	7.188563	7.897728	3.645313
since_then	4.021708	1.232351	-0.20689952	6.961564	7.3280587	3.3268805
sing	3.5924187	0.7043604	0.30536616	5.0339227	7.2440615	3.9457119
sing_voice	4.5233674	0.8216586	-0.45002714	5.505278	6.5554414	3.3137398
single_bite	1.8682035	0.6850688	0.036280368	4.6608534	7.2686152	5.1086483
single_hiccup	3.3003507	0.98569125	0.15387517	6.1925244	7.766134	3.121472
single_person	4.779978	1.2484164	-2.253338	6.118767	7.0865617	2.6131735
single_time	3.9777539	1.3615919	-1.1638016	7.0182652	7.7181664	3.4204772
singular	3.5608578	0.9516578	-0.34642166	5.6963267	7.6810827	3.2875018
sinus	4.3232036	0.6189691	-0.30455974	4.8994026	8.511007	4.400542
sinus_drainage	3.9427743	0.7735232	-0.3739434	5.6433597	8.042393	4.339401
sinus_infection	4.4470286	0.9656947	-1.7038532	5.827199	7.8100343	4.004186
sinus_issue	4.5776067	0.86880773	-1.3267599	6.0174937	8.1322	4.393453
sinus_pressure	4.0571623	0.755627	-0.62128323	5.7604537	8.022291	4.3851414
sip	1.4332085	0.7474914	0.07303144	4.778281	7.233051	5.302276
sip_after_each	1.6606959	0.7076181	-0.10788471	4.397706	7.297577	5.2429504
sip_of_liquid	1.6101359	0.7161002	-0.06847275	4.392358	7.2962203	5.255373
sip_of_water	1.5648304	0.69639426	0.11673318	4.642904	7.254983	5.304389
sip_of_water_after_every	1.6282088	0.70744795	-0.050106175	4.412853	7.289928	5.2521935
sip_water	1.7071989	0.6352606	0.19325066	4.657159	7.2264585	5.2657347
sip_water_after_every	1.7649184	0.6404688	0.05313566	4.734672	7.16192	5.261267
sister	4.484938	1.3733732	-1.7634691	7.136054	7.744736	3.353089
sister_both	4.5628114	1.3745815	-1.8030088	7.244269	7.768659	3.4174104
sit	2.7670608	0.8083262	0.5936727	3.9305007	8.706585	3.8668094
sit_around	2.7434204	0.8556188	-0.8475519	5.396049	7.26452	4.3696313
sit_down	2.8141203	0.8065988	0.5845437	3.9146142	8.728784	3.8399885
sit_in_my_chest	3.8676147	0.7374512	-0.37965629	4.682301	8.161762	3.9199972
sit_in_my_throat	3.4122143	0.7608196	0.26552308	5.1052446	8.171367	4.18825
sit_on_the_couch	3.1382685	0.9316719	-0.5472297	5.8316364	7.440615	4.09817
sit_or_stand	3.2811673	0.84702194	0.19136056	3.812222	8.6736555	3.3909683
sit_right	3.6111622	1.0109459	-0.56435585	5.542683	7.9476614	3.6215796
sit_stand	3.3084478	0.848597	0.22320001	3.787878	8.701057	3.336557
sit_straight	3.254629	0.8682666	0.4138893	3.8693998	8.766321	3.2693522
sit_there	3.3159215	0.7767357	0.59217685	4.741336	8.668286	4.093049
sit_up	2.8417966	0.80701864	0.58582914	3.8814273	8.74718	3.8024182
sit_up_in_bed	3.0050006	0.894525	-0.3454199	5.327326	7.536964	4.021721
sit_up_straight	3.3958223	0.8845789	0.6410596	3.9263859	8.995339	3.2554107
sit_upright	2.8361855	0.7980138	0.44154277	3.9020302	8.636394	3.8568113
situation	5.3347545	1.1639725	-1.9946893	6.572777	8.68444	4.0269027
six	4.286851	0.9075208	-0.3273294	5.523976	6.1862397	2.8218606
six_day	5.074591	0.98659086	-1.5283712	5.387484	6.0744443	2.4218395
six_month_pregnant	3.4113724	0.846209	-0.83840555	6.036584	7.527325	4.2698593
six_pack	4.074902	0.78347135	-1.6990396	4.6631737	7.3385615	3.8484247
six_year	4.5139737	1.1639696	-1.7101008	6.8835	7.3852487	3.6960793
sjogren	5.2643805	0.99988824	-2.1768904	5.8172936	8.48949	4.0251627
skeptical	5.994975	1.0157131	-2.5120776	5.307991	6.926375	2.7321174
skinny	4.0720134	1.1924589	-1.679272	6.865301	7.721469	4.060061
skinny_guy	3.6869547	0.96692604	-0.78566545	5.8735924	7.619885	3.5635815
skip_breakfast	2.870615	0.8903189	-0.5608301	5.620129	7.3855114	4.2729316
skip_dinner	2.398632	0.8218449	-0.5284909	5.4732475	7.146421	4.6615634
skip_meal	2.6487472	0.80433255	-0.8868484	5.3314147	7.3149166	4.6302433
skirt	3.6744738	0.7783883	-0.62217736	5.2064576	7.9695807	4.1460977
sky	4.610124	0.9286247	-2.0568228	4.9779167	7.159998	3.191003
slam	3.0926323	0.84782594	-0.052717037	4.1362543	8.293694	3.6392033
slap	5.6261744	0.8655215	-2.481298	5.582571	8.328607	4.1409574
sleep_apnea	5.646603	0.882415	-2.2136	5.946982	8.750325	4.4938884
sleep_at_night	2.989413	0.8445856	-0.23994786	5.072547	7.6069293	4.2105355
sleep_elevate	2.0848265	0.72543496	0.16929442	4.1385345	8.051181	4.6574936
sleep_last_night	3.2587907	0.87056905	-0.45828384	5.4393063	7.3742476	4.021657
sleep_on_a_incline	2.0844657	0.7241747	0.18571854	4.1423225	8.051405	4.653508
sleep_on_a_wedge	2.1639726	0.732495	0.2070686	4.0575557	8.160347	4.5514894
sleep_on_my_stomach	3.7077682	0.86453193	-1.0396326	5.1325088	7.5070677	3.8833156
sleep_position	3.8811457	0.9305135	-1.5016975	5.295559	7.4020567	3.8097465
sleep_prop_up	2.1315544	0.72889024	0.20447348	4.1129875	8.106861	4.599606
sleep_quality	4.4772205	0.82393974	-1.2063558	5.8668766	8.138644	4.424382
sleepy	4.07543	0.5840202	0.32945538	5.1395144	6.2387547	3.8895383
slight_burn	3.7919993	0.7502296	-0.2803831	5.3777423	8.170522	4.224965
slight_difficulty	3.6907487	0.7078129	-0.1803076	5.072542	7.231508	4.058746
slight_discomfort	4.030741	0.5727094	0.4087101	5.010102	6.850438	4.020152
slight_lump	4.0477495	0.6106059	0.3788101	5.110148	6.816752	3.9466338
slight_pain	4.045579	0.61228955	0.2866997	5.111639	6.8411207	3.9536622
slight_regurgitation	4.5711823	0.7540447	-0.014522269	5.590138	6.428403	3.4312887
slight_slow_swallow	4.505701	0.8094083	0.08981441	5.609019	6.2816687	3.1211815
slight_sore_throat	4.2615685	0.6453338	0.3321933	5.263329	6.27614	3.6170917
slightly_better	4.020532	0.81906295	-0.21804368	5.525697	6.80715	3.431392
slightly_different	4.988372	1.1928096	-2.1295002	6.210829	7.5034246	2.9867554
slightly_forward	3.4600067	0.8667142	0.21218337	3.8213844	8.750536	3.2216766
slightly_high	6.0542192	0.8201036	-1.4306079	4.8057837	5.887248	2.5155928
slightly_lower_success_rate	5.6428585	0.9017185	-1.7749196	5.0242014	6.271016	2.650671
slightly_nauseous	3.2315366	0.9234409	-0.13283096	6.276758	7.7042603	4.304248
slightly_overweight	4.4320045	1.1547271	-1.6890384	6.6672735	7.395719	3.6146667
slightly_sore	4.062807	0.563428	0.47660008	5.025577	6.810642	4.018341
slightly_sore_throat	4.203773	0.6134005	0.32185823	5.195465	6.2891364	3.74817
slightly_worse	4.4900837	0.75674343	-0.50505304	6.258959	7.649642	4.411436
slim	4.167393	1.1998627	-1.7420968	6.8025784	7.7004337	3.945841
slime	3.6716166	0.69358593	0.19489668	5.1161575	7.5126967	4.090796
slip_out	3.6114433	1.0767323	0.79135305	5.8102036	7.4914503	2.629636
slouch	3.0119467	0.8164777	0.58935803	3.8535135	8.832168	3.6614556
slow_and_gentle	3.6066365	0.8226694	0.18763515	3.9801567	8.796	3.4325678
slow_but_surely	4.262245	1.0032462	0.15190019	5.526961	6.593359	2.4169106
slow_digestion	4.8595185	0.9123738	-1.735196	5.535811	8.57994	4.197644
slow_eater	2.2902732	0.75030535	-0.81512046	5.1280713	7.1226444	4.8686323
slow_get_better	4.44895	0.86716896	0.17895621	5.6022277	6.1879063	2.860614
slow_motility	5.484674	0.868868	-2.2369263	5.570773	8.610694	4.2893767
slow_move	3.939004	0.69700783	-0.395409	4.6809645	8.037409	3.9944437
slow_progress	4.380107	0.95407575	-0.18869963	5.607374	6.3001413	2.5968194
slow_release	3.6587062	0.81255317	0.27373624	5.1927853	8.936798	4.0659504
slow_sip	1.8243135	0.72205985	-0.33955422	5.129462	7.2614145	5.2158265
slow_starter	4.6152725	1.1264434	-1.0915658	5.859314	6.145435	2.1128106
slow_swallow	4.490314	0.7754936	0.37519363	5.551452	6.239748	3.1597645
slow_swallow_begin	4.401594	0.76298434	0.25405294	5.5053267	6.258906	3.217565
slow_swallow_etc	4.725662	0.85431504	-0.29310462	5.784229	6.42807	3.1985245
slow_swallow_kick	4.396241	0.75149536	0.29636917	5.4902864	6.253356	3.2423892
slow_swallow_last	4.5393186	0.8417662	0.15862435	5.5608115	6.0747776	2.8123739
slow_swallow_regurgitation	4.78356	0.8111165	-0.4845042	5.7160697	6.571578	3.4356081
slow_swallow_side_effect	5.5684295	0.8708623	-1.1765004	5.1954165	5.7547746	2.4229052
slow_swallow_start	4.4003706	0.73857754	0.3684228	5.4458547	6.1448975	3.2095046
slow_swallow_which	4.416562	0.73481816	0.3608112	5.491823	6.2422333	3.2982392
slump	3.2431097	0.805896	0.02491403	3.9545438	8.485132	3.6317837
slurp	1.5046508	0.76617134	-0.67895436	5.325474	7.176407	5.3818736
sm	4.4514284	1.2532669	-1.8117065	5.98038	6.642472	2.253641
small	3.7426198	1.053733	0.9151381	5.7675767	7.1921735	2.4456115
small_amount	3.0001955	0.7546875	0.50778025	5.074701	8.103625	4.4148526
small_and_quiet	3.7490523	1.0508064	0.8201186	5.758585	7.2476645	2.5123732
small_bite	1.6323856	0.63927263	0.22267427	4.6684766	7.2172422	5.3163548
small_bite_chew	2.1488276	0.71735835	-0.61243117	4.858109	7.168325	4.966106
small_bowel	5.3506317	0.7738889	-1.9875542	5.021047	8.5587845	4.1858497
small_bubble	3.6963694	0.81136286	0.2602425	4.517731	8.938581	3.7420018
small_burp	3.7823327	1.0587852	0.9903033	5.721252	7.1526113	2.3711252
small_camera	5.1355453	0.41599238	-0.67082995	3.320113	7.462097	3.6360767
small_dose	6.285054	0.7803151	-1.3187313	4.647893	5.4836526	2.2598062
small_group	5.4007025	1.1098894	-2.4057903	5.6282086	7.1819577	2.8480904
small_hiatal_hernia	4.955854	0.99899167	-1.8328084	6.1623797	7.8328075	3.931296
small_intestine	4.2007265	0.7154919	-0.47396877	4.8397183	9.337985	4.638599
small_intestine_bacterial_overgrowth	5.4669156	0.8441473	-2.2498875	5.54324	8.541925	4.3318067
small_meal	1.7621348	0.70228636	-0.2643166	5.1939917	7.224213	5.324131
small_micro	3.9164603	1.0378262	0.55401653	5.64931	7.014524	2.4714382
small_mouthful	1.6491156	0.6805067	-0.02346412	4.470204	7.254028	5.2565346
small_one	3.7853618	1.0573928	0.98355305	5.739305	7.1268196	2.3797178
small_pill	2.010716	0.71745217	-0.13841721	4.688668	7.3407607	5.0028567
small_portion	1.6984265	0.66260993	-0.39328724	5.0139966	7.1947885	5.4115458
small_silent	3.6987026	1.0659455	-0.17957969	5.523074	7.522173	2.746922
small_sip	1.602453	0.7124982	-0.049495965	4.4232173	7.283099	5.25746
small_sip_of_water	1.6244189	0.70375425	-0.06312575	4.408242	7.286451	5.2605014
small_snack	1.9693953	0.7528031	-0.45731613	5.391343	7.1707563	5.113095
smell	3.2081938	1.1913916	0.19148852	6.5140452	7.772437	2.8731482
smell_bad	3.5621502	1.0708257	-0.70385635	6.3137355	7.711895	3.4352396
smell_fart	3.6482515	1.0852203	-0.71108013	6.254718	7.7260647	3.3233545
smell_taste	3.7925	1.1804231	-0.51819474	6.2659616	7.7073884	3.2073064
smile	3.2669723	1.2705309	-0.5045168	6.6655684	7.522969	2.4936495
smoke	1.657926	0.8070817	-0.47457626	5.3985004	7.4334717	5.438102
smoke_cigarette	4.1533203	0.9767434	-1.7296109	5.892707	7.7368755	4.2637153
smoke_salmon	2.1301558	0.70094	-0.59694743	4.953031	7.1475725	5.02402
smooth_muscle	4.767302	0.8101882	-0.85467404	4.484917	9.227744	3.9122617
smooth_recovery	4.6794186	1.34644	-1.9163026	6.161871	6.2059345	1.6572015
smoothie	1.5083457	0.58770734	-0.019634085	4.813085	7.131505	5.5643587
snack	1.7690681	0.7017625	-0.042820156	5.2902756	7.233492	5.3077817
snake	3.9854126	0.67709315	-0.43251252	3.8977036	8.094984	3.6734824
sneak_off	2.9311604	1.0844636	-0.5226112	5.6379795	7.6187587	3.626978
sneeze	3.4002283	1.0403033	0.8299569	5.464754	8.091327	3.0700798
sneeze_cough	3.4122198	0.9853102	0.19903128	5.9044943	7.509199	3.4431427
sneeze_or_cough	3.4784415	1.0207213	0.37197846	5.9232955	7.5204186	3.1870751
sniff_and_swallow	5.059653	0.48565274	-0.61187696	3.410774	7.577135	3.565985
sniffle	3.6990192	0.7626163	0.04545208	5.6816	8.100776	4.4397335
snorkeling	3.4401708	0.8498441	-0.5485672	5.8277106	7.5513897	4.2763114
snorkelling	4.0818744	0.91326517	-1.1989368	5.4768233	7.276839	3.6384296
snort	3.58744	0.78179944	0.10307726	5.728056	7.92137	4.3858614
snot	4.5030327	0.56671584	-0.66159993	4.064774	7.320716	3.7380886
so_annoy	3.1909306	0.99910104	-0.1258586	6.4611077	7.854742	4.160051
so_annoyed	4.399956	1.1858475	-1.6148893	5.954552	6.540847	2.387433
so_bad	3.523441	0.9238881	-0.04489465	6.7367673	8.069748	4.566473
so_confuse	4.4213734	1.2529092	-1.9126993	6.077731	6.8445034	2.4539127
so_cool	4.507646	1.3287698	-1.8520796	6.3953376	6.4897337	2.035418
so_debilitate	4.1341643	1.1500564	-1.3883739	6.7934165	7.433948	3.6432555
so_desperate	4.5582333	1.2618873	-1.9008352	6.0671263	6.3724785	2.045123
so_disappoint	4.6336546	1.2586055	-1.8022176	6.0615344	6.2304134	1.9456416
so_discourage	4.3693895	1.2998961	-1.6338212	6.2047477	6.4123607	1.9911655
so_embarrass	3.2364273	1.2543371	-0.35364258	6.6856284	7.5902624	2.6131542
so_excite	4.77321	1.3744341	-1.8276099	6.4793935	5.980241	1.4962492
so_foreign	3.7119012	1.0437437	-0.68065673	5.736197	7.453479	3.0905333
so_frustrate	4.04288	1.3639901	-1.457272	6.6321216	6.834983	2.1872408
so_funny	3.48574	1.2938608	-0.72690535	6.696761	7.359785	2.4311018
so_glad	4.6324744	1.4173898	-1.916846	6.6519837	6.3169203	1.6996276
so_grateful	4.6563993	1.3804759	-1.9318545	6.636069	6.37329	1.882125
so_gross	3.335567	1.1213204	-0.035590753	6.0560694	7.7316523	3.195127
so_happy	4.6491866	1.4155211	-1.8670009	6.6593637	6.2368007	1.642962
so_hard	3.0089889	1.4539992	0.33595514	6.16545	8.437108	3.1922417
so_hopeful	4.801978	1.2309673	-1.8929019	5.947575	6.091603	1.865525
so_hopeless	3.621529	0.89996237	-0.23813546	6.0172396	7.547638	3.9897041
so_long	4.246556	1.3954532	-1.572829	6.9200354	6.9392195	2.3402517
so_loud	3.163715	1.1546932	0.049242325	6.4889297	7.732113	2.7886097
so_lucky	4.570574	1.3451709	-2.0273907	6.499719	6.6347156	2.1677158
so_miserable	3.0799592	0.9781707	-0.17324914	6.557798	7.7372565	4.3269854
so_much_better	4.9883003	1.1264067	-1.100709	6.299863	5.82586	2.1842787
so_nervous	5.869464	0.8394713	-1.9234724	5.013187	5.279694	1.9577076
so_nice	4.6623626	1.3835579	-1.9223266	6.5292735	6.2487683	1.7309548
so_overwhelm	4.4569907	1.2389247	-1.8330777	5.902587	6.6267495	2.255677
so_proud	4.3579574	1.2663667	-1.7993826	6.382333	6.693516	2.4440644
so_reassure	4.5094643	1.3380439	-1.9471431	6.340272	6.571285	2.0564032
so_refresh	4.582323	1.3262463	-2.1244469	6.4603496	6.7427435	2.3128014
so_relatable	3.8717873	1.1257669	-1.4035939	6.147856	7.2413254	3.2179358
so_relieve	4.5446577	1.4261011	-1.8893136	6.788594	6.5083537	1.8502218
so_sad	4.304347	1.2961015	-1.8247901	6.2686353	6.7447047	2.2994695
so_satisfy	3.4743464	1.1060189	0.042778328	5.8713818	7.5098176	2.734714
so_scared	3.61209	1.5541686	-0.32121912	7.2465158	8.176457	3.4332805
so_sorry	4.4630785	1.4114343	-1.8092315	6.6486387	6.461813	1.8107164
so_sweet	5.235899	0.9844562	-2.174282	5.155531	6.1126313	2.3721948
so_thankful	4.6283336	1.4122467	-1.964565	6.6958165	6.4107375	1.8139772
so_thrill	4.765768	1.2054385	-1.8654169	5.89999	6.196769	2.0491583
so_tight	4.1680017	0.740935	0.23395963	4.449459	9.256842	3.940664
so_tired	3.1276925	1.0059857	-0.15094368	6.5775895	7.786436	4.281285
so_uncomfortable	3.1332355	0.9632471	0.062318634	6.5330377	7.9135594	4.3970103
so_validate	4.580559	1.3490031	-2.0585425	6.6147923	6.700011	2.250528
so_weird	3.3632233	1.2904128	-0.4915119	6.7276225	7.4530993	2.4523053
so_your_mileage	5.4153466	0.90787435	-1.7739857	5.053117	6.155129	2.5974708
soak	2.1717656	0.6969639	-0.7474011	4.7728515	7.2118206	5.0182586
soap	4.149536	0.79275745	-1.5949476	4.6590776	7.20905	3.6677735
soar_throat	4.187221	0.63744813	0.17018275	5.19251	6.3749123	3.7349224
sober	1.5703149	0.89346206	-0.41875294	5.783529	7.1257496	5.0610576
social_acceptable	3.6360004	1.2041755	-0.6826214	6.1244307	7.751117	3.013929
social_anxiety	4.6218905	1.1024895	-1.4172139	6.867298	8.258593	4.1911426
social_event	2.3045378	0.9272154	-0.45100608	5.949239	7.2216	4.5928364
social_gather	2.6885743	0.94418734	-0.6716114	5.861836	7.2444563	4.2956333
social_life	4.430536	1.0981102	-1.357726	6.9441214	7.994006	4.13562
social_media	5.5245976	1.3406061	-3.0993063	6.109223	6.8067517	2.0219476
social_occasion	2.613096	0.92982846	-0.8077828	5.8145156	7.2311473	4.4358306
social_setting	2.9737465	0.9274471	-0.16871656	6.1068244	7.6939244	4.3264375
social_situation	2.9590936	0.9143745	0.00031616492	6.2656217	7.8017654	4.5103407
socialize	2.4029884	0.93994135	-0.512879	5.936117	7.230289	4.5411696
socialize_medicine	6.80609	0.9447803	-3.1621659	4.705962	5.979084	2.0215554
sock	4.7008247	0.5021941	-0.99652296	3.5252743	7.1766243	3.6323853
soda	1.202867	0.885054	-0.2272187	5.768866	7.0950575	5.270937
soda_beer	1.3624266	0.80845046	-0.6429317	5.4441476	7.0302663	5.2741075
soda_etc	2.3032622	0.8410661	-0.9353217	5.3418655	7.223062	4.7285266
soda_water	1.2325065	0.8838666	-0.5254192	5.6110473	6.956179	5.1884475
sodium	1.8953167	0.6490649	-1.097435	4.9296713	7.4240227	5.5926776
sodium_alginate	2.17756	0.78508353	-1.4765941	4.3237047	7.7021985	5.360926
soft	1.4863135	0.5804335	-0.13893239	4.8485484	7.148537	5.6426353
soft_drink	1.2735978	0.84595925	-0.53462887	5.6185036	7.0359993	5.283565
soft_food	1.565332	0.61358726	0.14900158	4.7221804	7.173233	5.422037
soft_food_like	1.6857502	0.61229926	-0.09989585	4.7627263	7.1220245	5.392098
soft_palate	3.6277144	0.8263916	0.118130445	3.7757828	8.826608	3.3569791
soft_pallet	3.7484841	0.79591405	0.03445713	3.9041367	8.7179575	3.4417338
soft_speak	4.43156	1.2383703	-1.7324849	5.9614615	7.0599666	2.643382
soft_tissue	4.321935	0.7021838	-0.59879583	4.4728446	8.756949	4.094107
solar_plexus	3.9339068	0.70122176	-0.040606223	4.227424	8.789198	3.8984127
solid_food	1.6039369	0.62291443	0.16234398	4.6510677	7.194046	5.3462853
soluble	1.8399909	0.65884864	-0.94668967	5.031153	7.2768884	5.483182
solve_nothing	5.362481	0.80169857	-2.333344	5.064402	7.8313007	3.8386254
some_advice	5.052409	1.3566979	-2.3469212	6.141779	6.302086	1.6551992
some_answer	4.7128158	1.3666869	-1.9916471	6.2077584	6.220462	1.620052
some_encouragement	4.819018	1.2563623	-2.0426779	5.899315	6.404669	2.0229328
some_extent	4.53222	0.86597556	-1.5642352	5.6589975	8.291617	4.524006
some_extra	2.0008729	0.8157893	-1.3882761	3.953736	7.7381253	5.38252
some_food	1.5628787	0.6857508	-0.024348307	5.003682	7.329193	5.466743
some_ibuprofen	1.9138453	0.8363481	-1.0352505	3.8033683	7.705105	5.213156
some_ice_cream	1.8892511	0.6349535	-0.21716951	4.8592434	7.0653467	5.251613
some_improvement	4.473079	1.0838608	-1.9313705	5.5094705	6.7170787	2.8306136
some_irritation	4.1806874	0.5277532	0.5918281	4.999112	6.783986	4.036058
some_level	5.125976	1.120513	-2.0357966	6.1658845	8.094074	3.6481311
some_medicine	1.953069	0.8563286	-1.466655	3.7562585	7.8090186	5.4264855
some_microburp	4.223974	0.9233523	0.6209552	5.6485443	6.395693	2.620774
some_mild	4.4001875	0.72292924	-0.57134104	5.9282804	7.8685155	4.457361
some_numb_spray	4.9647255	0.47857884	-0.83558697	3.5669703	7.367626	3.642447
some_of_us	5.337972	1.1702757	-2.1047328	6.5189724	8.568421	3.8867023
some_paperwork	4.994949	0.4569852	-1.1947343	3.3746083	6.8370066	3.475981
some_progress	4.645103	1.2919618	-1.7414235	6.2709675	6.15776	1.8067029
some_regurgitation	3.3451946	0.86783177	0.49883193	5.519921	7.663585	3.8633676
some_relief	3.7200983	1.1724461	0.59049	5.81231	7.323066	2.5005484
some_research	6.3772454	1.2131872	-3.480152	5.7299314	6.775784	2.0054128
some_soreness	4.081676	0.57201475	0.46055606	5.0558515	6.7669926	3.980573
some_soup	1.8086138	0.63217175	-0.13223965	4.7768497	7.102662	5.2934365
some_trouble	5.172519	0.9018198	-2.242298	5.058015	6.6124344	2.9516368
some_tums	2.368232	0.792866	-1.4160488	4.4923463	7.770991	5.232848
some_tylenol	4.019973	0.73573744	-0.46140203	5.2177715	6.569914	3.7215495
some_water	1.5961816	0.65180707	0.19666314	4.7291627	7.213885	5.331708
some_yoga	3.2478223	0.8567391	0.02384959	3.7708979	8.601822	3.386623
somebody_who	4.9515295	1.1107146	-2.1924524	6.130114	7.3352723	3.3154404
somehow_related	4.8804617	1.1313407	-1.9081901	6.278086	8.324258	3.8578825
someone_tell	4.293269	1.2879407	-1.6740992	5.9988	7.34244	2.6599753
something	3.9671106	1.0662845	0.6130901	4.7820024	8.748915	2.8232846
something_call	5.336935	0.8716918	-2.3774154	5.0023446	7.769368	3.5713456
something_stuck	3.9442377	0.56874764	0.58131576	5.0361886	7.0836315	4.126107
sometimes_a_little	3.4523458	1.0225656	0.16928518	5.4959407	7.7276335	2.9825995
sometimes_accompany	3.5796602	1.0499489	-0.13432714	5.947477	7.7677116	3.533888
sometimes_ill	3.0994492	0.9859131	0.36948073	6.113287	7.624323	3.8128257
somewhat	4.2726083	0.8522948	-0.01523024	6.225622	7.5758014	3.9196239
somewhat_manage	4.1765466	0.9934466	-1.4274802	6.3281074	7.474631	4.055148
somewhat_relieve	3.7082412	0.9741624	-0.22773197	5.9932756	7.4597383	3.3530881
somewhat_similar	4.3223124	1.2037588	-1.3272879	5.95242	7.2065744	2.6586652
somewhere_along	4.0380697	0.97995377	-1.2367927	4.984211	7.7548146	3.3136115
soothe	2.2970529	0.7529911	-0.82486415	4.3600264	7.619146	5.0352726
sore	4.127044	0.5573868	0.59357053	5.09347	6.728821	3.9986174
sore_neck	4.147353	0.61340034	0.27899116	5.170811	6.2199717	3.7569458
sore_spot	3.8886945	0.76632345	-0.776261	4.5826125	7.8341417	3.7276556
sore_throat	4.289904	0.6420016	0.4215547	5.3209033	6.36826	3.6740997
sore_throat_after	5.7244196	0.711824	-1.5245082	4.7001467	5.4953194	2.467372
sore_throat_afterwards	4.8581624	0.6626903	-1.1349422	4.347767	6.735768	3.2786875
sore_throat_go_away	4.356387	0.8188132	-0.6663046	5.2976356	6.431744	3.2390387
soreness	4.208784	0.58352953	0.5115474	5.167861	6.5615177	3.8811173
sorry_in_advance	5.0208397	1.2888246	-2.4852288	5.9758782	6.6447983	2.1189792
sort_of_like	3.6019497	0.8439161	0.6209031	4.587826	8.794499	3.5647106
sort_of_thing	5.086505	1.126265	-2.2999606	5.466639	6.50371	2.3238184
sort_soon	4.713173	1.353487	-1.967206	6.14614	6.2031593	1.622654
sortie	3.779493	0.77623385	-0.88557625	4.6606193	7.7083073	3.8033607
soul	4.885349	1.2042294	-2.4032762	5.7691035	6.6792555	2.344009
sound	3.1783445	0.9918318	0.3730846	6.341278	7.8073745	2.890023
sound_a_bit	3.5664935	0.9735302	0.19525567	5.6077294	7.4896183	2.9494026
sound_a_little	3.6834364	0.87121767	0.0049439226	5.4096212	7.3605022	3.276048
sound_amazing	4.5036783	1.2586758	-1.7997704	6.159454	6.4083986	2.0968165
sound_awful	4.334484	1.3266611	-1.6523579	6.299461	6.4645257	1.9753163
sound_crazy	3.3158257	1.2715864	-0.29212004	5.6313124	8.097744	2.9853275
sound_different	3.796867	1.0343637	0.070146196	5.7554054	7.273635	2.790572
sound_disgust	3.6968858	1.2573354	-0.58872765	6.4560485	7.57156	2.9665518
sound_fantastic	4.5118423	1.2576826	-1.6502018	6.0538244	6.316345	1.9898945
sound_gross	3.345757	1.093985	0.019427013	5.6371436	7.739562	3.1643262
sound_horrible	4.29292	1.2717873	-1.600724	6.171981	6.659336	2.2713315
sound_insane	3.7745297	0.83244365	-0.78493476	4.4831524	7.8913774	3.535824
sound_more	3.438139	1.0036614	0.40609044	5.815132	7.6278353	2.8200903
sound_normal	3.8634984	1.0347335	0.3241013	5.695782	7.060866	2.581678
sound_rough	4.52871	1.2430668	-1.7477356	6.0075893	6.451747	2.1481674
sound_scary	4.373276	1.1216544	-0.9792864	5.9715533	6.5690627	2.666269
sound_terrible	4.325076	1.2803378	-1.6862857	6.1845503	6.6254797	2.2257059
sound_very_familiar	4.475634	1.2116201	-1.829106	6.8067675	7.2667575	3.3701253
sound_wave	4.5581226	0.6029498	-0.32504398	3.6497366	8.24688	3.6183476
sound_weird	3.509411	1.1132625	0.19361407	5.3705826	7.9478097	2.7398722
soundless	3.3745008	1.0015229	-0.04622332	6.133507	7.669409	3.1404707
soup	1.5131704	0.5937548	0.04495319	4.7751446	7.1414557	5.5233083
soup_and_protein	2.106604	0.75608575	-0.678333	5.0671654	7.150592	4.923484
soup_smoothie	1.5456816	0.5985257	-0.00936031	4.780458	7.104781	5.492729
sour	1.6116862	0.625763	-0.60799277	5.0992584	7.246556	5.628325
sour_stomach	4.604583	0.9353051	-1.4754041	6.093774	7.659919	3.8840306
sour_taste	3.5165777	0.70029277	0.44179642	5.1750183	8.0457945	4.3736544
source	6.338085	1.1985189	-3.49334	5.578128	6.820065	2.0584552
sourdough	1.8613582	0.66403526	-0.9635143	5.007497	7.247591	5.4432983
southern_california	6.673068	0.9217918	-3.129097	4.8179607	5.813969	1.9182065
southern_indiana	5.4373283	0.9556753	-2.4060748	5.040164	6.398789	2.58924
space_above	3.7811463	0.8332641	-0.73110026	4.897235	8.007149	3.7460842
space_between	3.9538724	0.73289704	-0.59562874	4.348386	8.086192	3.7648969
spain	6.6091394	0.9588933	-3.206188	4.8401527	5.9759746	1.9933804
span	4.5406904	0.6935501	-1.9329191	4.3975754	6.6817417	3.5898151
sparkle	1.2647914	0.84699035	-0.5797308	5.5614567	6.9897037	5.253895
sparkle_water	1.115981	0.89375126	-0.2953084	5.7272935	7.028909	5.282235
spasmodic_dysphonia	6.023611	0.9559129	-2.722241	5.1725817	7.3273563	3.0476246
spat	3.2008364	1.1875308	-0.41887078	5.748152	7.929981	3.3288395
speak	7.0048084	0.9815044	-3.400323	5.3282037	6.641062	2.1840677
speak_voice	4.0177326	0.78158385	-0.8419534	4.821456	7.284696	3.6519692
specialist	7.0679607	1.0142446	-3.6365974	5.222342	6.586569	2.0588202
specialist_who	6.909321	1.0498285	-3.580307	5.2319183	6.5407996	2.0306711
specialize	6.6740866	1.0553946	-3.4528854	5.2645106	6.6821656	2.1979506
specialize_in_medical_anxiety	5.589317	1.107467	-2.79548	5.324488	6.4793816	2.2207718
specific_ask	6.362771	0.9317598	-3.139857	4.9707756	6.3283467	2.275153
specific_design	6.2799897	0.9022916	-3.0164382	5.089801	7.153041	2.910518
specific_food	1.93002	0.668324	-1.1644441	5.1374674	7.391546	5.5627155
specific_name	5.7666483	0.9915144	-2.716083	5.1640515	6.6418266	2.608027
speculate	5.533752	1.0028882	-2.1265867	5.760669	8.853002	4.0385513
speech	5.011827	0.7624675	-1.3603852	4.5140133	8.689668	3.879246
speech_language_pathologist	5.5444736	1.1233711	-2.9037561	5.377913	6.848282	2.4640133
speech_pathologist	6.154047	1.0087564	-3.127977	5.1528435	6.623608	2.3728335
speech_therapy	6.247912	1.028144	-3.189193	5.1197286	6.4866915	2.1582036
spend_year	4.648087	1.1613381	-1.9072702	6.6041336	7.5347276	3.5034544
spew	3.1525211	1.1754543	-0.3103848	5.743331	7.9338317	3.3799517
sphincter	4.8074694	0.77203923	-0.247323	4.219646	9.772522	3.9028633
sphincter_between	4.065043	0.79618645	-0.8434894	4.6466365	8.11653	3.7518783
sphincter_les	4.869025	0.77060026	-0.6211568	4.325639	9.497428	3.9540627
sphincter_muscle	4.7105145	0.76217204	-0.42085555	4.2219005	9.460919	3.8871932
sphincter_ues	4.840572	0.771085	-0.45884815	4.2427034	9.598595	3.8993526
spice	1.7388352	0.6487587	-0.81116176	5.1234183	7.2290454	5.5271564
spicy	1.5366273	0.6612654	-0.5466492	5.2417364	7.33121	5.708153
spicy_fatty	1.8440951	0.6526284	-1.0549699	5.061615	7.363679	5.555279
spicy_food	1.5007606	0.69912934	-0.6119469	5.2916784	7.3504467	5.702259
spicy_stuff	1.8490658	0.66505253	-0.77417505	5.101954	7.223582	5.400899
spill_into	5.3327465	0.9890099	-2.0516977	5.4447	8.580963	3.812347
spindrift	1.3007865	0.8302626	-0.6667654	5.5198264	6.992567	5.248678
spine	4.3569183	0.70481837	-0.4383479	4.3177695	9.036458	4.0569787
spirit	1.2293159	0.82087123	-0.63911504	5.4995084	6.9967613	5.335393
spit	2.980558	0.7486487	0.55572814	5.001276	7.9469547	4.3830585
spit_constant	2.7590249	0.74177146	0.06473314	4.8916516	7.6102614	4.464338
spit_out	2.9690893	0.76638633	0.426825	4.970757	8.013184	4.339436
spit_up	3.4728506	1.4138557	-0.08646913	6.7644563	8.081658	3.341722
split_second	3.483952	0.9406864	0.6103897	5.392686	8.007978	3.1732116
splutter	2.9748602	0.76665485	0.1731062	4.9744577	7.745425	4.28728
spoiler_alert	4.556192	1.0744903	-1.4747168	5.846276	6.582354	2.7343142
spontaneous	3.7030048	1.0788932	0.6836298	5.7609315	7.3735604	2.5603447
spoon	3.0616777	0.79186773	-0.16867404	3.9289954	8.342439	3.866459
spot	4.9816933	0.48443416	-0.49924794	3.3743367	7.7497063	3.5928965
spot_where	4.0386863	0.6730496	0.039192513	4.096162	8.927534	3.9335718
spray	5.209278	0.38308513	-0.59192425	3.257271	7.4245763	3.6411908
spread_awareness	5.4567823	1.3049291	-2.928802	5.9554296	6.739025	2.0178702
spread_throughout	3.9743984	0.87269926	-1.0689893	5.138994	6.9229546	3.4276645
sprite	1.1505431	0.86013466	-0.41300774	5.6511273	7.023613	5.314952
spurt	3.9861255	0.8593589	-1.3312163	4.9631543	7.5095205	3.7003963
squash	1.8317096	0.6853488	-0.5984238	4.989718	7.1641507	5.2570763
squat	2.8654535	0.79187036	0.49986726	3.8887787	8.691649	3.8633509
squat_down	3.1024113	0.8454695	0.08575105	4.00471	8.435024	3.580186
squat_instead_of_bend	2.1029723	0.7270116	0.1555528	4.1520762	8.04686	4.6434236
squat_instead_of_bend_over	2.0510366	0.7177633	0.19888796	4.2058783	7.98105	4.7066965
squeak	3.3880346	0.9696045	0.074812815	5.6871552	7.7526402	2.9470103
squeamish	5.307787	0.93503314	-2.0513446	5.060248	6.188402	2.5244274
squeeze	3.6900544	0.81365496	0.6235462	4.0582867	9.225695	3.5436766
squeeze_my_stomach	3.7077758	0.9300584	0.24961415	4.131616	8.851249	3.1027074
squish	3.7626958	0.7370424	-0.2666472	4.738292	8.235457	3.9824162
squishy	3.8710976	0.8017957	-0.5101517	4.2617517	8.266001	3.5439727
ssri	1.9314674	0.87026405	-1.5843506	3.78588	7.8760657	5.523545
st_louis_park_mn	5.5254517	0.9227846	-2.346049	4.9596343	6.1516457	2.4876976
stab	4.012009	0.6317345	0.02482778	5.1839085	8.590469	4.488768
stab_pain	3.969531	0.7183331	-0.2659217	5.741016	8.294775	4.526268
staff	6.7589436	0.78323215	-2.7852938	4.5214524	5.443106	1.9028862
stage_where	4.324001	1.0670847	-0.08652796	5.3668904	6.8151474	2.2512405
stalk	4.923363	1.3704809	-2.5481718	6.562427	6.7611904	2.2577233
stance	4.4548364	0.76715446	-1.8454429	4.526039	7.374172	3.7047703
stand	2.791592	0.8074717	0.5803787	3.9182332	8.717485	3.85426
stand_for_retrograde	5.6007423	1.0597031	-2.6370785	5.6493263	8.060092	3.4308748
stand_or_sit	3.2102237	0.8326344	0.0792859	3.8003213	8.585267	3.4724672
stand_to_reason	4.5805526	0.83311737	-1.3148509	5.12716	8.589738	4.134959
stand_up	2.8836951	0.8037067	0.5897899	3.8867838	8.778029	3.789481
standard_amount	5.907474	0.8434246	-1.3275146	4.9152355	5.482015	2.1929924
standard_dose	6.1994553	0.79255223	-1.3562828	4.6927543	5.5036097	2.2685142
standpoint	5.0319557	1.0629786	-1.9024059	5.538313	8.561546	3.6587481
staple	2.2632227	0.73983943	-1.0875717	4.6732235	7.3844595	5.033231
star	4.4143662	0.46526527	-2.7177784	3.3011873	6.786005	4.1351695
starbucks	3.4002683	0.90159196	-1.3049762	5.1272616	7.1481924	3.7899947
starch	1.8408002	0.64989305	-1.1640155	5.056709	7.4099255	5.666673
start_dry_heave	3.1676476	1.0633485	-0.14037201	5.834368	7.969947	3.7535152
start_microburp	4.437743	0.8555444	0.39499652	5.569035	6.083223	2.740629
start_salivate	3.4832113	0.8190989	0.046825204	5.3675184	7.927023	4.0541015
start_shaker	3.9833472	1.109171	-0.153864	3.9197457	8.59311	2.326331
start_to_finish	6.0837994	0.66614366	-2.1066704	4.2588983	5.371014	2.3321075
start_to_subside	4.303952	0.90608066	-0.22329645	5.5790706	6.357704	2.8665373
start_to_wear_off	4.910231	0.9215787	0.1234193	5.41034	5.8527727	2.183174
startle	3.4927094	1.086895	0.048470546	6.0354037	7.5126634	3.0421658
starve	2.365084	0.79717267	-0.2606316	5.6148925	7.2108827	4.814891
starve_myself	3.049775	0.94378465	-0.5631382	5.887172	7.4106784	4.13499
stat	6.2913594	0.806284	-1.4448564	4.726525	5.6018677	2.2809167
statement	6.1670537	1.2049143	-3.3402846	5.6587114	7.1682963	2.3379252
statistic	6.374092	1.2000794	-3.4620016	5.6228194	7.024123	2.194285
stay_away	1.32501	0.77132225	-0.49346703	5.500566	7.23148	5.571402
stay_calm	1.7088739	0.66320705	0.134814	4.648944	7.252482	5.2415934
stay_healthy	4.74152	1.0366936	-1.8528262	5.473306	6.4644923	2.672859
stay_home	2.5097065	0.9044774	-0.45996794	5.89083	7.283025	4.528414
stay_hydrate	1.6410418	0.64796925	0.11525456	4.697372	7.208239	5.299644
stay_in_touch	4.7541046	1.3095404	-2.0009308	6.076126	6.1923695	1.7428635
stay_inside	3.6577327	0.8062412	0.28153288	5.2027645	8.939613	4.109766
stay_open	4.521353	0.7844454	-1.0042337	4.4515467	8.516009	3.7795453
stay_overnight	6.1876435	0.66605777	-2.2040038	4.2110367	5.3718266	2.3102176
stay_the_same	4.793319	1.0319058	-1.8224936	6.1988754	7.701625	3.916577
stay_upright	3.0629556	0.8706001	-0.44788477	4.9444933	7.7325296	4.038335
stem	5.3636394	1.0872227	-2.0377133	6.2961574	8.806409	4.134914
stenosis	4.942156	0.976663	-1.9722204	5.8734446	7.8190546	3.781291
step_3	3.180902	0.86786443	0.039460585	4.1120877	8.413994	3.5192213
step_to_address	1.9090893	0.8443035	-1.154998	3.7203302	7.7580457	5.225242
sternum	4.134882	0.6273934	-0.20276587	4.6281786	8.627001	4.2557445
sternum_area	4.0519686	0.660522	-0.12830505	4.82672	8.652151	4.266064
steroid	1.9630239	0.7464047	-1.4947175	3.8864667	7.7293396	5.575209
stewart	5.770667	0.98836565	-2.834351	5.0306334	6.426061	2.4351282
stick_my_finger	2.9579945	1.4753	0.4208907	6.0025434	8.551774	3.1073837
stick_my_tongue	3.329511	0.9322775	0.3137477	3.9849854	8.645128	3.0224082
stick_to_liquid	2.1101449	0.6801336	-0.73559994	4.974693	7.1761537	5.1395855
stick_two_finger	2.993416	1.419916	0.45897678	5.8128643	8.614294	3.105338
stick_your_finger	3.0925372	1.3169166	0.40885076	5.426202	8.628572	3.093459
stick_your_neck	3.3855572	0.89913774	0.30114505	3.8647661	8.723454	3.1117551
sticker	5.060961	0.4788779	-0.6924835	3.3847055	7.495236	3.5602102
sticky_pad	4.9348927	0.47526395	-0.746541	3.41696	7.366053	3.5842953
stiff	4.150556	0.6454596	-0.048418913	4.3383675	8.887697	4.1034765
stiffness	4.1010785	0.6112582	-0.19741389	4.8036895	8.522863	4.359155
stifle	3.8345428	1.1790774	-0.9303111	5.6412435	7.7899966	3.0273
still_a_little	4.1983957	0.5965538	0.49698827	5.204705	6.450583	3.8127878
still_able	3.9780972	1.0276856	0.11955868	5.7488694	7.0124626	2.7202082
still_active	4.970363	0.9212954	0.02136701	5.396739	5.8300176	2.1841006
still_present	4.448739	0.77243894	-0.5286078	6.381651	7.8765235	4.5120306
still_recover	4.584372	0.8725714	-0.5012778	5.411513	6.0517764	2.7313192
still_sore	4.0639734	0.5483846	0.571814	5.0289903	6.8267426	4.0584497
still_struggle	4.399947	0.86704063	0.39311156	5.63965	6.209392	2.8079998
still_suffer	4.8685827	1.0057414	-1.4090917	6.756709	7.896966	4.212963
still_unsure	5.311193	1.0118965	-2.4020038	5.4025526	7.5201464	3.2982802
stimmklinik	5.6638284	0.99202615	-2.6723473	5.090594	6.40931	2.4693868
stimulant	2.048597	0.7625974	-1.2280368	4.7231355	7.642358	5.41611
stimulate	4.0190945	0.8310396	0.4277968	4.148801	9.406028	3.5506775
stimulation	4.726789	0.80404973	-0.8733249	4.4963765	9.152517	3.9218364
stimulus	4.820944	0.77140015	-0.7207318	4.389898	9.352248	3.9599786
sting	5.1035805	0.384236	-0.5249056	3.3333054	7.512399	3.7126756
stitch	4.741432	0.7599884	-1.6379043	4.930591	8.029729	4.083332
stoke	4.4411254	1.2167909	-1.4181175	5.9931993	6.392232	2.0955906
stoma	5.5940394	0.83759266	-2.4462445	5.450177	8.24074	4.107117
stomach	4.1067924	0.71624714	-0.005627215	4.8152204	9.378439	4.4453382
stomach_ache	4.05789	0.8017037	-0.16788134	6.642538	8.48436	4.8383207
stomach_acid	4.038279	0.72694266	-0.0054213675	4.71623	9.177422	4.456649
stomach_acid_production	4.661099	0.8879582	-1.6880618	5.621771	8.284443	4.41412
stomach_and_esophagus	4.4466295	0.7217741	-0.6535071	4.7221107	9.263991	4.4207563
stomach_area	3.9425673	0.66216725	-0.0999167	5.106692	8.506331	4.3537073
stomach_bug	3.8839967	1.3811818	-0.774789	7.1726375	8.108229	3.7327545
stomach_cancer	5.062728	0.9222201	-2.1000757	5.4338317	8.14374	3.9625952
stomach_churn	4.0293612	0.79229254	-0.6463126	5.3868732	8.130257	4.1648264
stomach_content	4.1185107	0.74364007	0.14201319	4.459833	9.245652	4.1191454
stomach_contraction	3.333226	1.2983564	-0.455147	5.7949653	7.978866	3.1027317
stomach_cramp	4.0509987	0.79317033	-0.22557645	6.5008607	8.460859	4.8093677
stomach_discomfort	4.0296025	0.76363295	-0.5031485	5.989753	8.177459	4.579874
stomach_distension	4.2588897	0.762121	-0.91552305	5.7036843	8.234108	4.501094
stomach_expand	4.2140613	0.728459	-0.49398154	4.7315335	9.171809	4.398965
stomach_flu	3.9285607	1.3733718	-0.90303224	7.15901	8.011185	3.7016945
stomach_fluid	4.3950624	0.7265396	-0.5111535	4.6243873	9.277148	4.3417306
stomach_gas	3.8475428	0.74854547	-0.38680845	5.4515758	8.858891	4.838218
stomach_hurt	3.282649	0.90039897	-0.37078544	6.2136803	7.6465816	4.3339868
stomach_infection	5.5352087	0.8723358	-2.3876107	5.7618318	8.359223	4.257405
stomach_issue	5.39065	0.96698415	-1.896747	6.623478	8.698771	4.5984616
stomach_lining	5.2275624	0.8148984	-1.9070867	5.237999	8.568419	4.2405205
stomach_muscle	3.9716096	0.8401611	0.43348023	4.1239166	9.298493	3.4667442
stomach_nausea	4.134296	0.7535124	-0.40124416	6.01223	8.421413	4.6610613
stomach_noise	4.015282	0.7655509	-0.31431583	6.2447124	8.275021	4.698323
stomach_pain	4.053911	0.7987863	-0.14759588	6.629373	8.517972	4.861156
stomach_problem	5.2718606	0.9657441	-1.8896351	6.5570345	8.571752	4.5458083
stomach_rumble	3.20776	0.8733019	0.23671044	6.271641	7.8889794	3.163833
stomach_ulcer	5.5647507	0.8377373	-2.2932713	5.8329997	8.589577	4.519765
stomach_vacuum	3.99315	1.0613964	-0.32692373	3.9385147	8.66253	2.5914073
stomach_virus	3.8747709	1.3786854	-0.96132517	7.040284	7.8842506	3.5382793
stomach_wall	4.367296	0.72181785	-0.813033	4.7079926	8.799815	4.2592335
stomachache	3.4165661	0.86226195	-0.25307518	6.2088227	7.950203	4.4950724
stool	4.127101	0.7109972	-0.39286438	4.854422	9.328134	4.6586456
stool_sample	6.819266	0.7315965	-3.1528113	4.704477	7.3669024	3.1224806
stool_softener	1.9710637	0.83925325	-1.3720796	3.8032193	7.769057	5.3418894
stool_test	6.853208	0.72995	-3.1651354	4.7020783	7.3887205	3.1292744
stop_altogether	4.722446	0.9639385	-1.7234781	5.2521486	6.422778	2.7337112
stop_eat	1.7999508	0.71021974	-0.029962042	5.2828965	7.256268	5.278822
stop_myself	3.0745068	1.4661467	0.2261284	6.1716924	8.424771	3.1760945
stop_smoke	3.929962	1.1095318	-1.3142848	6.27254	7.620905	3.8147445
stop_take	1.8370242	0.8422803	-1.636532	3.8941326	7.9606676	5.713735
stop_work	4.9280443	0.9189006	0.07121978	5.444434	5.808549	2.203775
story	5.322201	1.4647102	-2.82349	6.6584177	6.635929	1.7353362
story_here	5.036878	1.3316944	-2.5717485	6.1319375	6.6522655	2.052154
stout	1.3178698	0.8209919	-0.6812382	5.481924	7.0035644	5.2827764
straight_into	5.0850744	0.44940513	-0.613898	3.4296525	7.414392	3.5943542
straight_shoulder	3.3234715	0.82949764	0.09451997	3.745701	8.636986	3.3967464
straighten	3.4556108	0.8764922	0.21040356	3.8202212	8.75463	3.1887865
straighten_my	3.6910243	0.919277	0.51432484	4.0313644	9.089454	3.1264107
strain	3.893448	0.85132504	0.5939066	4.275534	9.218719	3.4608436
strange_noise	3.1471102	0.8805914	0.024799619	6.477603	7.7800016	3.274279
strange_sensation	3.7118185	0.72634894	0.05795178	5.1845274	7.536402	4.0217032
stranger	4.175307	1.2735215	-1.7752751	6.2552743	7.1619616	2.5648572
strangle	3.2690022	0.974844	-0.15763724	5.9272847	7.7272463	3.0136085
stream_of_air	2.3353496	0.8510774	-0.7140798	3.8827171	7.8721647	4.667339
strength	4.27272	0.8360007	0.20390521	4.0630126	9.464107	3.4985175
strengthen	4.386443	0.8354243	0.14649545	4.0642133	9.517766	3.5132115
strengthen_muscle	4.020509	1.0385936	-0.43427578	4.014673	8.666719	2.7657347
strep	4.160485	0.74817264	-0.3010621	5.394298	6.6463017	3.6636028
strep_throat	4.0787735	0.61383694	0.26327133	5.218714	6.870457	4.039902
stress	4.3228936	1.1317596	-0.9002225	6.848048	8.48462	4.2584567
stress_about	3.9448442	0.9910404	0.00021234404	5.694585	7.0206194	3.038379
stress_and_anxiety	4.7787843	0.98357195	-1.7052193	5.906967	8.401818	4.1477704
stress_anxiety	4.8064275	0.9314785	-1.6752032	5.5535836	8.551636	4.1173005
stress_enough	3.9707553	1.4130242	-1.4364164	6.3875666	7.6857753	2.8356583
stress_or_anxious	3.615643	0.9879006	-0.8049013	5.85559	7.489985	3.7143242
stress_situation	3.601322	1.2098738	-0.67785454	6.1675286	7.830412	3.5047884
stressor	4.8634353	1.0366354	-2.018199	5.538099	7.1896424	3.1908104
stretch	3.9983068	0.8360936	0.44578293	4.0087833	9.382327	3.4576888
stretch_colon	4.518619	0.76747286	-1.173233	5.1800036	8.492677	4.3098965
stretch_exercise	4.0204453	0.97958153	-0.29054686	3.9302974	8.819745	2.9043381
stretch_my_neck	3.4222229	0.9289512	0.77456146	3.989855	8.960534	3.0148065
stretch_out	4.6164303	0.74151415	-0.2652114	4.4571395	9.638086	4.1613026
stretch_out_esophagus	4.77448	0.93914354	-1.5467285	5.004584	8.493775	3.676518
stretch_your_neck	3.4201303	0.8940108	0.31627503	3.7941098	8.788026	3.1085486
strip	3.4862244	0.8240998	-1.1000808	4.718513	7.5757	3.8842733
strive	4.222474	0.8211318	-1.7109289	4.718121	7.265062	3.617209
stroboscopy	6.4575706	0.72760886	-2.4889705	4.381128	5.684434	2.282579
stroke	5.240389	0.878227	-2.2536385	5.136039	7.9513836	3.740787
strong_link	5.272382	1.124605	-2.278235	6.1133885	8.17687	3.6103246
strong_reaction	3.3131194	0.90615106	-0.27229688	6.708727	7.759068	3.7097287
struggle	4.9526434	1.1184181	-1.534024	6.863505	7.924243	4.0298924
struggle_a_bit	4.5289893	1.0729493	-1.0081342	5.760074	6.2651196	2.3705015
struggle_a_lot	4.872793	1.0946407	-1.5770265	6.746503	7.8911853	4.04157
struggle_to_breathe	3.4282906	0.88576806	-0.052778695	6.0252304	8.005872	4.2480173
struggle_to_swallow	2.046007	0.6548018	-0.13678679	4.7444463	7.179975	5.067173
struggle_with_emetophobia	4.5338683	1.174346	-1.808284	6.6472774	7.609374	3.6556325
struggle_with_the_same	5.0232315	1.1842825	-2.2500608	6.2486897	7.3843493	3.0037415
stuck	3.247491	0.75735474	0.6266194	5.005331	8.16253	4.184585
stuck_air	3.7494867	0.82041407	-0.2189952	5.1569057	8.542617	3.9875612
stuck_around	4.440551	1.0175253	-0.30515167	5.627163	6.4427342	2.4398148
stuck_in_my_chest	3.599191	0.77375656	0.058547568	5.205375	8.273357	4.1043653
stuck_in_my_esophagus	3.6322327	0.76771456	0.0264834	5.173035	8.307378	4.120171
stuck_in_my_throat	3.341508	0.75525355	0.5266082	5.1160636	8.12774	4.203094
stuck_in_your_throat	3.1218293	0.73129696	0.30711344	5.031488	7.831657	4.3311224
stuck_my_finger	2.9438283	1.4757894	0.39095253	6.0273995	8.521725	3.1182754
stud	5.0819697	0.8726865	-2.2389886	4.962414	7.499898	3.4978018
study	6.444549	1.199216	-3.5114107	5.645199	6.975735	2.138855
study_and_potential_participate_please	5.4499035	1.0778705	-2.812105	5.2390237	7.1696296	2.7628334
stuff	1.5341698	0.63916326	-0.10659378	4.9257035	7.3054214	5.611489
stuffy	3.79439	0.7373719	-0.15885751	5.327924	8.058355	4.2770586
stuffy_nose	3.6971967	0.76453507	0.069908954	5.7386346	7.811044	4.373662
stumble	4.8422556	1.3843019	-2.4413626	6.7733383	6.833545	2.373434
stumble_across_this_subreddit	4.766945	1.3683677	-2.378382	6.756379	6.8515673	2.4623992
stumble_upon	5.060247	1.4186207	-2.6086886	6.818062	6.844519	2.2214339
stumble_upon_this_sub	4.5764995	1.2731863	-1.9624444	6.973961	7.077916	3.177611
stupid	3.7060244	1.342342	-0.99684197	6.7339587	7.3106966	2.3632917
stutter	4.049419	1.0853002	-1.2311977	5.3286176	7.5142245	3.057145
sub	5.4844804	1.4528911	-3.0029435	6.6137652	6.720322	1.7929878
sub_reddit	4.8039536	1.3546319	-2.491077	6.587583	6.846958	2.395038
sub_wiki	5.998066	1.2039602	-3.3627102	5.515739	6.654479	2.0460103
subconscious	3.9518223	1.0643265	0.65185046	4.7073836	8.732918	2.753814
subject	6.330831	1.21156	-3.4723945	5.646656	7.0419626	2.1884696
subjugation	5.036433	0.8557319	-2.167504	4.966089	7.718575	3.6731095
submit	7.21982	0.75201255	-3.0078886	4.3470116	5.546306	1.9281257
subreddit	5.4689555	1.4560481	-2.984731	6.632107	6.7149606	1.7887778
subreddit_wiki	5.8556023	1.2325892	-3.307706	5.598334	6.7084837	2.0465355
subsequent	4.9806333	0.8409136	-1.4570001	5.1430664	6.4355135	3.0931325
subsequent_injection	6.061966	0.8242572	-1.4797174	4.7682185	5.562324	2.2649527
subside	4.472961	0.77454686	-0.3341126	6.4634156	7.773861	4.479915
subside_a_lot	4.523687	0.9456347	-0.966834	6.210672	7.220577	3.7717166
substantial	4.175977	0.9874588	-0.113538936	5.6269436	6.6636147	2.6380424
subtle	3.5873454	0.99277395	0.011211163	5.4163804	7.7739625	2.931412
succeed	4.1511817	1.1661273	-0.07859646	4.6136413	8.065199	2.1540513
success	6.112464	0.80448407	-1.0145404	4.826374	5.5975914	2.282632
success_appeal	5.649718	0.9484778	-2.4846628	4.9497976	6.1621532	2.4214783
success_rate	6.3575025	0.7589213	-1.0805103	4.707358	5.2782617	2.122252
success_so_far	5.678595	0.8647559	-1.2459921	5.13874	5.435441	2.1454866
success_with_shaker_exercise	4.242006	1.1538126	-0.5725971	4.3319955	8.305414	2.3091478
succession_of_microburp	4.1461825	1.0146922	0.22011246	5.64429	6.655832	2.4550254
succinylcholine	4.8441663	0.85596853	-1.7032822	5.3336177	8.102971	3.994636
such_a	4.361335	1.4015689	-1.7304869	6.841879	6.8843207	2.2135
such_a_bummer	4.300659	1.2306318	-1.4026489	6.0273523	6.546862	2.2948632
such_a_nice	4.4393754	1.3074807	-1.9383441	6.526822	6.767633	2.412965
such_a_novelty	4.286433	0.9756166	-0.31914762	5.6811085	6.361561	2.677811
such_a_relief	4.5500846	1.415577	-1.8857603	6.7635155	6.492474	1.8725598
such_a_shame	4.529713	1.3123506	-1.7700261	6.162027	6.306624	1.8764842
such_a_strange	4.6432157	1.2504152	-1.995266	6.270456	7.1692624	2.603105
such_a_weird	4.2655435	1.1777059	-1.4001088	6.120254	7.1516294	2.6969204
such_bad	3.9943123	0.8174272	-0.36249876	6.511753	8.243182	4.690183
such_discomfort	4.4753146	1.0983647	-1.7992737	6.070295	7.659053	3.549536
such_severe	4.4491367	0.86197835	-0.97623277	6.4173155	8.228905	4.557436
suck_in_air	3.5116432	0.9549626	0.54632694	4.4601426	8.678871	3.0671427
suck_so_bad	4.1800346	1.0476702	-1.5805743	5.7267623	6.9519815	3.2318199
sucralfate	1.943772	0.84492666	-1.4642825	3.8515735	7.79181	5.454581
sudafed	2.2852027	0.7341288	-0.9635148	4.5281487	7.353162	5.0303755
sudden_onset	4.3926344	0.95687157	-1.5420349	6.024321	7.492858	3.927797
suddenly_develop	4.448921	1.1509066	-1.7829715	6.4081445	7.4526615	3.5251265
suffer	5.084091	1.1481661	-1.7077696	7.01118	8.109855	4.0360284
suffer_a_lot	4.8912473	1.0816326	-1.996808	6.399694	7.6549	3.7747083
suffer_from_constipation	4.7744627	1.084669	-1.9198052	6.3245068	7.621298	3.724908
suffer_from_emetophobia	4.0778875	1.4354299	-1.060415	7.1864147	8.051802	3.5344293
suffer_from_r_cpd	5.4672284	1.156972	-2.444436	6.4122744	8.0152445	3.5458076
suffer_from_severe	4.4524617	1.1327322	-1.6119393	6.7006903	7.529869	3.739578
suffer_my_entire	4.641299	1.2349898	-1.9253182	6.881187	7.164785	3.2891986
suffer_the_same	4.6032867	1.1862613	-1.9400476	5.8419137	6.914374	2.6335385
suffocate	3.376255	0.77211004	0.3659714	5.286137	8.104932	4.249179
sugar	1.4602975	0.67937326	-0.70794094	5.197102	7.3639503	5.8008037
sugar_alcohol	1.9224277	0.65946066	-1.1360322	5.073468	7.392536	5.5403004
sugary	1.4021895	0.7696285	-0.6224731	5.4189467	7.2000957	5.4897213
sugary_food	1.8591119	0.6763843	-0.994866	5.1484513	7.248821	5.4546375
sugary_stuff	2.387188	0.7652411	-0.98259926	5.1157756	7.359261	4.9221907
summon	3.3208857	1.0675105	-0.39821467	5.92416	7.598114	2.8384056
sunday	6.0147967	0.7273924	-1.8649675	4.8186455	4.951801	1.916157
super_annoy	3.3617663	0.93204325	-0.3267592	5.789882	7.749541	3.796082
super_anxious	4.587003	0.92826974	-0.66252846	5.754412	6.386924	3.0359464
super_bad	3.7012584	0.8223048	-0.20349866	6.2083554	7.9752045	4.5128846
super_bloat	3.0694606	0.9555724	0.11004075	6.4749546	7.8974895	4.4185467
super_early	4.5597296	1.027031	-1.1629057	5.615256	6.2548695	2.5233226
super_embarrass	3.2863553	1.2055299	-0.39708838	6.5356936	7.5991173	2.734555
super_excite	4.8360114	1.3551543	-1.8790596	6.3534613	5.9439573	1.4865216
super_fast	2.863784	0.8063808	-0.777036	5.199224	7.131777	4.359771
super_frustrate	4.615647	1.2231898	-1.9312836	5.864326	6.438588	2.1483927
super_full	3.0906098	0.905625	-0.27299613	6.1415625	7.6685066	4.3400044
super_gassy	3.4094567	1.0194587	-0.47105628	6.091018	7.7937355	3.7800145
super_gross	3.6536286	1.3157299	-0.67414594	6.5465274	7.850764	3.1734648
super_hopeful	4.443347	1.206524	-1.4987546	5.9791713	6.3807416	2.1791532
super_hungry	3.252561	0.8342491	-0.28616926	5.7172194	7.3543763	4.2683716
super_loud	3.232641	1.0255249	0.22969879	6.339966	7.7861834	2.986427
super_low	4.338645	0.84093803	-1.3789768	5.085966	7.6431355	3.778538
super_nauseous	3.1301918	0.95968485	0.091203995	6.456609	7.9021897	4.3623705
super_nervous	5.998519	0.8062383	-1.9966645	4.900179	5.2026324	1.9299321
super_pain	3.5327144	0.8624982	-0.072344705	6.0879626	8.046901	4.257809
super_power	4.5807424	1.2472658	-1.741947	6.151753	6.7624626	2.4895258
super_quick	6.3975463	0.64984924	-1.9723337	4.1433005	5.3257966	2.3070037
super_rare	4.7811446	0.92742527	-0.72344273	5.9402156	6.8704824	3.341258
super_relieve	3.6616254	1.0562682	0.2143807	5.734535	7.340159	2.672332
super_scary	4.321242	1.157059	-1.0655642	5.9804654	6.5478024	2.521582
super_sensitive	3.4149122	1.1693238	-0.261544	5.830044	8.001623	3.523864
super_skinny	4.1878824	1.2161475	-1.6907388	6.8496456	7.7087674	3.8872433
super_strict	4.4194384	0.97605985	-1.5482982	6.1754727	7.2875915	3.8458083
super_thin	3.858437	1.0025799	-1.6260649	5.337797	7.2378354	3.3618493
super_tight	3.921407	0.7257488	0.031977393	4.515297	8.728514	3.919741
super_tiny	3.8057132	0.93320525	-0.7082719	5.4260807	7.507155	3.3490746
super_tired	4.246281	0.64137715	0.17494233	5.201203	6.2864766	3.6485028
super_uncomfortable	3.1277978	0.9449346	0.017356474	6.4842315	7.862974	4.352718
super_weird	3.708131	0.990931	-0.5120793	5.6144357	7.4048667	3.1712062
supermarket	2.0898085	0.7439002	-0.8685709	4.8302956	7.264155	5.052757
superpower	4.348921	1.2710323	-1.6741586	6.329481	7.112111	2.6587784
supplement	1.7655934	0.78890103	-1.4815477	4.13516	7.8220325	5.723651
support_community	4.638639	1.3519086	-2.15463	6.487527	6.6891336	2.1851497
support_each	4.8600526	1.3248041	-2.3232658	6.0235353	6.5472894	1.9330126
support_evidence	5.4087396	0.93036556	-2.2715356	5.4685555	7.2952046	3.3994708
support_group	5.324194	1.3062489	-2.90214	5.994106	6.8552275	2.157543
suppository	3.596086	0.82018834	-1.1694455	4.492963	7.6622276	3.8326247
suppress	3.8465028	1.0951158	0.66236776	4.8572874	8.699847	2.7937121
suppress_it	3.1417952	1.4780992	0.15462865	6.1924257	8.39828	3.1296751
sure_as_hell	4.116465	1.0028406	-1.7372459	5.4151225	7.3806825	3.4097233
sure_what	4.254426	1.2714521	-1.3108139	6.1690006	6.6901064	2.1859138
surface_area	4.50265	0.8064334	-1.5926412	4.628089	7.5573554	3.6271124
surface_tension	4.0850325	0.7446531	-0.5931231	4.5442057	8.955941	4.2368836
surfactant	3.2250013	0.8399226	-0.3386606	3.857679	8.490977	3.7027237
surge	3.9421194	0.9520745	-1.1905028	5.812574	7.1503534	3.7157207
surgeon	6.951694	0.9764027	-3.33129	4.9602237	6.117676	1.9200919
surgeon_who	6.6847878	1.0503497	-3.4346278	5.1677	6.4215727	2.0287733
surgery	6.6632295	0.72225475	-1.9273332	4.6248894	4.992663	1.757769
surgery_center	6.647905	0.6572663	-1.9907867	4.0762963	5.3658667	2.2759538
surgery_itself	6.700652	0.66087615	-2.2381191	4.0776453	5.27107	2.1770914
surgery_on_wednesday	5.357319	0.9070009	-2.0571678	5.0436897	5.8860526	2.3805397
surgery_room	5.023356	0.4397062	-1.1599346	3.3573065	6.778667	3.4603887
surgery_schedule	6.3064184	0.8376078	-2.339974	4.9189873	5.17593	1.7493099
surgical	6.8588204	0.79846287	-2.934075	4.5543685	5.7408605	2.0196052
surgical_center	6.6190944	0.6595702	-2.3338382	4.132661	5.273193	2.1509328
surgical_option	5.6177707	0.87450284	-1.7360996	4.88618	6.1440263	2.6111891
surprise_by	4.2164793	1.2483335	-1.1136144	6.3766656	7.3122053	2.8672729
surreal	4.3428125	1.2063457	-1.4334775	6.049046	6.4382977	2.240048
surround_area	5.7390513	0.9841352	-2.7858818	5.024497	6.4612503	2.4920015
survey_here	5.211694	1.1489381	-2.3910246	6.119702	7.488194	3.135964
suspect	5.706299	0.92904264	-2.196715	6.0966325	8.91292	4.4953346
suspect_r_cpd	6.4264903	0.862148	-3.1337144	4.9370747	6.84218	2.6674347
suspect_that	5.5484066	0.97418636	-2.0865753	5.84724	8.9497	4.231536
suspicion	5.287758	1.0017103	-2.2334037	5.901341	8.337547	4.0099006
suspicion_that	5.188668	1.040648	-2.101622	6.0447946	8.377819	3.9434962
swallow	1.8503981	0.658075	0.26136032	4.711306	7.3114963	5.1600847
swallow_a_lot	3.6050494	0.800768	0.33849472	5.2903466	8.859495	4.2012134
swallow_a_ton	3.633935	0.8031778	0.3286246	5.253818	8.937295	4.176184
swallow_air	1.534476	0.8601601	-0.0863379	5.6166487	7.3245068	5.151867
swallow_and_sniff	5.2498913	0.45816797	-0.6853235	3.3908377	7.3152523	3.4800682
swallow_difficult	4.755424	0.7760431	-0.42507508	5.613534	6.6832614	3.555201
swallow_difficulty	4.634619	0.7592395	-0.14323042	5.6226954	6.514309	3.501103
swallow_disorder	6.368331	1.0461984	-3.1594038	5.2698874	7.016001	2.5497088
swallow_food	1.6767888	0.646953	0.23207392	4.679398	7.243064	5.2819057
swallow_issue	4.9080715	0.74762267	-0.29851478	5.561198	6.5847826	3.524965
swallow_less	3.654691	0.80054706	0.2867202	5.242265	8.9773245	4.194153
swallow_liquid	2.0909421	0.67781574	0.051619068	4.7141194	7.3388643	4.9856296
swallow_more	3.6111999	0.79925585	0.3069116	5.316335	8.862022	4.236749
swallow_my_own	2.8718245	0.7547041	0.3671732	5.0168552	7.7953176	4.442692
swallow_pill	2.3334665	0.80874825	-0.08849791	5.057054	7.4558377	4.6868334
swallow_problem	5.8565044	0.9022825	-2.1299565	5.401945	8.271676	3.7777736
swallow_proper	2.5018382	0.81545293	-0.08540621	5.018455	7.497452	4.550896
swallow_reflex	3.865807	0.7459903	-0.5858984	4.9843144	7.461188	3.9633777
swallow_saliva	3.2357588	0.7576903	0.28405795	5.127259	7.9484277	4.264324
swallow_solid	1.8833113	0.6619638	0.065949656	4.735632	7.2403135	5.1366076
swallow_study	7.051703	0.6527962	-3.0182235	4.398891	7.1705894	2.96771
swallow_technique	3.8637567	1.0505857	-0.5423184	4.722281	8.128306	2.925737
swallow_test	7.0919695	0.6820643	-3.1742182	4.5362	7.24253	2.9699216
swallow_water	2.0897415	0.67303926	0.106937215	4.719098	7.3659887	4.9981394
sweat	3.4295492	0.82636493	0.20515803	5.8616323	7.8657823	4.3964944
sweat_shake	3.711611	0.85129416	-0.28215873	6.061906	8.159859	4.402607
sweater	3.5437033	0.7621044	-0.30386993	4.028227	8.295703	3.6930554
sweatpants	3.1121702	0.86863035	-0.8322752	5.554572	7.415764	4.146611
sweet_potato	1.679317	0.62903965	-0.4916394	4.925733	7.1581817	5.4780464
swell	4.1071954	0.5498116	0.60811204	5.0503902	6.9076405	4.074422
swell_throat	4.244836	0.6279111	0.37252966	5.260558	6.403373	3.7321703
swig	2.021245	0.7345404	-0.21816069	4.7508097	7.316726	4.9606657
swig_of_water	1.7975168	0.7262725	-0.13808973	4.4298573	7.3344827	5.124071
swim_competitive	3.713317	0.9175744	-1.4031239	5.368955	7.1818204	3.827787
swish	2.062852	0.74389523	-0.24300548	4.8054247	7.316281	4.907417
switch_side	3.6174078	0.82713175	-0.7974253	4.7736087	7.7320333	3.7040346
sydney	6.8731604	0.93387026	-3.2371058	4.825812	5.8447833	1.8622655
sydney_australia	5.866974	1.0075696	-2.7963984	5.1356964	6.2211194	2.2899034
sympathy	4.6176047	1.2583218	-2.0310466	5.99813	6.6195	2.2276661
symphony	3.5157866	0.8496661	-1.0718511	4.913054	7.4236	3.7672389
symptom	5.3967233	0.9758538	-1.8428965	6.7142687	8.747972	4.6426005
symptom_associate	4.9849467	1.0898921	-2.0900183	6.2723894	7.7924213	3.7257068
symptom_disappear	4.47646	1.0800189	-1.5357322	6.7353125	7.2010074	3.7341774
symptom_free	5.039374	0.92722565	-0.3872611	5.5164742	5.6885686	2.2017307
symptom_get_worse	4.8409996	1.0435439	-1.5955118	6.8980985	7.914831	4.2345715
symptom_include	4.4413695	0.7946821	-0.6967789	6.3266845	8.47368	4.728223
symptom_of_r_cpd	5.3876514	1.0127304	-1.9237717	6.6259837	8.691568	4.496436
symptom_vary	4.863042	1.010533	-1.4155422	5.9205885	7.124493	3.3202426
symptom_wise	4.4539733	0.99117035	-1.5536925	6.286356	7.4262643	3.9121494
symptom_worse	3.2665668	0.8451935	-0.14640239	6.844976	7.795486	3.9900968
symptom_worsen	4.8129673	1.03964	-1.5810119	6.9401345	7.9061227	4.262855
symptomatic	4.954331	0.9961797	-1.9617916	6.007038	8.28694	4.0890217
syndrome	5.8353753	1.037823	-2.4234629	6.308981	8.743299	4.171951
syracuse	5.753029	1.0421721	-2.955774	5.149818	6.546729	2.3860989
syringe	6.426158	0.65403724	-1.4257085	4.098717	5.676401	2.4950438
syrup	1.8417357	0.6931541	-0.79459935	4.93209	7.195486	5.3031473
systemic	5.2338376	0.8825313	-1.9763197	5.2585454	8.532432	4.039019
t_rex	3.2254903	1.0879538	-0.1606865	6.13598	7.712712	2.8380275
tabla	4.347938	0.7317433	-1.9045945	4.4418187	7.262414	3.7877843
tablespoon	1.852742	0.7345544	-0.89931387	4.7937965	7.2669687	5.251224
tablet	1.760456	0.76499	-1.1425055	4.230651	7.6704407	5.56734
tabletop	3.7026904	0.85181874	-0.6524105	4.317527	8.221345	3.5162244
taboo	3.46048	1.2312717	-0.6323912	6.5560565	7.5997376	2.8671317
tachycardia	5.0321856	0.9403665	-1.9619495	5.8202624	8.269194	4.1190124
tack	4.4167504	0.73564416	-1.9009961	4.4191756	7.160742	3.6872983
take_a_ppi	2.2253816	0.8400874	-1.6105814	4.1119785	8.002025	5.5409636
take_adderall	3.9284828	0.97244257	-1.2340262	6.135474	7.62643	4.1537066
take_amitriptyline	3.9672494	0.89742935	-1.448579	5.285446	7.1677213	3.6702192
take_antacid	2.0825682	0.8025888	-1.3603789	4.2692156	7.965312	5.530609
take_antibiotic	3.9040563	1.0156628	-1.5658484	5.8634887	7.534165	4.0151024
take_big_gulp	2.051814	0.78097045	-0.44381455	5.1798077	7.3448453	4.8928328
take_deep_breath	3.2134075	0.80187976	0.5811333	4.084634	8.878031	3.76168
take_digestive_enzyme	2.0856888	0.740444	-1.2881454	4.7035856	7.549893	5.3915806
take_effect	4.9002237	0.9190868	0.09203846	5.430277	5.842152	2.2149224
take_gas_x	1.949309	0.80774826	-1.3281449	4.276169	7.8629875	5.5247197
take_gaviscon	1.9390194	0.826251	-1.443622	4.065739	7.9493256	5.582858
take_ibuprofen	2.1989856	0.75817543	-0.9026248	4.3319993	7.5253353	5.112574
take_into_account	5.509739	0.8820946	-1.9540107	4.880983	6.097264	2.576605
take_magnesium	2.4021943	0.8269605	-1.3978567	4.5116153	7.5630035	5.025921
take_medication	4.5332675	0.8819257	-1.1977237	6.425214	8.336135	4.8373327
take_more_effort	3.6606057	0.7460151	0.0072099227	5.1343093	7.1806912	3.7997155
take_omeprazole	1.8605093	0.8542573	-1.6838951	3.8503363	7.975895	5.700337
take_pepcid	1.9062171	0.8328519	-1.5146248	3.998066	7.930322	5.6234035
take_pill	2.3803298	0.79542655	-0.088155895	5.0434356	7.4604826	4.6844926
take_ppis	4.5444565	0.88684905	-1.2352213	6.4401207	8.270586	4.8002267
take_prilosec	1.8709129	0.85030144	-1.6839408	3.8247232	7.9290023	5.6740227
take_probiotics	1.9869797	0.77816117	-1.45178	4.42682	7.7242737	5.54791
take_serious	6.783747	1.0868845	-3.4147382	5.606476	7.0711284	2.3928738
take_shot	2.0569592	0.8291458	-0.38153988	5.1559396	7.284457	4.7894197
take_small_bite	1.6021794	0.65582734	0.23154685	4.6612077	7.220181	5.319961
take_small_sip	1.6530588	0.6906675	0.07591765	4.83862	7.235942	5.2469387
take_some_tylenol	2.3326979	0.6893272	-0.5633512	4.827956	7.077272	4.8883886
take_tums	1.9422083	0.8188472	-1.3947356	4.1287537	7.9343233	5.571426
take_tylenol	4.186665	0.63939416	0.0813291	5.1635594	6.526068	3.7925346
take_xanax	2.0724697	0.89066434	-1.4139782	3.7771878	7.772459	5.2475967
tale	4.7861524	1.2373568	-2.3378055	6.276092	6.8373804	2.6469946
talk_a_lot	2.9821684	0.7498781	0.23256405	5.0506387	7.5677886	4.2930884
talk_laugh	2.0351977	0.74243945	-0.20817286	5.11149	7.3338685	4.9862194
talk_loud	3.2182941	0.755477	0.2347526	5.068498	7.5511694	4.1043534
talk_to_doctor_bastian	6.026431	0.8980052	-2.468602	4.96253	5.545266	1.9854306
talk_to_her	6.362861	0.85835016	-2.6755278	4.844835	5.4776635	1.8879449
talk_to_my_pcp	5.7636776	0.9445034	-2.5623176	5.046704	5.913896	2.2002568
tan	4.322564	0.73473376	-1.86352	4.417581	7.358517	3.8024638
tangle	4.27745	0.67755663	-0.38156912	4.319932	8.808258	4.037399
tap	3.3338833	0.7811718	0.38071325	3.8248737	8.8435955	3.6522417
tap_water	2.3207135	0.7719574	-0.9693985	5.177504	7.2516785	4.873894
tar	3.8725584	0.764921	-0.91411334	4.8533835	7.6830683	3.9166715
target	4.510741	0.80693924	-0.052413024	4.066119	9.501007	3.6129613
taste_acid	3.5234723	0.9368248	-0.30000487	5.512148	7.631439	3.7729435
taste_anything	3.566571	1.0802776	0.16273786	5.7978683	7.613955	2.7983122
taste_awful	2.2112706	0.76089096	-0.9395207	4.5233016	7.435148	5.039467
taste_bad	3.3936007	1.0303681	0.05298653	5.758475	7.6567597	3.3304017
taste_delicious	4.4566965	0.9221579	-0.24153541	5.5796432	6.1995482	2.6516228
taste_great	2.0763013	0.708416	-0.6942021	4.8621035	7.1541004	5.0457516
taste_gross	3.399032	0.89026254	0.13254291	5.4286833	7.8870063	3.7522292
taste_horrible	3.4920504	0.94114596	-1.1728827	5.242946	6.9940033	3.5835853
taste_in_my_mouth	3.4934325	0.9178327	-0.17828895	5.8068714	7.714553	3.8742592
taste_like_bile	3.6791232	1.0840873	0.0140125295	5.946817	7.780624	3.489029
taste_like_vomit	3.5510936	1.0911977	0.020010808	5.993977	7.7048993	3.3502493
taste_or_smell	3.5523677	1.0548226	0.14491892	5.776084	7.5889115	2.8261015
tea	1.3464587	0.71207273	-0.60985035	5.236441	7.2449045	5.6784043
teach_my_body	4.256123	1.1226885	-0.26241857	5.4318867	6.926434	2.1850028
teach_myself	4.0992513	1.155602	0.11137854	4.6587768	8.079368	2.1765516
teach_myself_to_burp	4.1108623	1.163922	0.055334434	4.6725955	8.058429	2.157921
teach_themselves_how	4.137822	1.1622593	-0.09539725	4.621697	8.104004	2.1939943
teach_your_body	4.0249553	1.1173874	0.29195964	4.8123775	7.9441824	2.2971303
teach_yourself	4.0239	1.1384956	0.17701067	4.679941	8.088865	2.2699254
teach_yourself_how	4.081458	1.1321588	0.18698579	4.887733	7.7964835	2.2293992
teach_yourself_to_burp	4.2066617	1.1781645	-0.2795443	4.5663996	8.046868	2.1212702
teach_yourself_to_squat_instead	2.0698216	0.7222126	0.17588855	4.1774645	8.018333	4.679573
teammate	4.1104555	0.9817178	-1.6673015	5.3574615	7.1548085	3.3729227
tear_up	3.1659598	0.8864074	-0.09754547	6.542814	7.752951	3.6002462
tears_of_joy	3.908149	1.0242814	-1.6586062	5.3231454	7.1858096	3.0839741
teary_eye	3.170721	0.89898324	-0.26274484	6.3576746	7.6692986	3.6192508
tech_neck	4.171675	0.73347175	-0.6075643	4.3187537	8.725095	3.944358
technical_possible	5.0440054	1.0669192	-2.1521304	5.5046444	7.0830026	2.945024
technique	3.8555236	1.077283	0.28660974	3.9359903	8.837103	2.4564452
tee	4.4119015	0.77600724	-1.9734477	4.5167003	7.2519374	3.674648
teen	4.360855	1.2750547	-1.6023217	7.1577435	7.736114	3.7722986
teen_and_early	4.5314846	1.1165019	-1.768409	6.7020774	7.3164144	3.6358392
teen_year	4.2989817	1.2469039	-1.4194174	7.076378	7.70877	3.7905807
teenage	4.783686	1.1648102	-2.0509827	6.4884996	7.4424796	3.4214046
teenage_year	4.022358	1.1518096	-1.0040213	6.2793674	7.4582715	3.0814233
teeny	3.8177655	1.0419006	0.41335917	5.686295	7.095628	2.546145
telehealth_visit	6.1814733	0.8479819	-2.5980654	4.7461524	5.580009	2.0670311
telemed	6.0097103	0.82450134	-2.2870042	4.7912993	5.393056	2.049026
tell	6.9761515	1.0113537	-3.4351587	5.4503207	6.9227366	2.332981
tell_he	6.989654	0.99634004	-3.4980686	5.3701224	6.859797	2.2961411
tell_my_primary	6.1924434	1.056824	-3.1122427	5.6106105	7.0631285	2.6086729
tell_myself	3.231501	1.5592915	0.06715598	6.6935697	8.360895	3.2681725
tell_people	3.4644284	1.2995071	-0.7123809	6.756602	7.540911	2.5959597
tell_them	6.9846992	1.0227429	-3.4675078	5.4680943	6.9054313	2.3014796
temple	4.3691864	0.777272	-1.3543833	4.4269314	7.7423997	3.6187606
temporary	5.815279	0.80939436	-0.704014	5.072481	5.9183145	2.5630918
temporary_relief	3.891022	1.097879	-0.33505908	5.561417	7.326259	2.6483905
temporary_side_effect	5.706209	0.85148317	-1.3044509	5.079017	5.961292	2.5831532
temporary_worse	4.9206223	0.8967328	-1.5391607	5.8123574	7.68696	4.0811453
tend_to_get_worse	4.8457932	1.0365582	-1.5655093	6.8738604	7.897285	4.234885
tend_to_happen	3.3441436	0.8654391	-0.19746841	5.299878	7.8541565	3.900249
tend_to_swallow	3.5402567	0.791961	0.30121446	5.395653	8.640524	4.295832
tend_to_worsen	4.9226465	0.9968312	-1.5558306	6.7728753	8.05655	4.339636
tend_to_worsen_with_age	4.825048	0.9527498	-1.6797879	6.220521	7.85202	4.0810223
tender	4.2361164	0.5716202	-0.093788475	4.562426	8.293179	4.263761
teng	5.8244276	0.95473844	-2.5935805	5.0429826	5.8794274	2.1488054
tennessee	5.9216647	0.9893664	-2.9541461	5.03307	6.2999253	2.310906
tennis	3.535602	0.81306493	-1.1863998	4.8203416	7.396747	3.9541142
tennis_ball	3.6347642	0.9357763	0.11926342	3.7691433	8.825841	2.9690647
tense	4.3218637	0.8142678	0.29268703	4.2093453	9.561084	3.6421413
tense_muscle	4.532219	0.88582224	-0.8330574	4.4574122	8.959799	3.5866158
tense_my_abdomen	3.553309	1.024042	0.109893285	5.388783	7.6719456	2.8139787
tense_my_stomach	3.4341834	0.91843826	0.19512169	4.10921	8.590158	3.113938
tense_my_throat	3.9133627	0.8393159	-0.19840325	4.381815	8.672973	3.5274715
tense_up	4.268168	0.82501215	0.32511505	4.2600937	9.493476	3.6161988
tension	4.424375	0.79365337	0.14883056	4.2430754	9.634892	3.7853694
tequila	1.3141494	0.81933784	-0.6868115	5.466988	6.996294	5.2844677
terrible	3.7473378	0.88377184	-0.08383501	6.7592926	8.148498	4.6383824
terrible_bloat	3.9320796	0.80551517	-0.6385425	6.2092724	7.912169	4.4923873
terrible_emetophobia	4.0266757	1.3769041	-1.1002319	7.037162	7.966872	3.5627239
terrible_heartburn	2.1631587	0.85657626	-1.3494579	3.8907263	7.6866164	5.180684
terrible_hiccup	3.8871331	0.9255411	-1.0543802	5.9074793	7.475416	3.7787762
terrible_pain	3.8141348	0.7745919	-0.3527794	5.9683223	8.115972	4.487273
terrify	3.6304634	1.5618031	-0.31880584	7.2767177	8.177008	3.4313521
terrify_of_throw_up	3.7673876	1.4079006	-0.8530964	6.829568	7.951606	3.3605466
terrify_of_vomit	3.810896	1.401533	-0.8713289	6.8903112	7.9532595	3.417916
test	7.082102	0.7154048	-3.258236	4.629718	7.2926993	2.9740286
test_for_celiac	5.48433	0.8272548	-2.356719	5.6038213	8.381842	4.3479276
test_negative	5.534005	0.857877	-2.3866	5.7472243	8.293738	4.2796793
test_result	6.766649	0.7779629	-3.1872795	4.7734947	7.106385	2.8732407
test_to_confirm	5.758901	0.906012	-2.6243765	5.333341	7.470687	3.3812008
testimony	5.021215	1.3235754	-2.5348191	6.1282783	6.6424847	2.077896
testosterone	4.0538406	0.9434221	-1.5392078	5.2600465	7.430018	3.6950166
texas	6.7761755	0.936689	-3.246707	4.850966	5.879743	1.891232
textbook_rcpd	4.8320017	1.1108705	-1.917682	6.110422	7.4965057	3.4165235
texture	1.5423105	0.60941225	-0.23153588	4.885613	7.2349176	5.6289115
than_before	4.0219297	0.80307966	0.23279767	6.1278653	7.4658003	4.050516
than_late	4.6621466	1.1096427	-1.9950796	5.5545025	6.6668444	2.6298466
than_normal	3.4612324	0.78385746	0.39124176	5.606275	8.22166	4.349605
than_regular	3.9460464	0.9540184	-1.2030556	5.7993712	7.7186656	4.0033455
than_the_rest	5.2167835	1.1466862	-2.3701816	5.6301355	7.5774837	2.9353395
than_usual	3.4525595	0.8119952	0.4454787	5.898943	7.8194294	4.2478566
than_yesterday	4.1759753	0.6901909	0.30923826	5.305071	6.615756	3.5762124
thank_u	4.662084	1.3101699	-2.0815692	6.077531	6.4815483	1.9745067
thank_you_also	4.5819235	1.2415985	-1.7333403	5.5548263	6.913968	2.1462252
thank_you_and_congratulation	4.5177727	1.1776656	-1.5321089	5.8747807	6.3006544	2.179773
thank_you_definitely	4.5438685	1.1287116	-1.9368885	5.529062	6.522438	2.4237547
thank_you_everyone	4.68701	1.2284377	-1.8536576	5.9130664	6.269675	2.0168958
thank_you_for_post	4.9203153	1.2885413	-2.263675	6.029895	6.302831	1.8886458
thank_you_for_read	4.765215	1.3400966	-2.1928647	6.130956	6.4487085	1.86048
thank_you_for_respond	4.5619884	1.1882944	-1.9755003	5.7435117	6.645521	2.397972
thank_you_for_share	4.7440248	1.4004118	-2.0613382	6.454054	6.2793126	1.6489608
thank_you_for_this	4.9773903	1.3898923	-2.3500164	6.3191924	6.28924	1.6270754
thank_you_for_your_feedback	4.5385423	1.2606704	-1.7285166	6.167635	6.311277	1.9068295
thank_you_for_your_input	4.795807	1.1473646	-2.0709925	5.6695805	6.7448344	2.5543387
thank_you_for_your_reply	4.5221133	1.3167554	-1.8365555	6.155755	6.3591285	1.8905195
thank_you_for_your_story	4.38798	1.3173043	-1.7139752	6.2645903	6.505763	2.0463538
thank_you_good_luck	4.775584	1.1567221	-1.8834351	5.8093176	6.368863	2.3057642
thank_you_how	4.4357705	1.1854197	-1.5435153	5.8239565	6.4016128	2.1913779
thank_you_ill_definitely	4.6978245	1.1229215	-2.1099665	5.44159	6.5446424	2.4108942
thank_you_its	4.3976965	1.2821541	-1.6880926	6.1997356	6.5342426	2.1924663
thank_you_r/noburp	4.5758967	1.2676715	-2.0599267	6.1061916	6.759282	2.3348548
thank_you_so_glad	4.5038037	1.1868477	-1.6826359	5.869844	6.398939	2.2258217
thank_you_thank_you	4.6543627	1.3272303	-2.1480873	6.253678	6.613974	2.094768
thank_you_this	4.6362047	1.3183813	-1.9917699	6.1386175	6.371557	1.8840257
thank_you_to_everyone_who	4.929367	1.3587266	-2.348271	6.205649	6.327416	1.7358197
thank_you_to_whoever	4.816968	1.3627957	-2.435752	6.657075	6.7853503	2.3626354
thank_you_what	4.4135256	1.2449213	-1.6867647	6.022272	6.466254	2.169068
thank_you_x	4.36596	1.1922252	-1.5601625	5.9730554	6.8792167	2.6429665
thank_you_you	4.421588	1.2654661	-1.8700079	6.0881166	6.621523	2.252625
thanks_for_reply	4.500948	1.3061118	-1.7438573	6.174627	6.3147526	1.8867295
thanks_for_share	4.894081	1.4081329	-2.16214	6.3786764	6.17719	1.50093
thanks_guy	4.74415	1.2173777	-1.9239454	5.8856974	6.317295	2.0935535
thanks_man	5.1136074	1.1103792	-2.4307683	5.4255676	6.477979	2.3347714
thanks_so_much	4.863224	1.4075676	-2.1517591	6.3830223	6.193291	1.5185796
that_make_sense	3.5407648	0.9479447	0.70445406	5.0851474	8.398638	3.1808863
that_specialize	6.6023393	1.034999	-3.436695	5.223216	6.655652	2.2292633
thc	2.0635314	0.80915225	-1.3557321	4.611824	7.6489334	5.397183
the_absence	4.7915325	0.89202154	-1.4996283	6.099483	8.238511	4.3069763
the_acid_reducer	2.061053	0.88585	-1.4618571	3.8044658	7.7811985	5.279414
the_aftermath	3.7952597	0.7300865	-0.47177675	5.158313	6.736184	3.8835652
the_airway	4.539874	0.72030663	-0.23304795	4.1710167	9.314545	3.9318826
the_anesthesiologist	6.661091	0.6055302	-2.3242264	4.172389	5.195113	2.0317469
the_bathroom	2.8991838	1.3871322	0.3918632	5.891743	8.456345	3.1767583
the_beginning	3.8435044	1.0529125	0.8092399	5.268868	7.501842	2.399194
the_body	4.563859	0.8177692	-0.005623268	4.2590637	9.649166	3.7298515
the_botox_migrate	4.5611453	0.7425605	-1.0817595	4.4788923	8.310936	3.8647213
the_botox_wear	4.832726	0.9428838	0.112060994	5.483242	5.8858294	2.1935985
the_brain	4.6678762	0.8273353	-0.17048642	4.2502046	9.635687	3.704299
the_camera	5.3006935	0.3333935	-0.58342606	3.1648507	7.455613	3.6314113
the_charm	4.838137	1.2803552	-1.7061737	6.037829	5.967185	1.6273321
the_condition	5.933221	1.1139708	-2.5097039	6.511258	8.62724	3.9592214
the_contrary	4.5996857	1.0019222	-1.7823949	5.6781363	7.4916053	3.4791646
the_couch	2.7477355	0.81669027	0.54873025	4.0172834	8.640429	3.9000466
the_cp	4.8663177	0.7801849	-0.66081464	4.306638	9.404803	3.8740518
the_cpm	4.566679	0.73569536	-1.1776265	4.3254004	8.212367	3.7701297
the_cricoid	3.7794368	0.85156715	0.16132496	3.8543208	8.961628	3.2905865
the_cricopharyngeus	4.847347	0.77570945	-0.33017582	4.1896405	9.732902	3.8687916
the_culprit	5.1046767	1.0165174	-2.025921	5.876446	8.407916	4.0010366
the_development_of_hiatal	5.4092484	0.9671324	-2.1345007	5.9357505	8.727593	4.283343
the_diaphragm	4.514438	0.8098404	0.023498708	4.247141	9.639068	3.7887015
the_earliest	6.10842	0.84221756	-2.2892787	4.870814	5.306446	1.9196956
the_edge	3.2782443	0.75626296	0.23100351	4.0752854	8.6090355	3.8672073
the_equation	4.341916	0.88834745	-0.71739423	4.3938107	8.84376	3.5147965
the_er	6.952034	0.71089476	-3.1997738	4.6466446	7.4005446	3.119268
the_esophagus	4.757663	0.76334965	-0.20742705	4.2578506	9.766125	3.959253
the_evening	2.4143558	0.8115999	0.15219596	5.7371125	7.2801223	4.7129974
the_first_trimester	4.0444903	0.9466272	-0.7937208	6.399311	7.7608356	4.236743
the_floor	2.7485478	0.81004673	0.5453451	3.9409919	8.66651	3.879112
the_founder	5.9283595	1.0768993	-2.9335892	5.586553	7.626072	3.0126703
the_fridge	1.8351244	0.7932948	-0.69081324	5.1805964	7.1021075	4.9755535
the_gist	4.910871	1.0978771	-2.0195897	5.739083	7.5677977	3.206455
the_good_decision	5.083479	1.101168	-1.1021436	6.1495647	5.7088685	2.107625
the_guardian	5.481118	1.3046432	-3.064723	5.940568	6.81802	2.113941
the_hang	3.9268248	1.0562835	0.7061383	5.112367	7.5779896	2.3817718
the_hospital	6.565799	0.6110884	-2.2531257	4.145062	5.1548724	2.077669
the_idea	3.6690462	1.5791008	-0.37631762	7.309393	8.225479	3.4224849
the_infamous	3.536536	0.9852553	-0.45447302	6.264699	7.7835264	3.3578184
the_injection	6.701525	0.6853213	-1.7074689	4.4627295	5.053169	1.8938553
the_internet	5.5393953	1.4461354	-3.0178924	6.6109304	6.7394414	1.8063678
the_intestine	4.076204	0.7204018	-0.12680443	4.774903	9.363063	4.4630666
the_intubation	4.4381905	0.5710939	0.33334187	5.048353	6.491294	3.7975352
the_key	3.9473195	1.0114976	0.534774	4.374773	8.867595	2.8145132
the_larynx	4.5213795	0.781037	-0.080431394	4.0955915	9.509008	3.723474
the_les	4.835357	0.7698194	-0.3525372	4.319126	9.740345	3.9844055
the_lower_esophageal	4.8163056	0.76430315	-0.3597345	4.2656116	9.699905	3.9517648
the_lump	4.0477195	0.57536256	0.56184953	5.115385	6.8976617	4.043489
the_majority	5.5038447	1.1744868	-2.410881	6.4996495	8.094357	3.565336
the_military	4.948819	1.150344	-2.4584029	5.7923822	6.7057667	2.5771892
the_mirror	3.5202622	0.8087207	0.008670802	3.8730996	8.640624	3.465373
the_morning	2.3572152	0.78486615	0.11031031	5.619647	7.229768	4.784918
the_muscle	4.6396074	0.8035848	0.019509342	4.1489363	9.738873	3.7056494
the_netherlands	6.919889	0.8788554	-3.0913749	4.6673646	5.6287904	1.8283939
the_nhs	7.076774	0.90761995	-3.221866	4.67647	5.800034	1.8723359
the_nose	5.278061	0.33783537	-0.5692813	3.175135	7.4533596	3.6323645
the_numb_agent	4.691216	0.50894797	-0.68877715	3.797932	7.368225	3.7384012
the_operation	6.6292634	0.6980267	-2.1362758	4.492758	5.0880275	1.8570654
the_phone	6.584468	0.8509266	-2.7853844	4.865893	5.4550757	1.7888898
the_pnw	5.695658	0.9736666	-2.5545654	5.0673504	6.061084	2.2737443
the_price	7.2225986	0.67622113	-2.6308193	4.016944	5.2088265	1.9520239
the_private_sector	6.036991	1.0322723	-3.069391	5.077735	6.358385	2.230528
the_procedure	6.677549	0.7198112	-1.8932816	4.614713	4.99277	1.7649473
the_progression	5.4570723	1.231063	-3.08941	5.6459117	6.717473	2.17386
the_right_direction	4.8376856	1.3411195	-2.1068664	5.9109635	6.5247974	1.726587
the_roof	3.5645423	0.76972973	0.5434082	3.8174694	9.026764	3.5921233
the_same_boat	4.7398295	1.366744	-1.8972771	6.353968	6.0699353	1.5687377
the_scheduler	6.3738565	0.8824112	-2.856313	4.9423294	5.777024	1.9809996
the_scope	5.3194065	0.33474696	-0.5917102	3.1812546	7.4412875	3.6263583
the_sensation	3.6239731	0.90828115	0.76585674	4.913145	8.571815	3.3751125
the_shard	6.553564	0.7139874	-2.198475	4.1891747	5.4060926	2.2505584
the_shower	2.7751303	0.84156275	0.54425406	4.127562	8.619076	3.867236
the_side	3.4855866	0.9614363	0.85396	4.010104	8.971211	2.9132295
the_sink	2.928059	0.837594	0.5205164	4.3913636	8.5426445	3.927336
the_sixteenth	6.0240254	0.8540702	-2.3648899	4.8691363	5.452487	2.0196493
the_sole	5.134808	1.0949206	-2.1572397	6.1229987	8.2880945	3.814764
the_spectrum	4.9829803	1.0827396	-1.8916738	6.1044726	7.3619537	3.3842697
the_sternum	4.019669	0.6257248	0.08690596	4.3864245	8.863727	4.178114
the_subreddit	6.0738516	1.3119593	-3.4019873	5.9016285	6.7229476	1.8443825
the_surgery_center	6.6242046	0.6103091	-2.2557957	4.145885	5.1673737	2.0643167
the_tik_tok	5.018218	1.3041272	-2.5890083	5.9582744	6.881664	2.1945689
the_title	5.552423	1.3172852	-3.0053964	6.158	6.673434	1.9720156
the_toilet	2.8910673	1.3931282	0.41537017	5.892101	8.484666	3.1793134
the_trachea	4.656205	0.7481162	-0.3467032	4.1706953	9.40002	3.8705845
the_ues	4.7456408	0.77790654	-0.14923318	4.194346	9.764851	3.8529663
the_uk	7.0551395	0.9098957	-3.225716	4.6577654	5.761489	1.8596139
the_upper_esophageal	4.8878474	0.7708588	-0.36632302	4.1995215	9.743883	3.889924
the_urge	3.0277588	1.3766421	0.3850389	6.101012	8.418782	3.3329756
the_usa	6.6903987	0.93325734	-3.1598454	4.751349	5.9302797	2.0119493
the_vast	5.688775	1.0430553	-2.3060973	5.5474467	7.2095475	2.9932804
the_vast_majority	4.9875727	1.093217	-1.8987362	6.07301	7.622175	3.3388414
the_verge	3.2510169	1.0245593	-0.108528376	6.157589	7.9603257	4.0096993
the_waist	2.7123704	0.7522915	0.41024187	3.884515	8.553952	4.073818
the_waitlist	6.212221	0.8465117	-2.4349427	4.876411	5.3330483	1.876459
the_wiki	6.291718	1.2440531	-3.5158808	5.6996717	6.6861567	1.8881387
the_windpipe	4.641163	0.72220325	-0.3922305	4.1809254	9.283549	3.9384274
the_worst	3.7432	0.8727658	-0.044929456	6.6810803	8.090639	4.600016
the_wrong_pipe	2.3550873	0.6839817	0.1911561	4.8020773	7.531508	4.831163
the_x_ray	6.947913	0.73724717	-3.2227929	4.6794353	7.3680167	3.043657
theatre	5.054901	0.44705567	-1.1785672	3.3811378	6.738396	3.4320066
their_20s	4.7755017	1.138726	-1.8115095	6.79967	7.7830973	3.8936634
their_chest	3.9683702	0.6852143	-0.05893778	4.702344	8.715527	4.1546655
their_condition	4.9314523	1.2825371	-2.4082053	6.1314282	6.9710445	2.4179733
their_emetophobia	4.982653	1.0821139	-1.7995396	6.5119567	7.77037	3.8211308
their_experience	5.192766	1.3425057	-2.6280487	6.1371074	6.5145326	1.8584675
their_journey	5.0612416	1.3135304	-2.5948489	6.0578055	6.628021	2.0600762
their_life	4.6988482	1.3063705	-1.8609891	7.133012	7.773595	3.5582519
their_name	6.022587	1.1492908	-3.289199	5.3905935	6.5390387	2.078903
their_parent	4.7562003	1.1251657	-2.142346	5.7091446	7.2651362	3.021028
their_r_cpd	5.387065	1.0994881	-2.3554723	6.3120036	7.974607	3.6752613
their_stomach	3.971182	0.75618213	0.2330895	4.3279557	9.219884	3.8784091
their_story	5.1556296	1.3259841	-2.7453253	6.079945	6.6898518	2.0693376
their_success_rate	6.342134	0.7773102	-1.444965	4.624471	5.510044	2.2594445
their_symptom	5.3206964	1.0837688	-2.1825705	6.366957	8.206023	3.9113812
their_system	5.5891476	0.9520544	-2.2929304	5.009922	6.3796597	2.5748205
their_tongue	4.159482	0.88774556	-1.1356219	4.635848	8.0889635	3.539069
them_direct	5.851067	1.0315197	-2.9821825	5.095711	6.400412	2.307288
them_out	3.5249376	0.9880838	0.89518195	4.343355	8.681586	2.7951462
theme_park	3.0905309	0.9600947	-0.98932874	5.5835943	7.220798	3.9190116
then_gradually	4.379395	0.95535725	0.032294355	5.5707784	6.3490167	2.5413992
then_insert	5.043892	0.46934548	-0.6780762	3.401947	7.450193	3.5756123
then_suddenly	3.7959816	1.1277732	-0.10914821	6.343851	7.2466254	3.1390436
theorize	5.091338	1.0490744	-2.0125763	5.565893	8.474264	3.6983333
theorize_that	5.3400855	1.0135527	-2.1052232	5.9112344	8.649126	4.073567
theory	5.641834	1.038532	-2.1433733	5.941513	8.960838	4.051526
theory_that	5.326648	0.93346465	-1.678114	5.470225	9.152896	4.1700892
there_a_lot	4.602986	1.1093371	-1.2217948	5.745924	7.759776	3.014855
there_a_lump	4.003014	0.5650642	0.5072354	5.0275474	6.93979	4.074716
these_air_bubble	3.5634072	0.7883087	0.29449186	4.853572	8.501703	3.8873851
these_drug	2.003371	0.89197344	-1.3294108	3.7202497	7.78355	5.247024
these_episode	3.8627162	0.8130295	-0.5413129	5.9758954	7.911331	4.4241095
these_exercise	3.929617	1.1076088	-0.02101043	3.8393083	8.736418	2.332885
these_factor	4.596052	0.9626848	-1.5327975	5.177796	8.177389	3.643147
these_hiccup	3.4169748	1.0314626	0.06354346	5.912576	7.6959968	2.9483397
these_horrible	4.332544	0.9376468	-1.1447408	6.301929	7.582771	3.8903737
these_issue	5.402203	0.9835107	-1.8952574	6.6520967	8.710165	4.5751605
these_noise	3.1662514	0.8759802	-0.07803763	6.498857	7.748113	3.4434881
these_post	5.0274343	1.3843592	-2.6426592	6.5659895	6.7446	2.178187
these_side_effect	5.3031087	0.9327365	-1.1146319	5.422881	6.041563	2.5530894
these_symptom	5.341967	0.9841818	-1.8050914	6.7486205	8.698118	4.6203594
these_test	6.862218	0.94259554	-3.3905656	5.14757	7.1066875	2.6006634
these_thing	5.5204167	1.1091684	-2.179063	6.300356	8.692056	4.020675
these_tip	4.669767	1.2595164	-2.0452905	5.8331537	6.666237	2.1618905
these_weird	3.1981149	0.985526	0.3143462	6.3790975	7.7944875	2.985062
they_are	3.6583514	1.1019894	0.1070517	5.8547425	7.4067917	2.6568577
they_cover	7.146886	0.70808685	-2.7161434	4.10722	5.3386226	1.983051
they_give	5.2399783	0.38453713	-0.74444	3.2210007	7.2894435	3.588918
they_inject	6.582174	0.6101086	-1.3653009	3.9422174	5.6349998	2.499217
they_insert	4.9966702	0.43746772	-0.5963093	3.4599755	7.4307675	3.6629295
they_numb	5.255833	0.3578229	-0.5896256	3.2215288	7.4247565	3.642195
they_prescribe	1.9858787	0.7688511	-1.4924322	3.9345064	7.7583575	5.5537534
they_put	5.2702794	0.3678023	-0.62816846	3.216831	7.39075	3.6185243
they_sell	2.2353864	0.7548932	-1.2403891	4.5060906	7.5197415	5.157738
they_spray	5.2403765	0.3575661	-0.5870824	3.259364	7.392443	3.6461632
thiamine	5.193263	0.914091	-2.2869823	5.096119	7.702683	3.5120852
thick_food	2.049778	0.6516647	-0.2764796	4.7641525	7.1620426	5.092612
thick_mucus	3.8384361	0.70057625	-0.0030900338	5.167005	7.9267654	4.1469293
thick_saliva	3.6530116	0.7928288	0.01618871	5.5341606	7.929567	4.2381544
thicken	4.390792	0.73446023	-1.4078174	4.6718044	7.728829	3.967557
thigh	3.494732	0.7534204	-0.05624748	3.8606193	8.563154	3.673308
thin_liquid	1.866743	0.64486617	-0.34386304	4.820386	7.1627517	5.2718143
thing_move	3.8128357	1.0385634	0.009835313	3.8137853	8.803713	2.609835
third_attempt	5.846641	0.865715	-1.3465439	4.9850645	5.414927	2.1046107
third_dose	5.9304605	0.8556767	-1.1945146	5.005187	5.2786283	2.0009408
third_grade	4.083706	1.36467	-1.2823411	7.019524	7.748484	3.4520924
third_injection	6.251125	0.7486327	-0.913967	4.8579006	4.9536734	1.8819758
third_one	5.9423738	0.8432984	-1.1585848	4.9939384	5.257375	2.0087636
third_or_fourth	4.278967	0.9130808	-0.6484986	5.5103345	6.2566824	2.9367766
third_procedure	5.929112	0.87740046	-2.0253448	4.9963865	5.406886	1.9778808
third_round	6.0780897	0.81364274	-1.0502806	4.973784	5.089803	1.9054781
third_time	6.310309	0.7609663	-0.8835823	4.8447456	4.929742	1.8564779
third_trimester	3.2727597	0.8170599	-0.5847829	5.8101892	7.5791864	4.461421
third_week	4.5094013	0.929613	0.12522568	5.563005	6.129028	2.4770803
thirsty	2.034523	0.7678942	-0.5269092	5.305671	7.177581	5.028854
thirties	4.541264	1.169653	-1.7452694	6.7984443	7.4441533	3.6274738
this_article	5.8557405	1.2759197	-3.31182	5.7744346	6.775118	1.9987271
this_community	5.260468	1.4650555	-2.7543852	6.6891527	6.64125	1.749875
this_condition	5.8623757	1.1202147	-2.4457154	6.5833545	8.650825	4.012082
this_disease	5.8455396	1.198908	-3.0036712	5.936979	7.1200314	2.516251
this_disorder	5.940894	1.1225076	-2.5340097	6.5139165	8.58626	3.9102716
this_forum	5.421961	1.4616038	-2.9259357	6.637674	6.6706467	1.7460442
this_friday	6.0007334	0.8540539	-2.1040313	5.029316	5.1494927	1.8028556
this_group	5.3693957	1.467298	-2.8733928	6.6691246	6.653254	1.7348251
this_information	5.3608656	1.3243456	-2.7342992	6.016056	6.56107	1.85328
this_method	3.8960164	1.1029173	0.16937524	3.9631362	8.735586	2.3652444
this_page	5.5059977	1.4533768	-3.0091069	6.612542	6.7093163	1.7755975
this_problem	5.7526865	1.133633	-2.3560548	6.667132	8.6013975	4.0136237
this_reddit	5.4395876	1.4601642	-2.9515395	6.642362	6.6898613	1.7649454
this_reddit_page	4.959996	1.2803482	-2.5217175	6.1295476	6.9690247	2.441491
this_shit	4.136292	1.3110294	-1.6843781	6.449052	7.011858	2.4710917
this_stage	4.244642	1.0852629	0.063073225	5.461352	6.8176966	2.2017453
this_stupid	4.473637	1.2336334	-1.8200936	6.4732366	7.4717064	3.0627315
this_sub_wiki	6.0676293	1.0239878	-3.1073163	5.1047225	6.386031	2.2498903
this_subedit	4.4094505	1.2836356	-1.9207449	6.1757994	6.8514915	2.36685
this_subreddit	5.4664044	1.4622487	-2.977078	6.658122	6.7147603	1.7819873
this_technique	3.8732939	1.0914164	0.18864605	3.9196873	8.779871	2.399349
this_thread	5.344561	1.4650697	-2.8470595	6.6396546	6.6211348	1.7096522
those_bubble	3.5340269	0.87894064	0.0750024	4.974564	8.411511	3.6408927
those_mini	3.7648468	1.0683855	0.101710685	5.4873314	7.3587246	2.615169
those_muscle	4.2085147	0.89357466	0.32059258	4.166489	9.37041	3.3013852
those_noise	3.1791565	0.8887271	0.05449751	6.3543777	7.7796082	3.1976655
those_of_us	5.5050335	1.0977637	-2.3590047	6.22329	8.279632	3.7903743
those_symptom	5.3853445	0.9839134	-1.8647097	6.696849	8.718196	4.6050253
those_test	6.906951	0.8741579	-3.3443494	4.9712157	7.0535836	2.6537862
those_thing	1.871312	0.6764096	-1.1546062	5.1329665	7.5392933	5.7224336
those_with_r_cpd	5.1897826	1.0137832	-2.0972455	5.3500285	8.101602	3.468288
thousand_of_dollar	6.9917035	0.8790931	-3.1376028	4.522041	5.814096	2.0045934
thread	5.4587812	1.4530611	-2.9753883	6.5888834	6.680464	1.7583609
thread_about	5.260957	1.2925577	-2.850756	5.9057336	6.79981	2.1444838
three_hour	2.773939	0.73322636	-0.2833695	5.3077245	6.888125	4.5499797
three_month	4.8001065	0.9253577	0.10917443	5.543403	5.835879	2.2711072
three_time	3.716381	1.2353706	0.20024683	6.7034135	7.3462243	3.1567602
three_week_ago	5.584155	0.8737776	-1.2203597	5.1758842	5.4741015	2.1655676
thrill	4.6440244	1.3746341	-1.9166238	6.5703926	6.334786	1.8473272
throat_area	4.18537	0.73340166	-0.011701017	4.280681	9.150928	3.9019115
throat_chest	3.8532584	0.7293629	-0.057936184	5.311468	8.547381	4.172861
throat_clear	3.9703467	0.6738339	0.14582632	5.413998	7.947531	4.4419813
throat_croak	3.9226336	0.8670739	-0.3463362	6.4322066	8.037581	4.2193937
throat_disorder	5.977338	0.98136395	-2.8023534	5.139721	7.0277004	2.8444338
throat_gurgle	3.8735015	0.8245128	0.05818498	6.6777487	8.391187	4.5396776
throat_infection	4.391542	0.97174263	-1.535923	5.7763004	7.63898	3.7905068
throat_massage	3.958239	1.1053919	-0.11497633	3.859743	8.681868	2.347998
throat_movement	3.4749672	1.1460912	-0.18967146	5.0493665	8.207136	2.8989072
throat_muscle	4.5019116	0.81847745	0.11190227	4.147957	9.634641	3.6303923
throat_nausea	4.0662947	0.82597506	-0.18450002	6.6470127	8.48276	4.783047
throat_noise	3.166678	0.93400264	0.29040432	6.467407	7.8483043	3.066441
throat_numb_spray	2.2014296	0.76500547	-1.0922598	4.1776147	7.568906	5.1701784
throat_pain	4.296824	0.6406516	0.3832197	5.331427	6.4134126	3.7053654
throat_pressure	4.127298	0.77282	-0.5090314	6.174213	8.0065365	4.499948
throat_punch	3.916958	1.0797184	-0.109010205	3.7916458	8.741272	2.4361598
throat_region	4.6629133	0.8177886	-1.2945366	4.8089175	8.4940195	3.9202588
throat_soreness	4.191296	0.72596115	-0.36056075	5.214535	6.485241	3.603489
throat_tightness	4.1485214	0.7247153	-0.3410183	5.960705	8.295171	4.662578
throatox	6.190153	0.8520633	-2.198524	5.003257	5.1373734	1.731661
throaty	3.7017846	0.90758437	0.11679387	5.5064554	7.323191	3.0956259
throb	4.1498795	0.66666096	-0.27353516	5.5497646	8.405717	4.594529
through_insurance	7.090921	0.692633	-2.579523	4.063136	5.3009377	2.040219
through_my_nose	5.208346	0.32976264	-0.5210701	3.176356	7.5112286	3.6706696
through_the_nhs	6.8503246	0.9725862	-3.2524405	4.8663454	6.007331	1.9264865
through_various	4.3185563	1.0678362	-0.9200037	4.4523125	8.269527	2.7500134
through_your_nose	3.677891	0.7294441	0.49739397	3.7908647	8.943095	3.65384
throughout_childhood	4.3524933	1.1453811	-1.5895638	6.611807	7.514849	3.7213793
throughout_my_20s	4.423903	1.1496992	-1.6442128	6.9275355	7.650823	3.964052
throughout_my_entire	4.1645374	1.2187148	-1.5721233	6.7622457	7.2564335	3.3681633
throughout_the_day	2.922319	0.8940036	0.38825956	6.103178	7.595464	4.3067727
throughout_the_evening	3.316919	0.8994559	-0.30775604	5.369874	7.698979	3.7690375
throughout_the_night	3.0819073	0.9165794	-0.41585326	5.4830103	7.679238	3.9976215
throughout_the_process	4.997146	1.0058641	-2.327903	5.213836	6.554174	2.6849506
throughout_the_year	4.30512	0.9203492	-1.5983576	5.395319	7.0388246	3.490753
throw_off	4.4017415	0.7974925	-1.2409055	4.7647696	8.447052	4.036201
throw_up	3.0687826	1.5479323	0.22943887	6.5474567	8.465306	3.2869725
throw_up_a_couple	3.6697903	1.3257338	-0.25459847	6.8874536	7.77986	3.401713
throw_up_a_little	3.2684543	1.0134912	0.13590729	5.594946	7.7339783	3.4132786
throw_up_again	3.8071275	1.4326876	-0.90222687	6.960642	7.9225483	3.393086
throw_up_air	2.9681199	1.4916958	0.3449374	6.126889	8.494748	3.1102712
throw_up_at_all	3.9774868	1.4188043	-0.9770836	7.1075935	7.949949	3.501075
throw_up_be	3.2554684	1.533268	-0.008530031	6.7814593	8.366844	3.3735256
throw_up_because	3.110171	1.5333146	0.15859902	6.5018783	8.414607	3.2334409
throw_up_but	3.0382595	1.5365779	0.27552852	6.449368	8.469146	3.2461517
throw_up_due	3.9888575	1.2203382	-1.2697082	6.415378	7.7292905	3.5497947
throw_up_either	3.8773947	1.4455442	-1.2840806	6.5311675	7.810683	2.960305
throw_up_even	3.756879	1.4155488	-0.9439743	6.8844643	7.895231	3.4177485
throw_up_even_though	3.7810526	1.3480121	-1.0192541	6.518548	7.8246737	3.240538
throw_up_feel	3.2650683	1.2723271	-0.18625394	5.5612936	8.133806	2.981079
throw_up_i	3.0645835	1.537835	0.23817867	6.519211	8.458341	3.2863002
throw_up_in_my_mouth	3.354794	1.0080596	0.2706957	5.861917	7.6652575	3.4170306
throw_up_in_year	3.7429876	1.3884984	-0.840116	6.700287	7.8986635	3.253255
throw_up_it	3.1020694	1.536034	0.1743851	6.5226645	8.42797	3.2539942
throw_up_its	3.0708308	1.4927436	0.2299455	6.3803544	8.401853	3.235006
throw_up_just	3.0196714	1.4141246	0.30167013	6.1377916	8.38044	3.2099893
throw_up_like	3.6916397	1.4538342	-0.6794479	7.0094285	8.062478	3.464686
throw_up_lol	3.1130831	1.4815598	0.12782085	6.351306	8.350059	3.1931734
throw_up_more	3.826659	1.34919	-0.930477	6.7557573	7.9199796	3.3784263
throw_up_most	3.5933437	1.1887499	-0.70498264	6.2304735	7.690166	3.4605172
throw_up_once	3.8330336	1.4218885	-0.8415941	7.1045337	7.9572897	3.5132914
throw_up_since	3.9064386	1.4626309	-0.87734085	7.2195797	8.045637	3.51952
throw_up_so	3.1001263	1.5397426	0.19374411	6.4849777	8.441829	3.2281766
throw_up_though	3.5846372	1.2642831	-0.7003906	6.304418	7.8469377	3.524905
throw_up_when	3.1197238	1.5127621	0.15170595	6.480828	8.382715	3.2330995
throw_up_which	3.6401947	1.4110848	-0.65863305	6.8354077	8.035198	3.4343328
throwaway_account	5.2108636	1.2614273	-2.7936308	5.8199887	6.7890954	2.2110727
thrush	1.9749521	0.8709876	-1.5362214	3.7637253	7.845292	5.4518237
thunder	3.4218955	1.0682226	-0.71466464	6.094047	7.5130186	2.9338639
thursday	6.084213	0.7712078	-2.0097437	4.871397	5.0001884	1.8236372
thursday_night	4.5437512	0.86529684	-0.6350706	5.355926	6.1591825	2.8383613
thus	4.718167	0.7709392	-0.39226007	4.3551564	9.606018	3.9979048
thus_far	4.5713263	1.2292507	-1.6774195	5.975902	6.2880135	2.0504599
thyroid	5.5292363	0.8592732	-2.078603	5.176666	8.708158	4.030023
thyroid_issue	5.180442	0.93495417	-2.1972868	5.386136	8.149687	3.7984927
thyroid_problem	5.0497975	0.9090063	-2.204794	5.181535	7.367787	3.4312997
tickle	3.6556342	0.6890768	0.516635	5.016221	8.175874	4.230787
tickle_in_my_throat	3.5727167	0.7877432	0.23025529	5.7173843	7.7587376	4.325583
tif	5.378158	0.93094075	-2.188414	5.675697	7.7824144	3.8173435
tif_procedure	5.298284	0.92419046	-2.2502573	5.5136366	8.057009	3.8978186
tight	4.3962884	0.7802003	0.18335508	4.220063	9.613438	3.7950983
tight_chest	4.1697044	0.71334755	-0.41202468	5.9481606	8.2759285	4.654968
tight_clothes	3.5167532	0.99438924	-0.9264189	5.745251	7.335163	3.70474
tight_muscle	4.7786202	0.8679394	-1.1911676	4.67228	8.918868	3.797246
tight_neck	4.7690434	0.8671585	-1.1927713	4.6833878	8.883406	3.7922244
tight_pressure	4.016919	0.66535157	-0.19488859	5.3562884	8.413322	4.4810686
tight_ues	5.1885047	0.7997123	-1.4112854	4.712143	8.994152	4.0021224
tighten	4.4405546	0.7886064	0.17384697	4.2154517	9.645815	3.7538786
tighten_my_throat	3.4883757	0.8109848	0.25930417	5.062031	8.420231	3.601506
tighten_up	4.374133	0.7718468	0.16840355	4.2788835	9.549381	3.836421
tighten_your_ab	3.5296733	0.8736382	0.2328129	3.8548114	8.805591	3.2100427
tightness	4.0689144	0.612915	0.20841171	4.5923653	8.936745	4.3109245
tightness_in_chest	4.2457523	1.1366515	-0.96804225	6.649677	8.076369	3.9618635
tightness_in_my_chest	3.8244836	0.72776717	-0.039453354	5.817168	8.323633	4.5692973
tightness_in_my_throat	3.9463806	0.72614497	-0.056173436	5.8842344	8.231327	4.6126714
tik_tok	4.9266505	1.3597788	-2.6034608	6.541408	6.8500533	2.3252985
tiktok	5.452822	1.4598093	-2.9702315	6.6538844	6.7158117	1.7917869
till_so_far	6.0025287	1.1170017	-3.0927725	5.527909	7.3929663	2.736532
tilt	3.4068844	0.8716121	0.70991945	3.9046702	9.042986	3.2691705
tilt_my	3.3878934	0.88096327	0.27505532	3.7940218	8.750713	3.1656876
tilt_my_head	3.4042149	0.93479437	0.82099915	4.0269957	8.9398155	2.997622
tilt_my_head_down	3.3793504	0.93180215	0.6582027	3.94464	8.887666	2.9902027
tilt_your	3.5515182	0.8154062	0.37873274	3.7993987	8.933588	3.4004183
tilt_your_head	3.4389637	0.91989386	0.47753593	3.8253052	8.8832245	3.0227509
time_and_money	7.000118	0.8923954	-3.2005227	4.5658464	5.939874	2.0518057
timeframe	5.018897	1.0917747	-1.8975909	5.4728537	6.2954826	2.291562
timing	3.7062488	1.0180649	0.75607514	4.33931	8.693464	2.6959822
tingle	4.1238837	0.6490085	-0.2638683	5.289485	8.391303	4.498769
tinnitus	4.8254166	0.9107879	-1.4859155	6.1921372	8.42012	4.464281
tiny	3.694504	1.0454148	0.8574221	5.7974086	7.24296	2.526868
tiny_bit	3.3921149	0.80753976	0.73823684	5.06874	8.199786	3.9083822
tiny_bit_of_relief	3.7134192	1.05113	-0.012911882	5.4475207	7.44511	2.6960018
tiny_bite	1.6456532	0.70674145	-0.066986956	4.403066	7.289659	5.241892
tiny_burp	3.7631688	1.0598035	0.96093327	5.7359996	7.1867113	2.402341
tiny_little	3.6824813	1.045875	0.7047774	5.786206	7.2855043	2.606279
tiny_microburp	3.9178011	1.0194304	0.5755714	5.7175345	6.9041204	2.5241747
tiny_one	3.77547	1.0563642	0.6441619	5.786508	7.1413574	2.5427487
tiny_pop	3.5386422	0.9876285	0.40716082	5.450762	7.7158885	2.8888943
tiny_sip	1.6665994	0.7354495	-0.2073638	4.265511	7.3691044	5.2316847
tiny_tiny	3.7475371	1.0378804	0.5131163	5.6954665	7.178191	2.593761
tip_of_your_tongue	3.9059958	0.69009495	-0.42132857	3.9562342	8.07313	3.6912742
tire	3.762218	0.76659906	-0.042231724	5.107262	7.2594314	3.6206203
tired	4.0968733	0.5920007	0.41976225	5.203918	6.3476677	3.8906243
tissue	4.7095685	0.7575554	-0.30433297	4.228214	9.569813	3.9205549
tit	4.177256	1.0015713	-1.6274155	5.28501	6.8713145	3.0693982
title	5.8712797	1.2355548	-3.3236382	5.620347	6.7173467	2.033808
tmi_but	3.4416492	1.1238556	-0.46206218	6.242998	7.687144	3.0974364
toast	1.5168611	0.5928559	-0.079203546	4.8403177	7.1175137	5.5726895
tobacco	3.4931529	0.9239909	-1.6378062	4.7550993	7.4522495	3.9685912
toddler	4.240397	1.4074088	-1.4794707	7.232904	7.805334	3.4127262
tofu	2.1308768	0.6921817	-0.6826045	4.883261	7.1218185	5.0390296
toilet_paper	2.1155062	0.83690083	-0.90585405	3.8641407	7.8125315	4.9773064
tolerance	2.2862868	0.70913714	-1.2397105	5.111321	7.5027385	5.33318
tolerate	1.6919419	0.6922515	0.07503211	5.0701184	7.2353115	5.325061
toll_on_my	1.9217889	0.8572572	-1.1699157	3.7065635	7.76473	5.2154775
tomato	1.5255513	0.6136125	-0.70081073	5.0919833	7.3141723	5.7764816
tomato_sauce	1.6744522	0.68127555	-0.7813476	5.1397934	7.2966223	5.5464134
tomorrow_mark	4.6417074	1.0741254	-0.89931434	5.7972274	6.04442	2.1815774
tomorrow_morning	6.0492964	0.83653	-2.13296	4.9802556	5.1289897	1.8008951
ton_of_microburp	4.477025	0.9257309	-0.12054239	5.584995	6.156569	2.5741816
ton_of_post	5.088367	1.320779	-2.6842065	6.1059256	6.7648163	2.1555471
tongue	3.776225	0.7455629	0.538083	3.9227364	9.195608	3.6914847
tongue_cancer	4.9970717	0.89009356	-1.950653	5.281548	8.177135	3.9206522
tongue_placement	4.1231117	1.0315322	-0.49901208	4.1899905	8.536304	2.7745113
tongue_position	4.244097	0.9484488	-0.5519549	4.0989194	8.885338	3.1476789
tongue_posture	4.0703077	0.9756398	-0.31973773	3.9809003	8.84212	2.9486902
tonsil	4.3649745	0.5413192	-0.15692031	4.2791867	8.154919	4.126228
tonsil_stone	4.667534	0.85049415	-1.5607831	5.501254	7.9103675	4.072114
tonsillitis	4.141017	0.70509297	-0.21099582	5.670067	7.6807165	4.3717804
too_bad	4.3276186	0.70534784	0.33816552	5.458849	6.3512516	3.5423212
too_big	1.6708702	0.7453635	-0.18086338	4.801167	7.2431946	5.1993833
too_drunk	3.5584424	1.2720625	-0.7540293	6.381006	7.801163	3.3518713
too_hungry	2.2907941	0.77823377	-0.4741294	5.3884506	7.112841	4.8170595
too_loose	4.8672585	0.76976573	-0.540158	4.305677	9.572147	3.9521625
too_much_alcohol	3.7614136	1.403667	-0.8745152	6.9594426	7.924457	3.4864607
too_scared	3.2633193	1.5055497	-0.05356644	6.48922	8.318082	3.2024727
too_tight	4.6001115	0.7858613	-0.017963106	4.2047434	9.694057	3.7988765
too_weak	4.5579696	0.81786615	-0.8573359	4.4575515	8.902996	3.7785556
too_wide	4.664412	0.7250065	-0.6103451	4.181214	9.032128	3.865713
too_young	4.8224335	1.1365808	-2.151612	5.902497	7.080439	2.9316773
tooth_brush	3.2557693	1.2504675	0.04906785	5.353658	8.401548	3.074662
tooth_grind	4.863114	0.92065763	-1.8673424	5.727447	7.9105453	3.9530282
tooth_remove	5.3523903	0.79529774	-1.7232652	4.823161	5.8708196	2.614632
toothbrush	3.370085	0.96833146	0.47743857	4.159364	8.916736	3.237659
top_of_my_stomach	4.002119	0.7491432	-0.8366124	4.344122	8.0189085	3.7161381
top_of_my_throat	3.763167	0.742888	-0.4624561	4.471212	8.044191	3.8088572
toronto	6.8954983	0.91528773	-3.195963	4.8018875	5.773342	1.8363941
toronto_canada	5.2898855	0.9211012	-1.9971135	5.119459	6.078407	2.521588
toronto_ontario	6.042214	1.0072894	-3.0582166	5.0513535	6.2757454	2.2111385
torso	3.5948334	0.78285664	0.2938489	3.88329	8.953716	3.5894463
torture	3.3095498	1.0633203	-0.22252268	6.3553033	7.9719725	4.012311
total	7.0677147	0.6412367	-2.4455204	3.9840355	5.137402	2.0275838
total_anesthesia	6.514937	0.6756955	-1.4933577	4.174974	5.5530753	2.402858
total_change	4.956627	1.1243558	-1.1484212	6.3166857	5.883721	2.2550044
total_convince	4.4781137	0.81255937	-1.0987144	5.9226394	8.233165	4.443515
total_cost	7.0501614	0.64539766	-2.5163677	4.00377	5.169898	2.0224001
total_doable	4.1283374	0.74225986	-0.7308325	5.042711	6.6529555	3.633576
total_fine	4.0874124	0.59257865	0.35183868	5.17517	6.2510915	3.8649278
total_make_sense	4.369619	1.2041771	-1.5099362	5.956269	6.518966	2.3061779
total_manage	4.5144005	0.76602316	-0.009434856	5.572448	6.344407	3.344625
total_sense	3.2438776	0.85409385	-0.16083173	6.835903	7.7688704	3.9070647
total_worth	5.140813	1.0413018	-1.0114461	5.8874807	5.731091	2.158809
touch_my_throat	3.6562035	1.1277314	-0.76511717	5.64897	7.748211	3.240184
tower	5.143598	1.027088	-2.4963114	5.2254314	6.6440287	2.6506996
trachea	4.378829	0.75353706	-0.34573272	4.199582	9.072999	3.8013096
tract	4.354713	0.7280286	-0.62398046	4.784645	9.187459	4.4404783
traction	5.4353876	1.1245846	-2.8375776	5.278251	7.2722454	2.6737604
trade	4.6206093	1.0484743	-1.7161564	5.7086167	7.352105	3.3432908
trader	4.447594	0.9829389	-1.9685874	5.096216	6.8404593	3.0446098
train	4.0456076	1.0560163	0.57916117	4.6229234	8.531247	2.5914326
train_themselves	4.1192284	1.1542727	0.030184958	4.6562357	8.093191	2.2029843
train_your_body	4.041366	1.1163576	0.34071136	4.8768983	7.8067694	2.2475674
train_your_brain	4.02458	1.1366605	0.036667276	4.844943	7.906093	2.3277826
train_yourself	4.052008	1.138056	0.21583833	4.756869	7.9810815	2.2293677
trainer	4.179375	0.86778295	-1.6358019	4.766338	7.2973003	3.5091612
trait	5.2883377	1.1748227	-2.3594816	6.1812706	8.25167	3.5164518
trans	4.8198442	1.1478513	-2.1497571	5.957465	7.0607524	2.9260104
transit	4.7384424	0.8072275	-1.6948371	4.9933553	8.268188	4.093288
transition	3.988236	1.0753496	0.6067574	5.0694213	7.607948	2.3262515
transition_into	4.510616	1.1033039	-1.1569414	5.952753	6.5394154	2.5165255
transition_period	4.462475	1.175971	-1.2724528	5.9313307	6.322509	2.1903038
transnasal	6.6300454	0.75271654	-3.01619	4.68897	7.1774564	3.0125153
transport	6.485666	0.68083805	-2.2327597	4.1061597	5.3699255	2.2752192
transportation	6.669461	0.6747398	-2.3428109	4.061063	5.3045707	2.2011275
transverse_colon	4.7931495	0.79210633	-1.85651	4.941272	7.8194814	3.9355795
trap	3.8294919	0.7864212	0.2718274	4.9392376	9.242152	4.171621
trap_air	3.9159436	0.72145957	0.22907023	5.1503997	9.173796	4.5158134
trap_air_gas	4.402579	0.75874984	-0.991675	5.2445493	8.576442	4.3902965
trap_gas	3.9498913	0.71825904	0.19807926	5.287274	9.131842	4.5767145
trap_gas_pain	4.1346254	0.8363187	-0.9671558	5.917253	7.9387608	4.322695
trap_in_my_stomach	3.791812	0.7792659	0.09008233	5.1012297	9.162145	4.3166394
trap_in_my_throat	3.6753018	0.791303	0.2965638	5.0588293	8.842531	4.0274544
trap_inside	3.756253	0.7914596	0.16527721	5.1273355	9.095666	4.227073
trap_wind	4.026844	0.785508	-0.23784551	6.4750137	8.371778	4.7713804
trapezius	4.4316525	0.7404881	-0.6093766	4.4261317	8.986409	4.0129976
trash_can	2.999924	0.98246807	-0.5031114	5.297361	7.626024	3.7677598
tratamiento	4.545552	0.73919976	-1.9139676	4.522925	7.458749	3.823501
trauma	5.4794674	1.0518452	-2.0162117	6.090913	8.978889	4.155244
traumatic	3.7782936	1.5157806	-0.63628155	7.2438617	8.204899	3.5047336
traumatic_experience	4.0143156	1.4512441	-1.0009623	7.2188816	8.071588	3.5368097
traumatic_vomit	4.51201	1.37328	-1.6331913	7.4220057	7.8950396	3.6472733
traumatic_vomit_episode	4.547408	1.3635583	-1.6893415	7.370955	7.8517647	3.6073084
traumatize	3.8224654	1.4540125	-0.69917876	7.162914	8.117837	3.5447292
travel_alone	6.399324	0.6709152	-2.1414351	4.1539297	5.332779	2.2726274
travel_through	3.775558	0.7905903	-0.14334622	5.121787	8.6176195	4.0469236
travel_to_chicago	6.997907	0.814094	-2.9238796	4.5259643	5.4191217	1.8034337
travel_to_london	6.095601	0.95639104	-2.6456776	4.930059	6.1472936	2.3031847
travel_up	3.785512	0.7572009	0.4301367	4.6027803	9.101223	3.9862385
tray	3.031893	0.8822518	-1.075347	5.309212	7.1243515	4.128751
treadmill	3.653026	0.7606345	-0.9995317	4.6888413	7.460475	3.9380581
treat	6.792695	1.0549699	-3.404717	5.4404325	6.9251504	2.3403952
treat_achalasia	5.154797	0.8002953	-1.0049272	4.3969593	9.250901	3.794294
treat_by	6.663146	1.057923	-3.4328368	5.241117	6.540381	2.0954015
treat_dysphagia	6.105307	0.9910852	-2.8679218	5.1360316	6.97613	2.7305331
treat_patient	6.1664486	1.0540669	-3.179625	5.3567743	7.2001896	2.7148175
treat_r	5.9127793	0.99483746	-2.792179	5.0569305	6.5166225	2.4712312
treat_r_cpd	6.6812744	1.0730228	-3.4421508	5.2832417	6.721054	2.204045
treat_rcpd	6.7870173	1.0622221	-3.4971602	5.3247123	6.7320275	2.1873415
treat_soon_rather	4.6755056	1.1175874	-1.9759874	5.593821	6.649484	2.6055517
treat_swallow_disorder	5.9321547	0.9872439	-2.7944005	5.077853	6.7592587	2.6578147
treatment	6.686131	0.7809123	-2.0400684	4.787876	5.103676	1.7184974
treatment_for_r_cpd	6.6860986	0.94894767	-3.1182935	4.805892	6.122872	2.1153164
treatment_option	6.3393474	1.1322614	-3.312909	5.410528	6.7917347	2.245392
tri	4.8768153	0.9830138	-1.978333	5.2882066	6.7293954	2.9145317
trial	6.0480785	1.0114491	-3.091429	5.02232	6.65045	2.452165
triathlete	4.1179976	0.8764991	-1.5779448	5.1476216	7.0071	3.5932531
tricare	6.9150157	0.7374833	-2.6770139	4.2133694	5.4203095	2.0578508
trick	3.7872448	1.0577302	0.46229073	4.020346	8.87212	2.5582168
trickle	3.6403992	0.83454573	-0.26072752	4.754989	8.247377	3.6345596
trigger_by	4.1141148	0.8936446	-0.25852725	6.4851537	8.236763	4.4631133
trigger_food	1.4722866	0.66770935	-0.74964005	5.2114096	7.3999624	5.8527317
trigger_my	3.0501647	1.4214199	0.41290897	6.044637	8.523805	3.2108085
trip_home	3.74957	0.7122506	-1.0096138	4.580994	6.9716444	3.9457355
tritter	5.869931	0.9361531	-2.5906181	4.9982915	5.8649135	2.1623359
trivial	4.5015297	1.2466323	-1.7626983	6.295564	7.4036202	2.8494852
trouble	4.423033	1.0014946	-0.81785613	6.465972	8.086609	4.3557987
trouble_swallow	4.548056	0.71803474	0.08701054	5.5896864	6.4976816	3.6060514
trouser	4.265855	0.77536196	-1.7923973	4.502397	7.3306837	3.6872468
true	5.423004	1.163058	-2.0646453	6.356952	8.84391	3.8985312
true_relief	3.492062	1.0730063	-0.31820196	6.084122	7.551503	2.8885055
truly	4.316867	1.4115309	-1.5962986	6.9217796	6.8730183	2.2285588
truly_change_my_life	4.649324	1.3007407	-1.9529976	6.608111	6.6875534	2.4617963
truly_life_change	5.135988	1.0624288	-1.1194657	5.9642606	5.695041	2.1169395
truly_understand	4.4419584	1.3011348	-1.8851467	6.192272	6.904468	2.3300285
trunk	4.092056	0.69189733	-0.32027912	4.2617316	8.81375	4.012607
try_a_bunch	3.8971732	1.095133	-0.12452	3.822049	8.71669	2.4401455
try_again	6.324162	0.7735234	-0.8499382	4.864525	4.9093413	1.8227916
try_everything	4.062317	1.1647646	-0.5089652	4.264666	8.424705	2.3885045
try_fodmap	4.953431	0.8809304	-2.3888266	5.2942157	7.9386063	4.1102233
try_shaker	3.9884803	1.1361012	-0.09611295	3.9662268	8.626698	2.2668216
try_shaker_exercise	3.961977	1.1228236	-0.03352783	3.9470117	8.655734	2.295531
try_to_avoid	1.504955	0.7061766	-0.70158577	5.3249955	7.330035	5.676831
try_to_convince	6.7973747	1.0652206	-3.4321902	5.504294	7.0180945	2.3855875
try_to_determine	5.2496223	0.9442857	-2.3393044	5.4972706	7.908773	3.7700977
try_to_escape	3.7119935	0.80264145	0.38942292	4.9936647	9.06609	4.038146
try_to_explain	6.1330023	1.1619016	-2.9623013	6.019381	7.3844843	2.621493
try_to_fall_asleep	3.272446	0.887427	-0.32053986	5.362852	7.803751	3.886489
try_to_fight	3.3042278	1.0634793	-0.2592711	5.4484315	8.059268	3.6158469
try_to_force	3.5412176	0.9677246	0.8510713	4.3980017	8.81887	2.9642289
try_to_ignore	3.457753	1.1057835	-0.56895167	5.79922	7.7084413	3.6420193
try_to_push	3.5023744	0.94889295	0.81296486	4.244378	8.872616	2.9910424
try_to_relax	3.6700792	0.9956079	0.7613019	4.210407	8.890116	2.8131168
try_to_replicate	3.5428886	0.95163465	0.4543448	4.21971	8.78957	3.0339737
try_various	2.4314814	0.7389953	-1.3440732	4.749012	7.695911	5.1901617
tu_faire	4.4368997	0.6826187	-1.967026	4.2532673	7.189552	3.8104098
tuba	3.3710248	1.0930213	-0.60738957	5.9387374	7.5449233	2.8091855
tube_down_my_throat	4.923094	0.47346258	-0.80309135	3.5771468	7.3469763	3.6629214
tube_down_your_throat	5.2255096	0.3633417	-0.6269391	3.3081894	7.380574	3.6336765
tube_insert	3.9956641	0.66550523	-0.46970302	4.881975	6.569781	3.8178916
tube_place	3.9433107	0.7963877	-0.79793304	4.683481	8.123867	3.7959712
tube_up	5.239299	0.38318896	-0.64037484	3.2488155	7.4575367	3.6392019
tuck	3.4812367	0.76939446	0.31306693	3.8159022	8.875633	3.620413
tuck_my	3.3451211	0.9043039	0.3236763	3.8597493	8.734468	3.1020057
tuck_my_chin	3.408511	0.9169481	0.5878446	3.9749372	8.8995075	3.0737736
tuck_your	3.579336	0.9493248	0.15076098	3.896179	8.771511	2.9775286
tuesday_morning	6.1249685	0.6805771	-1.9884644	4.4356112	5.199595	2.1603246
tug	3.870624	0.8404554	-0.23207475	4.4262943	8.56467	3.5270119
tummy	4.012784	0.741223	-0.09467646	6.0401325	8.715596	4.7867656
tummy_ache	3.3081021	0.8891751	-0.38649184	6.0953193	7.8164144	4.291434
tummy_pain	4.0574884	0.80898577	-0.75945103	6.1527333	7.968288	4.519078
tums	1.7393898	0.7949409	-1.5084772	4.034117	7.8569145	5.7449007
turmeric	2.0767176	0.7815551	-1.4132835	4.4592514	7.6901293	5.430699
turn	3.3693964	0.9295506	0.84656084	4.0036197	8.9451475	3.0043423
turn_19	4.469826	1.1469971	-1.7083442	6.716361	7.3483076	3.6274838
turn_40	4.744403	0.9489547	-1.1126056	5.5282054	6.134263	2.6666915
turn_away	4.9400244	1.1455065	-2.2939873	5.9101567	7.073111	2.902119
turn_head	3.4309742	0.94819295	0.73160267	3.9357405	8.936384	2.9170196
turn_my	3.360873	0.9356644	0.70448065	3.9172182	8.906782	2.9732506
turn_my_head	3.4788787	0.9764719	0.89081264	4.221475	8.772319	2.8320663
turn_my_head_down	3.38344	0.9414194	0.5296027	3.9327512	8.809641	2.9460785
turn_my_neck	3.3698108	0.93082964	0.6151405	3.9577265	8.8557825	2.9989302
turn_out	5.6981745	0.8754666	-2.2796516	5.9820247	8.751709	4.5280323
turn_point	4.345439	1.0009043	-0.054248724	5.5956073	6.4895988	2.4709275
turn_them	3.8609848	1.0390422	0.4379466	5.6610227	7.04596	2.5099154
turn_your	3.5363884	0.9428594	0.3603631	3.8004682	8.89483	2.9389586
turn_your_head	3.527552	0.9707019	0.77119565	3.9798179	8.959699	2.8507593
tutorial	3.9883928	1.108866	-0.14852317	3.8599408	8.713755	2.3367176
tw	4.1373553	1.3998524	-1.1506785	6.9937162	8.073672	3.5103898
tweed	4.443803	0.563255	-2.3825793	3.7367668	6.9089947	3.9534771
twenties	4.591837	1.1107141	-1.6534839	6.8905053	7.674582	4.004368
twenty_minute	3.9279096	0.8699813	-1.4379324	5.1648088	6.97277	3.6421788
twinge	4.1979322	0.64471173	-0.5349984	4.8946934	8.283626	4.3018303
twist	3.6665847	0.8012863	0.59785306	3.9820771	9.222633	3.5731254
twist_my_body	3.381898	0.9069109	0.31961125	3.8494446	8.75983	3.0968044
twist_my_head	3.3655097	0.93419105	0.7559045	4.0023365	8.898613	2.9854815
twist_my_torso	3.3784451	0.93513536	0.37821996	3.960566	8.721467	3.0160851
twist_your	3.7054496	0.91554713	0.1901819	3.908339	8.90458	3.086923
twist_your_head	3.56391	0.9514036	0.13967139	3.8555238	8.753325	2.9518893
two_and_two_together	4.2273607	1.1775557	-2.033705	5.8907304	7.167462	2.9455736
two_beer	1.3478628	0.85306966	-0.52184683	5.6140466	7.0317326	5.2072854
two_dose	5.758574	0.87784684	-1.2311493	5.0606165	5.4655104	2.1218066
two_endoscopy	6.6816463	0.75535864	-3.0890205	4.756623	7.2269773	3.0276363
two_finger	3.3716297	0.9944435	0.45676124	4.2929506	8.854741	3.1847928
two_injection	6.2033067	0.7657029	-1.1662325	4.7910156	5.126141	2.0149848
two_minute	2.3899066	0.8481228	-0.7074704	3.9746704	7.8220124	4.6154003
two_month_ago	5.229575	1.0142672	-1.1323415	5.8188195	5.6387057	2.1703415
two_separate	6.411264	0.7299306	-1.9316226	4.2892165	5.497692	2.3119853
two_shot	5.9070163	0.8492829	-1.2744018	4.9778605	5.327261	2.054457
two_specialist	6.011381	1.0573757	-3.101247	5.160312	6.5026474	2.2972555
two_week_late	4.71885	0.92850935	-0.6219786	5.501661	6.0009375	2.5011895
two_week_mark	4.532594	0.9444129	-0.28299844	5.586759	6.1377215	2.5253022
two_week_post_op	4.307167	0.8983478	-1.6189803	5.2019815	6.836534	3.3501232
two_year	4.654084	1.2470067	-1.5176742	7.155473	6.9954996	3.3089545
tylenol	1.8940482	0.7560185	-0.8548928	4.0247593	7.467018	5.3000154
type_noise	3.215508	0.9440796	0.024660494	6.255555	7.8091927	3.148954
type_of_food	1.9677708	0.68380576	-1.039372	5.0734353	7.3005323	5.3924284
type_thing	3.4598444	1.0025171	-0.042066865	5.726928	7.6620235	3.250274
typical_symptom	4.822257	1.0178726	-1.7748358	6.5065074	7.832323	4.039646
u_k	5.684728	0.97325927	-2.5799317	5.0468345	6.331804	2.4550586
u_s	6.9965076	0.8993788	-3.1931553	4.589633	5.7872663	1.9298234
uber	6.2406344	0.57324594	-2.146968	4.0193315	5.276778	2.298259
uci	6.567353	0.82980883	-2.7736673	4.621741	5.5489955	1.9790946
ues	4.845514	0.7695889	-0.31433636	4.2196755	9.754643	3.9108627
ues_and_les	4.837768	0.7741641	-0.7598909	4.342157	9.271464	3.9013243
ues_muscle	4.84764	0.77608305	-0.42180237	4.2041273	9.628981	3.8651845
ues_open	3.9605694	0.88876486	0.43978885	4.132045	9.2536745	3.2904475
ugh	4.056064	1.3727367	-1.4493239	6.6495147	6.7939057	2.128179
ugh_yeah	3.4231215	1.0422835	-0.98401123	5.915979	7.3748617	3.6827028
ugh_yes	4.2406993	1.0920345	-1.8020346	5.9690895	6.944429	3.1342022
ugly	3.5388663	1.1375998	-0.8339306	6.049004	7.5485377	3.0501003
uh	3.4175885	1.1345593	-0.61217767	6.12069	7.567739	2.817103
uhc	7.0980935	0.74411964	-2.7770767	4.154369	5.409405	2.01146
ulcer	5.668312	0.8423146	-2.1451075	5.812056	8.867945	4.5638475
ulcerative_colitis	5.17244	1.0002913	-2.039286	6.131455	8.415457	4.1736765
ultimate_lead	4.4473023	0.7205879	-0.89898723	4.716772	8.827577	4.2826824
ultrasound	6.9490376	0.7142188	-3.2012107	4.6570883	7.407343	3.1177418
umbrella	5.42782	0.9264234	-2.3620725	5.2913346	8.133067	3.7070663
umm	4.5759783	1.0491184	-1.657949	5.475896	7.193721	3.0848038
ummm	4.028654	0.9410273	-1.2427038	5.344414	6.8590374	3.2122214
un_grupo	4.4272385	0.7122099	-1.9954294	4.350959	7.2452507	3.8105261
unable_to_burp	4.6393933	1.3851336	-1.6991247	7.471186	7.956504	3.6300073
unable_to_swallow	4.083382	0.86282784	-0.95548683	5.119043	7.100585	3.473542
unable_to_take	3.2474754	0.92469954	-0.34695846	5.434401	7.973748	3.9092395
unable_to_throw_up	4.1694503	1.2696896	-1.3171879	6.618687	7.8966546	3.5606785
unable_to_vomit	4.082802	1.3626685	-1.1159234	7.1158166	7.9827857	3.6515522
unaware	6.099813	1.1402825	-2.9654355	5.9424343	7.5964413	2.8742
unbearable	3.8678422	0.8519747	-0.1373273	6.776252	8.2419815	4.7067814
unbelievable	3.9774947	0.8924191	-0.71704584	6.4082246	7.6373134	4.107604
unbutton	2.9766893	0.80996615	-0.55895174	5.4482584	7.6347733	4.377489
unbutton_my_pants	2.6865957	0.8594415	-0.48269895	5.71267	7.344243	4.48515
uncertainty	5.0966253	1.0237288	-1.8285398	5.5562377	6.767778	2.8892424
uncomfortable	3.2524931	0.94332224	0.18652342	6.462666	7.9346538	4.379211
uncomfortable_sensation	3.590137	0.93060803	-0.30873695	5.4689794	8.0410385	3.7985015
uncommon	5.4286914	1.143379	-2.1471696	6.4643087	8.557807	3.897415
uncontrollable	3.5745869	1.0686148	0.78662574	5.853746	7.5109143	2.6831436
uncontrollable_burp	4.244981	0.900835	0.55890214	5.654323	6.5138	2.772544
uncontrollable_microburp	3.9559891	0.84383994	-0.38816127	5.5145655	6.7500405	3.5704136
uncontrolled	4.0316696	1.007821	0.39494902	5.668533	6.777552	2.5172172
uncontrolled_burp	4.0230064	1.0114567	0.4397087	5.7133713	6.753698	2.5134187
uncoordinated	4.733262	0.808585	-0.9846178	4.578012	9.048644	3.9397728
under_anesthesia	6.7757688	0.6072132	-1.5504669	4.080477	5.2206216	2.176327
under_control	4.504101	0.877444	-1.0466392	6.637945	8.116221	4.7684064
under_ga	6.687905	0.6464243	-1.4766781	4.2507777	5.161626	2.1010303
under_general	6.737212	0.6209194	-1.5526338	4.1071186	5.2493653	2.1981194
under_general_anaesthesia	6.66454	0.6712355	-1.6766775	4.1041303	5.4087586	2.2934628
under_general_anesthesia	6.751236	0.61942965	-1.5898013	4.099247	5.236417	2.1824975
under_general_anesthetic	6.764119	0.6509505	-1.6507957	4.07747	5.330885	2.2390783
under_local	6.6055365	0.6633027	-1.5981497	4.118852	5.455057	2.3446894
under_local_anesthesia	6.6176248	0.6824197	-1.8702112	4.1329284	5.3958697	2.2887228
under_my_rib	4.0429363	0.6152398	-0.14779124	4.663686	8.573997	4.289694
under_my_tongue	4.002905	0.6853085	-0.45765814	4.475282	8.036146	3.9163122
under_narcose	4.4438863	0.60637575	-2.244215	3.9058037	6.988168	3.890761
under_the_nhs	6.204707	0.9952507	-3.1345112	5.1416135	6.565156	2.3654711
underdeveloped	4.755894	0.8566971	-1.2517072	4.672832	8.753612	3.782076
undergo	6.4545045	1.0086505	-3.1440623	5.1168957	6.840554	2.5036008
underlying	5.43524	1.0518774	-2.0833662	6.008626	8.85967	4.0703497
underlying_cause	5.284554	1.0452327	-2.2077353	5.9614897	8.194691	3.8139768
underlying_issue	5.2425184	0.91784203	-2.1137779	5.5240855	8.492746	4.121582
underneath	4.1481824	0.6796816	-0.24265333	4.3653374	8.837895	4.0513453
underside	3.957946	0.68499625	0.35112622	4.1711864	9.070209	3.9452112
understand_correct	5.1186147	0.8675133	-2.1010983	5.0226574	7.540708	3.5386376
understand_how	3.9998248	1.3974131	-1.3774276	6.469266	7.6643953	2.7921038
underweight	4.071153	1.1758057	-1.6807871	6.8397584	7.719702	4.109909
undetectable	3.4621868	0.98575747	0.27359858	4.394504	8.4647875	2.9300833
undiagnosed	5.4495635	0.9965503	-2.2456696	6.269767	8.453353	4.226044
undigested_food	4.1670146	0.7264734	-0.57963485	5.2207017	8.283716	4.4181814
uneven	4.3610253	0.6800282	-0.6890878	4.4105616	8.480024	4.0123367
uneventful	4.588408	0.8574672	-0.448801	5.5344777	6.284392	2.9891028
unexpected	3.6222239	1.0667439	0.758342	5.870929	7.4175496	2.6779814
unexpected_burp	3.9649215	1.0142516	0.5232264	5.727654	6.822291	2.531211
unexplained	4.7712936	1.0054572	-1.5715075	6.577685	8.234656	4.332091
unexplained_nausea	4.6322722	1.1235192	-1.7214667	6.795772	7.736871	3.9106581
unhappy	4.354518	0.830784	-1.73241	4.9677634	7.399185	3.8009274
unhealthy	2.0191875	0.6848533	-1.20234	5.1291924	7.391659	5.472706
unhelpful	5.6031127	1.2016621	-2.724524	6.016737	7.5151796	2.7783318
unicorn	4.7322264	1.2407873	-2.220952	6.042007	7.0336237	2.5915284
unimaginable	4.7342176	1.1534017	-1.2433565	6.1038227	6.122472	2.2285953
unit	6.3648205	0.74777913	-1.0953715	4.6766553	5.2057137	2.0871444
unit_concentrate_dose	4.662886	0.8601397	-0.43511015	5.501532	6.200092	2.899923
united_healthcare	7.1393485	0.6985265	-2.702586	4.0627885	5.34281	2.0366015
universal	5.431052	1.1467764	-2.2295506	6.375773	8.501426	3.8165755
university_of_south	5.7740927	0.99607843	-2.886189	5.080172	6.4791703	2.4527879
university_of_utah	5.9154863	0.9479623	-2.9259994	5.048366	6.5732245	2.5364552
university_of_utah_hospital	5.9887314	0.86531353	-2.3943222	4.875133	5.539952	2.0679927
unknowing	4.8018584	1.1479393	-1.9857243	6.2754335	8.055535	3.6523707
unknown	5.4822087	1.124153	-2.314071	6.198824	8.554524	3.8257222
unleash	3.1431415	1.1300573	-0.09793504	6.1697326	7.7927055	3.086864
unless_there	5.300134	1.0830897	-2.3133466	5.514077	7.5420675	3.0729074
unless_they	5.780055	1.1428531	-2.8487346	5.8397565	7.684712	2.9908156
unlikely	5.6732802	0.97753143	-2.3190486	5.691122	8.3820915	3.8862786
unlucky	5.215216	0.98346376	-1.5360686	5.63528	6.822053	3.0328023
unmanageable	4.499599	0.99837875	-1.5179132	6.1940427	7.290451	3.7314842
unnatural	3.6183321	0.9695739	-0.06480026	5.2544475	7.8902287	3.0267704
unnecessary_gi	6.353258	0.94402903	-3.1701016	5.1369085	6.9972873	2.6977372
unnecessary_test	6.998983	0.8795309	-3.1655614	4.5447373	5.9561224	2.0806074
unnerving	3.9390545	0.7785033	-0.3585185	5.0275865	7.3016453	3.5806434
unnoticeable	3.5120842	1.009618	-0.10267621	5.910807	7.479134	3.269587
unorthodox	3.9745374	1.1459984	-0.45129648	4.8461313	8.025697	2.5575974
unpleasant	3.354646	1.076043	0.23094106	6.425162	7.959895	3.9329634
unpleasant_but	4.173964	0.6769516	0.3607283	5.3931594	6.5583944	3.6911786
unpredictable	4.267247	0.955334	-0.19050625	5.6581507	6.4406667	2.7227542
unreal	3.8589835	0.9036675	-0.91766924	6.2301064	7.4827204	3.942969
unrealistic	4.7579303	1.0956789	-1.8857791	5.860107	7.744012	3.4342415
unrecognized	4.7772527	1.2486492	-2.2408838	6.192853	7.0865	2.5869157
unrelated	5.46531	1.0317326	-2.0020359	6.245868	8.928063	4.2915487
unrelated_condition	6.4432445	0.7234433	-2.879644	4.702591	7.543059	3.3562999
unrelated_to_noburp	4.792119	0.9646176	-2.0991826	5.1833863	6.991892	3.1683838
unrelenting	3.8407857	0.9486602	-0.6114463	5.961186	7.4791355	3.4838016
unsatisfying	3.6758194	1.0620106	0.47229406	5.722302	7.4104934	2.6929598
unscientific	5.263457	1.1704997	-2.4914393	5.7743974	7.5369515	2.8926735
unsettled	4.3518763	1.2305366	-1.4463828	6.4377184	8.1074915	3.6383944
unsettling	3.9224901	0.7123802	-0.16751881	5.1024413	7.2134776	3.8866835
until_my_mid	4.5619655	1.1193689	-1.6240606	6.924868	7.584102	3.9173088
until_recent	4.470807	1.3832778	-1.5537882	7.435312	7.890183	3.6168184
untreated	5.537488	0.9753663	-2.1817138	5.940163	8.824302	4.287544
untreated_r_cpd	5.5374494	0.96537876	-2.1801484	5.915273	8.843537	4.3026476
unusual	5.3206196	1.131928	-2.0549307	6.488608	8.416124	3.8800416
unwell	3.5565908	1.2287385	-0.5289568	6.727983	7.871081	3.7934089
unzip	3.0421429	0.850275	-0.5634222	5.407907	7.6503625	4.226191
up_against	3.8321822	0.75019217	-0.070021816	4.4734473	8.700595	3.895391
up_in_the_middle	2.7719483	0.8239392	-0.09608953	5.7567053	7.3395414	4.5461392
up_inside	3.5956423	0.8338706	0.11279625	5.2146993	8.631037	3.8933651
up_into	3.9036856	0.73115724	0.34235302	4.37907	9.140524	3.9684591
up_my_esophagus	3.7257779	0.76240176	0.399619	4.820395	8.927639	4.012624
up_my_nose	5.2286277	0.36985907	-0.59966165	3.2473357	7.4345193	3.645922
up_my_throat	3.5721345	0.77238435	0.5232056	4.810652	8.921454	4.0670896
up_online	3.6927729	0.9318638	-1.3747119	5.6941576	7.3909125	3.775189
up_until	4.048119	1.2499745	-0.29925546	7.0196576	7.343408	3.3276598
up_your_nose	5.234835	0.34568134	-0.557144	3.1854236	7.4772	3.669395
update	4.863216	1.415329	-2.0310392	6.303378	5.9770365	1.3627756
update_here	4.904782	1.3276966	-2.101337	6.1102552	6.0903077	1.6326218
update_on_how	4.798378	1.3962748	-1.9857681	6.268706	6.016452	1.4608183
upfront	6.8086643	0.67219925	-2.3381584	4.03524	5.2753644	2.165694
upgrade	5.8678045	0.85251206	-2.3932803	4.693752	5.8573914	2.3770788
uplifting	4.5075765	1.2855897	-1.7886356	6.108848	6.3714514	1.9840916
upon_this	4.8472238	1.3630188	-2.51846	6.6044326	6.8360806	2.3438494
upon_wake_up	4.447426	0.6708506	-1.7002349	4.261023	7.362825	3.8314254
upper	4.658245	0.72623366	-0.396031	4.4131484	9.508891	4.1518073
upper_ab	4.194436	0.7907662	-0.24906178	4.2894287	8.963754	3.6971676
upper_abdomen	4.0286336	0.6162955	0.013734569	4.9311767	8.645639	4.4033017
upper_airway	5.2093763	0.79657507	-1.8898352	4.9183955	8.367097	4.000349
upper_back	4.0325146	0.60766023	0.1667679	4.4484043	8.916167	4.2330327
upper_back_muscle	4.1482716	0.68021965	-0.16601123	4.380751	8.890282	4.045573
upper_back_pain	4.2592955	0.7126046	-0.63607144	4.4156985	8.681452	4.008681
upper_body	3.707265	0.78392273	0.52727246	3.8829215	9.225351	3.5806653
upper_chest	3.986548	0.61380404	0.204113	4.938691	8.730781	4.4060793
upper_chest_area	4.172956	0.7547648	-0.70826066	5.666861	8.111966	4.387368
upper_cross	5.42462	0.90807444	-2.3957632	5.3126755	8.230076	3.8436615
upper_endoscopy	7.0608945	0.7082472	-3.2391622	4.6176963	7.3103676	3.008483
upper_esophageal_sphincter	4.851232	0.7827452	-0.4254046	4.25463	9.674478	3.9068847
upper_esophagus	5.0812325	0.7846716	-0.84776866	4.4834213	9.505219	4.0021467
upper_gi	5.343426	0.7877192	-1.9534171	5.1832523	8.712428	4.316163
upper_gi_endoscopy	6.681857	0.7561332	-3.0866604	4.7160244	7.159144	2.97409
upper_part	4.651123	0.72374254	-0.5526394	4.232	9.133519	3.9363124
upper_sphincter	4.874351	0.77986044	-0.4306808	4.240738	9.688146	3.9238317
upper_stomach	4.007702	0.63550365	0.11937051	4.9384537	8.831035	4.413527
upper_stomach_pain	4.087034	0.7131956	-0.41752213	5.593473	8.372617	4.4910913
upper_throat	4.281266	0.7066795	-0.007076963	4.2009964	9.199564	3.9596183
upright	2.9000654	0.8024721	0.5792896	3.8796995	8.7668915	3.7953465
upright_position	3.5350971	0.9515673	0.11321996	4.318372	8.474838	3.0534732
upset	3.0223076	0.9047095	-0.040087435	6.284419	7.8575373	4.5745063
upset_my_stomach	2.2788672	0.7749684	-1.0024474	5.148748	7.4623227	5.1045294
upset_stomach	3.696013	0.80014145	-0.3410482	6.084553	8.1700325	4.595399
upside_down	2.852603	0.7980557	0.5162116	3.939906	8.669494	3.8736782
upvote	4.734776	1.1630366	-2.2320735	5.574701	6.779341	2.4912183
upwards	3.8039215	0.8140026	0.5636122	4.2307982	9.270405	3.6294436
ur_mouth	3.6608334	0.8877914	-0.20284007	4.6964107	8.34758	3.462903
ur_stomach	3.8563201	0.7274665	-0.027371043	4.6367755	9.1641035	4.349255
ur_throat	3.777145	0.74863607	0.12339033	4.5671887	8.5898	3.844075
urge	4.488682	1.2543528	-1.6689175	5.5463805	7.028572	2.1841877
urge_to_burp	3.509006	0.82193136	0.25680825	5.8126664	8.304646	4.3633657
urge_to_vomit	3.5548787	1.2494489	-0.6072841	6.5598	7.884221	3.6517131
urgency	4.532663	0.8086083	-1.1478902	5.570287	8.479333	4.389885
urgh	4.1164613	1.1009445	-1.4132037	5.6049294	6.8801885	2.7067475
urinary	4.8782563	0.87004226	-1.7721988	5.3561883	8.245573	4.060024
urination	4.296656	0.77001846	-0.9561158	5.6493573	8.254861	4.475012
urine_sample	4.936558	0.44039884	-1.1330279	3.3259668	6.8683877	3.5306103
usa	6.6701884	0.9027483	-3.0537317	4.7887945	5.7464194	1.9104444
usd	7.0798182	0.64301145	-2.5041006	3.98044	5.17477	2.0330625
use_100_unit	6.3705454	0.7694644	-1.4185848	4.625088	5.397251	2.1850197
use_50_unit	6.3309093	0.77953434	-1.3971337	4.675255	5.438689	2.2007465
use_75	6.2820306	0.7779666	-1.3818692	4.6321096	5.5606966	2.3278506
use_75_unit	6.3207607	0.7714055	-1.2189192	4.7104692	5.2729735	2.1123493
use_a_spoon	3.6561575	1.114194	-0.71262234	4.99902	7.9638953	3.0332453
use_a_toothbrush	3.342238	1.2555368	0.013669036	5.307045	8.346251	2.9148068
use_a_wedge	2.2624576	0.7406488	0.18313591	3.9585967	8.254909	4.43829
use_finger	3.2961962	1.2921364	-0.09444376	5.4512415	8.234745	2.8793478
use_general_anesthetic	6.587692	0.66376233	-1.652927	4.120353	5.415144	2.3161342
use_my_finger	3.1163197	1.3458397	0.13374627	5.754767	8.335148	3.0811126
use_straw	2.0084863	0.7453386	-0.9934537	5.1505365	7.339197	5.260562
use_to_be_able	4.1442146	1.4108844	-1.2395507	7.2742944	7.7888813	3.4047039
useful	5.630309	1.339493	-2.9401827	5.8539405	6.8242726	1.8065016
useful_information	5.0689764	1.2636563	-2.5117993	5.84085	6.651427	2.1276214
user_flair	5.2224727	1.1155882	-2.8405187	5.269235	6.948983	2.5317152
usf	6.1228743	0.9878889	-3.0637739	5.049398	6.2234454	2.187035
usually_a_few	3.4496517	0.8895756	-0.9906973	4.8118615	7.386239	3.711302
usually_able	3.4012048	0.95197916	0.020357545	4.678606	8.224108	3.2260954
usually_accompany	3.6661863	0.93487346	-0.22832301	6.0055194	7.64333	3.5734808
usually_only	3.220535	1.0141273	0.31386536	6.26471	7.5514264	3.8006694
uti	2.0077524	0.8548448	-1.2451582	3.7898436	7.737027	5.222312
uvula	4.493262	0.5101197	-0.19709198	4.0008554	7.984619	3.9847693
v_ing	3.9506905	1.322972	-1.0118302	6.687138	7.9725	3.4920585
vaginismus	5.2725124	1.0811356	-2.2360086	6.0378194	8.308467	3.7994237
vagus_nerve	4.8772473	0.80561805	-0.8468111	4.69442	9.430633	4.118558
vagus_nerve_be	4.3831806	0.7217252	-0.9206601	4.770033	8.3926935	4.1091714
validate	4.822966	1.4282244	-2.276796	6.6787424	6.6053076	1.8784348
validation	4.833988	1.421586	-2.294203	6.520768	6.468495	1.7515504
validity	5.23686	1.0772984	-2.5043848	5.276991	6.6303954	2.4874
valuable	5.3298	1.2900257	-2.7536538	5.854993	6.6359415	1.9698081
value	5.993605	1.1784168	-3.2098255	5.5786	7.16752	2.4393382
valve	4.631096	0.7662292	-0.10542777	4.2261405	9.678923	3.8940315
van	4.41476	0.47467542	-2.6756175	3.349831	6.799208	4.118423
vanderbilt	6.127139	0.94811875	-3.0779028	5.0174966	6.4897785	2.4140928
vanilla	2.1194046	0.76750374	-0.9427595	5.0471396	7.1649904	4.9507504
vanish	4.4961457	0.8562611	-0.8024883	6.646751	7.8024626	4.4409523
vape	1.7828428	0.8677619	-0.84174865	5.0639133	7.5596848	5.377422
variability	5.274344	0.9733817	-2.082698	5.1641455	6.934341	2.9568982
variation	3.8696086	1.0606349	-0.043530475	3.7526653	8.794765	2.4831414
various_exercise	4.068969	1.1243879	-0.3353258	4.3157387	8.328682	2.3840218
various_position	3.2851825	0.8923781	-0.3009154	4.3249283	8.128389	3.4731958
various_test	6.0546165	0.94659793	-3.004934	5.0022984	6.482369	2.447316
vary_a_lot	5.128291	0.8979057	-1.1303155	5.632825	6.6605988	3.1989727
vary_between	5.05924	0.9159829	-1.1872989	5.69259	6.7580357	3.2451823
vary_from_person_to_person	5.046108	0.957957	-1.2928671	5.7499466	6.8651104	3.209574
vascular	5.9947343	1.0042253	-3.0955517	4.995931	6.6993494	2.5054815
vasovagal	4.755879	0.89782244	-1.8171309	5.438878	7.8507733	3.846153
vast_improve	4.5375085	1.0755903	-1.6252215	6.5445814	7.187148	3.5986362
vcd	5.0210285	0.90834093	-2.273388	4.9700885	7.0223784	3.1111927
vegan	1.7437991	0.62454545	-1.0772725	5.065621	7.373681	5.733893
vegetable	1.4505014	0.61364096	-0.57472765	5.054186	7.290094	5.8278327
vegetarian	1.827611	0.63765466	-1.1387769	5.077575	7.4087634	5.696433
vehicle	4.0548663	1.0398924	-1.5153823	5.4505534	6.96095	3.1216547
vein	5.00652	0.4548165	-0.8247187	3.373603	7.296639	3.5850117
velociraptor	3.3348482	1.0751386	-0.40951568	5.9776177	7.592891	2.8278458
verbatim	5.544299	1.2757524	-3.00272	6.037378	6.7310257	2.0956051
verify	6.5001917	0.92887217	-3.1184616	4.8268065	6.1697097	2.1718705
version_of_shaker	3.7281783	0.9874082	-0.11085209	3.8509192	8.713076	2.8558788
versus_in_office	6.662103	0.6817847	-1.7714572	4.1214485	5.4304404	2.297405
vertebrae	4.3177633	0.69408154	-0.75108045	4.3928037	8.325217	3.9307108
vertigo	4.21857	0.70577824	-0.4767471	5.724278	8.384187	4.606282
very_anxious	3.755362	1.4474183	-0.4251371	7.148682	7.9792666	3.513681
very_bad	3.8685343	0.8591842	-0.14436647	6.754225	8.207958	4.6896777
very_beneficial	3.7895792	0.8822319	-0.5379217	3.945261	8.663994	3.393013
very_careful	1.8510903	0.6769552	0.16691087	4.6415963	7.4571733	5.085238
very_comfort	5.103853	1.1506925	-2.3747044	5.5319204	6.529852	2.288242
very_complex	4.861301	1.1262103	-1.9385116	6.085669	7.9768634	3.5166843
very_curious	5.029739	1.3857877	-2.430928	6.2623763	6.568799	1.8512315
very_debilitate	4.2752013	1.1615093	-1.5990139	6.5630956	7.2975264	3.430768
very_deep	3.4568136	1.0979987	-0.145716	5.6882114	7.800579	2.9955554
very_dehydrated	3.2234187	1.0598334	-0.7734815	5.8019395	7.3691497	3.7475338
very_discourage	4.2863684	1.0581609	-1.1258696	5.751595	6.5583277	2.6215222
very_drunk	3.2804286	1.3260593	-0.4587957	5.8520365	7.9712586	3.2034802
very_dry	2.2401328	0.64554155	-0.3004318	4.800647	7.1682987	4.996898
very_effective	5.883045	0.8376368	-1.3881371	4.9166183	5.826445	2.4637768
very_embarrass	3.207116	1.1053913	-0.10975726	6.290865	7.7239995	3.013463
very_excite	4.987128	1.2901856	-1.838263	6.2242384	5.776859	1.4923321
very_fast	3.932373	0.7334882	-0.3148151	5.2302074	6.7022157	3.7731907
very_frequent	3.6612382	0.99113166	-0.29505444	5.9176893	7.46559	3.2548208
very_frequently	3.5375087	1.0376836	0.3549312	6.146627	7.551972	3.3028579
very_gassy	3.0566792	0.8381213	-0.64941806	5.5021315	7.611954	4.2524114
very_gentle	3.47657	0.9095125	0.34659222	3.8910053	8.847865	3.1130288
very_glad	4.854955	1.1886746	-1.9013337	5.818632	6.1011214	1.9752212
very_gradually	4.4368973	0.91034216	-0.22650678	5.559412	6.3296356	2.7690256
very_grateful	5.0555186	1.34004	-2.4035847	6.181402	6.489026	1.9077393
very_gurgly	3.658698	0.95571834	-0.4105007	5.963015	7.3603997	3.3836133
very_happy	4.7941694	1.4174743	-1.929834	6.4790044	6.040867	1.4570769
very_hungry	2.2607303	0.7482445	-0.6299465	5.210966	7.175878	4.8968997
very_important	4.0766935	0.9770014	-0.30620262	4.0459476	8.817255	2.9582076
very_infrequently	4.3013945	1.221193	-1.5046517	6.795439	7.554433	3.5909562
very_intense	4.1075115	0.7583043	-0.5099956	5.896127	8.087176	4.4941964
very_interest	5.2064085	1.4055264	-2.6116617	6.318823	6.5245256	1.7125766
very_little	4.0721903	0.81504375	0.046301305	6.288608	7.5817547	4.127305
very_loud	3.231457	1.0672182	0.26440617	6.357556	7.7424035	2.9048615
very_manage	4.6011763	0.76585114	-0.06894229	5.683733	6.479079	3.4897008
very_mild	4.481716	0.7034104	0.19197346	5.569325	6.4640164	3.6178224
very_mindful	2.0929358	0.7253531	-0.86288583	5.1874914	7.2319484	5.118384
very_minor	4.528851	0.7248261	0.10597063	5.606294	6.45833	3.5608242
very_narrow	4.786613	0.52158374	-0.76057464	3.7623436	7.538869	3.7149775
very_nauseate	3.3480163	0.9173345	-0.52619916	5.9364524	7.433597	4.0042586
very_nauseous	3.1978536	0.89449817	-0.0906838	6.2634997	7.723533	4.385055
very_nervous	5.799048	0.8302795	-1.7991633	5.024728	5.3298206	2.0480866
very_nice	6.700785	0.8414645	-2.869084	4.678402	5.555	1.8755717
very_noisy	3.4126346	0.8216651	-0.1501386	5.54031	8.057225	3.6050951
very_occasional	3.831262	0.9788819	-0.16728969	6.165188	7.3937106	3.447096
very_occasionally	3.563677	1.0773488	0.17046379	6.2173934	7.5726995	3.1485803
very_odd	3.8501527	0.7925055	-0.7734539	4.723646	7.751757	3.655945
very_often	3.5633464	1.0330992	0.2587715	6.4897976	7.8498816	3.822782
very_pain	3.7727516	0.83052105	-0.018535452	6.4104676	8.258543	4.560629
very_promise	4.5414233	1.2426784	-1.6084039	6.0023155	6.201701	1.9311372
very_quick	4.3316827	0.54220796	0.34366056	5.046671	6.200081	3.7664907
very_rare	4.6286545	0.972193	-0.5614192	6.097222	7.0264745	3.314785
very_rarely	3.643388	1.1321172	0.22339113	6.546808	7.7096376	3.3951387
very_real	5.2443614	1.1516857	-2.1735263	6.1723742	8.40392	3.6730323
very_relieve	3.688206	1.0464085	0.2416251	5.688961	7.2982802	2.666926
very_satisfy	3.5663369	1.0438672	0.11583667	5.7339053	7.465575	2.7961013
very_scared	4.8009233	0.8696392	-0.6192538	5.5183935	6.285773	2.970261
very_scary	3.7344174	0.92472875	-0.36950684	5.5048413	7.4368677	3.2805486
very_self_conscious	3.854373	1.0761504	-1.2929599	6.1728425	7.3813024	3.4887636
very_sensitive	5.9045525	0.7629935	-1.3840995	4.7213345	5.9560704	2.658974
very_severe	4.72297	0.9956313	-1.4171263	6.8183765	7.916476	4.321689
very_shallow	3.9097965	0.88171226	-0.7676816	5.9677987	7.6448417	4.0345
very_sick	3.2306085	0.94330335	-0.15316664	6.3146977	7.714991	4.289732
very_skeptical	5.99233	0.96952057	-3.017807	5.1564865	6.6252756	2.5010011
very_skinny	4.1839066	1.2146455	-1.7261887	6.880626	7.6993346	3.9212384
very_slight	4.1228123	0.66815406	0.2804129	5.271894	6.735198	3.7396674
very_slightly	4.355707	0.95300907	-0.16270602	5.581651	6.3464503	2.594193
very_slim	4.4988327	1.1113669	-1.8301464	6.2198114	7.697417	3.688643
very_small	3.7433155	1.051125	0.88412637	5.7676644	7.191754	2.4710932
very_small_bite	1.650698	0.70898557	-0.13328631	4.3851857	7.2974086	5.2593174
very_smooth	6.2277517	0.66249067	-1.9724834	4.3231645	5.2269754	2.20564
very_soft	3.7116644	0.7579172	0.05584629	5.1857104	7.1675453	3.6742666
very_sore	4.109697	0.54927677	0.58120793	5.0579133	6.764719	4.0285006
very_subtle	3.6872017	0.9711363	-0.19139366	5.8236337	7.435257	3.2381394
very_thick	3.5164537	0.751238	-0.25701326	4.0339475	8.296605	3.7375839
very_tight	4.144857	0.6222871	0.017923582	4.433057	8.849636	4.188279
very_tired	4.0662813	0.595552	0.31064218	5.177613	6.3691063	3.9204814
very_tough	4.211661	1.0280285	-1.5391939	5.8459864	7.0826507	3.3657107
very_true	4.5497804	1.0787331	-1.8304175	5.690139	6.969838	2.990161
very_typical	5.126212	1.0279388	-1.9702682	6.0519524	7.620104	3.5488772
very_uncomfortable	3.2152452	0.9151398	0.17502008	6.394157	7.9812965	4.43211
very_unpredictable	4.594445	0.9970137	-1.5688564	5.928633	7.4920626	3.6659737
very_violent	3.462931	1.1240603	-0.48098987	6.2251015	7.7184815	3.2825909
very_weak	3.7944686	0.7055167	0.13252814	5.1174064	7.168207	3.8267877
very_welcome	4.57972	1.267909	-1.9473164	5.970033	6.460603	2.0611978
very_young	4.411172	1.3877481	-1.533527	7.408542	7.907445	3.6318185
vess	6.6256633	0.9867133	-3.297122	5.1611886	7.023111	2.5591252
vfss	5.576772	0.94171566	-2.5666935	5.009216	6.66957	2.7385414
vial	6.472299	0.7101249	-1.7497987	4.2798524	5.4474344	2.309424
vibrate	3.5323734	0.83685106	0.36669835	4.5449653	8.652972	3.4717002
vice	3.638278	0.8143651	-0.5702828	4.895434	7.9289083	3.846168
vice_versa	5.130192	1.0873245	-2.1045697	5.8039513	8.3242445	3.678927
vicious_circle	4.6184096	1.0147214	-1.5762578	5.6080017	7.983668	3.6727588
victim	4.6466947	1.2296578	-2.1030352	6.113045	7.7700453	3.0454216
video_endoscopy	5.521391	0.8856458	-2.250319	4.8650584	6.2064457	2.5827188
video_from_doctor_bastian	5.906559	1.1306007	-3.1576097	5.342136	6.4821005	2.0812933
video_please	4.635129	1.1118284	-2.0713742	5.4630666	6.569283	2.490947
video_scope	5.5935326	0.91283375	-2.3474457	4.9084177	6.2668595	2.5901396
videoendoscopy	6.6247745	0.6809804	-2.3890324	4.190004	5.49748	2.252375
videoscope	6.904358	0.6343156	-2.8358846	4.3092794	7.155543	3.0050163
view	6.137724	1.2063838	-3.4042892	5.562995	7.0216126	2.1905015
villari	5.225976	0.9525652	-2.1246283	5.165018	6.097191	2.4587123
vinegar	1.7547834	0.69876266	-0.8755956	5.1220126	7.2831798	5.4409647
violent	3.0068078	1.4826999	0.34565657	6.2641506	8.444643	3.182878
violent_and_pain	3.051706	1.481084	0.24002954	6.3268824	8.395702	3.2056112
violent_cough	3.2000887	1.0687218	-0.44500676	5.6977477	7.774869	3.6049757
violent_hiccup	3.5689626	0.8663438	-0.22634913	6.128528	7.944775	4.297512
violent_sick	3.5417404	1.2733312	-0.7416942	6.375875	7.902846	3.4700954
viral_infection	4.3935757	0.9061055	-1.3173486	6.067258	7.880227	4.2497463
virtual_appointment	6.373418	0.85165465	-2.6227565	4.8518767	5.3970246	1.8480858
virtual_consult	5.5703354	0.9217833	-2.3647563	4.9619637	6.042464	2.4031293
virus	5.410988	0.93035895	-2.0879443	5.9887996	8.677392	4.3855605
vision	4.247473	0.609629	-0.427788	4.802815	8.299612	4.3196373
visit	6.962518	0.92409706	-3.447354	5.1260552	6.453713	2.1371174
visualize	4.349567	0.8231156	-0.24310942	4.032728	9.162904	3.5040345
vital	4.9269724	0.4452056	-1.1068653	3.3442597	6.920131	3.5412996
vitality	7.1130033	0.8012468	-3.013882	4.3382344	5.602413	1.986349
vitamin	1.8577275	0.7890508	-1.1235716	4.0773273	7.6470313	5.4048634
vitamin_c	2.140682	0.7873575	-1.3486888	4.3083344	7.586183	5.25287
vivid	4.424756	0.6843502	-2.0481956	4.269728	7.1985917	3.8549848
vocal	4.9626307	0.83141696	-1.3450338	4.6452413	8.848542	3.84536
vocal_chord	4.7426176	0.7170917	-0.49266747	4.104072	9.174884	3.857701
vocal_coach	3.73878	0.9833965	0.06934462	3.8745775	8.808784	2.833683
vocal_cord	4.852851	0.7567451	-0.42254412	4.1960297	9.572909	3.8956401
vocal_cord_dysfunction	5.3592577	0.9306048	-2.3122454	5.39199	8.14975	3.7933378
vocalize	4.351506	1.2518244	-1.6154909	6.199225	7.797048	3.133778
vodka	1.1976442	0.814666	-0.5848208	5.4986176	7.0259767	5.3875866
vodka_and_cranberry	1.5069236	0.77965945	-0.77088785	5.328514	7.0757785	5.2914686
vodka_cran	2.2711768	0.77950907	-0.9365717	5.03408	7.165588	4.7979026
vodka_cranberry	1.365081	0.8049913	-0.72697914	5.4368105	7.038255	5.3018107
vodka_soda	2.271148	0.79794747	-0.85183036	5.196929	7.180839	4.7837577
voice_and_swallow	6.5375133	0.98265344	-3.3161576	5.0570164	6.2389827	2.0453246
voice_box	4.6684856	0.7295704	-0.3989226	4.094351	9.272386	3.8438625
voice_change	4.839123	0.85363156	-0.6198467	5.763494	6.6177964	3.3482616
voice_disorder	5.841298	0.8857673	-2.0313663	5.1022005	8.653215	3.7495186
voice_doctor	6.5289288	1.0530897	-3.4255807	5.2582564	6.693506	2.2378185
voice_exercise	3.9115047	1.0773379	-0.057298865	3.8061526	8.748983	2.386754
voice_issue	5.206444	0.9464743	-1.4651898	5.598694	6.8752065	3.172509
voluntary	4.1511583	1.1254563	-0.63720703	5.1794214	8.049667	2.7498872
volvulus	5.220863	0.8376398	-1.8935938	5.327893	8.7020235	4.285153
vom	3.052474	1.5041099	0.23786095	6.284051	8.437239	3.1827137
vomit	3.071507	1.5537965	0.22442259	6.5440626	8.472269	3.271358
vomit_a_lot	3.7694871	1.3702167	-0.9124563	6.797315	7.9140754	3.4608912
vomit_air	2.963246	1.5054013	0.4189892	6.135172	8.545328	3.1357303
vomit_as_a_child	4.011988	1.4365965	-1.0958779	7.1728997	7.9520736	3.4775035
vomit_episode	4.0752897	1.0237151	-1.1382444	6.2822633	7.7602243	3.9963243
vomit_phobia	4.206398	1.3582633	-1.1999207	6.9715376	8.102916	3.6012883
vomit_reflex	3.184623	1.2918658	0.059965145	5.6298223	8.301989	3.0506167
vyvanse	1.938948	0.9024991	-1.2255036	3.7891905	7.7908306	5.2470336
wachtlijst	4.4461737	0.6274536	-2.2071207	4.003947	7.030508	3.8783755
wack	3.9535568	0.993178	-1.055422	4.9343038	7.7881746	3.1970193
wake_up	3.96985	0.58871406	0.3489676	5.1604195	6.2730618	3.9581056
wake_up_at_night	4.2269316	0.7457125	-0.802313	5.713884	8.205004	4.5097785
wake_up_choke	3.685462	0.8143299	-0.089056514	5.9111633	7.947423	4.4355035
wake_up_cough	3.0396063	0.7831982	0.17315887	4.9857283	7.852612	4.2301273
wake_up_feel	3.9758003	0.59121156	0.3117814	5.161778	6.294251	3.959354
wake_up_from_anesthesia	4.17437	0.5997822	0.29476112	5.163523	6.2590294	3.8082135
wake_up_in_recovery	4.0979557	0.5768314	0.22271639	5.0425506	6.209018	3.8600657
wake_up_in_the	3.9456959	0.58536243	0.32316607	5.1400924	6.254264	3.9742043
wake_up_nauseous	3.7051651	0.8074965	-0.14708312	6.182148	8.028123	4.564171
wake_up_this_morning	4.2276406	0.6940379	0.28834403	5.369541	6.5429783	3.5729973
wake_up_today	4.04387	0.60426766	0.32815942	5.100578	6.749326	3.9381046
wake_up_with_a	4.2252975	0.60682285	0.421612	5.250366	6.373351	3.802112
wake_up_with_a_bit	4.5123963	0.67917514	-0.5784834	4.9198637	6.38872	3.4874308
wake_up_with_my_throat	4.1393833	0.63164407	0.24344127	5.1589174	6.5762267	3.774933
wake_up_without	3.4854872	0.8708084	-0.518791	5.8463764	7.3593416	4.0554476
walk	2.7184486	0.81463856	0.5535478	3.963991	8.648449	3.8903644
walk_around	2.7755365	0.81110305	0.5644238	3.9252162	8.6988945	3.8517082
walk_in_clinic	6.5548587	0.99857026	-3.3881183	5.137038	6.5740213	2.234108
walmart	2.1189063	0.7879953	-1.264073	4.199107	7.5805616	5.220913
want_a_referral	6.635608	0.96734834	-3.4073317	5.1669774	6.609792	2.265477
want_detail	4.4607587	1.3122069	-1.5120691	6.429208	7.3421464	2.5862045
want_to_ask	5.103675	1.3908253	-2.482092	6.250933	6.512163	1.775793
want_to_cry	4.29856	1.3078784	-1.8522803	6.341001	6.7572207	2.3229587
want_to_escape	3.6242585	0.8357009	-0.21478543	5.1058483	8.332323	3.8983161
want_to_hear	5.015712	1.3510238	-2.3713522	6.1824665	6.4882364	1.8666165
want_to_share	5.102042	1.4328543	-2.4845047	6.48305	6.3954206	1.6059463
want_to_thank	4.876356	1.3571051	-2.3882358	6.341443	6.5222917	1.9817748
warm_blanket	4.868608	0.45265183	-1.0432758	3.3722155	6.971572	3.577686
warm_liquid	3.984335	0.903484	-1.4220539	5.186436	7.0407095	3.5657935
warm_water	1.8795438	0.7753659	-0.8905401	4.870284	7.284427	5.1784577
warmth	4.586097	0.7231382	-0.4187121	4.276141	9.242569	4.0013413
warn	6.225831	0.6342057	-1.3067726	4.361636	5.8081164	2.6363266
warn_about	4.4335446	1.0016696	-0.47288263	5.785888	6.3607807	2.672784
warn_people	4.401409	0.9862501	-1.8687799	5.25007	7.0712495	3.3570704
warrant	5.5764146	1.06365	-2.4918544	5.512249	8.022287	3.3470066
wary	5.781105	1.0153383	-2.3348603	5.367124	7.0798306	2.9014626
wash	2.0532172	0.6614146	0.15010354	4.748362	7.4473085	5.0641236
wash_down	1.781071	0.65839934	0.1277397	4.6825776	7.2732916	5.2044196
wash_food_down	1.6016778	0.6307736	0.20679843	4.667477	7.195979	5.348416
wash_it_down	1.6877695	0.6638733	0.19824812	4.7092595	7.271659	5.272751
washington_dc	5.7904634	0.93684894	-2.6780493	4.92771	6.0809727	2.3338726
wasserman	5.899305	0.945432	-2.6098058	5.0372634	5.8592315	2.1364734
waste_a_lot	6.888202	0.8882439	-3.1490023	4.584837	5.9200177	2.067748
waste_of_time	6.931613	0.9794403	-3.493873	5.248085	6.948201	2.4013157
waste_of_time_and_money	6.802442	0.9358654	-3.3916557	5.135904	6.985207	2.5407774
waste_your_time	6.829256	1.0469203	-3.4923997	5.34643	6.802592	2.250925
watch_video	4.973516	1.2921144	-2.4602122	5.804075	6.8846154	2.1436625
watch_youtube_video	3.7977934	1.0001084	-0.1896624	3.8771353	8.730013	2.8316743
water	1.6033498	0.68505836	0.22351865	4.7958407	7.291182	5.3221025
water_nearby	1.6688318	0.645635	0.16949116	4.675634	7.224217	5.288758
water_on_hand	1.6717364	0.6325336	0.15496771	4.665072	7.214457	5.292001
water_ready	1.950985	0.669691	-0.05494792	4.77217	7.227569	5.093453
wave_of_nausea	3.417767	0.87283415	-0.23150657	6.1364107	7.807985	4.4066586
wax	4.271532	0.6979925	-0.58752257	5.4883804	8.420167	4.5317183
way	3.8284614	1.0385453	0.55003625	4.1310763	8.921668	2.6610339
way_better	4.4425707	0.9032851	-0.21754506	6.0749884	6.692476	3.3340962
way_less	3.955586	0.8248606	0.13730833	6.3039	7.6081653	4.153377
way_more	3.9055889	0.8178844	0.16764794	6.2918577	7.719377	4.205667
way_worse	3.7550807	0.8661513	-0.12956366	6.8055983	8.072012	4.5744276
we_be_able	5.5157094	0.98323274	-2.6312416	5.0780573	6.4032345	2.5169897
we_die	3.7894056	0.95481855	-1.4625175	5.1322517	7.2490473	3.3672087
we_discuss	6.4063053	0.80795306	-2.8201003	4.7167435	6.132074	2.3687007
we_tend	3.7696106	0.84546584	-0.8657827	5.1690392	7.862019	3.9570003
weak_drug	1.945723	0.8062361	-1.4794916	3.9840078	7.7612424	5.517338
weak_esophagus	5.113797	0.8545519	-2.0237193	5.0164223	8.069847	3.810858
weak_les	5.5343533	0.8688865	-2.2929125	5.560498	8.343736	4.1513557
weak_muscle	4.877862	0.89360315	-1.383685	4.803184	8.811802	3.769939
weak_neck	4.2956743	0.94373024	-1.3419309	4.8703494	8.097533	3.5093539
weak_voice	4.601805	0.76103497	-0.07520305	5.652508	6.4302225	3.444612
weaken	4.8109794	0.7742057	-0.24331115	4.2106023	9.765555	3.8778737
weakness	4.5413666	0.72145414	-0.7123173	4.7558193	8.95915	4.28565
wear_maternity	3.2669153	0.7952137	-0.66644275	5.6448846	7.6989903	4.361119
wear_off	4.8836226	0.9283509	0.10791329	5.462573	5.852673	2.2075531
wear_off_but	4.9280214	0.92238957	0.10761233	5.4343038	5.8154373	2.1815646
wear_off_complete	4.64546	0.90546626	-0.05576411	5.5263443	5.998112	2.5036561
wear_off_eventual	5.045004	1.033716	-0.8815654	5.7275505	5.8607674	2.2051394
wear_off_gradually	4.469475	0.9562942	-0.2537599	5.720859	6.234783	2.6630824
wear_off_slow	4.6807847	0.879185	-0.15312748	5.498598	6.046335	2.6452837
wear_off_so	5.0336256	0.9155111	-0.017649269	5.3735185	5.763047	2.149796
wear_tight	3.3567498	0.8162609	-0.825872	5.633525	7.629182	4.2959576
wear_tight_clothes	3.1390858	1.0228037	-0.697118	5.87401	7.4828577	3.796116
wear_tight_clothing	3.1157033	0.88965374	-0.7606325	5.561354	7.512006	4.061125
web	5.7697105	1.1341033	-3.0632527	5.4994755	7.3598127	2.7233007
webinar	6.1745467	1.110135	-3.3295927	5.3316226	6.4670305	2.039537
website	6.470281	1.1601673	-3.5145192	5.4839344	6.5482173	1.9057174
wedding	2.2006338	0.9290165	-0.4241321	5.960712	7.197374	4.6419563
wedge	2.2619581	0.7406392	0.19850612	3.9573162	8.2632675	4.437128
wedge_pillow	2.214756	0.7394438	0.1291661	3.9954276	8.210314	4.5175333
wednesday	6.09404	0.7504455	-1.9837251	4.805994	4.9922357	1.8569067
wednesday_with_doctor_bastian	5.2230783	0.9755229	-1.6763716	5.3598647	5.886656	2.2859411
week_2	4.4533324	0.8583922	0.35158473	5.578583	6.1140056	2.7432387
week_3	4.4148602	0.88952	0.3472909	5.6062083	6.1617613	2.6611044
week_4	4.437629	0.9343086	0.06353072	5.572059	6.20854	2.5335944
week_5	4.4129796	0.92587024	-0.08006749	5.5978036	6.1974874	2.6080744
week_pregnant	4.5776315	1.2074156	-1.6328913	7.0173655	7.040456	3.4092088
weigh_up_whether	5.7379675	0.8638858	-1.4430484	5.0282526	6.014512	2.57327
weight	2.870281	0.8645645	-1.2551795	5.871395	7.4564524	4.94788
weight_due	4.228918	0.92619294	-1.3999052	5.835544	7.157698	3.8217952
weight_gain	4.5916204	0.90688366	-1.7383974	5.88956	8.232914	4.515694
weight_lift	3.5614936	0.852097	-1.452889	4.8410964	7.420381	4.0036373
weight_loss	4.629265	0.905508	-1.5939033	6.204142	8.238211	4.584946
weight_off	2.2089946	0.84512705	-0.71478707	3.7791939	7.938561	4.8242006
weight_train	3.922912	0.8499863	-1.1012082	4.9139504	7.5469546	3.691731
weird_af	3.6843364	1.0607648	-0.9656478	5.592905	7.381173	2.9130676
weird_enough	3.3995123	0.90810066	-0.99830955	5.389249	7.0869045	3.788693
weird_gurgle_noise	3.1959977	0.9169602	-0.0057485257	6.3262877	7.758407	3.2435834
weird_hiccup	3.330767	1.0352458	0.11526735	6.1815066	7.747798	2.9652567
weird_noise	3.0902188	0.88476837	0.2863213	6.4794927	7.86707	3.1465786
weird_position	3.2843657	0.9057522	0.5886117	3.9459963	8.820648	3.1442451
weird_sensation	3.8297637	0.68102604	0.318089	5.1648145	7.513741	4.023144
weird_sound	3.1257708	0.8585701	0.14038655	6.371638	7.8555455	3.2126565
welcome	5.131484	1.456627	-2.6048508	6.6523056	6.562647	1.7237742
welcome_home	4.420236	1.2244238	-2.0028944	6.042888	6.761193	2.4219315
welcome_to_our	4.694984	1.3353989	-2.2656975	6.562713	6.797767	2.4062111
well_aware	5.3449187	1.0534573	-2.4621942	5.72852	7.464689	3.2236676
well_hydrate	2.2172174	0.73098254	-1.089993	4.982732	7.307634	5.098836
well_inform	5.828418	1.0836341	-2.9532967	5.3363013	6.6400166	2.365923
well_worth	5.207494	1.0494037	-1.1084358	5.8660893	5.6557293	2.064463
wellbeing	5.5103545	1.12424	-2.8570716	5.407796	7.2238483	2.693898
wendy	3.7166226	0.7712576	-1.14243	5.004077	6.7410207	3.8807452
west	6.060722	0.97602	-2.9782588	4.981909	6.158211	2.2210217
wet	3.2876108	0.8758676	0.58857656	5.401044	8.010818	3.8349578
wet_burp	3.3639169	0.97157925	0.43142065	5.6695776	7.722131	3.490901
wet_gurgle	3.3738565	1.0800097	-0.30852595	5.9019237	7.5708184	2.8786821
wet_sound	3.9000547	1.0341321	0.23152353	5.687315	6.9752917	2.5354977
whale	3.2263303	0.99204725	-0.13932155	6.0208774	7.7623825	3.0795937
what_dosage	5.4363093	0.9436339	-1.4953998	5.232323	5.813884	2.277846
what_dose	5.920122	0.8554128	-1.223945	5.004522	5.3021097	2.020874
what_to_expect	5.180207	1.3562167	-2.437621	6.129763	6.23582	1.5856807
what_wrong	5.1517334	1.1861006	-2.3863428	6.233654	6.9965177	2.859101
wheat	1.7248749	0.6392083	-1.0536681	5.0349865	7.3835936	5.7197366
wheel	4.995482	0.44151443	-1.1351491	3.349538	6.8222733	3.488542
wheel_into	6.0894184	0.627871	-2.0384223	4.162189	5.375989	2.37732
wheeze	3.7479067	0.69403696	0.18328391	5.1488204	7.1767244	3.9301498
when_in_reality	2.7279868	0.8064576	-0.9446522	5.227704	7.2988105	4.534782
whenever_possible	3.8238492	0.8446576	-1.4809648	4.710335	7.5263796	3.8087304
where_they_inject	6.563512	0.6489551	-1.5205464	4.080464	5.5468736	2.417415
whereabouts	4.5058303	1.002969	-1.7763352	5.284943	7.0212483	3.078853
wherever	5.750664	0.9455466	-2.7147818	4.9493504	6.1634665	2.368439
which_cause	4.731541	0.81620556	-0.89056885	5.6533	9.1738205	4.634698
which_in_turn	4.458589	0.76022017	-0.7522645	4.964717	9.030664	4.347628
while_awake	6.524852	0.64429206	-1.604426	4.09663	5.4985046	2.403664
while_brush	3.891654	0.83263284	-1.0053731	4.674044	7.7153597	3.5613832
while_eat	1.6264818	0.6783981	0.14410803	4.822715	7.224779	5.2797065
while_sit	3.1246536	0.8569131	0.5773098	3.8759732	8.830165	3.4238334
while_swim	3.9080834	0.7620415	-0.3855393	5.9855704	8.087479	4.5506744
while_talk	3.680842	1.0519739	0.69878376	5.8163757	7.2968583	2.6242964
while_yawn	3.8076415	1.039152	0.49796352	5.694826	7.112453	2.5380938
whilst_awake	6.6373477	0.65033317	-1.6357396	4.0509644	5.472085	2.3619606
whine	4.015169	1.0399805	-1.1466771	5.6402698	6.833654	2.8383245
whiskey	1.2176673	0.81548953	-0.6265006	5.495469	7.003736	5.3715916
whisky	1.3310454	0.8254183	-0.6757813	5.475948	7.001729	5.2585907
whisper	3.6235182	0.72922146	0.10482561	5.0856485	7.263466	3.86076
whistle	3.9586961	1.0956781	-0.99312747	5.1352706	7.858812	3.0151649
white_in_austin	4.9359684	1.0940827	-1.8527699	5.602763	6.207866	2.2824662
who_cannot	4.7571974	1.348376	-2.215137	6.7660675	7.1713557	2.7360728
who_specialize	6.6715856	1.0827298	-3.4747784	5.3040853	6.6758413	2.152634
who_treat_r_cpd	6.6260095	1.0245022	-3.3875868	5.137929	6.4294744	2.111145
who_understand	4.6612864	1.3773526	-2.1576674	6.561321	6.7258463	2.1259923
whoa	4.3948064	1.2716956	-1.7189709	6.0924892	6.4812117	2.1219137
whole_host	4.923713	0.91122776	-1.8642355	5.644699	8.29641	4.1265955
whole_life	4.5715055	1.2698776	-1.754596	7.1613164	7.602968	3.5986624
whole_new	4.363763	1.2938052	-1.7553837	6.576984	6.6963887	2.4364064
wholesome	4.610371	1.2587357	-1.8510562	6.1009717	6.3389277	2.0567417
whoop	3.5663443	1.0434341	-0.7981846	5.7459364	7.3213973	2.9928565
whoosh	3.5297344	0.8528444	0.13778	5.4201736	8.486742	3.7293763
whoosh_sound	3.183132	0.84648854	0.42266938	6.2152753	8.0366955	3.1485844
wide	3.7473693	0.8092133	0.4935845	3.976034	9.189732	3.514071
wide_as_possible	3.6072772	0.87561786	0.31319773	3.8735461	8.928694	3.2136865
wide_awake	6.1818647	0.69521195	-1.9044338	4.2469726	5.5907135	2.4218981
wide_open	4.585749	0.7604164	-0.09170067	4.2178054	9.616166	3.8902736
wide_range	5.1863937	1.0419916	-2.090064	5.604281	7.1405973	3.0601842
widely_available	5.2548847	0.9886249	-2.0956209	5.170197	6.857235	2.8725786
widespread	5.4781857	1.1019397	-2.35852	5.879154	8.366111	3.5935855
wiggle	3.5123613	0.9049443	0.56153435	4.007171	9.011627	3.2122562
wiki	6.2411404	1.2410553	-3.5007129	5.6730266	6.7096257	1.9222622
wikipedia	5.27302	1.1667323	-2.7967691	5.5053277	6.993983	2.5071661
will_admit	3.4063292	0.9260448	-0.8563833	5.580884	7.039632	3.7369118
will_continue	4.7511387	1.3394625	-1.5636362	6.1610303	6.059377	1.4859017
will_cover	7.213865	0.7095817	-2.7590513	4.1059456	5.309515	1.9503257
will_def	4.812803	1.1631131	-2.0955422	5.627575	6.4676404	2.2772107
will_help	4.173459	1.11141	-0.60288805	4.0633893	8.61144	2.4826076
will_involve_collect	5.6778774	1.1272951	-3.0510647	5.437689	7.233503	2.6745784
will_update	4.8625283	1.3942536	-2.00258	6.2663007	5.9552565	1.3749775
willing_to_refer	6.739634	1.0323285	-3.4621105	5.2834105	6.7003603	2.2215543
willingness	5.6206594	0.99831647	-2.2814333	5.1523714	6.359729	2.4573328
wimbledon	6.669873	0.7893165	-2.682914	4.5692115	5.3684845	1.8949252
wince	3.0469973	0.7320723	-0.05440883	4.837335	7.565788	4.264388
wind	3.924385	0.711553	0.15134764	5.162012	9.133571	4.556655
wind_eze	1.8392134	0.77130544	-1.2648263	4.343681	7.7730675	5.5587654
wind_pipe	4.3609757	0.6833489	-0.68900186	4.066613	8.157694	3.7085185
wind_relief	1.9494379	0.7844186	-1.2393456	4.259324	7.7057	5.406061
windeze	1.9771506	0.7905606	-1.4092941	4.288417	7.7552633	5.494696
windy	4.423635	1.1586366	-1.6861863	5.6883945	6.5392337	2.3747716
wine	1.1770443	0.8359894	-0.44110063	5.6160426	7.0682673	5.387759
winter	3.162971	0.8258688	-0.5475661	5.5644736	7.05132	4.228006
wipe_out	3.8660455	1.037539	-1.2144332	5.438426	7.1464014	3.2412624
wire	5.2097216	0.39312273	-0.6286309	3.2778666	7.4403105	3.654622
wish_you_luck	4.8455353	1.3599522	-2.043394	6.2044888	6.0751877	1.5258188
wish_you_many	4.6653113	1.2308986	-1.4604356	6.06729	6.1037455	1.864792
within_second	3.036639	0.93387854	-0.38859615	5.4232183	7.5947623	3.9553874
without_anaesthesia	6.558773	0.6528121	-1.5110526	4.093408	5.5666184	2.4249027
without_anesthesia	6.620897	0.6480944	-1.6286896	4.079937	5.4217176	2.332957
without_choke	1.7068831	0.66466254	0.20682369	4.7009454	7.2565646	5.249036
without_effort	3.6588273	1.0560678	0.29550317	5.004771	7.9184537	2.644308
without_fail	3.5398388	0.8965025	-0.43614492	6.1882796	7.8129573	4.307728
without_feel_sick	2.2999206	0.89771676	-0.53188765	5.7966657	7.1740994	4.6181903
without_ga	6.6518354	0.6603838	-1.7577157	4.084854	5.390099	2.2977042
without_general_anesthesia	6.6135473	0.6481451	-1.5460689	4.084875	5.466175	2.3620937
without_insurance	7.1535554	0.6473098	-2.5628743	3.9679031	5.1818376	2.0131848
without_turn_my_head	3.797754	1.0638037	0.5758657	5.10808	7.688051	2.4389706
without_water	1.6973279	0.6536103	0.20093884	4.6479764	7.2391596	5.2521496
withrow	5.2401414	0.939787	-2.2534132	5.053534	6.303889	2.6009657
witness	3.8443973	1.36279	-1.0555881	6.9380426	7.831297	3.4685287
wonder_about	5.23403	1.1401842	-2.2106955	6.2063327	8.152457	3.643794
wonder_how	5.053781	1.3920889	-2.4352536	6.3907423	6.6026764	1.8982806
wonder_if_anyone_here	5.8479733	0.97040415	-2.6984656	5.060039	6.149952	2.2895727
wonder_if_it	5.359948	1.0459905	-1.8567154	6.11259	9.006934	4.1933203
wonder_if_its	5.3205013	1.0331846	-1.8220673	6.089181	8.994951	4.2180014
wonder_if_its_worth	5.526595	0.9646447	-2.1287727	5.108581	6.314806	2.5381548
wonder_if_maybe	5.1413455	1.051612	-2.01664	6.170768	8.537016	4.110172
wonder_if_rcpd	5.184685	1.0370631	-2.039864	6.166544	8.552846	4.143498
wonder_if_these	4.9894543	0.981378	-1.9578599	5.930185	7.7057962	3.7235694
wonderful	4.7335577	1.3962857	-1.8640674	6.5443573	6.0635695	1.5360085
wonderful_news	4.755567	1.3106439	-2.0068567	6.116031	6.202109	1.7627649
wonderful_to_hear	4.702234	1.2029229	-1.9733384	5.828183	6.5918884	2.321001
woo_hoo	4.5266156	1.1209221	-1.4161332	5.808171	6.3597565	2.3723166
woohoo	4.7018485	1.2453555	-1.7526551	6.0102525	6.1258736	1.8765398
woozy	4.0969453	0.5804805	0.29908133	5.105817	6.2221346	3.873353
word_for_word	4.434339	1.2564089	-1.9746493	6.1260753	6.813449	2.4623919
word_of_advice	4.987757	1.2459247	-2.3564172	5.858198	6.534166	2.1246889
work_amaze	5.595887	0.8753884	-1.2971263	5.140377	5.5426435	2.2180183
work_brilliant	5.706489	0.8580964	-1.3499669	5.0868897	5.391305	2.114896
work_long_term	5.83403	0.8545218	-1.2950118	4.9877768	5.747726	2.38669
work_proper	4.769112	0.78414327	-0.1583494	4.180537	9.762049	3.811891
work_towards	4.143961	1.1464741	-0.52524185	4.222022	8.381459	2.3317235
work_with_a_psychologist	4.872661	1.2631867	-1.8509119	5.955499	7.2292285	2.6458676
workday	3.117051	0.9475798	-0.5446711	5.799534	7.4863687	4.0514545
workout	2.8073165	0.79684675	0.3287088	3.9344137	8.539003	3.9029088
world_map	5.9523606	1.1543436	-3.2562454	5.4079795	6.6786456	2.1871355
world_map_of_specialist	5.226264	1.1026868	-2.7111042	5.3285475	6.926544	2.6030965
worm	3.9098384	1.0236974	-1.2758546	5.1788483	7.450402	3.0487075
worry	3.6045306	1.5793068	-0.1983088	7.2427373	8.120155	3.363959
worry_about	3.6243947	1.5616598	-0.24736154	7.2718534	8.142476	3.4170434
worry_about_lose	4.1491814	1.1027591	-0.18072352	5.3227696	7.1417933	2.3256564
worry_that	3.6059287	1.5991716	-0.18908225	7.2658415	8.14167	3.3470523
worry_too_much	4.713217	1.2032858	-1.1573488	5.9752674	6.0516944	1.9130564
worse	3.613795	0.8670818	-0.10166522	6.8383665	8.00565	4.4688735
worse_than_ever	4.4055395	0.8402244	-0.6352866	6.648424	7.830683	4.488508
worsen	4.637968	0.8863629	-0.90116304	6.7293525	8.278358	4.669876
worsen_by	4.9571404	0.9199858	-1.7487351	5.8665776	8.516528	4.3307185
worsen_symptom	4.882922	1.0531359	-1.9180379	6.368059	7.767744	3.935694
worsen_with_age	5.343145	1.0250516	-2.057413	6.471332	8.399275	4.2136703
worst	3.7233284	0.87817353	-0.093675904	6.773286	8.103636	4.6077065
worst_symptom	4.088063	0.7731812	-0.2778405	6.4734707	8.358529	4.7708726
worth_ask	5.620132	1.0315453	-2.2849066	5.410949	7.209779	2.9660625
worth_consider	5.4522223	1.03437	-2.2549736	5.542304	7.545697	3.2712765
worth_it	5.118124	1.0755075	-1.0412489	5.9710116	5.731177	2.1002905
would_appreciate	4.970702	1.3252304	-2.3468225	6.0431423	6.520149	1.9145737
would_cover	7.229279	0.71028197	-2.7804399	4.0926256	5.3183284	1.956616
would_go_away	3.4341145	0.91855717	-0.37490132	6.2074537	7.8383164	4.2563515
would_hesitate	5.416271	0.9467938	-1.5421939	5.251381	5.8709927	2.3169396
would_love_to_hear	4.989707	1.4020424	-2.311805	6.332692	6.301149	1.5731442
would_say	4.3804107	0.8845996	0.4526681	5.7310853	6.4585824	2.8511753
wound	4.80412	0.5488514	-1.0129502	3.7982714	7.5020065	3.7076437
wow	4.5448165	1.4202081	-1.8959401	6.6985846	6.471847	1.8102787
wow_congratulation	4.6712065	1.1345847	-1.6704109	5.6644344	6.364688	2.2643747
wow_that	4.4731774	1.3691366	-1.7964107	6.3964057	6.368092	1.8101093
wrap_around	4.585031	0.7182605	-1.1115642	4.336029	8.290266	3.8383546
wrench	3.5887306	1.1026554	-0.68797076	5.897966	7.7641826	3.3898823
wretch	3.1294084	1.2973353	0.015029545	5.7553186	8.226497	3.1513412
wrist	3.9818318	0.7192062	-0.28473628	4.3186193	8.721224	3.9333353
write_a_referral	5.470383	0.9424591	-2.5209885	5.000317	6.2623725	2.5130935
writhe_in_pain	2.8516335	0.9026743	-0.5779786	5.5082936	7.4528775	4.181292
wrong_muscle	4.4474773	0.86645293	-0.64468694	4.315489	8.911385	3.5059419
x	4.836797	1.3795033	-2.0384135	6.2429256	6.0432453	1.4483422
x2	5.5289655	0.8718871	-1.5997314	4.9833484	5.843999	2.441547
x200b_edit	4.9719987	1.1603779	-1.8773971	5.7979727	6.048988	2.016209
x_2	5.46991	0.7794469	-2.3474405	4.999363	7.910007	3.8745465
x_ray	6.981593	0.71329045	-3.2187693	4.64971	7.4107337	3.100686
xiphoid_process	4.0131035	0.66163874	-0.18391965	5.1297603	8.468705	4.3710594
xo	4.6609197	1.2607735	-2.048097	6.0859666	6.570245	2.2370353
xr	2.4441054	0.8458249	-1.2451742	4.0947447	7.642135	4.922891
xray	6.9599967	0.7167676	-3.2120044	4.655993	7.4009414	3.097527
xxx	4.548515	1.3019924	-1.6631943	6.1635747	6.197637	1.8070168
xxxx	4.421742	1.2389487	-1.8031346	5.8566084	6.5664177	2.176181
y_o_male	4.3434005	1.2509695	-1.6954439	6.879251	7.35555	3.4250636
yah	4.279356	1.2273798	-1.5262911	5.9986973	6.5525107	2.3220568
yale	6.51444	1.021064	-3.3460712	5.129884	6.2652545	1.9896307
yale_medicine	5.712801	1.1737965	-3.1008716	5.581203	7.1494217	2.5366673
yale_medicine_condition_summary	6.1041784	1.232205	-3.4428115	5.5834537	6.671045	1.9618006
yawn	3.4726055	0.9735913	0.910494	4.553768	8.639948	2.951485
yawn_a_lot	3.4891515	0.95454824	-0.24200803	5.633497	7.612013	3.4574442
yawn_cough	3.5334115	1.0394932	0.744307	5.5493546	7.7225785	2.8086536
yay	4.7755523	1.3853495	-1.8589741	6.493486	5.977405	1.4826404
yay_congratulation	5.4346924	1.0077894	-2.167956	5.294886	5.880953	2.133805
yay_so_happy	5.052202	1.0444169	-1.7252828	5.4931407	5.922975	2.147356
yeah_same	3.6678972	0.9923842	-1.013097	5.713104	7.266469	3.4001496
year_late	4.817155	0.94049394	-0.048823904	5.640494	5.825572	2.2977672
year_or_two	4.594191	1.106059	-1.6132302	6.6410327	6.9421225	3.4591377
yearly	5.9560895	0.8379173	-2.3137028	4.6452394	5.7806787	2.3593998
yell	3.2676487	1.227883	-0.5580852	6.41363	7.5531855	2.706036
yelp	3.444198	1.1599427	-0.53405505	6.247579	7.532512	2.8438985
yes_100	4.1927385	0.8809988	-0.86854607	5.434193	6.4949055	3.2537577
yes_burper	4.490367	1.2130687	-1.7834888	5.8159385	7.661855	2.8778028
yes_exactly	3.6742845	1.0331821	-0.93721914	5.551492	7.345523	2.9801197
yesterday_and_today	4.3197064	0.8249753	0.25962391	5.550143	6.360155	3.0183332
yet_but	4.669862	1.2609664	-1.2452946	6.0747766	6.031127	1.711916
yikes	4.451416	1.2178336	-1.6680151	6.011103	6.4573836	2.246721
yoga	3.8742905	1.0211607	-0.064773336	3.789314	8.881447	2.6942089
yoga_pose	3.3784842	0.856667	-0.32834315	3.820684	8.582036	3.5334234
yoga_position	3.2821822	0.8264615	-0.15600395	3.8066452	8.539385	3.5657291
yoga_stretch	3.5123487	0.8622073	-0.45938873	3.890567	8.583271	3.5356994
yoghurt	1.519652	0.5882989	-0.03365552	4.7903805	7.1104207	5.5507374
yogurt	1.4980074	0.5799861	-0.04445289	4.825281	7.1301994	5.5872374
you_deserve	4.496582	1.2931361	-1.8817086	6.2193522	6.4575977	2.068973
you_will_regret	4.994087	1.1225778	-1.4803083	5.8645725	5.9625	2.0919292
young_adult	4.3424845	1.272435	-1.7386266	7.0303254	7.602314	3.6583924
young_age	4.7293596	1.3225346	-1.7795873	7.2561436	8.041848	3.7309952
young_brother	4.313835	1.2560737	-1.7686925	6.609981	7.4507694	3.3216648
young_child	4.4334607	1.3968889	-1.5544963	7.4077497	7.9230757	3.5942364
young_kid	4.6684628	1.1412274	-2.0219235	6.03755	7.3516316	3.2270002
young_people_age_12	4.6872525	0.936275	-1.4066105	6.3978863	8.185753	4.351374
young_person	5.378495	0.96611995	-2.4077985	5.0996327	6.44884	2.6334336
your_ab	3.8261046	0.92958266	0.54295594	4.161957	9.124293	3.1427114
your_abdomen	3.8332193	0.82600665	0.5355177	4.1197095	9.286106	3.536727
your_adams_apple	3.6128106	0.8301097	0.33463985	3.8127844	8.961968	3.3484757
your_appetite	4.29698	0.84536105	-0.8753578	6.124026	7.654686	4.1695876
your_belly	3.597601	0.8173493	0.58796656	3.9468641	9.142591	3.5049336
your_body	3.9924006	1.0562903	0.64847445	4.644474	8.702782	2.6929796
your_bowel	4.136099	0.7185188	-0.19211116	4.744336	9.375569	4.4619555
your_case	5.702482	1.079019	-2.2850878	6.0773125	8.773367	3.9332364
your_cheek	3.7386823	0.78259146	0.08818913	3.9528997	8.797806	3.5231793
your_chest	3.7011125	0.7932599	0.5807226	4.0812073	9.183938	3.6199074
your_chin	3.488902	0.8340027	0.3815914	3.787611	8.921565	3.3570216
your_claim	5.940752	1.1092416	-3.069005	5.4383993	7.2075377	2.6237419
your_colon	4.2058854	0.7196495	-0.094852954	4.652016	9.455926	4.3627553
your_comment	5.0909314	1.4309145	-2.5276465	6.4756813	6.4211154	1.6294111
your_concern	6.6494436	1.0014689	-3.3492732	5.0396543	6.4989376	2.2024171
your_consultation	5.751366	0.8913709	-2.2885318	4.9441423	5.7275004	2.182315
your_core	3.9016092	0.8870933	0.39811823	4.0520716	9.221878	3.2782576
your_cricopharyngeus	4.7281475	0.7525047	-0.3511232	4.213328	9.538234	3.908387
your_daughter	4.776747	1.3893372	-2.108753	6.4078317	6.301098	1.6887573
your_diaphragm	4.031464	0.8460832	0.43583614	4.1051555	9.396474	3.4692926
your_diet	1.771244	0.6663525	-1.176246	4.9870496	7.5301557	5.787121
your_digestion	4.6531553	0.89608943	-1.6704477	5.541333	8.348621	4.347
your_digestive_system	3.818664	0.7113616	-0.65817106	4.986588	9.096632	4.9657545
your_doc	6.8662724	0.9095662	-3.2133222	4.768851	6.0604925	2.0378096
your_ear	3.720974	0.7969629	0.44446796	4.2358036	8.982914	3.6366785
your_esophagus	4.5731726	0.7442216	-0.05994126	4.2420316	9.665972	3.9749053
your_exact	4.4112997	1.114038	-1.595431	6.5211554	7.0042315	3.3016143
your_experience	4.9880424	1.402014	-2.2560523	6.322184	6.224782	1.5290712
your_father	5.037815	0.9813713	-2.2443402	5.274154	7.3960795	3.2343717
your_favorite	1.9832895	0.7887827	-0.8791155	5.1072483	7.106913	4.9253564
your_fear	4.7929697	1.2803601	-1.8220829	6.016693	7.11591	2.5442708
your_feedback	4.908456	1.3411647	-2.2878282	6.0988874	6.361571	1.7640575
your_foot	3.4418204	0.8171864	0.06585347	3.7510471	8.655677	3.401534
your_gag_reflex	3.19124	1.2980107	0.25904074	5.4630027	8.515064	3.0462966
your_gf	5.310878	1.0028169	-2.2776592	5.203761	6.576902	2.64845
your_gi_tract	4.67251	0.84946036	-1.3476402	4.919838	8.666389	3.9788055
your_good_bet	6.496899	1.1459275	-3.495893	5.3988476	6.581817	2.0062926
your_gp	7.068314	0.9663263	-3.553142	5.1263003	6.4774985	2.0684521
your_gut	3.9599278	0.7095613	-0.49670076	4.9003763	9.235014	4.813988
your_head	3.5191429	0.8208223	0.62145305	3.8448222	9.104699	3.4402394
your_health	4.962712	1.1673421	-2.3654356	5.493747	7.083159	2.665054
your_hip	3.479583	0.7827162	0.0069991727	3.792713	8.633334	3.54769
your_insurance	7.2076044	0.7852162	-3.0029132	4.303153	5.5120716	1.9152193
your_insurance_company	6.9545994	0.8163629	-2.9918466	4.418079	5.732417	2.0581713
your_intestine	4.066607	0.72128135	-0.09548029	4.7567496	9.360002	4.437179
your_jaw	3.5847466	0.8779038	0.28039616	3.8497672	8.896728	3.196994
your_knee	3.1709256	0.7622385	0.21921796	3.8736506	8.603503	3.8130243
your_left_side	2.6361277	0.7626574	0.23596133	3.7929995	8.504264	4.0407863
your_leg	3.3928173	0.8327952	0.19670643	3.763601	8.738842	3.3720815
your_location	5.707588	1.058936	-2.985328	5.15657	6.5441413	2.3507993
your_lower_esophageal	4.8593926	0.7699549	-0.5003904	4.3217354	9.626643	3.9755735
your_message	5.0289702	1.329834	-2.456968	6.10422	6.323103	1.7773542
your_mileage_may_vary	5.352169	0.99770284	-2.1676066	5.184081	6.3668017	2.5241761
your_neck	3.7762127	0.7728825	0.52314734	3.8710527	9.16544	3.556888
your_nose	5.2331896	0.34830436	-0.5326373	3.1803954	7.505772	3.652382
your_nostril	4.7110333	0.53717643	-0.64032114	3.6529856	7.747004	3.6782045
your_out_of_pocket	6.7274094	0.7590689	-2.4373298	4.204165	5.556059	2.2572253
your_palate	3.7733874	0.76496726	0.1286144	3.834964	8.898825	3.5492156
your_pcp	6.60266	1.0219915	-3.4244914	5.130037	6.562619	2.2022424
your_personal	5.1703496	1.1407975	-2.3850224	5.4842167	7.4173155	2.8119266
your_perspective	4.9068656	1.2774783	-2.1998837	5.9768834	6.2434864	1.853142
your_phobia	4.8520713	1.2574784	-1.9004706	5.9737434	7.3017125	2.7288754
your_posture	3.731985	0.98638713	0.09939183	3.8034728	8.87316	2.8165615
your_primary	6.775215	0.96758497	-3.4705834	5.124993	6.603387	2.2287433
your_progress	4.825523	1.3937398	-1.9933119	6.319207	6.0455856	1.4271338
your_recovery	4.859495	1.4037738	-1.9840074	6.3096833	6.000019	1.4036157
your_shoulder_blade	3.55485	0.79291534	0.3192661	3.8207638	8.899372	3.4918222
your_stomach	4.1512427	0.7360339	0.07703679	4.5510907	9.481725	4.22939
your_story	4.9992833	1.431805	-2.411584	6.4964795	6.3887725	1.6235304
your_symptom	5.46002	0.9769645	-1.924579	6.6375623	8.763787	4.6049085
your_theory	5.2802563	1.1292502	-2.0876079	5.9606547	8.607603	3.7028265
your_throat	4.0235276	0.7386895	0.4377822	4.0571594	9.187849	3.7435994
your_thumb	3.608907	0.8437091	0.2576429	3.8062446	8.910133	3.3110964
your_tongue	3.5071394	0.7900684	0.57251436	3.816531	9.039464	3.5393076
your_trachea	4.1624684	0.715762	-0.7052919	4.114284	8.080287	3.6619911
your_ues	4.6804876	0.7828014	-0.07692982	4.1760817	9.729296	3.8110113
your_upper	4.484616	0.7433955	-0.89933985	4.3748236	8.514389	3.8450058
your_upper_esophageal	4.877448	0.76870537	-0.40489388	4.2188525	9.684973	3.9005034
your_uvula	3.8766112	0.7397432	-0.57704735	4.1104317	8.069319	3.6322618
your_vocal_chord	4.283029	0.79542255	-0.93973887	4.393807	8.13345	3.6024
your_vocal_cord	5.0163774	0.48219842	-0.60255474	3.4854903	7.8105016	3.6738093
your_voice_box	4.6297154	0.74565756	-0.3555833	4.1441746	9.354321	3.8564723
your_wife	4.6530647	1.2809131	-2.1575916	6.19679	6.7297363	2.352503
youth	4.4799824	0.7185659	-2.0090647	4.443212	7.3264604	3.860196
youtube_video	5.853638	1.2982996	-3.297023	5.8285203	6.7980585	1.9404178
yuck	3.226164	1.0029261	-0.74294055	5.801433	7.55209	3.7188795
yucky	3.5954173	0.8570929	-0.5732019	5.92082	7.5227346	4.1357436
zantac	1.8853854	0.8393374	-1.526982	3.8736262	7.8269687	5.5342383
zebra	5.793302	1.1691461	-2.8605728	5.9446206	7.513169	2.8254886
zen	4.442356	0.58202773	-2.3257391	3.80963	6.9467044	3.9304683
zero_control_over	3.9165184	1.0382884	0.30411974	5.6825604	6.9572654	2.4990482
zero_slow	4.527886	0.754787	-0.016431248	5.5923924	6.473031	3.475182
zinc	2.3763509	0.74146116	-1.2054396	4.5741496	7.758303	5.225191
zip	3.6376486	0.9162194	-1.259979	5.0933733	7.3515396	3.601606
zofran	1.8181491	0.8170933	-1.6171716	3.857173	7.878946	5.7003365
zombie	3.2836695	1.0777998	-0.39042014	5.9668837	7.6110115	2.8043697
zoom_appointment	6.2384477	0.8408917	-2.3800247	4.8903522	5.260333	1.8287152
zyrtec	1.9644184	0.8608473	-1.3401178	3.7687244	7.7463894	5.305841
