token,cluster,sim_to_centroid
00,8,4.541212
00am,8,4.232075
01,8,3.726111
07,8,3.630535
08,8,4.159959
10000,11,1.010015
100_and_150,8,4.014863
100_iu,8,4.104430
100_percent,11,1.203316
100_unit,8,4.209980
100_unit_in_office,8,3.339159
100_unit_of_botox,8,4.116929
100_unit_under_general,8,3.873516
100_worth,11,2.814224
100cc,8,3.549253
100k,8,3.853312
100mg,8,4.152041
100ml,8,3.842508
100u,8,4.214220
100u_under_ga,8,3.627391
100x_worse,13,3.804623
105,6,2.347895
108,6,2.543327
10_10_would_recommend,10,1.664711
10_15,10,2.524309
10_hour,8,4.300060
10_month,10,3.392713
10_month_ago,11,1.958423
10_year_ago,14,3.766922
10_year_old,14,3.883064
10x_worse,15,3.485558
11_00,6,0.955185
11_11,8,2.493079
11_year_old,14,2.589075
1200,8,4.857667
121,9,1.667644
125_unit,8,3.830930
126,8,2.908062
12_21,10,1.582844
12_hour,7,2.757448
12_month_wait_list,9,1.987131
12_year,14,3.673635
1300,8,4.423078
140,6,2.341389
14_month_ago,11,1.543212
150,8,5.269051
1500,8,4.732961
150_unit,8,4.032180
150mg,9,0.653056
15_30_minute,7,1.640356
15_month_ago,8,2.525390
15_year_old,14,2.943248
15mg,2,6.238559
160,6,2.574855
16_ounce,1,4.001257
16_week,10,2.819440
16_year,14,3.316579
17_day,11,1.633423
17_year,14,3.659760
17th,8,4.051466
185,6,3.021032
18_hour,10,2.348246
190,6,2.206080
19_year,14,4.195091
19_year_old_son,10,2.832446
19m,14,2.017119
1_000,8,4.852307
1_2_month,10,3.386356
1_30pm,9,2.031837
1_500,8,4.513747
1_5_month,10,2.764434
1_800,9,1.966272
1_day,10,3.008363
1_injection,8,3.061984
1_minute_hold,4,3.525385
1_year_ago,11,2.505258
2000,8,5.152387
200_unit,8,4.131793
2014,12,2.221220
2018,8,3.301308
2025,8,3.890439
20_mg,2,6.739225
20_year_old_male,14,1.934026
20k,8,4.232719
20s,14,3.530677
212_305,9,1.647815
21_year_old,14,3.887641
21f,14,3.200629
21st,8,3.744846
22_year,14,3.879797
22f,14,2.249731
2300,6,1.112805
23_year,14,3.950608
23f,14,2.306138
240,8,4.128498
2400,8,3.933152
24_7,13,3.920961
24_hour_test,9,2.294813
24_now,14,2.974481
24_year,14,4.031791
24_year_old,14,2.810232
24_year_old_female,11,2.778765
24f,14,3.042754
24h,10,2.774831
24h_ph,6,1.710857
250,8,5.183627
25_unit,8,3.976456
25_year,14,4.092353
25_year_old,14,3.080195
25m,11,3.057616
26_year,14,3.726204
26_year_old,14,3.388348
26th,8,3.872370
2700,8,4.180837
27f,11,2.966165
27m,14,2.443339
27th,8,4.003856
28f,11,2.801106
28th,8,3.962590
28th_of_august,8,2.959298
29_now,14,3.662898
29_year,14,3.175546
29_year_old,14,3.024221
29m,11,2.884383
2_3_hour,7,2.910767
2_3_month,10,3.316570
2_3_week,10,3.302149
2_beer,7,2.860552
2_day_post_op,10,2.709319
2_dose,8,3.407798
2_injection,8,3.749443
2_month_post_op,10,2.672494
2_round,8,3.601272
2_week_post_op,10,2.376173
2_year_ago,14,3.465338
2am,7,2.283813
300,8,5.207735
3000,8,5.213517
30_60_second,6,1.471961
30_min,7,2.351097
30_minute_before,1,5.338989
30_rep,4,3.507553
30_unit,8,4.079506
30_year,14,4.228823
30f,8,2.869286
30m,14,2.831634
30s,14,2.930217
30th,8,4.036371
31_now,14,3.704987
31st,8,3.966944
3200,8,4.508791
32_year,14,4.035569
32_year_old,14,2.584100
350,8,4.615961
3500,8,4.953313
35_year_old,14,3.094693
3600,9,1.912366
3800,8,4.559169
38_year_old,11,3.101390
3_000,8,5.142241
3_1,9,1.698479
3_4_day,10,3.234272
3_4_month,10,3.519064
3_5_month,10,3.376168
3_6_month,10,3.374616
3_beer,7,2.215316
3_bite,1,4.244290
3_injection,8,3.970589
3_month,10,3.575265
3_month_mark,10,3.295166
3_month_post_op,10,2.768580
3_set,4,3.535090
3_week_post_op,10,2.756386
3_year_ago,14,3.491117
3am,7,2.142479
3k,8,5.195371
3pm,7,2.774406
400,8,5.199868
4000,8,5.157042
40_unit,8,4.112714
40_year,14,3.685959
40_year_old,11,2.707792
40mg,2,7.073612
40s,14,2.232674
42,14,3.436732
43,14,1.735703
43_year,11,2.850640
450,8,4.394688
4500,8,5.051481
45_degree_angle,4,2.686606
48,14,2.759075
48_hour,10,3.089669
4_000,8,4.586086
4_5_hour,7,2.101071
4_5_inch,2,4.125036
4_day_post_op,11,2.510889
4_month,10,3.572918
4_month_post_botox,10,3.024045
4_month_pregnant,7,0.717292
4_week_post_op,10,1.743908
4_year_ago,14,3.468429
4k,8,5.190780
4pm,7,2.445904
50,8,4.126565
500,8,5.243538
5000,8,5.247882
5000_cad,8,4.444077
500mg,2,6.042689
50_100,8,3.708715
50_100_unit,8,3.575124
50_75,8,3.293886
50_time,10,2.081002
50_unit,8,4.217516
50_unit_in_office,8,3.321895
50_unit_injection,8,2.938652
50_unit_of_botox,8,4.235683
50_unit_with_lucy,11,1.277803
50cc,8,3.645793
50mg,8,4.161785
50ml,8,3.844118
50u,8,4.125412
50u_in_office,8,3.640623
5289,9,1.677860
52_year,11,3.079218
53_year,11,2.789310
54,14,2.613729
55,14,3.345397
550,8,4.514389
5500,8,3.994845
55_unit,8,3.606377
55_year,14,2.866318
575,8,4.254237
5_day_post_botox,10,2.672858
5_hop,2,6.561205
5_hour_away,8,4.073826
5_hour_drive,8,3.909969
5_month,10,3.546059
5_month_fifth_150,10,2.148569
5_month_late,11,1.814899
5_month_out,10,3.184224
5_month_post_op,11,2.045403
5_month_pregnant,13,2.344043
5_year_old,14,3.889356
5am,7,2.370958
5k,8,5.238683
5pm,7,2.952510
5x,6,0.404609
600,8,5.220815
63,14,2.636818
65,8,3.723464
65_unit,8,3.626175
6_day_post_botox,10,2.717819
6_month,10,3.570336
6_month_ago,11,2.337741
6_month_late,11,1.761069
6_month_mark,10,3.488010
6_month_post_botox,10,3.052117
6am,8,4.285666
6pm,7,2.281339
6th,8,4.022469
6th_grade,15,2.266478
70,8,3.813436
700,8,5.124477
70_year_old,14,3.306221
70_year_old_lifetime,13,1.144064
75,8,4.165805
750,8,4.840405
75_100,8,3.493847
75_cc,8,3.549184
75_or_100,8,3.797309
75_unit,8,4.234270
75_unit_of_botox,8,4.010014
75_unit_under_general,8,4.316374
75_unit_with_doctor_bastian,8,4.257611
75_unite,5,3.412569
75u,8,3.656010
7_45,8,4.131042
7_5_month,10,2.663266
7_day_post_op,9,0.969904
7_month_ago,11,1.977696
7_month_pregnant,13,2.432225
7_week_ago,8,2.769502
7am,8,4.477290
7th,8,3.991173
80,8,4.054850
80_100,8,3.578876
80_90,8,3.320670
80_of_patient,8,3.486784
80_success_rate,8,3.722130
80_unit,8,4.192119
80_unit_of_botox,8,3.877039
80u,8,3.879882
81,6,3.036035
816,8,4.113949
820,8,4.308377
850,8,5.179738
85_90,8,3.224017
85_unit,8,3.463392
87_unit,8,3.133883
87_unit_of_botox,8,4.088493
8_14,9,2.422187
8_5,8,3.146044
8_hour,7,2.910465
8_month_late,11,1.788310
8_month_pregnant,13,2.143835
8_pound,6,1.051934
8_year_old,14,4.679835
8k,8,4.415897
8th,8,4.064863
90,8,3.724651
900,8,4.986485
90_100,6,1.453094
90_percent,10,2.101064
90_success_rate,8,3.697787
90_unit,8,3.457515
99_9,11,2.021156
9_day_post_botox,10,2.748386
9_day_post_op,10,1.707489
9_hour,7,2.073025
9_month,10,3.423724
9_month_ago,11,2.453641
9_month_pregnant,13,2.389736
9_or_10,6,0.022501
9_year_ago,13,1.632331
9am,8,4.716616
a_acid_reducer,2,6.515342
a_adult,14,4.895563
a_airplane,6,1.482252
a_allergist,9,3.431541
a_appointment,8,4.220295
a_believer,9,2.370081
a_blender,1,4.485694
a_blessing,11,2.585511
a_breeze,9,1.898027
a_bucket,7,1.415787
a_bummer,11,3.705546
a_byproduct,3,2.844260
a_camera,5,4.813373
a_chair,4,3.053559
a_charm,8,3.282114
a_chaser,1,4.816628
a_child,14,4.943284
a_chiropractor,9,3.239489
a_coincidence,12,3.716230
a_cold,7,2.328703
a_colonoscopy,9,2.888478
a_concert,7,2.668655
a_connection,12,3.782825
a_consult,8,4.169082
a_consultation,8,4.255504
a_correlation,12,3.816861
a_croaker,11,2.613009
a_cup,1,4.986249
a_daily_basis,13,3.636064
a_demon,15,3.517354
a_diagnosis,9,3.730292
a_discount,8,3.526232
a_egd,9,2.851492
a_ekg,9,2.530906
a_emetophobe,14,4.329403
a_endoscopy,9,3.031054
a_ent,9,4.144726
a_esophagram,9,3.299748
a_exorcism,15,3.137155
a_fast_eater,1,5.054816
a_frog,15,3.961290
a_fundoplication,12,3.021032
a_gastroenterologist,9,3.974689
a_gastroscopy,9,3.090142
a_genetic_component,12,2.933494
a_gi,9,3.988665
a_giant,7,2.030999
a_gig,7,1.515361
a_gigantic,15,2.029121
a_glass,1,5.009527
a_good_sign,10,3.166138
a_gown,5,4.741221
a_gp,9,4.106157
a_gradual,10,2.866600
a_h2_blocker,2,6.820464
a_heat_pad,4,3.005114
a_hh,12,1.591255
a_hiatal,12,2.176009
a_hiatal_hernia,12,3.837565
a_hiatus,12,3.514400
a_high_dose,8,4.094054
a_hmo,9,3.877413
a_incline,2,3.770381
a_infant,14,4.711839
a_laryngologist,9,4.000037
a_laryngoscope,9,2.758353
a_learn_behavior,12,1.933289
a_letter,9,3.879481
a_lifesaver,11,1.688352
a_literal,15,3.026472
a_little_bit,7,2.146804
a_low_fodmap,2,5.343494
a_lump,7,2.738466
a_major,12,2.996747
a_marathon,10,2.656203
a_medical_bankruptcy,9,2.656773
a_mini,3,0.515284
a_minor,12,2.980772
a_misdiagnosis,12,3.493191
a_monster,15,2.733369
a_myriad,12,2.740554
a_name,11,4.474390
a_narrow,12,0.971850
a_neurologist,9,3.655748
a_nightmare,11,1.660837
a_no_burper,14,4.845168
a_noburper,14,4.784037
a_normal_person,10,2.963929
a_numb_agent,5,4.356241
a_otolaryngologist,9,3.795144
a_panic_attack,14,3.254634
a_peer_to_peer,9,2.982294
a_piece_of_cake,8,3.842262
a_possibility,12,3.623257
a_ppi,2,7.437110
a_precaution,2,6.533244
a_probiotic,2,6.355680
a_psychiatrist,9,3.392854
a_red_bull,1,4.457627
a_referral,9,4.007345
a_revelation,11,3.545275
a_row,10,3.438928
a_scope,9,2.770517
a_second_dose,8,4.143432
a_second_opinion,9,3.997880
a_second_round,8,4.122512
a_singer,7,0.817594
a_slight,7,2.287378
a_small_hiatal,12,3.568688
a_smoker,12,1.559157
a_smoothie,1,5.428312
a_soda_stream,1,4.643839
a_specialist,9,4.227589
a_spectrum,12,3.619360
a_speech_language,9,2.952040
a_speech_pathologist,9,3.459651
a_speech_therapist,9,3.557205
a_stomach_ache,13,2.595613
a_stomach_bug,14,4.161450
a_teaspoon,1,4.953162
a_tendency,7,0.976016
a_tennis,4,3.345551
a_toddler,14,3.868718
a_toilet,15,2.802322
a_ulcer,12,3.172979
a_ultrasound,9,2.694222
a_vicious,3,2.482388
a_viscous,13,2.583757
a_wedge,2,4.147832
a_wedge_pillow,2,6.324845
a_weird_quirk,14,3.154334
a_weirdo,11,3.333843
a_whisper,7,2.227967
a_x_ray,9,2.841527
aa,6,1.008100
aaah,11,3.433626
abd,12,1.646505
abdomen,3,2.607960
abdominal,3,2.802931
abdominal_area,13,0.769998
abdominal_bloat,13,2.953214
abdominal_cramp,13,2.150777
abdominal_discomfort,13,2.990818
abdominal_distension,13,2.112553
abdominal_distention,13,3.011070
abdominal_massage,4,2.757679
abdominal_muscle,4,2.855220
abdominal_pain,13,3.959302
abdominal_pain_and_nausea,13,1.562379
abdominal_pressure,13,1.209913
abdominal_x_ray,12,0.451050
abdomino_phrenic,12,2.564108
ability_to_burp,10,3.422966
ability_to_sing,9,1.171636
ability_to_swallow,6,0.148502
abit,7,1.467538
able_to_burp,10,3.096088
able_to_burp_on_command,10,2.651873
able_to_control,10,2.953699
able_to_eat,1,5.122802
able_to_release,3,1.959855
able_to_vomit,14,3.222231
abnormal,3,2.744741
abnormality,12,2.137223
about_2000,8,4.751994
about_25,10,2.538055
about_2k,8,4.635022
about_30_minute,8,4.008266
about_3500,8,4.328203
about_4k,8,4.346145
about_800,8,4.520439
about_850,8,4.467959
about_doctor_bastian,9,2.864495
about_r_cpd,9,3.947171
about_rcpd,9,3.672271
about_section,9,3.479136
about_this_condition,9,3.410177
above_average,11,1.495544
above_liquid,6,1.092713
above_my_head,4,2.839390
absent,13,0.623446
absolutely_awful,13,1.416763
absolutely_change,11,3.103539
absolutely_insane,7,0.961741
absolutely_life_change,11,2.605362
absolutely_love,11,2.123677
absolutely_miserable,13,2.615264
absolutely_terrify,14,4.164257
absolutely_worth,11,2.445722
absorb,3,2.949084
abstract,6,1.074927
abuse,12,2.463439
academic,9,2.654663
academic_research,9,2.611438
accept,9,4.101272
accident,10,3.023561
accident_burp,10,3.341829
accident_microburp,10,2.959812
accident_swallow,3,1.534553
accident_throw_up,15,2.995125
accident_vomit,15,2.845721
accompany_by,13,3.368303
accompany_by_a,7,1.545530
accomplish,4,1.182477
accumulate,3,2.626949
accumulation,6,1.239457
accuracy,8,3.804834
acetaminophen,2,6.069509
achalasia,12,3.003713
ache,7,2.159456
achieve,4,1.933852
acid,3,2.650335
acid_blocker,2,7.071305
acid_burn,3,1.793523
acid_come_up,7,2.071893
acid_damage,12,2.620807
acid_food,1,5.308869
acid_medication,2,6.729180
acid_production,3,2.533659
acid_reduce,2,6.665184
acid_reduce_medication,3,2.435530
acid_reducer,2,7.049384
acid_reflex,13,1.502362
acid_reflux,12,3.649808
acid_reflux_gerd,12,2.353446
acid_reflux_issue,12,3.377840
acid_reflux_medication,2,7.272927
acid_reflux_medicine,2,6.545016
acid_reflux_symptom,13,2.559303
acid_reflux_which,12,3.559579
acidity,3,2.902210
acknowledge,9,3.500537
acne,2,6.351595
acquire,12,3.094491
across_this,11,3.516280
across_this_subreddit,11,3.224256
act_of_vomit,14,3.428932
act_up,13,3.719769
action,4,2.952006
activate,4,2.832143
activate_charcoal,2,6.204624
activation,3,2.262283
active,4,2.054039
active_ingredient,2,5.409540
active_try,10,2.589485
actual_burp,10,3.491376
actual_diagnosis,11,2.433078
actual_medical,9,2.931853
actual_name,11,3.062239
actual_physical,12,2.895928
actual_procedure,8,5.086141
actual_relief,10,2.703798
actual_vomit,15,3.077082
actually_enjoy,7,2.756572
actually_puke,15,2.343178
actually_throw_up,15,3.310445
actually_vomit,15,3.213952
acupuncture,4,2.580933
acute,13,2.783926
adamant_about,6,-0.080499
adams_apple,4,3.057478
adams_apple_area,6,2.160686
adams_apple_but,3,1.604205
adaptation,6,0.617323
add_sugar,1,4.837013
adderall,2,5.568620
additional_information,9,2.782509
address,9,3.522944
adenoid_remove,6,0.505238
adhd,12,3.797790
adhd_medication,2,6.531140
adjustment_period,11,2.481014
admission,8,3.913198
adolescence,13,2.409245
adrenaline,13,1.682304
adult_life,14,3.964071
adulthood,14,4.087651
adverse,9,1.407845
adverse_reaction,9,1.328432
advertising,9,2.535010
advice_and_support,11,2.901901
advil,2,6.176984
advocacy,11,3.061611
advocate,9,3.647932
advocate_for_yourself,9,3.844028
aerobic,12,0.918108
aerophagia,12,3.850653
aetna,8,4.744866
af,6,1.238819
afab,12,1.970986
affect,12,3.713895
affect_by,12,3.346549
affect_my,14,3.358355
affect_my_life,14,3.346035
affect_my_voice,7,1.039201
affect_your_life,11,2.006270
affect_your_voice,9,1.448186
affiliate,9,2.124014
afflict,12,2.374485
affliction,11,2.133476
afraid,14,4.446260
afraid_of_throw_up,14,3.832512
afraid_of_vomit,14,4.054349
afrin,5,3.646893
after_botox,10,3.075419
after_breakfast,15,2.149388
after_dinner,7,3.059934
after_eat,7,2.938208
after_every_bite,1,5.091666
after_every_meal,13,2.585012
after_food_poison,12,2.025538
after_meal,13,2.611103
after_surgery,10,2.861844
aftermath,8,2.848351
afterward,7,2.560477
age,14,4.292204
age_10,14,3.935192
age_27,14,3.130545
age_30,14,3.647902
age_50,11,2.452666
age_8,14,4.053835
age_9,11,1.109253
age_of_12,14,3.452353
age_of_15,14,3.303349
agency,9,2.642200
aggravate,13,2.324092
aggressive,15,3.325138
agh,11,2.787936
agonize,13,3.299050
agonize_pain,7,1.316380
agony,13,3.125311
agoraphobic,13,1.521289
agreement,9,2.331980
ah_man,11,2.945576
ah_thank,11,3.153325
ah_thanks,9,1.734683
ah_yes,11,1.226089
ahh_interest,9,1.418341
ahh_thank,9,1.836206
ahh_thanks,9,1.496040
ahhh,11,3.581324
ahhhh,9,1.051099
ahhhhh,11,2.254135
ahmed_geneid,9,3.228650
ailment,12,2.856254
air,3,2.585495
air_bubble,3,2.104425
air_bubble_rise,3,1.975168
air_buildup,3,1.558569
air_come,4,2.388393
air_come_out,15,2.045156
air_come_up,3,1.446078
air_escape,3,0.975964
air_flow,3,1.642751
air_hunger,13,1.931075
air_in_my_stomach,3,2.219876
air_intake,1,4.294402
air_move,3,2.359698
air_pocket,3,1.832176
air_pressure,3,2.880546
air_release,15,2.269665
air_rise,3,2.095721
air_stuck,3,2.154791
air_trap,3,2.378598
air_travel,3,1.978835
air_try_to_escape,15,2.481818
air_vom,15,1.550698
air_vomit,15,3.078788
air_vomit_technique,6,0.730830
airbnb,8,4.643601
aire,5,4.379247
airway,3,2.679694
airy,15,1.938491
aisle,7,1.307303
alan,9,1.914912
albany,9,3.366303
albany_ny,9,2.587014
alberta,9,3.513478
albuterol_inhaler,6,0.540108
alcohol,1,4.915761
alcohol_caffeine,1,4.579891
alcohol_coffee,1,4.748932
alcoholic_beverage,1,4.347556
alcoholic_drink,1,4.694182
ale,1,4.655071
alert,6,2.140021
alexander,9,2.247934
alexandra_hospital,8,3.960605
alignment,12,1.468993
alkaline,2,4.204472
all_connect,12,3.622810
all_four,4,2.517174
all_honesty,11,2.404839
all_make_sense,11,3.534774
all_my_life,14,4.824314
all_of_a_sudden,15,3.127255
all_three,9,2.453263
allege,6,1.283027
allergen,6,1.708576
allergic,1,4.757418
allergic_reaction,6,0.103405
allergy,12,3.558859
allergy_medication,2,6.544200
alleviate,13,3.134492
allow_acid,3,2.782138
allow_air,3,2.721723
allow_myself,15,1.583083
allow_us,3,2.275971
almond_milk,1,4.858140
almost_choke,7,2.665284
almost_constant,13,3.449994
almost_cry,11,3.952155
almost_daily,13,3.682045
almost_die,7,0.919286
almost_everyone,7,0.662217
almost_exclusive,7,1.859432
almost_feel_like,3,1.885597
almost_instant,15,1.621325
almost_like,3,1.825106
almost_nonstop,15,1.593279
almost_silent,15,1.665036
almost_the_same,10,2.012302
almost_unbearable,13,2.768268
almost_zero,13,1.479902
aloe_vera_juice,6,0.677661
alone_anymore,11,4.279493
already_know,9,3.824336
also_add,6,0.971655
also_contribute,12,2.779815
also_notice,13,2.624438
also_struggle,14,3.252322
also_suffer,12,3.842601
alternative_medicine,9,2.564931
although,15,2.230269
always_accompany,13,2.070434
always_associate,14,3.493778
always_assume,14,3.641258
always_joke,11,3.096589
always_struggle,14,3.086027
always_the_worst,13,1.865009
always_think,14,4.711080
always_wonder,14,4.084718
alzheimer,12,1.529692
amanda_hu,9,3.512299
amazement,11,2.297034
amazing,11,4.734178
amazing_community,11,3.148740
amazing_good_luck,11,2.882418
amazing_news,11,3.273039
amazing_thank,11,3.606427
amazing_to_hear,11,3.002729
amd,11,1.329480
america,9,4.089134
american,8,4.352836
american_healthcare_system,9,1.633227
amitriptyline,2,6.962267
amnesia,6,1.487928
among_friend,11,2.170134
among_those,9,2.088653
among_us,12,2.900688
amount_of_acid,1,3.125096
amount_of_air,3,2.606673
amount_of_botox,8,3.746265
amount_of_gas,3,2.718273
amount_of_pressure,3,1.649726
amount_of_relief,11,2.663077
amount_of_unit,11,3.345782
amplify,13,2.810599
amuse,15,3.833265
anaesthesia,8,4.878899
anaesthetist,9,2.366693
anal,12,0.727444
analogy,6,0.447398
analysis,9,2.530984
anatomical,12,1.830714
anatomy,3,2.940625
anecdotal_but,12,1.592839
anemia,12,2.967507
anemic,13,1.659074
anesthesia,8,4.938868
anesthesiologist,8,4.800656
anesthetic,8,4.937696
anesthetic_spray,5,4.497506
anesthetize,8,4.563498
angle,4,3.303092
angry,15,4.137771
angst,6,2.168946
anguish,13,1.201754
animal_product,1,4.606579
announce,11,2.410704
annoy,13,3.451983
annoyance,12,1.630445
annoyed,11,3.500110
anomaly,12,2.140381
anonymity,9,2.304967
anonymous,9,2.785382
anorexia,14,3.289706
anorexic,12,2.240578
another_attack,6,0.000407
another_condition,12,3.265112
another_country,8,4.255117
another_dose,8,4.004595
another_ent,9,4.009903
another_factor,9,1.138918
another_injection,8,4.098662
another_note,6,0.748600
another_nurse,2,5.787057
another_person,11,3.470924
another_round,8,3.989193
another_shot,8,3.553125
another_specialist,9,3.633625
another_thread,9,2.772327
another_update,11,4.404575
answer_1,11,2.080972
antacid,2,7.198433
antacid_medication,12,0.230250
antacid_tablet,2,6.388241
antegrade,3,2.589204
anterograde,6,1.418664
anthem,8,4.540061
anti_acid,2,7.229272
anti_acid_medication,2,6.092512
anti_anxiety_med,2,6.431973
anti_anxiety_medication,2,6.642223
anti_depressant,12,1.855277
anti_gas,2,5.873523
anti_gas_pill,2,6.075452
anti_inflammatory,2,4.960057
anti_nausea,2,6.718927
anti_nausea_medication,2,6.616199
anti_reflux,3,1.530660
antibacterial,6,1.317337
antibiotic,2,7.446754
antibody,12,2.556021
anticipate,11,2.224755
antiemetic,2,6.423156
antihistamine,2,6.549398
anxiety,14,3.600733
anxiety_about,14,4.044379
anxiety_and_depression,12,2.297518
anxiety_and_panic,14,3.840098
anxiety_and_stress,12,1.498957
anxiety_around,14,2.944348
anxiety_attack,14,3.621930
anxiety_depression,12,2.936752
anxiety_disorder,12,3.170897
anxiety_induce,14,3.298100
anxiety_level,6,0.501785
anxiety_medication,2,6.498968
anxiety_panic,12,1.991273
anxiety_panic_attack,12,1.759768
anxiety_play,11,0.410515
anxiety_response,12,3.263979
anxiety_stress,12,2.560516
anxious,15,3.391939
anxious_about,14,4.168737
anxious_await,11,2.083057
anxious_person,12,1.828673
anxiousness,12,1.352883
any_abnormality,9,2.879128
any_advise,9,2.442796
any_alcohol,1,4.039187
any_carbonate_beverage,1,3.221632
any_complication,8,2.459872
any_correlation,12,3.602283
any_exercise,4,3.175676
any_food,1,5.041985
any_information,11,4.017600
any_issue,13,1.655801
any_knowledge,9,3.155622
any_liquid,1,4.802528
any_medication,2,6.652446
any_other_suggestion,11,2.834886
any_problem,13,1.881637
any_progress,11,3.630951
any_regurgitation,7,0.954291
any_relation,12,1.447090
any_relief,10,3.022503
any_side_effect,9,1.309506
any_solution,11,2.484968
any_specialist,9,3.515992
any_test,9,3.115319
any_tip,11,4.394245
any_update,11,4.198476
any_weight,7,2.064474
anyone_experience,13,2.457737
anything_carbonate,1,4.408681
anything_different,11,2.364632
anything_similar,11,2.696597
anytime_soon,11,3.174456
apartment,6,1.738776
apd,12,3.013187
appeal,8,4.818468
appetite,7,2.632387
apple,1,5.733715
applesauce,1,5.757852
applicable,9,1.502487
apply_pressure,4,2.735646
appointment_book,8,4.044810
appointment_schedule,8,4.005480
appointment_with_doctor,8,4.230115
appointment_with_doctor_bastian,8,4.244920
appointment_with_her,8,4.118008
appointment_with_lucy,8,4.044340
appreciative,14,2.029304
approach,9,3.751074
approach_them,9,2.676947
approval,8,4.420751
approve,8,4.977754
apt,8,4.195893
arbitrary,9,2.479722
arc,9,2.330668
arch,4,3.041303
arch_my_back,4,2.422419
archive,9,2.666972
are_not_alone,11,3.722408
are_not_even,12,1.365224
are_not_just,15,1.422403
are_not_like,7,1.144472
are_not_many,9,2.355274
are_not_that,11,0.835139
are_not_uncommon,12,1.837519
area_of_expertise,9,2.552834
argh,11,2.170964
arizona,9,2.927803
arm,4,3.046570
arm_injection,5,3.469371
around_18,14,3.401249
around_250,8,4.310992
around_3_month,10,3.298564
around_4000,8,4.846777
around_5,10,1.780622
around_600,8,4.738485
around_80,8,3.465782
around_day_5,10,2.948311
around_people,15,2.223025
around_the_world,9,3.242265
arrange,8,4.319416
artery,3,2.258911
article,9,3.890453
article_about,9,3.107263
articulate,12,1.572167
artificial_sweetener,1,4.299577
asap,9,3.973857
ascend,3,2.590463
ask,9,3.945011
ask_for_a_referral,9,3.933016
ask_how_many,8,3.504305
ask_them,9,4.090195
ask_whether,9,2.053064
askreddit_thread,11,3.483208
aspect_of_my_life,11,2.366287
asphyxiation,3,2.170286
aspirate,7,2.632777
aspirate_into,7,1.131399
aspiration,12,2.539772
assertive,9,1.794914
assess,9,3.430923
asshole,6,-0.014066
assistant,8,4.083612
associate,12,3.160028
associate_symptom,13,3.110672
associate_symptom_due_to_retrograde,9,2.446406
associate_with_r_cpd,13,2.796908
association_between,12,2.551198
assume_its,3,2.137837
asthma,12,3.647247
asthma_attack,12,2.460716
astonish,11,1.363308
astound,14,3.117643
astronomic,11,1.937199
asymptomatic,12,1.749819
atlanta,9,3.646619
atlas,6,1.553355
atmosphere,6,1.391226
atrocious,6,-0.819292
attach,9,3.645086
attack,13,3.663039
attribute,12,3.496249
au,5,4.948377
audible,15,3.742971
audible_burp,10,3.223105
audible_sound,15,3.891544
august,8,4.151694
augustus,5,3.733938
aujourdhui_concern_le_rcpd,6,1.357780
aura,6,2.425472
austin_tx,9,2.692460
australia,9,4.150618
austria,9,3.405322
author,9,2.988437
autism,12,3.031224
autoimmune,12,2.905360
autoimmune_disease,12,2.844158
autoimmune_disorder,9,0.792070
automatic,4,2.301541
autonomic_dysfunction,12,2.216246
autonomic_nervous_system,12,1.523869
avail,6,1.208896
availability,8,4.190708
available_in_my_country,9,1.769754
avenue,9,2.415668
average_person,15,3.397194
average_weight,14,2.816388
averse,11,2.313737
avocado,1,5.339637
avoid,1,5.214236
avoid_acid,1,4.973877
avoid_alcohol,1,5.206769
avoid_any,1,5.098294
avoid_carbonate_drink,1,4.956085
avoid_carbonation,1,4.949013
avoid_carbonation_alcohol_caffeine,2,5.074189
avoid_food,1,4.984751
avoidance,12,2.397479
aw,11,3.860617
aw_thanks,9,1.706636
awake,8,4.833728
awaken,6,1.258704
aware_of_r_cpd,9,3.020032
aware_of_rcpd,9,2.458622
away_from_home,7,1.979645
awesome,11,4.721859
awesome_congratulation,11,2.853795
awesome_to_hear,11,3.070849
awful,13,3.759796
awful_symptom,14,3.657365
awh,11,3.033734
awkward,15,4.229228
aww,11,3.515649
aww_thank,9,1.475199
b,12,2.310036
b1,6,0.653883
b12,2,5.283279
b_vitamin,1,5.259724
baby_burp,10,3.433970
baby_ibuprofen,1,5.110320
baby_step,9,1.444281
back_down,3,2.396078
back_in_july,8,3.531543
back_in_march,8,2.746968
back_of_my_mouth,3,2.192215
back_of_my_throat,7,1.810897
back_of_my_tongue,4,2.646631
back_of_your_mouth,6,1.503539
back_of_your_throat,4,3.007953
back_to_normal,10,2.859880
back_with_a_vengeance,10,2.695072
background_check,9,2.341763
backward,4,2.505419
baclofen,9,1.702273
bacteria,3,2.951208
bacterial_infection,12,2.695080
bad_acid_reflux,13,3.327301
bad_breath,13,2.791316
bad_cold,7,2.342948
bad_episode,13,2.796059
bad_heartburn,13,2.311941
bad_posture,12,1.576806
bad_side_effect,9,1.348889
bad_smell,7,1.084553
bad_taste,7,2.494837
baffle,9,2.374495
baggy,6,1.869313
ball,4,3.284627
ball_roll,8,4.066688
ball_under_your_chin,4,3.145225
balloon,3,2.806176
balloon_dilation,8,3.872077
bam,6,1.096000
banana,1,5.764441
bane,14,3.138690
bangkok,9,2.910565
barely_eat,13,2.299976
barely_fart,13,1.068448
barf,15,3.206819
barium,9,2.817546
barium_study,9,2.443729
barium_swallow,9,3.026474
barium_swallow_result,9,1.246073
barium_swallow_show,12,1.625971
barium_swallow_study,9,2.852095
barium_swallow_test,9,3.050223
barium_test,9,2.851373
barley,7,2.887909
barotrauma,13,1.066262
barret,12,1.790493
barrett,12,3.545995
barrett_esophagus,12,3.830507
barrett_esophagus_which,12,2.317678
base_in_london,8,3.929623
base_of_my_neck,3,2.276716
base_of_my_throat,3,2.134020
base_on_my_own,11,2.010208
basic_understand,9,2.362602
basically_impossible,7,1.256694
basically_tell,9,3.626892
bastard,11,2.261786
bastian,8,4.118748
bastian_article,9,3.532060
bastian_himself,9,3.113681
bastian_institute,8,4.274233
bastian_paper,9,3.995953
bastian_research,9,3.641740
bastian_rw,6,0.696125
bastian_voice_institute_publish,9,2.168351
bastion,8,3.589174
bathroom,4,2.696853
bathroom_floor,7,1.638435
battery,6,2.144297
battle,14,2.867903
bbq,7,2.757931
bc,15,3.545388
bcbs,8,4.829416
be_a_breeze,8,4.567241
be_a_outlier,9,1.865722
be_a_spectrum,12,3.556384
be_a_understatement,11,2.426411
be_afraid,14,4.469029
be_at_my_wit,14,2.293758
be_aware,9,3.697559
be_born,14,4.815381
be_careful,1,4.501792
be_lactose_intolerant,1,5.120251
be_not_alone,11,4.597877
be_so_grateful,11,4.552840
be_the_worst,13,3.658983
bean,1,5.720351
beano,2,6.062730
bearable,7,2.334297
beat,4,2.594901
because_my_body,15,2.393867
because_of_r_cpd,14,3.099110
become_a_bit,10,2.558881
become_big,10,2.992018
become_debilitate,14,2.904463
become_easy,10,2.971492
become_less,15,1.864576
become_less_efficient,12,2.089976
become_less_frequent,10,3.016718
become_more_natural,10,2.577473
become_natural,10,2.319270
become_unbearable,14,3.344847
become_worse,14,3.116296
bed,4,3.060911
bed_riser,2,4.562506
bedtime,7,3.132521
beep,6,0.957569
beer,1,4.331267
beer_or_soda,1,4.104759
before_bed,1,4.474234
before_bedtime,1,4.622525
before_botox,13,3.348926
beforehand,8,5.043178
begin_to_wear_off,10,3.272768
behind_your,4,3.145771
belch,10,3.089416
belch_disorder,9,1.091544
belch_reflex,12,3.094453
belief,12,2.660289
belief_that,12,2.164571
believe,9,3.288818
belly,3,2.540908
belly_breathe,4,2.904715
belly_button,6,1.792009
belong,9,2.809470
belong_here,11,2.460891
benadryl,2,6.420464
bench_press,4,2.840314
bend,4,3.239728
bend_down,4,2.959607
bend_over,7,2.809844
bend_over_after_eat,2,4.165512
beneath,3,2.565987
benefit,8,2.656931
bensoussan_in_tampa,9,2.079178
bentyl,2,6.464062
benzo,2,6.395902
benzodiazepine,6,-0.401653
bestie,11,1.606738
betaine_hcl,2,6.667911
better_afterwards,7,1.737196
better_understand,9,2.759250
between_bite,1,5.115214
between_meal,1,4.656866
between_my_shoulder,7,1.920944
beverage,1,4.733607
beyond_frustrate,11,2.513482
bf,11,2.005791
bias,9,3.311112
bicycle,4,2.803574
big_and_big,10,3.122982
big_bite,1,5.349420
big_breath,2,5.326087
big_burp,10,3.629882
big_change,10,2.712676
big_concern,9,1.215563
big_deal,15,2.841959
big_dose,9,1.103318
big_enough,10,2.571049
big_event,7,1.950805
big_factor,12,1.680388
big_fan,13,0.902583
big_fart,15,1.567849
big_fear,14,4.418498
big_gulp,1,5.319978
big_hug,11,2.744409
big_improvement,10,2.489142
big_inhale,2,5.085513
big_issue,7,1.549121
big_lump,7,2.734561
big_meal,1,4.052787
big_mistake,1,3.893195
big_mouthful,1,5.374860
big_one,10,3.636542
big_pill,1,4.779548
big_trigger,1,5.150492
big_yawn,4,2.900031
bij_mij,5,3.930885
bile,7,2.426056
bile_taste,1,3.164649
bill,8,5.223263
billion,6,0.766476
billion_time,10,1.759096
binge_drink,7,1.987087
binge_eat,12,1.824297
bio,9,2.868837
biofeedback,3,2.352622
biology,12,2.349849
biopsy,9,2.878868
birth,14,4.622720
birth_control,13,1.398968
birth_control_pill,2,6.281984
birth_defect,12,2.680906
bit_better,7,1.549443
bit_more,7,1.272110
bit_of_air,15,1.920255
bit_of_relief,11,2.633051
bit_sore,7,2.520437
bite,1,5.357868
bite_of_food,1,5.274233
black_coffee,1,4.776022
black_out,7,1.446776
bladder,13,1.014926
blade,3,2.048129
blade_back,4,2.843108
blah,7,1.918647
bland,1,4.943448
blanket,5,4.618955
bless,11,3.232610
blink,6,2.643886
bliss,11,2.110055
blissful,11,2.734027
blister,6,2.824932
bloat,13,4.195600
bloat_24_7,7,1.400731
bloat_a_lot,13,2.788208
bloat_and_constipate,6,0.451581
bloat_and_excessive_flatulence,13,2.557604
bloat_and_flatulence,13,2.324724
bloat_and_nauseate,13,2.782172
bloat_and_nauseous,13,2.803282
bloat_anymore,13,2.840674
bloat_belly,13,2.935998
bloat_constipation,13,3.452652
bloat_cramp,13,2.275862
bloat_distension,12,2.222380
bloat_etc,13,3.830007
bloat_excessive,13,3.430166
bloat_excessive_flatulence,13,2.511202
bloat_flatulence,13,3.665934
bloat_gassy,13,2.985495
bloat_go_away,10,2.467443
bloat_nausea,13,3.958022
bloat_stomach,13,3.152245
bloatedness,13,2.870990
block,3,2.895237
block_my_airway,7,3.218145
block_nose,7,2.080360
blockage,3,2.848392
blog,9,2.983396
blonde,6,0.180457
blood_flow,3,2.126159
blood_test,9,2.905896
blood_vessel,4,2.023511
blood_work,9,2.806502
bloodwork,9,2.740453
bloody,7,1.270635
blow_away,11,3.374238
blow_my_nose,7,2.507625
blow_up,3,2.494651
blow_up_full_of_air,3,2.799053
blow_your_nose,7,1.182959
blowjob,11,1.058829
blue_cross,8,4.687983
blueberry,1,4.729359
bmi_alexandra,9,1.975460
bmi_blackheath,8,3.974235
bodily,12,1.899118
bodily_function,11,2.520037
body_ache,7,2.335256
body_image,12,2.531450
body_position,4,3.225797
boer,5,3.759122
boeren,5,4.579460
bolus,3,2.536952
bolus_of_food,7,2.350908
bomb,6,1.681885
bone_broth,1,4.914568
bong,2,4.885028
bonjour_avoir_vous_recut,6,0.614936
bonjour_comment_vas_tu,6,1.908099
boob,6,-0.320144
book,8,4.303196
book_with_lucy_hicklin,9,1.941792
boozy,6,0.208687
borderline,13,2.042393
borderline_underweight,14,2.675892
borrow,6,0.455398
botel,9,1.624441
both_direction,3,1.297449
both_of_these,12,1.898837
both_r_cpd,12,2.952827
bothersome,7,1.625608
botox,8,4.673747
botox_avoir_vous_recut,6,1.479427
botox_drift,7,0.711798
botox_for_dysphagia,9,3.552716
botox_in_january,8,3.558331
botox_inject,8,4.376205
botox_injection,8,4.670527
botox_itself,8,5.237191
botox_journey,11,3.833070
botox_leak,3,2.156143
botox_on_monday,8,3.865964
botox_on_wednesday,11,1.727988
botox_procedure,8,4.667035
botox_shot,8,4.489335
botox_spread,5,3.691902
botox_surgery,8,4.580541
botox_tomorrow,8,3.749565
botox_treatment,8,4.617380
botox_twice,8,4.020352
botox_under_ga,8,3.704486
botox_wear_off,10,3.548251
botox_with_doctor_bastian,8,4.053290
bottle,1,4.907771
bottle_of_fizzy,1,3.256211
bottom,4,2.592384
bottom_line,9,0.853550
botulinum_toxin,8,3.564477
botulinum_toxin_injection,6,0.537506
bouncer,6,-0.103044
bound,12,1.980226
bout,13,3.970661
bowel,3,2.835421
bowel_cramp,7,1.919856
bowel_issue,12,1.993681
bowel_movement,3,2.298567
bowel_problem,13,1.996124
bowl,1,4.985441
bp,6,1.382282
brace,4,2.389277
brain_fog,13,2.845382
brand_new,11,3.033436
brass,6,0.018177
brazil,9,2.831117
bread,1,5.862562
break,2,4.283098
break_blood_vessel,6,1.878413
break_down,3,2.926708
break_my_heart,9,1.268150
break_out,7,1.080848
breakfast,1,5.012265
breast_bone,3,2.163547
breastbone,4,2.272944
breastfeed,14,2.640437
breath,4,2.699994
breath_test,9,2.862375
breathe,3,2.023436
breathe_deep,4,2.496119
breathe_difficult,6,-0.187189
breathe_difficulty,6,0.613855
breathe_exercise,4,3.165101
breathe_in_deep,3,1.741723
breathe_issue,13,3.040599
breathe_out,4,2.728229
breathe_proper,15,1.905624
breathe_technique,4,3.085770
breathe_through,4,3.176775
breathe_through_my_mouth,7,2.043871
breathe_tube,7,2.589575
breathless,13,3.381688
breathy,7,1.986392
breeze,6,-0.199630
brewery,6,0.776597
bridgetown,6,0.248713
brilliant_thank,9,0.884272
bring_doctor_bastian,9,3.741826
bring_myself,15,2.608660
bring_relief,10,1.881808
bring_up_liquid,4,2.256490
brisk_walk,2,5.307425
brittcurls,11,4.061885
bro,11,3.137677
broad,12,1.692591
broccoli,1,5.448191
bronchitis,13,2.377350
broth,1,5.575264
brownie,1,4.620131
browser,9,2.510009
bruise,7,2.643257
brunch,1,3.524106
brush_my_tongue,15,2.370577
brush_my_tooth,15,2.749767
brush_off,9,2.588697
brush_tooth,7,1.718295
brussels_sprout,1,4.916106
bsw,9,3.021831
btx,8,3.507084
bubble,3,2.155949
bubble_come,4,2.968272
bubble_come_up,4,2.279246
bubble_in_my_throat,13,2.722783
bubble_of_air,3,1.665548
bubble_rise,3,1.732203
bubble_tea,7,2.951513
bubbly_water,1,4.565154
bucket,7,1.199956
build_up,3,2.452582
build_up_gas,3,1.643533
build_up_of_air,7,1.544257
build_up_of_gas,13,2.324444
building_up,3,2.421686
buildup,3,2.516673
buildup_of_air,3,1.063720
bulge,3,2.231881
bullfrog,6,-0.170485
bullshit,9,1.739550
bullying,11,1.689646
bupa,8,4.496705
burn,7,2.322858
burn_my_mouth,1,3.767680
burn_sensation,7,2.184309
burp,10,3.360337
burp_a_lot,10,3.555227
burp_a_ton,10,3.180239
burp_ability,10,3.386845
burp_as_a_child,14,4.518462
burp_as_a_infant,14,4.549532
burp_like_crazy,10,3.236100
burp_machine,10,3.071212
burp_on_command,10,2.960869
burp_out_of_nowhere,15,2.911782
burp_proper,10,3.063349
burp_reflex,3,2.761182
burp_uncontrollable,10,3.159264
burpee,4,2.528717
burper,11,3.364390
burper_who,9,2.368784
burpiversary,11,2.104214
burst,3,2.398371
burst_into,15,1.692408
burst_of_air,10,2.520936
bury,15,2.574916
bus,7,1.407885
but_alas,11,2.375131
but_fruitless,11,1.956822
but_my_dad,14,2.772907
but_nothing_unmanageable,7,1.033024
but_rather,12,2.532422
but_they_are,10,2.680304
butt,4,2.605720
butter,1,5.582350
button,4,2.867678
bvi,8,4.345988
bvi_use_75,8,3.573922
by_accident,10,3.083014
by_bastian,8,3.451673
by_comparison,12,1.651578
by_contract,4,2.864037
by_doctor_verma,9,2.448735
by_flex,4,2.560858
by_insurance,8,4.634640
by_lucy,8,3.702129
by_my_gp,9,3.017690
by_stick_my_finger,15,2.858860
by_surprise,2,5.317948
by_the_nhs,9,2.497145
by_themselves,10,2.656500
by_tilt,4,3.200764
by_turn,4,3.355776
by_turn_my_head,4,3.059861
bye_bye,7,2.166494
byproduct,12,2.058714
c_red,11,2.249287
c_section,12,1.221639
cabbage,1,5.336934
cable,5,4.500032
cafeteria,7,2.191061
caffeinate,1,4.648026
caffeine,1,5.541491
caffeine_alcohol,1,4.972993
cage,3,1.986649
calcium,1,4.849013
calcium_carbonate,2,5.582747
calculation,6,1.392908
calendar,8,4.140855
calf,6,1.815137
calgary,9,3.630932
california,9,4.084227
call_a_ambulance,15,2.072849
call_a_few,9,3.363822
call_back,8,4.059081
call_botox_for_dysphagia,9,1.720715
call_r_cpd,9,2.523474
call_retrograde,9,2.331983
call_their_office,8,3.522560
call_to_schedule,8,3.917243
call_your_insurance,8,4.235046
calm_down_a_bit,10,2.563367
cam,9,2.765372
camera,5,4.767935
camera_down,5,4.718310
camera_down_my_throat,5,4.581487
camera_through,5,4.681000
camera_up,5,4.764499
camera_up_my_nose,5,4.681110
can_attest,11,1.743728
can_cause,12,3.362574
can_contribute,12,3.310463
can_hear,15,4.115251
can_identify,9,2.618123
can_lead,12,2.756295
can_not_believe,11,4.514177
can_not_burp_on_command,10,3.101698
can_not_chug,1,4.035694
can_not_control,10,2.765558
can_not_escape,3,1.886120
can_not_imagine,11,4.181436
can_not_stand,15,3.282165
can_not_wait,11,4.649198
can_recall,14,3.623977
can_relate,11,4.430893
can_remember,14,4.937306
can_taste,15,2.258198
canada,9,4.226145
canadian,9,4.193594
cancel,8,4.394238
cancel_plan,13,2.901338
cancer,12,3.845770
candida,12,2.837734
candida_overgrowth,12,2.145382
candy,1,5.390291
cannot_afford,8,4.615226
cannot_believe,11,3.551831
cannot_breathe,7,1.841335
cannot_burp,12,3.897289
cannot_control,15,2.028190
cannot_swallow,6,1.484573
cannot_vomit,14,3.690257
cannot_wait,11,3.897881
cannula,5,4.486187
cantaloupe,1,4.212261
capable_of_burp,10,2.514420
capillary,3,2.539331
capsule,1,5.524161
car_ride_home,7,1.813709
car_sick,15,2.412389
car_sickness,14,3.347722
carafe,2,6.610492
carbohydrate,1,5.653590
carbohydrate_and_sugar,1,4.049434
carbohydrate_heavy,1,3.734060
carbon_dioxide,3,2.748034
carbonate,1,4.729337
carbonate_alcoholic,1,4.418779
carbonate_beverage,1,4.602903
carbonate_drink,1,4.552776
carbonate_drink_alcohol,1,5.109645
carbonate_drink_and_alcohol,13,1.583552
carbonate_seltzer,7,1.797151
carbonate_soda,1,4.514649
carbonate_water,1,4.727948
carbonation,1,4.567445
card,8,4.458679
cardiac,12,2.354420
cardiologist,9,3.039044
care_about,9,2.675816
care_doc,9,3.812438
care_doctor,9,3.744106
care_physician,9,3.823812
carroll,8,3.632419
carrot,1,5.389133
carry_away,9,1.786378
carry_out,8,4.244190
carsick,14,3.872681
cartilage,4,2.776173
cartoon,15,2.784062
cascade_stomach,12,2.005819
case_anyone,9,2.300734
case_of_r_cpd,12,1.673561
case_study,9,3.483630
case_where,11,2.042526
casein,1,5.452291
cash_pay_rate_on_their,9,2.904445
catalyst,14,1.979238
catch,10,2.586351
catch_in_my_throat,7,2.197333
catch_my,3,2.066419
catheter,5,4.178577
cattle,6,0.629262
cauliflower,1,5.093712
causality,12,2.741049
causation,12,3.387661
cause,12,3.682353
cause_a_lot,13,3.141454
cause_barrett,12,2.905131
cause_by,12,3.761034
cause_by_r_cpd,12,3.592203
cause_constipation,3,2.622203
cause_damage,3,2.358901
cause_excess,3,2.741826
cause_inflammation,12,1.786453
cause_r_cpd,12,3.110132
caustic,1,5.351893
cautious,6,-0.131808
cbd,6,1.842333
cbd_oil,2,6.460091
cbg,6,0.665760
cc,8,3.900131
cc_of_botox,8,3.668464
cd,12,1.438550
ce_que,6,2.012783
celebrity,9,0.987659
celery,1,5.319961
celiac,12,3.283597
celiac_disease,12,3.260783
cell,12,2.220351
celsius,1,4.602963
censor,14,3.997356
cereal,1,5.538717
certain_food,1,5.272311
certain_point,3,1.225150
certain_position,4,3.176310
certain_thing,1,5.048043
certain_way,4,2.987728
certainly_seem,12,1.885609
cervical,12,0.992047
cervical_spine,6,1.573276
chalk_up,13,1.260780
challenge_physio,4,2.812444
chamomile,2,4.756532
champion,11,1.885481
chance,8,3.252782
chance_of_develop_a_hiatal,12,3.352800
change_in_diet,12,1.942220
change_into,5,4.786995
change_my_life,11,3.223650
change_my_quality,11,3.224025
change_position,7,1.367560
chapter,11,3.596638
characteristic,12,2.791180
charcoal,2,5.655414
charge,8,5.222194
charite_berlin,9,2.482682
chase_each,1,5.050824
chase_with_water,1,5.170723
chat,9,4.031698
cheap,8,5.191223
cheap_option,8,4.406873
cheap_than,8,5.096666
check_my_vocal,9,2.586651
check_out_the_wiki,9,3.221802
check_the_wiki,9,3.548570
check_up,8,3.992627
checkup,8,3.699837
cheer_cheer_dance,12,3.202800
cheer_cheer_dance_syndrome,12,2.567708
cheese,1,5.881320
cherry,1,4.585973
cherryhill,9,2.726779
chest,3,2.479577
chest_and_stomach,13,1.799633
chest_and_throat,7,1.671916
chest_cavity,3,2.805565
chest_discomfort,13,2.921970
chest_gurgle,15,2.882400
chest_pain,13,3.988813
chest_pressure,13,3.957231
chest_throat,13,2.338773
chest_tightness,13,3.166993
chest_x_ray,9,2.731790
chest_xray,9,2.555873
chew,1,5.463534
chew_chew,1,4.756441
chew_food,1,4.525428
chew_gum,1,5.164055
chew_them,1,4.814394
chew_very_thorough,1,5.122145
chew_well,1,5.283957
chewable,2,6.193031
chewy,1,5.222359
chiari,6,1.080806
chicken,1,5.865288
chicken_tender,1,3.619386
chief,9,2.758583
child,14,4.832679
child_hospital,9,2.827100
child_liquid,2,5.884082
child_liquid_ibuprofen,2,6.120354
child_pose,4,2.929499
childhood,14,4.927225
childhood_trauma,12,3.047131
chime,9,2.590471
chin,4,3.283552
chin_down,4,3.193509
chin_forward,4,3.008205
chin_tuck,4,3.206137
chip_my_tooth,9,0.936048
chipotle,1,3.599291
chiropractic,9,2.129024
chocolate,1,5.662310
chocolate_factory,6,0.709529
choke,7,2.726083
choke_on_food,7,2.523092
choke_on_liquid,15,1.652487
choke_on_my_own,7,2.561867
choke_on_saliva,7,2.031784
choke_sensation,7,1.727512
chore,1,4.109356
christchurch,9,2.107251
chronic,13,2.748466
chronic_acid_reflux,13,2.742318
chronic_bloat,13,2.452215
chronic_constipation,12,2.916151
chronic_cough,13,1.315254
chronic_fatigue,12,2.687421
chronic_gastritis,12,2.975454
chronic_hiccup,13,2.140992
chronic_ill,12,2.695960
chronic_illness,12,1.971599
chronic_inability,12,2.145243
chronic_nausea,13,3.847397
chronic_pain,13,2.769786
chronic_sinusitis,12,1.704729
chronic_stomach,12,1.738035
chug,1,4.715681
chug_a,1,4.663096
chug_anything,1,3.310628
chug_liquid,1,3.907355
chug_sprite,6,-0.124032
chug_water,1,4.184854
chunder,6,-0.010710
chunky,1,4.252103
churn,7,1.512696
chyme,3,2.660740
cider,1,4.708733
cigarette,7,2.325775
cigna,8,4.953591
cincinnati,9,3.290335
cinema,15,2.214172
cinnamon,1,4.960568
circular,6,1.284085
circular_motion,4,3.078455
circulate,3,2.218619
circulation,3,2.126841
circus,9,2.596380
citrus,1,5.051663
claim_that,9,2.422204
classic_case,11,1.644310
classic_gurgle,15,2.935269
classic_symptom,12,2.335134
classmate,14,3.738438
claustrophobic,15,1.197865
clavicle,4,2.186498
clean,4,2.971374
clean_my_tongue,15,2.585415
clear_my_throat,7,2.416443
clearance,6,1.468345
clench,4,2.684910
clench_my,4,2.120648
clench_my_ab,3,2.588008
clench_my_jaw,7,0.560452
clench_my_stomach,4,2.874517
clench_up,6,1.214038
cleveland,9,3.181774
cleveland_clinic,9,3.394074
clinic,9,4.079842
clinical,9,3.243811
clinical_trial,9,2.604961
clock,6,0.649576
clonazepam,2,6.618219
close_mouth,15,1.592321
close_my_mouth,15,1.646026
close_proper,3,2.868925
close_specialist,9,3.773741
close_your_mouth,4,2.992362
cloud,15,0.832054
club_soda,1,4.617449
clue_how,11,0.896073
clueless,9,2.732247
co,9,3.051383
co2,3,2.832015
co_insurance,8,4.225034
co_pay,8,5.238374
coat,7,2.368015
coax,4,2.925929
cobra,4,2.841622
cobra_pose,4,2.887662
cocktail,1,4.876220
coconut_oil,1,4.688849
code,8,4.454319
codeine,2,6.347775
coffee,1,5.128376
coffee_etc,1,4.876329
coffee_tea,1,4.918216
cognitive,6,0.503317
cognitive_behavior_therapy,9,1.913873
coincide,14,2.998519
coinsurance,8,4.665622
coke,1,4.799857
cola,1,4.341301
cold,7,2.404102
cold_brew,1,4.505076
cold_water,1,4.778317
cold_weather,7,1.831037
coldness,7,2.711920
colic,14,4.734412
colic_as_a_baby,14,3.186674
colic_baby,15,2.261282
colitis,12,2.218279
collaborate,9,2.314693
collapse,3,2.534062
collapse_in_excruciating_pain,15,2.283124
collar_bone,3,2.506367
collection,9,2.664408
colon,3,2.890231
colon_cleanse,6,0.269858
colon_stretch,13,1.681508
colonic,12,1.614989
colonoscopy,9,2.944258
colonoscopy_endoscopy,9,2.562921
columbia,8,3.529109
combat,2,5.171347
combien_unite_avoir_vous,6,3.082072
combination,3,2.332987
come_across,11,4.522011
come_across_this_sub,11,3.638398
come_back_normal,9,2.924272
come_back_up,7,2.741272
come_here,9,3.082224
come_home,7,2.842979
come_natural,10,2.204231
come_on_suddenly,12,2.044710
come_on_their_own,10,3.050326
come_out_involuntary,15,1.556566
come_out_my_nose,15,2.810937
come_out_of_my_mouth,15,2.375265
come_out_of_nowhere,15,2.449068
come_to_term,14,3.299070
come_true,11,3.039765
come_up_into,7,2.427489
come_up_my_throat,3,1.888940
comfort_know,11,3.551340
comfort_of_my_own,7,1.462549
comfort_to_know,11,3.831670
comfortability,6,0.036449
comic,9,1.019956
command,10,2.863833
commend,9,2.267853
comment_here,9,2.744583
comment_section,9,2.711766
commiserate,9,2.465525
common,12,3.677332
common_misdiagnose,12,3.099449
common_misdiagnosis,12,2.858943
common_symptom,12,3.609645
common_theme,14,3.382540
common_trigger,12,1.813366
community_of_people_who,11,3.157146
comorbidity,12,2.830499
companion,8,4.524688
company,8,4.385607
compare_to_before,15,1.460563
competent,9,3.379062
complain,14,4.131141
complain_about,14,4.506129
complete_agree,11,1.784777
complete_change,11,3.089219
complete_change_my_life,11,2.580602
complete_destroy,14,2.631562
complete_disappear,13,1.570645
complete_empty,3,1.857483
complete_fine,7,2.637413
complete_flat,4,2.319784
complete_go,13,3.138378
complete_go_away,13,3.058086
complete_life_change,11,2.735691
complete_lose,10,1.754497
complete_new,11,2.748537
complete_painless,8,2.557390
complete_random,10,3.047671
complete_relax,4,2.850304
complete_relief,11,1.342722
complete_understand,11,3.018027
complete_unexpected,15,2.382938
complete_unrelated,12,2.790328
complete_wear_off,10,3.446399
complication,8,2.460520
component,12,2.673045
compose,9,2.464385
comprehend,15,2.340007
comprehensive,9,3.571641
compress,3,2.831690
compressible,3,2.730823
compression,3,2.416826
compromise,3,2.478980
compulsive,12,2.504625
concave,7,2.090265
concern_about,8,3.094001
concert,7,2.833723
concise,11,1.799577
condition,12,4.093796
condition_call,12,3.008871
conduct,9,3.044092
conduct_a,9,2.774145
confirm,9,3.105130
confirm_diagnosis,9,2.778255
confirm_rcpd,9,2.832113
confront,11,2.215914
confuse,11,3.683355
confusion_about,11,1.677841
congenital,12,2.163501
congested,7,2.207436
congestion,13,2.921898
congratulation,11,4.672987
congratulation_and_good_of_luck,11,2.250305
congratulation_on_your,11,3.755152
conjunction,12,2.068565
connect,12,3.826071
connect_the_dot,11,3.402820
connect_to_r_cpd,9,0.822228
connection_between,12,3.777152
connective_tissue,12,1.699094
connective_tissue_disease,12,1.995156
connective_tissue_disorder,12,2.814013
conscious,4,2.276936
conscious_control,4,0.860421
consensus,9,1.623974
consequently,3,1.374815
conservative,8,3.283874
consider_whether,9,1.121217
consistent,10,3.251962
console,9,1.643673
constant,13,3.712682
constant_bloat,13,3.949708
constant_discomfort,13,2.599376
constant_flow,15,1.938587
constant_gurgle,13,3.840000
constant_lump,7,2.731116
constant_nausea,13,3.863677
constant_pain,13,3.397738
constant_pressure,3,2.809390
constant_swallow,7,2.130849
constipate,13,3.727939
constipation,13,3.768018
constipation_diarrhoea,13,1.997365
constipation_etc,12,2.455177
constrict,3,2.444957
constriction,3,1.766216
construction,6,1.423001
consult_with_doctor,8,3.998939
consultant,9,4.129299
consultant_who,9,3.793113
consultation,8,4.961477
consultation_appointment,8,4.206629
consultation_tomorrow,9,1.649223
consultation_with_doctor,8,4.056735
consume,1,5.321555
consume_a_lot,1,4.632141
contact,9,4.095857
contact_detail,9,3.553991
contact_lucy,9,1.220172
contact_med,5,3.761747
contagious,11,2.614991
contain,2,5.293626
content,3,2.914133
content_of_my_stomach,15,1.594450
contest,7,1.554629
continue_to_develop,10,3.063633
continue_to_practice,10,2.637824
contort,4,2.880936
contort_my_body,4,2.643972
contort_my_throat,4,2.838994
contortion,4,2.649798
contract,3,2.880705
contraction,3,2.839473
contribute,12,3.764734
contribute_to_constipation,12,2.307254
contribute_to_develop,12,2.869396
contribute_towards,12,3.340201
contributor,12,3.064498
control,10,2.773165
control_my_life,14,2.980008
control_over,10,3.009466
control_them,10,3.035891
controllable,10,3.040356
controversial_but,1,3.393669
conversation,15,4.021291
convince_my_parent,9,3.068023
cook,1,5.815015
cool_thanks,11,3.004606
coordinate,3,2.018404
coordination,12,1.390463
copay,8,5.239197
cope,14,3.350447
coping_mechanism,12,0.802489
cord,5,3.917830
core,4,3.004902
core_exercise,4,3.088019
core_muscle,4,2.717846
core_strength,6,1.140567
core_strengthen,4,2.701274
correct_muscle,5,4.046232
correct_tongue,4,3.164888
correlate,12,3.695694
correlation,12,3.697809
correlation_between,12,3.738193
correlation_between_r_cpd,12,2.749953
correlation_there,12,2.349130
cos,6,2.198535
cost,8,5.243753
cost_850,8,4.130779
cost_around,8,4.345834
cost_estimate,8,4.559624
cost_save_and_protection,9,0.845103
costly,9,1.793339
cough,15,1.967989
cough_a_lot,7,1.335611
cough_drop,2,5.235910
cough_fit,15,2.309473
cough_gag,15,1.250104
cough_hard,15,2.568063
cough_medicine,2,4.839576
cough_or_clear,7,2.762621
cough_or_sneeze,15,2.531772
cough_really_hard,15,2.578896
cough_up,7,2.393791
could_potential,12,1.994860
counseling,12,1.544748
counter_intuit,6,1.214257
counteract,3,1.754436
counterintuitive,6,0.458936
countless_doctor,9,1.819216
countless_post,9,2.589294
country,9,4.161876
cover_anything,8,4.736305
cover_by,8,4.993135
cover_by_insurance,8,5.015460
cover_by_your_insurance,9,2.732525
cover_my_mouth,15,2.102601
cover_under,8,4.858036
coverage,8,4.679922
covid_test,8,5.053048
cow_milk,1,3.477298
cp,3,2.758840
cp_muscle,3,2.984287
cpd,9,3.754556
cpd_symptom,12,2.183732
crack,4,3.067382
cramp,13,3.564983
cranberry,1,4.653607
cranberry_juice,1,4.871606
crane,4,3.117521
crank,4,3.061988
crap_insurance,8,4.513270
craving,1,5.245016
crazy,15,3.985407
crazy_flatulence,15,1.948133
crazy_how,11,2.932376
crazy_lol,11,3.007644
crazy_loud,15,2.636513
creamer,1,4.542633
creamy,1,5.258191
create_anxiety,12,1.850968
create_gas,3,2.937904
create_more,7,1.505990
create_more_stomach,3,2.665789
create_pressure,4,2.286304
create_space,6,0.706951
creation,12,1.822350
credence,12,1.504737
credible,9,2.641278
creep_back,10,2.643815
cricoid,4,2.925914
cricoid_cartilage,4,2.951891
cricoid_massage,4,3.403092
cricoid_muscle,3,2.795569
cricopharangeal,12,1.066005
cricopharyngeal,3,2.699877
cricopharyngeal_achalasia,12,1.116724
cricopharyngeal_bar,12,0.822096
cricopharyngeal_dysfunction,12,2.847551
cricopharyngeal_muscle,3,2.994037
cricopharyngeal_muscle_be,3,2.695592
cricopharyngeal_myotomy,8,3.552720
cricopharyngeous,3,2.253157
cricopharyngeus,3,2.836039
cricopharyngeus_dysfunction,9,2.178000
cricopharyngeus_muscle,3,2.973707
cricothyroid_muscle,4,2.626213
cripple,13,3.751481
cripple_pain,6,0.577871
criterion,12,3.134038
croak,15,4.394168
croak_and_gurgle,15,2.187583
croak_frog,15,3.532368
croak_gurgle,15,3.820107
croak_noise,15,4.514323
croak_sound,15,3.960203
croaker,11,2.484733
crohn,12,3.215203
crooked,12,0.657236
crossover,11,1.346733
croydon,8,4.159796
cruciferous_vegetable,1,5.330891
crud,9,2.228774
crunch,4,2.930796
crunchy,1,4.550498
crural_diaphragm,12,1.438238
crush,1,4.359325
crust,1,4.665415
cry,15,4.369127
crystal_clear,9,2.796582
cs,9,1.027732
ct_scan,9,2.812811
cubicle,15,2.635566
cucumber,1,5.201841
cue,4,2.862366
cuff,6,1.222126
curable,12,2.456323
cure_myself,4,2.143675
cure_no_burper,11,2.718846
cure_r_cpd,9,1.633041
cure_rate,8,3.112390
cure_themselves,4,2.096338
cure_yourself,11,3.247963
curious_about,11,4.081691
curious_if_anyone,9,1.749564
curious_if_anyone_else,11,2.390091
curious_if_there,12,1.984990
curious_to_hear,11,4.020480
curious_to_know,11,3.743243
curious_to_know_if_anyone,11,2.404697
curious_what,11,4.091449
curl,4,2.384433
current_deal,11,2.309759
current_suffer,14,2.274162
current_wait,8,3.676276
curry,1,5.274018
cus,7,1.136064
customer_service,6,1.302760
cut_back,1,5.300033
cut_dairy,6,0.570704
cut_down,1,4.931316
cut_in_my_mouth,6,0.829666
cut_out,1,5.631853
cut_out_carbonation,1,4.146030
cut_out_coffee,1,4.789121
cut_out_dairy,1,4.888659
cutter,2,4.956097
cvs,6,0.884996
cycle,3,2.456932
da,5,5.048812
dae,13,1.012844
daily_discomfort,12,2.041715
daily_life,14,3.323329
daily_medication,2,6.406480
daily_nausea,13,3.618559
daily_occurrence,15,2.406782
daily_stomach_ache,15,1.127571
daily_update,9,2.227131
dairy,1,5.644409
dairy_free,2,5.115687
dallas,9,3.397015
dallas_area,9,1.995202
damage,3,2.780550
damper,6,0.597196
dang,11,3.751485
danger,6,-0.080310
dans_la_gorge,5,3.494320
dat_je,5,4.088131
database,9,2.434625
datum,9,3.635295
daughter,14,4.208348
day_0,8,4.301649
day_1,10,2.773980
day_10,10,3.172230
day_11,10,3.087746
day_13,10,2.816005
day_14,10,3.081120
day_2,10,2.986703
day_21,10,2.940607
day_3,10,3.135281
day_4,10,3.190196
day_5,10,3.166383
day_6,10,3.181646
day_7,10,3.204374
day_8,10,3.181517
day_9,10,3.227798
day_five,10,2.883257
day_four,10,2.635353
day_surgery_center,8,4.291564
day_three,10,2.694132
daytime,13,2.955843
db,12,1.760651
dbr,9,2.236196
dc,8,3.873743
de_friar_um_instagram,6,2.343783
de_gas,2,5.813647
de_que,6,2.967253
de_whatsapp,6,2.066876
deaden,3,2.519405
deal,14,3.419649
deal_with_this,11,4.458590
debilitate,13,4.016634
debilitate_condition,14,2.770988
debilitate_pain,6,0.454050
debunk,9,2.928614
decaf,1,4.669293
decaf_coffee,1,4.236385
december,8,4.181359
december_2021,9,1.574783
decent_burp,10,3.276161
decent_size,10,3.108942
decide_to_google,11,3.872155
decide_whether,9,3.159916
decompress,13,0.960768
decompression,7,1.206889
decongestant,2,5.048574
decrease,13,3.391256
dedication,9,1.916692
deductible,8,5.326138
deep,4,2.271209
deep_breath,2,5.032618
deep_breath_and_hold,2,5.668499
deep_breathe,4,3.245073
deep_cough,6,0.207752
deep_in_my_chest,15,2.415083
deep_inhale,2,4.673654
deep_sound,15,3.584666
defect,12,2.191351
defective,12,1.999044
deficiency,12,2.853111
define,12,3.430401
definitely_not_alone,11,1.907588
definitely_notice,13,2.490307
definitely_worsen,13,3.190027
definitive_test,12,1.396615
deflate,3,2.405057
deflatine,2,5.316293
deformity,12,1.020381
dehydrated,1,4.064271
dehydration,13,2.689737
delaware,9,1.826558
deliberate,15,1.375607
delicate,6,1.298762
delt,14,3.332936
dementia,12,2.707619
demographic,12,2.884207
demon,15,3.645055
demonic,15,2.981550
demonic_sound,15,2.496951
deny,8,4.917694
deny_coverage,8,4.168377
department,9,3.919120
department_of_otolaryngology,9,1.581530
depend_on_your_insurance,8,4.646517
depressed,15,2.515189
depression,12,2.935579
depression_anxiety,12,2.297206
derail,9,1.545959
descend,3,1.504819
design,3,2.389617
desire,11,2.159917
desperate_want,11,1.397982
despise,15,2.277681
despondent,11,2.238972
destroy_my,13,2.292641
det,5,5.126071
detail_post,11,3.303868
deteriorate,13,1.421297
determination,9,1.941368
determine,9,3.301764
determine_whether,6,1.428273
determine_whether_there,9,2.394757
detrimental,12,3.028967
detroit,9,3.055105
deutsche,9,2.021934
develop_a_hiatal,12,3.523696
develop_acid_reflux,12,3.529425
develop_emetophobia,14,4.581550
develop_gerd,12,2.088383
develop_hiatal,12,2.992168
develop_severe,14,3.414028
development,12,3.496791
development_of_a_hiatal,12,3.179271
development_of_other,12,3.412609
development_of_other_issue,12,2.604763
developmental,12,1.428607
deviate_septum,12,1.068685
devoir,6,2.644629
dexilant,2,7.038055
diabetic,12,2.472449
diagnose,9,3.149931
diagnose_and_treat,9,3.192346
diagnose_by,9,2.821283
diagnose_myself,11,2.778299
diagnose_r_cpd,9,3.237194
diagnose_rcpd,9,3.341552
diagnose_themselves,9,1.795655
diagnose_with_a_hiatal,12,2.586885
diagnose_with_gastroparesis,12,2.098159
diagnose_with_gerd,12,3.595364
diagnose_with_ibs,12,3.602085
diagnosis,9,3.579339
diagnosis_and_treatment,9,3.682668
diagnosis_of_r_cpd,9,2.548434
diagnostic,9,3.400144
diagnostic_criterion,9,2.001972
diagnostic_test,9,3.426008
diagonal,6,1.473847
diagram,4,2.778389
dial,4,3.049064
diaphragm,3,2.871580
diaphragm_breathe,4,3.088293
diaphragm_rehabilitation,12,1.734492
diaphragmatic_breathe,4,3.346688
diaphragmatic_breathe_exercise,4,2.664721
diarrhea,13,3.982443
diarrhoea,13,3.531238
dictate_my_life,11,1.278887
dicyclomine,12,2.232743
diet,2,5.335921
diet_change,2,5.276444
diet_coke,1,4.783563
diet_low_fodmap,2,5.185634
diet_soda,1,4.248593
dietary,2,5.060084
dietary_change,1,3.596805
differ_from_person_to_person,9,1.042327
different_angle,4,2.964622
different_country,9,2.526993
different_diet,12,1.340250
different_doctor,9,4.165465
different_for_everyone,10,3.153907
different_kind,15,1.979993
different_location,8,3.768537
different_part,3,2.394999
different_position,4,3.445675
different_posture,4,3.224293
different_story,11,0.858605
different_technique,4,3.233237
different_way,4,2.977784
difficult_swallow,7,1.559552
difficult_to_explain,15,1.611005
difficult_to_swallow,1,5.052642
difficulty,13,2.471267
difficulty_breathe,13,3.113947
difficulty_burp,12,3.220851
difficulty_eat,7,1.240206
difficulty_swallow,7,1.757490
difficulty_swallow_food,7,1.537766
difficulty_vomit,12,2.844890
diffuse,3,2.499431
dig_into,11,0.711197
digest,3,2.936137
digestion,3,2.921532
digestion_process,13,1.002850
digestive,3,2.821814
digestive_enzyme,2,6.162394
digestive_issue,12,3.806672
digestive_problem,12,3.250141
digestive_process,13,1.449292
digestive_symptom,12,2.156861
digestive_system,3,2.712084
digestive_tract,3,2.725600
digital,9,2.949036
dilate,3,3.002684
dilate_esophagus,12,2.026375
dilation,3,2.974385
dilemma,9,2.039111
diligent_about,1,3.716219
diminish,13,3.271098
dine,7,1.711961
dinner,1,3.917093
dinner_date,7,2.578039
dinner_party,7,2.744305
dinner_with_friend,7,2.574105
dinosaur,15,3.705235
dinosaur_noise,15,3.917418
dinosaur_sound,15,3.950309
direct_into,5,4.048960
direct_or_indirect,12,2.217933
dirty,7,1.278304
disability,12,2.997563
disagreeable,6,2.042281
disappear,13,3.263941
disappoint,11,3.804399
disappoint_and_frustrate,11,3.030214
disappointment,11,2.696318
disbelief,11,3.396448
disc,6,1.704315
discard,12,1.811073
discharge,8,4.627733
discipline,9,1.734914
discomfort,13,4.022590
disconcerting,7,1.389926
discord,9,2.841965
discourage,11,3.619431
discourage_anyone,11,2.917279
discussion,9,3.692496
disease,12,4.023445
disease_may,9,2.196951
disgust,15,3.716790
disheartened,11,3.076006
disheartening,11,3.550465
dismiss,9,3.541167
dismissive,9,3.619047
disorder,12,4.078193
disorder_eat,12,2.512955
disoriented,7,2.284425
display,12,1.004345
disregard,9,1.707194
dissolvable,1,4.738557
distal,12,1.621660
distant,9,1.327312
distend,3,2.703754
distend_esophagus,12,1.760482
distend_stomach,13,2.183424
distension,3,2.671749
distention,3,2.731744
distinct,15,1.641609
distinct_remember,14,3.728171
distract,7,2.125791
distract_by,13,3.359768
distress,12,3.124852
distribution,6,1.824604
distrust,9,1.260935
diver,6,1.674156
diverticulum,12,1.467639
dizziness,13,3.670755
dizzy,7,2.437164
dmv,9,2.338572
do_inversion,2,4.070902
do_shaker,4,3.468713
doc,9,4.176608
doc_suggest,9,1.780463
doctor,9,4.193444
doctor_adam_rubin,9,1.785150
doctor_anderson,9,3.931699
doctor_anderson_in_toronto,9,2.550005
doctor_andrew_tkaczuk,9,3.084121
doctor_anil,9,1.880438
doctor_appointment,8,4.260170
doctor_ashli_orourke,9,2.498352
doctor_bastian,9,3.771708
doctor_bastian_article,9,3.812837
doctor_bastian_paper,9,3.832532
doctor_bastian_research,9,3.647506
doctor_bastian_website,9,2.734768
doctor_bastion,9,3.866095
doctor_bielamowicz,8,3.632503
doctor_born,8,3.497125
doctor_chad,9,2.547542
doctor_craig_villari,9,2.837948
doctor_daniel,9,1.677276
doctor_debry,9,2.902816
doctor_fink,9,2.732616
doctor_friedman,9,2.050883
doctor_hicklin_in_the_uk,8,3.455923
doctor_hoesli_at_bvi,8,3.647301
doctor_holmes_in_raleigh_nc,8,3.459332
doctor_hus,8,3.682904
doctor_in_toronto,9,2.956636
doctor_james,9,2.037066
doctor_javier_oloriz,9,2.792677
doctor_jennifer,9,2.284369
doctor_jennifer_anderson,9,3.795056
doctor_jennifer_anderson_at_st,9,3.256371
doctor_jennifer_anderson_in_toronto,9,2.572503
doctor_joseph_spiegel,9,2.590864
doctor_karagama,9,3.843991
doctor_karagama_in_manchester,8,3.957224
doctor_kirk,9,2.088506
doctor_kuderer,9,2.844062
doctor_lin,8,4.236529
doctor_lindsay,9,2.957812
doctor_mchugh,9,3.432303
doctor_mi,9,2.533611
doctor_michael,8,3.603447
doctor_mortensen,9,2.782768
doctor_mortensen_welch,9,2.496362
doctor_near,9,4.111281
doctor_nearby,9,3.190247
doctor_noah_parker,9,2.567295
doctor_odell,8,4.152815
doctor_office,8,4.665949
doctor_orourke,9,2.917506
doctor_paddle,9,3.741068
doctor_pepper,1,4.626719
doctor_peter,9,2.823605
doctor_pitman_in_nyc,8,3.760481
doctor_pittman,8,4.070763
doctor_prescribe,2,6.411705
doctor_richard_mchugh,9,2.781106
doctor_robert,9,3.681595
doctor_sanjay,9,3.406914
doctor_say,9,3.003815
doctor_schiffer,8,3.589127
doctor_schindler_in_portland,9,1.831140
doctor_schulte,9,1.736252
doctor_seth_cohen,9,2.616218
doctor_seth_kaplan,9,2.253093
doctor_snelleman,8,4.239166
doctor_spiegel,8,4.279934
doctor_spiegel_in_philly,8,3.657862
doctor_stinnett,9,1.899158
doctor_suggest,9,1.109790
doctor_sunil,9,2.130162
doctor_sunil_verma,9,3.299576
doctor_t,8,3.390791
doctor_teng,9,2.543782
doctor_thomas,9,2.517165
doctor_thomas_carroll,9,2.793115
doctor_thomas_carroll_at_brigham,9,2.295308
doctor_tritter,9,3.019887
doctor_tritter_in_houston,9,2.668244
doctor_verma,8,4.208507
doctor_verma_in_irvine,9,1.491799
doctor_villari_in_bellevue_wa,9,2.747232
doctor_wang,9,2.537850
doctor_wasserman,9,2.686760
doctor_weissbrot,9,2.541944
doctor_who,9,4.190205
doctor_who_specialize,9,2.922140
doctor_worldwide,9,2.951601
doctor_yael,9,1.980708
doctor_yael_bensoussan,9,3.171687
doi_10_1177,6,-0.264594
dollar,8,5.233309
dolor,6,2.705535
dosage,8,4.060993
dose,8,4.089954
dose_2,8,3.435241
double_action,6,1.729345
double_action_gaviscon_tablet,2,4.382240
doubt_myself,13,0.777754
down_into,4,2.715801
down_my_nose,5,4.683300
down_my_throat,15,2.918061
down_with_water,1,5.254677
downer_grove,8,4.630168
downright,15,1.782492
downstairs,4,2.393576
downward,4,2.872214
downward_dog,4,2.946896
downwards,4,3.060014
dozen_of_time,15,2.832727
dozen_of_us,11,1.624528
dozen_of_us_dozen,11,2.972262
dragon,15,2.887677
drain,3,2.266816
drainage,7,2.225586
dramamine,2,5.327437
drastic_improve,14,2.187562
draw_board,4,3.143805
dread,13,3.116763
dread_croak,13,0.933126
dread_gurgle,7,1.558953
dream,11,4.214244
dressing,6,3.184816
drink,1,4.587711
drink_a_bunch,1,4.603496
drink_a_few,1,4.562707
drink_a_lot,1,4.608539
drink_a_ton,1,4.589339
drink_alcohol,1,4.141444
drink_anything,1,4.403812
drink_anything_carbonate,1,4.224958
drink_beer,1,3.860431
drink_carbonate,1,4.716626
drink_carbonate_beverage,1,4.284463
drink_carbonate_drink,1,4.236005
drink_carbonation,1,4.060746
drink_coffee,1,4.508723
drink_enough,1,4.616706
drink_fizzy,1,4.659068
drink_fizzy_drink,1,4.335634
drink_fluid,1,3.725798
drink_hot,1,5.096065
drink_liquid,1,4.657909
drink_lot_of_carbonate,1,4.567718
drink_non_carbonate,1,4.465997
drink_peppermint_tea,2,4.674418
drink_soda,1,4.323070
drink_something,1,4.360124
drink_something_carbonate,1,3.721131
drink_sparkle_water,1,4.579171
drink_tea,1,4.444512
drink_too_much,1,3.728714
drink_vodka,1,4.701728
drink_water,1,4.747893
drink_wine,1,4.326421
drink_with_friend,7,2.553711
drinker,1,4.786854
drip,7,1.984630
drive_10_hour,8,4.458319
drive_home,7,2.767626
drool,7,1.595052
drop_out,7,1.809571
drown,7,2.446255
drowsy,7,2.654607
drug,2,7.219685
drum,4,2.436769
drunk,1,3.396753
dry,1,5.577480
dry_cough,7,2.103258
dry_food,1,5.603453
dry_fruit,1,3.975156
dry_heave,15,3.238487
dry_heave_into,15,1.851829
dry_mouth,13,3.440479
dry_retch,15,1.913612
dry_throat,7,2.154926
dryness,3,1.632251
du,5,5.105817
dub,15,3.404508
duck,15,3.263092
due_to_anxiety,12,2.791027
due_to_noburp,12,2.779401
due_to_rcpd,12,2.805976
due_to_trap,3,2.226154
dull,7,1.701211
dumb_question,11,1.995339
dunk,1,4.063020
dunkin,7,1.628140
duodenal,12,1.350626
duodenum,12,1.804587
during_class,11,1.685675
during_meal,1,4.519093
during_pregnancy,14,3.584531
during_school,7,1.524051
during_sleep,12,1.343263
during_this_phase,11,2.042666
dynamic,4,3.106703
dysautonomia,12,3.271929
dysbiosis,12,2.314973
dysfunction,12,3.622543
dysfunction_and_abdomino_phrenic_dyssynergia,12,2.709428
dysfunctional,3,2.918474
dysfunctional_breathe,12,1.823724
dysfunctional_muscle,12,1.374422
dysmotility,12,3.059312
dysmotility_issue,12,1.878698
dyspepsia,12,2.982716
dysphagia,12,2.780496
dysphagia_difficulty_swallow,12,2.092265
dysphasia,12,2.201921
dyspnea,13,1.798207
dyssynergia,12,2.823766
dyssynergia_and_pelvic_floor_dysfunction,12,2.020311
dystonia,12,1.576561
e_cigarette,2,5.425655
e_coli,6,0.277696
each_bite,1,5.409385
each_day,10,3.203253
each_night,7,2.620132
each_side,4,3.677257
ear,3,2.552914
ear_canal,12,1.227941
ear_fullness,13,2.059255
ear_issue,7,0.853311
ear_nose_and_throat,9,3.849866
ear_nose_throat,9,3.518210
ear_pain,7,2.163886
ear_pressure,7,1.648536
eardrum,3,1.913855
earliest_memory,15,2.533728
early_20s,14,3.525059
early_age,14,3.836092
early_august,8,3.486623
early_childhood,14,4.242122
early_day,10,3.236288
early_satiety,13,3.700253
early_stage,10,2.731548
early_teen,14,3.747310
earth_shatter,15,2.355094
ease_off,10,2.737453
eastern,9,3.304949
easy_peasy,8,3.947032
easy_to_deal,13,1.617046
easy_to_digest,1,5.124017
eat,1,4.670242
eat_a_few,1,5.382623
eat_a_little,1,5.108056
eat_a_lot,1,4.798985
eat_and_drink,1,4.599507
eat_and_stay_hydrate,10,3.048026
eat_anything,1,4.637019
eat_bread,1,5.261874
eat_breakfast,7,3.068898
eat_cereal,1,4.108895
eat_chocolate,1,4.696407
eat_dairy,1,3.660838
eat_dinner,7,2.968693
eat_disorder,12,3.496757
eat_drink,1,4.562481
eat_enough,7,2.729731
eat_fast,1,4.293275
eat_food,1,4.616107
eat_gluten,13,1.295752
eat_less,1,5.163506
eat_much,1,4.491633
eat_normal,1,5.260340
eat_or_drink,1,4.482131
eat_raw,1,4.604007
eat_slow,1,5.538091
eat_small_meal,1,4.958434
eat_small_mouthful,1,5.482502
eat_small_portion,1,4.663876
eat_solid,1,5.319650
eat_something,1,4.446824
eat_soup,1,5.368634
eat_too_fast,1,4.711127
eat_too_much,1,4.134444
eater,1,4.428168
ebb,7,2.320546
ecg,9,2.631715
ecstatic,11,3.001026
eczema,12,2.047982
ed,12,4.014836
edema,12,0.599251
edible,1,4.647624
edmonton,9,2.989272
educate,9,3.675147
educate_themselves,9,2.412763
eek,11,2.427073
een,5,5.001643
een_doorverwijzing,5,3.875256
effect,8,2.444892
effective,8,3.219753
effectiveness,8,3.356828
efficacy,8,2.986601
effortless,10,2.803241
egd,9,2.870079
egg,1,5.904809
eight_month,10,2.421860
ekg,9,2.683567
elbow,4,2.599613
electrode,5,4.369466
element,12,1.651613
elementary_school,14,3.853073
elephant,7,1.498261
elevate,2,3.735093
eleven,6,2.881000
elicit,11,2.063491
elimination,12,2.091847
elimination_diet,2,5.503184
elk,6,0.473470
eller,5,4.564805
elongate,4,2.488816
else_experience,11,4.178111
elsewhere,9,3.918478
email,9,3.947357
email_her,8,3.866229
emanate,7,1.501176
embarrass,15,4.192542
embarrass_by,15,2.742206
embarrass_especially,11,1.495694
embarrassment,15,3.134676
emergency_situation,7,0.334713
emet,14,3.991479
emetophobe,14,4.521073
emetophobe_here,14,3.552093
emetophobia,14,4.616350
emetophobia_fear,14,3.946986
emetophobia_too,14,3.985802
emg,8,4.302856
emg_guide,8,4.221056
emg_machine,8,4.335422
emg_procedure,8,4.005462
emir,12,1.738209
emit,15,2.515787
emory,9,3.332041
emotional,11,3.457256
empathy,9,2.862404
emphasis,3,2.058047
employ,4,2.388983
employer,9,3.550016
empty,3,2.505777
empty_stomach,1,4.568981
en,5,4.941594
enable,3,2.482098
enamel,6,1.791764
end_of_january,8,3.946808
end_of_july,8,3.752602
end_of_october,8,3.749068
end_up_be_able,11,3.726468
end_up_choke,7,2.510544
end_up_dry_heave,7,1.389300
end_up_gag,15,2.170993
end_up_in_the_er,13,2.599238
end_up_pay,8,5.058413
end_up_puke,15,2.048175
end_up_vomit,15,2.766849
endless_cycle,7,1.071236
endoflip,12,1.853602
endometriosis,12,3.011769
endoscope,9,2.755827
endoscopy,9,3.016388
endoscopy_and_colonoscopy,12,2.317860
endoscopy_colonoscopy,9,2.684057
endoscopy_show,12,2.465685
energy_drink,1,4.548876
engage,4,3.126323
engage_your_core,4,3.142011
engine,11,1.708302
england,9,4.151448
enjoy,1,3.479394
enlarge,3,2.784356
enlarge_cp_muscle,12,1.686871
enlarge_stomach,12,0.869923
enough_air,3,2.304719
enough_pressure,4,2.313716
enough_to_allow,3,1.574192
ent,9,4.189994
ent_center,9,2.111269
ent_clinic,9,3.714201
ent_consultant,9,3.784804
ent_department,9,3.603634
ent_doc,9,3.889498
ent_doctor,9,4.184938
ent_ear,9,3.527048
ent_in_saskatoon,9,2.675858
ent_in_toronto,9,3.311645
ent_referral,9,3.833115
ent_specialist,9,4.158158
ent_surgeon,9,3.960376
ent_who,9,4.167809
enter,3,2.910457
entertain,11,3.011401
entire_body,12,1.579944
entire_community,11,2.849488
entire_life,14,3.186724
entire_process,9,2.441326
entirely_different,11,1.037273
enzyme,2,5.674096
eoe,12,3.122535
eosinophilic_esophagitis,12,2.444072
epigastric,3,1.805357
epiglottis,3,2.577793
epilepsy,9,1.312903
episode,13,3.905722
equalize,6,0.686616
equate,6,-0.170502
equipment,8,4.694851
erection,6,1.202967
erg,5,4.521504
erosion,12,2.440747
erratic,15,1.480157
erupt,15,2.233076
es,5,5.013002
escape,3,1.960821
esomeprazole,2,7.072970
esophageal,12,2.273112
esophageal_cancer,12,3.387409
esophageal_dysmotility,12,2.186482
esophageal_issue,12,3.335799
esophageal_manometry,9,2.892391
esophageal_motility_test,9,2.182285
esophageal_muscle,3,2.733867
esophageal_sphincter,3,2.967799
esophageal_web,12,0.656114
esophagitis,12,3.536531
esophagoscopy,9,2.845143
esophagram,9,2.805381
esophagus,3,2.961246
esophagus_manometry,9,2.658897
esophogram,9,2.419729
especially_after,1,4.097293
especially_after_eat,7,2.651067
especially_after_meal,13,2.563320
especially_at_night,13,2.870222
especially_bad,13,3.137333
esque,6,1.404844
essayer,6,2.021340
establish,9,3.355150
estimate_cost,9,2.382743
et,5,5.112262
et_al,9,1.607480
et_combien,6,2.742583
et_effect_secondary_acre,6,1.429167
eternal,6,1.555467
eternal_grateful,11,3.183628
euphoric,11,2.379855
euro,8,5.245651
europe,9,4.120694
eustachian_tube,12,2.498063
evacuate,3,2.571231
evaluate,9,3.546037
evaluation,9,2.723585
even_as_a_baby,14,4.520192
even_more,13,3.444279
even_worse,13,3.960260
evening_meal,1,3.642640
event,7,2.910307
eventual_go_away,10,2.466201
eventual_your_body,6,1.303263
ever_be_able,14,4.415344
ever_experience,13,3.267449
ever_heard,9,2.359412
ever_make,11,2.983514
ever_since,15,3.427127
every_2_minute,15,2.863121
every_aspect,12,1.605032
every_bite,1,5.406364
every_doctor,9,3.561052
every_evening,13,2.919535
every_few_minute,15,2.257604
every_few_second,15,2.385080
every_hour,7,2.697034
every_night,7,3.020981
every_now,10,2.869763
every_opportunity,10,2.029467
every_single_day,13,3.480148
every_single_person,11,2.269145
every_single_time,15,3.967849
every_symptom,12,3.343090
every_test,9,2.732751
everybody,11,3.900053
everyday,13,2.886128
everyone_around,15,3.840351
everyone_else,11,4.463353
everyone_here,11,4.676094
everyone_on_this_sub,11,3.084865
everything,1,5.254803
everything_go_well,8,3.946862
everything_include,9,1.876653
everything_make_sense,11,3.459643
everything_worse,15,3.870573
evidence,9,3.641625
evidence_that,12,3.227605
ew,15,2.178117
exacerbate,12,3.668407
exacerbate_by,12,3.088426
exacerbate_my,13,3.146275
exact_thing,11,2.367757
exactly_sure,9,1.265254
examination,9,2.819288
exasperate,12,2.893066
exceed,9,1.654089
excellent,9,3.179494
except,15,3.265784
excess_air,3,2.814232
excess_flatulence,13,2.756281
excess_gas,3,2.721663
excess_pressure,3,1.610743
excess_saliva,7,2.051603
excess_wind,13,2.768935
excessive,13,3.416020
excessive_air_swallow,12,3.370651
excessive_amount,13,1.155605
excessive_bloat,13,3.741797
excessive_burp,10,2.726227
excessive_fart,13,2.585487
excessive_flatulence,13,3.981827
excessive_gas,13,3.507856
excessive_saliva,13,2.878901
excessive_salivate,13,2.484471
excessive_salivation,13,2.598400
excessive_wind,13,2.663807
excite,11,4.709666
excite_about,11,3.573715
exclude_other,12,2.796901
exclusion,12,2.131526
excruciating,13,3.860936
excruciating_pain,13,2.614401
exercise,4,3.460153
exercise_on_youtube,4,3.258743
exercise_search,4,3.296055
exert,3,1.914867
exert_myself,7,1.295102
exhale,4,2.743091
exhaust,13,3.109443
exhaustion,13,1.986413
existence,12,2.942033
exit_through,3,1.606691
exorcise,15,2.982476
exorcism,15,3.044854
exorcist,15,2.614221
expand,3,2.851280
expansion,3,2.424666
expect,10,2.370477
expect_to_pay,8,4.443596
expel,3,2.078096
expel_air,15,1.850901
expel_gas,3,1.046729
expense,8,5.087821
expensive,8,5.068615
experience_a_lot,13,2.968254
experience_so_far,11,3.119551
experience_something_similar,11,3.506246
experiment_evidence,9,1.997534
experiment_prove,9,2.670909
experiment_result,9,2.858335
experiment_with_different,4,3.145246
experiment_with_posture,4,3.190912
expert,9,3.852796
explain,9,3.677137
explain_a_lot,14,2.632427
explanation_for_and_relief,11,2.126393
explicit,9,2.624027
explore,9,3.749783
explosion,6,0.104597
explosive,15,2.981197
expose,12,2.487485
exposure_therapy,14,4.553359
express_how,15,2.345564
expulsion,3,1.822107
extend_my_neck,4,3.020149
extend_period_of_time,7,1.564125
extensive_test_many,6,1.051308
external,8,4.297106
external_injection,8,4.221050
external_through,8,4.206742
extra_air,3,2.667848
extra_bloat,7,1.842065
extra_gas,3,2.546541
extra_pressure,3,2.079480
extra_saliva,3,1.201359
extra_sensitive,7,0.779359
extra_strength,2,6.185013
extra_test,9,2.279005
extract,6,1.176440
extreme_annoy,11,0.954973
extreme_bloat,13,4.166555
extreme_easy,6,0.852911
extreme_emetophobia,14,4.215732
extreme_flatulence,13,3.493684
extreme_happy,11,2.925786
extreme_hard,15,2.741630
extreme_helpful,11,3.626013
extreme_loud,15,3.524195
extreme_low,9,1.001649
extreme_nauseous,13,2.722847
extreme_pain,13,3.702856
extreme_pain_hiccup,13,2.097540
extreme_pressure,7,1.561520
extreme_sore,7,2.507295
extreme_uncomfortable,13,2.919263
extreme_unpleasant,14,3.119351
extreme_violent,15,3.044807
extremity,3,2.222074
eye_open,11,3.051136
fab,11,3.063286
face_down,4,2.803868
face_forward,4,3.189201
facebook,11,4.308350
facebook_page,9,3.105440
facial_muscle,3,2.133482
facilitate,4,2.913528
facility,8,4.957683
facility_fee,8,4.934815
factor,12,3.659437
factory,6,0.831646
fade,10,3.388571
fade_away,10,3.370457
fade_quick,7,1.102301
fail_to_relax,3,2.802557
failure,8,3.546559
failure_to_thrive,12,2.518450
faint,7,2.304004
fair_enough,9,1.839959
fair_point,6,-0.093032
fairlife,6,1.054305
fairly_common,12,3.109085
fairly_new,9,3.104457
fairly_sure,12,1.860718
fairly_well,10,2.840263
fairy,6,1.121699
fake,15,3.943454
fake_burp,15,2.282908
fall_asleep,4,2.906409
falsetto,12,1.177773
familiar_with_doctor_bastian,9,3.534852
familiar_with_r_cpd,9,3.908866
familiar_with_rcpd,9,3.882582
familiar_with_this_condition,9,3.164220
family_doctor,9,4.012235
family_history,9,1.196626
family_history_and_saliva_sample,9,2.649770
family_member_who,12,2.165421
famotidine,2,7.051134
fantastic,11,4.699723
fantastic_news,11,3.646360
faq,9,3.500632
faq_document,9,2.589701
faq_video,9,3.126296
far_as_possible,4,3.138889
far_less,13,2.960022
fart,15,4.108678
fart_a_lot,15,4.076448
fart_a_ton,13,2.292611
fart_lol,15,2.659946
fart_more_than,15,3.533020
fart_so_much,15,3.607822
farty,15,2.734596
fascia,3,2.306218
fashion,12,1.367183
fast_food,1,5.026893
fast_rep_shaker,4,3.168789
fasten,5,3.177946
fat,1,5.623789
fatigue,13,3.550390
fatigue_brain,6,1.116775
fatty,1,5.185826
fatty_food,1,5.166210
faucet,7,2.055131
fault,3,2.625648
fear,14,4.628312
fear_of_puke,14,3.714290
fear_of_throw_up,14,4.547370
fear_of_vomit,14,4.548857
fear_vomit,14,3.356227
feat,6,-0.124293
feature,9,3.284711
federal,9,2.044204
fee,8,5.118138
feed_off,12,1.973363
feel_a_bit,7,2.562811
feel_a_little,7,2.573534
feel_amazing,10,3.248764
feel_anxious,13,2.880596
feel_ashamed,11,2.809543
feel_awful,13,2.961000
feel_better,13,3.389660
feel_bloat,13,3.231249
feel_crappy,13,2.175959
feel_dumb,11,2.270092
feel_fine,7,2.602884
feel_full,13,3.091694
feel_horrible,13,3.055274
feel_hungry,13,2.697945
feel_like_a_balloon,7,1.891650
feel_like_a_lump,7,2.703697
feel_like_crap,7,1.775150
feel_like_garbage,7,1.772375
feel_like_my_body,15,2.225958
feel_like_shit,13,2.562983
feel_miserable,13,2.816520
feel_nauseate,13,2.852977
feel_nauseous,13,3.210797
feel_of_a_lump,7,2.767024
feel_of_fullness,13,3.327818
feel_ok,7,2.685966
feel_okay,7,2.796367
feel_optimistic,11,3.112052
feel_overly,7,1.244394
feel_pretty,7,2.506049
feel_queasy,15,1.769314
feel_sick,13,3.228578
feel_stuck,7,2.481155
feel_terrible,13,2.908106
feel_the_exact,11,1.965674
feel_tight,7,2.417358
feel_tired,7,2.243908
feel_uncomfortable,13,3.120597
feel_unwell,7,1.498941
feel_validate,11,3.818620
feel_weak,7,2.356588
feel_weird,7,2.717123
feel_worse,13,3.906061
fees,8,5.123515
fellow_frog,6,-0.087275
female,14,4.531050
feminine,6,0.081769
fennel,2,5.062554
fentanyl,5,4.266743
ferment,3,2.960260
fermentable,1,5.402220
fermentation,3,2.943770
ferrous_fumigate,2,6.389615
fetal_position,4,2.985292
fever,7,2.297679
few_people,11,0.858478
few_second,7,1.209906
few_time,15,3.472776
fiber,2,5.305920
fibre,1,5.437599
fibromyalgia,12,2.774830
fibrous,3,2.093695
field,9,3.761752
fifteenth,8,4.090266
fight_against,3,0.915385
fight_or_flight_response,7,0.833259
figure_id_share,11,3.786963
figure_out_how,10,2.370007
figure_out_why,15,2.448613
file,8,4.287485
fill_up_with_air,3,1.787464
fill_with_air,3,2.214385
fill_with_gas,7,1.147661
final_update,9,1.776011
finally_decide,11,3.498563
finally_get,11,4.272894
finally_realize,14,3.619452
financial,8,4.645096
find_a_couple,9,1.730415
find_a_hiatal,12,3.690555
find_myself,13,2.519675
find_on_youtube,4,3.329559
find_relief,11,4.112010
find_some_relief,11,4.239954
find_somewhere,9,2.440962
find_this_community,11,4.483941
find_this_forum,11,3.584500
find_this_page,11,4.165513
find_this_thread,11,3.929849
find_you_guy,11,4.222318
find_yourself,6,0.469319
finger_cross,11,4.573395
finger_cross_for_us,11,2.218946
finger_cross_it,11,4.245022
finger_down_my_throat,15,2.700866
finger_down_throat,15,2.065679
finger_in_my_throat,15,2.400736
finger_in_your_throat,6,-0.121007
finger_method,15,2.705484
finger_x,11,3.869149
finish_meal,13,1.131074
firm,4,3.018958
firm_believe,12,1.915514
first_appointment,8,4.326194
first_appointment_with_doctor_spiegel,9,2.098304
first_consultation,8,3.989305
first_day,10,2.613357
first_dose,8,4.224607
first_grade,14,4.035802
first_injection,8,4.320060
first_instance,9,3.199362
first_micro,10,3.093643
first_month,10,3.223485
first_one,8,4.250405
first_person,9,2.946325
first_round,8,4.216101
first_shot,8,4.072778
first_sign,10,2.341320
first_time_around,8,3.909680
first_time_poster,11,2.742368
first_time_round,8,3.727728
first_trimester,13,1.218825
first_visit,9,3.372074
first_week,10,3.183329
fish_oil,2,6.232017
fish_oil_supplement,2,6.374555
fissure,6,1.372563
fit_better,7,1.788036
five,10,2.204714
five_day,10,2.717971
five_time,15,3.349394
five_year,14,3.265293
fix_r_cpd,12,1.481119
fix_the_root,12,2.220412
fizz,1,4.731723
fizzy,1,4.731325
fizzy_drink,1,4.412404
fizzy_water,1,4.521946
fl,9,3.226501
flaccid,3,2.444770
flair,9,2.706646
flair_up,13,2.024929
flap,3,2.875878
flare,13,2.607087
flare_up,13,3.905652
flat,4,3.052347
flat_belly,13,2.495616
flat_tummy,7,1.947262
flat_water,1,4.272058
flatten,4,2.811597
flatulence,13,4.132381
flatulence_decrease,13,2.271765
flatus,13,0.947564
flex,4,3.042207
flex_my,4,2.667201
flex_my_ab,4,2.487532
flex_my_stomach,4,3.076006
flex_your,4,3.076029
flexible,5,4.564863
float,3,2.565121
flonase,2,6.574619
flood,6,-0.517218
floppy,3,2.761251
florida,9,3.876406
flower,6,0.729063
flu,13,2.947846
fluctuation,6,0.786669
fluid,1,4.480193
fluoroscopy,9,2.859763
flush,7,2.445054
flutter,7,1.985478
fly_back_home,8,3.627552
fly_to_chicago,8,4.446921
foam,4,2.915114
foamy,7,2.349385
focus_on_breathe,4,3.163627
focus_on_stay_hydrate,6,0.634333
fodmap,2,5.329863
fodmap_diet,2,5.485511
fog,6,1.978207
folate,12,1.249044
fold,4,2.424955
folk_on_here,9,1.841338
folk_who,9,2.249271
follower,11,2.839890
food,1,5.371886
food_allergy,12,3.235221
food_and_drink,1,5.017780
food_and_liquid,7,2.454476
food_diary,2,5.663875
food_down,1,5.257813
food_elimination,2,5.059874
food_get_stuck,7,2.758489
food_go_down,1,5.255302
food_hang,7,2.734117
food_in_my_mouth,1,4.039022
food_intake,1,4.942244
food_intolerance,12,3.488681
food_liquid,3,2.287800
food_or_liquid,7,2.610409
food_poison,14,4.186620
food_stuck,7,2.762858
fool,11,3.134873
footage,9,3.405767
force,4,2.454987
force_air,4,2.977257
force_behind,15,1.094348
force_myself,15,3.072028
force_myself_to_gag,15,2.396051
force_on_colon_wall,3,2.231532
force_out,15,2.033476
force_them,4,2.577420
force_them_out,4,2.742057
force_yourself,15,2.601214
forcefulness,12,2.635017
forehead,6,1.026839
forever_grateful,11,3.595225
formation,13,0.959839
former_noburper,11,1.990569
forum,11,4.523891
forward,4,3.349399
forward_a_bit,4,3.202910
forward_head,12,1.665435
forward_head_posture,12,1.386011
foundation,9,2.791722
four_day,10,2.935619
four_week,10,2.902655
fourth_grade,14,3.501385
fourth_try,11,1.878301
frail,12,2.064500
france,9,4.059828
frantic,6,-0.083393
freak_love,1,3.887685
freak_out,14,4.170167
freak_out_by,11,2.616707
frequent,13,3.508211
frequent_diarrhea,13,2.833367
frequent_urination,13,1.452954
frequently,13,3.098347
friday,8,4.330546
friend_house,7,2.685451
friendly,8,4.196539
frig,11,2.361744
frighten,15,1.480163
froedert,9,3.333910
frog,15,3.962134
frog_croak,15,3.520212
frog_croak_noise,15,3.958385
frog_noise,15,4.534002
frog_noise_in_my_throat,15,2.141432
frog_sound,15,3.944951
frog_throat,15,3.357435
front,4,3.291710
front_face,10,3.038284
front_of_my_neck,5,4.085055
front_of_your_neck,5,4.263217
frothy,7,2.361616
fructose,1,4.744682
fruit,1,5.794945
fruit_and_vegetable,1,5.235995
fruit_juice,1,4.856899
fruity,1,4.480205
fry,1,5.798021
fry_food,1,5.313799
fuck,15,4.096345
fuck_my_life,6,1.266368
fuck_suck,12,1.148000
fulfil,11,1.418723
full_anesthesia,8,4.563815
full_breath,2,5.375834
full_cover,8,4.876355
full_deep_breath,2,5.506198
full_extent,11,1.592040
full_fledge,10,2.619113
full_go_away,7,1.043724
full_of_air,3,2.512342
full_of_gas,3,2.529398
full_price,8,4.435116
full_recover,10,2.144526
full_relief,10,2.585783
full_spectrum,6,0.378351
full_stomach,1,4.271704
full_term,11,1.507978
full_wear_off,10,3.406463
fullness,13,3.699664
fun,7,2.886880
fun_fact,14,3.795103
function_correct,3,3.002165
functional,12,2.424222
functional_dyspepsia,12,2.867791
functional_medicine_doctor,9,1.762445
fund,9,4.201955
fundamental,9,1.996603
funding,9,3.960249
fundoplication,12,2.126156
funny,15,4.263165
funny_noise,15,4.213797
furniture,4,2.793502
fusion,6,1.538552
fuzzy,7,1.891641
ga,8,4.927745
ga_procedure,8,3.483739
gad,12,2.843733
gag,15,3.113537
gag_a_lot,7,1.545432
gag_and_dry_heave,15,2.075162
gag_fit,15,2.190626
gag_method,4,1.866841
gag_myself,15,3.003182
gag_reflex,15,3.088340
gag_reflux,3,1.073497
gag_sensation,7,2.012042
gag_trick,15,2.775779
gag_yourself,15,2.191397
gain_weight,7,2.620098
gall_bladder,12,0.734130
gallbladder_issue,12,2.668825
gallbladder_remove,13,0.982216
gargle,15,4.342258
gargle_sound,15,3.592192
gargouillement,6,2.973875
garlic,1,5.279251
garlic_onion,1,5.061117
gas,3,2.626488
gas_bubble,3,2.409278
gas_build_up,3,2.262796
gas_buildup,13,3.000348
gas_cramp,13,2.756183
gas_escape,3,1.618458
gas_in_colon,3,2.340902
gas_in_my_stomach,3,2.300836
gas_induce,1,4.927834
gas_inside,3,1.649219
gas_move,3,2.378222
gas_pain,13,4.113771
gas_pass,4,2.919443
gas_pressure,3,2.779293
gas_produce,1,5.017619
gas_production,3,2.487336
gas_release,15,2.124004
gas_rise,3,2.097314
gas_stuck,7,1.758409
gas_trap,13,2.521254
gas_trap_inside,3,2.049205
gas_x,2,6.418917
gaseous,3,2.723112
gaseous_distension,12,1.168477
gaslight,9,3.019602
gaslight_by,9,2.651157
gasp,15,3.299169
gasp_for_air,7,2.488633
gassy,13,3.189643
gassy_food,1,5.479888
gastric,3,2.688876
gastric_burp,15,2.013255
gastric_empty_study,9,2.666920
gastric_empty_test,9,2.765973
gastric_sleeve_surgery,14,2.781951
gastritis,12,3.834633
gastro,9,3.920807
gastro_doctor,9,3.534040
gastro_issue,12,3.482222
gastro_specialist,9,3.493877
gastro_symptom,12,1.975810
gastro_who,9,2.877464
gastroenterologist,9,3.892662
gastroenterologist_who,9,3.352938
gastroenterology,9,3.792594
gastroesophageal,6,1.458247
gastroesophageal_reflux,12,1.492829
gastroesophageal_reflux_disease,12,1.608481
gastrointestinal,12,2.970569
gastrointestinal_issue,12,3.328545
gastrointestinal_system,6,1.281743
gastroparesis,12,3.894297
gastroptosis,9,1.474488
gastroscopy,9,3.038682
gasx,2,6.238245
gatorade,1,5.002195
gaviscon,2,7.328291
geez,11,2.781145
gel,1,5.322816
gen,5,3.657024
gender,12,2.135596
general_anaesthesia,8,4.319384
general_anesthesia,8,4.924860
general_anesthetic,8,4.893681
general_anxiety,12,2.839860
general_combien_unite_de,6,1.265005
general_discomfort,13,3.307293
general_physician,9,3.361888
general_population,12,3.104177
general_practitioner,9,3.746469
general_public,12,1.655547
generalize_anxiety_disorder,12,2.045414
generate,3,1.760310
generic,2,5.626293
generous,9,1.933537
genet,5,3.266316
genetic,12,3.687128
genetic_analysis,9,2.600162
genetic_factor,9,2.322342
genetic_test,9,1.243877
genetic_thing,12,2.023301
genetics,12,2.909180
gentle,4,3.285679
gentle_press,4,2.750595
gentle_rub,4,3.157911
gentleman,9,1.920556
genuine,11,4.229423
genuine_believe,12,2.311269
george_washington_university_hospital,8,3.380635
gerd,12,3.872965
gerd_acid_reflux,12,3.268060
gerd_and_ibs,12,1.981169
gerd_and_r_cpd,12,2.984672
gerd_lpr,12,2.871805
gerd_symptom,12,3.239534
germany,9,4.150025
get_100_unit,8,4.158603
get_a_cold,7,2.302013
get_a_referral,9,4.065421
get_a_wedge,2,3.916155
get_catch,7,2.805549
get_diagnose,9,3.349398
get_discourage,11,3.194254
get_drunk,1,3.894655
get_mine,8,4.405658
get_nauseous,13,3.155113
get_old,14,3.952392
get_pregnant,14,3.405300
get_refer,9,4.055295
get_rid,3,2.012511
get_sick,15,3.495336
get_stomach_ache,13,3.111999
get_stuck,7,2.528049
get_tired,7,2.273477
get_trap,3,2.342144
get_up_and_microwave,7,1.944142
get_use,10,2.680314
get_worse,13,3.686543
get_worse_with_age,12,3.499788
gi,9,3.902178
gi_doc,9,3.950835
gi_doctor,9,3.923833
gi_issue,12,3.939333
gi_problem,12,3.284614
gi_referral,9,2.844357
gi_specialist,9,3.965160
gi_symptom,12,3.342962
gi_system,13,0.943686
gi_test,9,2.892673
gi_tract,3,2.773175
gi_who,9,3.403827
giant_burp,10,2.591984
giddy,11,3.322354
gigantic,15,2.259609
gin,1,4.817408
ginger,2,5.753114
ginger_ale,1,4.895823
ginger_beer,1,3.476715
ginger_chew,2,5.164044
ginger_tea,2,5.698250
gird,12,2.668445
girl,15,4.334649
gis,9,3.826863
give_your_body,4,1.690790
glad_to_hear,11,4.612052
glad_you,11,4.658755
gland,3,2.485858
glass,1,4.862962
glass_of_water,1,4.483377
globus,13,2.528837
globus_sensation,13,3.044245
gluten,1,5.508864
gluten_and_dairy,2,5.052497
gluten_dairy,2,4.918910
gluten_free,2,5.091184
gluten_free_diet,13,1.188582
gluten_intolerance,12,3.269055
gluten_intolerant,12,2.970938
glycerin,6,1.845833
glycinate,6,1.592839
gnarly,3,0.344990
gnaw,13,2.831034
go_along,11,2.143035
go_down,1,5.139545
go_keto,1,4.227155
go_private,9,4.175522
go_strong,10,3.185704
go_swim,7,1.469878
go_to_a_gastroenterologist,9,3.414456
go_to_bastian,8,4.397916
go_to_bed,7,3.249454
go_to_burst,7,1.910677
go_to_bvi,8,4.439112
go_to_chicago,8,4.509307
go_to_doctor_bastian,8,4.450890
go_to_doctor_spiegel,9,2.511575
go_to_sleep,7,3.188043
go_to_the_bathroom,15,2.921637
go_to_the_restroom,7,1.099153
go_to_the_toilet,15,2.964275
go_under,8,4.981202
go_vegan,13,1.068088
go_wrong,9,1.724557
god_awful,15,2.582367
god_forbid,6,0.660598
goddamn,11,1.704388
godzilla,15,3.009676
good_alternative,1,3.387917
good_chance,9,2.053132
good_decision,11,2.941247
good_lord,11,2.426195
good_luck_on_your_journey,11,3.112203
good_money,8,4.833077
good_news,11,3.802008
good_outcome,11,3.869087
good_posture,4,3.255977
good_resource,9,2.900217
good_samaritan,9,2.622604
good_success_rate,8,3.154814
good_to_hear,11,4.401507
good_to_know,11,4.463256
good_vibe,11,3.256534
goodbye,11,2.844071
goodness,11,3.204474
goods,1,4.157876
goody,6,0.996313
gord,12,3.456800
government,8,4.033726
gown,5,4.701750
gp,9,4.145663
gps,9,3.909327
grab,4,2.958700
grab_something,15,1.507450
grace,6,1.495039
gracias,6,2.400768
grade_school,15,2.486177
gradual,10,3.094761
gradually_get_better,10,2.351659
gradually_get_worse,14,2.488844
gradually_over,10,1.931266
gradually_worse,13,1.354928
grain,1,5.376850
granola_bar,1,4.067355
graphic,9,2.539751
grasp,15,2.268590
grateful,11,4.547525
gratitude,11,3.809723
grave,6,0.850045
gravelly_voice,7,1.746691
gravity,4,3.079749
gravol,2,6.374374
grease,1,5.551165
greasy,1,5.161569
greasy_food,1,5.306922
great_choice,9,1.024893
great_community,9,2.353547
great_deal,6,0.214457
great_difficulty,12,2.385898
great_improve,14,2.096455
great_news,11,4.270451
great_ormond_street,11,0.634446
great_point,11,3.035187
great_shape,13,1.474055
great_sign,10,2.920386
great_so_far,8,3.297808
great_success,8,3.344937
great_to_hear,11,4.585715
greek_yogurt,1,5.070677
green_tea,1,5.101978
greet,6,0.685051
greeting,9,2.413633
grief,12,1.910942
grill_cheese,1,5.656342
grimes,11,1.803639
grin,6,0.490905
grind,3,1.508748
grind_my_tooth,12,1.468087
grip,4,2.582882
grip_sock,5,4.570337
groan,15,4.058517
groggy,7,2.599416
gross,15,3.790330
gross_but,15,3.207739
gross_out,15,3.494975
ground_beef,1,4.144524
group,11,4.525647
group_chat,9,2.413765
grow_old,12,2.091709
grow_out,14,4.673984
grow_up,14,4.895906
growl,15,4.352790
growl_noise,15,3.669110
growth,12,1.249439
grumble,15,3.872858
grunt,15,2.940351
grupo,6,1.582327
guardian,9,2.080697
guest,6,0.532873
guide_injection,8,3.325778
guinness,1,4.736558
gulp,1,5.115165
gum,1,5.614258
gummy,2,4.787693
gurgle,15,4.323790
gurgle_a_lot,15,2.250138
gurgle_and_croak,15,3.179162
gurgle_attack,15,1.208966
gurgle_croak,15,4.344988
gurgle_episode,7,1.343589
gurgle_frog,15,3.719707
gurgle_like_crazy,15,1.941671
gurgle_noise,15,4.556046
gurgle_sound,15,4.502941
gurgler,14,2.440323
gurgly,13,3.158586
guru,9,3.366136
gut,3,2.851040
gut_flora,3,2.378150
gut_health,12,2.112672
gut_issue,12,3.177007
gut_microbiome,12,2.012696
gut_motility,2,4.778373
guttural,15,2.425503
gwu,8,3.816671
gwuh,9,2.479778
gymnast,14,3.417753
gynecologist,12,2.031465
h2_blocker,2,7.135866
h_pylori,12,3.565945
h_pylori_test,9,2.520158
habit,4,2.295703
hagen,5,4.091328
hahaha,15,4.172094
hahahaha,11,3.178841
hair_net,5,4.545916
hairnet,5,4.445105
half_way,4,1.551079
half_way_through,7,2.326102
halfway,6,1.853335
hallmark,12,1.299200
hamah,6,0.273372
hamilton,9,1.415779
hamstring,3,2.260069
hand_and_knee,6,1.659710
hang,4,3.275656
hang_in_there,11,4.337951
hang_out_with_friend,7,2.090168
hang_over,7,1.430041
hangover,13,2.545566
hank_green,9,2.233979
happen_a_lot,15,1.935806
happen_automatic,15,1.477304
happen_natural,10,2.139234
happen_on_its_own,4,2.030875
happen_on_their_own,15,2.065867
happen_spontaneous,15,2.196911
happy,11,4.691250
happy_cake,10,1.835534
happy_tears,11,3.191767
happy_to_answer_any_question,11,4.527967
happy_to_hear,11,4.544673
happy_to_share,11,3.596622
har,5,5.090318
hard_liquor,1,4.600905
hard_time,1,4.266836
hard_time_breathe,7,1.974152
hard_to_breath,15,3.884385
hard_to_breathe,13,3.597098
hard_to_control,7,1.406647
hard_to_describe,15,1.669476
hard_to_swallow,1,5.561181
hard_to_talk,7,1.111053
hardly_any,10,2.049594
hardly_eat,1,3.483403
hardly_ever,13,2.963898
harness,10,2.406707
harrowing,13,2.172736
harsh,7,0.786097
hashimoto,12,2.828655
hate,15,3.980064
hate_my_body,13,2.108416
hate_throw_up,14,3.475527
hate_vomit,14,3.801367
have_a_cold,7,2.299496
have_a_egd,9,2.740594
have_a_handful,10,2.753322
have_a_hiatal,12,3.845388
have_a_hiatus,12,3.821577
have_a_lump,7,2.756361
have_abdomino_phrenic,12,2.028025
have_bcbs,8,4.700808
have_be_able,10,3.048319
have_food_poison,14,3.845572
have_no_clue,9,3.503805
have_r_cpd,12,4.165461
have_the_ability,10,2.750000
have_trouble,1,4.132276
havoc,3,2.264891
hawaii,9,1.320246
hay,5,3.466871
hca,8,4.338421
hca_shard,9,2.662739
hcl,2,6.616518
he_immediately,9,3.131666
he_inject,8,3.997138
he_mention,9,3.592423
he_offer,8,3.277528
he_prescribe,2,7.411772
he_put,9,2.731192
he_recommend,8,3.659266
he_refer,9,3.833886
he_require,9,3.165585
he_spray,5,4.673225
he_suggest,9,2.946562
head_and_torso,2,4.020732
head_cold,13,1.689571
head_forward,4,3.124980
head_left,4,3.292019
head_movement,4,3.328716
head_neck,4,2.968752
head_position,4,3.341230
head_shake,15,1.157237
head_sideways,4,2.767398
head_slightly,4,3.177156
head_tilt,4,3.275506
head_turn,4,3.143890
headache,13,3.744797
headache_fatigue,6,1.037074
healing_process,11,2.035200
health_anxiety,12,3.068221
health_care,8,4.080675
health_condition,12,2.808278
health_insurance,8,4.543688
health_insurance_cover,8,4.436312
health_insurer,9,2.339101
health_issue,12,4.019941
health_problem,12,2.734720
health_related,12,1.762079
health_risk,9,1.279497
healthcare_professional,9,2.164973
healthcare_provider,9,3.120650
healthy_person,7,0.827307
healthy_weight,14,2.702930
hear_about,11,4.435780
heart,3,2.864781
heart_burn,13,3.689067
heart_issue,12,2.333755
heart_monitor,9,2.557756
heart_palp,12,1.546741
heart_palpitation,13,3.761309
heart_problem,12,2.543456
heart_race,13,1.536015
heart_rate,3,2.124902
heart_related,6,1.323602
heartbeat,7,1.915494
heartburn,13,3.701998
heartburn_acid_reflux,13,1.990399
heartburn_and_reflux,13,1.728229
heartburn_indigestion,12,1.555286
heartburn_medication,2,6.860448
heartburn_reflux,13,1.717951
heat_pad,4,2.858598
heat_therapy,4,2.768525
heave,15,3.166893
heave_gag,7,0.358421
heaven,11,2.395434
heaviness,3,1.810155
heavy_exercise,1,3.808725
heavy_meal,1,4.183764
heds,12,3.750239
heel_drop,4,2.532857
hehe,11,1.697742
heighten,13,3.008743
hella,11,2.734442
hello_everybody,11,2.166555
hello_fellow_no_burper,11,3.585882
hello_fellow_noburper,14,2.614576
hello_friend,11,1.511880
help_a_bit,2,5.892190
help_a_little,2,5.677599
help_a_lot,2,5.716399
help_loosen,4,2.910154
help_prevent,2,4.906084
help_reduce,3,2.602342
help_relieve,13,3.053393
helpful,9,3.323819
helpful_response,9,1.577489
helpful_tip,9,2.486369
hence,12,2.545622
her_clinic,9,3.199568
her_office,8,4.185971
her_own,9,2.553289
her_patient,8,3.783575
her_receptionist,9,2.254115
her_room,7,1.460370
her_stomach,7,1.765322
her_website,9,3.520430
herb,2,5.281585
herbal,2,5.347405
herbal_tea,1,4.733143
here_in_canada,9,3.285277
here_who,9,3.047662
hereditary,12,3.336844
heritable_the,9,2.277353
hernia,12,3.872655
hernia_and_gerd,12,3.362895
hernia_gerd,12,3.061635
hernia_repair,12,1.985193
hernia_which,12,3.376191
hesitant,9,1.912075
hey_there,11,4.002989
hh,12,3.229587
hi_op,9,2.225280
hi_sorry,11,3.469098
hi_there,11,3.973056
hiatal_hernia,12,3.923779
hiatal_hernia_and_no_burp,12,1.490513
hiatal_hernia_be,12,3.315754
hiatal_hernia_etc,12,2.856981
hiatal_hernia_gerd,12,2.437483
hiatal_hernia_repair,13,1.529486
hiatal_hernia_so,12,1.918066
hiatal_hernia_which,12,2.469283
hiatus_hernia,12,2.739047
hiccup,15,4.169044
hiccup_a_lot,13,2.196197
hiccup_attack,15,2.449283
hicklin,8,4.262550
hicklin_in_wimbledon,8,3.851608
hida_scan,12,1.754009
hide,15,2.769280
hier,5,3.795462
high_amount,9,1.773592
high_blood_pressure,12,1.762027
high_deductible,8,4.825117
high_dosage,8,3.815386
high_dose,8,4.057903
high_end,9,1.865282
high_fat,1,5.022530
high_fiber,1,4.992305
high_fibre,1,4.894066
high_five,11,3.043501
high_fodmap_food,1,5.087351
high_heart_rate,13,1.931992
high_hope,11,2.915885
high_incidence,12,1.867049
high_likelihood,9,1.209078
high_metabolism,12,1.883244
high_note,7,1.522341
high_percentage,12,2.461053
high_pressure,3,2.864216
high_protein,1,4.617139
high_resolution_esophageal_manometry,12,1.493647
high_risk,12,1.737453
high_success_rate,8,4.153292
high_unit,9,1.845790
high_waist,7,2.041388
highlight,9,2.818431
highly_consider,9,1.858530
highly_suggest,6,-0.426888
highmark,9,2.271056
hilarious,15,4.211328
hinder_my,13,1.815813
hip,4,2.921798
hippie,6,1.092922
hirschsprung,12,1.792492
his_chest,3,2.266097
his_name,9,3.981260
his_nurse,8,3.643242
his_office,8,4.306023
his_opinion,9,1.890288
his_pa,8,3.750440
his_patient,8,3.758974
his_success_rate,8,3.620449
his_throat,3,2.135367
his_video,9,3.294512
his_website,9,3.746309
hispania,6,1.635509
histological_abnormality,6,1.346691
history,12,3.999846
hit_my_throat,3,1.588374
hive,13,1.843918
hm,11,2.614139
hmo,8,4.266669
hoarse,7,2.431939
hoarse_voice,7,1.844711
hoarseness,7,1.554634
hock,6,1.254661
hoesli,8,3.520425
hola,6,2.544748
hold_your,4,2.800287
holdgraf,6,1.171832
hollow,4,2.277863
holmes,8,3.934340
holy_cow,11,1.787534
holy_crap,11,3.338044
holy_shit,11,3.263503
holy_shit_i,11,3.291550
home_remedy,4,2.857161
homeopathy,9,1.897909
homie,11,2.594210
hone,10,2.370530
honor,9,2.202373
hook_up,5,4.652933
hoop,9,4.028131
hope_everything,11,4.485264
hope_ill,11,4.408211
hope_someday,11,3.458996
hopeful,11,4.558792
hopeful_that,11,4.035927
hopeless,11,3.025875
horizontal,4,3.048326
hormonal,12,1.659616
horrendous,13,3.739362
horrible,13,3.904424
horrible_condition,11,3.175501
horrible_experience,14,3.761941
horrible_hypersalivation,13,2.645185
horrible_pain,13,2.377807
horrid_symptom,14,2.893430
horrific,13,3.719140
horror_story,9,2.618316
horse_pill,1,4.144993
hospital,8,4.827504
hospital_fees,8,4.883005
hospital_gown,5,4.745939
hospitalize,13,2.455212
hot,1,5.458621
hot_bath,2,5.400205
hot_beverage,1,4.184829
hot_drink,1,4.826518
hot_flash,13,1.706950
hot_shower,2,5.547421
hot_soup,1,4.723140
hot_tea,1,4.563881
hot_water,1,5.062074
hot_water_bottle,4,2.774587
hotel,8,4.814887
hotel_stay,8,4.512711
hour_after_eat,1,4.321811
hour_and_hour,13,2.247457
hour_before,1,4.485287
hour_on_end,15,2.141520
household,14,2.467903
hover_over,15,1.838292
how_effective,9,1.830382
how_excite,11,3.395524
how_grateful,11,3.768384
how_many_unit,8,3.984779
howdy,11,2.704157
hug,6,0.060597
huge_burp,10,3.444691
huge_discomfort,13,1.692580
huge_relief,14,2.463231
huge_relieve,10,2.745438
hum,4,2.990138
humanity,11,2.015768
humiliate,7,1.605930
hummus,1,5.177115
hunger,13,3.433742
hunger_pain,13,2.351879
hungry,13,3.210986
hungry_again,7,2.551091
hurl,15,2.542831
hurt,7,2.533982
hurt_a_little,7,2.659692
hurt_my_chest,15,1.549415
hurt_my_neck,4,3.087427
hurt_my_throat,15,1.652247
hurt_so_bad,13,2.886870
hurt_yourself,6,0.159547
hus,9,3.523836
hyatt,6,1.854761
hydrate,1,4.743973
hydrogen,12,0.672614
hydrotalcite,9,1.435034
hyoid_bone,3,2.365066
hyper_mobility,12,2.928663
hyper_salivate,7,1.991390
hyper_salivation,13,3.096955
hyperemesis,14,3.720219
hyperhidrosis,6,0.441416
hypermobile,12,3.478368
hypermobility,12,3.323518
hypersalivate,7,2.062246
hypersalivation,13,3.888402
hypersensitive,13,1.220384
hypersensitivity,12,2.303574
hypertensive,12,2.044513
hypertonia,12,2.433112
hypertrophy,6,1.455956
hyperventilate,7,1.685156
hypnosis,9,2.564416
hypnotherapy,4,2.339545
hypothesis,12,3.010572
hypothesize_that,12,2.069004
hypothyroidism,12,2.819633
hysteria,11,1.465460
i_off_guard,15,2.670736
ibd,12,3.114911
ibs,12,3.903216
ibs_and_gerd,12,3.101154
ibs_c,12,2.522592
ibs_d,13,2.211902
ibs_etc,12,2.701305
ibs_gerd,12,3.003243
ibs_medication,2,7.241415
ibs_sibo,12,2.667752
ibs_symptom,12,3.741747
ibs_which,12,3.157024
ibuprofen,2,6.082724
ice_chip,1,4.530733
ice_coffee,1,4.849292
ice_cream,1,5.769057
ice_tea,1,4.669401
ice_water,1,4.172924
ich,5,5.074658
icky,7,1.774176
icky_feel,7,0.442769
id_argue,12,1.061036
id_assume,11,0.981339
id_estimate,6,0.133698
id_highly_recommend,9,2.309903
id_imagine,12,2.190975
id_love_to_be_able,9,2.055755
id_love_to_hear,11,4.419448
id_say,10,2.937638
identify_trigger,1,4.302179
identity,11,1.538046
idiopathic,12,2.082940
idiot,9,2.182748
if_left_untreated,12,3.339574
if_you_be_able,9,4.101109
if_you_click,9,3.524202
ignorance,12,2.111290
ignorant,9,2.397730
ignore,9,3.317698
ike,6,1.535129
ileus,12,2.333166
ill_admit,11,1.451895
ill_continue,11,4.078149
ill_message,11,1.969786
ill_post,11,4.499327
ill_update,11,4.472704
illinois,9,4.033809
illness,12,3.918393
illustrate,9,2.179615
illustration,6,1.234622
image,9,3.503980
imagine_what,15,2.253054
imaging,9,2.824977
imbalance,12,2.542697
immediate_relief,10,2.449744
immediately_after_eat,7,2.938653
immediately_after_surgery,7,1.183329
immediately_afterwards,15,1.038069
immense,13,3.415096
immense_better,11,1.681324
immobility,12,1.718328
immune,12,2.692084
impact_on_my_life,14,2.812371
impairment,12,2.740130
impatient,11,3.685916
implant,12,1.046073
implication,12,2.010440
imply,12,2.331603
imply_that,12,2.492811
important_event,7,1.163539
important_factor,9,1.308294
improper,3,2.192398
improve_a_lot,13,1.631559
improve_drastic,14,2.266169
improve_my_quality,11,3.163209
improve_so_much,11,3.056435
improve_your_quality,11,3.173420
improvement,10,2.756455
inability_to_belch,12,3.371219
inability_to_burp,12,4.197488
inability_to_burp_but,12,3.577918
inability_to_burp_cause,12,2.262905
inability_to_burp_since,12,2.629376
inability_to_pass,13,2.556285
inability_to_relax,3,2.364028
inability_to_swallow,12,1.968268
inability_to_vomit,12,3.116891
inaccuracy,9,1.204616
inadvertent,15,2.059636
inappropriate,12,1.470986
inc,9,2.330609
incapacitate,13,1.788522
incessant,13,2.518023
incidence,12,3.089958
incident_where,7,2.860826
incline,4,2.777084
incompetent,9,2.468684
incompetent_doctor,9,2.947417
incomplete,13,1.617805
inconsistent,10,2.930012
inconvenient,11,2.161610
increase,13,3.336151
increase_abdominal,3,2.126454
increase_awareness,9,2.406282
increase_flatulence,13,3.149789
increase_gas,12,2.527515
increase_in_severity,14,3.390369
increase_pressure,3,2.536630
increase_reflux,12,1.451881
increase_risk,12,2.200086
increase_stomach,3,2.644266
increase_worse,13,3.203874
increase_your,12,3.460298
incredible_bloat,13,2.230752
incredible_common,12,1.838961
incredible_hard,15,3.804481
incredible_helpful,9,2.670864
incredible_nauseous,13,2.680828
incredible_pain,15,2.163652
incredible_rare,11,0.908511
incredible_sore,7,2.608069
incredible_tight,3,2.079687
incredible_uncomfortable,7,2.157305
incremental,10,2.679116
indent,6,1.456852
independent,9,2.813192
index_finger,6,2.250106
indiana,9,3.072665
indianapolis,9,3.054599
indicate,12,2.949216
indicate_that,9,1.508941
indication,12,2.404380
indication_that,9,1.072258
indigestion,13,3.895580
indirect,12,2.214713
individual_funding_request,9,2.893292
induce,15,2.818554
induce_air_vomit,15,1.629577
induce_vomit,15,2.350632
indulge,1,4.099956
ineffective_esophageal_motility,12,2.203163
inefficient,13,1.206508
infancy,14,4.595401
infect,6,1.045377
infection,12,3.560957
inflame,3,2.668027
inflammation,12,3.149065
inflammatory,12,2.411266
inflate,3,2.856384
inflate_like,7,1.768348
influence,12,3.174090
information,9,3.791030
information_about,9,3.724146
infuriate,11,1.247682
ingest_air,1,3.749322
ingest_more_air,1,3.560239
ingredient,1,5.585340
inguinal,12,1.742370
inhale,4,2.516851
inhale_deep,4,2.791070
inherently,12,2.171040
inhibitor,2,7.530955
initial_appointment,8,4.405668
initial_consult,8,4.298009
initial_consultation,8,4.673191
initial_contact,9,1.992611
initial_deny,8,4.715982
initial_dose,8,3.349203
initial_visit,8,4.188719
initiate,4,2.676628
initiative,2,6.158314
inject,8,4.340060
inject_100_unit,8,4.083126
inject_botox,3,2.871045
inject_into,8,4.257581
injection,8,4.668761
injection_into,8,4.248160
injection_itself,8,3.400285
injection_site,5,4.000931
injection_through,8,4.512380
injection_under,8,4.198641
injector,9,1.602050
injury,3,2.667567
inner_ear,13,2.237022
insane,13,3.486064
insane_amount,13,3.237869
insane_bloat,13,3.201212
insecure,15,2.427014
insensitive,11,1.223357
insert,5,4.764732
insert_into,5,4.322398
insertion,5,4.366379
inside_my_body,7,1.288790
inside_my_mouth,6,1.903734
insightful,9,2.140717
insist,9,3.737443
insist_that,9,3.127421
insomnia,12,2.793266
inspiration,11,3.248046
inspire_by,9,2.607875
instability,12,1.542758
instagram,9,3.019442
instant,15,2.874792
instant_relief,10,2.358884
instinctual,15,2.450595
instructor,6,0.859274
instrument,5,4.264518
insufficient,12,2.374188
insurance_approve,9,2.584600
insurance_company,8,4.585140
insurance_cover,8,5.232871
insurance_cover_everything_except,8,4.215163
insurance_plan,8,4.527584
insurance_will_cover,8,4.811616
insure,8,4.243067
insurer,8,4.436005
intel,11,2.859389
intend,3,1.885692
intense,13,3.903327
intense_anxiety,7,1.398722
intense_bloat,13,2.796290
intense_chest,13,2.633738
intense_fear_of_vomit,14,4.080100
intense_nausea,13,3.674668
intense_pain,13,2.960902
intensity,13,3.192819
intentional,10,2.658130
interconnected,12,2.275559
interest_in_hear,9,2.129104
interest_in_learn,9,2.179634
interest_to_hear,11,3.982051
intermit,7,0.807442
internal,3,2.943227
internal_injection,8,4.146373
internal_pressure,3,2.199124
international,9,3.832184
interrupt_my,13,2.504722
intervene,6,0.056495
intestinal,3,2.702208
intestinal_gas,13,2.835552
intestine,3,2.832937
intestine_and_colon,3,2.417520
intimate,15,2.829911
into_action,4,2.706137
into_adulthood,14,2.935952
into_colon,3,2.508382
into_my_chest,4,2.364849
into_my_mouth,7,2.480008
into_my_nose,5,4.386899
into_my_stomach,3,2.626869
into_my_throat,4,2.515491
into_perspective,6,1.440887
into_place,4,3.002222
into_the_bathroom,6,0.546566
into_the_toilet,15,2.591231
into_your_neck,5,4.201965
intolerance,2,4.928719
intolerant,1,5.391367
intoxicate,15,2.339325
intra_abdominal_pressure,12,0.885516
intrusive_think,14,3.564631
intubate,8,3.557355
intubation,5,3.770196
intuit,11,0.397291
invalid,6,0.977424
invasive,8,2.795616
invasive_procedure,9,1.869148
investigate,9,3.476682
investigation,9,3.407234
invoice,8,5.011315
involuntary,10,2.850984
involuntary_air_vomit,15,2.140799
involuntary_burp,10,3.466221
involuntary_dry,7,0.814381
involuntary_gag,13,1.744966
involuntary_microburp,10,2.929133
involvement,12,2.302639
inward_burp,15,1.688241
inwards,4,2.455789
iowa,9,3.137721
ipa,1,4.656148
iqoro,9,1.866316
iron_pill,2,6.321457
iron_supplement,2,6.404075
irrational,12,2.100498
irrational_fear,14,3.690789
irregular,13,1.178359
irregularity,13,0.822994
irreversible,12,2.879804
irritable,13,2.854171
irritable_bowel,12,1.709890
irritate,7,2.237155
irritate_by,13,1.927017
irritate_my_throat,7,0.966939
irritate_throat,7,1.725445
irritation,7,2.039103
irritation_in_my_throat,6,-0.158741
irvine_ca,8,3.582965
issue_e_g,12,1.566693
it_in_the_meantime,9,2.954059
it_make_sense,3,2.750072
it_suck,11,3.768792
its_a_combination,10,2.354870
its_a_mixture,11,1.171394
its_amazing,11,4.356078
its_awful,13,3.150411
its_existence,9,2.211089
its_frustrate,11,3.427784
its_horrible,13,2.882172
its_impossible,15,1.590937
its_insane,14,2.497608
its_mainly,10,2.362251
its_not_necessitate,12,2.189281
its_not_pleasant,15,2.070878
its_not_uncommon,11,0.930884
its_own,4,2.530159
its_possible,12,3.801176
its_pure,12,2.793581
its_rare,11,1.518562
its_related,12,3.866118
its_ridiculous,15,2.970997
its_so_frustrate,11,3.398991
its_suppose,4,2.941555
its_the_worst,13,2.914875
its_unbelievable,11,1.925539
its_worst,7,2.379908
its_worth,9,3.973740
iu_health,9,2.540906
iud,1,3.176805
iv_for_dehydration,10,2.298613
iv_sedation,9,2.599438
jab,8,4.179227
jacket,7,1.514422
jag,5,5.345944
jai,5,5.058144
jan_2025_1,6,0.205783
jar,1,3.921662
jaw,4,3.016329
jaw_forward,4,3.169086
jaw_pain,7,1.887188
jaw_surgery,6,-0.025961
je_faisal,5,3.762386
je_pense,5,3.690992
jealous,15,3.740063
jealous_of_people_who,15,2.353250
jealousy,11,2.576607
jeans,7,2.081717
jeff,9,1.928628
jefferson_health,8,3.808998
jefferson_hospital,8,3.459105
jeg,5,5.106007
jello,1,5.720676
jester,6,2.353287
jitter,6,0.481714
jog,4,2.736582
john_hopkins,9,3.633852
join_reddit,11,3.695957
join_this,11,3.693312
join_this_sub,14,3.468439
joke,15,4.305161
joke_about,15,3.795998
joke_around,6,-0.042487
joker,6,1.053096
jolt_awake,7,2.416472
journal,9,3.567102
joy,11,4.423094
judge,11,3.168566
jug,7,1.494731
juice,1,5.300712
july,8,4.238672
july_2023,8,3.586827
july_25th,8,3.434629
july_twentieth,9,1.815468
jump_through,9,4.177595
junk_food,1,4.340140
just_a_bit,7,2.293825
just_a_little,7,2.494897
just_a_weirdo,11,3.201892
just_below,4,2.753051
just_curious,11,4.268730
just_dismiss,9,2.486549
just_dry_heave,15,2.976060
just_join,11,3.687794
just_saw,11,3.905877
just_sit,3,2.366820
just_stumble,11,3.726539
just_to_clarify,11,1.333198
just_want_to_share,11,4.612090
just_wonder,11,4.221929
justify,8,4.584240
jut,4,3.140376
jut_out,4,3.225556
k,6,0.312322
kaiser,9,4.092276
kaiser_doctor,9,3.128072
kaiser_insurance,9,3.233429
kaiser_mid_atlantic,9,2.367483
kamloops,9,1.943914
kansas_city,9,2.457905
karagama,8,4.268699
keep_in_touch,11,3.905429
keep_my_head,4,3.217644
keep_my_tongue,4,3.201546
keep_practice,10,2.506929
keep_stomach_content,3,1.618494
keep_the_ability,10,3.366006
keep_update,11,4.393013
keep_us_update,11,4.466095
keep_yourself,6,0.798448
keeper,11,2.342698
kefir,1,5.403249
kelowna,9,3.240515
kentucky,9,2.831600
keratosis,6,0.205091
ketchup,1,4.791270
keto,1,4.854165
keto_diet,2,5.128052
kicker,6,0.233337
kickstart,10,2.618573
kid_who,14,3.239379
kill,13,2.490145
kill_two_bird,9,1.856731
kind_of_funny,11,2.654739
kind_of_like,3,1.920305
kind_of_make_sense,6,-0.133555
kinda_hard,6,0.415774
kinda_like,4,2.337806
kinda_weird,7,0.877480
kink,3,2.576744
kiss,15,3.636355
kiss_the_ceiling,4,3.345276
kitchen,7,1.538817
kitkat,1,3.646355
klonopin,2,6.112377
kneel,4,2.833035
knife,6,2.165885
knock_out,8,4.813252
knot,3,2.294703
know_about,9,3.568594
know_doctor_bastian,9,3.160155
know_specialist,9,3.995312
know_to_treat_r,9,3.569196
know_what_to_expect,11,3.708865
knowledge,9,3.678965
knowledgeable_about,9,3.371039
knuckle,3,1.927223
ktc,4,3.371446
ky,9,2.585254
kyphosis,6,1.118024
l_theanine,2,6.530206
la,5,5.078958
la_croix,1,4.615591
lab,9,2.735055
labor,7,1.663243
lace,6,1.385374
laceration,6,2.401348
lack_of_ability,14,3.473493
lack_of_appetite,13,2.718414
lack_of_burp,12,3.727564
lack_of_information,9,1.707463
lack_thereof,11,1.747372
lacroix,1,4.528820
lactaid,2,6.298683
lactase,1,5.237837
lactose,1,5.478619
lactose_free,1,4.947588
lactose_free_milk,1,4.502313
lactose_intolerance,12,3.399728
lactose_intolerant,1,5.381456
lakeshore,9,1.591535
landscape,6,1.534044
lansoprazole,2,7.342514
laparoscopy,12,1.528002
large_amount,1,4.666819
large_amount_of_air,3,1.042980
large_belch,15,2.036830
large_bowel,12,1.509481
large_bubble,3,2.551683
large_burp,10,3.591091
large_dose,8,3.537813
large_gulp,2,5.898176
large_intestine,3,2.760357
large_meal,1,4.198931
large_pill,1,5.028087
large_scale,9,2.564673
large_volume,3,1.757251
laryngeal,12,1.473946
laryngeal_spasm,9,1.920058
laryngeospasm,12,1.534915
laryngitis,12,1.463447
laryngologist,9,3.807778
laryngology,9,3.709484
laryngopedia,9,3.674266
laryngopedia_com,9,2.606733
laryngopharyngeal_reflux,12,2.740530
laryngoscope,9,2.754551
laryngospasm,7,1.384623
laryngospasm_which,7,0.723591
larynx,3,2.728615
larynx_lower,4,3.343982
larynx_lower_exercise,4,3.339023
larynx_lower_exercise_search,4,3.220312
larynx_soft,4,2.978265
laser,8,4.222988
last_april,11,0.518564
last_august,8,3.415616
last_december,8,3.004310
last_effect,9,1.092364
last_for_hour,13,2.881228
last_meal,7,3.139945
last_month,8,3.722196
last_september,8,3.217425
last_summer,14,2.930096
last_tuesday,8,2.951506
last_year,14,3.630043
late_20s,14,3.576201
late_at_night,1,3.610897
late_august,9,1.915846
late_in_life,14,4.451253
late_march,8,3.847569
late_response,11,3.448955
late_teen,14,3.410149
late_teen_early_20s,14,3.230741
late_twenties,14,2.804603
lateral,6,1.511005
laugh,15,4.375665
laugh_really_hard,15,2.534573
laughter,15,3.252151
lax,3,2.960102
lax_les,12,2.681886
laxative,2,6.278315
lay,4,3.090044
lay_down,4,3.155609
lay_down_flat,4,3.127949
lay_down_in_bed,7,1.530945
lay_down_to_sleep,7,1.697808
lay_flat,4,3.207222
lay_in_bed,7,2.580243
lay_on_left_side,6,0.916193
lay_on_my,4,3.211203
lay_on_my_stomach,4,2.941800
lay_on_the_bathroom,6,0.514034
lay_on_the_couch,7,2.729566
lay_on_their,4,3.050498
lay_on_your,4,3.200922
le,5,5.052101
le_27_fever,5,3.213239
le_botox_sous_anesthesia,6,0.904769
le_botox_tu_avail,6,1.280157
lead_to_colon,3,2.204046
lead_to_sibo,12,2.492966
leafy_green,1,4.903412
leak_gut,12,2.192382
leak_into,3,2.869202
leak_out,3,1.846351
lean,4,3.347810
lean_back,4,3.302828
lean_down,7,1.747903
lean_forward,4,3.222680
lean_my_abdomen,6,1.735778
lean_over,4,2.949913
learn,4,2.141739
learn_about,11,4.334863
learn_behavior,12,1.884560
learn_how,4,2.104751
learn_how_to_burp,4,2.110642
learn_how_to_control,10,2.835926
learn_more,11,4.256799
learn_skill,4,1.440866
learn_to_burp,4,2.208712
learn_to_control,10,2.572721
learn_to_deal,14,2.981258
learn_to_live,14,3.295304
least_50,10,2.182306
least_a_little,11,2.004807
least_once,15,3.349056
leave_early,13,2.229546
leave_r_cpd,12,3.151123
ledge,6,2.061612
lee,9,2.267318
left_arm,3,2.121760
left_ear,4,2.242581
left_leg,6,1.187889
left_nostril,6,2.347882
left_or_right,4,3.251325
left_rib,3,2.119955
left_rib_cage,3,1.929213
left_side,4,3.198897
leg,4,2.352740
legitimate,11,3.031413
lego,6,2.760952
legume,1,4.748845
lemon_juice,1,5.655377
lemonade,1,5.020963
lend,9,1.936766
length_of_time,9,1.298196
lentil,1,5.270958
les,3,2.830606
les_dysfunction,12,1.766280
les_function,12,1.720026
les_lower_esophageal_sphincter,6,1.393463
les_open,3,2.517732
les_problem,12,1.627523
lesbian,11,2.073953
less_accurate,8,4.242559
less_acid,3,2.548737
less_air,3,1.999641
less_anxious,15,3.577128
less_bloat,15,1.869642
less_common,12,2.618406
less_effective,9,1.209642
less_flatulence,10,2.322387
less_frequent,10,3.247120
less_frequently,10,2.732797
less_gassy,1,3.368608
less_invasive,8,3.732612
less_nauseous,13,2.772709
less_often,15,1.989680
less_pain,15,1.597751
less_precise,8,4.383050
less_risk,6,1.677420
less_risky,9,2.027783
less_scared,11,2.663467
less_scary,15,3.454957
less_traumatic,15,2.825250
less_uncomfortable,7,1.786590
less_universal,12,2.217587
lessen,13,3.352059
lesser_know,9,1.795306
let_out,10,2.989758
let_out_a_few,10,3.018722
lethargic,7,1.905700
lethargy,7,0.502009
letter,9,3.978063
level_of_pain,13,1.853030
liable,6,1.405748
lidocaine,5,4.639907
lidocaine_spray,5,3.897288
lie_down,4,3.188511
lie_down_after_eat,7,2.466148
lie_down_flat,4,3.157165
lie_down_to_relieve,7,1.461010
lie_flat,4,3.199389
lie_flat_on_your,4,3.137832
lie_in_bed,7,1.821328
lie_on_my,4,3.219083
lie_on_my_stomach,4,2.875202
lie_on_your,4,3.139577
life_change,11,3.159008
life_long,12,3.699046
life_threaten,12,3.354938
life_without,14,3.127421
lifelong,12,3.629581
lifelong_inability_to_burp,12,2.537863
lifelong_no_burper,14,3.250781
lifelong_non_burper,11,2.095394
lifelong_r_cpd,12,1.393675
lifelong_suffer,11,2.458508
lifesaver,1,3.879565
lifestyle,2,5.173823
lifestyle_change,2,5.128504
lifetime_no,11,3.167149
lift,4,3.326022
lift_my_chin,4,2.611819
lift_up,4,3.256770
lift_your_head,4,3.156839
lift_your_soft_palate,4,2.951269
ligament,12,1.341936
light,4,3.029267
light_cough_or_laugh,4,3.313855
light_head,7,2.445927
light_push,3,2.588569
lightbulb_moment,11,2.368836
lightheaded,7,2.399045
like_20,10,2.349691
like_90,10,2.388066
like_a_baby,4,2.943956
like_a_balloon,3,2.344497
like_a_champ,10,3.390021
like_a_lump,7,2.134034
like_bean,1,4.842803
like_bread,1,5.631636
like_clockwork,7,0.787041
like_crazy,15,2.338042
like_many,14,4.502424
like_my_body,15,2.212145
like_strep,7,2.435909
like_the_rest,14,3.203467
like_tums,2,6.212311
lime,1,4.976895
limonene,2,5.428101
linger,7,2.273044
linger_side_effect,11,2.026922
lining,3,2.644623
link_between,12,3.737394
link_somehow,12,2.740956
link_to_r_cpd,12,2.823087
linx,9,1.229931
linzess,2,6.819131
liquid,1,5.205873
liquid_baby_advil,2,5.977169
liquid_baby_ibuprofen,1,5.177190
liquid_come_up,7,1.840385
liquid_diet,1,5.503590
liquid_gaviscon,2,6.328540
liquid_ibuprofen,1,5.147531
liquid_in_my_mouth,1,3.770666
liquid_tylenol,1,5.235321
liquor,1,4.702244
list_here,9,3.180550
list_in_the_wiki,9,3.120227
list_in_wiki,9,3.353552
list_of_doctor,9,3.908391
list_of_provider,9,3.448012
list_of_specialist,9,3.810201
list_of_symptom,12,2.598055
list_on_the_wiki,9,3.177069
list_version,9,2.536070
listen,9,3.657179
literally_change,11,3.208318
literally_dry_heave,7,1.158922
literally_everything,1,4.128712
literature,9,3.628985
little_and_often,1,4.665839
little_baby,15,2.030864
little_burp,10,3.608992
little_community,11,3.154465
little_hiccup,15,2.070757
little_microburp,10,3.320264
little_one,10,3.220414
little_pop,15,2.388700
little_quirk,11,2.025120
live_in_fear,15,2.492235
live_in_north,9,4.007899
live_like,11,3.484517
live_memory,14,4.429352
live_near,9,3.803698
live_with_r_cpd,14,2.332882
live_with_this_condition,12,2.157748
lmfao,11,1.646678
load_of_air,3,1.271464
local,9,4.093340
local_anaesthesia,8,4.305533
local_anesthesia,8,4.698651
local_anesthetic,8,4.659766
local_doctor,9,4.213842
local_ent,9,4.182645
local_hospital,9,3.330501
localize,7,1.635733
location,9,4.043070
lodge_in_my_throat,7,2.228775
log,11,4.475484
logical,12,3.621284
logical_sense,15,3.962813
logo,6,1.765621
london,8,4.478898
london_manchester,8,3.718202
london_uk,9,2.728123
london_who,9,2.952437
lonely,11,3.504882
long_ago,11,2.362844
long_car_ride,13,2.373201
long_covid,12,1.989909
long_drive,6,1.227858
long_haul,7,2.259471
long_last,7,0.632635
long_term,8,2.727275
long_term_effect,9,1.692950
long_time_lurker,11,3.585556
look_at_my_foot,4,2.937062
look_at_my_vocal,5,3.393138
look_down,4,3.324588
look_for_advice,11,3.598984
look_forward,11,4.670011
look_pregnant,13,3.952293
look_straight,4,3.020641
look_straight_ahead,4,2.972952
loop,6,0.696488
loopy,7,2.628911
loose,3,2.898766
loose_stool,13,3.138681
loosen,3,2.890549
loosen_up,4,2.847454
los_angeles,9,3.300771
lose_10_pound,6,-0.265502
lose_a_lot,7,2.256067
lose_hope,11,3.612685
lose_my_appetite,13,2.668167
lose_my_voice,10,2.411009
lose_the_ability,10,3.603747
lose_voice,7,0.878839
lose_weight,7,2.625010
loss_of_appetite,13,3.194028
loss_of_control,7,1.697463
loss_of_voice,7,1.285669
lot_less,7,1.577363
lot_of_air,3,1.908683
lot_of_different,4,3.135723
lot_of_fart,15,2.128416
lot_of_flatulence,15,2.133590
lot_of_gas,13,2.959497
lot_of_gurgle,10,2.893197
lot_of_microburp,10,2.972972
lot_of_practice,10,2.570539
lot_of_regurgitation,7,1.065553
lot_of_saliva,7,1.955664
lot_of_water,1,5.376213
lottery,11,2.210463
loud,15,3.749094
loud_af,13,1.290737
loud_and_embarrass,15,1.916160
loud_and_proud,15,1.937485
loud_and_violent,11,2.080031
loud_belch,10,2.482901
loud_croak,15,2.604406
loud_enough,15,3.776634
loud_gurgle,15,4.529997
loud_hiccup,15,2.862228
loud_music,7,1.084175
loud_noise,15,4.161681
loud_sound,15,3.206596
loud_stomach,13,2.617616
louis,6,1.387124
love_hear,11,2.427040
love_her,11,2.396002
love_this_sub,11,1.957242
lover,1,3.882001
low_acid,12,2.420269
low_acid_diet,12,1.081031
low_amount,9,1.809404
low_appetite,13,2.975434
low_carbohydrate,2,5.023386
low_dose,8,3.723164
low_end,8,3.166304
low_energy,7,1.802003
low_fodmap,2,5.329952
low_fodmap_diet,2,5.479496
low_income,8,4.281829
low_level,13,3.069649
low_risk,9,1.745301
low_stomach_acid,12,3.413105
low_success_rate,8,3.603167
low_swallow,4,3.028013
lower,4,2.841194
lower_abdomen,13,2.292402
lower_abdominal,13,2.619866
lower_back,3,2.318076
lower_dosage,8,3.454143
lower_dose,8,4.021458
lower_esophageal_sphincter,12,2.622911
lower_esophagus,3,2.931390
lower_gi_tract,6,0.503495
lower_part,3,2.768444
lower_rib,7,1.611128
lower_right,3,2.005081
lower_sphincter,3,2.952693
lower_success_rate,8,4.090523
lower_your_larynx,4,3.226346
lowkey,11,1.460156
lozenge,2,4.952729
lpr,12,3.835602
lpr_reflux,12,3.758975
lpr_silent_reflux,13,2.736768
lpr_symptom,13,1.691177
lubricate,7,3.003441
lucy_hicklin,8,4.296365
lucy_hicklin_in_london,8,4.163072
lucy_hicklin_she,9,2.627596
lucy_hickling,8,3.727087
lucy_inkling,8,4.200991
lump,7,2.633326
lump_feel,7,2.064269
lump_in_my_throat,7,2.460797
lump_in_throat,7,2.198122
lunch,1,4.380266
lunch_today,7,2.616640
lunchtime,7,1.834113
lung,3,2.919752
lung_heart,3,2.489399
lung_issue,13,0.966674
lurker,11,3.701818
lurker_here,11,3.271445
lye,4,3.159151
lyme_disease,14,2.069169
lymph_node,3,1.963324
maar,5,4.989293
mac_and_cheese,1,5.207336
machine,5,4.477874
machine_gun,15,3.058050
machinery,9,2.398332
mad,11,3.631775
magnesium,2,5.927422
maiden,6,2.107420
mail,9,3.884670
main_cause,12,2.850564
main_concern,12,1.538853
main_issue,12,3.085960
main_side_effect,7,0.888601
main_symptom,12,3.544825
main_symptom_of_r_cpd,12,1.186124
maine,9,2.085319
maintain_weight,1,3.735713
maintenance,5,3.808476
major_difference,9,1.043081
major_discomfort,13,2.377220
major_relief,11,1.960277
major_symptom,12,1.844571
majority_of_people,9,1.753213
make_fun,15,4.100862
make_myself,15,3.132812
make_progress,11,3.985897
make_yourself,15,2.657715
makeup,6,2.136996
mal,5,5.076013
malabsorption,12,2.300552
malaise,13,2.491644
malfunction,3,2.836275
malfunction_les,12,1.586342
malign,12,1.254112
malnutrition,13,2.661575
manage_to_teach,11,2.932927
manchester,8,4.394686
mandatory,8,4.142320
maneuver,4,3.147963
maniac,11,1.054117
manifest_itself,12,3.161965
manipulate,4,2.895117
manipulation,4,2.471699
manometry,9,3.001094
manometry_ph,9,2.537933
manometry_show,12,1.719812
manometry_test,9,3.092863
manual,4,2.814856
manual_burp,15,2.494219
manual_open,4,3.014493
many_doctor,9,3.804358
many_of_us,12,3.773367
many_patient,9,2.529103
many_people_with_r_cpd,12,1.548598
many_test,12,2.255535
many_time,15,3.398122
many_unit,8,3.768327
map_of_specialist,9,3.765383
march_2023,8,3.067351
marfan,12,2.455149
marijuana,2,4.999209
marino,9,1.673724
mark_hess,9,2.996305
marker,12,1.344101
marriott,8,3.867942
marvel,9,0.879685
mash_potato,1,5.719680
mask,4,2.712110
massage,4,3.212394
massage_my_stomach,4,3.013871
massage_my_throat,4,2.965957
massage_therapist,6,0.622941
massive,13,3.862903
massive_belch,15,2.732061
massive_burp,10,2.530604
massive_difference,15,3.865619
massive_fart,13,1.110146
mast_cell,12,3.187382
match,12,3.437323
match_up,12,1.884605
may_be_able,9,3.619699
may_contribute,12,3.206691
may_help,4,2.628105
may_ninth,9,2.203404
maybe_a_little,7,1.252107
maybe_once_or_twice,15,3.418076
maybe_twice,15,3.428111
mcas,12,3.384253
md,9,3.801050
mdma,2,6.356668
mds,9,2.194809
meal,1,4.385059
meal_replacement,1,5.434723
meal_replacement_shake,1,5.134642
mean_by,4,0.674613
meat,1,5.977181
meat_and_dairy,1,4.349272
mechanical,12,2.746990
mechanism,3,2.766212
med_student,9,3.485157
medicaid,8,4.433284
medical,9,3.836565
medical_attention,9,1.867069
medical_care,9,3.850749
medical_community,9,3.453705
medical_condition,12,3.875148
medical_cost,8,4.131411
medical_gaslight,12,2.692799
medical_induce_nap,8,4.170622
medical_insurance,8,4.446323
medical_intervention,9,1.465824
medical_issue,12,3.604305
medical_journal,9,3.602668
medical_literature,9,2.894217
medical_necessary,8,4.939363
medical_problem,11,2.176358
medical_procedure,9,1.849224
medical_professional,9,3.522264
medical_reason,11,2.272367
medical_recognize,11,3.231060
medical_research,12,2.459994
medical_setting,11,0.961013
medical_student,9,2.541302
medical_study,9,2.460302
medical_stuff,11,1.614770
medical_term,12,2.617699
medical_test,9,2.320155
medical_train,9,1.606055
medical_treatment,9,2.881088
medical_world,11,1.554085
medicare,8,5.124207
medication,2,7.596702
medication_supplement,6,1.167390
meditation,4,3.348296
medium,1,4.421044
meet,9,3.883553
meet_anyone,11,2.091511
meet_my_deductible,8,4.597050
meet_with_doctor_bastian,8,3.555602
meet_with_he,8,3.819623
meeting,8,4.175201
mega_post,9,2.447771
megathread,9,2.832610
melatonin,7,2.961676
melbourne,9,4.048764
melissa_l,6,1.601479
mellow_out,10,2.575603
melon,1,4.520430
melt,1,5.024433
member_of_this_community,11,2.698230
membrane,6,1.232291
memory,14,4.938804
mendelsohn_maneuver,4,3.136921
menopause,12,1.770273
menstrual_cycle,13,2.140330
mental,12,2.721518
mental_aspect,11,0.846047
mental_block,12,1.640842
mental_health,12,3.196026
mental_health_issue,12,2.021747
mental_health_problem,13,0.883138
mental_ill,9,2.749042
mental_illness,9,1.503420
mental_problem,12,2.401450
mental_state,12,2.238981
mention_above,12,1.260385
mention_on_this_sub,9,2.199122
merry_christmas,11,1.683007
metabolism,1,4.072949
metallic_taste,13,2.812977
methane,3,2.589146
method,4,3.289973
michael_hospital,9,3.136331
michael_pitman,9,2.927745
micro,10,3.617985
micro_biome,12,2.457447
micro_burp,10,3.676649
micro_burp_a_few,10,2.725488
micro_burp_but,10,3.616761
micro_burp_out,10,2.961536
micro_burp_since,8,3.059474
micro_burp_that,10,2.734229
micro_burp_which,10,3.232435
microburp,10,3.678558
microburp_and_a_few,10,2.955319
microburp_so_far,10,2.650591
microburp_throughout,10,2.101505
microburp_today,10,2.766881
microlaryngoscopy,6,1.619591
microphone,11,1.825856
mid_meal,6,1.415116
middle,3,2.223848
middle_back,3,1.942492
midsection,4,2.443062
midtown,9,2.522553
midwest_surgery_center,9,2.651317
mig,5,4.186232
might_help,4,2.822646
migraine,13,3.741876
mild,13,3.180839
mild_asthma,12,1.329798
mild_case,12,3.463776
mild_choke,7,1.645907
mild_cold,7,0.945126
mild_discomfort,7,1.762705
mild_form,12,1.645417
mild_nausea,13,3.269122
mild_side,13,1.358037
mild_slow_swallow,7,1.449004
mild_sore,7,2.750790
mild_sore_throat,7,2.406086
mild_symptom,11,0.680692
mild_to_moderate,12,1.288531
mild_version,10,2.179859
mile_away,8,4.126054
military,9,1.947100
milk,1,5.623278
milkshake,1,5.614756
miller,6,2.038573
mind_body,3,2.113673
mindfulness,4,3.181130
mine_go_away,15,0.985630
mine_peak,10,2.952491
mine_with_lucy,8,3.514009
mine_yesterday,11,2.604717
mini_burp,10,3.639514
minimal_invasive,8,2.668330
minimal_result,8,2.683596
minimize,1,4.756314
minneapolis,9,2.954913
minor,13,3.007312
minor_inconvenience,9,1.122454
minor_regurgitation,10,2.563420
minor_sore_throat,7,1.860408
minority,11,1.731780
mint,1,5.671130
mint_gum,2,5.555647
minus_the,13,2.421202
mirror,6,0.696279
mirtazapine,2,6.631285
misconception,6,1.663001
misdiagnose,9,3.132309
misdiagnose_with_gerd,12,1.977408
misdiagnose_with_ibs,12,1.987884
misdiagnosis,12,2.921380
miserable,13,3.151150
misery,14,3.514066
misinformation,9,1.350153
misophonia,11,0.891076
miss_diagnose,12,2.447265
miss_out,14,3.032703
miss_out_on_so_much,14,2.773275
mission,11,2.344231
mitigate,1,4.718083
mitigate_against_by,2,3.984932
mix_between,15,1.643709
mix_drink,1,4.637661
mix_with_water,1,5.207420
mixer,1,4.731616
moan,7,1.326448
mob_mentality,12,2.173646
mobility,12,2.422604
moderate,13,3.192906
moderate_sore_throat,7,2.345071
moderator,9,3.440560
modern,12,1.683473
modify,4,3.287996
modify_my,1,4.882324
mojo,6,-0.355092
mom_say,14,3.382832
moment_where,10,2.834157
momentary,3,1.235281
monday,8,4.305832
monday_evening,8,2.587137
mondino,9,1.806625
money_to_travel,9,3.875108
money_together,11,2.577576
monitor,5,4.738683
monster,15,3.659457
month_4,10,2.848853
month_or_two,7,1.735063
month_pregnant,13,2.472311
mood_killer,11,3.058109
more_accurate,8,4.237642
more_air,3,2.621883
more_annoy,15,0.826019
more_anxious,13,3.521248
more_bearable,15,3.566885
more_calorie,1,4.511438
more_comfy,15,1.684871
more_common,12,3.687348
more_complex,9,1.182157
more_complicated,9,1.208753
more_confident,15,3.734643
more_consistent,10,3.154678
more_control,10,3.099440
more_controllable,10,3.030511
more_easy,4,2.521658
more_energy,15,1.651823
more_enjoy,13,3.494493
more_expensive,8,4.960576
more_frequent,15,2.468579
more_frequently,10,3.199027
more_gas,3,2.619857
more_gassy,15,3.596805
more_importantly,11,1.486751
more_intense,15,1.732633
more_manage,15,3.624656
more_natural,10,2.707015
more_nauseous,13,3.302603
more_often,13,2.708601
more_often_than,15,3.450368
more_power,15,1.800290
more_precise,8,4.254624
more_productive,10,2.979879
more_progress,11,3.751304
more_prone,3,1.957616
more_rare,11,0.773089
more_relax,4,2.676256
more_satisfy,10,2.886822
more_sensitive,3,2.024389
more_severe,12,3.332280
more_space,4,2.891658
more_substantial,10,2.652407
more_subtle,15,1.677210
more_traumatic,14,3.786361
more_uncomfortable,7,2.012711
more_unit,8,3.972083
more_weight,7,2.127742
morning_sickness,14,3.897645
moscaritolo,9,3.162756
most_critical,10,2.673726
most_disgust,15,3.339037
most_doctor,9,3.836330
most_gps,9,2.991216
most_importantly,11,2.466736
most_intense,7,1.240727
most_notable,11,0.951147
most_of_my_life,14,3.732773
most_of_us,12,3.790685
most_part,15,2.041367
most_satisfy,6,-0.540685
most_uncomfortable,15,2.074927
mostly_due,14,2.269220
motility,12,2.688924
motility_disorder,12,1.934507
motility_issue,12,2.996694
motility_test,9,2.869341
motion,4,2.907199
motion_sick,7,1.312394
motion_sickness,14,3.516689
motor,12,1.278525
motrin,2,6.044812
mouth,4,2.965061
mouth_breathe,3,2.387652
mouth_breather,6,0.576246
mouth_water,13,3.440708
mouthful,1,5.291115
mouthful_of_water,1,4.719976
mouthguard,5,4.519470
move_around,4,2.789165
move_down,3,2.765828
move_my_head,4,3.036253
move_my_jaw,4,3.163795
move_my_neck,4,2.779534
move_past,11,1.427474
move_through,3,2.791746
move_up,3,2.581416
move_your_head,4,3.296160
movement,4,3.172763
mr_karagama_who,9,2.562084
mr_omar,9,2.200334
mri,9,2.767908
ms_hicklin,8,4.275426
mthfr,6,1.327271
mu,6,0.565700
much_as_possible,4,3.111628
much_better,15,1.673870
much_cheap,8,4.592214
much_improve,13,1.587229
much_less,15,2.217942
much_relief,10,3.000163
much_worse,13,4.050536
mucinex,2,6.425448
mucosa,12,1.083199
mucous,7,2.154017
mucus,7,2.395512
mucus_in_my_throat,7,2.032994
mucus_in_throat,13,2.052083
muffin,1,4.448033
muffle,15,2.995138
multi,2,4.725587
multiple_injection,8,3.596139
multiple_round,8,2.904186
multiple_test,9,2.785011
multivitamin,2,6.114461
mum_and_dad,9,2.755144
musc,9,2.547527
muscle,3,2.864128
muscle_around,4,2.223589
muscle_connection,4,2.566979
muscle_dysfunction,12,2.390657
muscle_group,12,0.483929
muscle_in_my_throat,3,2.571540
muscle_in_your_throat,3,2.609815
muscle_mass,6,1.747407
muscle_memory,4,2.315400
muscle_movement,4,1.336074
muscle_relaxant,6,0.928981
muscle_relaxation,12,0.981910
muscle_responsible,3,2.569253
muscle_spasm,3,2.317458
muscle_tension,3,2.366999
muscle_tension_dysphonia,12,1.865821
muscle_tighten,12,0.964465
muscle_weakness,13,1.392327
musculature,3,2.641891
mushroom,1,4.768955
music_festival,6,0.151795
musical,6,0.749680
my_20s,14,4.192908
my_30s,14,3.794078
my_40s,14,3.799143
my_ab,4,2.888204
my_abdomen,3,2.551416
my_adams_apple,4,2.866465
my_airway,3,2.701234
my_anxiety,14,3.615120
my_apartment,7,1.403706
my_appetite,7,2.335275
my_appointment,8,4.301661
my_armpit,4,3.034602
my_assumption,11,2.128641
my_baseline,13,1.455397
my_bed,4,3.064423
my_belly,3,2.490033
my_belly_button,3,2.392876
my_bf,15,4.337204
my_bladder,3,2.146660
my_boob,6,1.153001
my_bowel,3,2.817855
my_boyfriend,15,4.456171
my_bra,7,0.808184
my_breath,4,2.792275
my_car,4,2.771802
my_case,12,3.918967
my_chest,3,2.426846
my_childhood,14,4.741737
my_chin,4,3.305113
my_clothes,7,2.171097
my_collarbone,4,2.271772
my_consult,8,4.184738
my_consultation,8,4.324498
my_copay,8,5.263740
my_core,4,2.906146
my_country,9,4.181917
my_cousin,14,3.626636
my_deductible,8,5.213891
my_deviate_septum,6,1.005384
my_diaphragm,4,2.715920
my_diet,1,5.547459
my_ear,3,2.513521
my_early_20s,14,4.180431
my_early_30s,14,3.413646
my_elbow,4,2.966891
my_emetophobia,14,4.619012
my_ent,9,4.083209
my_entire_life,14,4.847916
my_epiglottis,6,1.480098
my_esophagus,3,3.032491
my_experience,11,4.484387
my_eye,3,2.207720
my_family,15,4.338310
my_fear,14,4.585933
my_fellow,9,2.124342
my_finger,4,2.800135
my_first_dose,8,4.236341
my_first_round,8,4.226344
my_first_trimester,13,1.047614
my_fridge,1,3.938911
my_friend,15,4.453527
my_gag_reflex,15,2.930014
my_gastro,9,3.525562
my_gastroenterologist,9,3.834822
my_gf,15,4.357920
my_gi,9,3.906848
my_girlfriend,15,4.376649
my_gp,9,4.100965
my_grandfather,12,1.585180
my_gum,6,3.045211
my_gut,3,2.832498
my_hand,4,3.299683
my_heat_pad,7,2.143548
my_hero,9,1.810422
my_hip,4,2.301321
my_husband,15,4.452030
my_hypothesis,12,2.150627
my_insurance_company,8,4.755477
my_intestine,3,2.754134
my_iv,5,4.791578
my_jaw,4,3.028130
my_journey,11,4.462090
my_kid,14,3.940153
my_knowledge,9,2.787207
my_larynx,4,3.004009
my_left_side,4,3.173180
my_les,3,2.994547
my_life,14,4.728651
my_liver,12,1.206851
my_local,9,3.679320
my_lower,3,2.566182
my_lower_abdomen,3,2.037700
my_lower_esophageal,3,3.045101
my_lung,3,2.712280
my_mental_health,14,3.051746
my_mid_20s,14,3.580842
my_mid_30s,14,3.245156
my_mid_sixties,8,2.844604
my_mid_twenties,14,3.396052
my_midsection,4,3.127711
my_mouth,3,2.035753
my_nasal_passage,5,4.441314
my_neck,4,3.028642
my_nerve,6,2.030114
my_nose,5,4.896627
my_nostril,5,4.633662
my_oop,8,4.666861
my_organ,3,2.326552
my_pants,7,2.138943
my_pcp,9,4.059696
my_pediatrician,9,3.042555
my_period,13,2.921243
my_perspective,11,2.067462
my_phobia,14,4.607237
my_poor,11,2.859496
my_post_nasal,13,1.671967
my_posture,4,3.320326
my_ppi,2,6.536913
my_primary,9,3.869225
my_procedure,8,4.553180
my_progress,11,4.503923
my_quality,11,3.184643
my_r_cpd,12,3.866035
my_rib,3,2.565171
my_rib_cage,3,2.538712
my_ribcage,3,2.300689
my_saliva,7,2.709127
my_second_dose,8,4.249920
my_second_round,8,4.037306
my_second_trimester,13,2.438411
my_self,15,2.043416
my_shoulder,4,3.223737
my_sibling,14,2.923303
my_sinus,3,1.817581
my_spine,3,2.462967
my_sternum,3,2.563545
my_stomach,3,2.585594
my_story,11,4.689694
my_suspicion,11,0.879195
my_symptom,12,3.956161
my_teen,14,3.821174
my_third_trimester,13,1.936029
my_throat,7,1.908148
my_toe,4,2.749926
my_tongue,4,3.103554
my_tonsil,3,1.989569
my_trachea,4,2.181636
my_tummy,3,2.457283
my_twin,11,2.008543
my_twin_sister,14,3.475279
my_two_cent,9,1.878016
my_ues,3,3.028011
my_upper,4,2.292780
my_upper_abdomen,7,1.961456
my_upper_esophageal,3,3.055984
my_uvula,3,2.443893
my_vocal,6,1.440123
my_voice,7,2.451158
my_waist,7,1.560210
my_weight,7,2.246940
my_whole_life,14,4.844841
my_wife,15,4.474702
my_windpipe,3,1.839488
my_worst_nightmare,15,0.898014
myalgia,13,0.728132
mylanta,2,6.055259
myotomy,8,3.883904
mystery,12,3.490246
myth,9,1.085443
naar,5,4.056622
naive,9,1.329065
name,9,3.966517
namely,12,2.438762
nap,7,2.806564
narcissist,9,1.278631
nasal,5,4.640670
nasal_breathe,12,1.035716
nasal_cavity,6,2.869375
nasal_congestion,13,1.631436
nasal_endoscopy,9,2.742297
nasal_gastric,6,0.881436
nasal_passage,5,3.567789
nasal_polyp,12,2.348496
nasal_spray,2,6.497825
nasty,13,2.450081
natural,4,2.221342
natural_reaction,11,2.242742
naturopath,9,2.541065
naturopathic,6,0.624336
nausea,13,4.093327
nausea_etc,13,3.704753
nausea_go_away,7,0.795310
nausea_patch,5,4.453061
nauseate,13,3.292839
nauseous,13,3.290474
nauzene,2,5.298428
navel,6,1.734641
nbs,12,2.680631
near_constant,13,3.428338
near_the_bottom,4,2.805870
nearly_as_bad,11,1.861243
nearly_every_meal,13,2.435344
nebraska,9,2.674564
neck,4,3.081216
neck_and_jaw,6,1.708818
neck_area,3,2.327970
neck_crunch,4,3.435945
neck_exercise,4,3.391673
neck_forward,4,3.151488
neck_lift,4,3.424819
neck_massage,4,3.251660
neck_muscle,4,3.003972
neck_pain,3,2.021595
neck_position,4,3.385838
neck_posture,12,0.444507
neck_sit_up,4,3.454739
neck_strengthen,4,3.160737
neck_stretch,4,3.419534
neck_throat,4,2.640559
need_another,8,3.632733
need_to_be_able,4,1.324878
need_water,1,5.395474
needle,8,4.566953
needle_in_my_neck,11,2.385430
needle_phobia,8,3.015407
needle_through,8,4.445162
negative_experience,9,2.582052
negative_for_h_pylori,12,1.756951
negative_impact,12,1.586015
negative_pressure,3,2.414613
negative_reaction,11,0.451875
negative_side_effect,9,1.248891
neglect,12,2.114154
nerve,3,2.795143
nerve_damage,12,1.917041
nerve_rack,11,2.329593
nervous,14,4.206446
nervous_about,14,4.194089
nervous_system,12,1.985893
network,8,4.416624
neural,3,2.189417
neurodivergent,12,1.601787
neurological,12,3.131455
neurological_function,12,0.853556
neurological_issue,12,3.059125
neuromuscular,12,2.044807
neutral_position,4,3.269210
neutralize,3,2.952743
nevada,9,2.386671
never_bother,14,4.649689
never_connect,14,3.591599
never_connect_the_dot,13,1.458728
never_consider,12,3.146344
never_go_away,13,2.789761
never_heard_of_r_cpd,9,2.950728
never_occur,14,3.207187
never_realize,14,4.135017
nevermind,6,1.065171
new_ability,10,2.490855
new_condition,9,2.900412
new_doctor,9,2.821234
new_here,11,4.408274
new_information,11,2.051389
new_jersey,9,2.845358
new_mexico,9,3.020651
new_pcp,9,2.335865
new_power,11,2.081133
new_skill,11,3.001361
new_to_reddit,11,3.659240
new_to_this_community,11,3.349356
new_to_this_sub,11,3.305818
new_treatment,9,2.241915
newbie,9,2.525887
newbie_here,14,2.003059
newcomer,9,2.634340
nexium,2,7.250802
next_day,7,2.528974
next_dose,8,3.037481
next_monday,8,3.866380
next_month,8,4.098242
next_morning,7,2.699777
next_tuesday,8,3.855711
next_wednesday,8,3.921572
next_week,8,4.135528
nh,6,3.002532
nhs,9,4.279640
nhs_england,9,2.901258
nhs_gp,9,3.063708
nhs_group,9,2.740151
niacin,1,3.400762
nibble,1,4.452646
nice_nap,7,2.592188
nice_to_hear,11,3.097178
nice_to_know,11,4.294394
nice_to_meet,11,3.318305
niche,9,2.463212
nickname,15,3.502277
nicole,9,2.772585
niet,5,4.968008
night,7,3.234846
night_out,1,3.177568
nightly,13,2.434525
nightshade,1,5.477753
nighttime,13,3.484938
nissen_fundoplication,12,1.977666
nitric_oxide,12,1.252846
nitrogenize,1,4.701071
no_abnormality,9,2.588393
no_anesthesia,8,4.473389
no_anesthetic,8,4.566760
no_appetite,13,3.221345
no_burp,12,4.100412
no_burp_community,11,3.693362
no_burp_syndrome,12,3.617590
no_burp_yet,10,2.404558
no_burpee,9,1.439111
no_burper,12,3.681503
no_difference,15,3.928414
no_downside,11,2.832610
no_energy,7,1.869270
no_experiment_evidence,9,2.756089
no_expert,9,1.147712
no_general_anesthetic,8,4.518549
no_hesitation,9,1.321609
no_idea,12,2.072993
no_more,13,3.777704
no_proof,12,1.468727
no_regret,11,2.702293
no_regurgitation,7,1.306892
no_relief,10,3.141232
no_sedation,8,4.490626
no_stranger,13,1.507359
no_sugar,1,4.944454
no_wonder,15,2.628116
no_worry,11,4.042517
nobody_can,11,2.452844
noburp,12,4.214845
noburp_condition,12,2.352532
noburp_fam,11,2.824274
noburp_related,12,2.868124
noburp_subreddit,9,2.653124
noburp_symptom,12,3.834110
noburp_wiki,9,3.529650
noburper,12,3.690425
noburps,11,0.946161
noise,15,4.493253
noise_come,15,3.206830
noise_in_my_throat,15,3.761185
nomen,6,2.939186
non_alcoholic,1,4.573886
non_burp,12,3.489832
non_burper,14,4.332883
non_carbonate,1,4.669388
non_erode,12,2.207666
non_stop,15,2.634153
non_surgical,9,2.304509
nonburper,11,2.774079
none_of_those,12,1.552233
nonsense,9,1.926109
nonstop,15,2.472127
nonstop_gurgle,13,2.657666
noodle,1,5.689005
normal_burper,10,2.981260
normal_function,12,1.741310
normal_pace,6,0.983426
normal_population,12,2.989787
normal_side_effect,10,2.038332
normal_size,1,3.971239
normal_weight,14,3.123781
norovirus,14,4.012742
northeast,9,2.108848
northwest,9,3.194945
nortriptyline,2,6.788407
norwegian,9,1.818863
nose,5,4.897734
nose_and_down,5,4.675242
nose_and_throat,9,3.383020
nose_how,4,3.490261
nose_scope,9,2.019363
nose_spray,5,3.621848
nose_throat,9,3.320980
nostril,5,4.435298
not_be_able,14,4.851564
not_care,15,3.893558
not_diagnose_r,9,3.396906
not_fun,13,3.157704
not_get_discourage,11,2.563715
not_hesitate,9,3.144280
not_ideal,7,2.118785
not_recognize,9,4.016521
not_uncommon,12,3.002582
not_want,14,4.521379
nothing_come_out,15,3.123538
nothing_come_up,15,3.077668
nothing_crazy,10,2.268554
nothing_major,7,1.915639
nothing_wrong,9,3.907861
novelty,10,3.058300
november_2021,11,0.775389
now_as_a_adult,14,3.339509
nowhere_to_go,3,2.799601
np,9,3.322352
nsaid,2,6.403258
nsfw,9,2.520264
nu,5,4.973749
numb,5,4.816137
numb_agent,5,3.904782
numb_injection,8,3.988297
numb_spray,5,4.801258
numb_spray_up,5,4.781330
numb_stuff,5,4.540931
number_2,10,2.116024
number_of_people,9,2.449360
number_of_unit,8,2.889641
numbness,6,2.780967
numerous_time,9,1.481793
nurse_come,5,4.612100
nurse_office,7,1.556829
nurse_say,6,1.579524
nutrient_deficiency,12,2.480722
nux_vomica,9,1.992007
nyc_area,9,2.436501
nye,7,1.507826
oat,1,5.157001
oat_milk,1,4.902073
oatmeal,1,5.679684
obese,12,1.870198
object,4,3.090737
obnoxious,15,3.693421
obnoxious_loud,11,2.122185
obscene,7,1.186579
observant,12,1.356002
obstruct,12,2.341839
obstruction,12,2.334592
occasional,13,3.331158
occasional_heartburn,13,2.716545
occasional_regurgitation,7,1.151595
occasionally,13,2.813051
occasionally_ill,15,2.175250
occupational_therapist,9,1.917060
occur,13,3.425798
occurrence,13,2.012592
ocd,12,3.438895
och,5,5.116673
october_8th,8,3.491723
october_super_nervous,9,1.189138
odd,15,3.285769
odd_noise,13,1.465011
odd_occasion,15,2.139589
oesophagoscopy,6,1.876525
off_limit,1,4.884823
offender,1,4.478798
offer_in_office,9,2.084930
office,8,4.897432
office_awake,8,4.155050
office_injection,8,4.349892
office_instead,8,4.875917
office_procedure,8,4.888751
office_through,8,4.343300
office_treatment,8,4.200769
office_version,8,3.220291
office_versus,8,4.412340
office_visit,8,5.086260
office_while_awake,8,4.284564
official_diagnose,9,2.374020
official_name,9,2.458082
often_find_myself,7,1.977885
often_lead,13,1.816083
often_than_average,13,3.257402
og,5,5.084390
oh_awesome,11,2.071112
oh_boy,11,3.057695
oh_god,11,2.163952
oh_man,11,3.546123
oh_my_god,15,4.082041
oh_my_gosh,11,3.265312
oh_no,11,3.956445
oh_ok,11,2.800244
oh_okay,11,2.897716
oh_shit,11,1.193063
ohio,9,3.802353
ohip,8,4.710757
oily,1,5.272063
ok_thank,11,3.515447
ok_thanks,11,3.381531
old_age,11,0.999044
old_boy,14,2.681015
old_girl,14,2.795132
old_male,14,3.967522
old_man,11,3.293147
old_patient,8,3.267757
old_person,9,2.151295
old_son,14,3.974431
olive,1,3.988859
olive_garden,1,3.589694
olive_oil,1,4.788134
olly,9,1.154805
om,5,5.177569
omaha,9,2.897449
omar_mulla,9,2.937009
omeprazol,2,5.472096
omeprazole,2,7.464213
omg,11,3.947241
omg_same,6,-0.404944
omg_yes,11,1.589383
once_every,15,3.472950
once_in_my_life,14,4.389147
once_or_twice,15,3.454160
ondansetron,2,6.566803
one_dose,8,3.508453
one_injection,8,3.615012
one_of_us,11,3.427181
one_point,7,2.264113
one_spot,6,1.900270
one_stone,9,1.907556
one_thing,4,2.124936
one_to_develop_r,9,2.564583
one_who,9,4.088272
onion,1,5.564458
onion_and_garlic,1,4.898424
onion_garlic,1,5.415937
online,9,4.006496
online_about,11,2.133638
only_50_unit,8,3.461204
only_be_able,15,2.944665
only_dry_heave,15,2.788470
only_eat_soft,1,4.656353
only_ever,15,3.536303
only_happen,10,2.606069
only_last,10,2.582117
only_one,11,4.362003
only_one_in_my_family,14,3.297952
only_person,11,4.281775
only_recent,14,4.362671
only_solution,15,1.601664
only_way_to_get_rid,7,1.517161
onset,14,3.263593
ontario,9,4.083951
oomph,7,1.530835
ooo,11,2.648300
oooh,11,2.297082
open_and_close,3,2.782174
open_mouth,4,2.807477
open_my_mouth,4,2.742903
open_my_throat,4,2.960627
open_proper,3,2.803175
open_slightly,4,2.308152
open_up,4,2.839091
open_your_mouth,4,3.213732
open_your_throat,4,2.992634
opera,6,0.280409
operate_room,8,4.928533
operate_room_procedure,8,4.251344
operate_table,5,4.556923
operation,8,4.606901
opinion_about,11,1.659750
opioid,2,6.085106
opt,8,5.003093
optimistic,11,3.968377
orange_juice,1,5.183807
organ,3,2.713456
organ_distortion,3,2.242172
organization,9,2.444717
orient,12,0.902684
origin,12,3.109295
original,9,1.793692
original_paper,9,2.658798
original_post,9,2.963058
originate_schedule,8,3.520345
orlando,9,2.613594
orourke,9,2.774286
os,5,3.358367
osmotic_laxative,2,6.241293
osteoporosis,12,2.438307
osu,9,3.196541
otc,2,6.867659
other_area,12,0.685015
other_complication,12,3.174202
other_condition,12,3.728472
other_country,9,3.198313
other_digestive,12,2.789813
other_disorder,12,2.076527
other_doctor,9,4.186204
other_end,3,2.460623
other_explanation,9,1.458023
other_factor,12,2.937950
other_gi,12,2.823347
other_girl,13,1.043878
other_health,12,2.911381
other_illness,12,2.125341
other_issue,12,3.967941
other_kid,14,3.657275
other_medication,2,5.616397
other_member,9,1.642706
other_method,4,2.614701
other_muscle,3,2.658840
other_option,8,4.362670
other_organ,3,2.573657
other_post,11,4.463166
other_problem,12,3.535229
other_side_effect,7,1.292096
other_specialist,9,3.255869
other_symptom,12,3.888084
other_test,9,3.253112
other_thing,12,3.978583
other_type,6,0.776737
other_underlying,12,2.302282
otherwise_fine,7,2.413315
oto_open,9,1.164670
otolaryngologist,9,3.591516
otolaryngology,9,3.438185
otolaryngology_department,9,2.661942
ou_en_anesthesia_general,6,1.297705
our_body,3,2.732128
our_entire_live,12,2.152745
our_esophagus,3,2.914831
our_issue,9,2.902865
our_medical_system,8,3.996436
our_mind,12,2.128256
our_muscle,3,2.113346
our_parent,14,3.157270
our_problem,9,2.596240
our_society,15,2.861310
our_stomach,3,2.835767
our_struggle,11,3.379241
our_symptom,12,3.071796
our_throat,3,2.911596
our_ues,3,2.822048
our_whole,11,1.676028
our_whole_live,12,1.885986
out_in_public,7,1.313529
out_my_mouth,3,1.681693
out_of_breath,13,2.861169
out_of_country,9,2.565406
out_of_my_mouth,3,1.251412
out_of_network,8,4.471612
out_of_pocket,8,5.243102
out_of_shape,13,0.794441
out_of_state,8,4.525434
out_with_friend,7,2.216257
outdoor,6,2.012624
outing,7,2.112135
outline,9,3.397436
outpatient,8,4.778564
outpatient_procedure,8,4.654030
outpatient_surgery,8,5.268036
outward,4,2.473240
outwards,4,2.457285
outweigh_any,13,2.754304
ovarian_cyst,12,0.753230
ovary,6,0.595637
over_18,9,2.264964
over_again,11,2.802961
over_the_counter,2,6.944951
over_the_toilet,15,2.928908
overall,7,1.898948
overeat,13,2.791854
overeating,1,4.976457
overgrowth,12,2.144786
overjoy,11,3.367330
overlap,12,2.799106
overload,6,1.361372
overlook,12,3.048588
overly,7,2.518356
overly_concern,11,2.601003
overly_tight,3,2.662909
overpriced,6,0.514845
overreact,11,2.167470
overshadow,11,2.942272
oversized,7,1.810644
overstate,11,1.686492
overthink_it,11,2.703635
overweight,14,3.398422
overwhelm,11,4.058252
p_0,6,2.027465
page,9,3.922612
pain,13,3.961391
pain_and_discomfort,14,3.464947
pain_bloat,13,4.150866
pain_cramp,13,2.673957
pain_discomfort,13,2.699392
pain_episode,13,2.024380
pain_hiccup,13,4.049185
pain_in_my_chest,13,3.134880
pain_killer,2,6.232111
pain_level,7,1.309887
pain_medication,2,6.273357
pain_subside,6,2.066168
painkiller,2,6.212152
painless,8,4.677825
palate,4,2.948137
pallet,4,2.798915
palp,12,1.803547
palpitation,13,3.749425
pam,9,1.589840
pancake,1,5.320292
pancreas,13,0.559279
panda,13,1.996554
panera,7,3.345415
panic,15,3.326038
panic_attack,14,3.584439
panic_because,15,2.582512
panic_disorder,14,3.206990
panic_induce,7,0.854276
panicky,13,2.995933
panini,1,3.945399
pantoprazole,2,7.366736
pantoprazole_40mg,6,0.470525
paper,9,3.916436
paperwork,8,4.602534
paracetamol,2,6.133749
paradox,12,1.587957
paralyze,3,2.969221
paralyze_muscle,3,2.591024
paranoid,11,2.169950
parasite,12,2.184022
parenting,11,0.964427
parking,8,4.163872
parkinson,12,2.076040
parkside,8,4.239135
parkside_hospital,8,4.165740
part,12,1.795454
part_of_my_life,12,1.926950
partake,7,1.885759
particle,3,1.939738
particular_loud,15,2.909106
partly,12,2.151587
partly_because,12,1.102885
partner,11,3.339334
partway,6,1.506416
party,7,2.893812
party_trick,15,2.523575
pass_away,9,1.271315
pass_down,3,2.723139
pass_gas,3,2.332175
pass_into,3,2.765309
pass_out,15,2.877396
pass_through,3,2.748518
passage,3,2.849241
passenger,7,1.319252
passer,6,2.846847
pasta,1,5.899022
pastry,1,4.667919
patch,2,6.456444
patchy,6,1.950565
pathetic,15,2.491850
pathologist,9,2.744604
pathology,12,2.564793
pathophysiology,12,2.014331
pathway,3,2.334157
patient_for_whom,9,0.665328
patient_who,8,3.707419
patient_with_yourself,4,1.420286
patronize,9,3.235830
pay_3k,8,4.542352
pay_600,8,4.562080
pay_700,8,4.381595
pay_850,8,4.297660
pay_close_attention,4,2.368893
pay_out_of_pocket,8,4.915154
pay_the_remainder,8,4.511361
payment,8,5.046269
pca_muscle,5,3.537600
pcp,9,3.901829
pd,6,1.606108
pdf,9,2.467529
pea,1,4.520378
peaceful,11,1.422949
peach,1,4.797167
peak,10,3.239110
peak_at_1_2_week,10,2.846569
peak_effect,10,2.775213
peak_ent,9,2.651313
peanut_butter,1,5.696056
pectus_excavatum,12,1.471466
peculiar,11,1.773382
pediatric,9,3.353876
pediatrician,9,3.551809
pee,7,1.688385
peer_review,9,2.709022
pelvic_floor_dysfunction,12,3.183504
pelvic_floor_issue,12,3.100825
pelvic_floor_muscle,3,2.430295
pelvic_tilt,3,1.978737
pelvis,3,2.467024
pendant,5,3.772054
penetration,12,0.753521
pennsylvania,9,3.354420
people_around,15,4.082119
people_describe,11,1.399425
people_in_this_group,11,2.337850
people_report,11,0.909134
people_with_r_cpd,12,3.791730
people_with_rip_d,12,1.611279
pepcid,2,7.205552
pepcid_ac,2,6.396155
pepper,1,5.477011
peppermint,2,5.905727
peppermint_oil,2,5.248434
peppermint_oil_capsule,2,6.150894
peppermint_tea,2,5.113416
pepto,2,6.049288
perceive,12,2.138058
percentage,8,3.311187
percentage_of_people,12,1.580863
perfect_position,4,3.007025
perfect_storm,1,3.573320
perform,9,3.547009
peristalsis,3,2.746553
peristaltic_motion,3,2.749080
permanent,8,2.885208
permanent_cure,8,3.548233
permanent_effect,8,3.053815
permanent_fix,8,3.007079
permanent_open,3,2.788750
permanent_result,8,3.134635
permanent_success,8,3.264273
perpendicular,4,2.661962
perpetuate,12,1.882673
perrier,1,4.613432
persistent_cough,7,1.582883
personality,12,2.222833
perspective,9,3.286381
pertain,11,2.707339
peso,6,1.718947
pester,11,1.543227
pet,12,1.626068
petit,6,2.523772
pfd,12,2.410146
ph_monitor,9,2.659026
ph_test,9,2.937475
pharyngeal,3,2.251774
pharynx,12,1.387658
phase,10,3.241607
phase_where,11,2.176626
phenergan,6,0.809747
phenomenon,12,2.705750
phew,11,2.943303
phlegm,7,2.448589
phlegm_stuck,7,2.727330
phobia,14,4.742195
phobia_of_throw_up,14,3.615222
phobia_of_vomit,14,4.242307
phone_appointment,8,3.871060
phone_call,8,4.173263
phoniatrics,9,3.443493
phoniatrie,8,3.743532
photophobia,14,3.224739
phrase,9,3.224077
physical_and_mental_health,12,1.504819
physical_cannot,15,2.271013
physical_condition,12,1.856334
physical_discomfort,12,2.194577
physical_health,12,1.251458
physical_manipulate,4,2.768475
physical_symptom,12,3.095730
physical_thing,12,1.935712
physician,9,4.011856
physio,4,3.013142
physiological,12,3.168209
physiotherapist,4,2.803928
physiotherapy,4,2.618376
picture,9,3.564929
pie,1,4.528434
piece_of_food,7,2.655863
piece_together,11,1.760883
pierce,5,4.029660
pilaris,6,0.082991
pill,1,5.514066
pill_stuck,7,2.616146
pillow,2,3.729538
pillow_of_air,7,2.463197
pillow_under,4,2.958428
pin_post,9,3.572204
pinch,4,2.436710
pineapple,1,3.986096
pinpoint,15,2.071098
pioneer,9,3.294859
pitch,7,1.580285
pitman_in_nyc,8,3.715766
pittman,8,3.810630
placebo,9,2.043698
placement,8,4.137553
plague,14,3.101940
plague_by,14,3.027880
plank,4,3.459778
plant_base,1,5.266534
plastic,5,4.131028
plateau,10,3.114579
plausible,12,3.045189
play_a_role,12,3.748967
play_into,12,3.157075
play_sport,7,1.669725
player,6,0.759292
please_keep,11,4.442023
please_keep_us_post,11,3.729087
please_keep_us_update,11,3.994531
pleasure,11,2.750754
plenty_of_microburp,10,2.983070
plight,9,1.771155
plug,4,2.157823
plus_side,10,2.533719
pneumonia,12,2.998265
pocket_of_air,3,2.320679
podcast_about,9,2.830966
point_of_view,9,2.625899
point_towards,12,2.496793
poison,12,2.348959
police,6,0.280328
policy,8,4.722707
politics,9,1.594846
ponder,11,2.494760
poo,6,0.967110
pooch,6,2.484255
pool,3,2.281375
poop,3,2.494477
poor,12,3.341715
poor_baby,11,3.196275
poor_diet,12,1.341183
poor_digestion,13,1.134149
poor_posture,12,1.549726
poor_thing,11,3.275078
poor_tongue_posture,12,1.404230
poor_understand,12,3.261375
pop,3,2.002673
pop_blood_vessel,3,1.853815
pop_in_my_throat,15,2.330957
pop_out,15,1.941455
popsicle,1,5.560096
pork,1,4.806795
porridge,1,5.695919
portable,1,4.277122
portal,9,3.627887
portion_size,1,4.992749
portland,9,3.864910
portland_oregon,11,3.397775
portrait,5,3.499946
pose_in_yoga,4,2.676967
posit,12,0.763435
position,4,3.318409
position_myself,4,3.168000
position_yourself,4,2.017505
positive,11,4.701744
positive_experience,11,3.827027
positive_impact,12,1.370231
positive_or_negative,9,1.309739
positive_outcome,9,1.682958
positive_result,9,1.970782
positivity,11,3.086675
possess,15,2.822597
possibility,12,2.666502
possible_lead,9,1.946066
possible_side_effect,8,2.631261
possible_solution,9,1.858547
post_above,11,3.384992
post_and_comment,9,2.897615
post_botox,10,3.056361
post_botox_diary,9,2.699776
post_botox_journey,11,3.710364
post_botox_update,10,2.831208
post_covid,12,2.291803
post_in_this_subreddit,9,2.589659
post_injection,10,2.896870
post_meal,13,2.674963
post_nasal_drip,13,3.421301
post_op,10,2.934091
post_partum,11,2.634413
post_procedure,10,3.063878
post_surgery,10,2.915997
post_update,11,4.346532
posterior,6,1.835805
postnasal_drip,7,2.081390
postnatal_drip,12,1.886802
postoperative,11,0.644411
postpartum,11,1.144849
postural,4,2.900599
posture,4,3.309517
pot,12,3.864112
pot_as_well,12,1.739795
potato,1,5.927905
potato_chip,7,2.618964
potential,12,3.770351
potential_cause,12,2.756795
potential_complication,9,1.184649
potential_side_effect,8,2.424975
pour_out,7,2.478475
powder,1,5.530032
power_eructate,6,2.447830
ppi,2,7.426288
ppi_medication,2,6.948328
ppi_use,9,1.135700
ppis,2,7.690432
ppis_for_35,12,1.217862
ppo,8,4.603388
practice,10,2.189381
practice_a_lot,10,2.401491
practice_enough,8,3.700435
practice_with_fizzy_water,10,3.286941
practise,10,2.373141
practitioner,9,3.887247
pre_auth,8,4.416825
pre_botox_symptom,11,1.325820
pre_exist_condition,8,4.598372
pre_op,8,4.930365
pre_op_appointment,8,4.132850
pre_op_room,5,4.569907
pre_operative,9,2.262073
pre_pregnancy,14,2.219478
pre_test,8,4.188485
pre_vomit,11,2.495230
precision,8,4.199388
precursor,14,3.147989
predate,12,1.388665
predominantly,12,2.091037
pregnancy,14,3.774864
pregnancy_test,5,4.807578
preliminary,9,2.621552
preliminary_test,9,2.972005
premier,6,1.789393
preop,8,4.109007
prepare,8,5.032987
prepare_room,5,4.618058
prescribe,2,7.468994
prescription,2,7.299311
prescription_medication,12,0.733457
present,12,3.655333
press,4,3.017902
press_against,3,2.604626
press_on_my_stomach,3,1.436067
pressure,3,2.508432
pressure_build_up,3,2.465837
pressure_buildup,7,1.316246
pressure_in_chest,13,2.765268
pressure_in_my_chest,13,3.284849
pressure_in_my_stomach,7,1.867354
pressure_in_my_throat,13,2.945480
pressure_inside,3,2.733007
pressure_on_my_chest,3,1.957092
pressurize,3,2.774039
pretty_bad,13,3.391175
pretty_clear,12,1.952032
pretty_common,12,3.037016
pretty_confident,11,1.595669
pretty_convince,12,2.215767
pretty_debilitate,11,0.718893
pretty_frequently,15,1.965642
pretty_funny,15,3.299302
pretty_grim,11,1.553156
pretty_gross,10,2.628450
pretty_intense,7,1.508843
pretty_loud,10,2.456343
pretty_mild,7,1.179863
pretty_much_go_away,7,1.355442
pretty_nervous,8,3.674289
pretty_normal,7,1.458874
pretty_obvious,11,2.364044
pretty_often,15,2.103534
pretty_quiet,10,2.760401
pretty_rare,11,1.125537
pretty_regular,15,2.201924
pretty_scared,9,0.950863
pretty_severe,13,3.082671
pretty_significant,11,0.630796
pretty_skinny,12,1.886057
pretty_sore,7,2.837315
pretty_thin,7,1.244762
pretty_typical,12,1.985388
pretty_uncomfortable,7,2.514145
pretty_violent,14,3.648956
pretty_weak,15,0.708620
pretty_weird,11,0.599977
prevalence,12,2.611181
prevent,3,2.516781
prevent_myself,15,2.497005
prevent_us,12,1.593721
previous_meal,15,2.031777
previous_thread,9,2.323579
price,8,5.267786
price_difference,8,4.492958
pricing,8,4.566545
prilosec,2,7.472778
primary,12,3.182575
primary_care,9,3.642192
primary_care_doctor,9,3.338771
primary_symptom,12,2.177473
princess,6,0.328286
principle,9,1.963745
print,9,4.052832
print_off,9,3.970963
print_out,9,4.036949
print_this,9,2.857687
prior_authorization,8,4.791293
prior_to_botox,13,3.021169
prior_to_surgery,9,2.284803
privacy,6,0.706956
private,9,4.276465
private_health,8,4.557805
private_health_care,9,2.356272
private_health_insurance,8,4.500849
private_healthcare,8,4.269661
private_hospital,8,4.263318
private_option,8,3.901026
privileged,11,2.287444
prize,6,1.285028
probable,12,2.556522
probably_why,12,1.555125
probe,5,4.750466
probiotic,2,6.170542
probiotics,2,6.348888
problem,12,4.059610
procedure,8,4.803731
procedure_a_few,10,2.376130
procedure_code,8,4.197942
procedure_cost,8,4.319802
procedure_itself,8,5.050955
procedure_schedule,8,4.252957
procedure_tomorrow,8,4.047050
procedure_under_ga,9,2.476843
procedure_under_general,8,4.485082
process_food,1,5.542007
produce_a_lot,3,2.395765
produce_gas,3,2.977874
produce_more_gas,3,2.756082
produce_more_saliva,13,2.720272
producer,6,2.195050
product,2,5.601381
production,3,2.690304
professional,9,3.840104
professional_life,6,-0.302419
professor,9,3.866192
professor_novakovic,9,2.713018
profound_slow_swallow,7,1.049897
profuse,7,0.896922
progress_get_worse,14,3.039466
progress_worse,13,3.324419
projectile,15,3.071573
prolific,14,2.446374
prom,11,1.585130
promise,11,4.189181
promote,4,2.690929
prone,14,3.070420
prop_myself_up,2,3.834879
prop_up,2,3.596021
prop_yourself_up,2,3.983314
proper_burp,10,3.640629
proper_digest,3,2.600987
proper_posture,4,2.808939
property,13,0.881726
propofol,8,4.570386
propose,9,2.988982
propranolol,2,6.553707
protect_mechanism,12,2.323605
protein,1,5.860949
protein_drink,1,5.505213
protein_shake,1,5.772302
proton_pump,2,7.529607
protrude,3,2.353532
proud,11,4.043326
prove,9,3.297328
prove_by,9,3.069767
provide_relief,10,3.055148
provide_some_relief,15,2.350459
provider,9,4.183892
provider_who,9,3.619218
province,9,4.078398
proximal_esophagus,6,1.500485
prs,12,2.089152
pseudo,9,2.268974
pseudo_obstruction,12,2.843058
pseudoscience,9,2.358493
psoas,3,2.190100
psychiatric,12,2.013782
psychiatrist,9,2.519397
psychological,12,3.704475
psychological_issue,12,2.311312
psychologist,9,2.026064
psychosomatic,12,3.795695
psyllium_husk,2,6.234688
pterodactyl,15,3.299978
ptsd,12,2.950966
pu,6,2.597239
public,15,3.635255
public_healthcare,9,4.072854
public_place,15,1.866283
public_system,8,4.294040
publication,9,3.717059
publish,9,3.871292
publish_their,9,3.357314
puff,4,2.832957
puff_of_air,10,2.880877
puke,15,3.380848
pull_my_shoulder,4,3.131172
pull_over,7,1.353549
pull_trig,15,1.913499
pull_up,4,2.945416
pulmonary,12,1.701993
pulmonologist,6,0.322740
pulp,1,4.211251
pump,3,2.728399
puncture,5,3.797565
punish,7,1.348083
puppy_dog,4,2.354177
puree,1,5.300956
purple,6,1.862325
push_against,3,2.629660
push_air,4,3.008460
push_forward,4,1.835552
push_my_chin,4,3.212634
push_my_head,4,3.328468
push_my_jaw,4,3.011376
push_my_neck,4,3.269282
push_out,3,1.634091
push_them,4,2.898914
push_too_hard,15,2.012094
push_up,4,2.298044
push_upward,3,1.848974
push_upwards,3,1.906124
push_with_your_ab,4,2.689930
push_yourself,4,2.102635
put_into_word,11,1.586946
put_my_chin,4,3.212768
put_my_finger,15,2.913608
put_on_weight,7,1.954660
put_pressure,3,2.911765
put_to_sleep,8,4.741111
put_under,8,4.931095
put_under_general_anesthesia,8,3.122581
put_up,14,3.308851
put_your_finger,15,1.731012
pvc,6,1.139312
pylori,12,1.539604
ql,3,1.877618
quake,3,1.682122
quantify,12,2.732794
quantity,1,4.606914
que_tender,5,4.237434
queasy,13,2.453512
quebec,9,4.011933
query,9,2.563018
question_and_answer,9,3.021270
qui,5,5.034057
quick_and_easy,8,4.598802
quick_update,8,3.458509
quiet,15,3.719117
quiet_room,15,3.926536
quiet_space,7,1.391910
quirk,14,3.774775
quirky,11,1.964112
quit_smoke,13,1.718379
quite_annoy,15,1.678216
quite_bad,7,1.409164
quite_common,12,2.840840
quite_frequently,15,2.018979
quite_high,11,0.937819
quite_nervous,8,3.532047
quite_rare,9,1.014271
quite_severe,7,0.817200
quite_significant,10,2.183091
quite_sore,7,2.546654
quite_sure,11,1.556969
quite_the_opposite,14,2.586470
quote,8,5.178545
r/askreddit,11,3.694084
r/dysautonomia,12,1.732890
r/fodmap,1,4.900852
r/noburp,11,4.526489
r/noburp_page,9,3.379000
r/noburp_wiki,9,3.530731
r_cad,12,2.388362
r_cop,14,3.752261
r_cpd,12,4.154218
r_cpd_also,12,2.505729
r_cpd_and_emetophobia,12,2.926099
r_cpd_be,12,4.192064
r_cpd_because,12,2.799913
r_cpd_before,9,3.088619
r_cpd_botox,9,2.716279
r_cpd_but,12,4.032599
r_cpd_can,12,3.500981
r_cpd_cause,12,3.616105
r_cpd_community,9,2.178272
r_cpd_cure,12,1.950474
r_cpd_doctor,9,3.266077
r_cpd_emetophobia,11,1.396317
r_cpd_experience,12,2.234408
r_cpd_from_youth_until,9,2.977435
r_cpd_have,12,3.822020
r_cpd_i,12,4.122285
r_cpd_if,12,1.612135
r_cpd_itself,9,1.462142
r_cpd_make,13,2.045937
r_cpd_may,12,3.201035
r_cpd_my,12,1.910307
r_cpd_not,12,3.139918
r_cpd_page,9,2.476214
r_cpd_patient,9,2.763336
r_cpd_provider,9,2.096439
r_cpd_related,12,2.450372
r_cpd_serious,2,6.380929
r_cpd_so,9,3.005709
r_cpd_specific,9,2.852898
r_cpd_suffer,12,3.695502
r_cpd_symptom,12,3.838781
r_cpd_tend,12,2.749388
r_cpd_the,12,3.261617
r_cpd_through,9,2.106866
r_cpd_treatment,9,3.801638
r_cpd_uk,9,2.981758
r_cpd_when,12,2.300876
r_cpd_which,12,2.781056
r_cpd_will,12,3.053866
r_cpd_would,9,1.495871
r_cpders,12,1.344822
r_pod,11,0.697223
rabeprazole,2,6.785195
race_heart,13,1.626712
racist,9,1.778393
radiate,3,2.152433
radiate_to_my,3,2.046436
radio,9,2.951884
radiology,9,2.611535
raft,2,5.439898
rain,6,0.308683
raise_awareness,9,3.474003
raise_your,4,3.100373
raleigh_nc,8,3.527239
ramification,12,1.832113
randall,6,1.338429
random,10,3.104465
random_bout,13,3.065942
random_burp,10,3.426376
random_hiccup,15,2.644614
random_moment,15,2.102616
random_question,9,1.542087
random_start,10,2.690031
range_of_motion,4,2.836752
ranitidine,2,6.426613
rapid_gastric_empty,12,2.228497
raptor,15,2.179521
rare,12,3.506785
rare_condition,11,2.119443
rare_condition_suggest,9,2.081790
rare_occasion,15,3.509410
rarely_fart,11,2.750032
raspy,7,1.810753
rate_of_success,8,4.504232
rather_than_rely,4,1.495313
rational,12,2.592234
raw,1,5.629837
raw_onion,1,4.807677
raw_vegetable,1,5.152617
rcpd,12,4.249454
rcpd_exist,9,2.695511
rcpd_patient,9,2.693850
rcpd_related,12,3.780340
rcpd_specialist,9,3.458974
rcpd_suffer,12,2.854038
rcpd_symptom,12,3.875584
rcpders,12,1.757109
read_on_this_sub,9,2.411327
read_through,11,4.635568
real_bad,13,2.772515
real_burp,10,3.650833
real_condition,9,2.588634
real_life,11,3.493358
real_medical,9,1.954561
real_problem,12,2.315883
real_quick,6,0.256837
real_relief,11,2.052698
real_thing,9,2.693406
real_vomit,15,2.188599
realize_how_often,14,3.487801
really_affect,14,2.926489
really_annoy,13,2.418340
really_anxious,15,3.107659
really_awful,13,2.473441
really_bad,13,3.962607
really_bother,14,3.647348
really_busy,9,2.154191
really_dry,7,3.006275
really_embarrass,15,3.994277
really_excite,11,4.363523
really_frustrate,11,2.822326
really_glad,11,4.053466
really_gross,15,2.478664
really_happy,11,4.177643
really_help,2,5.834310
really_hope,11,4.627571
really_hopeful,11,3.349208
really_hungry,7,1.996857
really_impact,14,2.441478
really_intense,13,2.766681
really_loud,15,4.151306
really_nauseous,13,2.916390
really_quick,10,2.314515
really_sick,13,2.951561
really_sore,7,2.780245
really_struggle,13,2.037517
really_suck,11,3.831095
really_thirsty,1,3.973192
really_tough,10,2.320055
really_uncomfortable,13,3.198511
really_unpleasant,15,2.132548
really_vary,11,0.856130
really_want,9,3.995282
really_wide,4,2.698579
realm,9,1.472455
rear_end,6,0.234139
rearrange,3,1.335830
reason_behind,11,2.542129
reassure,11,4.283381
reassure_thank,6,0.390210
reassure_to_hear,11,3.665874
reassure_to_know,11,3.293396
recall,14,4.864558
recap,11,3.942748
recede,6,1.704959
receive_100_unit,8,3.294383
receive_50,8,3.778318
receive_80,8,3.364737
receive_botox,8,4.004980
recent_discover,11,3.721318
recent_discover_this_sub,11,3.484347
recent_learn,14,3.203291
recent_post,9,2.762246
recent_realize,14,3.195357
recent_year,14,3.593879
receptor,3,2.293456
recline,4,3.151620
recognize,9,3.486128
recognize_condition,9,2.580910
recover,11,1.760245
recovery,11,1.890846
recovery_process,11,2.442384
recovery_room,7,2.728718
recovery_time,8,4.460378
recreate,4,2.753582
recurrent,12,2.299330
recut_linjection_en_cabinet,6,1.416760
recycle,6,1.212442
red_bull,1,4.516703
red_meat,1,5.201562
red_wine,1,4.708386
reddit,11,4.606764
reddit_account,11,3.671154
reddit_app,9,2.506840
reddit_user,11,2.201222
redo,8,2.751771
reduce,13,3.273010
reduce_bloat,2,4.768531
reduce_by,13,3.321440
reduce_gas,3,2.917841
reduction,13,3.410083
refer,9,3.909155
refer_to_a_gastroenterologist,9,1.439668
referral,9,4.101399
refine_carbohydrate,1,4.527198
refine_sugar,1,4.662697
reflect,12,1.770086
reflex,4,2.374944
reflux,12,3.604856
reflux_and_regurgitation,13,1.023037
reflux_disease,12,2.976668
reflux_gourmet,2,6.304380
reflux_issue,13,2.228660
reflux_medication,2,7.192579
reflux_regurgitation,7,1.412265
refuse_to_believe,9,2.312522
regimen,2,6.146044
regional,9,1.072596
reglan,2,6.662300
regress,11,2.621349
regret,11,2.751617
regret_it,11,2.774177
regular_doctor,9,3.974046
regular_occurrence,15,2.348500
regular_people,10,2.707371
regulation,12,1.733361
regurgitate,7,2.609124
regurgitate_a_little,7,1.940543
regurgitate_food,7,2.184697
regurgitation,7,2.186085
regurgitation_issue,13,1.193445
reintroduce,1,5.412886
relatable,11,2.614024
relate_to_this,11,2.364166
related_issue,12,3.354663
related_somehow,12,2.878706
related_to_noburp,12,3.496983
related_to_r_cpd,12,3.863250
related_to_rcpd,12,3.888455
relation,12,3.515939
relationship,12,3.467147
relationship_between,12,1.890805
relationship_with_food,12,2.736159
relative_new,9,3.107023
relative_recent,9,1.801402
relax,4,2.809465
relax_and_let,4,2.850285
relax_and_open,3,2.855793
relax_enough,4,2.679546
relax_my_shoulder,4,1.536734
relax_my_throat,4,2.861815
relax_to_allow,3,2.432676
relax_your_body,4,3.088601
relax_your_throat,4,3.027924
relaxation,3,2.853907
relaxation_technique,4,3.073212
relearn_how,7,1.939980
release,3,1.645598
release_air,15,1.818597
release_any,3,2.056776
release_gas,15,1.957578
release_of_air,10,2.907287
release_some,3,2.036622
release_them,4,2.632451
reliable,9,1.071068
reliant,4,0.608345
relief,10,2.819139
relief_soon,11,4.106189
relieve,10,2.785443
relieve_gas,4,2.602624
relieve_myself,15,2.679241
relieve_pressure,3,1.642271
rely,4,1.997880
remain_the_same,11,0.970511
remedy,2,5.989092
remember_ever,14,4.410278
remember_exactly,15,2.073066
rennie,2,6.346352
rennie_deflatine,2,6.107442
rep,4,3.579244
repair,12,2.862900
repair_before,9,1.056447
repeat_injection,8,3.421509
repeat_until,15,1.769366
repercussion,9,1.822863
repetition,4,3.569580
repetitive,15,2.523945
replicate_it,4,0.835524
repost,9,2.857240
represent,9,2.616840
reprieve,6,0.105916
reproduce,4,0.879080
reputable,9,3.414149
request,9,4.049452
require_a_lot,6,1.158746
require_a_referral,9,4.122557
require_manometry,9,2.660893
research,9,3.769218
research_into,9,2.722713
research_paper,9,3.932050
research_r_cpd,9,2.497303
research_study,9,3.215777
research_team,9,2.344779
researcher,9,2.708290
resemble_a,6,-0.408227
resident,9,3.709595
residual,7,1.805092
residue,1,4.791689
resource,9,3.803012
respiratory,12,1.754386
respiratory_infection,7,1.472908
respond_well,9,1.781539
rest,4,3.324701
restaurant,1,3.164500
restful,7,1.212836
restless,13,2.444188
restrict_my,1,3.960567
restrictive,1,5.245641
restrictive_diet,1,4.773180
restrictive_eat,12,2.867216
result_so_far,11,2.346679
retain_the,10,2.161005
retain_the_ability,10,3.409284
retain_the_ability_to_burp,10,3.446173
retch,15,3.151654
retch_sound,11,1.637749
retention,3,2.743661
retrain,3,2.749819
retrograde,3,2.853540
retrograde_cricopharyngeal,12,1.869273
retrograde_cricopharyngeal_dysfunction,9,3.059618
retrograde_cricopharyngeus_dysfunction,9,2.860416
retrograde_direction,3,2.763805
retrograde_only,3,2.586653
retrograde_only_neurological_dysfunction,12,2.171314
return_to_work,8,3.294608
reverse_burp,3,1.368543
review,9,4.079615
revision,9,1.368021
revolutionary,6,0.118315
rex,8,3.476269
reynard,12,1.767573
rheumatoid_arthritis,12,2.097683
rhinitis,12,1.877420
rib,3,2.584635
rib_cage,3,2.395473
rib_flare,12,1.544292
ribcage,3,2.339171
rice,1,5.881929
rice_cake,1,4.941354
rich_food,7,2.079137
richard,9,2.131917
ricola,6,1.623053
rid,14,2.571969
ridicule,11,2.189878
ridiculous,15,4.041941
ridiculous_amount,13,3.125521
rifaximin,2,6.742166
right_above,3,2.380336
right_arm,4,2.987200
right_before_bed,1,4.320221
right_behind,6,2.164806
right_below,4,2.029445
right_ear,6,1.433204
right_muscle,6,2.836757
right_on_track,10,2.345136
right_or_left,4,3.314658
right_side,4,3.203475
right_under,3,2.379182
rigid,6,2.459035
ring_around,9,2.511392
rip_apart,3,2.203376
rip_d,12,4.132234
rip_jack,11,2.656519
rip_open,7,1.539872
rise,3,2.619547
rise_in_my_throat,7,1.990525
rise_up,3,2.405864
risico,6,1.489291
risk,8,2.587606
risk_of_develop,12,3.411883
risk_of_esophageal,12,2.662931
risky,9,1.890184
ritalin,2,6.342225
riyadh,9,2.850462
roadblock,6,0.029708
roar,15,3.584780
robert_bastian,9,3.091126
robert_w_bastian_md,6,1.625514
robust,10,2.980153
rochester_ny,9,2.019064
rock_back_and_forth,4,3.203351
roemheld,12,2.767904
roemheld_syndrome,12,2.280048
rolaids,6,2.183164
role,12,1.513524
roll,4,3.110385
roll_my_rs,15,1.733789
roll_over,4,2.777653
roller,4,2.702578
room_temperature,1,4.865602
room_where,5,4.755445
rope,6,1.351207
rosacea,12,2.200648
rotate_my,4,3.098426
rough,10,2.586213
rough_patch,11,1.933868
roulette,11,1.160677
round_1,8,4.095041
round_2,8,4.255237
round_trip,8,4.856186
round_two,8,3.822895
routine,4,3.434785
rub,4,2.972415
rude,11,3.922847
ruin,7,2.563382
ruin_by,14,2.472514
ruin_my,14,3.052396
ruin_my_life,14,3.222763
ruin_so_many,11,1.334310
rule_out,9,3.264717
rule_out_anything,9,1.516574
rule_out_other,9,3.248954
rule_out_r_cpd,12,1.849120
rum,1,4.602330
rumble,15,4.166144
run_around,6,0.185061
run_down,7,2.018895
run_in_family,12,2.079127
run_in_my_family,12,2.138238
run_joke,15,3.615976
run_to_the_bathroom,15,2.956729
run_to_the_toilet,15,2.445965
runny_nose,13,2.805323
rush_to_the_bathroom,15,1.589882
russia,5,3.399146
rx,2,6.731879
sa,5,5.117260
saber,6,2.249214
safe_bet,6,0.723233
sag,3,2.006915
sake,11,3.371267
saline,8,4.178148
saliva,7,2.751723
saliva_mucus,7,2.346813
salivate,13,2.859257
salivate_a_lot,15,2.130111
salivation,13,2.720345
salt,1,5.634521
salt_lake_city,9,2.600069
salty,1,4.275925
salty_food,1,4.695029
salvia,7,2.101586
same_day,8,4.404765
same_experience,11,2.210332
same_problem,14,2.082752
same_situation,11,3.103266
same_time,6,0.373964
sample,9,3.445385
sample_size,8,2.850173
sampling,9,2.322178
san_diego,9,3.296732
san_leandro,8,3.751307
sandwich,1,5.714906
sanity,11,2.791086
sarah,9,2.052776
sarcasm,11,1.895790
satan,15,2.860970
satisfaction,11,1.519851
satisfy,10,3.084616
satisfy_burp,10,2.704112
sauce,1,5.683931
sauna,6,1.075020
savant,5,3.886072
save_my_life,11,2.873839
saw_doctor,8,3.990530
saw_doctor_villari,9,1.812734
say_excuse,15,2.498875
say_nope,15,1.722495
sc,9,3.094719
scam,9,3.000443
scan,9,2.873756
scare,14,4.545688
scared,14,4.439583
scared_of_vomit,14,3.405498
scary,14,3.935243
scary_at_first,11,2.051934
scary_part,6,1.358059
schatzki_ring,12,2.206215
schedule_for_april,8,3.902291
schedule_for_august,8,3.546671
schedule_for_june,8,3.630928
schi,9,2.600595
science_behind,9,1.892271
scientific,9,3.483318
scientific_argument,9,2.915629
scientific_evidence,9,2.821773
scientific_paper,9,2.943216
scientific_prove,9,1.227658
scientist,9,3.044562
scleroderma,12,2.190865
scope,9,2.779768
scope_down,5,4.770451
scope_down_my_nose,9,2.652134
scope_through,5,4.710431
score,6,1.148997
scotland,8,4.201502
scottish,9,2.317994
scramble_egg,1,5.667344
scratch,7,2.740941
scratch_throat,7,2.422941
scream,15,3.641294
screech,6,-0.196740
scrunch,3,2.218491
scuba,6,1.673938
scuba_dive,6,-0.716123
seafood,6,0.994587
search_on_here,4,2.576542
search_this_sub,9,3.120911
seasonal,6,1.516638
seat,4,3.062414
second_appointment,8,4.761858
second_attempt,8,3.894847
second_botox_shot,9,1.663029
second_dose,8,4.243965
second_injection,8,4.198290
second_jab,10,3.148463
second_one,8,4.270826
second_opinion,9,2.283732
second_pregnancy,14,3.714014
second_procedure,8,4.196661
second_round,8,4.227548
second_shot,8,4.144821
second_time,8,4.336072
second_time_around,8,3.779641
second_treatment,8,3.709687
second_week,10,3.081070
secondary,12,3.092936
section,9,3.650073
sedate,8,4.840291
sedation,8,4.858327
see_doctor_hicklin,8,3.143450
see_doctor_schindler,9,2.580056
see_doctor_spiegel,9,2.784071
see_he,8,4.281481
see_her,8,4.286946
see_result,11,2.555013
seed,1,5.362594
seek,9,3.863108
seek_help,9,3.120642
seek_out,9,3.852432
seek_treatment,9,3.703921
seem_to_be_able,15,2.047789
seem_to_fit,12,2.045559
seem_to_get_worse,14,3.236668
seem_to_help,2,5.861073
seem_to_trigger,1,4.885643
seem_to_vary,7,0.521538
seem_to_worsen,14,3.214580
seep,7,0.896458
segment,6,0.643742
seize,3,2.652115
seldom,11,2.160586
self_advocate,9,2.089054
self_confidence,12,1.554246
self_conscious,13,3.189965
self_conscious_about,15,2.289695
self_cure,4,2.216658
self_cure_method,4,2.636285
self_diagnose,9,3.365824
self_diagnose_myself,11,2.443360
self_esteem,12,1.990165
self_massage,4,2.692195
self_pay,8,5.002958
self_refer,9,3.841682
self_teach,4,1.950300
self_train,9,2.123109
selfish,9,1.637438
seltzer,1,4.684778
semaglutide,13,1.055794
semester,6,1.049230
sen,5,4.197243
send_a_referral,9,3.139630
send_he,9,3.680116
send_them,9,4.020240
sensation,3,1.736225
sensation_in_my_throat,7,2.302279
sensitive,7,2.281953
sensitive_enough,11,0.901987
sensitive_gag_reflex,15,2.085239
sensitive_stomach,13,1.746440
sensitivity,12,3.216059
sensitivity_to_botox,9,0.896642
sensory_issue,11,0.686325
sentence_without,7,2.336762
separate_issue,12,2.477993
septoplasty,12,1.985628
serious_life_change,11,1.452546
serotonin,12,1.791345
service,8,4.374202
set_of_symptom,12,1.441801
set_off,7,2.083254
several_doctor,9,3.360998
several_hour,1,4.190412
several_other,9,3.187609
several_time,15,3.352954
several_year_ago,9,2.044826
severe,13,3.849228
severe_anxiety,14,3.211890
severe_bloat,13,4.084457
severe_case,12,3.226159
severe_constipation,13,2.954268
severe_emetophobia,14,4.551536
severe_end,13,1.226919
severe_gerd,12,2.927622
severe_heartburn,13,1.958697
severe_impact,14,3.253343
severe_nausea,13,2.854374
severe_pain,13,3.626745
severe_reflux,12,3.048272
severe_regurgitation,7,1.360376
severe_side_effect,8,2.396676
severe_underweight,13,2.384450
severity,12,3.182660
sex_life,13,1.414439
shadow,9,2.208939
shake,1,5.373484
shake_my_head,4,2.978994
shake_up,7,1.087441
shaker,4,3.413189
shaker_exercise,4,3.424503
shaker_exercise_and_larynx_lower,4,3.294119
shaker_exercise_cricoid_massage,4,3.375982
shaker_exercise_help,4,3.290796
shaker_exercise_search,4,3.158946
shaker_larynx_lower,4,3.297661
shaker_method,4,2.345787
shaky,7,2.381799
shallow_breath,2,4.999899
shame,11,3.016702
shape,3,2.812564
shape_my_life,14,3.099153
share_their,9,2.644959
share_your_story,11,3.939073
sharma,9,3.315607
sharp,3,2.492771
sharp_pain,3,2.170705
she_ask,5,4.625499
she_inject,5,4.215481
she_put,5,4.566984
she_refer,9,3.803345
she_send,9,3.029798
she_suggest,6,0.703247
sheer,12,1.741813
sheet,9,2.970732
shepherd,6,1.769258
shift_my_head,4,3.124949
shirley_oak,8,4.444274
shit,15,4.001909
shit_suck,11,3.330936
shit_ton,7,2.379179
shiver,7,1.841304
shock,11,3.982598
shock_by,11,2.211543
shoe,6,2.517848
shoot_pain,3,2.167851
shoot_up,7,1.340066
short_answer,6,-0.445362
short_flight,6,0.298468
short_live,7,0.740158
short_of_breath,13,2.990820
short_while,7,2.815067
shortly_after_eat,7,2.283525
shortness_of_breath,13,3.774860
shortness_of_breath_and_heart_palpitation,13,2.846097
shortness_of_breath_be,13,2.326890
shortness_of_breath_etc,13,3.147668
shortness_of_breath_i,13,2.342410
shot_of_vodka,1,4.200469
shotgun,7,2.024869
should_subside,10,2.342680
shoulder,4,3.052317
shoulder_blade,3,2.303337
shove,4,2.263767
shove_my_finger,15,2.859266
shovel,1,3.965112
show,9,2.974981
show_anything,9,3.070213
show_he,9,3.860788
show_nothing,9,2.841658
show_r_cpd,9,2.576845
show_them_doctor_bastian,9,3.619455
shrink,3,2.057959
shudder,6,1.502375
shut_down,12,2.525817
sibo,12,3.880478
sibo_and_h_pylori,12,1.414985
sibo_h_pylori,12,2.890704
sibo_test,9,2.649749
sick,15,3.104965
sick_and_tired,11,1.718907
sick_to_my_stomach,13,2.858663
sick_with_a_cold,7,2.196792
sickness,13,3.772080
side_affect,9,1.445972
side_effect,9,0.871223
side_shaker,4,3.282811
side_stitch,13,2.274490
side_to_side,4,3.376272
sideways,4,3.354319
sideways_shaker,4,3.203764
sigmoid_colon,6,0.571893
sign_off,9,2.058047
significance,9,2.194543
significant,13,3.323458
significant_cheap,8,4.416421
significant_improve,14,2.241647
significant_increase,6,0.399783
significant_progress,10,2.426818
significant_worse,13,3.490688
sil,5,3.169591
silent,15,3.405863
silent_fart,6,-0.298115
silent_hiccup,15,2.234333
silent_migraine,13,2.870629
silent_one,10,2.602375
silent_reflux,12,3.826268
silly,11,3.792645
simethicone,2,6.313810
similar_condition,12,1.946538
similar_experience,11,4.246067
similar_issue,12,3.222626
similar_situation,11,3.713258
similar_story,9,2.565147
similar_to_mine,11,3.573689
similarity,11,2.602963
simultaneous,4,2.314857
since_august,11,0.585116
since_birth,14,4.543418
since_childhood,14,4.074128
since_forever,14,2.900931
since_infancy,14,4.294481
since_then,15,3.411918
sing,7,2.302965
sing_voice,7,0.940872
single_bite,1,4.820178
single_hiccup,15,3.569111
single_person,11,2.463920
single_time,14,3.764656
singular,15,1.777372
sinus,3,2.089781
sinus_drainage,7,1.729309
sinus_infection,13,1.107653
sinus_issue,13,2.061178
sinus_pressure,13,2.188147
sip,1,5.185768
sip_after_each,1,5.390635
sip_of_liquid,1,5.425772
sip_of_water,1,5.392376
sip_of_water_after_every,1,5.410840
sip_water,1,5.400538
sip_water_after_every,1,5.203386
sister,14,4.197216
sister_both,14,4.442288
sit,4,3.116625
sit_around,7,2.200992
sit_down,4,3.142076
sit_in_my_chest,3,1.547922
sit_in_my_throat,7,2.063692
sit_on_the_couch,7,1.815524
sit_or_stand,4,3.124917
sit_right,15,1.278103
sit_stand,4,3.143042
sit_straight,4,3.112277
sit_there,3,2.185811
sit_up,4,3.205385
sit_up_in_bed,7,1.857332
sit_up_straight,4,3.265576
sit_upright,4,3.060802
situation,12,3.999970
six,10,2.467103
six_day,9,1.530009
six_month_pregnant,13,2.564827
six_pack,6,1.954873
six_year,14,3.292818
sjogren,12,2.881298
skeptical,9,2.420629
skinny,14,3.367631
skinny_guy,15,1.687375
skip_breakfast,7,2.090332
skip_dinner,7,2.840669
skip_meal,7,2.511643
skirt,7,1.438023
sky,6,0.978463
slam,4,2.369245
slap,12,2.632783
sleep_apnea,12,3.516271
sleep_at_night,7,2.058778
sleep_elevate,2,4.129846
sleep_last_night,7,1.898273
sleep_on_a_incline,2,4.139964
sleep_on_a_wedge,2,4.007574
sleep_on_my_stomach,6,0.888390
sleep_position,6,0.627406
sleep_prop_up,2,4.071353
sleep_quality,13,2.039361
sleepy,7,2.644314
slight_burn,7,1.716018
slight_difficulty,7,2.042856
slight_discomfort,7,2.618197
slight_lump,7,2.553230
slight_pain,7,2.442271
slight_regurgitation,7,1.499786
slight_slow_swallow,10,2.333629
slight_sore_throat,7,2.236391
slightly_better,7,1.519453
slightly_different,11,2.128188
slightly_forward,4,3.111365
slightly_high,8,2.913444
slightly_lower_success_rate,9,1.773190
slightly_nauseous,13,2.752677
slightly_overweight,14,2.826865
slightly_sore,7,2.642470
slightly_sore_throat,7,2.355776
slightly_worse,13,2.664688
slim,14,3.246415
slime,7,2.230667
slip_out,10,3.159094
slouch,4,3.278932
slow_and_gentle,4,2.779309
slow_but_surely,10,3.000406
slow_digestion,12,2.232837
slow_eater,1,3.830955
slow_get_better,10,2.675313
slow_motility,12,2.880173
slow_move,3,1.597897
slow_progress,10,2.791578
slow_release,3,1.935254
slow_sip,1,4.589420
slow_starter,11,2.819138
slow_swallow,10,2.590651
slow_swallow_begin,10,2.363837
slow_swallow_etc,7,0.867340
slow_swallow_kick,10,2.365008
slow_swallow_last,10,2.836653
slow_swallow_regurgitation,7,0.938445
slow_swallow_side_effect,8,2.547400
slow_swallow_start,10,2.495493
slow_swallow_which,10,2.444393
slump,4,2.750166
slurp,1,4.783323
sm,11,2.772407
small,10,3.656577
small_amount,7,2.521962
small_and_quiet,10,3.309416
small_bite,1,5.468612
small_bite_chew,1,4.283693
small_bowel,12,1.945801
small_bubble,4,2.085916
small_burp,10,3.690456
small_camera,5,4.520317
small_dose,8,3.623855
small_group,9,1.830155
small_hiatal_hernia,12,1.925551
small_intestine,3,2.869442
small_intestine_bacterial_overgrowth,12,2.745423
small_meal,1,4.890399
small_micro,10,3.197252
small_mouthful,1,5.447870
small_one,10,3.662438
small_pill,1,4.589252
small_portion,1,5.140791
small_silent,10,1.989310
small_sip,1,5.373915
small_sip_of_water,1,5.443991
small_snack,1,4.100414
smell,15,4.005414
smell_bad,15,2.636441
smell_fart,15,2.785623
smell_taste,15,2.582923
smile,15,4.196023
smoke,1,4.683682
smoke_cigarette,13,1.508628
smoke_salmon,1,4.427425
smooth_muscle,3,2.435605
smooth_recovery,11,3.943912
smoothie,1,5.764612
snack,1,4.630053
snake,6,2.669716
sneak_off,7,1.106562
sneeze,15,2.281021
sneeze_cough,15,2.261899
sneeze_or_cough,15,2.537623
sniff_and_swallow,5,4.130912
sniffle,7,2.143199
snorkeling,7,1.955548
snorkelling,7,0.646764
snort,7,2.189153
snot,6,2.770818
so_annoy,13,2.994290
so_annoyed,11,2.387585
so_bad,13,3.749689
so_confuse,11,2.641547
so_cool,11,3.796409
so_debilitate,14,2.891276
so_desperate,11,3.302526
so_disappoint,11,3.397263
so_discourage,11,3.566933
so_embarrass,15,4.235044
so_excite,11,4.704199
so_foreign,15,1.783913
so_frustrate,11,3.919310
so_funny,15,4.036492
so_glad,11,4.693956
so_grateful,11,4.305840
so_gross,15,2.638532
so_happy,11,4.714150
so_hard,15,3.055738
so_hopeful,11,3.259693
so_hopeless,7,1.729000
so_long,11,4.086593
so_loud,15,4.184984
so_lucky,11,3.855078
so_miserable,13,3.176569
so_much_better,11,3.209455
so_nervous,8,3.671209
so_nice,11,4.369403
so_overwhelm,11,2.610494
so_proud,11,3.082461
so_reassure,11,3.580896
so_refresh,11,3.455911
so_relatable,11,1.480559
so_relieve,11,4.494045
so_sad,11,3.110457
so_satisfy,10,2.519395
so_scared,14,4.430066
so_sorry,11,4.535340
so_sweet,9,2.063749
so_thankful,11,4.527933
so_thrill,11,3.159234
so_tight,3,2.589146
so_tired,13,3.193926
so_uncomfortable,13,3.308445
so_validate,11,3.804162
so_weird,15,4.233369
so_your_mileage,9,1.640621
soak,1,4.353695
soap,6,1.681571
soar_throat,7,2.254258
sober,1,3.815558
social_acceptable,15,2.628336
social_anxiety,14,3.424958
social_event,7,2.780176
social_gather,7,2.190400
social_life,14,3.514366
social_media,9,3.200929
social_occasion,7,2.263276
social_setting,13,2.576423
social_situation,13,3.073423
socialize,7,2.584235
socialize_medicine,9,3.869446
sock,5,4.201752
soda,1,4.572544
soda_beer,1,4.499498
soda_etc,1,3.299952
soda_water,1,4.582088
sodium,1,5.350862
sodium_alginate,2,5.756886
soft,1,5.804059
soft_drink,1,4.536222
soft_food,1,5.590423
soft_food_like,1,5.416510
soft_palate,4,3.154640
soft_pallet,4,2.768477
soft_speak,11,2.053379
soft_tissue,3,2.219179
solar_plexus,4,2.160318
solid_food,1,5.457634
soluble,1,5.107772
solve_nothing,12,1.332132
some_advice,11,4.098269
some_answer,11,4.139808
some_encouragement,11,3.115948
some_extent,12,1.980539
some_extra,2,6.355510
some_food,1,5.333509
some_ibuprofen,2,6.219352
some_ice_cream,1,4.999774
some_improvement,9,1.196802
some_irritation,7,2.626856
some_level,12,2.649583
some_medicine,2,6.885869
some_microburp,10,3.361804
some_mild,13,2.411940
some_numb_spray,5,4.023604
some_of_us,12,3.639368
some_paperwork,5,4.633399
some_progress,11,3.725408
some_regurgitation,7,2.035679
some_relief,10,2.592718
some_research,9,3.854861
some_soreness,7,2.625482
some_soup,1,5.147439
some_trouble,9,1.441933
some_tums,2,4.743402
some_tylenol,7,1.703974
some_water,1,5.376627
some_yoga,4,3.057221
somebody_who,12,1.505608
somehow_related,12,2.801901
someone_tell,11,2.227123
something,4,2.210217
something_call,9,1.151139
something_stuck,7,2.772045
sometimes_a_little,15,1.997452
sometimes_accompany,15,2.202095
sometimes_ill,15,2.353148
somewhat,15,2.070260
somewhat_manage,13,1.872966
somewhat_relieve,15,2.184006
somewhat_similar,11,2.271744
somewhere_along,6,0.376209
soothe,2,4.743242
sore,7,2.702923
sore_neck,7,2.430051
sore_spot,6,1.427394
sore_throat,7,2.280050
sore_throat_after,8,3.451112
sore_throat_afterwards,6,2.133467
sore_throat_go_away,7,0.971949
soreness,7,2.535138
sorry_in_advance,9,2.454151
sort_of_like,3,1.949852
sort_of_thing,9,2.179050
sort_soon,11,4.193732
sortie,6,1.608481
soul,9,2.118119
sound,15,4.282534
sound_a_bit,15,2.202544
sound_a_little,7,1.287194
sound_amazing,11,3.411555
sound_awful,11,3.669249
sound_crazy,15,1.835903
sound_different,10,2.455032
sound_disgust,15,3.035189
sound_fantastic,11,3.278711
sound_gross,15,2.023819
sound_horrible,11,3.059761
sound_insane,6,1.525551
sound_more,10,2.653635
sound_normal,10,2.976290
sound_rough,11,2.842128
sound_scary,11,1.925743
sound_terrible,11,3.217464
sound_very_familiar,14,3.126955
sound_wave,6,2.706220
sound_weird,15,2.002507
soundless,15,3.039532
soup,1,5.799428
soup_and_protein,1,4.011206
soup_smoothie,1,5.706491
sour,1,5.563944
sour_stomach,13,1.658123
sour_taste,7,2.419535
source,9,3.818508
sourdough,1,4.934134
southern_california,9,3.849872
southern_indiana,9,2.158823
space_above,6,0.844065
space_between,6,1.828101
spain,9,3.879300
span,6,2.520866
sparkle,1,4.550724
sparkle_water,1,4.739190
spasmodic_dysphonia,9,2.082787
spat,15,1.743253
speak,9,3.791574
speak_voice,6,1.292274
specialist,9,4.186362
specialist_who,9,4.087239
specialize,9,3.852682
specialize_in_medical_anxiety,9,2.942507
specific_ask,9,3.302589
specific_design,9,2.616735
specific_food,1,4.982237
specific_name,9,2.493341
speculate,12,3.397121
speech,12,1.072373
speech_language_pathologist,9,2.706193
speech_pathologist,9,3.239430
speech_therapy,9,3.442406
spend_year,14,2.845957
spew,15,1.718253
sphincter,3,3.021884
sphincter_between,6,1.252010
sphincter_les,3,2.744211
sphincter_muscle,3,2.786316
sphincter_ues,3,2.913037
spice,1,5.136371
spicy,1,5.429866
spicy_fatty,1,5.041232
spicy_food,1,5.358806
spicy_stuff,1,4.826658
spill_into,12,2.446603
spindrift,1,4.571931
spine,3,2.513058
spirit,1,4.784181
spit,7,2.688253
spit_constant,7,2.615170
spit_out,7,2.585292
spit_up,15,3.464537
split_second,15,1.897652
splutter,7,2.472867
spoiler_alert,11,1.809731
spontaneous,10,3.099829
spoon,4,2.636294
spot,5,4.167874
spot_where,4,2.490546
spray,5,4.809089
spread_awareness,9,3.104118
spread_throughout,6,0.726662
sprite,1,4.711504
spurt,6,0.941674
squash,1,4.891562
squat,4,3.135532
squat_down,4,2.723086
squat_instead_of_bend,2,4.109023
squat_instead_of_bend_over,2,4.155980
squeak,15,2.447654
squeamish,9,1.918150
squeeze,4,3.002477
squeeze_my_stomach,4,2.746168
squish,3,1.626837
squishy,6,1.680794
ssri,2,6.993757
st_louis_park_mn,9,2.232598
stab,7,2.036421
stab_pain,13,2.501962
staff,8,4.404741
stage_where,10,2.593374
stalk,11,3.721768
stance,6,1.934729
stand,4,3.149568
stand_for_retrograde,12,2.440132
stand_or_sit,4,3.073397
stand_to_reason,13,0.903015
stand_up,4,3.128424
standard_amount,8,3.280516
standard_dose,8,3.660356
standpoint,12,2.356458
staple,2,4.398448
star,5,5.145868
starbucks,6,1.274241
starch,1,5.337886
start_dry_heave,7,1.294626
start_microburp,10,3.153880
start_salivate,7,1.834801
start_shaker,4,3.181908
start_to_finish,8,4.213394
start_to_subside,10,2.307029
start_to_wear_off,10,3.507777
startle,15,2.767027
starve,7,3.212972
starve_myself,7,1.783713
stat,8,3.651040
statement,9,3.376399
statistic,9,3.676802
stay_away,1,5.055644
stay_calm,1,5.285452
stay_healthy,9,1.321974
stay_home,7,2.609372
stay_hydrate,1,5.288005
stay_in_touch,11,3.804261
stay_inside,3,1.984757
stay_open,6,1.349170
stay_overnight,8,4.428381
stay_the_same,12,1.880171
stay_upright,7,1.750809
stem,12,3.724335
stenosis,12,1.706958
step_3,4,2.560695
step_to_address,2,6.419870
sternum,3,2.260699
sternum_area,3,2.151881
steroid,2,6.812941
stewart,9,2.730322
stick_my_finger,15,3.010680
stick_my_tongue,4,2.985568
stick_to_liquid,1,4.505142
stick_two_finger,15,2.712092
stick_your_finger,15,2.080354
stick_your_neck,4,3.120825
sticker,5,4.269319
sticky_pad,5,4.348705
stiff,3,2.456123
stiffness,3,2.116320
stifle,15,1.526188
still_a_little,7,2.567549
still_able,10,2.561983
still_active,10,3.429759
still_present,13,3.053921
still_recover,10,2.132144
still_sore,7,2.765361
still_struggle,10,2.946812
still_suffer,14,3.085940
still_unsure,9,1.305099
stimmklinik,9,2.589228
stimulant,2,4.912469
stimulate,4,2.838488
stimulation,3,2.321147
stimulus,3,2.646946
sting,5,4.611508
stitch,12,0.689274
stoke,11,2.939766
stoma,12,2.353520
stomach,3,2.841134
stomach_ache,13,4.204505
stomach_acid,3,2.699921
stomach_acid_production,12,2.086659
stomach_and_esophagus,3,2.702343
stomach_area,7,1.884354
stomach_bug,14,4.142951
stomach_cancer,12,1.888547
stomach_churn,13,1.556397
stomach_content,3,2.749271
stomach_contraction,15,1.796560
stomach_cramp,13,3.830263
stomach_discomfort,13,2.754142
stomach_distension,13,2.074482
stomach_expand,3,2.642672
stomach_flu,14,4.106930
stomach_fluid,3,2.772168
stomach_gas,3,2.359965
stomach_hurt,13,2.741530
stomach_infection,12,2.862688
stomach_issue,12,3.747001
stomach_lining,12,2.176605
stomach_muscle,4,2.907963
stomach_nausea,13,2.915667
stomach_noise,13,3.383574
stomach_pain,13,4.182696
stomach_problem,12,3.451849
stomach_rumble,15,3.867720
stomach_ulcer,12,3.134316
stomach_vacuum,4,3.060510
stomach_virus,14,3.906233
stomach_wall,3,2.129584
stomachache,13,3.033581
stool,3,2.893130
stool_sample,9,2.700458
stool_softener,2,6.505196
stool_test,9,2.728156
stop_altogether,9,1.169093
stop_eat,1,4.611297
stop_myself,15,2.858669
stop_smoke,13,1.795415
stop_take,2,7.085044
stop_work,10,3.500555
story,11,4.690467
story_here,9,2.597933
stout,1,4.653491
straight_into,5,4.314657
straight_shoulder,4,3.136697
straighten,4,3.108510
straighten_my,4,3.054264
strain,4,2.720866
strange_noise,15,4.185677
strange_sensation,7,2.064350
stranger,11,2.832725
strangle,15,3.021071
stream_of_air,2,4.732313
strength,4,2.938283
strengthen,4,2.863126
strengthen_muscle,4,2.809804
strep,7,1.693616
strep_throat,7,2.432946
stress,14,3.518298
stress_about,15,1.759419
stress_and_anxiety,12,2.351027
stress_anxiety,12,2.112115
stress_enough,15,2.255397
stress_or_anxious,7,0.966119
stress_situation,15,2.024953
stressor,11,0.647607
stretch,4,3.136846
stretch_colon,13,1.200538
stretch_exercise,4,2.979662
stretch_my_neck,4,3.241401
stretch_out,3,2.990851
stretch_out_esophagus,12,1.323607
stretch_your_neck,4,3.230417
strip,6,1.729488
strive,6,1.571759
stroboscopy,9,2.941398
stroke,12,1.305558
strong_link,12,2.704400
strong_reaction,15,3.847971
struggle,14,3.396125
struggle_a_bit,11,2.223637
struggle_a_lot,14,2.991274
struggle_to_breathe,13,2.618111
struggle_to_swallow,1,4.727386
struggle_with_emetophobia,14,2.956853
struggle_with_the_same,11,2.217350
stuck,7,2.386035
stuck_air,3,1.544474
stuck_around,10,2.705700
stuck_in_my_chest,7,1.785616
stuck_in_my_esophagus,7,1.811950
stuck_in_my_throat,7,2.321448
stuck_in_your_throat,7,2.566038
stuck_my_finger,15,2.948873
stud,6,0.809340
study,9,3.821969
study_and_potential_participate_please,9,2.195790
stuff,1,5.569279
stuffy,7,1.870467
stuffy_nose,7,2.229785
stumble,11,3.818681
stumble_across_this_subreddit,11,3.690686
stumble_upon,11,4.171689
stumble_upon_this_sub,14,3.288232
stupid,11,3.808390
stutter,6,-0.520325
sub,11,4.590239
sub_reddit,11,3.463412
sub_wiki,9,3.605822
subconscious,4,2.294993
subject,9,3.652872
subjugation,6,0.882563
submit,8,4.575685
subreddit,11,4.590974
subreddit_wiki,9,3.581234
subsequent,9,0.672376
subsequent_injection,8,3.400181
subside,13,3.150238
subside_a_lot,13,1.660652
substantial,10,2.602541
subtle,15,1.869462
succeed,4,2.017513
success,8,3.468224
success_appeal,9,2.442504
success_rate,8,3.902236
success_so_far,8,3.179804
success_with_shaker_exercise,4,2.250696
succession_of_microburp,10,3.125896
succinylcholine,12,1.280923
such_a,11,4.185883
such_a_bummer,11,2.763371
such_a_nice,11,3.323250
such_a_novelty,10,2.533118
such_a_relief,11,4.432897
such_a_shame,11,3.637819
such_a_strange,11,2.778596
such_a_weird,11,2.418899
such_bad,13,3.708137
such_discomfort,12,1.513256
such_severe,13,3.160013
suck_in_air,4,2.380312
suck_so_bad,6,-0.596190
sucralfate,2,6.586729
sudafed,2,4.677860
sudden_onset,13,1.502345
suddenly_develop,14,2.412567
suffer,14,3.796949
suffer_a_lot,12,2.241169
suffer_from_constipation,12,1.828112
suffer_from_emetophobia,14,4.207991
suffer_from_r_cpd,12,3.004510
suffer_from_severe,14,3.095421
suffer_my_entire,14,3.215727
suffer_the_same,11,2.121481
suffocate,7,2.258915
sugar,1,5.621197
sugar_alcohol,1,4.947662
sugary,1,4.993746
sugary_food,1,4.766811
sugary_stuff,1,3.776978
summon,15,2.723489
sunday,8,4.238148
super_annoy,7,1.426360
super_anxious,7,0.566511
super_bad,13,3.040301
super_bloat,13,3.265633
super_early,10,1.890515
super_embarrass,15,3.905417
super_excite,11,4.485100
super_fast,7,2.203459
super_frustrate,11,2.856160
super_full,13,2.597818
super_gassy,15,2.043355
super_gross,15,2.937001
super_hopeful,11,2.790943
super_hungry,7,2.287852
super_loud,15,3.998110
super_low,6,0.723220
super_nauseous,13,3.172083
super_nervous,8,4.003448
super_pain,13,2.705879
super_power,11,2.727031
super_quick,8,4.694124
super_rare,11,1.019105
super_relieve,10,2.718208
super_scary,11,2.239688
super_sensitive,15,1.867260
super_skinny,14,3.404051
super_strict,13,1.487466
super_thin,6,0.336447
super_tight,3,2.120036
super_tiny,15,0.747332
super_tired,7,2.164780
super_uncomfortable,13,3.223300
super_weird,15,1.545771
supermarket,1,4.247513
superpower,11,2.689810
supplement,2,6.714706
support_community,11,3.543440
support_each,11,3.394998
support_evidence,9,1.134310
support_group,9,2.854715
suppository,6,2.021014
suppress,4,2.075925
suppress_it,15,2.920305
sure_as_hell,6,0.043197
sure_what,11,3.281640
surface_area,6,1.601298
surface_tension,3,2.471328
surfactant,4,2.754562
surge,7,0.841758
surgeon,9,4.087901
surgeon_who,9,3.943516
surgery,8,4.811655
surgery_center,8,4.550545
surgery_itself,8,4.786678
surgery_on_wednesday,9,1.925121
surgery_room,5,4.754463
surgery_schedule,8,4.183882
surgical,8,4.244394
surgical_center,8,4.804297
surgical_option,9,1.841984
surprise_by,11,2.453587
surreal,11,2.885286
surround_area,9,2.677587
survey_here,11,1.669570
suspect,12,3.889423
suspect_r_cpd,9,2.946155
suspect_that,12,3.510273
suspicion,12,2.715821
suspicion_that,12,2.836361
swallow,1,4.903523
swallow_a_lot,3,2.053895
swallow_a_ton,3,2.049155
swallow_air,1,4.299585
swallow_and_sniff,5,4.305622
swallow_difficult,7,1.153449
swallow_difficulty,7,1.361766
swallow_disorder,9,3.254599
swallow_food,1,5.244776
swallow_issue,7,1.093237
swallow_less,3,2.101696
swallow_liquid,1,4.503591
swallow_more,3,2.031536
swallow_my_own,7,2.733184
swallow_pill,7,2.981213
swallow_problem,12,2.264034
swallow_proper,7,2.671686
swallow_reflex,6,1.255623
swallow_saliva,7,2.393071
swallow_solid,1,4.852024
swallow_study,9,2.830808
swallow_technique,4,1.541560
swallow_test,9,2.974211
swallow_water,1,4.568572
sweat,7,2.378638
sweat_shake,13,2.655109
sweater,6,2.227707
sweatpants,7,1.813472
sweet_potato,1,5.319628
swell,7,2.657961
swell_throat,7,2.282190
swig,1,4.364706
swig_of_water,1,5.011132
swim_competitive,6,0.655368
swish,1,4.097655
switch_side,6,1.282706
sydney,9,4.155162
sydney_australia,9,2.902494
sympathy,11,2.998974
symphony,6,1.296713
symptom,12,3.992736
symptom_associate,12,2.292929
symptom_disappear,14,2.707320
symptom_free,10,3.183137
symptom_get_worse,14,3.431370
symptom_include,13,3.441799
symptom_of_r_cpd,12,3.812523
symptom_vary,11,1.066869
symptom_wise,13,1.726900
symptom_worse,15,3.891788
symptom_worsen,14,3.454336
symptomatic,12,2.499496
syndrome,12,4.040758
syracuse,9,2.852387
syringe,8,4.113666
syrup,1,4.812315
systemic,12,2.182642
t_rex,15,3.289445
tabla,6,2.366869
tablespoon,1,4.734147
tablet,2,6.131374
tabletop,6,1.538788
taboo,15,3.493756
tachycardia,12,2.379315
tack,6,2.326176
take_a_ppi,2,5.994056
take_adderall,13,1.969528
take_amitriptyline,6,0.441827
take_antacid,2,5.748279
take_antibiotic,13,1.170452
take_big_gulp,1,3.654467
take_deep_breath,4,2.889907
take_digestive_enzyme,2,4.935355
take_effect,10,3.472521
take_gas_x,2,5.834238
take_gaviscon,2,6.376486
take_ibuprofen,2,5.078702
take_into_account,9,1.846274
take_magnesium,2,4.717255
take_medication,13,3.006154
take_more_effort,7,1.927883
take_omeprazole,2,7.310145
take_pepcid,2,6.605873
take_pill,7,2.990270
take_ppis,13,2.976816
take_prilosec,2,7.052255
take_probiotics,2,5.664013
take_serious,9,3.653473
take_shot,1,3.605626
take_small_bite,1,5.455412
take_small_sip,1,4.996313
take_some_tylenol,1,4.257716
take_tums,2,6.260760
take_tylenol,7,2.125476
take_xanax,2,6.425955
tale,11,2.740623
talk_a_lot,7,2.569066
talk_laugh,1,3.899606
talk_loud,7,2.364104
talk_to_doctor_bastian,8,3.543826
talk_to_her,8,3.870149
talk_to_my_pcp,9,2.790534
tan,6,2.331216
tangle,3,2.393089
tap,4,3.139181
tap_water,1,3.611540
tar,6,1.402170
target,3,2.774427
taste_acid,7,1.213863
taste_anything,10,2.392053
taste_awful,2,4.682991
taste_bad,15,2.061809
taste_delicious,10,2.707312
taste_great,1,4.426904
taste_gross,3,0.697409
taste_horrible,6,0.748670
taste_in_my_mouth,7,1.644679
taste_like_bile,15,2.162161
taste_like_vomit,15,2.507138
taste_or_smell,10,2.439765
tea,1,5.535531
teach_my_body,10,2.595366
teach_myself,4,1.943805
teach_myself_to_burp,4,1.979612
teach_themselves_how,4,2.033304
teach_your_body,4,1.789643
teach_yourself,4,2.024102
teach_yourself_how,4,1.632867
teach_yourself_to_burp,4,2.004768
teach_yourself_to_squat_instead,2,4.152349
teammate,6,0.226577
tear_up,15,3.874889
tears_of_joy,6,-0.284383
teary_eye,15,3.335473
tech_neck,3,2.149122
technical_possible,11,1.058481
technique,4,3.318395
tee,6,2.116019
teen,14,3.987467
teen_and_early,14,2.749511
teen_year,14,3.782964
teenage,12,1.899990
teenage_year,11,2.044342
teeny,10,3.065820
telehealth_visit,8,3.822440
telemed,8,3.714749
tell,9,3.725777
tell_he,9,3.831561
tell_my_primary,9,2.798749
tell_myself,15,3.495381
tell_people,15,4.042919
tell_them,9,3.763369
temple,6,1.810101
temporary,8,2.588646
temporary_relief,10,2.015078
temporary_side_effect,8,2.477218
temporary_worse,13,1.165932
tend_to_get_worse,14,3.384710
tend_to_happen,7,1.556484
tend_to_swallow,3,1.932705
tend_to_worsen,14,3.270671
tend_to_worsen_with_age,12,2.014068
tender,3,2.033767
teng,9,2.817245
tennessee,9,2.986072
tennis,6,1.758793
tennis_ball,4,3.329605
tense,4,2.716600
tense_muscle,3,1.952884
tense_my_abdomen,15,1.963459
tense_my_stomach,4,2.682770
tense_my_throat,3,1.772505
tense_up,4,2.631022
tension,3,2.869953
tequila,1,4.703869
terrible,13,3.947974
terrible_bloat,13,3.014795
terrible_emetophobia,14,3.958177
terrible_heartburn,2,6.213350
terrible_hiccup,13,1.619681
terrible_pain,13,2.756039
terrify,14,4.446656
terrify_of_throw_up,14,3.407361
terrify_of_vomit,14,3.669570
test,9,2.994068
test_for_celiac,12,2.728550
test_negative,12,2.729841
test_result,9,2.943936
test_to_confirm,9,1.541216
testimony,9,2.596847
testosterone,6,0.497677
texas,9,4.085421
textbook_rcpd,12,1.590978
texture,1,5.741804
than_before,15,1.988362
than_late,9,1.451272
than_normal,7,2.220457
than_regular,13,1.353013
than_the_rest,9,1.701099
than_usual,13,2.412468
than_yesterday,7,2.093365
thank_u,11,3.385444
thank_you_also,11,2.387449
thank_you_and_congratulation,11,2.633794
thank_you_definitely,9,1.540473
thank_you_everyone,11,3.005537
thank_you_for_post,11,3.495722
thank_you_for_read,11,3.728670
thank_you_for_respond,9,1.622671
thank_you_for_share,11,4.319118
thank_you_for_this,11,4.294707
thank_you_for_your_feedback,11,3.588354
thank_you_for_your_input,9,1.668647
thank_you_for_your_reply,11,3.616170
thank_you_for_your_story,11,3.576741
thank_you_good_luck,11,2.419899
thank_you_how,11,2.641655
thank_you_ill_definitely,9,1.740061
thank_you_its,11,3.193035
thank_you_r/noburp,11,3.062414
thank_you_so_glad,11,2.711549
thank_you_thank_you,11,3.411050
thank_you_this,11,3.605372
thank_you_to_everyone_who,11,4.017157
thank_you_to_whoever,11,3.733397
thank_you_what,11,3.001277
thank_you_x,11,2.298029
thank_you_you,11,2.952083
thanks_for_reply,11,3.597800
thanks_for_share,11,4.611539
thanks_guy,11,2.991402
thanks_man,9,2.219888
thanks_so_much,11,4.618557
that_make_sense,3,1.085336
that_specialize,9,3.754902
thc,2,5.047075
the_absence,13,2.216068
the_acid_reducer,2,6.382267
the_aftermath,7,1.864534
the_airway,3,2.745487
the_anesthesiologist,8,4.983030
the_bathroom,15,2.781419
the_beginning,10,3.078893
the_body,3,2.851491
the_botox_migrate,6,1.616618
the_botox_wear,10,3.584041
the_brain,3,2.848905
the_camera,5,4.938128
the_charm,11,3.764052
the_condition,12,4.110243
the_contrary,6,-0.560792
the_couch,4,3.014357
the_cp,3,2.621774
the_cpm,6,1.768450
the_cricoid,4,3.109455
the_cricopharyngeus,3,2.981867
the_culprit,12,2.616192
the_development_of_hiatal,12,3.427274
the_diaphragm,3,2.896472
the_earliest,8,3.990996
the_edge,4,2.590805
the_equation,3,1.828157
the_er,9,2.827520
the_esophagus,3,3.045041
the_evening,7,3.333440
the_first_trimester,13,2.674906
the_floor,4,3.085952
the_founder,9,2.270932
the_fridge,1,4.066924
the_gist,9,1.095581
the_good_decision,11,2.992453
the_guardian,9,3.078828
the_hang,10,2.742063
the_hospital,8,5.005227
the_idea,14,4.558680
the_infamous,15,2.984855
the_injection,8,4.806563
the_internet,11,4.521430
the_intestine,3,2.844885
the_intubation,7,2.287590
the_key,4,2.732499
the_larynx,3,2.821317
the_les,3,2.994039
the_lower_esophageal,3,2.984778
the_lump,7,2.683818
the_majority,12,3.195932
the_military,9,1.877088
the_mirror,4,2.982415
the_morning,7,3.527047
the_muscle,3,2.946634
the_netherlands,9,4.076601
the_nhs,9,4.219268
the_nose,5,4.909639
the_numb_agent,5,3.509318
the_operation,8,4.898930
the_phone,8,4.037704
the_pnw,9,2.658054
the_price,8,5.220479
the_private_sector,9,3.209044
the_procedure,8,4.800906
the_progression,9,2.975211
the_right_direction,11,3.639441
the_roof,4,3.236080
the_same_boat,11,4.455052
the_scheduler,8,3.548704
the_scope,5,4.856859
the_sensation,3,1.383217
the_shard,8,4.268806
the_shower,4,2.800243
the_side,4,3.266154
the_sink,3,2.294102
the_sixteenth,8,3.731540
the_sole,12,2.872196
the_spectrum,12,1.452144
the_sternum,3,2.493162
the_subreddit,9,3.848501
the_surgery_center,8,4.985623
the_tik_tok,9,2.339739
the_title,9,3.135082
the_toilet,15,2.813676
the_trachea,3,2.743941
the_ues,3,3.016105
the_uk,9,4.220666
the_upper_esophageal,3,3.000235
the_urge,15,2.928704
the_usa,9,3.867165
the_vast,9,1.730100
the_vast_majority,12,1.599115
the_verge,13,2.413832
the_waist,4,3.008089
the_waitlist,8,3.910345
the_wiki,9,3.951135
the_windpipe,3,2.669917
the_worst,13,3.798645
the_wrong_pipe,7,3.440644
the_x_ray,9,2.833294
theatre,5,4.665362
their_20s,14,3.251442
their_chest,3,2.190313
their_condition,9,2.023989
their_emetophobia,12,2.309618
their_experience,11,3.796527
their_journey,9,2.612514
their_life,14,4.111124
their_name,9,3.566419
their_parent,11,1.239710
their_r_cpd,12,2.854293
their_stomach,3,2.616244
their_story,9,2.699598
their_success_rate,8,3.731797
their_symptom,12,3.087193
their_system,9,2.152202
their_tongue,6,1.055881
them_direct,9,3.010252
them_out,4,2.807772
theme_park,7,1.337926
then_gradually,10,2.939222
then_insert,5,4.299927
then_suddenly,11,1.912579
theorize,12,2.386433
theorize_that,12,3.245048
theory,12,3.756963
theory_that,12,3.009055
there_a_lot,11,1.505988
there_a_lump,7,2.772458
these_air_bubble,3,1.716417
these_drug,2,6.518052
these_episode,13,2.402599
these_exercise,4,3.326937
these_factor,12,0.984901
these_hiccup,15,2.933521
these_horrible,13,2.191326
these_issue,12,3.877427
these_noise,15,3.962172
these_post,11,3.852260
these_side_effect,9,1.187779
these_symptom,12,3.905501
these_test,9,3.409407
these_thing,12,3.914919
these_tip,11,2.800694
these_weird,15,4.242776
they_are,10,2.630809
they_cover,8,5.025411
they_give,5,4.906396
they_inject,8,4.297714
they_insert,5,4.371163
they_numb,5,4.929115
they_prescribe,2,6.725061
they_put,5,4.889257
they_sell,2,4.766906
they_spray,5,4.782117
thiamine,9,0.979805
thick_food,1,4.732180
thick_mucus,7,1.944647
thick_saliva,7,1.955136
thicken,6,1.716402
thigh,4,2.779661
thin_liquid,1,4.977853
thing_move,4,3.300675
third_attempt,8,3.385349
third_dose,8,3.494481
third_grade,14,3.846420
third_injection,8,4.102448
third_one,8,3.567121
third_or_fourth,10,2.075840
third_procedure,8,3.517763
third_round,8,3.871996
third_time,8,4.334115
third_trimester,7,2.219756
third_week,10,3.150490
thirsty,1,3.963526
thirties,14,3.063946
this_article,9,3.476760
this_community,11,4.720462
this_condition,12,4.202487
this_disease,9,2.757678
this_disorder,12,4.071445
this_forum,11,4.625006
this_friday,8,3.927220
this_group,11,4.667197
this_information,9,3.109358
this_method,4,3.222405
this_page,11,4.557350
this_problem,12,4.099270
this_reddit,11,4.646836
this_reddit_page,9,2.153933
this_shit,11,3.267679
this_stage,10,2.978300
this_stupid,11,2.360966
this_sub_wiki,9,3.235806
this_subedit,11,3.014472
this_subreddit,11,4.670626
this_technique,4,3.266659
this_thread,11,4.704760
those_bubble,3,1.336422
those_mini,10,2.384571
those_muscle,4,2.886914
those_noise,15,3.936582
those_of_us,12,3.136312
those_symptom,12,3.919770
those_test,9,3.361431
those_thing,1,4.890860
those_with_r_cpd,12,1.718925
thousand_of_dollar,9,3.915747
thread,11,4.596552
thread_about,9,2.843409
three_hour,7,3.003699
three_month,10,3.568541
three_time,15,3.372799
three_week_ago,8,3.016876
thrill,11,4.211492
throat_area,3,2.555608
throat_chest,7,1.681762
throat_clear,7,2.292600
throat_croak,13,3.233971
throat_disorder,9,2.500980
throat_gurgle,13,4.160497
throat_infection,13,1.074711
throat_massage,4,3.228611
throat_movement,4,1.365808
throat_muscle,3,2.827928
throat_nausea,13,4.071676
throat_noise,15,4.391494
throat_numb_spray,2,5.774948
throat_pain,7,2.241667
throat_pressure,13,3.023325
throat_punch,4,3.296709
throat_region,12,0.959588
throat_soreness,7,1.586922
throat_tightness,13,2.870345
throatox,8,4.076941
throaty,15,1.772324
throb,13,2.424720
through_insurance,8,4.977118
through_my_nose,5,4.881341
through_the_nhs,9,4.044804
through_various,4,1.931216
through_your_nose,4,3.174991
throughout_childhood,14,2.730169
throughout_my_20s,14,3.174868
throughout_my_entire,14,3.031987
throughout_the_day,13,2.637956
throughout_the_evening,7,1.543983
throughout_the_night,7,1.744071
throughout_the_process,9,1.618652
throughout_the_year,6,0.157380
throw_off,12,0.828857
throw_up,15,3.412671
throw_up_a_couple,15,3.376129
throw_up_a_little,15,1.693704
throw_up_again,14,3.766087
throw_up_air,15,3.062302
throw_up_at_all,14,4.007637
throw_up_be,15,3.593995
throw_up_because,15,3.285746
throw_up_but,15,3.343673
throw_up_due,15,1.995058
throw_up_either,15,2.601052
throw_up_even,14,3.686894
throw_up_even_though,15,2.565660
throw_up_feel,15,1.847382
throw_up_i,15,3.398245
throw_up_in_my_mouth,15,2.201248
throw_up_in_year,14,3.318447
throw_up_it,15,3.374344
throw_up_its,15,3.192517
throw_up_just,15,3.067693
throw_up_like,14,3.953717
throw_up_lol,15,3.078591
throw_up_more,14,3.320034
throw_up_most,15,2.122197
throw_up_once,14,4.128942
throw_up_since,14,4.433837
throw_up_so,15,3.344022
throw_up_though,15,2.267599
throw_up_when,15,3.309505
throw_up_which,14,3.596766
throwaway_account,9,2.612977
thrush,2,6.945402
thunder,15,2.806239
thursday,8,4.308279
thursday_night,10,1.912246
thus,3,2.905479
thus_far,11,3.030533
thyroid,12,2.419923
thyroid_issue,12,1.909870
thyroid_problem,6,0.374192
tickle,7,2.269276
tickle_in_my_throat,7,2.290644
tif,12,1.760514
tif_procedure,12,2.011527
tight,3,2.878543
tight_chest,13,2.837592
tight_clothes,7,0.941767
tight_muscle,12,1.317284
tight_neck,12,1.332351
tight_pressure,7,1.945352
tight_ues,12,1.818910
tighten,3,2.907459
tighten_my_throat,3,1.233628
tighten_up,3,2.816581
tighten_your_ab,4,3.059831
tightness,3,2.520273
tightness_in_chest,14,3.076831
tightness_in_my_chest,13,2.788755
tightness_in_my_throat,13,2.801371
tik_tok,11,3.651012
tiktok,11,4.632972
till_so_far,9,2.731562
tilt,4,3.313586
tilt_my,4,3.184368
tilt_my_head,4,3.216675
tilt_my_head_down,4,3.251026
tilt_your,4,3.236547
tilt_your_head,4,3.402551
time_and_money,9,3.960158
timeframe,11,1.884463
timing,4,2.849448
tingle,7,1.877213
tinnitus,13,2.339060
tiny,10,3.485124
tiny_bit,7,2.028032
tiny_bit_of_relief,10,2.192148
tiny_bite,1,5.429982
tiny_burp,10,3.689839
tiny_little,10,3.182123
tiny_microburp,10,3.322361
tiny_one,10,3.244613
tiny_pop,15,2.253255
tiny_sip,1,5.366628
tiny_tiny,10,3.158986
tip_of_your_tongue,6,2.469257
tire,7,1.631726
tired,7,2.644526
tissue,3,2.895463
tit,6,-0.062233
title,9,3.475368
tmi_but,15,2.955787
toast,1,5.747483
tobacco,6,1.939421
toddler,14,4.334020
tofu,1,4.367807
toilet_paper,2,5.593657
tolerance,1,4.361819
tolerate,1,4.850853
toll_on_my,2,6.380979
tomato,1,5.730786
tomato_sauce,1,5.116278
tomorrow_mark,11,2.402174
tomorrow_morning,8,4.018357
ton_of_microburp,10,2.877542
ton_of_post,9,2.578659
tongue,4,3.034046
tongue_cancer,12,1.695278
tongue_placement,4,2.424058
tongue_position,4,2.554966
tongue_posture,4,2.853536
tonsil,6,2.198536
tonsil_stone,12,1.322196
tonsillitis,7,1.970761
too_bad,7,2.022288
too_big,1,4.856185
too_drunk,15,2.540327
too_hungry,1,3.541623
too_loose,3,2.873795
too_much_alcohol,14,3.750400
too_scared,15,3.184350
too_tight,3,2.964928
too_weak,3,2.086083
too_wide,3,2.390395
too_young,11,1.617142
tooth_brush,15,1.672031
tooth_grind,12,1.578538
tooth_remove,8,2.850195
toothbrush,4,2.892091
top_of_my_stomach,6,1.812599
top_of_my_throat,6,1.724468
toronto,9,4.106371
toronto_canada,9,1.769164
toronto_ontario,9,3.264948
torso,4,3.030384
torture,13,2.659083
total,8,5.193647
total_anesthesia,8,4.165955
total_change,11,3.159676
total_convince,13,2.229593
total_cost,8,5.188446
total_doable,7,1.388007
total_fine,7,2.643563
total_make_sense,11,2.548939
total_manage,7,1.474435
total_sense,15,3.954968
total_worth,11,2.591663
touch_my_throat,15,1.362074
tower,9,1.962540
trachea,3,2.446340
tract,3,2.652908
traction,9,2.373550
trade,11,0.740917
trader,6,0.508496
train,4,2.307330
train_themselves,4,1.957483
train_your_body,4,1.700247
train_your_brain,4,1.657905
train_yourself,4,1.900993
trainer,6,1.208369
trait,12,2.956437
trans,11,1.921067
transit,12,1.109732
transition,10,2.647652
transition_into,11,2.317242
transition_period,11,2.745697
transnasal,9,2.543255
transport,8,4.438400
transportation,8,4.704234
transverse_colon,12,0.673636
trap,3,2.413711
trap_air,3,2.510022
trap_air_gas,13,1.422023
trap_gas,3,2.415004
trap_gas_pain,13,2.087787
trap_in_my_stomach,3,2.374227
trap_in_my_throat,3,1.900050
trap_inside,3,2.257364
trap_wind,13,3.739982
trapezius,3,2.349767
trash_can,7,1.312075
tratamiento,6,2.141774
trauma,12,3.766508
traumatic,14,4.470469
traumatic_experience,14,4.330152
traumatic_vomit,14,4.807610
traumatic_vomit_episode,14,4.700255
traumatize,14,4.260414
travel_alone,8,4.471250
travel_through,3,1.748894
travel_to_chicago,8,4.418428
travel_to_london,9,2.849956
travel_up,3,2.437597
tray,7,1.627982
treadmill,6,1.816955
treat,9,3.752967
treat_achalasia,3,2.378061
treat_by,9,3.992080
treat_dysphagia,9,2.727892
treat_patient,9,2.842206
treat_r,9,2.716545
treat_r_cpd,9,3.888333
treat_rcpd,9,4.012527
treat_soon_rather,9,1.425031
treat_swallow_disorder,9,2.583800
treatment,8,4.552939
treatment_for_r_cpd,9,3.675747
treatment_option,9,3.561565
tri,9,1.160159
trial,9,3.042400
triathlete,6,0.937371
tricare,8,4.597883
trick,4,3.250904
trickle,3,1.300136
trigger_by,13,3.329231
trigger_food,1,5.577814
trigger_my,15,2.869887
trip_home,6,2.509851
tritter,9,2.805582
trivial,11,2.383178
trouble,13,2.534388
trouble_swallow,7,1.786993
trouser,6,2.244551
true,12,3.811218
true_relief,15,2.824207
truly,11,4.212862
truly_change_my_life,11,3.359771
truly_life_change,11,2.753272
truly_understand,11,3.058112
trunk,3,2.392595
try_a_bunch,4,3.278902
try_again,8,4.143409
try_everything,4,2.465095
try_fodmap,12,1.788077
try_shaker,4,3.166049
try_shaker_exercise,4,3.157998
try_to_avoid,1,5.249671
try_to_convince,9,3.702161
try_to_determine,12,1.902951
try_to_escape,3,2.155377
try_to_explain,9,2.869183
try_to_fall_asleep,7,1.503622
try_to_fight,15,1.264506
try_to_force,4,2.761049
try_to_ignore,15,1.252688
try_to_push,4,2.888799
try_to_relax,4,3.046994
try_to_replicate,4,2.695315
try_various,2,4.246283
tu_faire,6,2.809978
tuba,15,2.571171
tube_down_my_throat,5,4.014231
tube_down_your_throat,5,4.652119
tube_insert,7,1.841814
tube_place,6,1.225980
tube_up,5,4.739011
tuck,4,3.155048
tuck_my,4,3.148083
tuck_my_chin,4,3.151213
tuck_your,4,3.117875
tuesday_morning,8,4.336260
tug,3,1.751161
tummy,13,3.385541
tummy_ache,13,2.531815
tummy_pain,13,2.798621
tums,2,6.890554
turmeric,2,5.482892
turn,4,3.286147
turn_19,14,2.908410
turn_40,10,1.695281
turn_away,11,1.756532
turn_head,4,3.296461
turn_my,4,3.273015
turn_my_head,4,3.026499
turn_my_head_down,4,3.206213
turn_my_neck,4,3.225214
turn_out,12,3.574482
turn_point,10,2.878467
turn_them,10,3.080291
turn_your,4,3.312225
turn_your_head,4,3.309870
tutorial,4,3.217159
tw,14,3.890137
tweed,5,3.888956
twenties,14,3.247439
twenty_minute,6,0.932127
twinge,3,1.737272
twist,4,3.136820
twist_my_body,4,3.211034
twist_my_head,4,3.122525
twist_my_torso,4,3.090605
twist_your,4,3.161037
twist_your_head,4,3.097256
two_and_two_together,11,1.535975
two_beer,1,4.411271
two_dose,8,3.158518
two_endoscopy,9,2.669989
two_finger,4,2.712319
two_injection,8,4.087203
two_minute,2,4.513355
two_month_ago,11,2.390600
two_separate,8,4.143973
two_shot,8,3.491808
two_specialist,9,3.212698
two_week_late,11,1.563495
two_week_mark,10,2.745280
two_week_post_op,6,0.566210
two_year,14,3.686094
tylenol,2,6.085955
type_noise,15,3.733127
type_of_food,1,4.719952
type_thing,15,2.050641
typical_symptom,12,2.248210
u_k,9,2.607796
u_s,9,4.043636
uber,8,4.648782
uci,8,4.036414
ues,3,3.025515
ues_and_les,3,2.460230
ues_muscle,3,2.909722
ues_open,4,2.922062
ugh,11,3.993481
ugh_yeah,7,0.884636
ugh_yes,11,1.414290
ugly,11,1.675217
uh,15,2.886223
uhc,8,4.797379
ulcer,12,3.343600
ulcerative_colitis,12,2.975597
ultimate_lead,3,2.226557
ultrasound,9,2.826821
umbrella,12,1.953870
umm,11,0.899635
ummm,6,0.152988
un_grupo,6,2.435295
unable_to_burp,14,4.923278
unable_to_swallow,6,0.672870
unable_to_take,7,1.468761
unable_to_throw_up,15,2.145631
unable_to_vomit,14,4.129224
unaware,9,2.555030
unbearable,13,4.154730
unbelievable,13,2.711692
unbutton,7,2.287401
unbutton_my_pants,7,2.530112
uncertainty,9,1.194789
uncomfortable,13,3.193949
uncomfortable_sensation,7,1.198051
uncommon,12,3.561644
uncontrollable,10,3.188361
uncontrollable_burp,10,3.148086
uncontrollable_microburp,7,1.417958
uncontrolled,10,3.170695
uncontrolled_burp,10,3.221824
uncoordinated,3,2.160753
under_anesthesia,8,4.912212
under_control,13,3.314716
under_ga,8,4.802695
under_general,8,4.773630
under_general_anaesthesia,8,4.526168
under_general_anesthesia,8,4.843104
under_general_anesthetic,8,4.687798
under_local,8,4.349763
under_local_anesthesia,8,4.287823
under_my_rib,3,2.161081
under_my_tongue,6,1.700442
under_narcose,5,3.634453
under_the_nhs,9,3.262781
underdeveloped,12,1.182410
undergo,9,3.298689
underlying,12,3.657368
underlying_cause,12,2.798511
underlying_issue,12,2.569513
underneath,3,2.395106
underside,4,2.635427
understand_correct,6,0.627377
understand_how,15,2.674812
underweight,14,3.251922
undetectable,4,2.347068
undiagnosed,12,3.386732
undigested_food,3,1.645547
uneven,6,1.644021
uneventful,10,1.930228
unexpected,10,3.133205
unexpected_burp,10,3.267884
unexplained,14,2.963468
unexplained_nausea,14,3.211328
unhappy,6,1.293198
unhealthy,1,4.613897
unhelpful,9,2.226397
unicorn,11,2.411351
unimaginable,11,2.928011
unit,8,4.111127
unit_concentrate_dose,10,2.118554
united_healthcare,8,4.881229
universal,12,3.448593
university_of_south,9,2.726862
university_of_utah,9,2.773860
university_of_utah_hospital,8,3.592721
unknowing,12,2.333731
unknown,12,3.491865
unleash,15,3.096578
unless_there,9,1.643717
unless_they,9,2.200666
unlikely,12,2.615966
unlucky,9,1.041492
unmanageable,13,1.467184
unnatural,15,1.504337
unnecessary_gi,9,2.927823
unnecessary_test,9,3.975183
unnerving,7,1.289687
unnoticeable,15,2.170953
unorthodox,4,1.561322
unpleasant,13,2.692560
unpleasant_but,7,2.168434
unpredictable,10,2.479532
unreal,13,2.209676
unrealistic,12,1.564054
unrecognized,11,2.708079
unrelated,12,3.942483
unrelated_condition,12,1.195693
unrelated_to_noburp,6,0.343577
unrelenting,15,1.848454
unsatisfying,10,2.758802
unscientific,9,1.869716
unsettled,12,2.197882
unsettling,7,1.811379
until_my_mid,14,3.264025
until_recent,14,4.753456
untreated,12,3.581484
untreated_r_cpd,12,3.624944
unusual,12,3.420462
unwell,15,2.803476
unzip,7,1.991206
up_against,3,2.087669
up_in_the_middle,7,2.875672
up_inside,3,1.435736
up_into,3,2.681317
up_my_esophagus,3,2.135895
up_my_nose,5,4.901285
up_my_throat,3,2.242300
up_online,7,0.706872
up_until,15,3.435655
up_your_nose,5,4.853551
update,11,4.495725
update_here,11,3.906832
update_on_how,11,4.579375
upfront,8,4.786375
upgrade,9,2.556066
uplifting,11,3.357144
upon_this,11,3.653236
upon_wake_up,6,2.600598
upper,3,2.887215
upper_ab,3,2.289712
upper_abdomen,3,2.080249
upper_airway,12,1.529266
upper_back,3,2.563398
upper_back_muscle,3,2.428348
upper_back_pain,3,2.149780
upper_body,4,3.204222
upper_chest,3,2.173122
upper_chest_area,13,2.110274
upper_cross,12,2.054930
upper_endoscopy,9,3.009085
upper_esophageal_sphincter,3,2.854242
upper_esophagus,3,2.650331
upper_gi,12,2.256438
upper_gi_endoscopy,9,2.633983
upper_part,3,2.489223
upper_sphincter,3,2.981678
upper_stomach,3,2.237517
upper_stomach_pain,13,2.255788
upper_throat,3,2.712163
upright,4,3.242951
upright_position,4,2.406640
upset,13,3.009661
upset_my_stomach,1,4.034948
upset_stomach,13,2.911267
upside_down,4,3.020083
upvote,9,1.798028
upwards,4,2.716899
ur_mouth,3,1.295615
ur_stomach,3,2.753834
ur_throat,3,1.975297
urge,11,2.325446
urge_to_burp,13,2.585573
urge_to_vomit,15,2.673297
urgency,13,1.670503
urgh,11,1.599619
urinary,12,1.682148
urination,13,1.953331
urine_sample,5,4.776839
usa,9,3.782897
usd,8,5.461822
use_100_unit,8,3.896740
use_50_unit,8,3.756783
use_75,8,3.616247
use_75_unit,8,3.951040
use_a_spoon,4,1.160794
use_a_toothbrush,15,1.666924
use_a_wedge,2,3.875604
use_finger,15,1.798094
use_general_anesthetic,8,4.385851
use_my_finger,15,2.329819
use_straw,1,4.449499
use_to_be_able,14,4.479235
useful,9,3.432830
useful_information,9,2.476096
user_flair,9,2.315929
usf,9,3.259878
usually_a_few,6,1.313388
usually_able,4,1.824657
usually_accompany,15,2.108973
usually_only,15,2.538298
uti,2,6.223295
uvula,6,2.624935
v_ing,14,3.197690
vaginismus,12,2.948475
vagus_nerve,3,2.628047
vagus_nerve_be,6,1.248089
validate,11,4.492013
validation,11,4.325857
validity,9,2.246500
valuable,9,2.959262
value,9,3.112543
valve,3,2.973507
van,5,4.933035
vanderbilt,9,3.036095
vanilla,1,4.156868
vanish,13,3.276315
vape,1,4.681746
variability,9,1.519260
variation,4,3.401673
various_exercise,4,2.385558
various_position,6,1.521285
various_test,9,2.901899
vary_a_lot,11,0.798977
vary_between,11,0.837779
vary_from_person_to_person,11,0.971387
vascular,9,2.992163
vasovagal,12,1.174442
vast_improve,14,2.409352
vcd,6,0.616450
vegan,1,5.521204
vegetable,1,5.922619
vegetarian,1,5.324673
vehicle,6,-0.253209
vein,5,4.472833
velociraptor,15,2.818122
verbatim,9,3.022161
verify,9,3.535205
version_of_shaker,4,3.121631
versus_in_office,8,4.416091
vertebrae,6,1.720738
vertigo,13,2.484068
very_anxious,14,3.987700
very_bad,13,4.073450
very_beneficial,4,2.692752
very_careful,1,4.730039
very_comfort,9,2.290509
very_complex,12,2.011050
very_curious,11,3.946513
very_debilitate,14,2.588055
very_deep,15,2.290753
very_dehydrated,7,1.068519
very_discourage,11,1.909566
very_drunk,15,1.720151
very_dry,1,4.435782
very_effective,8,2.792894
very_embarrass,15,3.630251
very_excite,11,4.366126
very_fast,7,1.862673
very_frequent,15,2.341685
very_frequently,15,2.849146
very_gassy,7,2.051000
very_gentle,4,3.152785
very_glad,11,2.921114
very_gradually,10,2.442592
very_grateful,11,3.714413
very_gurgly,15,2.019720
very_happy,11,4.657705
very_hungry,1,3.722965
very_important,4,2.766594
very_infrequently,14,3.240445
very_intense,13,2.457743
very_interest,11,4.321515
very_little,15,2.138516
very_loud,15,4.048384
very_manage,7,1.484399
very_mild,7,1.937016
very_mindful,1,4.188410
very_minor,7,1.808195
very_narrow,5,3.559243
very_nauseate,7,1.704771
very_nauseous,13,2.963625
very_nervous,8,3.503771
very_nice,8,4.109576
very_noisy,15,2.039671
very_occasional,15,2.331724
very_occasionally,15,2.994394
very_odd,6,1.193314
very_often,13,2.796612
very_pain,13,3.581810
very_promise,11,3.222826
very_quick,7,2.593565
very_rare,11,1.355345
very_rarely,15,3.441614
very_real,12,3.069868
very_relieve,10,2.759271
very_satisfy,10,2.486055
very_scared,10,1.717676
very_scary,15,1.486810
very_self_conscious,11,1.207283
very_sensitive,8,2.886448
very_severe,14,3.202677
very_shallow,13,1.918032
very_sick,13,2.808727
very_skeptical,9,2.810759
very_skinny,14,3.389841
very_slight,7,2.144645
very_slightly,10,2.637993
very_slim,12,1.810103
very_small,10,3.530269
very_small_bite,1,5.398488
very_smooth,8,4.434691
very_soft,7,1.777499
very_sore,7,2.761443
very_subtle,15,2.103248
very_thick,6,2.181075
very_tight,3,2.447254
very_tired,7,2.663656
very_tough,11,0.860602
very_true,9,0.952016
very_typical,12,1.687884
very_uncomfortable,13,3.243019
very_unpredictable,13,1.101135
very_violent,15,2.689096
very_weak,7,2.028782
very_welcome,11,3.116162
very_young,14,4.756803
vess,9,3.386249
vfss,9,2.167593
vial,8,4.143549
vibrate,3,1.591898
vice,6,0.895194
vice_versa,12,2.494325
vicious_circle,12,1.347054
victim,11,1.852013
video_endoscopy,9,2.050499
video_from_doctor_bastian,9,3.449331
video_please,9,1.560557
video_scope,9,2.174319
videoendoscopy,8,4.417802
videoscope,9,2.571857
view,9,3.493111
villari,9,1.906479
vinegar,1,4.915784
violent,15,3.330020
violent_and_pain,15,3.307658
violent_cough,15,1.358271
violent_hiccup,13,2.738726
violent_sick,15,2.444488
viral_infection,13,2.020227
virtual_appointment,8,3.953556
virtual_consult,9,2.263627
virus,12,3.201217
vision,3,1.854655
visit,9,3.945335
visualize,3,2.405901
vital,5,4.725326
vitality,8,4.489923
vitamin,2,6.232130
vitamin_c,2,5.336181
vivid,6,2.751844
vocal,12,1.324044
vocal_chord,3,2.639765
vocal_coach,4,3.115238
vocal_cord,3,2.920003
vocal_cord_dysfunction,12,1.970118
vocalize,12,1.553401
vodka,1,4.969799
vodka_and_cranberry,1,4.729591
vodka_cran,1,3.790937
vodka_cranberry,1,4.625752
vodka_soda,1,3.650417
voice_and_swallow,9,3.719375
voice_box,3,2.735834
voice_change,7,0.536466
voice_disorder,12,2.318975
voice_doctor,9,3.673062
voice_exercise,4,3.234316
voice_issue,11,0.863883
voluntary,4,0.849707
volvulus,12,2.349372
vom,15,3.041998
vomit,15,3.420770
vomit_a_lot,14,3.436775
vomit_air,15,3.063343
vomit_as_a_child,14,4.315766
vomit_episode,13,2.078893
vomit_phobia,14,3.871949
vomit_reflex,15,2.167768
vyvanse,2,6.375499
wachtlijst,5,3.365734
wack,6,0.380550
wake_up,7,2.784191
wake_up_at_night,13,2.096929
wake_up_choke,7,2.074067
wake_up_cough,7,2.273350
wake_up_feel,7,2.711242
wake_up_from_anesthesia,7,2.484565
wake_up_in_recovery,7,2.584890
wake_up_in_the,7,2.796567
wake_up_nauseous,13,2.895168
wake_up_this_morning,7,1.970775
wake_up_today,7,2.441382
wake_up_with_a,7,2.455574
wake_up_with_a_bit,7,1.319469
wake_up_with_my_throat,7,2.300742
wake_up_without,7,1.750453
walk,4,3.050681
walk_around,4,3.090740
walk_in_clinic,9,3.694418
walmart,2,5.429116
want_a_referral,9,3.696247
want_detail,11,3.124086
want_to_ask,11,4.023445
want_to_cry,11,3.351247
want_to_escape,7,1.246200
want_to_hear,11,3.765778
want_to_share,11,4.571686
want_to_thank,11,3.793001
warm_blanket,5,4.700115
warm_liquid,6,0.742073
warm_water,1,4.690662
warmth,3,2.648205
warn,8,3.750252
warn_about,10,2.284438
warn_people,6,0.256373
warrant,12,2.323174
wary,9,2.038639
wash,1,4.756034
wash_down,1,5.155564
wash_food_down,1,5.502219
wash_it_down,1,5.308395
washington_dc,9,2.689578
wasserman,9,2.907406
waste_a_lot,9,3.870705
waste_of_time,9,3.773685
waste_of_time_and_money,9,3.421893
waste_your_time,9,3.895145
watch_video,9,2.463594
watch_youtube_video,4,3.100418
water,1,5.306002
water_nearby,1,5.269510
water_on_hand,1,5.344468
water_ready,1,4.794395
wave_of_nausea,13,2.707889
wax,13,1.972803
way,4,3.051428
way_better,7,1.078766
way_less,15,2.231756
way_more,15,2.234894
way_worse,13,4.020739
we_be_able,9,2.425143
we_die,6,0.730122
we_discuss,9,3.054217
we_tend,7,1.000276
weak_drug,2,6.827545
weak_esophagus,12,1.357120
weak_les,12,2.529670
weak_muscle,12,1.464510
weak_neck,12,0.450958
weak_voice,7,1.410893
weaken,3,3.018536
weakness,3,2.344505
wear_maternity,7,2.129040
wear_off,10,3.563238
wear_off_but,10,3.551175
wear_off_complete,10,3.038318
wear_off_eventual,11,2.264725
wear_off_gradually,10,2.655780
wear_off_slow,10,2.650834
wear_off_so,10,3.420445
wear_tight,7,1.764977
wear_tight_clothes,7,1.157003
wear_tight_clothing,7,1.723983
web,9,2.575032
webinar,9,3.629110
website,9,4.036012
wedding,7,2.829117
wedge,2,3.855977
wedge_pillow,2,4.018519
wednesday,8,4.314049
wednesday_with_doctor_bastian,9,1.799442
week_2,10,3.070802
week_3,10,3.149679
week_4,10,2.918184
week_5,10,2.906520
week_pregnant,14,3.402288
weigh_up_whether,8,2.468522
weight,7,2.320586
weight_due,7,0.631996
weight_gain,12,2.321219
weight_lift,6,1.738943
weight_loss,13,2.440478
weight_off,2,5.305970
weight_train,6,1.022357
weird_af,15,1.375076
weird_enough,6,0.664955
weird_gurgle_noise,15,3.652760
weird_hiccup,15,3.698611
weird_noise,15,4.476678
weird_position,4,3.120135
weird_sensation,7,2.212597
weird_sound,15,4.189703
welcome,11,4.678748
welcome_home,11,2.780043
welcome_to_our,11,3.343967
well_aware,9,1.442183
well_hydrate,1,4.269132
well_inform,9,2.954579
well_worth,11,2.708519
wellbeing,9,2.419812
wendy,6,1.623413
west,9,3.202039
wet,7,1.906910
wet_burp,15,1.881201
wet_gurgle,15,2.629011
wet_sound,10,2.926466
whale,15,3.083096
what_dosage,9,1.857215
what_dose,8,3.502446
what_to_expect,11,4.267798
what_wrong,11,2.335336
wheat,1,5.487037
wheel,5,4.767685
wheel_into,8,4.368365
wheeze,7,2.157741
when_in_reality,7,2.360190
whenever_possible,6,1.821102
where_they_inject,8,4.306531
whereabouts,6,0.008816
wherever,9,2.735530
which_cause,12,2.551691
which_in_turn,3,2.235529
while_awake,8,4.401104
while_brush,6,1.114685
while_eat,1,5.159240
while_sit,4,3.243189
while_swim,13,2.671391
while_talk,10,3.211591
while_yawn,10,3.179944
whilst_awake,8,4.443659
whine,11,1.330158
whiskey,1,4.877577
whisky,1,4.657642
whisper,7,2.018816
whistle,6,-0.257944
white_in_austin,11,2.052245
who_cannot,11,3.111268
who_specialize,9,3.868821
who_treat_r_cpd,9,3.880693
who_understand,11,3.918932
whoa,11,3.202764
whole_host,12,2.174936
whole_life,14,4.042970
whole_new,11,3.318693
wholesome,11,3.318733
whoop,15,1.699238
whoosh,3,1.133051
whoosh_sound,15,4.071094
wide,4,3.054730
wide_as_possible,4,3.136504
wide_awake,8,3.895634
wide_open,3,2.933594
wide_range,11,1.070164
widely_available,9,1.623006
widespread,12,2.836151
wiggle,4,3.121288
wiki,9,3.893970
wikipedia,9,2.404946
will_admit,6,0.157492
will_continue,11,4.186315
will_cover,8,4.976159
will_def,9,1.976491
will_help,4,2.752030
will_involve_collect,9,2.576745
will_update,11,4.538890
willing_to_refer,9,3.882165
willingness,9,2.277275
wimbledon,8,4.373042
wince,7,2.310894
wind,3,2.468567
wind_eze,2,5.831912
wind_pipe,6,2.199434
wind_relief,2,5.694746
windeze,2,5.840319
windy,11,2.112452
wine,1,4.833509
winter,7,2.257804
wipe_out,6,-0.155994
wire,5,4.677649
wish_you_luck,11,4.139881
wish_you_many,11,3.559176
within_second,7,1.712926
without_anaesthesia,8,4.312357
without_anesthesia,8,4.512841
without_choke,1,5.250726
without_effort,15,1.498260
without_fail,13,2.624624
without_feel_sick,7,2.801864
without_ga,8,4.500887
without_general_anesthesia,8,4.387173
without_insurance,8,5.229338
without_turn_my_head,10,2.583189
without_water,1,5.238057
withrow,9,1.897552
witness,14,3.661183
wonder_about,12,2.705080
wonder_how,11,4.103321
wonder_if_anyone_here,9,2.739828
wonder_if_it,12,3.686335
wonder_if_its,12,3.612125
wonder_if_its_worth,9,2.030068
wonder_if_maybe,12,3.224802
wonder_if_rcpd,12,3.218994
wonder_if_these,12,1.589153
wonderful,11,4.748530
wonderful_news,11,3.712630
wonderful_to_hear,11,2.552794
woo_hoo,11,2.357185
woohoo,11,3.370759
woozy,7,2.654857
word_for_word,11,2.790355
word_of_advice,9,2.493918
work_amaze,8,2.973056
work_brilliant,8,3.261766
work_long_term,8,2.854503
work_proper,3,2.996828
work_towards,4,2.365951
work_with_a_psychologist,11,2.151141
workday,7,1.729986
workout,4,2.925337
world_map,9,3.341055
world_map_of_specialist,9,2.139151
worm,6,0.111170
worry,14,4.294635
worry_about,14,4.385968
worry_about_lose,10,2.384992
worry_that,14,4.330682
worry_too_much,11,3.198981
worse,13,4.059759
worse_than_ever,13,3.384044
worsen,13,3.540997
worsen_by,12,2.636374
worsen_symptom,12,2.251849
worsen_with_age,12,3.285303
worst,13,3.963068
worst_symptom,13,3.742257
worth_ask,9,1.825372
worth_consider,12,1.670655
worth_it,11,2.855138
would_appreciate,11,3.454040
would_cover,8,4.856990
would_go_away,13,2.675601
would_hesitate,9,1.819382
would_love_to_hear,11,4.554280
would_say,10,2.907237
wound,5,3.669167
wow,11,4.573403
wow_congratulation,11,2.360708
wow_that,11,4.095482
wrap_around,6,1.776989
wrench,15,1.770752
wretch,15,2.258648
wrist,3,2.235433
write_a_referral,9,2.128998
writhe_in_pain,7,2.070953
wrong_muscle,3,1.976383
x,11,4.458410
x2,9,1.754146
x200b_edit,11,2.815545
x_2,12,1.307907
x_ray,9,2.893680
xiphoid_process,7,1.832526
xo,11,3.041008
xr,2,5.125639
xray,9,2.840394
xxx,11,3.727566
xxxx,11,2.782271
y_o_male,14,3.202010
yah,11,2.744568
yale,9,3.859411
yale_medicine,9,2.843362
yale_medicine_condition_summary,9,3.642281
yawn,4,2.400015
yawn_a_lot,15,1.503221
yawn_cough,10,2.645771
yay,11,4.728724
yay_congratulation,9,2.359783
yay_so_happy,11,2.222924
yeah_same,15,1.026126
year_late,10,3.422862
year_or_two,14,2.465391
yearly,9,2.526572
yell,15,3.491727
yelp,15,3.099192
yes_100,6,0.085229
yes_burper,11,1.762804
yes_exactly,15,1.324701
yesterday_and_today,10,2.577549
yet_but,11,3.686070
yikes,11,2.777699
yoga,4,3.386214
yoga_pose,4,2.854296
yoga_position,4,2.849185
yoga_stretch,4,2.781676
yoghurt,1,5.872564
yogurt,1,5.774147
you_deserve,11,3.543799
you_will_regret,11,2.769381
young_adult,14,3.730646
young_age,14,4.412110
young_brother,14,2.914470
young_child,14,4.782733
young_kid,12,1.474530
young_people_age_12,13,2.606744
young_person,9,1.995810
your_ab,4,3.044165
your_abdomen,4,2.908378
your_adams_apple,4,3.200546
your_appetite,13,2.213443
your_belly,4,3.157792
your_body,4,2.362640
your_bowel,3,2.849138
your_case,12,3.677616
your_cheek,4,2.806217
your_chest,4,2.906419
your_chin,4,3.276603
your_claim,9,2.815581
your_colon,3,2.932593
your_comment,11,4.516042
your_concern,9,3.734324
your_consultation,8,3.308444
your_core,4,3.061363
your_cricopharyngeus,3,2.838215
your_daughter,11,4.264116
your_diaphragm,4,2.950870
your_diet,2,5.237333
your_digestion,12,2.003829
your_digestive_system,3,2.950108
your_doc,9,3.879646
your_ear,4,2.559186
your_esophagus,3,2.998785
your_exact,14,2.376491
your_experience,11,4.540612
your_father,9,1.201940
your_favorite,1,3.953963
your_fear,9,1.648544
your_feedback,11,3.785297
your_foot,4,3.080411
your_gag_reflex,15,1.923208
your_gf,9,1.816022
your_gi_tract,12,1.279496
your_good_bet,9,3.932655
your_gp,9,4.140972
your_gut,3,2.953194
your_head,4,3.293102
your_health,9,1.968099
your_hip,4,2.899508
your_insurance,8,4.648139
your_insurance_company,8,4.054685
your_intestine,3,2.861137
your_jaw,4,3.120776
your_knee,4,2.988815
your_left_side,4,3.066989
your_leg,4,3.209745
your_location,9,2.890069
your_lower_esophageal,3,2.899284
your_message,11,3.827209
your_mileage_may_vary,9,2.055249
your_neck,4,3.147177
your_nose,5,4.906715
your_nostril,5,3.560920
your_out_of_pocket,8,4.311128
your_palate,4,2.970400
your_pcp,9,3.754083
your_personal,9,1.749840
your_perspective,11,3.401591
your_phobia,11,2.039529
your_posture,4,3.278894
your_primary,9,3.772646
your_progress,11,4.560031
your_recovery,11,4.461537
your_shoulder_blade,4,3.115800
your_stomach,3,2.919576
your_story,11,4.600787
your_symptom,12,3.992498
your_theory,12,3.082465
your_throat,4,2.935173
your_thumb,4,3.242011
your_tongue,4,3.286674
your_trachea,6,2.146317
your_ues,3,2.970713
your_upper,6,1.615239
your_upper_esophageal,3,2.963489
your_uvula,6,2.108503
your_vocal_chord,6,1.516176
your_vocal_cord,5,3.989263
your_voice_box,3,2.739531
your_wife,11,2.853136
youth,6,2.357130
youtube_video,9,3.628793
yuck,7,1.019807
yucky,13,2.014418
zantac,2,6.636594
zebra,9,2.427573
zen,5,3.816113
zero_control_over,10,3.039428
zero_slow,7,1.598438
zinc,2,4.652861
zip,6,0.831768
zofran,2,6.924796
zombie,15,2.849509
zoom_appointment,8,4.066941
zyrtec,2,6.488422
