token,label,prob,sim_to_centroid
00,2,0.985042,0.996430
000,2,1.000000,0.991316
01,2,1.000000,0.996553
02,2,1.000000,0.998631
03,2,1.000000,0.998378
04,2,1.000000,0.997582
05,2,1.000000,0.997838
08,2,1.000000,0.997269
10000_worth,2,1.000000,0.999094
1000_worth,2,1.000000,0.996804
1000x_worse,2,1.000000,0.999342
100_certain,2,1.000000,0.998742
100_unit,2,1.000000,0.993328
100_worth,2,1.000000,0.996017
100cc,2,1.000000,0.995192
100k,2,1.000000,0.993897
100mg,2,1.000000,0.993386
100ml,2,1.000000,0.993919
100u,2,1.000000,0.993316
100x,2,1.000000,0.999457
100x_better,2,1.000000,0.999408
100x_worse,2,0.952864,0.998555
10_12,1,0.549262,0.999982
10_15,1,0.648128,0.999988
10_22,2,1.000000,0.996617
10_lb,2,1.000000,0.998852
10_month,2,1.000000,0.995916
10_pound,2,1.000000,0.998897
10_week,2,1.000000,0.995910
10_year_ago,2,1.000000,0.998277
10_year_old,2,1.000000,0.998639
10pm,2,1.000000,0.997958
10x_worse,2,0.975587,0.998485
11,1,0.432707,0.999983
111,2,1.000000,0.996813
115,2,1.000000,0.998537
11_year_old,2,1.000000,0.998429
120,2,1.000000,0.997594
1200,2,1.000000,0.992080
120_pound,2,0.990334,0.999511
125,2,1.000000,0.993723
125_unit,2,1.000000,0.994323
12_day,2,1.000000,0.995990
12_week,2,1.000000,0.995901
13_month,2,1.000000,0.996342
13th,2,1.000000,0.994498
140,2,1.000000,0.998037
14_year_old_daughter,2,1.000000,0.998239
14k,2,1.000000,0.993658
15,1,0.499636,0.999992
150,2,1.000000,0.991940
1500,2,1.000000,0.991576
150_200,2,1.000000,0.995843
150_unit,2,1.000000,0.993631
150mg,2,1.000000,0.999174
15_20,2,1.000000,0.997944
15_month,2,1.000000,0.996469
15_pound,2,1.000000,0.998880
15_second,2,1.000000,0.996319
15_year,2,1.000000,0.997762
15_year_old,2,1.000000,0.998483
15mg,2,1.000000,0.994670
160,2,1.000000,0.998462
160_unit,2,1.000000,0.998337
17_year_old,2,1.000000,0.998312
18,2,1.000000,0.997953
180,2,1.000000,0.998190
1800,2,1.000000,0.993638
185,2,1.000000,0.997287
18_and_interest,2,1.000000,0.999510
18_month_ago,2,1.000000,0.996945
18_year,2,1.000000,0.998389
18_year_or_old,2,1.000000,0.998912
18f,2,1.000000,0.998352
19,2,1.000000,0.997927
190,2,1.000000,0.998430
1987,2,1.000000,0.998624
19_20,2,1.000000,0.999295
19_or_20,2,1.000000,0.999655
19_year,2,1.000000,0.998192
1_500,2,1.000000,0.993969
1_88,2,1.000000,0.998308
1_month,2,1.000000,0.995798
1l,2,1.000000,0.990875
2000,2,1.000000,0.991317
2005,2,1.000000,0.999426
200_unit,2,1.000000,0.993571
2010,2,1.000000,0.999362
2019_paper,2,1.000000,0.996883
20_mg,2,1.000000,0.993531
20_unit,2,1.000000,0.993889
20_year,2,1.000000,0.997761
20_year_old_female,2,1.000000,0.998288
20_year_old_male,2,1.000000,0.998896
20mg,2,1.000000,0.992684
20s,2,1.000000,0.998461
215,2,1.000000,0.999624
21f,2,1.000000,0.998374
220,2,1.000000,0.998357
22f,2,1.000000,0.998875
23_year_old_female,2,1.000000,0.998811
23f,2,1.000000,0.998580
23rd,2,1.000000,0.994567
2400,2,1.000000,0.994221
24_7,2,1.000000,0.997506
24_hour_post_op,2,1.000000,0.998552
24_hour_test,2,0.604224,0.997210
24_year_old,2,1.000000,0.998054
24f,2,1.000000,0.998537
250,2,1.000000,0.991603
25_each,2,1.000000,0.995444
25_unit,2,1.000000,0.993791
25_year,2,1.000000,0.997782
25f,2,1.000000,0.998814
25mg,2,1.000000,0.995582
25th,2,1.000000,0.993926
26,2,1.000000,0.997920
26_year,2,1.000000,0.998020
26_year_old,2,1.000000,0.998077
26f,2,1.000000,0.998248
26m,2,1.000000,0.999716
26th,2,1.000000,0.994616
273,2,1.000000,0.999461
27_year_old,2,1.000000,0.998065
27m,2,1.000000,0.998802
27th,2,1.000000,0.994357
28_year_old,2,1.000000,0.998112
28th,2,1.000000,0.994552
29_year_old,2,1.000000,0.999086
29m,2,1.000000,0.998421
29th,2,1.000000,0.993878
2_3,1,1.000000,0.999999
2_3x,1,0.392400,0.999988
2_4,1,0.954201,0.999999
2_5,1,0.675242,0.999995
2_500,2,1.000000,0.993327
2_liter,2,1.000000,0.992868
2_month,2,1.000000,0.995910
2_week,2,1.000000,0.996073
2_week_mark,2,1.000000,0.998125
2cm,2,1.000000,0.999081
2k,2,1.000000,0.991102
2oz,2,1.000000,0.992473
2pm,2,1.000000,0.997879
300,2,1.000000,0.991394
3000,2,1.000000,0.990781
30_60_minute,2,1.000000,0.999549
30_minute_late,2,1.000000,0.998664
30_pound,2,1.000000,0.998960
30_second,2,1.000000,0.995672
30_unit,2,1.000000,0.993528
30_year,2,1.000000,0.997680
30c,2,1.000000,0.999359
30f,2,1.000000,0.996786
30m,2,1.000000,0.999334
30s,2,1.000000,0.999236
30th,2,1.000000,0.993840
31_year,2,1.000000,0.998255
31_year_old,2,1.000000,0.999160
31st,2,1.000000,0.994666
3200,2,1.000000,0.992425
325,2,1.000000,0.996854
32_now,2,1.000000,0.998759
32_year_old,2,1.000000,0.998851
34_year_old,2,1.000000,0.999192
350,2,1.000000,0.993114
3500,2,1.000000,0.991463
35_year,2,1.000000,0.997831
3600,2,1.000000,0.997698
38_year,2,1.000000,0.998055
38_year_old,2,1.000000,0.998146
3_4,1,0.902589,1.000000
3_4_month,2,1.000000,0.996090
3_day_ago,2,1.000000,0.994150
3_month,2,1.000000,0.995917
3_month_mark,2,1.000000,0.996254
3_month_post_op,2,1.000000,0.998068
3_week_ago,2,1.000000,0.993844
3_week_post_op,2,1.000000,0.998328
3_year_ago,2,1.000000,0.998096
3am,2,1.000000,0.997656
3k,2,1.000000,0.990728
3km,2,1.000000,0.997076
3x,1,0.951863,0.999998
400,2,1.000000,0.991544
4000,2,1.000000,0.990894
40_mg,2,1.000000,0.993585
40_unit,2,1.000000,0.993699
40_year,2,1.000000,0.997753
40_year_old,2,1.000000,0.998356
40mg,2,1.000000,0.992450
42_year,2,1.000000,0.998534
43,2,1.000000,0.999220
450,2,1.000000,0.993233
45_degree,2,1.000000,0.997978
45_degree_angle,2,1.000000,0.996780
46_year,2,1.000000,0.999355
47,2,1.000000,0.998669
4_000,2,1.000000,0.992575
4_5,1,1.000000,0.999998
4_5_inch,2,1.000000,0.994213
4_5_month,2,1.000000,0.995915
4_5k,2,1.000000,0.994019
4_minute,2,1.000000,0.997355
4_month,2,1.000000,0.995875
4_month_mark,2,1.000000,0.998016
4_month_third_125,2,1.000000,0.998555
4_or_5,1,0.874628,0.999996
4cm,2,1.000000,0.998298
4k,2,1.000000,0.990696
4pm,2,1.000000,0.997765
50,2,1.000000,0.993508
500,2,1.000000,0.991143
5000,2,1.000000,0.990125
500mg,2,1.000000,0.995027
50_100,2,1.000000,0.994314
50_100_unit,2,1.000000,0.994847
50_mile,2,1.000000,0.998425
50_unit,2,1.000000,0.993336
50_unit_with_lucy,2,1.000000,0.996355
50_unit_with_lucy_hicklin,2,1.000000,0.995103
50_year,2,1.000000,0.997807
50kg,2,1.000000,0.998543
50mg,2,1.000000,0.993235
50ml,2,1.000000,0.994251
50u,2,1.000000,0.993744
50u_in_office,2,1.000000,0.996717
510,2,0.912145,0.999535
511,2,1.000000,0.999360
52_year,2,1.000000,0.998292
53_year,2,1.000000,0.998776
550,2,1.000000,0.993201
5500,2,1.000000,0.993963
57,2,1.000000,0.998221
5_6,1,0.880878,1.000000
5_7,1,0.777872,0.999998
5_8,1,0.589160,0.999986
5_hop,2,1.000000,0.995407
5_month,2,1.000000,0.995789
5_pound,2,1.000000,0.998851
5_week,2,1.000000,0.995927
5_year_old,2,1.000000,0.998561
5k,2,1.000000,0.990802
5pm,2,1.000000,0.997757
600,2,1.000000,0.990830
600_upfront,2,1.000000,0.998588
60_unit,2,1.000000,0.993911
60g,2,1.000000,0.994627
63,2,1.000000,0.998888
630,2,1.000000,0.998966
64,2,1.000000,0.999612
65,2,1.000000,0.997128
650,2,1.000000,0.991655
65_unit,2,1.000000,0.996018
6_7,1,0.714476,0.999995
6_month,2,1.000000,0.995921
6_month_ago,2,1.000000,0.994493
6_month_mark,2,1.000000,0.996128
6_month_pregnant,2,1.000000,0.998947
6_week_mark,2,1.000000,0.996416
6th_grade,2,1.000000,0.999191
70,2,1.000000,0.995789
700,2,1.000000,0.991261
70_unit,2,1.000000,0.993655
70_year,2,1.000000,0.998714
70s,2,1.000000,0.999237
73,2,1.000000,0.997733
75,2,1.000000,0.993660
750,2,1.000000,0.992163
75_cc,2,1.000000,0.998275
75_or_100,2,1.000000,0.997489
75_unit,2,1.000000,0.993302
75_unit_under_general,2,1.000000,0.994982
75_unit_with_doctor_bastian,2,1.000000,0.995750
75u,2,1.000000,0.993864
7_00,2,1.000000,0.996015
7_8,1,0.672960,0.999994
7_month,2,1.000000,0.995847
7_month_ago,2,1.000000,0.997073
7_month_fourth,2,1.000000,0.997362
7_month_pregnant,2,1.000000,0.999030
7_year_old,2,1.000000,0.998668
7k,2,1.000000,0.992706
80,2,1.000000,0.995233
800,2,1.000000,0.991248
80_90,2,1.000000,0.996996
80_cure_rate,2,1.000000,0.997464
80_of_people,2,1.000000,0.995832
80_success_rate,2,1.000000,0.994093
80_unit,2,1.000000,0.993426
80u,2,1.000000,0.993599
816,2,1.000000,0.994586
820,2,1.000000,0.995548
8255,2,1.000000,0.999339
850,2,1.000000,0.991776
85_unit,2,1.000000,0.995643
860,2,1.000000,0.995121
88_unit,2,1.000000,0.997441
89,2,1.000000,0.998537
8_14,2,1.000000,0.997904
8_9,1,0.491740,0.999986
8_day,2,1.000000,0.995921
8_month_pregnant,2,1.000000,0.999102
8_year_old,2,1.000000,0.998524
8oz,2,1.000000,0.994031
8th,2,1.000000,0.993792
90,2,1.000000,0.996202
900,2,1.000000,0.992106
90_degree,2,1.000000,0.994864
90_percent,2,1.000000,0.999678
90_success_rate,2,1.000000,0.997353
95,2,1.000000,0.996378
950,2,1.000000,0.999437
95_unit,2,1.000000,0.996021
99_99,2,1.000000,0.999090
9_month_pregnant,2,1.000000,0.999040
9_year_old,2,1.000000,0.998839
9am,2,1.000000,0.994747
a_acid_reducer,2,1.000000,0.994212
a_daily_basis,2,1.000000,0.998254
a_double_whammy,2,1.000000,0.999233
a_heat_pad,2,1.000000,0.995781
a_hiatal_hernia,2,1.000000,0.997537
a_life_changer,2,1.000000,0.996326
a_roller_coaster,2,1.000000,0.997963
a_small_hiatal,2,1.000000,0.997760
a_speech_pathologist,2,1.000000,0.993642
a_stomach_bug,2,1.000000,0.998209
a_x_ray,2,1.000000,0.995081
ab,2,1.000000,0.994983
ab_exercise,2,0.917025,0.998266
abd,2,1.000000,0.999861
abdomen,2,1.000000,0.996090
abdomen_onto,2,1.000000,0.995451
abdominal,2,1.000000,0.996724
abdominal_area,2,1.000000,0.998756
abdominal_bloat,2,1.000000,0.998259
abdominal_cramp,2,1.000000,0.999259
abdominal_discomfort,2,1.000000,0.998919
abdominal_distension,2,1.000000,0.999152
abdominal_distention,2,1.000000,0.999233
abdominal_massage,2,1.000000,0.996532
abdominal_muscle,2,1.000000,0.995158
abdominal_pain,2,1.000000,0.997511
abdominal_pressure,2,1.000000,0.998189
abdominal_ultrasound,2,1.000000,0.997579
abdomino_phrenic,2,1.000000,0.998494
aber,2,1.000000,0.998617
ability,2,1.000000,0.996672
ability_to_belch,2,1.000000,0.996686
ability_to_burp,2,1.000000,0.996643
ability_to_sing,2,1.000000,0.999800
able_to_burp,2,1.000000,0.997988
able_to_burp_on_command,2,1.000000,0.998393
able_to_enjoy,2,1.000000,0.995374
able_to_get_rid,2,1.000000,0.996886
abnormal,2,1.000000,0.997379
abnormality,2,1.000000,0.997904
about_3500,2,1.000000,0.994286
about_r_cpd,2,1.000000,0.992997
above_average,2,1.000000,0.999123
abrasion,2,1.000000,0.998309
abroad,2,1.000000,0.991978
absolutely_agree,2,1.000000,0.998657
absolutely_disgust,2,1.000000,0.999639
absolutely_fine,2,1.000000,0.998754
absolutely_life_change,2,1.000000,0.996398
absolutely_love,2,1.000000,0.997454
absolutely_miserable,2,1.000000,0.998929
absolutely_terrible,2,1.000000,0.999492
absolutely_terrify,2,1.000000,0.998582
absolutely_worth,2,1.000000,0.996112
absorb,2,1.000000,0.996487
absorption,2,0.890112,0.997953
abstract,2,1.000000,0.997543
abuse,2,1.000000,0.998712
academic,2,1.000000,0.996840
academic_research,2,1.000000,0.998114
accident,2,1.000000,0.996993
accident_vomit,2,1.000000,0.999130
accompany_by,2,1.000000,0.997814
accomplishment,2,1.000000,0.998959
accord_to_doctor_bastian,2,1.000000,0.998883
accumulate,2,1.000000,0.996418
accuracy,2,1.000000,0.995161
accuse,2,1.000000,0.999202
acetaminophen,2,1.000000,0.993892
achalasia,2,0.880817,0.997831
ache,2,1.000000,0.997225
achieve,2,1.000000,0.996167
acid,2,1.000000,0.997164
acid_erosion,2,1.000000,0.999009
acid_food,2,1.000000,0.991838
acid_medication,2,1.000000,0.993108
acid_production,2,1.000000,0.998553
acid_reducer,2,1.000000,0.993007
acid_reflux,2,1.000000,0.997604
acid_reflux_gerd,2,1.000000,0.999129
acid_reflux_medication,2,1.000000,0.993170
acid_reflux_pill,2,1.000000,0.994907
acid_taste,2,1.000000,0.997379
acidity,2,1.000000,0.996972
acknowledge,2,1.000000,0.994041
acne,2,1.000000,0.995126
acquaintance,2,1.000000,0.998822
acquire,2,1.000000,0.998648
acre_le,2,1.000000,0.999463
act_like,2,1.000000,0.997886
act_up,2,1.000000,0.998201
action,2,1.000000,0.995526
activate,2,1.000000,0.995402
activate_charcoal,2,1.000000,0.995080
active,2,1.000000,0.995850
active_ingredient,2,1.000000,0.995617
activity,2,1.000000,0.996095
actor,2,1.000000,0.999783
actual_condition,2,1.000000,0.997186
actual_name,2,1.000000,0.997712
actual_vomit,2,1.000000,0.996811
actually_enjoy,2,1.000000,0.995542
acupuncturist,2,1.000000,0.994442
acute,2,1.000000,0.998966
adamant,2,1.000000,0.999238
adams_apple,2,1.000000,0.995058
add_sugar,2,1.000000,0.994784
adderall,2,1.000000,0.994378
addiction,2,1.000000,0.995767
address,2,1.000000,0.994808
adenomyosis,2,1.000000,0.999570
adhd,2,1.000000,0.998040
adhd_medication,2,1.000000,0.994807
adjustment_period,2,1.000000,0.998776
adkins,2,1.000000,0.998981
administer,2,1.000000,0.994537
adolescence,2,1.000000,0.999682
adolescent,2,1.000000,0.999308
adrenaline,2,1.000000,0.999258
adult,2,1.000000,0.997727
adult_life,2,1.000000,0.998487
adulthood,2,1.000000,0.998355
adventure,2,1.000000,0.997810
adverse_effect,2,1.000000,0.999467
adverse_reaction,2,1.000000,0.998074
adverse_side_effect,2,1.000000,0.999304
advice_and_support,2,1.000000,0.997589
advil,2,1.000000,0.993464
advocacy,2,1.000000,0.997163
advocate,2,1.000000,0.994461
advocate_for_yourself,2,1.000000,0.994196
aerobic,2,0.916687,0.999288
aerophagia,2,1.000000,0.997576
aetna,2,1.000000,0.990467
afab,2,1.000000,0.999231
affair,2,1.000000,0.999315
affect,2,0.993121,0.998726
affirm,2,1.000000,0.998726
afflict,2,1.000000,0.999193
afraid,2,1.000000,0.998074
afraid_of_needle,2,1.000000,0.999536
afraid_of_vomit,2,1.000000,0.998246
afrin,2,1.000000,0.998670
after_dinner,2,1.000000,0.996915
after_eat,2,1.000000,0.997171
after_extensive_conventional,2,1.000000,0.997613
after_lunch,2,1.000000,0.997145
after_meal,2,1.000000,0.997365
afternoon,2,1.000000,0.997255
afternoon_and_evening,2,1.000000,0.999281
afternoon_evening,2,1.000000,0.999387
age_12,2,1.000000,0.998627
age_18,2,1.000000,0.998550
age_27,2,1.000000,0.998986
age_8,2,1.000000,0.998465
aggravate,2,1.000000,0.998606
agh,2,1.000000,0.998149
agitate,2,1.000000,0.999674
agony,2,1.000000,0.997426
agoraphobia,2,1.000000,0.998986
agree,2,1.000000,0.993622
agreement,2,1.000000,0.997892
ah_cool,2,1.000000,0.999639
ah_man,2,1.000000,0.998905
ah_wow,2,1.000000,0.998874
ahead_of_time,2,1.000000,0.993849
ahhh,2,1.000000,0.997281
ahhhh,2,1.000000,0.999116
ahhhhh,2,1.000000,0.999317
aid,2,1.000000,0.994413
ailment,2,1.000000,0.998608
aimlee,2,1.000000,0.997614
air,2,1.000000,0.996139
air_bubble,2,1.000000,0.996169
air_buildup,2,1.000000,0.998811
air_escape,2,1.000000,0.996396
air_hunger,2,1.000000,0.999137
air_inside,2,1.000000,0.996391
air_pocket,2,1.000000,0.996823
air_trap,2,1.000000,0.996435
air_upwards,2,1.000000,0.996018
air_vom,2,1.000000,0.999262
air_vomit,2,1.000000,0.996750
airway,2,1.000000,0.995893
airy,2,1.000000,0.999529
alan,2,1.000000,0.997526
albany_ny,2,1.000000,0.995072
alberta,2,1.000000,0.993348
albuterol_inhaler,2,1.000000,0.999076
alc,2,1.000000,0.995510
alcohol,2,1.000000,0.991169
alcohol_caffeine,2,1.000000,0.995425
alcohol_coffee,2,1.000000,0.995101
alcoholic,2,1.000000,0.991860
alcoholic_drink,2,1.000000,0.991567
ale,2,1.000000,0.992284
alert,2,1.000000,0.999554
alginate,2,1.000000,0.994847
algoid,2,1.000000,0.995497
alignment,2,1.000000,0.998001
alka_seltzer,2,1.000000,0.993365
alka_seltzer_gum,2,1.000000,0.993343
alkaline,2,1.000000,0.995712
alkaline_water,2,1.000000,0.994193
all_honesty,2,1.000000,0.999319
allergic_reaction,2,1.000000,0.999265
allergist,2,1.000000,0.995548
allergy,2,1.000000,0.998188
allergy_medication,2,1.000000,0.994668
allergy_test,2,1.000000,0.998457
alleviate,2,1.000000,0.998402
almond_milk,2,1.000000,0.994095
almost_choke,2,1.000000,0.996935
almost_cry,2,1.000000,0.997324
almost_daily,2,1.000000,0.997954
almost_entirely,2,1.000000,0.999487
almost_every,1,0.938150,0.999996
almost_every_bite,2,1.000000,0.992231
almost_everyday,2,1.000000,0.999361
almost_nonexistent,2,1.000000,0.999422
alotaibi,2,1.000000,0.997722
alternate_between,2,1.000000,0.999521
alternative_medicine,2,1.000000,0.998430
alternative_method,2,1.000000,0.998398
amanda_hu,2,1.000000,0.994322
amaze,2,1.000000,0.995854
amazement,2,1.000000,0.998624
amazing,2,1.000000,0.995944
amazon,2,1.000000,0.995051
ambulatory,2,1.000000,0.993372
america,2,1.000000,0.991443
american,2,1.000000,0.991223
amersfoort,2,1.000000,0.995125
amitriptyline,2,1.000000,0.994047
amnesia,2,1.000000,0.998347
among_no_burper,2,1.000000,0.999306
among_us,2,1.000000,0.998971
amount_of_air,2,1.000000,0.996197
amount_of_gas,2,1.000000,0.996257
amplify,2,1.000000,0.998990
anaesthesia,2,1.000000,0.994454
anaesthetist,2,1.000000,0.993994
anaesthetist_come,2,1.000000,0.997745
anatomical,2,1.000000,0.997138
anatomy,2,1.000000,0.996483
andrew,2,1.000000,0.997962
android,2,1.000000,0.999458
anecdotal,2,1.000000,0.995780
anemia,2,1.000000,0.999131
anemic,2,1.000000,0.999533
anesthesia,2,1.000000,0.994616
anesthesia_general,2,1.000000,0.999604
anesthesiologist,2,1.000000,0.994310
anesthesiologist_come,2,1.000000,0.998207
anesthetic,2,1.000000,0.994351
anesthetist,2,1.000000,0.994735
anesthetize,2,1.000000,0.995450
anger,2,1.000000,0.998853
angle,2,1.000000,0.994161
angry,2,1.000000,0.997767
anguish,2,1.000000,0.999296
announce,2,1.000000,0.998213
annoy,2,1.000000,0.998193
annoyed,2,1.000000,0.997874
anomaly,2,1.000000,0.999040
anonymous,2,1.000000,0.997411
anorexia,2,1.000000,0.998967
anorexic,2,1.000000,0.999011
another_dose,2,1.000000,0.993694
another_injection,2,1.000000,0.993760
another_round,2,1.000000,0.993738
another_shot,2,1.000000,0.994161
another_state,2,1.000000,0.993731
answer_any_question,2,1.000000,0.996689
antacid,2,1.000000,0.992518
antegrade,2,1.000000,0.997362
anterograde,2,1.000000,0.997362
anthem,2,1.000000,0.992195
anthem_bcbs,2,1.000000,0.992781
anti_acid,2,1.000000,0.992632
anti_anxiety_med,2,1.000000,0.995744
anti_anxiety_medication,2,1.000000,0.995020
anti_depressant,2,1.000000,0.999204
anti_gas,2,1.000000,0.994069
anti_gas_medication,2,1.000000,0.995424
anti_gas_pill,2,1.000000,0.994771
anti_nausea,2,1.000000,0.993613
anti_nausea_medication,2,1.000000,0.993660
anti_reflux,2,1.000000,0.999260
anti_sickness,2,1.000000,0.995767
antibiotic,2,1.000000,0.992564
antidepressant,2,1.000000,0.993773
antiemetic,2,1.000000,0.994063
antihistamine,2,1.000000,0.993973
antireflux,2,1.000000,0.999350
antispasmodic,2,1.000000,0.999425
anxiety,2,1.000000,0.998487
anxiety_and_depression,2,1.000000,0.999276
anxiety_and_panic_attack,2,1.000000,0.999488
anxiety_attack,2,1.000000,0.998512
anxiety_depression,2,1.000000,0.998583
anxiety_disorder,2,1.000000,0.998682
anxiety_induce,2,1.000000,0.998654
anxiety_med,2,1.000000,0.995379
anxiety_medication,2,1.000000,0.994529
anxiety_panic_attack,2,1.000000,0.999400
anxiety_provoke,2,1.000000,0.999309
anxiety_related,2,1.000000,0.998863
anxiety_spike,2,1.000000,0.999378
anxiety_surround,2,1.000000,0.999350
anxious,2,1.000000,0.998171
anxious_about,2,1.000000,0.998339
anxious_person,2,0.990334,0.999475
any_complication,2,1.000000,0.998053
any_correlation,2,1.000000,0.998121
any_guidance,2,1.000000,0.997588
any_pointer,2,1.000000,0.996670
any_sense,0,1.000000,0.999998
anymore,2,1.000000,0.997278
anything_carbonate,2,1.000000,0.991445
anything_fizzy,2,1.000000,0.990373
anywhere_near,2,1.000000,0.998647
apd,2,1.000000,0.998282
appeal,2,1.000000,0.990243
appear_reasonable,2,1.000000,0.998635
appearance,2,1.000000,0.999671
appease,2,1.000000,0.998767
appendicitis,2,1.000000,0.999173
appendix,2,1.000000,0.998674
appetite,2,1.000000,0.998511
apple,2,1.000000,0.991273
apple_juice,2,1.000000,0.991669
apple_sauce,2,1.000000,0.990965
applesauce,2,1.000000,0.990768
apply_pressure,2,1.000000,0.995994
appointment,2,1.000000,0.992417
appointment_with_doctor_bastian,2,1.000000,0.993546
appointment_with_doctor_spiegel,2,1.000000,0.994023
appointment_with_lucy,2,1.000000,0.993633
appointment_with_lucy_hicklin,2,1.000000,0.993671
appointment_with_my_pcp,2,1.000000,0.993567
appreciate_any_input,2,1.000000,0.999157
appreciate_your_response,2,1.000000,0.997915
approval,2,1.000000,0.991091
approve,2,1.000000,0.990108
approximate,2,1.000000,0.998436
april_2024,2,1.000000,0.996838
april_23,2,1.000000,0.997486
apt,2,1.000000,0.992391
arch,2,1.000000,0.995972
arduous,2,1.000000,0.999642
are_not_all,2,1.000000,0.999191
are_not_alone,2,1.000000,0.996670
are_not_aware,2,1.000000,0.996931
are_not_burp,2,1.000000,0.999281
are_not_like,2,1.000000,0.999649
are_not_suffer,2,1.000000,0.999172
are_not_uncommon,2,1.000000,0.999451
arfid,2,1.000000,0.999347
argh,2,1.000000,0.998977
arizona,2,1.000000,0.995070
arm,2,1.000000,0.994807
arm_above,2,1.000000,0.995095
armpit,2,1.000000,0.998848
around_11,2,1.000000,0.997459
around_200,2,1.000000,0.994732
around_4k,2,1.000000,0.994112
around_600,2,1.000000,0.992329
around_80,2,1.000000,0.996600
around_850,2,1.000000,0.994657
arrive,2,1.000000,0.994573
artery,2,1.000000,0.997985
arthritis,2,1.000000,0.999602
article,2,1.000000,0.994876
asap,2,1.000000,0.991517
ashamed,2,1.000000,0.998060
asleep,2,1.000000,0.995460
asphyxiation,2,1.000000,0.999397
aspirate,2,1.000000,0.996810
aspirin,2,1.000000,0.994373
assembly,2,1.000000,0.999654
assess,2,1.000000,0.995107
assessment,2,1.000000,0.993012
assistant,2,1.000000,0.993588
associate,2,1.000000,0.998454
associate_symptom,2,1.000000,0.998931
associate_with_r_cpd,2,1.000000,0.999052
association_between,2,1.000000,0.999192
assure,2,1.000000,0.994468
asthma,2,1.000000,0.998095
asthmatic,2,1.000000,0.999468
asymptomatic,2,1.000000,0.999451
athletic,2,1.000000,0.999040
atlas,2,1.000000,0.999458
atrophy,2,1.000000,0.997845
attach,2,1.000000,0.995248
attack,2,1.000000,0.997669
attendant,2,1.000000,0.999001
attract,2,1.000000,0.999275
attractive,2,1.000000,0.999092
attribute,2,1.000000,0.998496
atypical,2,1.000000,0.998799
audible,2,1.000000,0.997173
audible_sound,2,1.000000,0.997694
audition,2,1.000000,0.998653
august,2,1.000000,0.993384
august_2023,2,1.000000,0.996825
aujourdhui_concern_le_rcpd,2,1.000000,0.999492
aunt,2,1.000000,0.999174
australia,2,1.000000,0.991206
australian,2,1.000000,0.997371
austria,2,1.000000,0.993888
author,2,1.000000,0.996753
authorization,2,1.000000,0.990216
autism,2,1.000000,0.998408
autistic,2,1.000000,0.999219
autoimmune,2,1.000000,0.998412
autoimmune_disease,2,1.000000,0.998538
autoimmune_disorder,2,1.000000,0.999162
automatic,2,1.000000,0.995763
autonomic,2,1.000000,0.998675
autonomic_nervous_system,2,1.000000,0.998230
availability,2,1.000000,0.992625
available,2,1.000000,0.990881
avenue,2,1.000000,0.995350
average,1,0.438808,0.999993
average_person,2,1.000000,0.997730
average_weight,2,1.000000,0.999525
aversion,2,1.000000,0.999130
aviva,2,1.000000,0.993953
avoid,2,1.000000,0.991758
avoid_anything,2,1.000000,0.994183
avoid_bread,2,1.000000,0.995292
avoid_carbonate,2,1.000000,0.990626
avoid_carbonate_beverage,2,1.000000,0.995123
avoid_carbonation,2,1.000000,0.993896
avoid_carbonation_alcohol_caffeine,2,1.000000,0.994864
avoid_dairy,2,1.000000,0.995966
avoid_trigger,2,1.000000,0.992883
aw,2,1.000000,0.996725
awake,2,1.000000,0.994409
aware,2,1.000000,0.994626
aware_of_r_cpd,2,1.000000,0.993525
awe,2,1.000000,0.998781
awesome,2,1.000000,0.995703
awesome_congratulation,2,1.000000,0.998230
awesome_news,2,1.000000,0.998239
awesome_to_hear,2,1.000000,0.997821
awful,2,1.000000,0.997328
awh,2,1.000000,0.997645
awkward,2,1.000000,0.997622
awkwardness,2,1.000000,0.999293
aww,2,1.000000,0.997075
b1,2,1.000000,0.999188
b12,2,1.000000,0.998707
b6,2,1.000000,0.996384
b_b,2,1.000000,0.999612
baba,2,1.000000,0.999357
baby,2,1.000000,0.997627
baby_accord,2,1.000000,0.998446
baby_ibuprofen,2,1.000000,0.992713
baby_my_parent,2,1.000000,0.999308
back_down,2,1.000000,0.995907
back_to_normal,2,1.000000,0.996569
background_check,2,1.000000,0.997827
backstop,2,1.000000,0.996687
baclofen,2,1.000000,0.999310
bacon,2,1.000000,0.992889
bacteria,2,1.000000,0.996640
bacteria_overgrowth,2,1.000000,0.999370
bacterial,2,1.000000,0.998510
bad,2,1.000000,0.997328
bad_breath,2,1.000000,0.998020
bad_habit,2,1.000000,0.997672
bad_posture,2,1.000000,0.998003
baffle,2,1.000000,0.998600
baggy,2,1.000000,0.999148
bah,2,1.000000,0.999085
bahama,2,1.000000,0.999560
bake,2,1.000000,0.993737
ball,2,1.000000,0.995174
ball_roll,2,1.000000,0.992063
ball_under_your_chin,2,1.000000,0.996841
balloon,2,1.000000,0.995859
balloon_dilation,2,1.000000,0.994067
ballottement,2,1.000000,0.997705
banana,2,1.000000,0.990700
bar,2,1.000000,0.994235
bare_minimum,2,1.000000,0.995394
barely_audible,2,1.000000,0.998061
barely_eat,2,1.000000,0.992449
barely_ever,2,1.000000,0.999496
barely_notice,2,1.000000,0.998182
barf,2,1.000000,0.996862
barium,2,1.000000,0.995214
barium_study,2,1.000000,0.996469
barium_swallow,2,1.000000,0.994814
barium_swallow_and_manometry,2,1.000000,0.997283
barium_swallow_show,2,1.000000,0.998002
barium_swallow_study,2,1.000000,0.995973
barium_swallow_test,2,1.000000,0.994777
barium_test,2,1.000000,0.996297
bark,2,1.000000,0.998299
barley,2,1.000000,0.996532
barotrauma,2,1.000000,0.998789
barret,2,1.000000,0.999284
barrett,2,1.000000,0.997925
barrett_esophagus,2,1.000000,0.997522
basically_zero,2,1.000000,0.999601
bastard,2,1.000000,0.999375
bastian,2,1.000000,0.992608
bastian_article,2,1.000000,0.996599
bastian_paper,2,1.000000,0.994843
bastian_rw,2,1.000000,0.998460
bastian_voice_institute,2,1.000000,0.992557
bastian_voice_institute_publish,2,1.000000,0.997833
bath,2,1.000000,0.999073
bathroom,2,0.932363,0.996232
bathroom_floor,2,1.000000,0.996537
baxter,2,1.000000,0.997523
bay_area_california,2,1.000000,0.997720
baylor_scott,2,1.000000,0.996134
bbc_article,2,1.000000,0.997283
bc,2,1.000000,0.997813
bcbs,2,1.000000,0.990093
bcs,2,1.000000,0.999603
be_lactose_intolerant,2,1.000000,0.993268
bean,2,1.000000,0.991700
beano,2,1.000000,0.993222
bearable,2,1.000000,0.999126
beat,2,1.000000,0.995586
because_of_r_cpd,2,1.000000,0.999074
become_unbearable,2,1.000000,0.998432
bed,2,1.000000,0.994609
bed_riser,2,1.000000,0.994650
bed_wedge,2,1.000000,0.994678
bedridden,2,1.000000,0.999289
bedside_manner,2,1.000000,0.997938
bedtime,2,1.000000,0.994782
beep,2,1.000000,0.999540
beer,2,1.000000,0.991051
beer_cider,2,1.000000,0.996571
beer_drinker,2,1.000000,0.997202
beer_or_seltzer,2,1.000000,0.990761
before_bed,2,1.000000,0.994342
before_bedtime,2,1.000000,0.994376
beginner,2,1.000000,0.999286
beginning,2,1.000000,0.997138
beginning_of_august,2,1.000000,0.997822
beginning_of_november,2,1.000000,0.997963
behalf,2,1.000000,0.994021
behavior,2,1.000000,0.998278
behind,2,1.000000,0.995052
belch,2,1.000000,0.997009
belch_reflex,2,0.893836,0.997692
belief,2,1.000000,0.998613
believe,2,1.000000,0.994578
believe_doctor_bastian,2,1.000000,0.997152
bell_pepper,2,1.000000,0.993707
belle,2,1.000000,0.999606
bellevue,2,1.000000,0.994922
bellevue_wa,2,1.000000,0.996372
belly,2,1.000000,0.996073
belly_breath,2,1.000000,0.996379
belly_breathe,2,1.000000,0.996662
belly_button,2,1.000000,0.996150
belong_here,2,1.000000,0.998877
belt,2,1.000000,0.994994
benadryl,2,1.000000,0.993822
bench,2,1.000000,0.997172
bench_press,2,1.000000,0.996293
bend,2,1.000000,0.994408
bend_down,2,1.000000,0.994384
bend_forward,2,1.000000,0.996381
bend_over,2,1.000000,0.994362
bend_over_especially,2,1.000000,0.994176
beneath,2,1.000000,0.996178
benefit,2,1.000000,0.997122
benzo,2,1.000000,0.994919
benzodiazepine,2,1.000000,0.999418
berlin,2,1.000000,0.991856
berries,2,1.000000,0.993780
beta_blocker,2,1.000000,0.994577
betaine,2,1.000000,0.995563
betaine_hcl,2,1.000000,0.994806
better_soon,2,1.000000,0.996855
between_bite,2,1.000000,0.991054
beverage,2,1.000000,0.991031
beyond_frustrate,2,1.000000,0.998270
bf,2,1.000000,0.998814
bias,2,1.000000,0.995567
big_belch,2,1.000000,0.998686
big_bite,2,1.000000,0.993394
big_breath,2,1.000000,0.996197
big_complaint,2,1.000000,0.999680
big_concern,2,1.000000,0.998610
big_deal,2,1.000000,0.998024
big_difference,0,1.000000,0.999994
big_dose,2,1.000000,0.994922
big_eater,2,1.000000,0.997134
big_fear,2,1.000000,0.998548
big_gulp,2,1.000000,0.991688
big_meal,2,1.000000,0.991866
big_role,2,1.000000,0.999329
bile,2,1.000000,0.997218
bill,2,1.000000,0.990727
binder,2,1.000000,0.998542
binge_eat,2,1.000000,0.999669
biofeedback,2,1.000000,0.997020
biology,2,1.000000,0.998861
biopsy,2,1.000000,0.995197
birth,2,1.000000,0.998140
birth_control,2,1.000000,0.995934
birth_control_pill,2,1.000000,0.995299
birth_defect,2,1.000000,0.998405
bit_groggy,2,1.000000,0.998750
bite,2,1.000000,0.990719
bite_of_food,2,1.000000,0.990862
bittersweet,2,1.000000,0.998210
bizarre,2,1.000000,0.998225
black_coffee,2,1.000000,0.991301
blackout_drunk,2,1.000000,0.999448
blah,2,0.933697,0.999655
bland_diet,2,1.000000,0.999441
bland_food,2,1.000000,0.994870
blanket,2,1.000000,0.998397
bleb,2,1.000000,0.999306
blend,2,1.000000,0.992287
blender,2,1.000000,0.993679
bless,2,1.000000,0.997506
blessing,2,1.000000,0.998025
blissful,2,1.000000,0.999321
bloat,2,1.000000,0.997200
bloat_and_distension,2,1.000000,0.998995
bloat_belly,2,1.000000,0.999204
bloat_flatulence,2,1.000000,0.998021
bloatedness,2,1.000000,0.998570
block,2,1.000000,0.995757
block_nose,2,1.000000,0.998909
blockage,2,1.000000,0.996357
blog,2,1.000000,0.996341
blood_draw,2,0.876861,0.999187
blood_sugar,2,1.000000,0.998954
blood_test,2,1.000000,0.995113
blood_work,2,1.000000,0.995293
bloodwork,2,1.000000,0.996082
blow_away,2,1.000000,0.997962
blow_up,2,1.000000,0.995971
blue_color,2,1.000000,0.993856
blue_cross,2,1.000000,0.992232
blue_cross_blue_shield,2,1.000000,0.992205
blue_ridge,2,1.000000,0.991422
blue_shield,2,1.000000,0.991600
blueberry,2,1.000000,0.994000
bluecross,2,1.000000,0.998531
bm,2,1.000000,0.998882
bmi,2,1.000000,0.999297
bmi_alexandra,2,1.000000,0.998350
bmi_blackheath,2,1.000000,0.995323
boatload,2,1.000000,0.998721
bob,2,1.000000,0.995918
bodily,2,0.892844,0.998997
bodily_function,2,1.000000,0.999415
body_dysmorphia,2,1.000000,0.999428
body_image,2,1.000000,0.999164
body_itch,2,1.000000,0.999266
body_position,2,1.000000,0.994814
bodybuilder,2,1.000000,0.999524
bone,2,1.000000,0.996059
bone_broth,2,1.000000,0.992743
bonjour_avoir_vous_recut,2,1.000000,0.999430
book,2,1.000000,0.992738
book_in_with_lucy,2,1.000000,0.997744
bordello,2,1.000000,0.997596
borderline_underweight,2,1.000000,0.999141
boring,2,1.000000,0.997603
boston_area,2,1.000000,0.997187
both_r_cpd,2,1.000000,0.998924
bothersome,2,1.000000,0.998558
botox,2,1.000000,0.993363
botox_for_dysphagia,2,1.000000,0.994636
botox_injection,2,1.000000,0.993337
botox_itself,2,1.000000,0.990920
botox_iversary,2,1.000000,0.996542
botox_migrate,2,1.000000,0.997046
botox_treatment,2,1.000000,0.993483
botox_wear_off,2,1.000000,0.996457
bottle,2,1.000000,0.991008
bottle_of_sprite,2,1.000000,0.991673
bottle_of_water,2,1.000000,0.991139
bottom,2,1.000000,0.995273
bottom_jaw,2,1.000000,0.996028
bottom_tooth,2,1.000000,0.998633
botulinum,2,1.000000,0.999488
botulinum_toxin,2,0.989160,0.996763
botulinum_toxin_injection,2,1.000000,0.996844
bounce_up,2,1.000000,0.996707
bout,2,1.000000,0.997703
bout_of_food_poison,2,0.928234,0.999576
bout_of_nausea,2,1.000000,0.999524
bowel,2,1.000000,0.996567
bowel_cramp,2,1.000000,0.999095
bowel_issue,2,1.000000,0.998165
bowel_movement,2,1.000000,0.997029
bowel_problem,2,1.000000,0.998983
bowl,2,1.000000,0.991046
bowl_of_pasta,2,1.000000,0.997741
boy_6,2,1.000000,0.999535
bp,2,1.000000,0.998928
bpd,2,1.000000,0.999110
bracket,2,1.000000,0.997987
brag,2,1.000000,0.999092
bragg,2,1.000000,0.998203
brain_fog,2,1.000000,0.998964
brass,2,1.000000,0.998927
bravery,2,1.000000,0.998235
bread,2,1.000000,0.990292
break,2,1.000000,0.995538
break_down,2,1.000000,0.996596
breakfast,2,1.000000,0.991248
breast_bone,2,1.000000,0.999333
breastbone,2,1.000000,0.997406
breath,2,1.000000,0.996020
breath_test,2,1.000000,0.996050
breathe,2,1.000000,0.996143
breathe_deep,2,1.000000,0.997936
breathe_exercise,2,1.000000,0.996396
breathe_issue,2,1.000000,0.998020
breathe_proper,2,1.000000,0.999329
breathe_technique,2,1.000000,0.996915
breathe_through,2,1.000000,0.995788
breathe_tube,2,1.000000,0.997976
breathless,2,1.000000,0.997844
breathy,2,1.000000,0.999757
breed,2,1.000000,0.999527
breeze,2,1.000000,0.994551
brethren,2,1.000000,0.998346
bridgetown,2,1.000000,0.999375
brigham_and_woman,2,1.000000,0.995897
brilliant,2,1.000000,0.996189
bring_myself,2,0.974679,0.997849
brisbane,2,1.000000,0.992931
brisk_walk,2,1.000000,0.994849
brit,2,1.000000,0.997259
broad,2,1.000000,0.999121
broccoli,2,1.000000,0.991866
bronchitis,2,0.861776,0.999297
broomfield,2,1.000000,0.994339
brother,2,1.000000,0.997709
browser,2,1.000000,0.997909
bruh,2,1.000000,0.998919
bruise,2,1.000000,0.997244
brunch,2,1.000000,0.995932
brush_my,2,1.000000,0.996026
bsw,2,1.000000,0.994853
btx,2,1.000000,0.995802
bub,2,1.000000,0.999740
bubble,2,1.000000,0.996166
bubble_of_air,2,1.000000,0.996330
bubble_pop,2,1.000000,0.996998
bubble_stuck,2,1.000000,0.996839
bubbly,2,1.000000,0.991182
bubbly_drink,2,1.000000,0.990743
bubbly_water,2,1.000000,0.990669
bucket,2,0.947215,0.998207
budget,2,1.000000,0.990925
bueno,2,1.000000,0.999485
buffet,2,1.000000,0.996504
bugger,2,1.000000,0.998641
build_up,2,1.000000,0.995704
build_up_of_air,2,1.000000,0.999071
build_up_of_gas,2,1.000000,0.997909
build_up_pressure,2,1.000000,0.996416
building_up,2,1.000000,0.995578
buildup,2,1.000000,0.997083
buildup_of_gas,2,1.000000,0.998669
bulb,2,1.000000,0.999577
bulge,2,1.000000,0.997818
bulimia,2,1.000000,0.998663
bullfrog,2,1.000000,0.999371
bullying,2,1.000000,0.999179
bummer,2,1.000000,0.996546
bun,2,1.000000,0.997190
bupa,2,1.000000,0.990231
burden,2,1.000000,0.998862
burn,2,1.000000,0.997263
burn_sensation,2,1.000000,0.997215
burp,2,1.000000,0.997014
burp_contest,2,1.000000,0.998109
burp_on_command,2,0.899591,0.996768
burper,2,1.000000,0.998105
burpiversary,2,1.000000,0.998206
burrito,2,1.000000,0.995901
burst,2,1.000000,0.995853
burst_of_air,2,1.000000,0.998692
buspirone,2,1.000000,0.999346
butt,2,1.000000,0.995026
butter,2,1.000000,0.991370
butterfly,2,1.000000,0.998585
bvi,2,1.000000,0.992477
by_accident,2,1.000000,0.997007
by_comparison,2,1.000000,0.999785
by_contract,2,1.000000,0.995458
by_doctor_bastian,2,1.000000,0.994330
by_surprise,2,1.000000,0.995967
bye_bye,2,1.000000,0.995950
byproduct,2,1.000000,0.997683
cabbage,2,1.000000,0.993238
cabinet,2,1.000000,0.999515
cable,2,1.000000,0.998560
cad,2,1.000000,0.992755
cafeteria,2,1.000000,0.997662
caffeine,2,1.000000,0.991507
caffeine_alcohol,2,1.000000,0.994593
calcium_carbonate,2,1.000000,0.994249
calculation,2,1.000000,0.998878
calf,2,1.000000,0.998649
california,2,1.000000,0.991798
calm_myself,2,1.000000,0.996657
caloric,2,1.000000,0.995055
camera,2,1.000000,0.997131
camera_down,2,1.000000,0.997109
camera_through,2,1.000000,0.997228
camera_up,2,1.000000,0.997120
campus,2,1.000000,0.998316
can_afford,2,1.000000,0.990979
can_attest,2,1.000000,0.998801
can_relate,2,1.000000,0.996445
canada,2,1.000000,0.991116
cancel,2,1.000000,0.992754
cancel_plan,2,1.000000,0.998792
cancellation,2,1.000000,0.992871
cancer,2,1.000000,0.997728
candida,2,1.000000,0.998260
candida_overgrowth,2,1.000000,0.999451
candle,2,1.000000,0.996400
candy,2,1.000000,0.991518
canker_sore,2,1.000000,0.998664
cannot_believe,2,1.000000,0.997481
cannot_burp_on_command,2,1.000000,0.999495
cannot_emphasize,2,1.000000,0.999039
cannot_wait,2,1.000000,0.995052
cannula,2,0.915681,0.998560
capable,2,1.000000,0.996899
capitalize,2,1.000000,0.999607
capsule,2,1.000000,0.992014
car,2,1.000000,0.995242
car_sickness,2,1.000000,0.998896
carafe,2,1.000000,0.995249
carbohydrate,2,1.000000,0.992057
carbon_dioxide,2,1.000000,0.996864
carbonate,2,1.000000,0.990788
carbonate_alcoholic,2,1.000000,0.991564
carbonate_antacid,2,1.000000,0.994460
carbonate_beverage,2,1.000000,0.990161
carbonate_drink,2,1.000000,0.990202
carbonate_drink_alcohol,2,1.000000,0.994773
carbonate_drink_and_alcohol,2,1.000000,0.999586
carbonate_mixer,2,1.000000,0.993468
carbonate_water,2,1.000000,0.990236
carbonation,2,1.000000,0.990308
card,2,1.000000,0.991075
cardiac,2,1.000000,0.998445
cardio,2,1.000000,0.996088
cardiologist,2,1.000000,0.994897
care,2,1.000000,0.994325
care_about,2,1.000000,0.994409
careful,2,1.000000,0.994122
careless,2,1.000000,0.998917
carolina,2,1.000000,0.999232
carrot,2,1.000000,0.992533
carry_out,2,1.000000,0.994830
carsick,2,1.000000,0.998916
cartilage,2,1.000000,0.996031
cartoon,2,1.000000,0.998278
cascade_stomach,2,1.000000,0.999405
case_of_r_cpd,2,1.000000,0.998904
case_study,2,1.000000,0.995696
cash,2,1.000000,0.990710
casual_mention,2,1.000000,0.998339
cat_cow,2,1.000000,0.996518
cat_scan,2,1.000000,0.997267
catalyst,2,1.000000,0.998678
catastrophic,2,1.000000,0.999364
catathrenia,2,1.000000,0.999430
catch,2,1.000000,0.997030
categorize,2,1.000000,0.999088
cathartic,2,1.000000,0.999246
catheter,2,1.000000,0.998041
cauliflower,2,1.000000,0.993601
causal,2,1.000000,0.998948
causation,2,1.000000,0.998287
cause,2,1.000000,0.998132
cause_barrett,2,1.000000,0.998058
cause_by,2,1.000000,0.998046
cause_by_r_cpd,2,1.000000,0.998038
cause_constipation,2,1.000000,0.996858
cause_inflammation,2,1.000000,0.999092
cause_r_cpd,2,1.000000,0.998466
caustic,2,1.000000,0.993346
cautious_about,2,1.000000,0.999632
cautious_optimistic,2,1.000000,0.995672
cbd,2,0.921066,0.997690
cbd_oil,2,1.000000,0.995069
cbg,2,1.000000,0.999466
cc,2,1.000000,0.994100
cd,2,1.000000,0.999285
ce_que,2,1.000000,0.999592
ceiling,2,1.000000,0.995250
ceiling_hold,2,1.000000,0.995517
ceiling_stretch,2,1.000000,0.996338
celery,2,1.000000,0.993424
celiac,2,1.000000,0.997611
celiac_disease,2,1.000000,0.997702
celsius,2,1.000000,0.993210
cereal,2,1.000000,0.991028
certain_food,2,1.000000,0.991593
certain_position,2,1.000000,0.994066
certain_situation,2,1.000000,0.999427
certain_type,2,1.000000,0.995237
certain_way,2,1.000000,0.993905
cervical,2,1.000000,0.997928
chair,2,1.000000,0.994396
chalk_up,2,1.000000,0.999704
challenge,2,1.000000,0.992075
champagne,2,1.000000,0.991320
chance_of_develop,2,1.000000,0.998496
charcoal,2,1.000000,0.994747
charge,2,1.000000,0.990858
charite_berlin,2,1.000000,0.997784
charm,2,1.000000,0.993416
chart,2,1.000000,0.994879
chase,2,1.000000,0.991054
chase_each_bite,2,1.000000,0.993674
chase_every,2,1.000000,0.993845
chase_with_water,2,1.000000,0.990322
chaser,2,1.000000,0.992258
chat,2,1.000000,0.992756
cheadle,2,1.000000,0.994595
cheap_option,2,1.000000,0.994321
checkout,2,1.000000,0.997354
checkup,2,1.000000,0.995627
cheek,2,1.000000,0.995682
cheer_cheer_dance,2,1.000000,0.998323
cheer_cheer_dance_syndrome,2,1.000000,0.998666
cheese,2,1.000000,0.990766
cheesecake,2,1.000000,0.998033
chelsea,2,1.000000,0.993248
chelsea_outpatient_center,2,1.000000,0.996177
cherryhill,2,1.000000,0.995126
chest,2,1.000000,0.996121
chest_area,2,1.000000,0.996120
chest_cavity,2,1.000000,0.996008
chest_hurt,2,1.000000,0.999902
chest_pain,2,1.000000,0.997435
chest_pressure,2,1.000000,0.997541
chest_tightness,2,1.000000,0.998050
chest_x_ray,2,1.000000,0.995517
chest_xray,2,1.000000,0.999504
chew,2,1.000000,0.990476
chew_everything,2,1.000000,0.992062
chew_gum,2,1.000000,0.991347
chew_thorough,2,1.000000,0.990528
chew_well,2,1.000000,0.990448
chewable,2,1.000000,0.993419
chewable_tablet,2,1.000000,0.993859
chi,2,1.000000,0.999584
chiari,2,1.000000,0.999658
chicago_with_doctor_bastian,2,1.000000,0.996643
chick,2,1.000000,0.998352
chicken_and_egg,2,1.000000,0.999414
chickpea,2,1.000000,0.994207
chihuahua,2,1.000000,0.999106
child,2,1.000000,0.997691
child_hospital,2,1.000000,0.994166
child_liquid_ibuprofen,2,1.000000,0.994015
child_pose,2,1.000000,0.996750
childhood,2,1.000000,0.997778
childhood_trauma,2,1.000000,0.998850
chile,2,1.000000,0.999252
chin,2,1.000000,0.994482
chin_down,2,1.000000,0.994266
chin_forward,2,1.000000,0.995716
chin_tuck,2,1.000000,0.995416
chin_up,2,1.000000,0.997134
china,2,1.000000,0.995190
chip_tooth,2,1.000000,0.998100
chiropractor,2,1.000000,0.996567
chirp,2,1.000000,0.998983
chloride,2,1.000000,0.996381
chocolate,2,1.000000,0.991094
chocolate_factory,2,1.000000,0.999243
chocolate_milk,2,1.000000,0.995010
choke,2,1.000000,0.996879
choke_episode,2,1.000000,0.998841
choke_sensation,2,1.000000,0.998586
choke_to_death,2,1.000000,0.999480
choo,2,1.000000,0.999294
christchurch,2,1.000000,0.997824
christmas_dinner,2,1.000000,0.996749
chron,2,1.000000,0.999402
chronic,2,1.000000,0.997838
chronic_acid_reflux,2,1.000000,0.998515
chronic_constipation,2,1.000000,0.998602
chronic_cough,2,1.000000,0.999324
chronic_fatigue,2,1.000000,0.999089
chronic_gastritis,2,1.000000,0.998355
chronic_illness,2,1.000000,0.999136
chronic_inability,2,1.000000,0.998422
chronic_migraine,2,1.000000,0.999210
chronic_nausea,2,1.000000,0.998041
chronic_pain,2,1.000000,0.999038
chronic_reflux,2,1.000000,0.998796
chronic_sinusitis,2,1.000000,0.999634
chubby,2,1.000000,0.999437
chuck,2,1.000000,0.998648
chug,2,1.000000,0.990632
chug_anything,2,1.000000,0.998198
chug_beer,2,1.000000,0.999159
chug_liquid,2,1.000000,0.996361
chug_sprite,2,1.000000,0.999093
chug_water,2,1.000000,0.991190
chunky,2,1.000000,0.995752
churn,2,1.000000,0.997674
chyme,2,1.000000,0.997104
cider,2,1.000000,0.990858
cigar,2,1.000000,0.999126
cigarette,2,1.000000,0.996978
cigna,2,1.000000,0.990629
cinnamon,2,1.000000,0.994160
circular,2,1.000000,0.998725
circular_motion,2,1.000000,0.996027
circulate,2,1.000000,0.998253
circulation,2,1.000000,0.998161
citizen,2,1.000000,0.995305
citrus,2,1.000000,0.992260
clair_shore_michigan,2,1.000000,0.997723
clap,2,1.000000,0.998289
classic_case,2,1.000000,0.998774
classic_rcpd,2,1.000000,0.999309
classic_symptom,2,1.000000,0.999193
classical,2,1.000000,0.999916
classy,2,1.000000,0.996661
clavicle,2,1.000000,0.999302
clean,2,1.000000,0.995352
clear_up,2,1.000000,0.998529
clearance,2,1.000000,0.999159
clench,2,1.000000,0.995301
cleveland_clinic,2,1.000000,0.994196
click_on_menu,2,1.000000,0.995206
click_sound,2,0.993698,0.998899
client,2,1.000000,0.993613
clinch,2,1.000000,0.999422
clinic,2,1.000000,0.992375
clinical,2,1.000000,0.995426
cloche,2,1.000000,0.999000
clonazepam,2,1.000000,0.994755
closure,2,1.000000,0.999434
clothes,2,1.000000,0.998229
cloud,2,1.000000,0.998950
clueless,2,1.000000,0.993802
cluster,2,1.000000,0.999062
co,2,1.000000,0.995372
co2,2,0.850641,0.996732
co_insurance,2,1.000000,0.993371
co_occur,2,1.000000,0.998531
co_pay,2,1.000000,0.991653
coat,2,1.000000,0.997134
coax,2,1.000000,0.996233
cobra,2,1.000000,0.999561
cobra_pose,2,1.000000,0.996575
cock,2,1.000000,0.996546
cocktail,2,1.000000,0.991468
coconut,2,1.000000,0.993957
coconut_oil,2,1.000000,0.993985
code,2,1.000000,0.990196
codeine,2,1.000000,0.994501
coffee,2,1.000000,0.991257
coffee_tea,2,1.000000,0.994550
cognitive,2,1.000000,0.999527
coincide,2,1.000000,0.998882
coincidence,2,1.000000,0.998055
coinsurance,2,1.000000,0.992304
coke,2,1.000000,0.990648
coke_zero,2,1.000000,0.990677
cola,2,1.000000,0.992335
cold,2,1.000000,0.997995
cold_brew,2,1.000000,0.994850
cold_sweat,2,1.000000,0.999098
cold_weather,2,1.000000,0.998267
colic,2,1.000000,0.997659
colitis,2,1.000000,0.998580
collaborate,2,1.000000,0.998607
collapse,2,1.000000,0.996341
collar,2,1.000000,0.997534
collar_bone,2,1.000000,0.996933
collarbone,2,1.000000,0.996220
collection,2,1.000000,0.997111
colon,2,1.000000,0.996553
colonic,2,1.000000,0.998259
colonoscopy,2,1.000000,0.994935
colonoscopy_and_endoscopy,2,1.000000,0.999224
colonoscopy_endoscopy,2,1.000000,0.996807
columbia,2,1.000000,0.994714
com,2,1.000000,0.995384
combination,2,1.000000,0.997854
combination_of_both,2,1.000000,0.999248
come_across,2,1.000000,0.996294
come_across_this_subreddit,2,1.000000,0.997524
come_back_negative,2,1.000000,0.995630
come_home,2,1.000000,0.997115
come_natural,2,1.000000,0.996005
come_out,2,0.867465,0.996486
come_out_natural,2,1.000000,0.996119
come_out_of_nowhere,2,1.000000,0.998844
comedy,2,1.000000,0.998479
comfortability,2,1.000000,0.999208
comfy,2,1.000000,0.998382
command,2,0.964361,0.996637
comment_below,2,1.000000,0.996862
comment_section,2,1.000000,0.997392
commit,2,1.000000,0.995431
common,2,1.000000,0.998346
common_incorrect,2,1.000000,0.997680
common_symptom,2,1.000000,0.998217
common_theme,2,1.000000,0.999259
common_with_r_cpd,2,1.000000,0.999244
community,2,1.000000,0.995684
commute,2,1.000000,0.998767
comorbidity,2,1.000000,0.998929
compensate,2,1.000000,0.997614
compile,2,1.000000,0.995199
complacent,2,1.000000,0.998012
complaint,2,1.000000,0.997871
complete_agree,2,1.000000,0.998719
complete_change,2,1.000000,0.998942
complete_empty,2,1.000000,0.996408
complete_fine,2,1.000000,0.998814
complete_ignore,2,1.000000,0.999570
complete_silent,2,1.000000,0.998702
complete_understand,2,1.000000,0.997955
complete_unrelated,2,1.000000,0.998948
complete_upright,2,1.000000,0.999561
complex,2,1.000000,0.998782
complicate_thing,2,1.000000,0.999158
complicated,2,1.000000,0.998841
complication,2,1.000000,0.997736
composition,2,1.000000,0.999615
compress,2,1.000000,0.995778
compressible,2,1.000000,0.996839
compression,2,1.000000,0.998257
compromise,2,1.000000,0.997337
compulsive,2,1.000000,0.999758
concave,2,1.000000,0.998822
conceptualize,2,1.000000,0.999335
concern,2,1.000000,0.997581
concern_about,2,1.000000,0.997602
concert,2,1.000000,0.995912
conclude_that,2,1.000000,0.998435
concrete,2,1.000000,0.999082
concurrent,2,1.000000,0.999219
condition,2,1.000000,0.997569
condition_summary,2,1.000000,0.997091
conduct,2,1.000000,0.995597
conduct_by,2,1.000000,0.997411
confident,2,1.000000,0.995978
confirm_diagnosis,2,1.000000,0.996792
confront,2,1.000000,0.999250
confuse,2,1.000000,0.997992
congested,2,1.000000,0.998124
congestion,2,1.000000,0.998104
congratulation,2,1.000000,0.995623
conjecture,2,1.000000,0.999393
conjunction,2,1.000000,0.998843
connect,2,1.000000,0.998058
connecticut,2,1.000000,0.994279
connection,2,1.000000,0.998009
connection_between,2,1.000000,0.998037
connection_between_r_cpd,2,1.000000,0.999476
connective_tissue,2,1.000000,0.998746
connective_tissue_disease,2,1.000000,0.999025
connective_tissue_disorder,2,1.000000,0.998484
conquer,2,1.000000,0.999211
conscious,2,1.000000,0.995733
consent_form,2,1.000000,0.998010
conservative,2,1.000000,0.995785
consistent,2,0.907380,0.996807
conspiracy,2,1.000000,0.998257
constant,2,1.000000,0.997442
constant_discomfort,2,1.000000,0.999168
constant_nausea,2,1.000000,0.997745
constipate,2,1.000000,0.997312
constipation,2,1.000000,0.997579
constipation_diarrhoea,2,1.000000,0.999405
constrict,2,1.000000,0.996061
constriction,2,1.000000,0.997240
consult,2,1.000000,0.992347
consultant,2,1.000000,0.992471
consultant_who,2,1.000000,0.992565
consultation,2,1.000000,0.992309
consultation_appointment,2,1.000000,0.993607
consultation_with_mr,2,1.000000,0.998135
consume,2,1.000000,0.991556
contact,2,1.000000,0.992127
contact_her,2,1.000000,0.994368
contact_info,2,1.000000,0.994650
contact_them,2,1.000000,0.992070
contain,2,1.000000,0.993555
contemplate,2,1.000000,0.997863
content,2,1.000000,0.996469
context,2,1.000000,0.998038
context_of_r_cpd,2,1.000000,0.999307
continue,2,1.000000,0.996455
continue_to_improve,2,1.000000,0.996793
continue_to_update,2,1.000000,0.997158
contort,2,1.000000,0.994834
contract,2,1.000000,0.995617
contractility,2,1.000000,0.998661
contraction,2,1.000000,0.996479
contradictory,2,1.000000,0.999531
contrast,2,1.000000,0.997884
contribute,2,1.000000,0.998139
contribute_factor,2,1.000000,0.998399
contribute_to_develop,2,1.000000,0.998929
contribute_towards,2,1.000000,0.998758
contributor,2,1.000000,0.999063
control,2,0.944724,0.996616
control_over,2,1.000000,0.997033
control_them,2,0.877799,0.996666
controllable,2,1.000000,0.997089
conversation,2,1.000000,0.997757
convince_my_parent,2,1.000000,0.995536
convince_them,2,1.000000,0.993585
cook,2,1.000000,0.990702
cool,2,1.000000,0.997003
cool_to_hear,2,1.000000,0.998132
coordinate,2,1.000000,0.997377
coordination,2,1.000000,0.998089
coordinator,2,1.000000,0.996883
copay,2,1.000000,0.990930
cope,2,1.000000,0.998564
copy,2,1.000000,0.994823
copy_and_paste,2,1.000000,0.996975
copy_of_doctor,2,1.000000,0.995064
cord,2,1.000000,0.998428
core,2,1.000000,0.995106
core_exercise,2,1.000000,0.996060
core_muscle,2,1.000000,0.996087
core_strength,2,1.000000,0.997318
core_strengthen,2,1.000000,0.996204
cork,2,1.000000,0.996413
coronavirus,2,1.000000,0.999300
correct,2,1.000000,0.996400
correct_muscle,2,0.987309,0.997423
correction,2,1.000000,0.997434
correlate,2,1.000000,0.998296
correlation,2,1.000000,0.998041
correlation_between,2,1.000000,0.998062
correlation_between_r_cpd,2,1.000000,0.999376
cortisol,2,1.000000,0.998942
cosentino,2,1.000000,0.998148
cost,2,1.000000,0.990292
cost_850,2,1.000000,0.995747
cost_estimate,2,1.000000,0.992193
costco,2,1.000000,0.995247
costochondritis,2,1.000000,0.998255
couch,2,1.000000,0.994586
cough,2,1.000000,0.996965
cough_drop,2,1.000000,0.994022
cough_fit,2,1.000000,0.997163
could_potential,2,1.000000,0.997981
counseling,2,1.000000,0.999169
counter_medication,2,1.000000,0.995519
counteract,2,1.000000,0.999175
counterproductive,2,1.000000,0.998802
country,2,1.000000,0.991259
couple_day,2,1.000000,0.998752
couple_month,2,1.000000,0.997639
courage,2,1.000000,0.992225
cousin,2,1.000000,0.997773
cover_by,2,1.000000,0.990117
cover_by_insurance,2,1.000000,0.989978
cover_everything_except,2,1.000000,0.993627
cover_under,2,1.000000,0.990297
coverage,2,1.000000,0.990180
covid_test,-1,0.000000,nan
cow_milk,2,1.000000,0.996565
cp,2,1.000000,0.996310
cp_muscle,2,1.000000,0.996134
cpd,2,1.000000,0.995443
cpt,2,1.000000,0.995167
crackle,2,0.924839,0.998937
cramp,2,1.000000,0.997449
cranberry,2,1.000000,0.992938
cranberry_juice,2,1.000000,0.994303
crane,2,1.000000,0.994314
crappy,2,1.000000,0.997920
crazy,2,1.000000,0.997653
cream,2,1.000000,0.992169
creamer,2,1.000000,0.995335
creamy,2,1.000000,0.992973
create_gas,2,1.000000,0.996555
credence,2,1.000000,0.999268
cricoid,2,1.000000,0.995656
cricoid_cartilage,2,1.000000,0.995914
cricoid_massage,2,1.000000,0.995298
cricoid_muscle,2,1.000000,0.995821
cricopharangeal,2,1.000000,0.997696
cricopharyngeal,2,1.000000,0.996443
cricopharyngeal_achalasia,2,1.000000,0.997530
cricopharyngeal_bar,2,0.947221,0.998030
cricopharyngeal_dysfunction,2,1.000000,0.997598
cricopharyngeal_muscle,2,1.000000,0.996019
cricopharyngeal_myotomy,2,1.000000,0.996375
cricopharyngeal_spasm,2,1.000000,0.999033
cricopharyngeous,2,1.000000,0.997917
cricopharyngeus,2,1.000000,0.995959
cricopharyngeus_muscle,2,1.000000,0.996100
cricothyroid_muscle,2,1.000000,0.996857
crier,2,1.000000,0.999171
cringe,2,1.000000,0.998781
cripple,2,1.000000,0.998136
croak,2,1.000000,0.997141
croak_noise,2,1.000000,0.997173
croak_sound,2,1.000000,0.997246
croaker,2,1.000000,0.998512
crohn,2,1.000000,0.997776
croissant,2,1.000000,0.995012
crooked,2,1.000000,0.998516
cross_country,2,1.000000,0.999316
crouch,2,1.000000,0.994583
croydon,2,1.000000,0.995102
cruciferous_vegetable,2,1.000000,0.993248
cruel,2,1.000000,0.999342
crumbly,2,1.000000,0.996155
crunch,2,1.000000,0.995234
crush,2,1.000000,0.991673
crusty_bread,2,1.000000,0.994199
cry,2,1.000000,0.997463
crystal,2,1.000000,0.993305
crystal_clear,2,1.000000,0.997433
ct,2,1.000000,0.993037
ct_scan,2,1.000000,0.995199
cucumber,2,1.000000,0.991376
cuddle,2,1.000000,0.998986
cue,2,1.000000,0.995196
culprit,2,1.000000,0.998217
cup,2,1.000000,0.990854
cup_of_coffee,2,1.000000,0.993470
cup_of_ice,2,1.000000,0.991480
cup_of_water,2,1.000000,0.991374
cure_rate,2,1.000000,0.996635
cure_themselves,2,1.000000,0.996597
curious_about,2,1.000000,0.996700
curious_if,2,1.000000,0.996604
curious_to_hear,2,1.000000,0.996908
curious_to_see,2,1.000000,0.996552
curl,2,1.000000,0.996989
curl_up,2,1.000000,0.995233
current_pregnant,2,1.000000,0.999295
current_wait,2,1.000000,0.993924
curry,2,1.000000,0.993046
curse,2,1.000000,0.998230
curve,2,1.000000,0.997522
cut_back,2,1.000000,0.993933
cut_down,2,1.000000,0.993921
cut_out,2,1.000000,0.991756
cut_out_coffee,2,1.000000,0.993957
cut_out_dairy,2,1.000000,0.993901
cut_short,2,1.000000,0.999264
cute,2,1.000000,0.997896
cw,2,1.000000,0.999524
cycle,2,1.000000,0.997822
cyclic,2,1.000000,0.998776
cyclizine,2,1.000000,0.993869
cyproheptadine,2,1.000000,0.994921
cyst,2,1.000000,0.998274
cystitis,2,1.000000,0.999373
dae,2,1.000000,0.999561
daily_life,2,1.000000,0.999069
daily_nausea,2,1.000000,0.998724
daily_panic_attack,2,1.000000,0.999104
daily_stomach_ache,2,1.000000,0.999319
dairy,2,1.000000,0.991777
dairy_free,2,1.000000,0.994116
dairy_intolerance,2,1.000000,0.995193
dairy_product,2,1.000000,0.994434
dallas_area,2,1.000000,0.997737
damage,2,1.000000,0.996664
damage_nerve,2,1.000000,0.997667
damper,2,1.000000,0.996708
dance,2,1.000000,0.993850
dancer,2,1.000000,0.999277
dang,2,1.000000,0.997162
dangerous,2,1.000000,0.998708
darn,2,1.000000,0.998429
dash,2,1.000000,0.998780
dat_je,2,1.000000,0.998836
database,2,1.000000,0.997833
datum,2,1.000000,0.995447
daughter,2,1.000000,0.997846
daunting,2,1.000000,0.999087
day_0,2,1.000000,0.994367
day_1,2,1.000000,0.997071
day_14,2,1.000000,0.996619
day_3,2,1.000000,0.996571
day_4,2,1.000000,0.996476
day_5,2,1.000000,0.996488
day_6,2,1.000000,0.996442
day_7,2,1.000000,0.996433
day_8,2,1.000000,0.996485
day_9,2,1.000000,0.996430
dbr,2,1.000000,0.997471
dc,2,1.000000,0.993345
de_temperature,2,1.000000,0.999153
de_whatsapp,2,1.000000,0.999576
dead_end,2,1.000000,0.993294
deaden,2,1.000000,0.996817
deaf,2,1.000000,0.998930
deal,2,1.000000,0.998492
deal_w,2,1.000000,0.999402
death,2,1.000000,0.998801
debate_whether,2,1.000000,0.997138
debilitate,2,1.000000,0.998160
debilitate_condition,2,1.000000,0.998992
debut,2,1.000000,0.999414
decade,2,1.000000,0.997842
decaf_coffee,2,1.000000,0.995551
december,2,1.000000,0.993270
december_2021,2,1.000000,0.997373
decent_amount,2,1.000000,0.992378
decent_size,2,1.000000,0.998871
decide,2,1.000000,0.991893
decide_against,2,1.000000,0.999175
decision,0,0.812876,0.999996
decongestant,2,1.000000,0.995303
decrease,2,1.000000,0.998428
deductible,2,1.000000,0.990650
deep,2,1.000000,0.995670
deep_breath,2,1.000000,0.995864
deep_breathe,2,1.000000,0.996385
deep_inhale,2,1.000000,0.996043
default,2,1.000000,0.999229
defeat,2,1.000000,0.998384
defect,2,1.000000,0.998901
defective,2,1.000000,0.998731
defense_mechanism,2,0.769388,0.998999
defensive,2,1.000000,0.999380
deficiency,2,1.000000,0.998305
define,2,1.000000,0.998550
definitely_worth,2,1.000000,0.991138
definitive_test,2,1.000000,0.998528
definitive_test_to_validate,2,1.000000,0.998399
deflate,2,1.000000,0.995882
deflatine,2,1.000000,0.995689
deglutition,2,1.000000,0.999577
degrade,2,1.000000,0.999564
dehydrated,2,1.000000,0.992263
delay_gastric_empty,2,1.000000,0.999164
delightful,2,1.000000,0.997673
dementia,2,1.000000,0.999292
demon,2,1.000000,0.997666
demonic,2,1.000000,0.998096
demonic_sound,2,1.000000,0.999230
denial,2,1.000000,0.990312
deny_coverage,2,1.000000,0.992030
department,2,1.000000,0.993099
department_of_otolaryngology,2,1.000000,0.998065
depressed,2,1.000000,0.998383
depressing,2,1.000000,0.999029
depression,2,1.000000,0.998896
depression_and_anxiety,2,1.000000,0.999355
derive,2,1.000000,0.997398
dermatitis,2,1.000000,0.999463
descend,2,1.000000,0.997631
describe_r_cpd,2,1.000000,0.995190
deserve,2,1.000000,0.996082
desk,2,1.000000,0.994620
despondent,2,1.000000,0.997494
dessert,2,1.000000,0.992967
destroy,2,1.000000,0.999031
deteriorate,2,1.000000,0.999481
determine,2,1.000000,0.995149
deutsche,2,1.000000,0.997796
develop,2,1.000000,0.998210
develop_emetophobia,2,1.000000,0.998505
development,2,1.000000,0.998131
development_of_hiatal_hernia,2,1.000000,0.998853
development_of_other,2,1.000000,0.998471
deviate_septum,2,1.000000,0.999267
devil,2,1.000000,0.998561
devoir,2,1.000000,0.999439
dexilant,2,1.000000,0.993377
deze,2,1.000000,0.998746
diagnose,2,1.000000,0.997553
diagnose_and_treat,2,1.000000,0.997547
diagnose_r_cpd,2,1.000000,0.995403
diagnose_with_aerophagia,2,1.000000,0.999347
diagnose_with_gerd,2,1.000000,0.997665
diagnose_with_ibs,2,1.000000,0.997684
diagnosis,2,1.000000,0.994664
diagnosis_and_treatment,2,1.000000,0.994783
diagnosis_of_r_cpd,2,1.000000,0.997622
diagnostic,2,1.000000,0.995132
diagnostic_criterion,2,1.000000,0.998647
diagnostic_test,2,1.000000,0.995087
diagram,2,1.000000,0.996074
dial,2,1.000000,0.999470
diaphragm,2,1.000000,0.995121
diaphragmatic_breathe,2,1.000000,0.995968
diaphragmatic_breathe_exercise,2,1.000000,0.996493
diarrhea,2,1.000000,0.997498
diarrhea_and_constipation,2,1.000000,0.999364
diarrhoea,2,1.000000,0.997885
diary,2,1.000000,0.996292
diastasis_rectus,2,1.000000,0.999445
dice,2,1.000000,0.999471
die,2,1.000000,0.998022
die_down,2,1.000000,0.999209
diet,2,1.000000,0.993428
diet_change,2,1.000000,0.993895
diet_coke,2,1.000000,0.990716
diet_lifestyle,2,1.000000,0.999342
diet_low_fodmap,2,1.000000,0.994349
diet_soda,2,1.000000,0.992308
dietary,2,1.000000,0.994855
dietitian,2,1.000000,0.993564
differ_from_person_to_person,2,1.000000,0.999344
difference,0,1.000000,0.999998
different_for_everyone,2,1.000000,0.998542
different_method,2,1.000000,0.995619
difficult,2,1.000000,0.993880
difficult_task,2,1.000000,0.999008
difficulty,2,1.000000,0.998178
difficulty_breathe,2,1.000000,0.998502
difficulty_swallow,2,1.000000,0.998611
difficulty_swallow_pill,2,1.000000,0.999221
difficulty_vomit,2,1.000000,0.998836
diffuse,2,1.000000,0.998659
dig_into,2,1.000000,0.999241
digest,2,1.000000,0.996371
digest_food,2,1.000000,0.996520
digestion,2,1.000000,0.996724
digestive,2,1.000000,0.997187
digestive_enzyme,2,1.000000,0.993304
digestive_issue,2,1.000000,0.997867
digestive_problem,2,1.000000,0.998048
digestive_process,2,1.000000,0.998664
digestive_system,2,1.000000,0.996605
digestive_tract,2,1.000000,0.996691
dilate,2,1.000000,0.996093
dilate_esophagus,2,1.000000,0.997765
dilation,2,1.000000,0.996305
diner,2,1.000000,0.996051
dinner,2,0.902121,0.993863
dinner_table,2,1.000000,0.998215
dinosaur,2,1.000000,0.997602
dinosaur_noise,2,1.000000,0.997777
dire,2,1.000000,0.999506
direct_or_indirect,2,1.000000,0.999377
disadvantage,2,1.000000,0.998641
disappoint,2,1.000000,0.996254
disappointment,2,1.000000,0.996883
disc,2,1.000000,0.999611
discard,2,1.000000,0.999499
discern,2,1.000000,0.999508
disco,2,1.000000,0.999518
discomfort,2,1.000000,0.997210
discourage,2,1.000000,0.996010
discover_this_community,2,1.000000,0.997510
discover_this_subreddit,2,1.000000,0.996870
discover_this_thread,2,1.000000,0.997676
discovery,2,1.000000,0.995947
discuss,2,1.000000,0.992925
discussion,2,1.000000,0.995344
disease,2,1.000000,0.997723
disease_may,2,1.000000,0.997933
disgust,2,1.000000,0.997624
disheartened,2,1.000000,0.996544
disheartening,2,1.000000,0.996791
dismiss,2,1.000000,0.993787
dismiss_by,2,1.000000,0.994347
dismissive,2,1.000000,0.993959
dismotility,2,1.000000,0.998484
disorder,2,1.000000,0.997591
disoriented,2,1.000000,0.999651
disperse,2,1.000000,0.997082
dispute,2,1.000000,0.999324
dissolvable,2,1.000000,0.993888
distal,2,1.000000,0.998098
distance,2,1.000000,0.993798
distant,2,1.000000,0.997729
distend,2,1.000000,0.996302
distend_esophagus,2,1.000000,0.997929
distend_stomach,2,1.000000,0.999025
distension,2,1.000000,0.996982
distention,2,1.000000,0.996902
distinctive,2,1.000000,0.999368
distract,2,0.952144,0.998193
distress,2,1.000000,0.998789
disturb,2,1.000000,0.998892
diverse,2,1.000000,0.999583
diverticulum,2,1.000000,0.999059
dizziness,2,1.000000,0.997931
dizzy,2,1.000000,0.998146
dizzy_spell,2,1.000000,0.999522
doc,2,1.000000,0.992341
doctor,2,1.000000,0.992354
doctor_abstain,2,1.000000,0.992513
doctor_adam_rubin,2,1.000000,0.998184
doctor_akst,2,1.000000,0.996887
doctor_amanda_hu,2,1.000000,0.993748
doctor_anderson,2,1.000000,0.992633
doctor_andrew_tkaczuk,2,1.000000,0.993719
doctor_b,2,1.000000,0.992425
doctor_bastian,2,1.000000,0.992968
doctor_bastian_paper,2,1.000000,0.995074
doctor_bastion,2,1.000000,0.993182
doctor_bielamowicz,2,1.000000,0.993486
doctor_cohen,2,1.000000,0.993175
doctor_craig,2,1.000000,0.998490
doctor_daniel,2,1.000000,0.998307
doctor_fink,2,1.000000,0.996538
doctor_hayley,2,1.000000,0.995901
doctor_hayley_herbert,2,1.000000,0.996217
doctor_hess,2,1.000000,0.993095
doctor_hicklin,2,1.000000,0.992662
doctor_holmes,2,1.000000,0.992479
doctor_holmes_in_raleigh_nc,2,1.000000,0.996772
doctor_hu,2,1.000000,0.992426
doctor_hu_in_vancouver,2,1.000000,0.997184
doctor_hus,2,1.000000,0.994984
doctor_in_utah,2,1.000000,0.998447
doctor_jennifer_anderson_at_st,2,1.000000,0.995834
doctor_jennifer_rodney,2,1.000000,0.994916
doctor_jolie,2,1.000000,0.995208
doctor_june_lin,2,1.000000,0.993433
doctor_karagama,2,1.000000,0.992582
doctor_karla,2,1.000000,0.997720
doctor_karla_odell,2,1.000000,0.994172
doctor_kirk,2,1.000000,0.998468
doctor_kuderer,2,1.000000,0.996849
doctor_lieve_delsupehe,2,1.000000,0.995347
doctor_lin,2,1.000000,0.992616
doctor_mchugh,2,1.000000,0.993506
doctor_michael,2,1.000000,0.993603
doctor_near,2,1.000000,0.992627
doctor_odell,2,1.000000,0.992644
doctor_oloriz,2,1.000000,0.997987
doctor_orestes,2,1.000000,0.997569
doctor_paddle,2,1.000000,0.992533
doctor_paul,2,1.000000,0.994325
doctor_paul_paddle,2,1.000000,0.993637
doctor_pepper,2,1.000000,0.990988
doctor_pitman_in_nyc,2,1.000000,0.994729
doctor_pittman,2,1.000000,0.992669
doctor_richard,2,1.000000,0.997792
doctor_robert,2,1.000000,0.995174
doctor_sanagapalli,2,1.000000,0.993536
doctor_santosh,2,1.000000,0.996038
doctor_schiffer,2,1.000000,0.995847
doctor_schindler,2,1.000000,0.992575
doctor_schulte,2,1.000000,0.997460
doctor_sean_wang,2,1.000000,0.997311
doctor_seth,2,1.000000,0.997892
doctor_snelleman,2,1.000000,0.992793
doctor_spiegel,2,1.000000,0.992413
doctor_spiegel_in_philly,2,1.000000,0.993965
doctor_steven,2,1.000000,0.996249
doctor_sunil,2,1.000000,0.995376
doctor_sunil_verma,2,1.000000,0.993887
doctor_thomas,2,1.000000,0.997372
doctor_thomas_carroll_at_brigham,2,1.000000,0.997608
doctor_verma,2,1.000000,0.992433
doctor_villari,2,1.000000,0.992670
doctor_wasserman,2,1.000000,0.995905
doctor_who,2,1.000000,0.992461
doctor_withrow,2,1.000000,0.994500
doctor_yael,2,1.000000,0.997529
doctor_yael_bensoussan,2,1.000000,0.996336
doctor_yoo,2,1.000000,0.992809
document,2,1.000000,0.995259
documentary,2,1.000000,0.999113
documentation,2,1.000000,0.996148
doi_10_1177,2,1.000000,0.998936
dollar,2,1.000000,0.990407
dolor,2,1.000000,0.999393
doncaster,2,1.000000,0.993578
doncaster_royal_infirmary,2,1.000000,0.998815
doormat,2,1.000000,0.999076
dopamine,2,1.000000,0.998807
dosage,2,1.000000,0.993692
dose,2,1.000000,0.993614
double_action_gaviscon,2,1.000000,0.995818
double_action_gaviscon_tablet,2,1.000000,0.995287
dough,2,1.000000,0.992877
down_towards,2,1.000000,0.995022
down_vote,2,1.000000,0.997816
downer_grove,2,1.000000,0.994588
downhill,2,1.000000,0.999655
download,2,1.000000,0.996368
downside,2,1.000000,0.997585
downstream,2,1.000000,0.998942
downward,2,1.000000,0.994760
downward_dog,2,1.000000,0.994895
doze_off,2,1.000000,0.998628
dozen_of_us,2,1.000000,0.998639
drag,2,1.000000,0.996307
dragon,2,1.000000,0.998215
drain,2,1.000000,0.996629
drainage,2,1.000000,0.997916
dramamine,2,1.000000,0.995153
drastic_change,2,1.000000,0.999102
drastic_reduce,2,1.000000,0.999209
draw_board,2,1.000000,0.999415
dread,2,1.000000,0.997415
dream,2,1.000000,0.996736
dressing,2,1.000000,0.998319
drift_off,2,1.000000,0.995415
drink,2,1.000000,0.990735
drink_alcohol,2,1.000000,0.991271
drink_anything_carbonate,2,1.000000,0.991508
drink_beer,2,1.000000,0.991705
drink_bubbly,2,1.000000,0.990322
drink_carbonate,2,1.000000,0.989990
drink_carbonate_beverage,2,1.000000,0.990478
drink_carbonation,2,1.000000,0.990543
drink_coffee,2,1.000000,0.991413
drink_fizzy,2,1.000000,0.990239
drink_liquor,2,1.000000,0.995372
drink_soda,2,1.000000,0.990674
drink_sparkle,2,1.000000,0.990686
drink_tea,2,1.000000,0.992808
drink_water,2,1.000000,0.990583
drinker,2,1.000000,0.991599
drip,2,1.000000,0.997565
drive_home,2,1.000000,0.997965
drool,2,0.892679,0.998245
drop_off,2,1.000000,0.997882
drown,2,1.000000,0.996946
drowsy,2,0.720692,0.998948
drug,2,1.000000,0.992657
drunk,2,0.988192,0.992621
dry,2,1.000000,0.990825
dry_cough,2,1.000000,0.998266
dry_food,2,1.000000,0.990512
dry_fruit,2,1.000000,0.995347
dry_heave,2,1.000000,0.996782
dry_heave_for_hour,2,1.000000,0.999233
dry_heave_gag,2,1.000000,0.999418
dry_mouth,2,1.000000,0.998009
dry_retch,2,1.000000,0.999540
dryness,2,1.000000,0.997266
du,2,1.000000,0.998592
dub,2,1.000000,0.998860
dubai,2,1.000000,0.998383
dublin,2,1.000000,0.994125
duck,2,1.000000,0.998076
due_to_r_cpd,2,1.000000,0.999255
dull,2,1.000000,0.998244
dumb,2,1.000000,0.997797
dunk,2,1.000000,0.995672
duodenal,2,1.000000,0.999043
duodenum,2,1.000000,0.998354
during_class,2,1.000000,0.999445
during_lockdown,2,1.000000,0.999060
during_meal,2,1.000000,0.991513
during_pregnancy,2,1.000000,0.998809
dutch,2,1.000000,0.993594
dx,2,1.000000,0.998938
dynamic,2,1.000000,0.996785
dysautonomia,2,1.000000,0.998514
dysbiosis,2,1.000000,0.998957
dysfunction,2,0.885276,0.997643
dysfunction_and_abdomino_phrenic_dyssynergia,2,1.000000,0.998680
dysfunctional,2,1.000000,0.996699
dysfunctional_breathe,2,1.000000,0.998770
dysmotility,2,1.000000,0.998091
dysphagia,2,0.843685,0.997941
dysphagia_difficulty,2,1.000000,0.994613
dysphagia_or_laryngeal_dystonia,2,0.987708,0.998453
dysphagia_trouble,2,1.000000,0.994832
dysphasia,2,0.853742,0.998103
dyspnea,2,1.000000,0.999433
dyssynergia,2,1.000000,0.998276
dyssynergia_and_pelvic_floor_dysfunction,2,1.000000,0.999218
e_coli,2,1.000000,0.999619
each_bite,2,1.000000,0.990739
each_day,2,1.000000,0.996395
each_mouthful,2,1.000000,0.994371
each_night,2,1.000000,0.997489
each_sip,2,1.000000,0.995153
ear,2,1.000000,0.995995
ear_canal,2,1.000000,0.998721
ear_drum,2,1.000000,0.999300
ear_fullness,2,1.000000,0.998690
ear_nose_and_throat,2,1.000000,0.993443
ear_pain,2,1.000000,0.997937
ear_to_ear,2,1.000000,0.995564
earliest_appointment,2,1.000000,0.997875
earliest_memory,2,1.000000,0.999103
early_20s,2,1.000000,0.998014
early_30s,2,1.000000,0.998468
early_40s,2,1.000000,0.999367
early_adulthood,2,1.000000,0.999091
early_august,2,1.000000,0.996197
early_childhood,2,1.000000,0.998712
early_march,2,1.000000,0.998046
early_october,2,1.000000,0.996013
early_satiety,2,1.000000,0.998294
early_stage,2,1.000000,0.999327
earth_shatter,2,1.000000,0.998799
ease,2,1.000000,0.998583
easy,2,1.000000,0.992673
easy_peasy,2,1.000000,0.998832
easy_to_digest,2,1.000000,0.993593
eat,2,1.000000,0.991859
eat_breakfast,2,1.000000,0.996998
eat_dinner,2,1.000000,0.997174
eat_disorder,2,1.000000,0.998861
eat_lunch,2,1.000000,0.997167
eat_meat,2,1.000000,0.995286
eat_pizza,2,1.000000,0.999250
eat_slow,2,1.000000,0.990351
eat_small_portion,2,1.000000,0.992451
eat_solid,2,1.000000,0.990612
ecg,2,1.000000,0.995413
ecstatic,2,1.000000,0.998400
ed,2,1.000000,0.997848
edema,2,1.000000,0.999600
edge,2,1.000000,0.994660
edge_off,2,1.000000,0.994669
edible,2,1.000000,0.996734
edu,2,1.000000,0.996567
edu_mail,2,1.000000,0.997769
educate,2,1.000000,0.994589
eek,2,1.000000,0.998247
een,2,1.000000,0.998614
effect,2,1.000000,0.997675
effective,2,1.000000,0.996222
effectiveness,2,1.000000,0.995526
efficacy,2,1.000000,0.996143
effing,2,1.000000,0.999231
effort_into,2,1.000000,0.995959
egd,2,1.000000,0.994959
egg,2,1.000000,0.990577
eigen,2,1.000000,0.998889
eighteenth,2,1.000000,0.994060
either_side,2,1.000000,0.995011
ekg,2,1.000000,0.995338
elastic_waistband,2,1.000000,0.999457
elbow,2,1.000000,0.995080
elder,2,1.000000,0.998829
elderly,2,1.000000,0.997556
electric,2,1.000000,0.997737
electrode,2,1.000000,0.998261
electrolyte,2,1.000000,0.992699
electromyography,2,1.000000,0.996798
element,2,1.000000,0.998597
elementary_school,2,1.000000,0.998634
elevate,2,1.000000,0.994030
eleven,2,1.000000,0.999425
elfin,2,1.000000,0.999523
eliminate_dairy,2,1.000000,0.994241
elimination_diet,2,1.000000,0.993527
elin_marsk,2,1.000000,0.999602
else_fail,2,1.000000,0.997916
elsewhere,2,1.000000,0.993285
email_them,2,1.000000,0.993245
emanate,2,1.000000,0.997128
embarrass,2,1.000000,0.997587
embarrass_noise,2,1.000000,0.999596
embarrassment,2,0.852291,0.998647
embassy,2,1.000000,0.998543
embrace,2,1.000000,0.998998
emerge,2,1.000000,0.999310
emergence,2,1.000000,0.999482
emergency_room,2,1.000000,0.995268
emet,2,1.000000,0.998747
emetophobe,2,1.000000,0.998277
emetophobe_here,2,1.000000,0.999127
emetophobe_who,2,1.000000,0.999362
emetophobia,2,1.000000,0.998250
emets,2,1.000000,0.999258
emg,2,1.000000,0.994830
emg_machine,2,1.000000,0.997503
emir,2,1.000000,0.999237
emory,2,1.000000,0.993915
emotion,2,1.000000,0.999267
emotional,2,0.786075,0.998849
empathize,2,1.000000,0.997520
empty,2,1.000000,0.995950
empty_stomach,2,1.000000,0.991510
empty_study,2,1.000000,0.999450
emt,2,1.000000,0.994104
en_remiss_till,2,1.000000,0.998741
enable,2,1.000000,0.996753
enchilada,2,1.000000,0.995323
encontrar,2,1.000000,0.999357
encore,2,1.000000,0.999451
encourage,2,1.000000,0.996014
encourage_to_hear,2,1.000000,0.996685
end_cycle,2,1.000000,0.998756
end_of_february,2,1.000000,0.994831
end_of_march,2,1.000000,0.995158
end_up_dry_heave,2,1.000000,0.999179
end_up_pay,2,1.000000,0.991208
endless,2,1.000000,0.998430
endless_cycle,2,1.000000,0.999601
endoflip,2,1.000000,0.996499
endometriosis,2,1.000000,0.997827
endoscope,2,0.825529,0.997342
endoscopy,2,1.000000,0.994762
endoscopy_and_colonoscopy,2,1.000000,0.995712
endoscopy_colonoscopy,2,1.000000,0.995648
endoscopy_ct,2,1.000000,0.996875
endoscopy_show,2,1.000000,0.997984
endurance_sport,2,1.000000,0.999438
endure,2,1.000000,0.999152
energy_drink,2,1.000000,0.990824
energy_level,2,1.000000,0.998370
engage,2,1.000000,0.995106
engine,2,1.000000,0.999381
england,2,1.000000,0.991291
enjoy,2,1.000000,0.994491
enlarge,2,1.000000,0.997565
enlarge_cp_muscle,2,1.000000,0.998051
eno,2,1.000000,0.999447
ent,2,1.000000,0.992499
ent_center,2,1.000000,0.999097
ent_consultant,2,1.000000,0.993509
ent_department,2,1.000000,0.994154
ent_doc,2,1.000000,0.992716
ent_referral,2,1.000000,0.992788
ent_specialist,2,1.000000,0.992539
ent_surgeon,2,1.000000,0.992971
ent_who,2,1.000000,0.992501
entire_body,2,1.000000,0.997588
entire_community,2,1.000000,0.998599
entire_family,2,1.000000,0.998952
entire_life,2,1.000000,0.997755
entire_pregnancy,2,1.000000,0.999319
entitle,2,1.000000,0.998038
entity,2,1.000000,0.998486
enzyme,2,1.000000,0.993687
eoe,2,1.000000,0.997900
eosinophilic_esophagitis,2,1.000000,0.998370
epigastric,2,1.000000,0.998854
epigastric_pain,2,1.000000,0.999095
episode,2,1.000000,0.997723
equate,2,1.000000,0.999734
equipment,2,1.000000,0.994633
er,2,1.000000,0.995502
erectile_dysfunction,2,1.000000,0.999016
erg,2,1.000000,0.998739
erode,2,1.000000,0.997720
erosion,2,1.000000,0.998989
erst,2,1.000000,0.998609
erupt,2,1.000000,0.998532
es_que,2,1.000000,0.999245
escape,2,1.000000,0.995730
escort,2,1.000000,0.997736
esomeprazole,2,1.000000,0.992599
esophageal,2,1.000000,0.997695
esophageal_cancer,2,1.000000,0.998189
esophageal_manometry,2,1.000000,0.995064
esophageal_manometry_test,2,1.000000,0.997262
esophageal_motility_test,2,1.000000,0.997252
esophageal_muscle,2,1.000000,0.996946
esophageal_pressure,2,1.000000,0.998660
esophageal_sphincter,2,1.000000,0.995946
esophageal_web,2,1.000000,0.999098
esophagitis,2,1.000000,0.997612
esophagoscopy,2,0.989762,0.994267
esophagram,2,1.000000,0.995267
esophagus,2,1.000000,0.995891
esophogram,2,1.000000,0.995951
especially_when,2,0.895787,0.997279
essential_oil,2,1.000000,0.995669
et_al,2,1.000000,0.996526
et_combien,2,1.000000,0.999443
eternal_grateful,2,1.000000,0.997913
etiquette,2,1.000000,0.998354
eu_dinjectees_une_seule,2,1.000000,0.997731
euphoric,2,1.000000,0.998539
euro,2,1.000000,0.991212
europe,2,1.000000,0.991719
european,2,1.000000,0.995947
eustachian_tube,2,1.000000,0.998254
evaluate,2,1.000000,0.994757
evaluation,2,0.820192,0.996348
evening,2,1.000000,0.997024
evening_after_dinner,2,1.000000,0.999663
evening_meal,2,1.000000,0.997653
event,2,1.000000,0.996052
eventual_lead,2,1.000000,0.999557
ever_since,2,1.000000,0.997998
every_aspect,2,1.000000,0.999086
every_bite,2,1.000000,0.990546
every_couple,1,1.000000,0.999998
every_day_from_2009_2023,2,1.000000,0.999029
every_evening,2,1.000000,0.999047
every_mouthful,2,1.000000,0.994417
every_night,2,1.000000,0.997532
every_once,2,1.000000,0.997055
every_other,1,1.000000,0.999997
every_single,1,1.000000,0.999997
every_single_bite,2,1.000000,0.994308
everyone_else,2,0.985769,0.997920
everywhere,2,1.000000,0.996420
evidence,2,1.000000,0.995212
ew,2,1.000000,0.998555
ex_noburper,2,1.000000,0.999213
exacerbate,2,1.000000,0.998497
exacerbate_by,2,1.000000,0.998258
exacerbation,2,0.986546,0.999199
exact_amount,2,1.000000,0.994686
exact_same_symptom,2,1.000000,0.998045
exact_same_way,2,1.000000,0.998423
exact_spot,2,1.000000,0.997483
exactly_how,2,1.000000,0.998076
examination,2,1.000000,0.995750
exasperate,2,1.000000,0.999017
excess,2,1.000000,0.996811
excess_air,2,1.000000,0.996279
excess_flatulence,2,1.000000,0.999346
excess_gas,2,1.000000,0.996461
excess_mucus,2,1.000000,0.998052
excess_phlegm,2,1.000000,0.997895
excess_saliva,2,1.000000,0.997905
excess_wind,2,1.000000,0.999306
excessive,2,1.000000,0.997689
excessive_air,2,1.000000,0.994961
excessive_amount,2,1.000000,0.996640
excessive_bloat,2,1.000000,0.997731
excessive_fart,2,1.000000,0.998321
excessive_flatulence,2,1.000000,0.997655
excessive_gas,2,1.000000,0.997612
excessive_saliva,2,1.000000,0.999089
excessive_salivation,2,1.000000,0.998048
excessive_wind,2,1.000000,0.999243
excite,2,1.000000,0.995694
excite_and_nervous,2,1.000000,0.997787
exclusion,2,1.000000,0.998718
excruciating,2,1.000000,0.997524
excuse_myself,2,0.951506,0.996411
exercise,2,1.000000,0.995275
exercise_search_youtube,2,1.000000,0.996281
exerciser,2,1.000000,0.999111
exhalation,2,1.000000,0.999329
exhale,2,1.000000,0.995502
exhale_sharp,2,1.000000,0.996740
exhaust,2,0.849090,0.998583
exhaustion,2,1.000000,0.998865
exit,2,1.000000,0.995549
exorcise,2,1.000000,0.998387
exorcism,2,1.000000,0.998109
exorcist,2,1.000000,0.998659
expand,2,1.000000,0.995668
expansion,2,1.000000,0.997449
expect,2,1.000000,0.998343
expel,2,1.000000,0.995771
expel_air,2,1.000000,0.996918
expel_gas,2,1.000000,0.998334
expense,2,1.000000,0.990584
experiment,2,1.000000,0.995395
experiment_datum,2,1.000000,0.998208
experiment_with_different,2,1.000000,0.995654
experiment_with_posture,2,1.000000,0.994949
experimentation,2,1.000000,0.997560
expert,2,1.000000,0.994990
expertise,2,1.000000,0.996535
explain,2,1.000000,0.993563
explain_r_cpd,2,1.000000,0.997160
explode,2,1.000000,0.997105
explosion,2,1.000000,0.998926
explosion_of_air,2,1.000000,0.998350
explosive,2,1.000000,0.999205
explosive_fart,2,1.000000,0.999467
exposure,2,1.000000,0.998892
exposure_therapy,2,1.000000,0.998420
extend,2,1.000000,0.994388
external,2,1.000000,0.994358
external_injection,2,1.000000,0.994761
extra_air,2,1.000000,0.996222
extra_gas,2,1.000000,0.996417
extra_gurgly,2,1.000000,0.995730
extra_saliva,2,0.899736,0.999006
extra_strength,2,1.000000,0.994129
extraordinary,2,1.000000,0.999522
extreme_anxious,2,1.000000,0.998868
extreme_bloat,2,1.000000,0.997281
extreme_emetophobia,2,1.000000,0.998563
extreme_flatulence,2,1.000000,0.998951
extreme_helpful,2,1.000000,0.997489
extreme_loud,2,1.000000,0.997758
extreme_nausea,2,1.000000,0.998305
extreme_nauseous,2,1.000000,0.999078
extreme_pain,2,1.000000,0.997814
extreme_tight,2,1.000000,0.997797
extreme_uncomfortable,2,1.000000,0.997856
extreme_violent,2,1.000000,0.999632
eye_open,2,1.000000,0.998104
eye_water,2,1.000000,0.997508
face_forward,2,1.000000,0.994080
facebook_group,2,1.000000,0.995367
facebook_page,2,1.000000,0.997579
facilitate,2,1.000000,0.996773
facility,2,1.000000,0.993210
facility_fee,2,1.000000,0.992556
fade,2,1.000000,0.996414
fade_away,2,1.000000,0.996629
faff,2,1.000000,0.998716
failure,2,1.000000,0.994711
faint,2,1.000000,0.997933
fair,2,1.000000,0.998889
fair_enough,2,1.000000,0.998423
fair_point,2,1.000000,0.999482
faire,2,1.000000,0.998900
fairlife,2,1.000000,0.999452
fairly_common,2,1.000000,0.998457
fairly_low,2,1.000000,0.997097
fairly_often,2,1.000000,0.999623
fairly_recent,2,1.000000,0.999025
fake,2,1.000000,0.997582
fall_asleep,2,1.000000,0.994952
false_memory,2,1.000000,0.999215
falsetto,2,1.000000,0.999810
fam,2,1.000000,0.998067
familiar_with_r_cpd,2,1.000000,0.993178
familiar_with_rcpd,2,1.000000,0.993294
familiarity,2,1.000000,0.996751
family,2,1.000000,0.997683
family_doctor,2,1.000000,0.992845
family_history,2,1.000000,0.999405
family_member,2,1.000000,0.998363
famotidine,2,1.000000,0.992305
fantasize_about,2,1.000000,0.999446
fantastic,2,1.000000,0.995742
fantastic_news,2,1.000000,0.997007
faq,2,1.000000,0.995313
faq_video,2,1.000000,0.997196
far_behind,2,1.000000,0.998585
far_less,2,1.000000,0.999070
fart,2,0.940067,0.997341
fart_smell,2,1.000000,0.999354
farty,2,1.000000,0.998922
fascia,2,1.000000,0.997858
fascinate,2,1.000000,0.997600
fast_eater,2,1.000000,0.994456
fast_metabolism,2,1.000000,0.999104
fast_rep,2,1.000000,0.995579
fasten,2,1.000000,0.999463
fat,2,1.000000,0.993508
fate,2,1.000000,0.999175
father,2,1.000000,0.998388
fatigue,2,1.000000,0.997995
fatigue_brain,2,1.000000,0.999791
fatty,2,1.000000,0.993025
fatty_food,2,1.000000,0.992071
fax,2,1.000000,0.995348
fear,2,1.000000,0.998290
fear_of_fly,2,1.000000,0.999767
fear_of_throw_up,2,1.000000,0.998283
fear_of_vomit,2,1.000000,0.998239
feat,2,1.000000,0.999520
february_2020,2,1.000000,0.999380
february_2025,2,1.000000,0.998716
federal,2,1.000000,0.997702
fee,2,1.000000,0.991420
feed_up,2,1.000000,0.997843
feel,2,1.000000,0.997006
feel_better,2,1.000000,0.997254
feel_crappy,2,1.000000,0.999641
feel_like,2,1.000000,0.996792
feel_like_garbage,2,1.000000,0.999298
feel_nauseate,2,1.000000,0.997427
feel_nauseous,2,1.000000,0.997269
feel_of_fullness,2,1.000000,0.998587
feel_queasy,2,1.000000,0.999256
feel_sick,2,1.000000,0.997237
fees,2,1.000000,0.991838
fellow,2,1.000000,0.996389
fellow_frog,2,1.000000,0.998726
fellow_gurgler,2,1.000000,0.998578
fellow_no,2,1.000000,0.997664
female,2,1.000000,0.997906
feminine,2,1.000000,0.999123
fence,2,1.000000,0.995681
fence_about,2,1.000000,0.996047
fennel,2,1.000000,0.994560
fentanyl,2,1.000000,0.999101
ferment,2,1.000000,0.996567
fermentable,2,1.000000,0.994004
fermentation,2,1.000000,0.996732
ferrous_fumigate,2,1.000000,0.995043
festive,2,1.000000,0.995276
fetal_position,2,1.000000,0.995224
fever,2,1.000000,0.998521
few,2,0.929619,0.998248
few_day,2,1.000000,0.996123
few_microburp,2,1.000000,0.999548
few_minute,2,1.000000,0.995770
few_sip,2,1.000000,0.990854
fiber,2,1.000000,0.993404
fibre,2,1.000000,0.993605
fibromyalgia,2,1.000000,0.998888
fifteenth,2,1.000000,0.993662
fifth_grade,2,1.000000,0.998757
fight_against,2,1.000000,0.998567
fight_or_flight,2,1.000000,0.998636
fight_or_flight_response,2,1.000000,0.999582
figure_id,2,1.000000,0.996101
figure_out_how,2,1.000000,0.995969
fil,2,1.000000,0.995941
file,2,1.000000,0.991304
fill_up,2,1.000000,0.995472
fill_with_air,2,1.000000,0.996234
financial,2,1.000000,0.990453
find_out,2,1.000000,0.996422
find_this_community,2,1.000000,0.996349
find_this_forum,2,1.000000,0.997171
find_this_page,2,1.000000,0.996486
find_this_sub,2,1.000000,0.996186
find_this_subreddit,2,1.000000,0.996350
find_this_thread,2,1.000000,0.996556
finger,2,1.000000,0.995611
finger_cross,2,1.000000,0.995703
finger_down,2,0.957421,0.996651
finger_method,2,1.000000,0.997089
finger_trick,2,1.000000,0.999426
finger_x,2,1.000000,0.995987
finish_line,2,1.000000,0.999376
firefighter,2,1.000000,0.999047
firm_believe,2,1.000000,0.999425
first_appointment,2,1.000000,0.992350
first_attempt,2,1.000000,0.993482
first_dose,2,1.000000,0.993097
first_grade,2,1.000000,0.998723
first_injection,2,1.000000,0.993097
first_paragraph,2,1.000000,0.995812
first_round,2,1.000000,0.993173
first_time_poster,2,1.000000,0.997919
first_timer,2,1.000000,0.999387
first_trimester,2,1.000000,0.999326
first_week,2,1.000000,0.996655
fish_oil,2,1.000000,0.995246
fish_oil_supplement,2,1.000000,0.995389
fissure,2,1.000000,0.999524
five,1,0.642233,0.999993
five_month,2,1.000000,0.996343
fix_r_cpd,2,1.000000,0.999451
fizz,2,1.000000,0.990593
fizzy,2,1.000000,0.990778
fizzy_drink,2,1.000000,0.989984
fizzy_mixer,2,1.000000,0.993529
fizzy_water,2,1.000000,0.990045
flair_up,2,1.000000,0.998733
flap,2,1.000000,0.995872
flappy,2,1.000000,0.998864
flare,2,1.000000,0.998058
flare_rib,2,1.000000,0.999730
flare_up,2,1.000000,0.997773
flat_belly,2,1.000000,0.999086
flat_stomach,2,1.000000,0.997591
flat_tummy,2,1.000000,0.999286
flatten,2,1.000000,0.993394
flatulence,2,1.000000,0.997333
flatulence_etc,2,1.000000,0.999139
flatus,2,1.000000,0.999755
flex,2,1.000000,0.994973
flexible,2,1.000000,0.997531
flexor,2,1.000000,0.997283
flick,2,1.000000,0.999449
flight_of_stair,2,1.000000,0.998899
flinch,2,1.000000,0.997662
float,2,1.000000,0.995742
flonase,2,1.000000,0.993862
floor,2,1.000000,0.994655
floppy,2,1.000000,0.997248
florida,2,1.000000,0.991658
flow,2,1.000000,0.995590
flower,2,1.000000,0.998954
flu,2,1.000000,0.998262
fluctuation,2,1.000000,0.999323
fluid,2,1.000000,0.996293
fluoroscopy,2,1.000000,0.996086
flush,2,1.000000,0.995965
fly_back,2,1.000000,0.994377
fly_home,2,1.000000,0.994530
foam,2,0.962594,0.996816
foamy,2,1.000000,0.997195
focus,2,1.000000,0.995500
fodmap,2,1.000000,0.993388
fodmap_diet,2,1.000000,0.993600
fog,2,1.000000,0.999519
fold,2,1.000000,0.995295
follow_by,2,1.000000,0.997457
follow_doctor_bastian,2,1.000000,0.995328
follow_qualification,2,1.000000,0.998909
follow_up,2,1.000000,0.992298
follow_up_appointment,2,1.000000,0.992348
fond,2,1.000000,0.999636
food,2,1.000000,0.990521
food_allergy,2,1.000000,0.997700
food_diary,2,1.000000,0.993689
food_elimination,2,1.000000,0.994359
food_get_stuck,2,1.000000,0.996828
food_intake,2,1.000000,0.994426
food_intolerance,2,1.000000,0.997612
food_pipe,2,1.000000,0.998931
food_poison,2,1.000000,0.998231
food_sensitivity,2,1.000000,0.998028
food_stuck,2,1.000000,0.996692
foot,2,1.000000,0.994659
footage,2,1.000000,0.996239
force,2,1.000000,0.996040
force_myself,2,1.000000,0.996848
force_them,2,1.000000,0.995966
force_yourself,2,1.000000,0.997364
forcefulness,2,1.000000,0.999194
forearm,2,1.000000,0.997119
foreign,2,1.000000,0.999087
foreign_country,2,1.000000,0.998578
foreign_object,2,1.000000,0.996983
forever,2,1.000000,0.997852
fork,2,1.000000,0.995227
formal,2,1.000000,0.997403
formal_diagnose,2,1.000000,0.998650
formation,2,1.000000,0.999199
former_no_burper,2,1.000000,0.998439
formerly,2,1.000000,0.999303
fortnight,2,1.000000,0.997542
forum,2,1.000000,0.995358
forward_head,2,1.000000,0.997881
foul,2,1.000000,0.997618
foundation,2,1.000000,0.996142
four,1,0.487797,0.999984
four_month,2,1.000000,0.996054
four_month_ago,2,1.000000,0.998543
four_year,2,1.000000,0.997859
fourteenth,2,1.000000,0.994193
fourth,2,1.000000,0.993453
fox,2,1.000000,0.998208
fragile,2,1.000000,0.999535
france,2,1.000000,0.992362
frank,2,1.000000,0.998596
freak_out,2,1.000000,0.998036
freaky,2,1.000000,0.998157
frequent,2,1.000000,0.997459
frequent_diarrhea,2,1.000000,0.999040
friday,2,1.000000,0.993667
friend,2,1.000000,0.997495
friend_family,2,1.000000,0.998595
friend_house,2,1.000000,0.996476
frog,2,1.000000,0.997208
frog_croak,2,1.000000,0.997552
frog_noise,2,1.000000,0.997090
frog_sound,2,1.000000,0.997293
front_tooth,2,1.000000,0.996180
frother,2,1.000000,0.993016
fructose,2,1.000000,0.995143
fruit,2,1.000000,0.991133
fruit_and_vegetable,2,1.000000,0.994343
fruit_juice,2,1.000000,0.993058
fruity,2,1.000000,0.994605
frustrate,2,1.000000,0.997621
fry,2,1.000000,0.990684
fry_food,2,1.000000,0.991785
fuck,2,1.000000,0.997606
full_breath,2,1.000000,0.996019
full_meal,2,1.000000,0.991830
full_of_air,2,1.000000,0.996098
full_range,2,1.000000,0.999658
full_recover,2,1.000000,0.998229
full_swing,2,1.000000,0.998458
fullness,2,1.000000,0.997603
fun,2,0.895038,0.995619
function_proper,2,1.000000,0.996516
functional_dyspepsia,2,1.000000,0.998929
functional_gi_disorder,2,1.000000,0.999487
functional_medicine_practitioner,2,1.000000,0.999154
fund,2,1.000000,0.990841
funding,2,1.000000,0.991886
fundoplication,2,1.000000,0.997918
fungal,2,1.000000,0.999362
funny,2,1.000000,0.997699
funny_noise,2,1.000000,0.997732
furniture,2,1.000000,0.995683
fusion,2,1.000000,0.998672
fussy,2,1.000000,0.999453
fuzzy,2,0.979427,0.999526
g,2,1.000000,0.998930
ga,2,1.000000,0.994031
ga_procedure,2,1.000000,0.994999
gaat,2,1.000000,0.998713
gag,2,1.000000,0.996702
gag_and_dry_heave,2,1.000000,0.999111
gag_and_retch,2,1.000000,0.999196
gag_dry_heave,2,1.000000,0.998897
gag_myself,2,1.000000,0.996821
gag_reflex,2,1.000000,0.996665
gag_themselves,2,0.721306,0.998669
gag_trick,2,1.000000,0.999347
gag_yourself,2,1.000000,0.997002
gah,2,1.000000,0.999016
gain,2,1.000000,0.996849
gain_control,2,0.885727,0.997307
gain_weight,2,1.000000,0.998435
gall_bladder,2,1.000000,0.998858
gall_bladder_surgery,2,1.000000,0.999508
gallbladder_attack,2,1.000000,0.999640
gallbladder_issue,2,1.000000,0.999313
gallbladder_remove,2,1.000000,0.999352
galore,2,1.000000,0.999638
gar,2,1.000000,0.999474
gargle,2,1.000000,0.997010
gargle_noise,2,0.889039,0.998617
gargle_sound,2,0.820457,0.998645
garlic,2,1.000000,0.991352
garlic_onion,2,1.000000,0.994695
gas,2,1.000000,0.996184
gas_bubble,2,1.000000,0.996055
gas_buildup,2,1.000000,0.996639
gas_cramp,2,1.000000,0.999497
gas_escape,2,0.855089,0.997737
gas_in_colon,2,1.000000,0.997171
gas_produce,2,1.000000,0.993452
gas_production,2,0.973308,0.997846
gas_rise,2,1.000000,0.996648
gas_trap,2,1.000000,0.996548
gas_x,2,1.000000,0.993067
gaseous_distension,2,1.000000,0.998454
gaslight,2,1.000000,0.994068
gaslight_by,2,1.000000,0.994800
gasp,2,1.000000,0.997332
gasp_for_air,2,1.000000,0.996746
gassy,2,1.000000,0.997350
gassy_food,2,1.000000,0.991721
gastric,2,1.000000,0.996741
gastric_bypass,2,1.000000,0.999217
gastric_empty,2,1.000000,0.997198
gastric_empty_study,2,1.000000,0.997219
gastric_sleeve,2,1.000000,0.999278
gastritis,2,1.000000,0.997543
gastro,2,1.000000,0.993289
gastro_doctor,2,1.000000,0.993770
gastro_issue,2,1.000000,0.997812
gastro_specialist,2,1.000000,0.993867
gastrocardiac,2,1.000000,0.998609
gastroenterologist,2,1.000000,0.992993
gastroenterologist_who,2,1.000000,0.993496
gastroenterology,2,1.000000,0.993323
gastrointestinal,2,1.000000,0.998095
gastrointestinal_issue,2,1.000000,0.997961
gastrointestinal_system,2,1.000000,0.999311
gastroparesis,2,1.000000,0.997510
gastroperesis,2,1.000000,0.999373
gastroptosis,2,1.000000,0.999238
gastroscopy,2,1.000000,0.994802
gasx,2,1.000000,0.993080
gate,2,1.000000,0.997345
gatekeep,2,1.000000,0.993544
gaviscon,2,1.000000,0.992530
ge,2,1.000000,0.999195
geez,2,1.000000,0.998572
gel,2,1.000000,0.993392
gelusil,2,1.000000,0.995632
general_anaesthesia,2,1.000000,0.994821
general_anesthesia,2,1.000000,0.993965
general_anesthetic,2,1.000000,0.993928
general_population,2,1.000000,0.998502
general_practitioner,2,1.000000,0.993484
generalize_anxiety,2,1.000000,0.999028
generalize_anxiety_disorder,2,1.000000,0.999593
generate,2,1.000000,0.997876
generate_gas,2,1.000000,0.999162
generic,2,1.000000,0.994147
genetic_component,2,1.000000,0.998543
genetic_factor,2,1.000000,0.997180
genetics,2,1.000000,0.998607
gente,2,1.000000,0.999576
gentle,2,1.000000,0.994341
gentle_massage,2,1.000000,0.997033
gentle_press,2,1.000000,0.997694
genuine,2,0.860344,0.997907
george_washington,2,1.000000,0.998453
george_washington_university_hospital,2,1.000000,0.996558
gerd,2,1.000000,0.997509
gerd_lpr,2,1.000000,0.998358
germany,2,1.000000,0.991449
get_food_poison,2,1.000000,0.998247
get_rid,2,1.000000,0.997994
get_stuck,2,1.000000,0.996095
get_worse,2,1.000000,0.998435
gi,2,1.000000,0.993116
gi_doc,2,1.000000,0.992897
gi_doctor,2,1.000000,0.992935
gi_issue,2,1.000000,0.997806
gi_motility,2,1.000000,0.999320
gi_problem,2,1.000000,0.997958
gi_referral,2,1.000000,0.993742
gi_specialist,2,1.000000,0.992842
gi_surgeon,2,1.000000,0.996721
gi_track,2,1.000000,0.998253
gi_tract,2,1.000000,0.996855
giant,2,1.000000,0.997829
gin,2,1.000000,0.992454
ginger,2,1.000000,0.992839
ginger_ale,2,1.000000,0.991084
ginger_beer,2,1.000000,0.993461
ginger_chew,2,1.000000,0.994209
ginger_tea,2,1.000000,0.993321
gird,2,1.000000,0.999277
girl,2,1.000000,0.997514
girl_who,2,1.000000,0.998082
girlfriend,2,1.000000,0.998077
gis,2,1.000000,0.992869
give_up,2,1.000000,0.996119
glad,2,1.000000,0.995711
glad_to_hear,2,1.000000,0.995737
gland,2,1.000000,0.997859
glass,2,1.000000,0.991056
glass_of_water,2,1.000000,0.990757
global,2,1.000000,0.996713
globus,2,1.000000,0.998087
globus_sensation,2,1.000000,0.998019
glorious,2,1.000000,0.999059
gloss_over,2,1.000000,0.999140
glue,2,1.000000,0.995919
gluten,2,1.000000,0.993084
gluten_and_dairy,2,1.000000,0.994876
gluten_dairy,2,1.000000,0.994380
gluten_free,2,1.000000,0.993624
gluten_intolerance,2,1.000000,0.998257
glutton,2,1.000000,0.999383
glycerin,2,1.000000,0.999348
glycinate,2,1.000000,0.996663
gnaw,2,1.000000,0.998417
go_back_and_forth,2,1.000000,0.994928
go_down,2,1.000000,0.990696
go_haywire,2,1.000000,0.999677
go_overboard,2,1.000000,0.996550
go_private,2,1.000000,0.990909
go_smooth,2,1.000000,0.994619
go_through,2,1.000000,0.997702
go_to_bed,2,1.000000,0.997144
go_to_chicago,2,1.000000,0.991179
go_to_doctor_bastian,2,1.000000,0.991355
go_to_doctor_spiegel,2,1.000000,0.996896
go_to_explode,2,1.000000,0.997294
go_unnoticed,2,1.000000,0.996694
god_forbid,2,1.000000,0.999622
godzilla,2,1.000000,0.998512
goiter,2,1.000000,0.998601
good_bacteria,2,1.000000,0.998572
good_chance,2,1.000000,0.997111
good_choice,2,0.998588,0.998082
good_decision,0,0.652041,0.999994
good_job,2,1.000000,0.996091
good_news,2,1.000000,0.995785
good_posture,2,1.000000,0.995218
good_sign,2,0.691005,0.997716
good_to_hear,2,1.000000,0.996037
goodness,2,1.000000,0.998576
google_search,2,1.000000,0.995683
gord,2,1.000000,0.997667
gosh,2,1.000000,0.997343
government,2,1.000000,0.991088
gown,2,1.000000,0.998198
gp,2,1.000000,0.992482
gp_referral,2,1.000000,0.991540
gps,2,1.000000,0.992870
grab,2,1.000000,0.992331
gracious,2,1.000000,0.999205
grade_school,2,1.000000,0.998863
graduate_college,2,1.000000,0.998813
graduate_high_school,2,1.000000,0.998905
grain,2,1.000000,0.994107
gram,2,1.000000,0.994262
grandfather,2,1.000000,0.998789
granola_bar,2,1.000000,0.993796
grass,2,1.000000,0.998537
grateful,2,1.000000,0.995920
gravelly,2,1.000000,0.999324
gravy,2,1.000000,0.993518
greasy,2,1.000000,0.992112
greasy_food,2,1.000000,0.991897
great_news,2,1.000000,0.996362
great_ormond_street_hospital,2,1.000000,0.993819
great_to_hear,2,1.000000,0.995903
green_bean,2,1.000000,0.995999
green_tea,2,1.000000,0.992772
grief,2,1.000000,0.999237
grievance,2,1.000000,0.998897
grill,2,1.000000,0.997985
grimes,2,1.000000,0.999036
grind,2,1.000000,0.997880
grip,2,1.000000,0.997335
grip_sock,2,1.000000,0.998448
grit,2,1.000000,0.994940
groan,2,1.000000,0.997784
groan_noise,2,1.000000,0.997951
groggy,2,1.000000,0.998756
groove,2,1.000000,0.995687
gross,2,1.000000,0.997574
ground,2,1.000000,0.994578
group,2,1.000000,0.995294
grow_out,2,1.000000,0.998352
grow_up,2,1.000000,0.997698
growl,2,1.000000,0.997199
growl_noise,2,1.000000,0.998465
grudge,2,1.000000,0.998621
grumble,2,1.000000,0.997406
grunt,2,1.000000,0.998697
grupo,2,1.000000,0.999768
guess,2,0.849526,0.998522
guinness,2,1.000000,0.991561
gulp,2,1.000000,0.990913
gum,2,1.000000,0.991663
gummy,2,1.000000,0.994415
gurgle,2,1.000000,0.997137
gurgle_noise,2,1.000000,0.997126
gurgler,2,1.000000,0.998760
gurgly,2,1.000000,0.997304
gurgly_noise,2,1.000000,0.997713
gut,2,1.000000,0.996582
gut_bacteria,2,1.000000,0.998476
gut_flora,2,0.932984,0.998740
gut_health,2,1.000000,0.998646
gut_issue,2,1.000000,0.998032
gut_microbiome,2,1.000000,0.999076
gut_motility,2,0.978183,0.998381
guttural,2,1.000000,0.998607
gwuh,2,1.000000,0.996943
gymnast,2,1.000000,0.999650
gymnastics,2,1.000000,0.997031
h2_blocker,2,1.000000,0.992599
h_pylori,2,1.000000,0.997554
ha_good_luck,2,1.000000,0.999162
habit,2,1.000000,0.995802
habit_form,2,1.000000,0.999447
hadean,2,1.000000,0.995107
hahahaha,2,1.000000,0.997835
hair,2,1.000000,0.995515
hair_net,2,1.000000,0.998408
hairnet,2,1.000000,0.998387
hallmark,2,1.000000,0.999578
halo,2,1.000000,0.999467
hamburg,2,1.000000,0.991830
hand,2,1.000000,0.995227
hand_and_knee,2,1.000000,0.999601
hand_free,2,1.000000,0.999199
handful_of_time,1,0.151846,0.999923
handle,2,1.000000,0.991277
handler,2,1.000000,0.999427
hang_in_there,2,1.000000,0.995679
hangry,2,1.000000,0.994287
hank_green,2,1.000000,0.997036
happiness,2,1.000000,0.998368
happy,2,1.000000,0.995643
happy_holiday,2,1.000000,0.998534
happy_to_hear,2,1.000000,0.995712
hard_liquor,2,1.000000,0.992517
hard_seltzer,2,1.000000,0.992668
hard_to_breathe,2,1.000000,0.998042
hard_to_describe,2,1.000000,0.999002
hard_to_differentiate,2,1.000000,0.999094
hard_to_pinpoint,2,1.000000,0.999394
hard_to_predict,2,1.000000,0.999245
hardship,2,1.000000,0.999449
harm,2,1.000000,0.998234
harrowing,2,1.000000,0.999593
harsh,2,1.000000,0.999169
hashimoto,2,1.000000,0.998477
hate,2,1.000000,0.997784
have_abdomino_phrenic,2,1.000000,0.999120
have_food_poison,2,1.000000,0.998218
have_no_clue,2,1.000000,0.993910
have_r_cpd,2,1.000000,0.997484
hawaii,2,1.000000,0.998205
hazard,2,1.000000,0.999569
hcl,2,1.000000,0.993413
he_spray,2,1.000000,0.997871
head_and_neck,2,1.000000,0.993542
head_and_torso_elevate,2,1.000000,0.994458
head_elevate,2,1.000000,0.994296
head_forward,2,1.000000,0.994226
head_left,2,1.000000,0.994766
head_movement,2,1.000000,0.994900
head_position,2,1.000000,0.994683
head_slightly,2,1.000000,0.994693
head_tilt,2,1.000000,0.994486
head_turn,2,1.000000,0.994609
headache,2,1.000000,0.997643
headache_fatigue,2,1.000000,0.999628
headband,2,1.000000,0.999616
health,2,1.000000,0.996662
health_anxiety,2,1.000000,0.998733
health_care,2,1.000000,0.991028
health_condition,2,1.000000,0.998731
health_insurance,2,1.000000,0.990091
health_issue,2,1.000000,0.997852
health_problem,2,1.000000,0.998030
health_risk,2,1.000000,0.999377
health_system,2,1.000000,0.992098
healthcare,2,1.000000,0.990972
healthcare_professional,2,1.000000,0.997278
healthcare_provider,2,1.000000,0.996060
healthcare_system,2,1.000000,0.991294
healthy,2,1.000000,0.993468
healthy_weight,2,1.000000,0.999088
heart_burn,2,1.000000,0.997730
heart_palpitation,2,1.000000,0.997776
heart_problem,2,1.000000,0.999172
heart_skip,2,1.000000,0.999263
heartbreak,2,1.000000,0.998013
heartburn,2,1.000000,0.997681
heartburn_acid_reflux,2,1.000000,0.995287
heartburn_medication,2,1.000000,0.994270
heat_pad,2,1.000000,0.995970
heat_therapy,2,1.000000,0.996372
heave,2,1.000000,0.996883
heaviness,2,1.000000,0.998584
heavy,2,1.000000,0.991431
hebbel,2,1.000000,0.998590
heds,2,1.000000,0.998046
heel_drop,2,1.000000,0.996413
hehe,2,1.000000,0.998664
height,2,0.791360,0.999211
heighten,2,1.000000,0.998623
helemaal,2,1.000000,0.998957
hella,2,1.000000,0.999307
hello_everyone,2,1.000000,0.996281
hello_fellow_no_burper,2,1.000000,0.997910
hello_fellow_noburper,2,1.000000,0.998540
help,2,1.000000,0.993330
help_loosen,2,1.000000,0.997719
help_tremendous,2,1.000000,0.995392
helpful,2,1.000000,0.995946
helpful_info,2,1.000000,0.997677
helpful_to_hear,2,1.000000,0.997295
helpless,2,1.000000,0.999273
helsinki,2,1.000000,0.995364
hem,2,1.000000,0.999440
hemp,2,1.000000,0.999601
hence,2,1.000000,0.996822
her_secretary,2,1.000000,0.993571
her_website,2,1.000000,0.995080
herb,2,1.000000,0.995554
herbal,2,1.000000,0.994953
heritable,2,1.000000,0.997679
hernia,2,1.000000,0.997497
hero,2,1.000000,0.998127
hesitant,2,1.000000,0.996173
hey_everyone,2,1.000000,0.996201
hey_folk,2,1.000000,0.998928
hey_guy,2,1.000000,0.996253
hg,2,1.000000,0.998987
hh,2,1.000000,0.997858
hi_all,2,1.000000,0.996175
hi_everybody,2,1.000000,0.998825
hi_fellow_no_burper,2,1.000000,0.998245
hi_friend,2,1.000000,0.995395
hi_guy,2,1.000000,0.996165
hi_there,2,1.000000,0.996150
hiatal_hernia,2,1.000000,0.997546
hiatal_hernia_be,2,1.000000,0.998044
hiatal_hernia_etc,2,1.000000,0.998719
hiatal_hernia_gerd,2,1.000000,0.998501
hiatal_hernia_repair,2,1.000000,0.999217
hiatal_hernia_so,2,1.000000,0.999283
hiatus_hernia,2,1.000000,0.997513
hic,2,1.000000,0.998554
hiccup,2,1.000000,0.997163
hicklin,2,1.000000,0.993138
hicklin_and_karagama,2,1.000000,0.997038
hicklin_com,2,1.000000,0.995182
hicklin_in_london,2,1.000000,0.996490
hida_scan,2,1.000000,0.996864
high,2,0.919280,0.998719
high_altitude,2,1.000000,0.998809
high_deductible_plan,2,1.000000,0.992999
high_dosage,2,1.000000,0.994291
high_dose,2,1.000000,0.993667
high_fat,2,1.000000,0.995149
high_fiber,2,1.000000,0.994167
high_fibre,2,1.000000,0.995115
high_fodmap,2,1.000000,0.994055
high_heart_rate,2,1.000000,0.999224
high_incidence,2,1.000000,0.998698
high_note,2,1.000000,0.999808
high_pressure,2,1.000000,0.996973
high_protein,2,1.000000,0.994470
high_resolution,2,1.000000,0.997465
high_resolution_manometry,2,1.000000,0.997338
high_risk,2,1.000000,0.999254
high_school,2,1.000000,0.997957
high_up,2,1.000000,0.995896
high_waist,2,1.000000,0.998910
highly_consider,2,1.000000,0.997349
highmark,2,1.000000,0.998143
hiking,2,1.000000,0.998137
hilarious,2,1.000000,0.997643
hip,2,1.000000,0.995139
hip_flexor,2,1.000000,0.997806
hirschsprung,2,1.000000,0.999030
his_nurse,2,1.000000,0.996078
his_office,2,1.000000,0.992439
his_opinion,2,1.000000,0.998758
his_paper,2,1.000000,0.995160
his_patient,2,1.000000,0.993855
his_q,2,1.000000,0.996035
his_success_rate,2,1.000000,0.996425
his_video,2,1.000000,0.995519
his_website,2,1.000000,0.995080
hispanic,2,1.000000,0.999697
hiss,2,1.000000,0.998827
histamine_intolerance,2,1.000000,0.999092
hit_high_note,2,1.000000,0.999825
hmm_interest,2,1.000000,0.998956
hmo,2,1.000000,0.990608
hoarse,2,1.000000,0.999255
hoarse_voice,2,1.000000,0.998876
hoarseness,2,1.000000,0.998889
hobby,2,1.000000,0.998267
hoesli,2,1.000000,0.997214
hole,2,1.000000,0.995637
holiday,2,1.000000,0.993728
holistic,2,1.000000,0.998939
hollow,2,1.000000,0.997469
holy_cow,2,1.000000,0.998861
holy_crap,2,1.000000,0.997911
holy_shit,2,1.000000,0.997888
home,2,1.000000,0.996755
home_early,2,1.000000,0.997154
home_page,2,1.000000,0.995959
home_remedy,2,1.000000,0.996018
homeopathy,2,1.000000,0.999339
homer_simpson,2,1.000000,0.999117
hometown,2,1.000000,0.993832
homie,2,1.000000,0.998920
hook_up,2,1.000000,0.998142
hope,2,1.000000,0.995612
hopeful,2,1.000000,0.995752
hopeless,2,1.000000,0.998208
horizontal,2,1.000000,0.994593
hormonal,2,1.000000,0.999015
hormone,2,1.000000,0.997741
horn,2,1.000000,0.998596
horrendous,2,1.000000,0.997377
horrible,2,1.000000,0.997330
horrible_hypersalivation,2,1.000000,0.999650
horrific,2,1.000000,0.997492
horror,2,1.000000,0.999579
horror_story,2,1.000000,0.997456
horse_pill,2,1.000000,0.995989
hose,2,1.000000,0.996482
hospital,2,1.000000,0.993300
hospital_charge,2,1.000000,0.993448
hospital_fee,2,1.000000,0.993481
hospital_fees,2,1.000000,0.992060
hospital_gown,2,1.000000,0.998254
hospital_in_manchester,2,1.000000,0.998702
hospitalize,2,1.000000,0.999079
hostile,2,1.000000,0.999363
hot,2,1.000000,0.991473
hot_air,2,1.000000,0.997821
hot_beverage,2,1.000000,0.994388
hot_chocolate,2,1.000000,0.993811
hot_drink,2,1.000000,0.992007
hot_flash,2,1.000000,0.999396
hot_soup,2,1.000000,0.994522
hot_tea,2,1.000000,0.992526
hot_water,2,1.000000,0.991814
hot_water_bottle,2,1.000000,0.996267
hotel_room,2,0.931870,0.997315
hotel_stay,2,1.000000,0.995299
hourglass_syndrome,2,1.000000,0.997942
howdy,2,1.000000,0.998037
hrm,2,1.000000,0.998577
huel,2,1.000000,0.993068
huge_air_bubble,2,1.000000,0.997133
huge_belch,2,1.000000,0.997993
huge_belly,2,1.000000,0.999405
huge_difference,0,1.000000,0.999999
huge_emetophobe,2,1.000000,0.999629
huge_meal,2,1.000000,0.997086
huge_trigger,2,1.000000,0.993005
huh_interest,2,1.000000,0.998901
humiliate,2,1.000000,0.998449
hummus,2,1.000000,0.993910
hump,2,1.000000,0.999469
hunch_over,2,1.000000,0.994898
hundred_of_time,1,1.000000,0.999998
hunger,2,1.000000,0.997429
hunger_cue,2,1.000000,0.999509
hunger_pain,2,1.000000,0.999354
hungry,2,1.000000,0.997240
hurt,2,1.000000,0.997189
hus,2,1.000000,0.994983
husky,2,1.000000,0.999710
hydrate,2,1.000000,0.991186
hydrogen,2,1.000000,0.999126
hyoid_bone,2,1.000000,0.999007
hyper,2,1.000000,0.999343
hyper_aware,2,1.000000,0.999722
hyper_mobile,2,1.000000,0.998470
hyper_mobility,2,1.000000,0.998554
hyper_salivate,2,1.000000,0.998196
hyper_salivation,2,1.000000,0.997926
hyperemesis,2,1.000000,0.998939
hyperhidrosis,2,1.000000,0.999424
hypermobile,2,1.000000,0.998201
hypermobility,2,1.000000,0.998203
hypersalivate,2,1.000000,0.997941
hypersalivation,2,1.000000,0.997787
hypersensitivity,2,1.000000,0.998605
hypertensive,2,1.000000,0.997235
hypertonic_pelvic_floor_dysfunction,2,1.000000,0.998598
hypertrophy,2,1.000000,0.998097
hyperventilation,2,1.000000,0.999640
hypnosis,2,1.000000,0.996987
hypnotherapy,2,1.000000,0.996783
hypochondria,2,1.000000,0.999115
hypothesis,2,0.985478,0.998042
hypothesize,2,1.000000,0.998659
hypothyroidism,2,1.000000,0.998557
hysteria,2,1.000000,0.998336
ibd,2,1.000000,0.998026
ibs,2,1.000000,0.997460
ibs_c,2,1.000000,0.998750
ibs_d,2,1.000000,0.998559
ibs_diagnosis,2,1.000000,0.999343
ibs_gerd,2,1.000000,0.998063
ibs_sibo,2,1.000000,0.998742
ibs_symptom,2,1.000000,0.998181
ibuprofen,2,1.000000,0.993489
ice,2,1.000000,0.991406
ice_chip,2,1.000000,0.993197
ice_cream,2,1.000000,0.990600
ice_lolly,2,1.000000,0.993022
ice_water,2,1.000000,0.994439
icecream,2,1.000000,0.994038
ich,2,1.000000,0.998555
icky,2,0.984223,0.999554
icon,2,1.000000,0.997898
id_argue,2,1.000000,0.999316
id_love_to_hear,2,1.000000,0.995869
id_rather,2,1.000000,0.998812
id_say,2,1.000000,0.996476
idaho,2,1.000000,0.998389
identical_twin,2,1.000000,0.998622
identity,2,1.000000,0.999288
idiopathic,2,1.000000,0.999075
iem,2,1.000000,0.998489
if_left_untreated,2,1.000000,0.998335
ignorance,2,1.000000,0.999212
ignore,2,1.000000,0.993767
ileus,2,1.000000,0.998669
illinois,2,1.000000,0.991579
illness,2,1.000000,0.997915
illustrate,2,1.000000,0.996954
image,2,1.000000,0.995144
imaging,2,1.000000,0.995169
imaging_use_barium_contrast,2,1.000000,0.997711
imam,2,1.000000,0.999511
imbalance,2,1.000000,0.998404
imitate,2,1.000000,0.996917
immeasurable,2,1.000000,0.998203
immediate_relief,2,1.000000,0.997318
immense_amount,2,1.000000,0.999785
immune_system,2,1.000000,0.998635
impair,2,1.000000,0.998406
impatient,2,1.000000,0.996404
impedance,2,1.000000,0.998210
impede,2,0.983716,0.998860
impending,2,1.000000,0.999097
implant,2,1.000000,0.998242
implement,2,0.926314,0.997851
implication,2,1.000000,0.999310
important_event,2,1.000000,0.998894
important_to_note,2,1.000000,0.999249
impressive,2,1.000000,0.999244
improper,2,1.000000,0.997752
improve,2,1.000000,0.998550
improvement,2,0.812708,0.998232
inability_to_belch,2,1.000000,0.998317
inability_to_belch_gurgle_noise,2,1.000000,0.998618
inability_to_burp,2,1.000000,0.997499
inability_to_relax,2,1.000000,0.997844
inability_to_vomit,2,1.000000,0.999039
inaudible,2,1.000000,0.997878
incapable,2,1.000000,0.999172
incapacitate,2,1.000000,0.999578
incessant,2,1.000000,0.999296
incidence,2,1.000000,0.998571
incident,2,1.000000,0.998148
incision,2,1.000000,0.995269
incline,2,1.000000,0.994093
incompetent,2,1.000000,0.997060
incomplete,2,1.000000,0.997468
inconclusive,2,1.000000,0.998769
inconsistent,2,1.000000,0.999121
inconvenience,2,1.000000,0.998336
inconvenient,2,1.000000,0.999591
incorrect,2,1.000000,0.997025
increase,2,1.000000,0.998421
increase_awareness,2,1.000000,0.997810
increase_in_frequency,2,1.000000,0.998664
increase_in_severity,2,1.000000,0.998718
incredible_helpful,2,1.000000,0.997333
incredible_nauseous,2,1.000000,0.999053
incredible_pain,2,1.000000,0.998808
incredible_uncomfortable,2,1.000000,0.998792
incredible_validate,2,1.000000,0.998160
indescribable,2,1.000000,0.999063
index_finger,2,1.000000,0.997311
indigestion,2,1.000000,0.997589
individual,2,1.000000,0.996018
individual_funding_request,2,1.000000,0.996535
individual_funding_request_ifr,2,1.000000,0.997644
indoor,2,1.000000,0.999116
induce,2,1.000000,0.996931
induce_gag_reflex,2,1.000000,0.995985
induce_vomit,2,1.000000,0.997778
induction,2,1.000000,0.999102
indulge,2,1.000000,0.995856
ineffective,2,1.000000,0.996907
ineffective_esophageal_motility,2,1.000000,0.997861
infamous,2,1.000000,0.999516
infancy,2,1.000000,0.998171
infant,2,1.000000,0.997809
infection,2,1.000000,0.997567
inflame,2,1.000000,0.997630
inflame_esophagus,2,1.000000,0.999269
inflammation,2,1.000000,0.997652
inflate,2,1.000000,0.995879
inflate_balloon,2,1.000000,0.997723
inform,2,1.000000,0.994365
information,2,1.000000,0.995348
information_about,2,1.000000,0.995263
infrequent,2,1.000000,0.998652
ingest,2,1.000000,0.996500
ingredient,2,1.000000,0.993060
inguinal,2,1.000000,0.999247
inhale,2,1.000000,0.995733
inherently,2,1.000000,0.999279
inhibitor,2,1.000000,0.992618
initial_appointment,2,1.000000,0.992552
initial_consult,2,1.000000,0.992792
initial_consultation,2,1.000000,0.992694
initial_deny,2,1.000000,0.990560
initial_stage,2,1.000000,0.999782
initial_visit,2,1.000000,0.993803
inject,2,1.000000,0.994327
inject_100_unit,2,1.000000,0.994898
inject_into,2,1.000000,0.996723
injection,2,1.000000,0.993495
injection_itself,2,1.000000,0.995254
injection_site,2,1.000000,0.995449
injure,2,1.000000,0.998583
injury,2,1.000000,0.997554
inopportune,2,1.000000,0.999515
insane,2,1.000000,0.997448
insecure,0,0.183258,0.999883
insecure_about,2,1.000000,0.999035
insecurity,2,1.000000,0.999604
insert,2,1.000000,0.997465
insert_into,2,1.000000,0.998308
insertion,2,1.000000,0.998112
inside,2,1.000000,0.995679
insist,2,1.000000,0.993480
insistent,2,1.000000,0.999288
insomnia,2,1.000000,0.999072
inspire,2,1.000000,0.996690
instability,2,1.000000,0.999102
instagram,2,1.000000,0.995929
installment,2,1.000000,0.998325
instance,2,1.000000,0.998294
instant_relief,2,1.000000,0.997108
instinct,2,1.000000,0.995464
institution,2,1.000000,0.997612
instrument,2,1.000000,0.997166
insurance_anthem,2,1.000000,0.998575
insurance_company,2,1.000000,0.989871
insurance_cover,2,1.000000,0.990121
insurance_coverage,2,1.000000,0.990225
insurance_provider,2,1.000000,0.990988
insurer,2,1.000000,0.990079
intel,2,1.000000,0.997706
intense,2,1.000000,0.997371
intense_fear,2,1.000000,0.998807
intense_nausea,2,1.000000,0.998052
intense_pain,2,1.000000,0.998003
intense_pressure,2,1.000000,0.997420
intensify,2,1.000000,0.998575
intensity,2,0.966563,0.998637
intentional,2,1.000000,0.996515
interest,2,1.000000,0.996071
interest_to_hear,2,1.000000,0.996587
interfere,2,1.000000,0.998612
intermittent,2,1.000000,0.998958
internal,2,1.000000,0.996427
internal_injection,2,1.000000,0.994695
internal_organ,2,1.000000,0.998040
international,2,1.000000,0.992675
internet,2,1.000000,0.995293
internet_post,2,1.000000,0.999029
intestinal,2,1.000000,0.996848
intestinal_gas,2,1.000000,0.999328
intestinal_necrosis,2,1.000000,0.999026
intestine,2,1.000000,0.996292
into_account,2,1.000000,0.994773
into_adulthood,2,1.000000,0.999161
into_perspective,2,1.000000,0.999331
intolerance,2,1.000000,0.993378
intolerant,2,1.000000,0.993399
introduction,2,1.000000,0.997113
intrusive,2,1.000000,0.997434
intubate,2,1.000000,0.995486
intubation,2,0.899728,0.998094
intubation_tube,2,1.000000,0.998165
intuit,2,1.000000,0.999829
invasive_procedure,2,1.000000,0.998625
inversion,2,1.000000,0.994306
investigate,2,1.000000,0.994623
investigation,2,1.000000,0.997306
invisible,2,1.000000,0.999045
involuntary,2,1.000000,0.997009
involuntary_dry,2,0.941845,0.998910
involuntary_dry_heave,2,1.000000,0.999209
involuntary_microburp,2,1.000000,0.998902
involvement,2,1.000000,0.999044
inwards,2,1.000000,0.997044
iqoro,2,1.000000,0.996886
iron,2,1.000000,0.994880
iron_supplement,2,1.000000,0.994795
irrational,2,1.000000,0.999242
irrational_fear,2,1.000000,0.998936
irregular,2,1.000000,0.999011
irregularity,2,1.000000,0.999287
irreversible,2,1.000000,0.998993
irritable,2,1.000000,0.999727
irritate,2,1.000000,0.997324
irritation,2,1.000000,0.997462
ish,1,0.300036,0.999971
issaquah,2,1.000000,0.995486
issue,2,1.000000,0.997682
issue_e_g,2,1.000000,0.998606
italy,2,1.000000,0.992369
itch,2,1.000000,0.998055
itemize_bill,2,1.000000,0.998153
its_own,2,1.000000,0.995692
its_unlikely,2,1.000000,0.998756
iu_health,2,1.000000,0.997057
iv,2,1.000000,0.998085
iv_for_dehydration,2,1.000000,0.998648
jab,2,1.000000,0.995346
jackass,2,1.000000,0.999173
jacket,2,1.000000,0.999663
jacob,2,1.000000,0.997937
jag,2,1.000000,0.998600
jai_fait,2,1.000000,0.999333
james,2,1.000000,0.998351
jan,2,1.000000,0.993669
jan_2022,2,1.000000,0.996996
jan_2023,2,1.000000,0.997072
jan_2025,2,1.000000,0.998514
january,2,1.000000,0.993124
japan,2,1.000000,0.994978
jaw,2,1.000000,0.995129
jaw_slightly,2,1.000000,0.996423
jealous,2,1.000000,0.997736
jealous_of_people_who,2,1.000000,0.999220
jealousy,2,1.000000,0.998782
jean,2,1.000000,0.998692
jeans,2,1.000000,0.998147
jeff,2,1.000000,0.998386
jefferson,2,1.000000,0.993598
jello,2,1.000000,0.991173
jelly,2,1.000000,0.993550
jinx,2,1.000000,0.998210
jitter,2,1.000000,0.999682
jog,2,1.000000,0.998123
john_hopkins,2,1.000000,0.995194
join_reddit,2,1.000000,0.997431
join_this_subreddit,2,1.000000,0.998973
joke,2,1.000000,0.997698
joke_about,2,1.000000,0.998032
joker,2,1.000000,0.999741
jolt,2,1.000000,0.997883
journal,2,1.000000,0.995015
journal_article,2,1.000000,0.996728
journey,2,1.000000,0.995826
juice,2,1.000000,0.991238
july,2,1.000000,0.993272
july_2023,2,1.000000,0.995789
june,2,1.000000,0.993229
june_2022,2,1.000000,0.996633
junk_food,2,1.000000,0.995241
just_curious,2,1.000000,0.996426
jut_out,2,1.000000,0.995862
kahrilas,2,1.000000,0.996693
kaiser,2,1.000000,0.991803
kaiser_permanente,2,1.000000,0.993370
karagama,2,1.000000,0.992789
keen_to_hear,2,1.000000,0.996850
keep_in_touch,2,1.000000,0.996641
keep_practice,2,1.000000,0.996185
keep_us_update,2,1.000000,0.996071
keeper,2,1.000000,0.998765
kefir,2,1.000000,0.993432
keg,2,1.000000,0.999677
kentucky,2,1.000000,0.995475
keratosis,2,1.000000,0.999487
keto,2,1.000000,0.993874
keto_diet,2,1.000000,0.995406
key,2,1.000000,0.995587
keyword,2,1.000000,0.995668
kick,2,1.000000,0.996388
kid,2,1.000000,0.997629
kill,2,0.872548,0.998530
killer,2,0.815478,0.998544
kind_of_gross,2,1.000000,0.999007
kind_stranger,2,1.000000,0.998601
kink,2,1.000000,0.997616
kiss,2,1.000000,0.995333
klonopin,2,1.000000,0.995566
knee,2,1.000000,0.994696
kneel,2,1.000000,0.997036
knock_out,2,1.000000,0.994620
knot,2,1.000000,0.996456
know_to_treat_r,2,1.000000,0.993256
knowledge,2,1.000000,0.994899
knowledgeable,2,1.000000,0.993749
knuckle,2,1.000000,0.996916
kombucha,2,1.000000,0.991237
ktc,2,1.000000,0.995387
kyphosis,2,1.000000,0.998014
la_croix,2,1.000000,0.990973
lab,2,1.000000,0.995675
lack_of_ability,2,1.000000,0.999322
lack_of_appetite,2,1.000000,0.998708
lack_thereof,2,1.000000,0.999601
lacroix,2,1.000000,0.992552
lactase,2,1.000000,0.994229
lactose,2,1.000000,0.993125
lactose_free,2,1.000000,0.994616
lactose_intolerance,2,1.000000,0.997796
lactose_intolerant,2,1.000000,0.993629
lakeshore,2,1.000000,0.999072
lame,2,1.000000,0.998682
landscape,2,1.000000,0.999637
language,2,1.000000,0.995978
lansoprazole,2,1.000000,0.992707
lap,2,1.000000,0.998834
laparoscopy,2,1.000000,0.998720
large_amount,2,1.000000,0.996726
large_belch,2,1.000000,0.998826
large_bowel,2,1.000000,0.998289
large_dose,2,1.000000,0.994535
large_intestine,2,1.000000,0.996770
large_meal,2,1.000000,0.991811
large_pill,2,1.000000,0.994345
large_portion,2,1.000000,0.997542
large_than,2,1.000000,0.999021
largely_prevent,2,1.000000,0.994650
laryngeal,2,1.000000,0.998328
laryngeal_dystonia,2,0.983843,0.998435
laryngeal_spasm,2,1.000000,0.998439
laryngeospasm,2,1.000000,0.999247
laryngologist,2,1.000000,0.992817
laryngologist_who,2,1.000000,0.993100
laryngopedia,2,1.000000,0.995032
laryngopharyngeal_reflux,2,1.000000,0.998388
laryngopharyngeal_reflux_lpr,2,1.000000,0.998398
laryngoscope,2,0.706546,0.997241
laryngospasm,2,1.000000,0.998822
larynx,2,1.000000,0.995424
larynx_lower,2,1.000000,0.995359
larynx_lower_exercise,2,1.000000,0.995351
larynx_lower_voice,2,1.000000,0.995837
laser,2,1.000000,0.995388
last_august,2,1.000000,0.996295
last_ditch,2,1.000000,0.998975
last_paragraph,2,1.000000,0.999595
last_resort,2,1.000000,0.996181
last_tuesday,2,1.000000,0.997295
last_year,2,1.000000,0.997912
latch,2,1.000000,0.999617
late_20s,2,1.000000,0.998165
late_30s,2,1.000000,0.999237
late_afternoon,2,1.000000,0.997690
late_reply,2,1.000000,0.997128
late_teen,2,1.000000,0.998120
late_twenties,2,1.000000,0.998475
lateral,2,1.000000,0.997030
latest,2,1.000000,0.994904
laugh,2,1.000000,0.997564
laugh_yawn,2,1.000000,0.998260
laughter,2,1.000000,0.998291
lawyer,2,1.000000,0.998255
lax,2,1.000000,0.996905
laxative,2,1.000000,0.993177
lay,2,1.000000,0.994507
lay_down,2,1.000000,0.994590
lay_down_flat,2,1.000000,0.994845
lay_down_in_bed,2,1.000000,0.999338
lay_flat,2,1.000000,0.994658
lazy,2,0.819145,0.999818
lb,2,1.000000,0.999032
le_27_fever,2,1.000000,0.999312
lead_to_sibo,2,1.000000,0.998967
leafy_green,2,1.000000,0.994458
league,2,1.000000,0.999292
leak,2,1.000000,0.995938
leak_gut,2,1.000000,0.998885
leak_into,2,1.000000,0.996785
lean,2,1.000000,0.993970
lean_against,2,1.000000,0.994768
lean_back,2,1.000000,0.994054
lean_down,2,1.000000,0.994790
lean_forward,2,1.000000,0.994033
lean_into,2,1.000000,0.999439
lean_onto,2,1.000000,0.996655
lean_over,2,1.000000,0.994280
learn,2,1.000000,0.995920
learn_behavior,2,1.000000,0.998406
learn_how,2,1.000000,0.995933
learn_to_control,2,1.000000,0.996463
least_partially,2,1.000000,0.999277
leave_early,2,1.000000,0.998261
leave_r_cpd,2,1.000000,0.998605
left_ear,2,1.000000,0.997297
left_leg,2,1.000000,0.999536
left_nostril,2,0.867209,0.998855
left_rib_cage,2,1.000000,0.999479
left_side,2,1.000000,0.994309
left_untreated,2,1.000000,0.998374
leg,2,1.000000,0.994938
leg_up,2,1.000000,0.995677
lego,2,1.000000,0.999494
legume,2,1.000000,0.995255
lemonade,2,1.000000,0.991326
lenox,2,1.000000,0.998318
lentil,2,1.000000,0.993227
les,2,1.000000,0.996008
les_function,2,1.000000,0.998990
les_lower_esophageal,2,1.000000,0.997505
lesbian,2,1.000000,0.999170
less,2,1.000000,0.998466
less_accurate,2,1.000000,0.995017
less_alone,2,1.000000,0.998062
less_anxious,2,1.000000,0.998687
less_bloat,2,1.000000,0.998594
less_expensive,2,1.000000,0.994853
less_flatulence,2,1.000000,0.999237
less_frequently,2,1.000000,0.999794
less_gassy,2,1.000000,0.995397
less_invasive,2,1.000000,0.995776
less_nauseous,2,0.978146,0.998716
less_scary,2,1.000000,0.998735
less_severe,2,1.000000,0.999515
less_traumatic,2,1.000000,0.998681
lessen,2,1.000000,0.998412
let_out,2,1.000000,0.997038
lethargic,2,0.954483,0.999591
letter,2,1.000000,0.992550
lettuce,2,1.000000,0.994679
level,2,1.000000,0.997766
level_of_severity,2,1.000000,0.999399
lexington,2,1.000000,0.995717
liable,2,1.000000,0.999639
liberate,2,1.000000,0.998052
license,2,1.000000,0.992041
lid,2,1.000000,0.995981
lidocaine,2,1.000000,0.997369
lidocaine_spray,2,1.000000,0.998518
lie,2,1.000000,0.994417
lie_down,2,1.000000,0.994588
lie_down_flat,2,1.000000,0.995151
lie_flat,2,1.000000,0.994654
life_alter,2,1.000000,0.999030
life_change,2,1.000000,0.996008
life_threaten,2,1.000000,0.998510
life_upgrade,2,1.000000,0.998246
lifelong,2,1.000000,0.998340
lifelong_basis,2,1.000000,0.998690
lifelong_burper,2,1.000000,0.999169
lifelong_inability,2,1.000000,0.998663
lifelong_no_burper,2,1.000000,0.998194
lifelong_non_burper,2,1.000000,0.998497
lifelong_r_cpd,2,1.000000,0.999122
lifestyle,2,1.000000,0.994210
lifestyle_change,2,1.000000,0.993915
lifetime,2,1.000000,0.997798
lifetime_noburper,2,1.000000,0.998548
lift,2,1.000000,0.994178
ligament,2,1.000000,0.998430
light,2,1.000000,0.997849
light_cough,2,1.000000,0.994346
light_head,2,1.000000,0.999155
lightheaded,2,1.000000,0.998328
lightheadedness,2,1.000000,0.998873
lightweight,2,1.000000,0.996639
like_bread,2,1.000000,0.990267
like_crap,2,1.000000,0.995651
like_crazy,2,1.000000,0.997129
like_wtf,2,1.000000,0.998809
likelihood,2,1.000000,0.998544
likely_due,2,1.000000,0.998623
lin,2,1.000000,0.997187
line_between,2,1.000000,0.999259
linger,2,1.000000,0.997342
lining,2,1.000000,0.997600
link_between,2,1.000000,0.998068
link_to_r_cpd,2,1.000000,0.999059
linx,2,1.000000,0.998978
liquefy,2,1.000000,0.990814
liquid,2,1.000000,0.990940
liquid_baby_advil,2,1.000000,0.995389
liquid_baby_ibuprofen,2,1.000000,0.993494
liquid_child_ibuprofen,2,1.000000,0.993683
liquid_diet,2,1.000000,0.990184
liquid_gaviscon,2,1.000000,0.994191
liquid_ibuprofen,2,1.000000,0.993603
liquid_tylenol,2,1.000000,0.993629
liquor,2,1.000000,0.992054
list_above,2,1.000000,0.999309
list_of_specialist,2,1.000000,0.994803
listen,2,1.000000,0.993678
listen_to_your_body,2,1.000000,0.999398
liter,2,1.000000,0.991392
literally_cry,2,1.000000,0.998841
literature,2,1.000000,0.995169
little_background,2,1.000000,0.997896
little_confuse,2,1.000000,0.997755
little_nervous,2,1.000000,0.994570
little_pop,2,1.000000,0.996832
little_scratch,2,1.000000,0.997208
little_sore,2,1.000000,0.996650
little_tired,2,1.000000,0.998766
live_memory,2,1.000000,0.998985
live_near,2,1.000000,0.992982
liver,2,1.000000,0.998206
llama,2,1.000000,0.999404
lmfao,2,1.000000,0.999193
local,2,1.000000,0.991973
local_anesthesia,2,1.000000,0.994185
local_anesthetic,2,1.000000,0.994361
local_ccg,2,1.000000,0.993858
local_doctor,2,1.000000,0.992223
local_ent,2,1.000000,0.992473
local_hospital,2,1.000000,0.993971
localize,2,1.000000,0.999703
location,2,1.000000,0.992247
lodge,2,1.000000,0.996920
log,2,1.000000,0.996192
logical_sense,0,1.000000,0.999999
logo,2,1.000000,0.999487
lol,2,1.000000,0.997613
london_uk,2,1.000000,0.996059
lonely,2,1.000000,0.998116
long_haul,2,1.000000,0.999255
long_term,2,1.000000,0.997205
long_time_lurker,2,1.000000,0.996732
long_wind,2,1.000000,0.997969
longstanding,2,1.000000,0.999420
longtime,2,1.000000,0.998135
look_down,2,1.000000,0.993991
look_forward,2,1.000000,0.995576
look_pregnant,2,1.000000,0.997524
loopy,2,1.000000,0.998861
loose,2,1.000000,0.995547
loose_stool,2,1.000000,0.999074
loosen,2,1.000000,0.995517
loosen_up,2,1.000000,0.995516
los_angeles,2,1.000000,0.993944
lose_hope,2,1.000000,0.995972
lose_weight,2,1.000000,0.998451
loss,2,1.000000,0.998979
loss_of_appetite,2,1.000000,0.998942
loss_of_voice,2,1.000000,0.999320
lot_of_effort,2,1.000000,0.995917
lot_of_phlegm,2,1.000000,0.997352
lottery,2,1.000000,0.999408
loud,2,1.000000,0.997186
loud_af,2,1.000000,0.999368
loud_and_proud,2,1.000000,0.999212
loud_belch,2,1.000000,0.997650
loud_gurgle_noise,2,1.000000,0.998704
loud_hiccup,2,1.000000,0.998729
loud_music,2,0.887796,0.998968
loud_noise,2,1.000000,0.997233
loudness,2,1.000000,0.999808
louisiana,2,1.000000,0.998438
lounge,2,1.000000,0.997193
love_coffee,2,1.000000,0.996082
lovely,2,1.000000,0.994419
lover,2,1.000000,0.995422
low_acid,2,1.000000,0.998294
low_appetite,2,1.000000,0.999675
low_carbohydrate,2,1.000000,0.994704
low_dose,2,1.000000,0.994182
low_energy,2,1.000000,0.999856
low_fodmap,2,1.000000,0.993322
low_fodmap_diet,2,1.000000,0.993309
low_income,2,1.000000,0.992409
low_iron,2,1.000000,0.999241
low_level,2,1.000000,0.998935
low_quality,2,1.000000,0.998971
low_stomach_acid,2,1.000000,0.997984
lower,2,1.000000,0.995435
lower_abdomen,2,1.000000,0.998017
lower_dose,2,1.000000,0.994120
lower_down,2,1.000000,0.996825
lower_esophageal,2,1.000000,0.998337
lower_esophageal_sphincter,2,1.000000,0.996089
lower_esophageal_sphincter_les,2,1.000000,0.996687
lower_esophagus,2,1.000000,0.996053
lower_gi,2,1.000000,0.996825
lower_gi_tract,2,1.000000,0.998993
lower_jaw,2,1.000000,0.994789
lower_jaw_forward,2,1.000000,0.995047
lower_larynx,2,1.000000,0.996401
lower_part,2,1.000000,0.997561
lower_sphincter,2,1.000000,0.996042
lower_success_rate,2,1.000000,0.994725
lowkey,2,1.000000,0.999101
lpr,2,1.000000,0.997556
lpr_reflux,2,1.000000,0.997652
lpr_silent_reflux,2,1.000000,0.999424
lpr_symptom,2,1.000000,0.999088
lucy,2,1.000000,0.992661
lucy_hicklin,2,1.000000,0.992704
lucy_hicklin_in_london,2,1.000000,0.993770
lucy_hickling,2,1.000000,0.996024
lump,2,1.000000,0.996674
lunatic,2,1.000000,0.999147
lunch,2,1.000000,0.993027
lung,2,1.000000,0.996339
lung_and_heart,2,1.000000,0.998452
lung_capacity,2,1.000000,0.998946
lurker_here,2,1.000000,0.998828
lycra_till,2,1.000000,0.999552
lye,2,1.000000,0.995747
lyft,2,1.000000,0.998098
lyme,2,1.000000,0.999587
lymph_node,2,1.000000,0.998262
mac_and_cheese,2,1.000000,0.993379
mac_n_cheese,2,1.000000,0.993531
machine,2,1.000000,0.997446
machine_gun,2,1.000000,0.999087
mad,2,1.000000,0.997752
magic_bullet,2,1.000000,0.998430
magic_mushroom,2,1.000000,0.999227
magic_number,2,1.000000,0.993697
magnesium,2,1.000000,0.993845
magnify,2,1.000000,0.999428
maiden,2,1.000000,0.999401
main_cause,2,1.000000,0.998492
main_concern,2,1.000000,0.998574
main_difference,2,1.000000,0.999293
main_hospital,2,0.927066,0.997161
main_issue,2,1.000000,0.998029
main_symptom,2,1.000000,0.997841
maintain,2,1.000000,0.996834
maintain_weight,2,1.000000,0.999059
maintenance,2,1.000000,0.999118
major,2,1.000000,0.998163
major_change,2,1.000000,0.997802
make_fun,2,1.000000,0.997654
make_myself,2,1.000000,0.996824
make_themselves,2,0.683846,0.998468
make_yourself,2,1.000000,0.996875
malabsorption,2,1.000000,0.998663
maladie,2,1.000000,0.999500
malaise,2,1.000000,0.999237
male,2,1.000000,0.997989
malfunction,2,1.000000,0.996718
malfunction_les,2,1.000000,0.999369
malign,2,1.000000,0.998529
mall,2,1.000000,0.998400
malnourish,2,1.000000,0.998754
malnutrition,2,1.000000,0.999050
manchester,2,1.000000,0.991634
maneuver,2,1.000000,0.994974
maniac,2,1.000000,0.998845
manipulate,2,1.000000,0.995274
manitoba,2,1.000000,0.998721
manometer,2,1.000000,0.999214
manometry,2,1.000000,0.994818
manometry_and_barium,2,1.000000,0.994746
manometry_ph,2,1.000000,0.997319
manometry_show,2,1.000000,0.997675
manometry_study,2,1.000000,0.996777
manometry_test,2,1.000000,0.994771
mantra,2,1.000000,0.999474
manual,2,1.000000,0.995906
manual_open,2,0.902743,0.997004
many_aspect,2,1.000000,0.998936
march,2,1.000000,0.993268
march_2023,2,1.000000,0.997891
marfan,2,1.000000,0.998888
marijuana,2,1.000000,0.996965
marine,2,1.000000,0.999073
marino,2,1.000000,0.998862
mark,2,1.000000,0.996083
mark_fritz,2,1.000000,0.995754
mark_rafferty,2,1.000000,0.994582
marker,2,1.000000,0.998562
marry,2,1.000000,0.998668
martini,2,1.000000,0.995121
mash_potato,2,1.000000,0.990398
massage,2,1.000000,0.994905
massage_gun,2,1.000000,0.999198
massage_therapist,2,1.000000,0.999554
massive_amount,2,1.000000,0.997116
massive_belch,2,1.000000,0.999118
massive_difference,0,1.000000,0.999999
mast_cell,2,1.000000,0.998701
material,2,1.000000,0.996817
maternity,2,1.000000,0.999555
matter_of_fact,2,1.000000,0.998923
maybe_once,1,0.374247,0.999984
maybe_once_or_twice,1,0.589025,0.999992
maybe_twice,1,0.275940,0.999973
mayo_clinic,2,1.000000,0.994282
mcas,2,1.000000,0.998225
mdma,2,1.000000,0.999412
mds,2,1.000000,0.996390
meal,2,1.000000,0.991930
meal_replacement_shake,2,1.000000,0.991074
meander,2,1.000000,0.995074
meaningless,2,1.000000,0.999515
meantime,2,1.000000,0.991733
meat,2,1.000000,0.990685
meat_and_dairy,2,1.000000,0.995244
mechanical,2,1.000000,0.998154
mechanism,2,1.000000,0.996310
mechanism_of_action,2,1.000000,0.995938
medicaid,2,1.000000,0.989822
medical_background,2,1.000000,0.999106
medical_bankruptcy,2,1.000000,0.995803
medical_bill,2,1.000000,0.991612
medical_care,2,1.000000,0.991533
medical_community,2,1.000000,0.994984
medical_condition,2,1.000000,0.997804
medical_expertise,2,1.000000,0.998611
medical_field,2,1.000000,0.998740
medical_history,2,0.717680,0.995425
medical_issue,2,1.000000,0.997847
medical_journal,2,1.000000,0.995384
medical_name,2,1.000000,0.998464
medical_necessary,2,1.000000,0.990222
medical_paper,2,1.000000,0.995955
medical_professional,2,1.000000,0.994939
medical_setting,2,1.000000,0.999193
medical_staff,2,1.000000,0.997224
medical_study,2,1.000000,0.998226
medical_test,2,1.000000,0.997816
medical_world,2,1.000000,0.998197
medicare,2,1.000000,0.990182
medicate,2,1.000000,0.992832
medication,2,1.000000,0.992431
medicinal,2,1.000000,0.999451
medicine,2,1.000000,0.992984
meditation,2,1.000000,0.995943
medium_size,2,1.000000,0.997979
meet,2,1.000000,0.992432
meet_anyone,2,1.000000,0.998969
meeting,2,1.000000,0.992807
mega_post,2,1.000000,0.997906
megathread,2,1.000000,0.997095
meh,2,1.000000,0.999120
mellow_out,2,1.000000,0.999120
melodramatic,2,1.000000,0.999366
melt,2,1.000000,0.991767
meltdown,2,1.000000,0.998622
membrane,2,1.000000,0.999301
memory,2,1.000000,0.997674
menopause,2,1.000000,0.998826
menstrual,2,1.000000,0.999332
menstrual_cycle,2,1.000000,0.999466
mental,2,1.000000,0.998435
mental_and_physical,2,1.000000,0.999772
mental_block,2,1.000000,0.999228
mental_component,2,1.000000,0.999163
mental_health,2,1.000000,0.999048
mental_state,2,1.000000,0.999260
menthol,2,1.000000,0.993745
mention_this_subreddit,2,1.000000,0.997644
mere,2,1.000000,0.999515
mess,2,1.000000,0.997649
mess_up,2,0.694615,0.998667
metabolic,2,1.000000,0.998977
metabolism,2,1.000000,0.995216
metal,2,1.000000,0.997286
metallic_taste,2,1.000000,0.997479
metamucil,2,1.000000,0.995980
methane,2,1.000000,0.997473
methane_sibo,2,1.000000,0.997823
method,2,1.000000,0.995229
metoclopramide,2,1.000000,0.994676
mi_jin_yoo,2,1.000000,0.996642
miami,2,1.000000,0.997070
michael,2,1.000000,0.997614
michael_learner,2,1.000000,0.995458
michigan,2,1.000000,0.992933
micro,2,1.000000,0.997193
micro_burp,2,1.000000,0.997193
micro_burp_but,2,1.000000,0.997393
micro_burp_start,2,1.000000,0.996511
micro_burp_today,2,0.809704,0.998298
micro_burp_when,2,1.000000,0.997853
micro_burp_which,2,0.776474,0.999098
micro_burp_yesterday,2,0.813414,0.998254
micro_vibration,2,1.000000,0.997372
microbiome,2,1.000000,0.998228
microburp,2,1.000000,0.997212
mid_20s,2,1.000000,0.998081
mid_30s,2,1.000000,0.998239
mid_july,2,1.000000,0.994608
mid_late_twenties,2,1.000000,0.999585
mid_morning,2,1.000000,0.998128
mid_sentence,2,1.000000,0.998017
mid_september,2,1.000000,0.995404
mid_teen,2,1.000000,0.999451
mid_twenties,2,1.000000,0.999226
middle_finger,2,1.000000,0.996042
midsection,2,1.000000,0.997587
midtown,2,1.000000,0.995503
midway,2,1.000000,0.999713
midwest_center_for_day,2,1.000000,0.994922
midwest_surgery_center,2,1.000000,0.995104
migraine,2,1.000000,0.997880
migration,2,1.000000,0.998450
mike,2,1.000000,0.997444
mild,2,0.910875,0.998510
mild_case,2,1.000000,0.998510
mild_cold,2,1.000000,0.998425
mild_discomfort,2,1.000000,0.999433
mild_form,2,1.000000,0.999201
mild_side_effect,2,1.000000,0.998227
mild_sore,2,1.000000,0.996526
mild_version,2,1.000000,0.999216
milk,2,1.000000,0.991192
milkshake,2,1.000000,0.990565
million_time_worse,2,1.000000,0.999604
mimosa,2,1.000000,0.995223
mind_blow,2,1.000000,0.997508
mind_share,2,1.000000,0.997030
mindfulness,2,1.000000,0.996056
mineral,2,1.000000,0.995589
mini,2,1.000000,0.997362
mini_burp,2,1.000000,0.997145
miniature,2,1.000000,0.999395
minimal_invasive,2,1.000000,0.996504
minimal_side_effect,2,1.000000,0.998087
minor,2,0.976422,0.998596
minor_inconvenience,2,1.000000,0.999372
minor_slow,2,1.000000,0.994568
minor_sore,2,1.000000,0.996561
mint,2,1.000000,0.991523
mint_tea,2,1.000000,0.992576
minty,2,1.000000,0.993433
miracle,2,1.000000,0.996019
miracle_cure,2,1.000000,0.999393
miralax,2,1.000000,0.994579
mirror,2,1.000000,0.995386
mirtazapine,2,1.000000,0.995693
misbehave,2,1.000000,0.999030
misdiagnose,2,1.000000,0.997638
misdiagnose_with_gerd,2,1.000000,0.998506
misdiagnose_with_ibs,2,1.000000,0.999386
misdiagnosis,2,1.000000,0.998049
miserable,2,1.000000,0.997311
misery,2,1.000000,0.998274
misinformation,2,1.000000,0.998788
misleading,2,1.000000,0.998154
misophonia,2,1.000000,0.999377
miss_out,2,0.914235,0.998913
mitigation,2,1.000000,0.995759
mix_drink,2,1.000000,0.991721
mix_of_both,2,1.000000,0.999043
mixer,2,1.000000,0.992096
mob_mentality,2,1.000000,0.999491
mobility,2,1.000000,0.998562
mock,2,1.000000,0.999048
moderate,2,1.000000,0.998758
modify,2,1.000000,0.996639
modify_barium_swallow,2,1.000000,0.994848
molar,2,1.000000,0.998133
mom,2,1.000000,0.997707
moncton,2,1.000000,0.996179
monday,2,1.000000,0.993696
monday_morning,2,1.000000,0.994494
mondino,2,1.000000,0.996506
monster,2,1.000000,0.997631
montana,2,1.000000,0.999119
month_post_op,2,0.957239,0.997750
month_pregnant,2,1.000000,0.998849
monthly,2,1.000000,0.991472
moo,2,1.000000,0.999134
moon,2,1.000000,0.999378
more_accurate,2,1.000000,0.994444
more_comfortable,2,0.819341,0.998873
more_common,2,1.000000,0.998187
more_complex,2,1.000000,0.999004
more_confident,2,1.000000,0.998591
more_consistent,2,0.773889,0.997134
more_discreet,2,1.000000,0.999268
more_effort,2,1.000000,0.995902
more_energy,2,1.000000,0.999350
more_expensive,2,1.000000,0.992636
more_frequent,2,1.000000,0.997396
more_frequently,2,1.000000,0.997376
more_information,2,1.000000,0.995368
more_intense,2,1.000000,0.998442
more_invasive,2,1.000000,0.995471
more_likely,2,1.000000,0.998281
more_often,2,1.000000,0.997314
more_power,2,0.938626,0.998912
more_pressure_knot,2,1.000000,0.997082
more_prevalent,2,1.000000,0.999705
more_prominent,2,0.987874,0.999645
more_prone,2,1.000000,0.998413
more_sensitive,2,0.989473,0.998607
more_social_acceptable,2,1.000000,0.999060
mortify,2,1.000000,0.997782
moscaritolo,2,1.000000,0.996906
most_gps,2,1.000000,0.998124
most_likely,2,1.000000,0.997373
most_of_us,2,1.000000,0.998408
most_part,2,1.000000,0.998052
most_people,2,1.000000,0.998618
mother,2,1.000000,0.997735
motility,2,1.000000,0.997682
motility_disorder,2,1.000000,0.998667
motility_issue,2,1.000000,0.998088
motility_test,2,1.000000,0.994843
motilium,2,1.000000,0.994054
motion,2,1.000000,0.995080
motion_sick,2,1.000000,0.999246
motion_sickness,2,1.000000,0.998695
motivate,2,1.000000,0.996728
motor,2,1.000000,0.997865
motrin,2,1.000000,0.993430
mountain,2,1.000000,0.998109
mouth,2,1.000000,0.995520
mouth_breathe,2,1.000000,0.998371
mouth_close,2,0.933584,0.997623
mouth_open,2,1.000000,0.995139
mouth_shut,2,1.000000,0.999082
mouthful,2,1.000000,0.991124
mouthful_of_food,2,1.000000,0.995150
mouthful_of_water,2,1.000000,0.993608
mouthguard,2,0.989038,0.998908
mouthwash,2,1.000000,0.994223
move,2,1.000000,0.994086
move_around,2,1.000000,0.995640
move_down,2,1.000000,0.995673
movement,2,1.000000,0.994864
mr,2,1.000000,0.992750
mr_karagama,2,1.000000,0.992640
mr_karagama_at_bmi_blackheath,2,1.000000,0.997796
mr_mulla,2,1.000000,0.995085
mr_omar,2,1.000000,0.999107
mr_yakubu_karagama,2,1.000000,0.995210
mri,2,1.000000,0.995345
ms_hicklin,2,1.000000,0.992723
ms_lucy_hicklin_in_london,2,1.000000,0.996573
mthfr,2,1.000000,0.999509
much_better,2,0.770669,0.998861
much_cheap,2,1.000000,0.993875
much_less,2,1.000000,0.998647
much_more_comfortable,2,1.000000,0.999501
much_sense,0,1.000000,0.999997
much_worse,2,1.000000,0.997775
mucinex,2,1.000000,0.994482
mucosa,2,1.000000,0.998917
mucous,2,1.000000,0.997687
mucus,2,1.000000,0.997444
mucus_phlegm,2,1.000000,0.999420
mucus_production,2,1.000000,0.998984
mucus_stuck,2,1.000000,0.996706
mucusy,2,1.000000,0.997155
mulla,2,1.000000,0.997519
multiple_dose,2,1.000000,0.996462
multiple_injection,2,1.000000,0.996290
multiple_round,2,1.000000,0.996723
multivitamin,2,1.000000,0.995982
mum,2,1.000000,0.994309
muscle,2,1.000000,0.995764
muscle_memory,2,1.000000,0.995818
muscle_relaxant,2,1.000000,0.994882
muscle_relaxation,2,1.000000,0.999285
muscle_responsible,2,1.000000,0.996763
muscle_tension,2,1.000000,0.997995
muscle_tension_dysphonia,2,1.000000,0.998527
muscle_tone,2,1.000000,0.998409
muscle_weakness,2,1.000000,0.999668
mush,2,1.000000,0.994457
mushy,2,1.000000,0.992806
musician,2,1.000000,0.999699
my_20s,2,1.000000,0.997997
my_30s,2,1.000000,0.998110
my_40s,2,1.000000,0.998483
my_abdomen,2,1.000000,0.995895
my_armpit,2,1.000000,0.996471
my_aunt,2,1.000000,0.997919
my_bf,2,1.000000,0.997420
my_body,2,1.000000,0.995851
my_boyfriend,2,1.000000,0.997404
my_brother,2,1.000000,0.997616
my_chest,2,1.000000,0.996043
my_chin,2,1.000000,0.994152
my_dad,2,1.000000,0.997604
my_daughter,2,1.000000,0.997849
my_deductible,2,1.000000,0.990831
my_family,2,1.000000,0.997600
my_gag_reflex,2,1.000000,0.996656
my_girlfriend,2,1.000000,0.997363
my_gp,2,1.000000,0.992398
my_head,2,1.000000,0.994057
my_husband,2,1.000000,0.997407
my_life,2,1.000000,0.997876
my_lung,2,1.000000,0.995692
my_mouth,2,1.000000,0.995931
my_own,2,1.000000,0.996384
my_partner,2,1.000000,0.997397
my_pcp,2,1.000000,0.992646
my_profile,2,1.000000,0.996011
my_r_cpd,2,1.000000,0.997807
my_rib_cage,2,1.000000,0.996390
my_second_trimester,2,1.000000,0.999316
my_shoulder_blade,2,1.000000,0.997073
my_sternum,2,1.000000,0.996130
my_throat,2,1.000000,0.995907
my_tongue,2,1.000000,0.995150
my_tooth,2,1.000000,0.995957
my_torso,2,1.000000,0.994537
my_uncle,2,1.000000,0.998458
my_vocal_chord,2,1.000000,0.996955
my_vocal_cord,2,1.000000,0.997188
myalgia,2,1.000000,0.999708
mylanta,2,1.000000,0.994536
myotomy,2,1.000000,0.994944
myself_include,2,1.000000,0.998660
mystery,2,1.000000,0.998005
nacho,2,1.000000,0.995709
nail,2,1.000000,0.996676
name,2,1.000000,0.994949
namely,2,1.000000,0.998912
nap,2,1.000000,0.997966
narcissist,2,1.000000,0.999289
narrow,2,1.000000,0.996599
nasal,2,1.000000,0.997692
nasal_breathe,2,1.000000,0.997192
nasal_cavity,2,1.000000,0.998484
nasal_congestion,2,0.856030,0.999396
nasal_drip,2,0.901956,0.999288
nasal_endoscopy,-1,0.000000,nan
nasal_passage,2,1.000000,0.997660
nasal_scope,-1,0.000000,nan
nasal_spray,2,1.000000,0.993828
nasty,2,1.000000,0.997541
nathan,2,1.000000,0.999103
native_english_speaker,2,1.000000,0.998124
natural,2,1.000000,0.995790
naturopath,2,1.000000,0.994295
naturopathic,2,1.000000,0.999309
nausea,2,1.000000,0.997450
nauseate,2,1.000000,0.997334
nauseate_daily,2,1.000000,0.999726
nauseous,2,1.000000,0.997316
nauzene,2,1.000000,0.995067
navel,2,1.000000,0.999232
naw,2,1.000000,0.999439
nbs,2,1.000000,0.999224
nc,2,1.000000,0.991751
near_constant,2,1.000000,0.998477
nearly_as_bad,2,1.000000,0.998786
neck,2,1.000000,0.994781
neck_and_shoulder,2,1.000000,0.996807
neck_area,2,1.000000,0.996653
neck_crunch,2,1.000000,0.997635
neck_exercise,2,1.000000,0.995286
neck_forward,2,1.000000,0.994114
neck_jaw,2,1.000000,0.996490
neck_massage,2,1.000000,0.995627
neck_movement,2,1.000000,0.995075
neck_muscle,2,1.000000,0.995176
neck_position,2,1.000000,0.994784
neck_posture,2,1.000000,0.996675
neck_shoulder,2,1.000000,0.996472
neck_strengthen,2,1.000000,0.995943
neck_stretch,2,1.000000,0.995286
neck_upwards,2,1.000000,0.995287
needle_through,2,1.000000,0.994498
negate,2,1.000000,0.999069
negate_affect,2,1.000000,0.999111
negative_effect,2,1.000000,0.997878
negative_experience,2,1.000000,0.997461
negative_pral,2,1.000000,0.995582
negative_reaction,2,1.000000,0.999536
negative_review,2,1.000000,0.997622
negative_side_effect,2,1.000000,0.998127
negligible,2,1.000000,0.999775
negotiate,2,1.000000,0.991893
negroni,2,1.000000,0.995184
nerd,2,1.000000,0.999446
nerva,2,0.894915,0.997432
nerve,2,1.000000,0.996913
nerve_damage,2,1.000000,0.998571
nerve_rack,2,1.000000,0.999115
nerve_wrack,2,1.000000,0.999208
nervous,2,1.000000,0.998278
nervous_about,2,1.000000,0.998341
nervous_system,2,1.000000,0.997817
netherlands,2,1.000000,0.991427
network,2,1.000000,0.990672
neural,2,1.000000,0.997609
neurodivergent,2,1.000000,0.999177
neurological,2,0.923938,0.997655
neurological_disorder,2,1.000000,0.998928
neurological_dysfunction,2,1.000000,0.999112
neurological_function,2,1.000000,0.997726
neurological_issue,2,1.000000,0.998577
neurological_problem,2,1.000000,0.998473
neurologist,2,1.000000,0.994696
neuromuscular,2,1.000000,0.998815
neuropathic,2,1.000000,0.999608
neutral_position,2,1.000000,0.993842
neutralize,2,1.000000,0.996711
never_bother,2,1.000000,0.997986
never_meet,2,1.000000,0.997193
new_burper,2,1.000000,0.998227
new_here,2,1.000000,0.996517
new_jersey,2,1.000000,0.995180
new_lease,2,1.000000,0.998796
new_member,2,1.000000,0.997646
new_sensation,2,1.000000,0.997435
new_to_reddit,2,1.000000,0.997284
new_to_this_community,2,1.000000,0.997618
new_to_this_group,2,1.000000,0.997589
new_to_this_sub,2,1.000000,0.997521
new_york,2,1.000000,0.992451
new_zealand,2,1.000000,0.993073
newbie,2,1.000000,0.997688
newcomer,2,1.000000,0.997522
news,2,1.000000,0.996065
news_article,2,1.000000,0.997241
nexium,2,1.000000,0.992329
next_available,2,1.000000,0.994767
next_few_week,2,1.000000,0.996836
next_morning,2,1.000000,0.997867
next_thursday,2,1.000000,0.997680
next_wednesday,2,1.000000,0.994497
next_weekend,2,1.000000,0.998949
nhs,2,1.000000,0.990911
nhs_gp,2,1.000000,0.995258
nhs_referral,2,1.000000,0.991812
nhs_route,2,1.000000,0.993451
niacin,2,1.000000,0.995611
nice,2,1.000000,0.996893
nice_to_hear,2,1.000000,0.996872
nickname,2,1.000000,0.998285
nicotine,2,1.000000,0.995877
nightly,2,1.000000,0.999235
nightmare,2,1.000000,0.997766
nightshade,2,1.000000,0.994151
nineteenth,2,1.000000,0.993790
ninth,2,1.000000,0.993919
nipple,2,1.000000,0.998614
nissen_fundoplication,2,1.000000,0.999034
nitric_oxide,2,0.730786,0.998435
nitro,2,1.000000,0.994605
nitro_beer,2,1.000000,0.994291
no_anesthetic,2,1.000000,0.994724
no_avail,2,1.000000,0.994241
no_burpee,2,1.000000,0.999081
no_burper,2,1.000000,0.997917
no_offense,2,1.000000,0.998116
no_regret,2,1.000000,0.995984
no_sense,0,1.000000,0.999998
nobody_else,2,1.000000,0.998727
noburp,2,1.000000,0.997557
noburp_community,2,1.000000,0.997088
noburp_org,2,1.000000,0.995178
noburp_wiki,2,1.000000,0.995193
noburper,2,1.000000,0.997937
nocturnal,2,1.000000,0.999059
node,2,1.000000,0.999434
nodule,2,1.000000,0.998499
noise,2,1.000000,0.997113
noisy,2,1.000000,0.997317
noisy_breathe,2,1.000000,0.998985
non_burper,2,1.000000,0.997924
non_carbonate,2,1.000000,0.991152
non_invasive,2,1.000000,0.998298
non_stop,2,1.000000,0.997166
non_surgical,2,1.000000,0.998145
nonburper,2,1.000000,0.997843
none_of_us,2,1.000000,0.999006
nonstop,2,1.000000,0.997162
nonstop_gurgle,2,1.000000,0.999246
noodle,2,1.000000,0.990980
normal_burper,2,1.000000,0.997205
normal_population,2,1.000000,0.999164
norovirus,2,1.000000,0.998283
north_east,2,1.000000,0.997487
northeast,2,1.000000,0.998630
northern,2,1.000000,0.992421
northern_california,2,1.000000,0.993054
northwest,2,1.000000,0.996947
nortriptyline,2,1.000000,0.995855
norwegian,2,1.000000,0.997934
nose,2,1.000000,0.997102
nose_and_down,2,1.000000,0.997090
nose_spray,2,1.000000,0.998918
nostril,2,1.000000,0.997412
not_alone,2,1.000000,0.996418
not_life_threaten,2,1.000000,0.999278
nothing_major,2,1.000000,0.998785
nothing_unbearable,2,1.000000,0.999364
nothing_unmanageable,2,1.000000,0.999813
nothing_wrong,2,1.000000,0.993021
nova_scotia,2,1.000000,0.993486
novel_2023,2,1.000000,0.998326
november_2023,2,1.000000,0.996369
nowhere_near,2,1.000000,0.999507
nowhere_to_go,2,1.000000,0.996147
nsaid,2,1.000000,0.995269
nsw,2,1.000000,0.998294
nuance,2,1.000000,0.999589
numb,2,1.000000,0.997375
numb_agent,2,1.000000,0.997576
numb_spray,2,1.000000,0.997335
numb_stuff,2,1.000000,0.997644
number_of_people,2,1.000000,0.996496
nurse,2,1.000000,0.997830
nurse_practitioner,2,1.000000,0.996663
nutrient,2,1.000000,0.993749
nutrient_absorption,2,1.000000,0.998652
nutrient_deficiency,2,1.000000,0.998476
nutritionist,2,1.000000,0.994437
nux_vomica,2,1.000000,0.999227
ny,2,1.000000,0.992016
oat,2,1.000000,0.991812
oat_milk,2,1.000000,0.994167
oatmeal,2,1.000000,0.990396
obese,2,1.000000,0.999283
object,2,1.000000,0.995774
obnoxious,2,1.000000,0.997519
obnoxious_loud,2,1.000000,0.998711
observant,2,1.000000,0.999566
observe,2,1.000000,0.997315
observer,2,1.000000,0.999387
obsolete,2,1.000000,0.999321
obstruct,2,1.000000,0.998971
obstruction,2,1.000000,0.997901
occasion,2,1.000000,0.998114
occasion_where,2,1.000000,0.997863
occasional,2,1.000000,0.997423
occasional_micro,2,1.000000,0.999382
occasional_microburp,2,1.000000,0.999815
occasional_regurgitation,2,1.000000,0.999067
occasionally,2,1.000000,0.997215
occur,2,1.000000,0.998252
occurrence,2,1.000000,0.999303
ocd,2,1.000000,0.998698
oct,2,1.000000,0.994435
oct_3,2,1.000000,0.996198
octave,2,0.977954,0.999749
october_2021,2,1.000000,0.999427
october_23,2,1.000000,0.998482
october_super_nervous,2,1.000000,0.998744
odd,2,1.000000,0.997831
odd_noise,2,1.000000,0.998756
odell_at_usc,2,1.000000,0.997960
odor,2,0.757872,0.999031
odorless,2,1.000000,0.999123
off_topic,2,1.000000,0.997656
office,2,1.000000,0.993661
office_awake,2,1.000000,0.994974
office_injection,2,1.000000,0.993733
office_procedure,2,1.000000,0.993664
office_version,2,1.000000,0.994763
office_visit,2,1.000000,0.992751
office_with_lucy_hicklin,2,1.000000,0.995665
official_diagnose,2,0.774689,0.998297
official_name,2,1.000000,0.997860
often_lead,2,1.000000,0.999364
oftentimes,2,1.000000,0.999667
oh_bless,2,1.000000,0.999086
oh_boy,2,1.000000,0.998750
oh_god,2,1.000000,0.997842
oh_interest,2,1.000000,0.998685
oh_man,2,1.000000,0.997559
oh_ok,2,1.000000,0.998069
oh_wow,2,1.000000,0.996641
ohio,2,1.000000,0.992833
ohip,2,1.000000,0.990489
ohsu_in_portland,2,1.000000,0.997077
oily,2,1.000000,0.992725
old,2,1.000000,0.998221
old_fashion,2,1.000000,0.995759
old_female,2,1.000000,0.998010
old_male,2,1.000000,0.997928
old_man,2,1.000000,0.998414
old_patient,2,1.000000,0.996054
olive,2,1.000000,0.995855
olive_oil,2,1.000000,0.993464
olly,2,1.000000,0.999240
omeprazol,2,1.000000,0.995541
omeprazole,2,1.000000,0.992256
omeprazole_prilosec,2,1.000000,0.995196
omg,2,1.000000,0.997364
omg_yes,2,1.000000,0.998863
omit,2,1.000000,0.996868
once_every,1,0.383847,0.999985
once_or_twice,1,0.517480,0.999990
ondansetron,2,1.000000,0.993337
ongoing,2,1.000000,0.998415
onion,2,1.000000,0.991737
onion_and_garlic,2,1.000000,0.994148
onion_garlic,2,1.000000,0.992979
online,2,1.000000,0.994918
onset,2,1.000000,0.998794
ontario,2,1.000000,0.991784
onto_something,2,1.000000,0.998947
ooo,2,1.000000,0.998158
oooh,2,1.000000,0.998734
ooze,2,1.000000,0.998583
open,2,1.000000,0.995454
open_letter,2,1.000000,0.994930
open_mind,2,1.000000,0.994028
open_up,2,1.000000,0.995401
open_your_mouth,2,1.000000,0.994986
opera,2,1.000000,0.999930
operate_room,2,1.000000,0.994157
operation,2,1.000000,0.992928
operation_room,2,1.000000,0.999061
opioid,2,1.000000,0.999520
opt,2,1.000000,0.993615
optimistic,2,1.000000,0.996107
orange_juice,2,1.000000,0.991916
org_uk,2,1.000000,0.996258
organ,2,1.000000,0.996654
organ_distortion,2,1.000000,0.998437
organism,2,1.000000,0.999549
organization,2,1.000000,0.997579
orient,2,1.000000,0.999055
original_comment,2,1.000000,0.998818
original_literature_suggest,2,1.000000,0.997177
original_paper,2,1.000000,0.996939
original_post,2,1.000000,0.996281
original_research_paper,2,1.000000,0.995340
originate,2,1.000000,0.994236
orourke,2,1.000000,0.997307
osteopath,2,1.000000,0.997958
osteoporosis,2,1.000000,0.999032
otc,2,1.000000,0.992565
otc_medication,2,1.000000,0.994489
otc_medicine,2,1.000000,0.995263
other_country,2,1.000000,0.994018
other_end,2,1.000000,0.996225
other_factor,2,1.000000,0.998583
other_health,2,1.000000,0.998737
other_no_burper,2,1.000000,0.998608
other_noburper,2,1.000000,0.998994
other_option,2,1.000000,0.992398
other_organ,2,1.000000,0.997814
other_user,2,1.000000,0.997953
oto_open,2,1.000000,0.997346
otolaryngologist,2,1.000000,0.992891
otolaryngology,2,1.000000,0.993447
our_body,2,1.000000,0.996305
our_condition,2,1.000000,0.995578
our_cricopharyngeus,2,1.000000,0.997228
our_digestive_system,2,1.000000,0.998930
our_esophagus,2,1.000000,0.996055
our_intestine,2,1.000000,0.996916
our_parent,2,1.000000,0.998737
our_society,2,1.000000,0.999334
our_ues,2,1.000000,0.996686
out_of_network,2,1.000000,0.990436
outbreak,2,1.000000,0.998430
outgrow,2,1.000000,0.999366
outing,2,1.000000,0.998203
outline,2,1.000000,0.995497
outlook,2,1.000000,0.998007
outpatient,2,1.000000,0.994009
outpatient_procedure,2,1.000000,0.993530
outright,2,1.000000,0.997934
outstanding,2,1.000000,0.997266
outward,2,1.000000,0.996580
outwards,2,1.000000,0.995566
ovarian_cyst,2,1.000000,0.999081
over_40,2,1.000000,0.999207
over_zoom,2,1.000000,0.997869
overactive,2,1.000000,0.997623
overall,2,1.000000,0.998848
overate,2,1.000000,0.998933
overblown,2,1.000000,0.999472
overcome,2,1.000000,0.998680
overcompensate,2,1.000000,0.998740
overeat,2,1.000000,0.992226
overeating,2,1.000000,0.992033
overgrowth,2,1.000000,0.998373
overhead_press,2,1.000000,0.997371
overjoy,2,1.000000,0.997662
overload,2,1.000000,0.996070
overlook,2,1.000000,0.999059
overly_tight,2,1.000000,0.997123
overnight,2,0.989728,0.996303
overpower,2,1.000000,0.999612
overpriced,2,1.000000,0.999210
override,2,1.000000,0.999348
oversee,2,1.000000,0.999627
oversized,2,1.000000,0.999206
overthink,2,1.000000,0.997585
overturn,2,1.000000,0.997587
overweight,2,1.000000,0.999170
overwhelm,2,1.000000,0.997013
own_fault,2,0.901828,0.998015
own_saliva,2,1.000000,0.994035
own_spit,2,1.000000,0.994273
own_wedding,2,1.000000,0.997343
oxygen_mask,2,1.000000,0.998433
p_0,2,1.000000,0.998799
p_s,2,1.000000,0.996642
pack,2,1.000000,0.991647
paddle_in_melbourne,2,1.000000,0.994510
page,2,1.000000,0.994757
pain,2,1.000000,0.997267
pain_hiccup,2,1.000000,0.997367
pain_killer,2,1.000000,0.993697
pain_threshold,2,0.915331,0.999344
painkiller,2,1.000000,0.993586
painless,2,1.000000,0.994687
pajama,2,1.000000,0.999164
palate,2,1.000000,0.996473
pale,2,1.000000,0.999767
paleo,2,1.000000,0.994899
palp,2,1.000000,0.999485
palpitation,2,1.000000,0.997760
pam,2,1.000000,0.998781
pancreas,2,1.000000,0.998892
panel,2,1.000000,0.996906
panic,2,1.000000,0.997857
panic_attack,2,1.000000,0.998262
panic_disorder,2,1.000000,0.998831
panic_induce,2,1.000000,0.999554
panicky,2,0.786075,0.998963
pantoprazole,2,1.000000,0.992476
pantoprazole_40mg,2,1.000000,0.997546
pants,2,1.000000,0.998197
pants_fit,2,1.000000,0.999076
paper,2,1.000000,0.994950
paperwork,2,1.000000,0.993602
paracetamol,2,1.000000,0.993582
paradox,2,1.000000,0.999272
paralyze,2,1.000000,0.996113
paranoia,2,1.000000,0.999671
paranoid,2,1.000000,0.998294
paranoid_about,2,1.000000,0.999636
parasite,2,1.000000,0.998697
parking,2,1.000000,0.998898
parkside,2,1.000000,0.992846
parkside_hospital,2,1.000000,0.994489
parkside_hospital_in_wimbledon,2,1.000000,0.996410
parliament,2,1.000000,0.997775
parole,2,1.000000,0.999187
part,2,1.000000,0.996195
partake,2,1.000000,0.996497
partial_cricopharyngeal_myotomy,2,1.000000,0.996974
partial_myotomy,2,1.000000,0.996357
partially_paralyze,2,1.000000,0.996274
participate,2,1.000000,0.995700
particular_bad,2,1.000000,0.997820
partly,2,1.000000,0.998178
partway,2,1.000000,0.999404
party,2,1.000000,0.995653
party_trick,2,1.000000,0.997843
pas_si,2,1.000000,0.999179
pass_gas,2,0.878373,0.997021
pass_out,2,1.000000,0.997424
pass_stool,2,1.000000,0.999089
pass_through,2,1.000000,0.995621
passenger,2,1.000000,0.997054
past,1,0.080605,0.999755
past_couple,1,0.788084,0.999995
past_few,1,0.772530,0.999994
past_two,1,0.887041,0.999996
pasta,2,1.000000,0.990498
pastry,2,1.000000,0.994019
pat,2,1.000000,0.994780
patch,2,1.000000,0.994238
pathetic,2,1.000000,0.998903
pathology,2,1.000000,0.998303
pathophysiology,2,1.000000,0.998810
pathway,2,1.000000,0.996428
patient_for_whom,2,1.000000,0.997127
patient_receive_50u,2,1.000000,0.997789
patient_who,2,1.000000,0.995209
patient_with_r_cpd,2,1.000000,0.998496
paul,2,1.000000,0.994715
pause,2,1.000000,0.995854
pavia,2,1.000000,0.994737
pay,2,1.000000,0.990299
pay_200,2,1.000000,0.993316
pay_600,2,1.000000,0.993136
pay_cash,2,1.000000,0.999119
pay_out_of_pocket,2,1.000000,0.990247
pay_outright,2,1.000000,0.998172
payment,2,1.000000,0.991217
pca_muscle,2,0.971165,0.997669
pcos,2,1.000000,0.998621
pcp,2,1.000000,0.992996
pea,2,1.000000,0.995321
peak,2,1.000000,0.996389
peak_at_1_2_week,2,1.000000,0.998179
peak_effect,2,1.000000,0.998006
peanut_butter,2,1.000000,0.990904
pectoral,2,1.000000,0.999060
pectus_excavatum,2,1.000000,0.999616
peculiar,2,1.000000,0.998988
pediatric,2,1.000000,0.994262
pediatrics,2,1.000000,0.997110
pee,2,0.854938,0.997758
peer_review,2,1.000000,0.996458
peer_review_paper,2,1.000000,0.996666
peer_review_study,2,1.000000,0.997226
peer_to_peer,2,1.000000,0.992447
pellegrino,2,1.000000,0.995369
pelvic,2,1.000000,0.998484
pelvic_floor,2,1.000000,0.996923
pelvic_floor_dysfunction,2,1.000000,0.998101
pelvic_floor_issue,2,1.000000,0.998480
pelvic_floor_muscle,2,1.000000,0.997926
pelvic_tilt,2,1.000000,0.998891
pelvis,2,1.000000,0.995991
penetration,2,1.000000,0.998992
people_with_r_cpd,2,1.000000,0.998102
pepcid,2,1.000000,0.992356
pepcid_ac,2,1.000000,0.994620
peppermint,2,1.000000,0.993498
peppermint_oil,2,1.000000,0.993849
peppermint_oil_capsule,2,1.000000,0.995541
peppermint_tea,2,1.000000,0.992281
pepsi,2,1.000000,0.991577
pepto,2,1.000000,0.993250
pepto_bismol,2,1.000000,0.993627
perceive,2,1.000000,0.999601
percentage,2,1.000000,0.997201
perfect_sense,0,0.966586,0.999998
perform,2,1.000000,0.994032
performance_anxiety,2,1.000000,0.999638
period_of_time,2,1.000000,0.999623
peristalsis,2,1.000000,0.997358
peristaltic_motion,2,1.000000,0.997408
permanence,2,1.000000,0.998789
permanent,2,1.000000,0.996595
permanent_cure,2,1.000000,0.995379
permanent_fix,2,1.000000,0.996460
permanent_result,2,1.000000,0.996909
permanent_side_effect,2,1.000000,0.997206
permanent_solution,2,1.000000,0.997075
perpendicular,2,1.000000,0.997276
persist,2,1.000000,0.998464
persistent_cough,2,1.000000,0.998861
personal_experience,2,1.000000,0.996002
personal_theory,2,1.000000,0.998889
personality,2,1.000000,0.999254
peso,2,1.000000,0.999083
pessimistic,2,1.000000,0.997562
petit,2,1.000000,0.999351
petition,2,1.000000,0.993436
petrify,2,1.000000,0.999045
pfd,2,1.000000,0.998505
ph,2,1.000000,0.997851
ph_test,2,1.000000,0.994916
phantom,2,1.000000,0.999292
pharyngeal,2,1.000000,0.997687
pharynx,2,1.000000,0.997449
phazyme,2,1.000000,0.995961
phenergan,2,1.000000,0.999276
phew,2,1.000000,0.998007
phil,2,1.000000,0.998228
philadelphia_pa,2,1.000000,0.997577
philly,2,1.000000,0.992804
philosophy,2,1.000000,0.999225
phlegm,2,1.000000,0.997435
phlegm_stuck,2,1.000000,0.997256
phobia,2,1.000000,0.998291
phobia_of_vomit,2,1.000000,0.998665
phone_appointment,2,1.000000,0.993428
phone_call,2,1.000000,0.992213
phone_consultation,2,1.000000,0.992933
photophobia,2,1.000000,0.999306
php,2,1.000000,0.994494
phrenic_nerve,2,1.000000,0.997797
physical_and_emotional,2,1.000000,0.999265
physical_health,2,1.000000,0.999390
physical_incapable,2,1.000000,0.999215
physical_therapist,2,1.000000,0.997116
physical_therapy,2,1.000000,0.996859
physician,2,1.000000,0.992545
physician_assistant,2,1.000000,0.996513
physics,2,1.000000,0.998592
physio,2,1.000000,0.996399
physiological,2,1.000000,0.998160
physiotherapist,2,1.000000,0.996705
physiotherapy,2,1.000000,0.996496
picky_eater,2,1.000000,0.998659
picture,2,1.000000,0.995234
piece_of_food,2,1.000000,0.993780
piece_together,2,1.000000,0.999050
pilaris,2,1.000000,0.999521
pilates,2,1.000000,0.995795
pilgrimage,2,1.000000,0.997770
pill,2,1.000000,0.992783
pill_stuck,2,1.000000,0.996770
pillow,2,1.000000,0.994062
pillow_under,2,1.000000,0.995395
pinch,2,1.000000,0.995747
pinch_of_salt,2,1.000000,0.994140
pineapple,2,1.000000,0.995166
pink,2,1.000000,0.996084
pinpoint,2,0.899262,0.999219
pint,2,1.000000,0.990919
pitch,2,1.000000,0.999758
pitman_in_nyc,2,1.000000,0.992710
pittsburgh,2,1.000000,0.995634
pizza,2,1.000000,0.990915
placement,2,1.000000,0.994548
plague_by,2,1.000000,0.998991
plain_water,2,1.000000,0.992341
plant,2,1.000000,0.994746
plant_base,2,1.000000,0.993632
plaster,2,1.000000,0.999246
plausible,2,1.000000,0.998662
play_around,2,1.000000,0.994423
play_sport,2,1.000000,0.999023
playful,2,1.000000,0.999045
please_keep,2,1.000000,0.996289
please_keep_us_update,2,1.000000,0.996593
please_tell,2,1.000000,0.996237
pleased,2,1.000000,0.997452
plenty_of_people,2,1.000000,0.997822
plenty_of_us,2,1.000000,0.998862
pneumonia,2,1.000000,0.998733
po,2,1.000000,0.998294
poach,2,1.000000,0.996134
pocket_of_air,2,1.000000,0.996185
polar,2,1.000000,0.997852
police,2,1.000000,0.998898
policy,2,1.000000,0.990220
polite_company,2,1.000000,0.999250
polyp,2,1.000000,0.998058
pool,2,1.000000,0.996303
poop,2,1.000000,0.996958
poor_baby,2,1.000000,0.998455
poor_digestion,2,1.000000,0.998670
poor_posture,2,1.000000,0.998188
poor_thing,2,1.000000,0.997758
poor_tongue_posture,2,1.000000,0.998135
poor_understand,2,1.000000,0.998725
pop,2,1.000000,0.996239
popsicle,2,1.000000,0.990931
population,2,1.000000,0.998406
pork,2,1.000000,0.994634
porridge,2,1.000000,0.990717
portal,2,1.000000,0.994599
portion_size,2,1.000000,0.995587
portland,2,1.000000,0.992550
pose,2,1.000000,0.995347
pose_in_yoga,2,1.000000,0.999573
position,2,1.000000,0.994242
positive,2,1.000000,0.995971
positive_experience,2,1.000000,0.996161
positive_feedback,2,1.000000,0.997724
positive_outcome,2,1.000000,0.997493
positive_response,2,1.000000,0.998141
positivity,2,1.000000,0.998133
possess,2,1.000000,0.998261
possibility,2,1.000000,0.998218
post_botox,2,1.000000,0.996577
post_botox_diary,2,1.000000,0.997058
post_nasal_drip,2,1.000000,0.997999
post_on_this_sub,2,1.000000,0.996409
post_on_this_subreddit,2,1.000000,0.996818
post_op,2,1.000000,0.996677
post_surgery,2,1.000000,0.996879
posterior,2,1.000000,0.998874
postnasal_drip,2,1.000000,0.997945
postpartum,2,1.000000,0.999532
postural,2,1.000000,0.996654
posture,2,1.000000,0.995331
posture_correction,2,1.000000,0.996875
pot,2,1.000000,0.997965
potassium,2,1.000000,0.994730
potato,2,1.000000,0.990657
potato_chip,2,1.000000,0.993839
potato_soup,2,1.000000,0.994050
potential_cause,2,1.000000,0.998307
potential_complication,2,1.000000,0.998949
potential_side_effect,2,1.000000,0.997651
pour,2,1.000000,0.993105
powder,2,1.000000,0.991681
ppi,2,1.000000,0.992416
ppi_medication,2,1.000000,0.994260
ppis,2,1.000000,0.992327
ppis_for_35,2,1.000000,0.999272
ppo,2,1.000000,0.990458
practice,2,1.000000,0.996033
practise,2,1.000000,0.996083
practitioner,2,1.000000,0.993174
pray,2,1.000000,0.995724
pre_authorization,2,1.000000,0.990030
pre_botox,2,1.000000,0.997498
pre_op,2,1.000000,0.994377
pre_op_appointment,2,1.000000,0.994407
pre_op_room,2,1.000000,0.998336
pre_operative,2,1.000000,0.998556
pre_workout,2,1.000000,0.993866
prebiotics,2,1.000000,0.995446
precaution,2,1.000000,0.993902
precede,2,1.000000,0.999392
precision,2,1.000000,0.994653
precursor,2,1.000000,0.999293
predate,2,1.000000,0.999336
predisposed,2,1.000000,0.998457
predominantly,2,1.000000,0.999439
preform,2,1.000000,0.995271
pregnancy,2,1.000000,0.998292
pregnancy_test,2,1.000000,0.998145
pregnant,2,1.000000,0.997912
pregnant_belly,2,1.000000,0.999016
preliminary_appointment,2,1.000000,0.997415
premise,2,1.000000,0.998687
preoccupy,2,1.000000,0.999599
prepare,2,1.000000,0.994665
prepare_room,2,1.000000,0.998232
prescribe,2,1.000000,0.992454
prescribe_omeprazole,2,1.000000,0.994169
prescription,2,1.000000,0.992430
prescription_antacid,2,1.000000,0.994841
present_itself,2,1.000000,0.999481
press,2,1.000000,0.995062
press_against,2,1.000000,0.997345
pressure,2,1.000000,0.996251
pressure_buildup,2,1.000000,0.998866
pressure_inside,2,1.000000,0.997316
pressurize,2,1.000000,0.995784
pretty,2,1.000000,0.998576
pretty_bad,2,1.000000,0.997690
pretty_certain,2,1.000000,0.999214
pretty_common,2,1.000000,0.998323
pretty_confident,2,1.000000,0.999033
pretty_consistent,2,1.000000,0.998361
pretty_frequently,2,1.000000,0.999694
pretty_grim,2,1.000000,0.999466
pretty_intense,2,1.000000,0.999010
pretty_low,2,1.000000,0.997092
pretty_nervous,2,1.000000,0.994945
pretty_quiet,2,1.000000,0.998906
pretty_rare,2,0.831585,0.999342
pretty_rough,2,0.925780,0.998634
pretty_severe,2,1.000000,0.998651
pretty_skinny,2,1.000000,0.999153
pretty_smooth,2,1.000000,0.998031
pretty_sore,2,1.000000,0.996512
pretty_standard,2,0.938403,0.999189
pretty_tough,2,1.000000,0.998637
pretty_universal,2,1.000000,0.999530
pretty_violent,2,1.000000,0.999146
pretzel,2,1.000000,0.994072
prevacid,2,1.000000,0.994416
prevalence,2,1.000000,0.998782
prevalent,2,1.000000,0.999694
prevent,2,0.966046,0.996793
previous_post,2,1.000000,0.995385
price,2,1.000000,0.990416
prick,2,1.000000,0.999129
prilosec,2,1.000000,0.992291
primary_care,2,1.000000,0.993392
primary_care_doc,2,1.000000,0.993371
primary_care_doctor,2,1.000000,0.992849
primary_care_physician,2,1.000000,0.993293
primary_doctor,2,1.000000,0.993001
princess,2,1.000000,0.998839
print,2,1.000000,0.994766
print_off,2,1.000000,0.994836
print_out,2,1.000000,0.994731
print_out_doctor_bastian,2,1.000000,0.994754
printout,2,1.000000,0.994861
prior_to_botox,2,1.000000,0.997893
private,2,1.000000,0.990865
private_clinic,2,1.000000,0.992329
private_health,2,1.000000,0.990129
private_health_care,2,1.000000,0.997941
private_health_insurance,2,1.000000,0.990179
private_healthcare,2,1.000000,0.990395
private_hospital,2,1.000000,0.992393
private_place,2,1.000000,0.997363
privileged,2,1.000000,0.998182
pro_con,2,1.000000,0.996210
pro_outweigh,2,1.000000,0.999446
pro_tip,2,1.000000,0.999508
probability,2,1.000000,0.997326
probe,2,1.000000,0.997359
probiotic,2,1.000000,0.993313
probiotics,2,1.000000,0.993242
problem,2,1.000000,0.997761
procedure,2,1.000000,0.993358
procedure_itself,2,1.000000,0.994152
procedure_with_doctor_bastian,2,1.000000,0.993455
produce_gas,2,1.000000,0.996502
product,2,1.000000,0.993542
production,2,1.000000,0.997350
productive,2,1.000000,0.997457
professional_singer,2,1.000000,0.999688
profound_side_effect,2,1.000000,0.998884
profound_slow_swallow,2,1.000000,0.998942
progress,2,0.935369,0.997603
progress_worse,2,1.000000,0.998238
project,2,1.000000,0.999664
projectile,2,1.000000,0.997205
projection,2,1.000000,0.999838
prolific,2,1.000000,0.998845
prolific_doctor,2,1.000000,0.997015
prom,2,1.000000,0.998706
promise,2,1.000000,0.995733
promote,2,1.000000,0.996682
prone,2,1.000000,0.998682
pronounce,2,1.000000,0.999628
prop_myself_up,2,1.000000,0.994728
prop_up,2,1.000000,0.994079
prop_yourself_up,2,1.000000,0.994972
propel,2,1.000000,0.998865
proper,2,1.000000,0.995867
proper_digest,2,0.993226,0.998031
property,2,1.000000,0.999134
propofol,2,1.000000,0.994521
propose,2,1.000000,0.996079
propranolol,2,1.000000,0.995124
prosecco,2,1.000000,0.992635
protect_mechanism,2,1.000000,0.997531
protein,2,1.000000,0.991441
protein_bar,2,1.000000,0.999299
protein_powder,2,1.000000,0.993424
protein_shake,2,1.000000,0.990338
protocol,2,1.000000,0.996451
proton_pump,2,1.000000,0.992714
protrude,2,1.000000,0.996833
proud,2,1.000000,0.997663
proud_of_myself,2,1.000000,0.997591
prove,2,1.000000,0.994892
prove_otherwise,2,1.000000,0.998748
provide_evidence,2,1.000000,0.997422
provide_relief,2,1.000000,0.997106
provider,2,1.000000,0.992155
provider_list,2,1.000000,0.996497
provider_who,2,1.000000,0.996056
province,2,1.000000,0.991695
psa,2,1.000000,0.998033
psoas,2,1.000000,0.997967
psyche_myself_up,2,1.000000,0.999243
psychiatric,2,1.000000,0.998678
psychiatrist,2,1.000000,0.993607
psycho_somatic,2,1.000000,0.999613
psychological,2,1.000000,0.998065
psychological_issue,2,1.000000,0.998420
psychologist,2,1.000000,0.993572
psychologist_who_specialize_in_medical,2,1.000000,0.999302
psychosomatic,2,1.000000,0.998178
psyllium,2,1.000000,0.995950
psyllium_husk,2,1.000000,0.995199
pt,2,1.000000,0.996763
pterodactyl,2,1.000000,0.997931
ptsd,2,1.000000,0.998796
pu,2,1.000000,0.999378
public,2,1.000000,0.997638
public_bathroom,2,1.000000,0.998602
public_health_care,2,1.000000,0.993390
public_healthcare,2,1.000000,0.991585
public_hospital,2,1.000000,0.993834
public_place,2,1.000000,0.998810
public_system,2,1.000000,0.991230
publication,2,1.000000,0.995141
publicize,2,1.000000,0.998504
publish,2,1.000000,0.995036
publish_paper,2,1.000000,0.996923
publish_study,2,1.000000,0.997507
pudding,2,1.000000,0.990862
puff,2,1.000000,0.996026
puff_out,2,1.000000,0.996177
puffy,2,1.000000,0.999146
puke,2,1.000000,0.996830
pull,2,1.000000,0.994725
pull_trig,2,1.000000,0.999142
pulmonary,2,1.000000,0.999027
pulp,2,1.000000,0.994287
pulse,2,1.000000,0.997737
pump,2,1.000000,0.995666
puppy_dog,2,1.000000,0.999766
pure_hell,2,1.000000,0.999208
puree,2,1.000000,0.992297
purge,2,1.000000,0.997345
purpose,2,1.000000,0.996457
purse,2,1.000000,0.995253
push_against,2,1.000000,0.996183
put_on_weight,2,1.000000,0.998732
put_pressure,2,1.000000,0.996037
put_together,2,1.000000,0.997725
put_under,2,1.000000,0.994206
ql,2,1.000000,0.997798
quake,2,0.901145,0.998878
quality_of_life,2,1.000000,0.999058
quality_of_life_improvement,2,1.000000,0.999006
quantity,2,1.000000,0.994869
queasy,2,1.000000,0.999144
quebec,2,1.000000,0.992243
query,2,1.000000,0.997555
quick,2,1.000000,0.991620
quick_and_easy,2,1.000000,0.994730
quick_and_painless,2,1.000000,0.997609
quick_scope,2,0.864393,0.997198
quiet,2,1.000000,0.997233
quiet_room,2,1.000000,0.997494
quirk,2,1.000000,0.997614
quirk_of_mine,2,1.000000,0.997718
quirky,2,1.000000,0.999383
quite_common,2,1.000000,0.998526
quite_frank,2,1.000000,0.999062
quite_uncomfortable,2,1.000000,0.997993
quote,2,1.000000,0.990554
r/dysautonomia,2,1.000000,0.999549
r/noburp,2,1.000000,0.995358
r/noburp_page,2,1.000000,0.997757
r_cod,2,1.000000,0.999190
r_cpd,2,1.000000,0.997498
r_cpd_after,2,1.000000,0.999054
r_cpd_also,2,1.000000,0.998589
r_cpd_and_she,2,1.000000,0.994109
r_cpd_be,2,1.000000,0.997596
r_cpd_because,2,1.000000,0.998287
r_cpd_but,2,1.000000,0.997607
r_cpd_can,2,1.000000,0.997864
r_cpd_case,2,1.000000,0.998665
r_cpd_cause,2,1.000000,0.998082
r_cpd_doctor,2,1.000000,0.994236
r_cpd_emetophobia,2,1.000000,0.999335
r_cpd_have,2,1.000000,0.997852
r_cpd_how,2,1.000000,0.999754
r_cpd_i,2,1.000000,0.997492
r_cpd_if,2,1.000000,0.998235
r_cpd_it,2,1.000000,0.998406
r_cpd_like,2,1.000000,0.999293
r_cpd_not,2,1.000000,0.998358
r_cpd_patient,2,1.000000,0.995855
r_cpd_seem,2,1.000000,0.998520
r_cpd_specialist,2,1.000000,0.993154
r_cpd_study,2,1.000000,0.998317
r_cpd_suffer,2,1.000000,0.998066
r_cpd_symptom,2,1.000000,0.997919
r_cpd_tend,2,1.000000,0.999469
r_cpd_tend_to_worsen,2,1.000000,0.998902
r_cpd_the,2,1.000000,0.997864
r_cpd_then,2,1.000000,0.999246
r_cpd_too,2,1.000000,0.998869
r_cpd_treatment,2,1.000000,0.993313
r_cpd_until,2,1.000000,0.999157
r_cpd_what,2,1.000000,0.999032
r_cpd_when,2,1.000000,0.997509
r_cpd_would,2,1.000000,0.998574
r_u,2,1.000000,0.998846
race_heart,2,1.000000,0.999196
radiate,2,1.000000,0.996787
radiologist,2,1.000000,0.995535
radiology,2,1.000000,0.996765
raft,2,1.000000,0.994926
rage,2,1.000000,0.999357
rain,2,1.000000,0.999310
raise_awareness,2,1.000000,0.995715
raise_soft_pallet,2,1.000000,0.996213
random,2,1.000000,0.996981
random_hiccup,2,1.000000,0.999155
random_microburp,2,1.000000,0.997790
random_throughout,1,0.951863,0.999996
randomize,2,1.000000,0.996149
range,2,1.000000,0.999669
range_of_motion,2,1.000000,0.996267
ranitidine,2,1.000000,0.995283
rapid_gastric_empty,2,1.000000,0.999114
raptor,2,1.000000,0.998354
rare,2,1.000000,0.998620
rare_condition,2,0.974936,0.998431
rare_side_effect,2,1.000000,0.998553
rarely,2,1.000000,0.997395
rarity,2,1.000000,0.998782
rash,2,1.000000,0.999314
raspy,2,1.000000,0.999560
rate_of_success,2,1.000000,0.995248
rather_die,2,1.000000,0.999291
rather_than_rely,2,0.935402,0.996898
ratio,2,1.000000,0.999624
rational,2,1.000000,0.999190
rationalize,2,1.000000,0.999520
ravioli,2,1.000000,0.994840
raw_onion,2,1.000000,0.995091
raw_vegetable,2,1.000000,0.991845
ray,2,1.000000,0.997816
rcpd,2,1.000000,0.997444
re_train,2,0.917758,0.997053
react,2,0.752463,0.998719
react_different,2,1.000000,0.998634
reaction,2,0.839498,0.998679
read_wedge,2,1.000000,0.994062
readily_available,2,1.000000,0.998954
realize,2,1.000000,0.997788
really_bad,2,1.000000,0.997382
really_bother,2,1.000000,0.997878
reason,2,1.000000,0.997975
reassure,2,1.000000,0.996362
reassure_to_hear,2,1.000000,0.996771
rebecca_c_hoesli_md,2,1.000000,0.997077
recall,2,1.000000,0.997788
recall_ever,2,1.000000,0.998553
recap,2,1.000000,0.997039
receive_100_unit,2,1.000000,0.996421
receive_treatment,2,1.000000,0.993033
recent_discover,2,1.000000,0.996963
recent_identify_disorder_characterize,2,1.000000,0.998636
receptionist,2,1.000000,0.992699
receptive,2,1.000000,0.993605
receptor,2,1.000000,0.998184
recess,2,1.000000,0.999639
recline,2,1.000000,0.994197
recline_position,2,1.000000,0.999519
recliner,2,1.000000,0.994064
recognition,2,1.000000,0.996183
recognize,2,1.000000,0.994532
recognize_by,2,1.000000,0.994452
recognize_condition,2,1.000000,0.996019
recover,2,1.000000,0.997296
recovery,2,0.886616,0.998032
recovery_process,2,1.000000,0.997782
recovery_room,2,1.000000,0.998323
red_bull,2,1.000000,0.991198
red_flag,2,1.000000,0.999053
red_meat,2,1.000000,0.992595
red_wine,2,1.000000,0.994166
reddit,2,1.000000,0.995408
reddit_community,2,1.000000,0.997140
reddit_group,2,1.000000,0.996075
reddit_sub,2,1.000000,0.997738
reddit_thread,2,1.000000,0.996155
reduce,2,1.000000,0.998330
reduce_gas,2,0.995435,0.997023
reel,2,1.000000,0.996756
refer,2,1.000000,0.993009
referral,2,1.000000,0.992603
referral_from_your_gp,2,1.000000,0.992484
refine_carbohydrate,2,1.000000,0.999515
refine_sugar,2,1.000000,0.994440
reflex,2,1.000000,0.995753
reflux,2,1.000000,0.997586
reflux_gourmet,2,1.000000,0.994646
reflux_medication,2,1.000000,0.992911
refrain,2,1.000000,0.999590
refuse_to_believe,2,0.815073,0.998393
regain,2,1.000000,0.996787
regards_to_r_cpd,2,1.000000,0.999217
regional,2,1.000000,0.999256
registration,2,1.000000,0.998675
regress,2,1.000000,0.997010
regression,2,1.000000,0.998469
regret,2,1.000000,0.995955
regular_burper,2,1.000000,0.998466
regulation,2,1.000000,0.998888
regurgitate,2,1.000000,0.996942
regurgitate_food,2,1.000000,0.997102
regurgitation,2,0.994216,0.997935
rehab,2,1.000000,0.999440
rehabilitate,2,0.993039,0.999524
reinfect,2,1.000000,0.996663
reject,2,1.000000,0.990222
rejuvenate,2,1.000000,0.999375
relatable,2,1.000000,0.997814
relate,2,1.000000,0.998462
related_to_noburp,2,1.000000,0.998538
related_to_r_cpd,2,1.000000,0.998254
related_to_rcpd,2,1.000000,0.998167
relation,2,1.000000,0.998365
relation_between,2,1.000000,0.999030
relation_to_r_cpd,2,1.000000,0.998910
relationship_between,2,1.000000,0.998832
relationship_with_food,2,1.000000,0.999133
relative_low,2,1.000000,0.997242
relative_minor,2,1.000000,0.999478
relative_new,2,1.000000,0.994523
relax,2,1.000000,0.995371
relaxation,2,1.000000,0.995681
relay,2,1.000000,0.997797
relearn_how,2,1.000000,0.994781
release,2,0.961124,0.996223
release_air,2,1.000000,0.996262
release_gas,2,1.000000,0.996509
relent,2,1.000000,0.999309
relief,2,1.000000,0.997188
relief_soon,2,1.000000,0.996639
relieve,2,1.000000,0.997301
relieve_pressure,2,0.829165,0.997551
relive,2,1.000000,0.998386
rely,2,1.000000,0.996000
remain_close,2,1.000000,0.998728
remedy,2,1.000000,0.993100
rennie,2,1.000000,0.993608
rennie_deflatine,2,1.000000,0.995149
rental_car,2,1.000000,0.998419
repair,2,1.000000,0.998088
repeat_injection,2,1.000000,0.995294
repercussion,2,1.000000,0.999173
reply,2,1.000000,0.995658
repress,2,1.000000,0.996907
republic,2,1.000000,0.998775
repulsive,2,1.000000,0.999216
reputation,2,1.000000,0.999072
request,2,1.000000,0.992234
require_manometry,2,1.000000,0.995795
reschedule,2,1.000000,0.993040
research,2,1.000000,0.995004
research_article,2,1.000000,0.997617
research_into,2,1.000000,0.995185
research_paper,2,1.000000,0.994848
research_study,2,1.000000,0.995488
researcher,2,1.000000,0.996820
reset,2,1.000000,0.995871
resident,2,1.000000,0.992974
residual,2,1.000000,0.999525
residue,2,1.000000,0.997193
resign,2,1.000000,0.999230
resist,2,1.000000,0.995388
resolve,2,1.000000,0.998526
resource,2,1.000000,0.995242
respiratory,2,1.000000,0.998502
respiratory_infection,2,1.000000,0.999453
response,2,1.000000,0.995626
responsible,2,1.000000,0.997203
restaurant,2,1.000000,0.994645
restless,2,1.000000,0.998654
restrict,2,1.000000,0.998291
restrictive,2,1.000000,0.993682
result_of_r_cpd,2,1.000000,0.999280
resultant,2,1.000000,0.998970
retain,2,1.000000,0.996726
retainer,2,1.000000,0.999120
retch,2,1.000000,0.996769
retention,2,1.000000,0.997286
retire,2,1.000000,0.993421
retour,2,1.000000,0.999251
retrain,2,1.000000,0.995992
retrograde,2,1.000000,0.996949
retrograde_cricopharyngeal,2,1.000000,0.998823
retrograde_cricopharyngeal_dysfunction,2,1.000000,0.995397
retrograde_cricopharyngeal_dysfunction_r,2,1.000000,0.995480
retrograde_cricopharyngeus_dysfunction,2,1.000000,0.995350
retrograde_cricopharyngeus_dysfunction_r,2,1.000000,0.995736
retrograde_direction,2,1.000000,0.997107
retrograde_only,2,1.000000,0.997446
retrograde_only_neurological_dysfunction,2,1.000000,0.999126
retrospective,2,1.000000,0.996581
return,2,1.000000,0.996492
revelation,2,1.000000,0.996824
reverse,2,1.000000,0.995859
revision,2,1.000000,0.999265
rex,2,1.000000,0.997781
reynard,2,1.000000,0.998917
rheumatoid_arthritis,2,1.000000,0.998878
rhr,2,1.000000,0.999690
rib,2,1.000000,0.996073
rib_cage,2,1.000000,0.997947
rib_flare,2,1.000000,0.999299
ribcage,2,1.000000,0.995994
rice,2,1.000000,0.990524
rice_cake,2,1.000000,0.995264
rich_food,2,1.000000,0.995899
richard,2,1.000000,0.998390
richmond,2,1.000000,0.994328
rick,2,1.000000,0.999321
riddle,2,1.000000,0.999622
ride_home,2,1.000000,0.998600
ridiculous,2,1.000000,0.997659
rifaximin,2,1.000000,0.994408
right_arm,2,1.000000,0.996352
right_armpit,2,1.000000,0.999420
right_before_bed,2,1.000000,0.994478
right_behind,2,1.000000,0.998015
right_below,2,1.000000,0.997874
right_choice,0,0.593126,0.999993
right_decision,0,1.000000,0.999999
right_now,2,1.000000,0.997639
right_on_track,2,1.000000,0.998941
right_place,2,1.000000,0.997370
right_position,2,1.000000,0.994388
right_shoulder,2,1.000000,0.997227
right_side,2,1.000000,0.994386
right_track,2,1.000000,0.996569
rip,2,1.000000,0.997775
rip_d,2,1.000000,0.997524
rip_jack,2,1.000000,0.998328
ripe,2,1.000000,0.995422
rise,2,1.000000,0.995662
rise_into,2,1.000000,0.996988
rise_up,2,1.000000,0.995503
risico,2,1.000000,0.999440
risk,2,1.000000,0.997442
risk_of_develop,2,1.000000,0.998352
risky,2,1.000000,0.995641
riyadh,2,1.000000,0.998222
rn,2,1.000000,0.997564
road_to_recovery,2,1.000000,0.998811
road_trip,2,1.000000,0.998552
roar,2,1.000000,0.997909
robust,2,1.000000,0.999253
roemheld,2,1.000000,0.998420
roemheld_syndrome,2,1.000000,0.998793
roll_over,2,0.916152,0.996704
roller_coaster,2,1.000000,0.999076
romania,2,1.000000,0.998235
romantic,2,1.000000,0.999227
roof,2,1.000000,0.995571
roof_of_mouth,2,0.996871,0.998926
room_where,2,1.000000,0.998143
rotate,2,1.000000,0.994740
rough,2,0.887902,0.998310
roulette,2,1.000000,0.999012
round_1,2,1.000000,0.993582
round_2,2,1.000000,0.993300
round_3,2,1.000000,0.995180
round_trip,2,1.000000,0.994019
round_two,2,1.000000,0.994111
rub,2,1.000000,0.994719
rubber,2,1.000000,0.999183
rubbish,2,1.000000,0.998089
rude,2,1.000000,0.997837
ruin,2,0.862847,0.998886
rule_out,2,1.000000,0.994705
rule_out_any,2,1.000000,0.996094
rule_out_anything_else,2,1.000000,0.996491
rule_out_other,2,1.000000,0.994722
rum,2,1.000000,0.993032
rumble,2,1.000000,0.997183
rumble_noise,2,0.873250,0.998352
run_joke,2,1.000000,0.998209
runny,2,1.000000,0.994417
runny_nose,2,1.000000,0.998162
rush,2,1.000000,0.995898
ruysdael_clinic,2,1.000000,0.993940
sad,2,1.000000,0.995769
sag,2,1.000000,0.997961
salad,2,1.000000,0.990475
saliva,2,1.000000,0.996874
salivary_gland,2,1.000000,0.998927
salivate,2,1.000000,0.997290
salivation,2,1.000000,0.998011
salt,2,1.000000,0.993630
same_reaction,2,1.000000,0.998514
same_timeline,2,1.000000,0.998212
sample,2,1.000000,0.995668
sample_size,2,1.000000,0.997849
san_leandro,2,1.000000,0.995181
sandwich,2,1.000000,0.990688
sarcasm,2,1.000000,0.999112
sarcastic,2,1.000000,0.998669
saskatoon,2,1.000000,0.995695
satan,2,1.000000,0.998244
satisfaction,2,1.000000,0.999509
satisfy,2,1.000000,0.997075
saturday_morning,2,1.000000,0.998381
sauce,2,1.000000,0.991208
saudi_arabia,2,1.000000,0.997572
sauna,2,1.000000,0.999508
save_goal,2,0.737325,0.997625
save_up,2,1.000000,0.991003
saw_doctor_villari,2,1.000000,0.996633
saw_lucy_hicklin,2,1.000000,0.996540
say,2,1.000000,0.993855
say_excuse,2,1.000000,0.997791
scan,2,1.000000,0.995093
scandinavia,2,1.000000,0.998178
scar_tissue,2,1.000000,0.996608
scare,2,1.000000,0.998081
scared,2,1.000000,0.998053
scary,2,1.000000,0.998203
scene,2,1.000000,0.998108
schedule,2,1.000000,0.992699
schedule_for_april,2,1.000000,0.994768
schedule_for_february,2,1.000000,0.995404
schedule_for_july,2,1.000000,0.994889
scheme,2,1.000000,0.998117
schi,2,1.000000,0.997099
schindler,2,1.000000,0.997570
scientific,2,1.000000,0.995419
scientific_evidence,2,1.000000,0.998057
scientific_literature,2,1.000000,0.997371
scientific_research,2,1.000000,0.999226
scientist,2,1.000000,0.996255
scleroderma,2,1.000000,0.999115
scoliosis,2,1.000000,0.998006
scoop_motion,2,1.000000,0.995875
scope,2,1.000000,0.997125
scope_down,2,1.000000,0.997104
scope_through,2,1.000000,0.997122
scramble,2,1.000000,0.995884
scramble_egg,2,1.000000,0.990632
scratch,2,1.000000,0.997067
scratch_throat,2,1.000000,0.998898
scream,2,1.000000,0.997592
scroll_down,2,1.000000,0.994939
scrunch,2,1.000000,0.995812
scrunch_your_belly,2,1.000000,0.996781
scuba_dive,2,1.000000,0.998902
seafood,2,1.000000,0.999350
search,2,1.000000,0.995329
search_box,2,1.000000,0.998669
search_this_sub,2,1.000000,0.996293
search_this_subreddit,2,1.000000,0.996909
search_youtube,2,1.000000,0.995448
seasick,2,1.000000,0.998517
seasonal,2,1.000000,0.999555
seasonal_allergy,2,1.000000,0.999455
seat,2,1.000000,0.994652
seborrheic,2,1.000000,0.999575
second_attempt,2,1.000000,0.994250
second_dose,2,1.000000,0.993324
second_grade,2,1.000000,0.998673
second_injection,2,1.000000,0.993349
second_nature,2,1.000000,0.998402
second_opinion,2,1.000000,0.992905
second_pregnancy,2,1.000000,0.999147
second_round,2,1.000000,0.993145
second_shot,2,1.000000,0.993199
second_time,2,1.000000,0.993200
secretion,2,1.000000,0.998583
section,2,1.000000,0.994995
sedate,2,1.000000,0.994324
sedation,2,1.000000,0.994387
sedative,2,1.000000,0.994114
sedentary,2,0.972566,0.998647
see_doctor_spiegel,2,1.000000,0.994633
seed,2,1.000000,0.993138
seek_help,2,1.000000,0.996398
seek_treatment,2,1.000000,0.995151
seem_to_vary,2,1.000000,0.999048
seem_unrelated,2,1.000000,0.999031
seine,2,1.000000,0.999526
seize,2,1.000000,0.996558
seldom,2,1.000000,0.999145
self_conscious,2,0.945810,0.997783
self_cure,2,1.000000,0.996316
self_cure_method,2,1.000000,0.996258
self_diagnose,2,1.000000,0.994048
self_diagnose_myself,2,1.000000,0.998023
self_employ,2,1.000000,0.999227
self_esteem,2,1.000000,0.999500
self_induce,2,1.000000,0.999210
self_massage,2,1.000000,0.996710
self_pay,2,1.000000,0.990427
self_refer,2,1.000000,0.993265
self_referral,2,1.000000,0.996411
self_report,2,1.000000,0.999569
seltzer,2,1.000000,0.990175
seltzer_water,2,1.000000,0.990614
semaglutide,2,1.000000,0.999428
semester,2,1.000000,0.998535
sensation,2,0.999158,0.996869
sensible,2,1.000000,0.995124
sensitive,2,0.740803,0.998740
sensitivity,2,1.000000,0.998235
sensitize,2,1.000000,0.998911
sensor,2,1.000000,0.997790
sensory_issue,2,1.000000,0.999540
separate_issue,2,1.000000,0.998324
sertraline,2,1.000000,0.999078
service,2,1.000000,0.990872
sesh,2,1.000000,0.998884
set_off,2,1.000000,0.998593
seven,1,0.634046,0.999990
seven_year,2,1.000000,0.999046
several_hour,2,0.921134,0.994981
several_time,1,1.000000,0.999997
severe,2,1.000000,0.998039
severe_anxiety,2,1.000000,0.998743
severe_bloat,2,1.000000,0.997523
severe_case,2,1.000000,0.998354
severe_constipation,2,1.000000,0.999034
severe_emetophobia,2,1.000000,0.998186
severe_episode,2,1.000000,0.999661
severe_gerd,2,1.000000,0.999019
severe_nausea,2,1.000000,0.999273
severe_side_effect,2,1.000000,0.998224
severe_underweight,2,1.000000,0.999315
severity,2,1.000000,0.998778
sex,2,1.000000,0.999091
sex_life,2,1.000000,0.999648
sexual,2,1.000000,0.999145
sexy,2,1.000000,0.999253
sf_bay_area,2,1.000000,0.994908
shade,2,1.000000,0.998134
shake,2,1.000000,0.995704
shaker,2,1.000000,0.995294
shaker_exercise,2,1.000000,0.995229
shaker_exercise_and_kiss,2,1.000000,0.995921
shaker_exercise_and_larynx_lower,2,1.000000,0.995458
shaker_exercise_cricoid_massage,2,1.000000,0.995668
shaker_exercise_on_youtube,2,1.000000,0.996341
shaker_exercise_search,2,1.000000,0.995560
shaker_larynx_lower,2,1.000000,0.995429
shaky,2,0.927386,0.999062
shallow_breath,2,1.000000,0.996634
shard,2,1.000000,0.994706
share,2,1.000000,0.995832
sharma,2,1.000000,0.995376
sharma_in_saskatoon,2,1.000000,0.999073
sharp,2,1.000000,0.996278
sharp_pain,2,1.000000,0.996334
shield,2,1.000000,0.999710
shift,2,1.000000,0.994309
shirley_oak,2,1.000000,0.992995
shirt,2,1.000000,0.995658
shit,2,1.000000,0.997632
shit_ton,2,1.000000,0.996249
shiver,2,1.000000,0.998491
shock,2,1.000000,0.997703
shoe,2,1.000000,0.995089
shoot_up,2,1.000000,0.997742
short_live,2,1.000000,0.999680
short_of_breath,2,1.000000,0.998115
shortness_of_breath,2,1.000000,0.997796
shortness_of_breath_after,2,1.000000,0.999850
shortness_of_breath_be,2,1.000000,0.998945
shot_of_vodka,2,1.000000,0.993260
shotgun_beer,2,1.000000,0.998566
shoulder,2,1.000000,0.994651
shoulder_back,2,1.000000,0.994241
shoulder_blade,2,1.000000,0.996701
shout,2,1.000000,0.998034
shovel,2,1.000000,0.992612
show,2,1.000000,0.995119
show_anything,2,1.000000,0.994855
show_nothing,2,1.000000,0.995288
show_r_cpd,2,1.000000,0.997298
show_them,2,1.000000,0.994646
shower_every_morning,2,0.940202,0.998484
shut_down,2,0.995152,0.999310
sibling,2,1.000000,0.997766
sibo,2,1.000000,0.997427
sibo_and_h_pylori,2,1.000000,0.999276
sibo_ibs,2,1.000000,0.999027
sibo_test,2,1.000000,0.996826
sick,2,1.000000,0.997450
sick_and_tired,2,1.000000,0.998681
sickness,2,1.000000,0.997873
sickness_bug,2,1.000000,0.999523
side_affect,2,1.000000,0.998150
side_effect,2,0.813065,0.998035
side_neck,2,1.000000,0.995449
side_shaker,2,1.000000,0.995452
side_sleeper,2,1.000000,0.995020
side_stitch,2,1.000000,0.999492
side_to_side,2,1.000000,0.994417
sideways,2,1.000000,0.994905
sideways_shaker,2,1.000000,0.995944
sifo,2,1.000000,0.998999
sigmoid_colon,2,1.000000,0.999250
significance,2,1.000000,0.998330
significant_cheap,2,1.000000,0.994466
significant_worse,2,0.923264,0.998647
silence,2,1.000000,0.997773
silent,2,1.000000,0.997045
silent_hiccup,2,1.000000,0.998945
silent_reflux,2,1.000000,0.997521
silly,2,1.000000,0.997780
simethicone,2,1.000000,0.992941
simethicone_gas_x,2,1.000000,0.994867
similar_experience,2,1.000000,0.996554
similar_issue,2,1.000000,0.998188
similar_situation,2,1.000000,0.996754
similar_story,2,1.000000,0.997322
since_birth,2,1.000000,0.997986
since_childhood,2,1.000000,0.998452
since_early_childhood,2,1.000000,0.998473
since_infancy,2,1.000000,0.998581
since_then,-1,0.000000,nan
sing,2,1.000000,0.999623
sing_ability,2,1.000000,0.999787
singer,2,1.000000,0.999698
single_bite,2,1.000000,0.994694
single_hiccup,2,1.000000,0.997499
single_injection,2,1.000000,0.996609
singular,2,1.000000,0.999306
singular_hiccup,2,1.000000,0.998909
sinister,2,1.000000,0.999290
sink,2,1.000000,0.995327
sink_run,2,1.000000,0.999548
sinus,2,1.000000,0.997778
sinus_drainage,2,1.000000,0.998752
sinus_infection,2,1.000000,0.999475
sinus_issue,2,1.000000,0.998172
sinusitis,2,1.000000,0.998903
sip,2,1.000000,0.990563
sip_of_water,2,1.000000,0.990698
sip_water,2,1.000000,0.990389
sister,2,1.000000,0.997684
sit,2,1.000000,0.994354
sit_down,2,1.000000,0.994342
sit_or_stand,2,1.000000,0.995557
sit_there,2,1.000000,0.996074
sit_up,2,1.000000,0.994159
sit_up_straight,2,1.000000,0.994106
sit_upright,2,1.000000,0.994258
site,2,1.000000,0.994804
situation,2,1.000000,0.998597
six,1,0.442437,0.999979
six_day_ago,2,1.000000,0.997255
six_month_pregnant,2,1.000000,0.999059
six_pack,2,1.000000,0.998412
six_year_old,2,1.000000,0.998653
sixteenth,2,1.000000,0.994192
sixth,2,1.000000,0.997777
sjogren,2,1.000000,0.998532
skate,2,1.000000,0.999563
skeletal_muscle,2,1.000000,0.998122
skeptical_about,2,1.000000,0.997574
skepticism,2,1.000000,0.997447
sketchy,2,1.000000,0.998809
skin,2,1.000000,0.996312
skinny,2,1.000000,0.998647
skip_meal,2,1.000000,0.998488
skirt,2,1.000000,0.999540
skull,2,1.000000,0.999183
skyrocket,2,1.000000,0.999476
sleep_apnea,2,1.000000,0.997748
sleep_elevate,2,1.000000,0.994036
sleep_flat,2,1.000000,0.994309
sleep_quality,2,1.000000,0.999107
sleep_upright,2,1.000000,0.994120
sleep_wedge,2,1.000000,0.994019
sleep_with_your_torso,2,1.000000,0.994275
sleeper,2,0.858503,0.997263
sleepover,2,1.000000,0.998951
sleepy,2,1.000000,0.998805
slender,2,1.000000,0.998883
slew,2,1.000000,0.999008
slide_down,2,1.000000,0.997312
slide_hernia,2,1.000000,0.999044
slight,2,1.000000,0.997270
slight_improvement,2,1.000000,0.999614
slight_lump,2,1.000000,0.996683
slight_regurgitation,2,1.000000,0.999063
slight_slow_swallow,2,1.000000,0.998896
slight_sore_throat,2,1.000000,0.998679
slightly_elevate,2,1.000000,0.994490
slightly_nauseous,2,1.000000,0.999526
slightly_sore,2,1.000000,0.996560
slim,2,1.000000,0.998733
slime,2,1.000000,0.997336
slip_out,2,1.000000,0.997015
slouch,2,1.000000,0.994251
slouch_over,2,1.000000,0.999252
slow_and_gentle,2,1.000000,0.996180
slow_digestion,2,1.000000,0.998871
slow_down,2,1.000000,0.991033
slow_eater,2,1.000000,0.994176
slow_sip,2,1.000000,0.994625
slow_starter,2,1.000000,0.997565
slow_swallow,2,0.920153,0.998088
slow_swallow_kick,2,1.000000,0.998911
sluggish,2,1.000000,0.994572
slur,2,1.000000,0.999571
sm,2,1.000000,0.998161
smack,2,1.000000,0.999681
small,2,1.000000,0.997098
small_amount,2,1.000000,0.991544
small_bite,2,1.000000,0.990573
small_bowel,2,1.000000,0.998248
small_bubble,2,1.000000,0.997071
small_child,2,1.000000,0.999378
small_dose,2,1.000000,0.994439
small_hiatus,2,1.000000,0.998367
small_intestinal,2,1.000000,0.999392
small_intestine,2,1.000000,0.996722
small_intestine_bacterial_overgrowth,2,1.000000,0.998057
small_meal,2,1.000000,0.991431
small_medium,2,1.000000,0.999222
small_mouthful,2,1.000000,0.990897
small_piece,2,1.000000,0.995401
small_pop,2,1.000000,0.996861
small_portion,2,1.000000,0.990825
small_quantity,2,1.000000,0.994874
small_sip,2,1.000000,0.990797
small_snack,2,1.000000,0.992532
small_town,2,1.000000,0.999400
small_victory,2,1.000000,0.998176
small_world,2,1.000000,0.998331
smart_pill,2,1.000000,0.997709
smell,2,1.000000,0.997606
smell_bad,2,1.000000,0.999272
smell_fart,2,1.000000,0.999259
smile,2,1.000000,0.997490
smoke_cigarette,2,0.906281,0.999161
smoker,2,1.000000,0.996709
smooth_muscle,2,1.000000,0.997754
smooth_sail,2,1.000000,0.998719
smoothie,2,1.000000,0.990452
smoothie_and_soup,2,1.000000,0.993467
snack,2,1.000000,0.991690
snap,2,1.000000,0.998938
sneak_off,2,1.000000,0.998269
sneeze,2,1.000000,0.997032
sniff_and_swallow,2,1.000000,0.997466
sniffle,2,1.000000,0.998286
snorkeling,2,1.000000,0.999330
snort,2,1.000000,0.998957
so_excite,2,1.000000,0.995392
so_frustrate,2,1.000000,0.997606
so_glad,2,1.000000,0.995729
so_grateful,2,1.000000,0.995777
so_happy,2,1.000000,0.995644
so_pleased,2,1.000000,0.996308
so_your_mileage,2,1.000000,0.999573
soap,2,1.000000,0.995713
soar,2,1.000000,0.996529
soar_throat,2,1.000000,0.999225
sob,2,0.845954,0.998877
social,2,0.815443,0.997809
social_activity,2,1.000000,0.997769
social_anxiety,2,1.000000,0.998785
social_awkward,2,1.000000,0.999416
social_event,2,1.000000,0.996502
social_gather,2,1.000000,0.998735
social_life,2,1.000000,0.999040
social_media,2,1.000000,0.995315
social_occasion,2,1.000000,0.996798
social_setting,2,0.841924,0.997762
social_situation,2,0.763540,0.997827
socialize,2,1.000000,0.996336
sock,2,1.000000,0.998325
soda,2,1.000000,0.990507
soda_stream,2,1.000000,0.991969
soda_water,2,1.000000,0.991301
sodium,2,1.000000,0.993933
sodium_alginate,2,1.000000,0.995094
soft_drink,2,1.000000,0.990733
soft_food,2,1.000000,0.990228
soft_palate,2,1.000000,0.995994
soft_pallet,2,1.000000,0.995978
soft_tissue,2,1.000000,0.998227
soften,2,1.000000,0.998124
solace,2,1.000000,0.998933
sole_cause,2,1.000000,0.998846
solid,2,1.000000,0.990304
solid_food,2,1.000000,0.990258
soluble,2,1.000000,0.995002
solution,2,1.000000,0.994822
somac,2,1.000000,0.995080
somatic,2,1.000000,0.999154
some_insight,2,1.000000,0.996623
some_relief,2,1.000000,0.997308
some_soreness,2,1.000000,0.996583
someday,2,1.000000,0.996319
somehow_related,2,1.000000,0.998738
something,2,1.000000,0.995929
something_bubbly,2,1.000000,0.990368
something_carbonate,2,1.000000,0.990364
something_else,2,1.000000,0.997875
something_fizzy,2,1.000000,0.990311
something_similar,2,1.000000,0.996189
something_stuck,2,1.000000,0.996602
sometimes,2,1.000000,0.997029
somewhat_common,2,1.000000,0.998970
somewhere_between,2,1.000000,0.998257
songwriter,2,1.000000,0.999754
sonovein,2,1.000000,0.999175
soon_as_possible,2,1.000000,0.991475
soothe,2,1.000000,0.997020
soothing,2,1.000000,0.993785
sore,2,1.000000,0.996917
sore_spot,2,1.000000,0.999310
sore_throat,2,1.000000,0.998447
sore_throat_afterwards,2,1.000000,0.999038
soreness,2,1.000000,0.997496
sorry_in_advance,2,1.000000,0.998005
sorry_to_hear,2,1.000000,0.996034
sortie,2,1.000000,0.999468
sound,2,1.000000,0.997095
sound_awful,2,1.000000,0.997246
sound_gross,2,1.000000,0.997083
sound_horrible,2,1.000000,0.997343
sound_ridiculous,2,1.000000,0.998651
sound_terrible,2,1.000000,0.998484
soup,2,1.000000,0.990083
soup_and_smoothie,2,1.000000,0.993381
soup_broth,2,1.000000,0.994129
soup_smoothie,2,1.000000,0.990873
sour,2,1.000000,0.991760
sour_taste,2,1.000000,0.997350
southeast,2,1.000000,0.995174
southern_california,2,1.000000,0.992271
southern_indiana,2,1.000000,0.998609
space_between,2,1.000000,0.997495
space_heater,2,1.000000,0.996562
spaghetti,2,1.000000,0.994909
spain,2,1.000000,0.992204
span,2,1.000000,0.997910
spark_water,2,1.000000,0.990466
sparkle,2,1.000000,0.991950
sparkle_water,2,1.000000,0.989941
sparkle_wine,2,1.000000,0.995203
sparse,2,1.000000,0.998726
spasm,2,1.000000,0.995751
spasmodic_dysphonia,2,0.891215,0.998297
speak,2,1.000000,0.993691
specialist,2,1.000000,0.992277
specialist_list,2,1.000000,0.994273
specialist_who,2,1.000000,0.992373
specialization,2,1.000000,0.997933
specialize,2,1.000000,0.992947
specialize_in_medical_anxiety,2,1.000000,0.997855
specialty,2,1.000000,0.993070
specific_brand,2,1.000000,0.999446
specific_design,2,1.000000,0.998196
specific_question,2,1.000000,0.997678
specific_spot,2,1.000000,0.998450
spectrum,2,1.000000,0.998448
spectrum_disorder,2,1.000000,0.999216
spectrum_of_severity,2,1.000000,0.999387
speculate,2,1.000000,0.998081
speculation,2,1.000000,0.998635
speech,2,1.000000,0.997622
speech_pathologist,2,1.000000,0.994119
speech_therapist,2,1.000000,0.993285
speech_therapy,2,1.000000,0.993207
spew,2,1.000000,0.998827
sphincter,2,1.000000,0.995788
sphincter_muscle,2,1.000000,0.996685
spice,2,1.000000,0.992100
spicy,2,1.000000,0.991285
spicy_fatty,2,1.000000,0.995295
spicy_food,2,1.000000,0.991501
spike,2,1.000000,0.994960
spill_into,2,1.000000,0.998520
spinal,2,1.000000,0.998257
spine,2,1.000000,0.996419
spirit,2,1.000000,0.991643
spirometer,2,1.000000,0.999239
spit,2,1.000000,0.996581
spit_into,2,1.000000,0.995981
spit_up,2,1.000000,0.997636
split_second,2,1.000000,0.998711
spoil,2,1.000000,0.999203
spoiler,2,1.000000,0.997392
spontaneous,2,1.000000,0.997006
sporadic,2,1.000000,0.999546
sport,2,1.000000,0.994162
spray,2,1.000000,0.997302
spray_lidocaine,2,1.000000,0.997317
spray_numb,2,1.000000,0.997462
spread_awareness,2,1.000000,0.995668
spreadsheet,2,1.000000,0.997978
spring_break,2,1.000000,0.995689
sprite,2,1.000000,0.990778
sprout,2,1.000000,0.998279
square_one,2,1.000000,0.999365
squat,2,1.000000,0.994346
squat_instead,2,1.000000,0.994381
squat_instead_of_bend,2,1.000000,0.994386
squat_instead_of_bend_over,2,1.000000,0.994014
squeak,2,1.000000,0.998781
squeak_out,2,1.000000,0.999494
squeaky,2,1.000000,0.998148
squeeze,2,1.000000,0.994864
squish,2,1.000000,0.996951
squishy,2,1.000000,0.998194
ssri,2,1.000000,0.994134
st_clair_shore_mi,2,1.000000,0.997231
st_john,2,1.000000,0.997290
st_louis_park_mn,2,1.000000,0.998011
st_michael,2,1.000000,0.994850
st_mike,2,1.000000,0.997495
st_vincent,2,1.000000,0.994665
stab,2,1.000000,0.996559
stab_pain,2,1.000000,0.998486
stable,2,1.000000,0.999198
staccato,2,1.000000,0.998879
staff,2,1.000000,0.993640
staff_member,2,1.000000,0.998470
stage,2,1.000000,0.996311
stalk,2,1.000000,0.997814
stance,2,1.000000,0.999517
stand,2,1.000000,0.994237
stand_straight,2,1.000000,0.998305
stand_up,2,1.000000,0.994263
stand_up_straight,2,1.000000,0.994492
standard_dose,2,1.000000,0.994503
staple,2,1.000000,0.996572
starch,2,1.000000,0.993424
stare,2,1.000000,0.997711
startle,2,1.000000,0.998184
starve,2,1.000000,0.992189
starve_myself,2,1.000000,0.998461
stat,2,1.000000,0.996004
statement,2,1.000000,0.995409
stationary,2,1.000000,0.998180
statistic,2,1.000000,0.995777
stay_away,2,1.000000,0.991296
stay_calm,2,1.000000,0.990633
stay_home,2,1.000000,0.997549
stay_hydrate,2,1.000000,0.990205
stay_overnight,2,1.000000,0.998145
stay_positive,2,1.000000,0.996310
stay_upright,2,1.000000,0.997496
steak,2,1.000000,0.990909
stealthy,2,1.000000,0.997098
steam,2,1.000000,0.995119
steering,2,0.921535,0.997395
stem,2,1.000000,0.998231
stenosis,2,1.000000,0.999528
sternum,2,1.000000,0.996134
sternum_area,2,1.000000,0.998755
steroid,2,1.000000,0.993013
steroid_inhaler,2,1.000000,0.999149
sticker,2,1.000000,0.998281
sticky_pad,2,1.000000,0.998262
stiff,2,1.000000,0.996108
stiffen,2,1.000000,0.997162
stifle,2,1.000000,0.999183
stimulant,2,1.000000,0.994745
stimulate,2,1.000000,0.995457
sting,2,1.000000,0.997572
stinky,2,1.000000,0.999147
stir,2,1.000000,0.992700
stock,2,1.000000,0.994400
stocking_up,2,1.000000,0.994407
stodgy,2,1.000000,0.995188
stoke,2,1.000000,0.996853
stomach_ache,2,1.000000,0.997362
stomach_acid,2,1.000000,0.996973
stomach_acid_production,2,1.000000,0.998845
stomach_and_intestine,2,1.000000,0.996745
stomach_bug,2,1.000000,0.998169
stomach_cancer,2,1.000000,0.998974
stomach_churn,2,1.000000,0.999689
stomach_content,2,1.000000,0.996565
stomach_cramp,2,1.000000,0.997463
stomach_distension,2,1.000000,0.999186
stomach_flu,2,1.000000,0.998252
stomach_growl,2,1.000000,0.998017
stomach_lining,2,1.000000,0.997757
stomach_pain,2,1.000000,0.997220
stomach_rumble,2,1.000000,0.997494
stomach_ulcer,2,1.000000,0.997723
stomach_vacuum,2,1.000000,0.996057
stomach_virus,2,1.000000,0.998215
stomachache,2,1.000000,0.998729
stool,2,1.000000,0.996671
stool_sample,2,1.000000,0.996064
stool_test,2,1.000000,0.995562
story,2,1.000000,0.995685
stout,2,1.000000,0.992484
straight_ahead,2,1.000000,0.995908
straight_shoulder,2,1.000000,0.996335
straighten,2,1.000000,0.995514
strain,2,1.000000,0.995341
strange,2,1.000000,0.997847
strange_noise,2,1.000000,0.997612
straw,2,1.000000,0.990823
streak,2,1.000000,0.999194
stream,2,1.000000,0.998631
strengthen,2,1.000000,0.995550
strep,2,1.000000,0.998585
strep_throat,2,1.000000,0.998375
stress,2,1.000000,0.998570
stress_and_anxiety,2,1.000000,0.999010
stretch,2,1.000000,0.994879
stretch_out,2,1.000000,0.996058
stretchy,2,1.000000,0.998994
stretchy_pants,2,1.000000,0.999381
stricture,2,1.000000,0.998347
stroke,2,1.000000,0.999112
strong_dose,2,1.000000,0.995565
strong_gag_reflex,2,1.000000,0.999116
structure,2,1.000000,0.997315
struggle,2,1.000000,0.998492
struggle_to_breathe,2,1.000000,0.998050
stuck,2,1.000000,0.995886
stud,2,1.000000,0.998956
student,2,1.000000,0.991144
study,2,1.000000,0.994995
study_and_potential_participate,2,1.000000,0.999481
stuff,2,1.000000,0.990590
stuffy,2,1.000000,0.998204
stuffy_nose,2,1.000000,0.998158
stumble,2,1.000000,0.996847
stumble_across,2,1.000000,0.996568
stumble_across_this_subreddit,2,1.000000,0.997508
stumble_upon,2,1.000000,0.996508
stumble_upon_this,2,1.000000,0.997188
stumble_upon_this_sub,2,1.000000,0.997402
stumble_upon_this_subreddit,2,1.000000,0.997373
stupid,2,1.000000,0.997670
sub,2,1.000000,0.995333
sub_reddit,2,1.000000,0.997383
sub_search,2,1.000000,0.995685
sub_wiki,2,1.000000,0.995018
subconscious,2,1.000000,0.995805
subconscious_tighten,2,1.000000,0.997466
subdue,2,1.000000,0.999317
subject,2,1.000000,0.995289
subjugation,2,1.000000,0.999140
submit,2,1.000000,0.990501
subreddit,2,1.000000,0.995296
subreddit_wiki,2,1.000000,0.995172
subsequent,2,1.000000,0.998520
subsequent_injection,2,1.000000,0.997292
subside,2,1.000000,0.998514
succeed,2,1.000000,0.996508
success_appeal,2,1.000000,0.997838
success_rate,2,1.000000,0.994322
success_story,2,1.000000,0.995669
succession,2,1.000000,0.999315
succinylcholine,2,1.000000,0.999553
such_as_hiatal_hernia,2,1.000000,0.998729
sucralfate,2,1.000000,0.993508
suction,2,1.000000,0.997110
sudafed,2,1.000000,0.995521
sudden,2,1.000000,0.997437
sudden_onset,2,1.000000,0.999335
suddenly,2,1.000000,0.997471
suddenly_develop,2,1.000000,0.999408
suffer,2,1.000000,0.998409
suffer_from_r_cpd,2,1.000000,0.997654
suffer_in_silence,2,1.000000,0.997995
suffocate,2,1.000000,0.997338
sugar,2,1.000000,0.991410
sugar_free,2,1.000000,0.993673
sugary,2,1.000000,0.991822
sugary_drink,2,1.000000,0.991959
sugary_food,2,1.000000,0.994775
sugary_stuff,2,1.000000,0.995318
summer,2,1.000000,0.994306
sunday,2,1.000000,0.994241
super_anxious,2,1.000000,0.997063
super_bloat,2,1.000000,0.997244
super_common,2,1.000000,0.999029
super_embarrass,2,1.000000,0.997668
super_excite,2,1.000000,0.995568
super_gross,2,1.000000,0.999458
super_hopeful,2,0.999637,0.998749
super_loud,2,1.000000,0.997432
super_nauseous,2,1.000000,0.997317
super_quick,2,1.000000,0.994967
super_rare,2,1.000000,0.999613
super_satisfy,2,1.000000,0.999345
super_scary,2,1.000000,0.998717
super_sensitive,2,0.838539,0.999298
super_skinny,2,1.000000,0.999077
super_sore,2,1.000000,0.996521
super_tight,2,1.000000,0.996552
super_tiny,2,1.000000,0.999337
super_tired,2,1.000000,0.999208
super_uncomfortable,2,1.000000,0.997374
super_weird,2,1.000000,0.999122
supper,2,1.000000,0.997823
supplement,2,1.000000,0.993083
supply,2,1.000000,0.999272
support_community,2,1.000000,0.998582
support_group,2,1.000000,0.997048
suppress,2,1.000000,0.996359
suppress_them,2,1.000000,0.996985
supra_gastric,2,1.000000,0.999430
supraglottic,2,1.000000,0.999556
suprasternal_notch,2,1.000000,0.998620
sure,2,1.000000,0.996191
surface,2,1.000000,0.994600
surfactant,2,1.000000,0.996313
surgeon,2,1.000000,0.992322
surgeon_who,2,1.000000,0.992766
surgery,2,1.000000,0.993439
surgery_center,2,1.000000,0.993340
surgery_date,2,1.000000,0.993184
surgery_room,2,1.000000,0.998078
surgical,2,1.000000,0.993465
surgical_center,2,1.000000,0.992997
surgical_option,2,1.000000,0.998756
surgical_procedure,2,1.000000,0.994818
surprise,2,1.000000,0.997936
surreal,2,1.000000,0.998077
surround_muscle,2,1.000000,0.997047
survey_link,2,1.000000,0.997490
survey_result,2,1.000000,0.997267
sushi,2,0.993391,0.996007
suspect,2,1.000000,0.997606
suspend,2,1.000000,0.997295
suspicion,2,1.000000,0.998241
sustainable,2,1.000000,0.999303
swab,2,1.000000,0.997373
swallow,2,1.000000,0.990745
swallow_and_sniff,2,1.000000,0.997410
swallow_difficulty,2,1.000000,0.998893
swallow_disorder,2,1.000000,0.994501
swallow_pill,2,1.000000,0.992875
swallow_saliva,2,1.000000,0.997188
swallow_study,2,1.000000,0.995182
swallow_tablet,2,1.000000,0.999349
swallow_test,2,1.000000,0.994799
sweat,2,1.000000,0.997657
sweat_shake,2,1.000000,0.999031
sweatpants,2,1.000000,0.999266
sweatshirt,2,1.000000,0.999338
sweet_tea,2,1.000000,0.993581
swell,2,1.000000,0.997258
swig,2,1.000000,0.993932
swig_of_water,2,1.000000,0.992344
swim,2,0.798176,0.997370
swim_competitive,2,1.000000,0.999344
sword,2,1.000000,0.994556
sydney_voice_and_swallow,2,1.000000,0.994470
sykes,2,1.000000,0.999593
sympathize,2,1.000000,0.997569
sympathy,2,1.000000,0.998356
symptom,2,1.000000,0.997902
symptom_e_g,2,1.000000,0.999546
symptom_free,2,0.994999,0.996054
symptom_of_r_cpd,2,1.000000,0.997967
symptom_worsen,2,1.000000,0.998469
symptomatic,2,1.000000,0.998802
syndrome,2,1.000000,0.997566
syndrome_diagnosis,2,1.000000,0.997941
syrup,2,1.000000,0.993393
systemic,2,1.000000,0.998741
t_rex,2,1.000000,0.998300
t_t,2,1.000000,0.998583
table,2,1.000000,0.994628
table_manners,2,1.000000,0.998381
tablespoon,2,1.000000,0.994194
tablet,2,1.000000,0.993074
tabletop,2,1.000000,0.996998
taboo,2,1.000000,0.999245
tachycardia,2,1.000000,0.998981
tactic,2,1.000000,0.999210
tad,2,1.000000,0.999549
tagamet,2,1.000000,0.994066
take_adderall,2,0.990089,0.999194
take_amitriptyline,2,1.000000,0.999662
take_digestive_enzyme,2,1.000000,0.994967
take_dramamine,2,1.000000,0.996096
take_gas_x,2,1.000000,0.993027
take_gaviscon,2,1.000000,0.992004
take_magnesium,2,0.932052,0.997333
take_omeprazole,2,1.000000,0.992008
take_pantoprazole,2,1.000000,0.999254
take_pepcid,2,1.000000,0.992506
take_pill,2,1.000000,0.993101
take_ppis,2,1.000000,0.993071
take_prilosec,2,1.000000,0.992957
take_probiotics,2,1.000000,0.993699
take_serious,2,1.000000,0.993713
take_small_bite,2,1.000000,0.990433
take_small_sip,2,1.000000,0.990813
take_tums,2,1.000000,0.992633
take_tylenol,2,1.000000,0.999308
take_xanax,2,1.000000,0.994803
take_zofran,2,1.000000,0.999240
takeout,2,1.000000,0.997253
talkative,2,1.000000,0.999583
tangle,2,1.000000,0.999026
tannin,2,1.000000,0.997249
tap,2,1.000000,0.994864
tap_water,2,1.000000,0.992718
tar,2,1.000000,0.999535
target,2,1.000000,0.996219
taste,2,1.000000,0.997302
taste_like,2,1.000000,0.997315
taste_or_smell,2,1.000000,0.999041
taste_smell,2,1.000000,0.999013
tea,2,1.000000,0.991195
teach,2,1.000000,0.996288
teach_myself,2,1.000000,0.995919
teach_myself_how,2,1.000000,0.996149
teach_themselves,2,1.000000,0.996364
teach_your_body,2,1.000000,0.997075
teach_yourself,2,1.000000,0.996107
teach_yourself_to_squat_instead,2,1.000000,0.994296
teary_eye,2,1.000000,0.999269
tech_neck,2,1.000000,0.998092
technique,2,1.000000,0.995168
technology,2,1.000000,0.998294
ted,2,1.000000,0.998164
teen,2,1.000000,0.997829
teen_and_early,2,1.000000,0.999507
teen_year,2,1.000000,0.998598
teenage_year,2,1.000000,0.998557
teenager,2,1.000000,0.997685
teeny,2,1.000000,0.997994
telehealth_consult,2,1.000000,0.998920
telemed,2,1.000000,0.995025
telemedicine_appointment,2,1.000000,0.999348
television,2,1.000000,0.999656
tell,2,1.000000,0.993781
tell_them,2,1.000000,0.993479
temperature,2,1.000000,0.998977
temple,2,1.000000,0.999033
temporary,2,1.000000,0.997365
temporary_paralyze,2,1.000000,0.997726
temporary_relief,2,1.000000,0.996681
temporary_side_effect,2,1.000000,0.997724
ten_minute,2,0.934485,0.998004
tend,2,0.892825,0.997321
tend_to_worsen_with_age,2,1.000000,0.999100
tender,2,1.000000,0.998254
tense,2,1.000000,0.995281
tense_up,2,1.000000,0.995371
tension,2,1.000000,0.995353
tension_headache,2,1.000000,0.996979
tequila,2,1.000000,0.992335
terrible,2,1.000000,0.997274
terrible_heartburn,2,1.000000,0.995325
terrible_idea,2,1.000000,0.999410
terrify,2,1.000000,0.998086
terrify_of_vomit,2,1.000000,0.998487
test,2,1.000000,0.994778
test_for_celiac,2,1.000000,0.998420
test_for_r_cpd,2,1.000000,0.997484
test_positive,2,1.000000,0.998973
testify,2,1.000000,0.999180
testimonial,2,1.000000,0.997046
texas,2,1.000000,0.991792
text,2,1.000000,0.995127
textbook_rcpd,2,1.000000,0.999264
texture,2,1.000000,0.990221
thailand,2,1.000000,0.994743
than_average,2,1.000000,0.998778
than_usual,2,1.000000,0.998518
thank_you_anyway,2,1.000000,0.998847
thank_you_for_check,2,1.000000,0.998912
thank_you_for_post,2,1.000000,0.996922
thank_you_for_share,2,1.000000,0.995956
thank_you_for_your_reply,2,1.000000,0.996770
thank_you_good_luck,2,1.000000,0.997387
thank_you_r/noburp,2,1.000000,0.999132
thank_you_sm,2,1.000000,0.998932
thank_you_though,2,1.000000,0.998829
thank_you_yeah,2,1.000000,0.999194
thank_you_yes,2,1.000000,0.997926
thankful,2,1.000000,0.995572
thanks_for_reply,2,1.000000,0.997139
thanks_for_respond,2,1.000000,0.998564
thanks_for_share,2,1.000000,0.995870
thanks_for_your_input,2,1.000000,0.998305
thanks_for_your_reply,2,1.000000,0.996710
thanks_in_advance,2,1.000000,0.995995
that_make_sense,2,1.000000,0.996127
that_predispose,2,1.000000,0.997083
thc,2,1.000000,0.996669
thc_receptor,2,1.000000,0.998933
the_botox_wear,2,1.000000,0.996379
the_medical_jadedness,2,1.000000,0.998632
the_same_boat,2,1.000000,0.995847
the_tik_tok,2,1.000000,0.998349
the_vocal_chord,2,1.000000,0.997109
the_vocal_cord,2,1.000000,0.996723
theatre,2,1.000000,0.997995
their_20s,2,1.000000,0.999166
their_name,2,1.000000,0.995075
then_suddenly,2,1.000000,0.999373
theoretic,2,1.000000,0.996841
theorize,2,1.000000,0.998158
theory,2,1.000000,0.997935
therapy,2,1.000000,0.999222
thereabouts,2,1.000000,0.998515
thereby,2,0.974628,0.999228
therefore,2,1.000000,0.996554
these_attack,2,1.000000,0.999489
these_episode,2,1.000000,0.999362
these_symptom,2,0.968303,0.997999
these_test,2,1.000000,0.994680
these_weird,2,1.000000,0.997296
they_are,2,1.000000,0.997783
they_spray,2,1.000000,0.997418
thiamine,2,1.000000,0.999250
thick,2,1.000000,0.990777
thick_food,2,1.000000,0.993616
thick_mucus,2,1.000000,0.996668
thick_saliva,2,1.000000,0.998141
thigh,2,1.000000,0.997572
thin,2,1.000000,0.993161
think,2,0.875455,0.998557
third,2,1.000000,0.993186
third_attempt,2,1.000000,0.995005
third_dose,2,1.000000,0.994595
third_injection,2,1.000000,0.993403
third_round,2,1.000000,0.993984
third_shot,2,1.000000,0.994687
third_time,2,1.000000,0.993429
thirsty,2,1.000000,0.992386
thirties,2,1.000000,0.998359
this_community,2,1.000000,0.995630
this_condition,2,1.000000,0.997564
this_disorder,2,1.000000,0.995335
this_group,2,1.000000,0.995440
this_page,2,1.000000,0.995420
this_sub,2,1.000000,0.995373
this_subreddit,2,1.000000,0.995372
this_thread,2,1.000000,0.995487
thoracic,2,1.000000,0.998175
thorough_chew,2,1.000000,0.999394
those_with_r_cpd,2,1.000000,0.998700
though,2,1.000000,0.998088
thoughtful_response,2,1.000000,0.998276
three,1,0.707343,0.999995
three_hour,2,1.000000,0.997331
three_month,2,1.000000,0.995733
three_month_mark,2,1.000000,0.998100
thrill,2,1.000000,0.995579
throat_gargle,2,1.000000,0.999533
throat_massage,2,1.000000,0.995351
throat_nausea,2,1.000000,0.997517
throat_tightness,2,1.000000,0.998350
throatox,2,1.000000,0.993903
throb,2,1.000000,0.998380
through_kaiser_permanente,2,1.000000,0.997420
throughout,1,1.000000,0.999997
throw_off,2,0.887236,0.998874
throw_up,2,1.000000,0.996860
throw_up_air,2,1.000000,0.996825
throw_up_because,2,1.000000,0.997326
throw_up_but,2,1.000000,0.996868
throw_up_either,2,1.000000,0.999228
throw_up_instead,2,1.000000,0.999047
throw_up_once,2,1.000000,0.998167
throw_up_since,2,1.000000,0.997894
throw_up_so,2,1.000000,0.997138
throw_up_unless,2,1.000000,0.997514
throw_up_when,2,1.000000,0.996879
throw_up_which,2,0.957830,0.997948
throw_up_without,2,1.000000,0.999424
throwaway_account,2,1.000000,0.997399
thud,2,1.000000,0.997084
thumb,2,1.000000,0.995429
thump,2,1.000000,0.999211
thursday,2,1.000000,0.993681
thus,2,1.000000,0.996431
thyroid,2,1.000000,0.997848
thyroid_issue,2,1.000000,0.998899
ti,2,1.000000,0.999555
tic,2,1.000000,0.999660
tickle,2,1.000000,0.997090
tif,2,1.000000,0.999086
tif_procedure,2,1.000000,0.999282
tight,2,1.000000,0.995666
tight_chest,2,1.000000,0.998565
tight_pants,2,1.000000,0.998661
tight_ues,2,1.000000,0.997567
tighten,2,1.000000,0.995533
tighten_up,2,1.000000,0.995814
tighten_your_ab,2,1.000000,0.995906
tightness,2,1.000000,0.996511
tik_tok,2,1.000000,0.996596
tiktok,2,1.000000,0.995565
till_so_far,2,1.000000,0.997421
tilt_my,2,1.000000,0.993909
tilt_your,2,1.000000,0.995690
tingle,2,1.000000,0.998464
tinnitus,2,1.000000,0.999072
tiny,2,1.000000,0.997130
tiny_bit,2,1.000000,0.996242
tiny_bite,2,1.000000,0.990793
tiny_burp,2,1.000000,0.997003
tiny_little,2,1.000000,0.997212
tiny_microburp,2,1.000000,0.997715
tiny_sip,2,1.000000,0.991524
tiny_tiny,2,1.000000,0.997541
tip_of_your_tongue,2,1.000000,0.997554
tire,2,1.000000,0.999416
tired,2,1.000000,0.998196
tissue,2,1.000000,0.996538
tissue_disorder,2,1.000000,0.998260
tissue_resistance,2,1.000000,0.998720
title,2,1.000000,0.995053
tk,2,1.000000,0.999472
toad,2,1.000000,0.997891
toast,2,1.000000,0.990556
tobacco,2,1.000000,0.996213
toddler,2,1.000000,0.997587
toe,2,1.000000,0.995408
tofu,2,1.000000,0.995297
toilet,2,1.000000,0.996113
toilet_bowl,2,0.922375,0.999122
toilet_paper,2,1.000000,0.995715
tolerance,2,0.756385,0.997361
tolerant,2,1.000000,0.999554
tomato,2,1.000000,0.991661
tomato_base,2,1.000000,0.993706
tomato_sauce,2,1.000000,0.992738
tomorrow,2,1.000000,0.993551
tomorrow_morning,2,1.000000,0.994189
ton_of_microburp,2,0.971309,0.998223
tone,2,1.000000,0.998414
tongue,2,1.000000,0.995095
tongue_against,2,1.000000,0.995711
tongue_placement,2,1.000000,0.996596
tongue_position,2,1.000000,0.996802
tongue_posture,2,1.000000,0.995935
tonsil,2,0.866018,0.998075
tonsil_stone,2,1.000000,0.999396
too_bad,2,1.000000,0.998657
too_early,2,1.000000,0.993671
too_loose,2,1.000000,0.996838
too_scared,2,1.000000,0.997560
too_tight,2,1.000000,0.995919
toot,2,1.000000,0.999010
tooth,2,1.000000,0.995907
toothbrush,2,1.000000,0.995400
toothbrush_down,2,0.866874,0.997235
toothpaste,2,1.000000,0.996878
topic,2,1.000000,0.995272
topical,2,1.000000,0.999457
torso,2,1.000000,0.995786
tortuous,2,1.000000,0.999510
torture,2,1.000000,0.998992
total,2,1.000000,0.991080
total_anesthesia,2,1.000000,0.994476
total_cost,2,1.000000,0.991233
total_doable,2,1.000000,0.999225
total_fine,2,1.000000,0.998732
total_manage,2,1.000000,0.998779
total_sense,0,1.000000,0.999999
total_unrelated,2,1.000000,0.999292
total_worth,2,1.000000,0.996343
tough,2,0.812170,0.998676
tour,2,1.000000,0.998653
toxin,2,1.000000,0.997259
trachea,2,1.000000,0.996041
tract,2,1.000000,0.996734
tragic,2,1.000000,0.999608
train,2,1.000000,0.995893
train_myself,2,1.000000,0.996156
train_themselves,2,1.000000,0.996403
train_wheel,2,1.000000,0.996821
train_your_body,2,1.000000,0.996411
train_yourself,2,1.000000,0.996310
trainer,2,1.000000,0.997577
trait,2,1.000000,0.998180
trance,2,0.808807,0.998848
trans,2,1.000000,0.998897
transit,2,1.000000,0.999309
transition,2,1.000000,0.996213
translate,2,1.000000,0.997387
transverse_colon,2,1.000000,0.999267
trap,2,1.000000,0.995446
trap_air,2,1.000000,0.996255
trap_air_bubble,2,1.000000,0.996977
trap_gas,2,1.000000,0.996386
trap_inside,2,1.000000,0.996293
trap_wind,2,1.000000,0.997561
trash_can,2,1.000000,0.998438
trauma,2,1.000000,0.998203
traumatic,2,1.000000,0.998199
traumatic_experience,2,1.000000,0.998388
traumatize,2,1.000000,0.998211
travel_to_chicago,2,1.000000,0.991801
travel_up,2,1.000000,0.995516
tray,2,1.000000,0.997174
treat,2,1.000000,0.993270
treat_asap,2,1.000000,0.999191
treat_dysphagia,2,1.000000,0.995707
treat_r_cpd,2,1.000000,0.992875
treat_rcpd,2,1.000000,0.992954
treat_swallow_disorder,2,1.000000,0.997347
treatment,2,1.000000,0.993598
treatment_for_r_cpd,2,1.000000,0.994233
treatment_option,2,1.000000,0.994726
treatment_with_lucy_hicklin,2,1.000000,0.995054
trial,2,1.000000,0.995975
triangle,2,1.000000,0.998788
tricare,2,1.000000,0.990588
trick,2,1.000000,0.994978
tricyclic_antidepressant,2,1.000000,0.994974
trigger_by,2,1.000000,0.998466
trigger_food,2,1.000000,0.991622
trip,2,1.000000,0.993078
trip_to_chicago,2,1.000000,0.992017
tritter,2,1.000000,0.995537
trouble,2,1.000000,0.993679
trouble_breathe,2,1.000000,0.998115
trouble_sleep,2,1.000000,0.999708
trouble_swallow,2,1.000000,0.998502
trouble_swallow_pill,2,1.000000,0.999347
trt,2,1.000000,0.998732
true,2,1.000000,0.998405
truly,2,0.874412,0.997923
truly_life_change,2,1.000000,0.996253
trunk,2,1.000000,0.997743
trustworthy,2,1.000000,0.996958
try,2,1.000000,0.995472
try_to_convince,2,1.000000,0.993589
try_to_escape,2,1.000000,0.995564
try_to_force,2,1.000000,0.995782
try_to_teach,2,1.000000,0.997771
ttuhsc,2,1.000000,0.998652
tu_faire,2,1.000000,0.999677
tuba,2,1.000000,0.998647
tube,2,1.000000,0.997192
tube_down,2,1.000000,0.997096
tube_insert,2,1.000000,0.998200
tuck,2,1.000000,0.994145
tuck_your_chin,2,1.000000,0.996468
tuesday,2,1.000000,0.993744
tuesday_morning,2,1.000000,0.994570
tummy,2,1.000000,0.996336
tummy_hurt,2,1.000000,0.999317
tumor,2,1.000000,0.998037
tums,2,1.000000,0.992483
tuna,2,1.000000,0.994686
turbinate,2,0.930546,0.998403
turmeric,2,1.000000,0.995093
turn_into,2,1.000000,0.997111
turn_out,2,1.000000,0.997628
tutorial,2,1.000000,0.995334
tv,2,1.000000,0.998461
tw,2,1.000000,0.998816
tw_emetophobia,2,1.000000,0.999605
tweed,2,1.000000,0.999326
twenties,2,1.000000,0.998178
twentieth_may,2,1.000000,0.997527
twin_sister,2,1.000000,0.998419
twinge,2,1.000000,0.997627
twist,2,1.000000,0.993917
twist_tea,2,1.000000,0.996884
two_dose,2,1.000000,0.995977
two_finger,2,1.000000,0.997453
two_or_three,1,1.000000,0.999999
two_round,2,1.000000,0.993558
two_together,2,1.000000,0.998879
tylenol,2,1.000000,0.993437
tylenol_and_ibuprofen,2,1.000000,0.999344
u/karybrie,2,1.000000,0.998598
u_guy,2,1.000000,0.997906
u_s,2,1.000000,0.991599
uab,2,1.000000,0.995524
uber,2,0.897287,0.997029
ucsd,2,1.000000,0.996985
ues,2,1.000000,0.995721
ues_and_les,2,1.000000,0.997570
ues_muscle,2,1.000000,0.996132
ues_open,2,1.000000,0.995440
ugh,2,1.000000,0.997523
ugly,2,1.000000,0.998588
uhc,2,1.000000,0.990367
uhhh,2,1.000000,0.999206
uk,2,1.000000,0.991340
ulcer,2,1.000000,0.997549
ulcerative_colitis,2,1.000000,0.998658
ultimate_lead,2,1.000000,0.998406
ultrasound,2,1.000000,0.995083
umbilical,2,1.000000,0.998251
umm,2,1.000000,0.999065
un_grupo,2,1.000000,0.999490
unable_to_burp,2,1.000000,0.997932
unable_to_vomit,2,1.000000,0.998572
unaware,2,1.000000,0.994637
unbearable,2,1.000000,0.997398
unbelievable,2,1.000000,0.999383
unblock,2,1.000000,0.998996
unbutton,2,1.000000,0.998155
uncomfortable,2,1.000000,0.997429
uncommon,2,1.000000,0.998444
unconscious,2,1.000000,0.995674
uncontrollable,2,1.000000,0.997086
uncontrollable_burp,2,0.874783,0.998082
uncontrollable_microburp,2,1.000000,0.999393
uncontrolled,2,1.000000,0.997862
uncontrolled_belch,2,1.000000,0.999136
uncontrolled_burp,2,0.877381,0.998732
uncover,2,1.000000,0.999119
under_18,2,1.000000,0.997365
under_anaesthesia,2,1.000000,0.995207
under_anesthesia,2,1.000000,0.993937
under_control,2,1.000000,0.992923
under_ga,2,1.000000,0.993638
under_general,2,1.000000,0.993772
under_general_anaesthesia,2,1.000000,0.994712
under_general_anesthesia,2,1.000000,0.993840
under_general_anesthetic,2,1.000000,0.993756
under_local,2,1.000000,0.994317
under_sedation,2,1.000000,0.998297
under_twilight,2,1.000000,0.994947
under_your_chin,2,1.000000,0.995883
underdeveloped,2,1.000000,0.997756
underdiagnose,2,1.000000,0.998799
undergo,2,1.000000,0.995100
underlying,2,1.000000,0.998068
underlying_issue,2,1.000000,0.998573
underneath,2,1.000000,0.997683
understand_r_cpd,2,1.000000,0.997790
underweight,2,1.000000,0.998707
underwhelm,2,1.000000,0.998771
undetectable,2,1.000000,0.996847
undiagnosed,2,1.000000,0.998342
undigested_food,2,1.000000,0.997440
uneventful,2,1.000000,0.998937
unexpected,2,1.000000,0.997084
unexplained,2,1.000000,0.999033
unfair,2,1.000000,0.998531
unfit,2,1.000000,0.999486
ungodly,2,1.000000,0.998206
unhappy,2,1.000000,0.999787
unheard,2,1.000000,0.998921
uni,2,1.000000,0.999420
uninsured,2,1.000000,0.992946
unintentional,2,1.000000,0.998551
unisom,2,1.000000,0.995218
unit,2,1.000000,0.993715
unit_concentrate_dose,2,1.000000,0.998701
unit_of_botox,2,1.000000,0.994120
united_healthcare,2,1.000000,0.990016
united_state_and_speak_fluent,2,1.000000,0.998888
university,2,1.000000,0.991435
university_of_south,2,1.000000,0.997707
unknowing,2,1.000000,0.999517
unknown,2,1.000000,0.997910
unknown_reason,2,1.000000,0.999353
unlikely,2,1.000000,0.998347
unlimited,2,1.000000,0.999315
unlucky,2,0.824064,0.998398
unmanageable,2,1.000000,0.999741
unmask,2,1.000000,0.998323
unmistakable,2,1.000000,0.999251
unnecessary_test,2,1.000000,0.994394
unnerving,2,0.965118,0.999301
unpleasant,2,1.000000,0.997995
unpleasant_side_effect,2,1.000000,0.999468
unpredictable,2,1.000000,0.998928
unproductive,2,1.000000,0.999574
unregulated,2,1.000000,0.999659
unrelated,2,1.000000,0.997919
unrelenting,2,1.000000,0.999446
unsafe,2,1.000000,0.998869
until_recent,2,1.000000,0.997819
untreated,2,1.000000,0.998192
untreated_r_cpd,2,1.000000,0.998139
unwell,2,1.000000,0.998129
unwilling,2,1.000000,0.998490
unzip,2,1.000000,0.998506
upcoming_procedure,2,1.000000,0.997399
update,2,1.000000,0.996048
upper,2,1.000000,0.996192
upper_ab,2,1.000000,0.997381
upper_abdomen,2,1.000000,0.996331
upper_abdominal,2,1.000000,0.998260
upper_back,2,1.000000,0.996380
upper_body,2,1.000000,0.994843
upper_chest,2,1.000000,0.996300
upper_endoscopy,2,1.000000,0.994698
upper_esophageal,2,1.000000,0.996956
upper_esophageal_sphincter,2,1.000000,0.995973
upper_esophageal_sphincter_ues,2,1.000000,0.996660
upper_esophagus,2,1.000000,0.996082
upper_gi,2,1.000000,0.996641
upper_gi_endoscopy,2,1.000000,0.997262
upper_part,2,1.000000,0.997230
upper_range,2,0.947227,0.999546
upper_respiratory,2,1.000000,0.999407
upper_sphincter,2,1.000000,0.996088
upper_stomach,2,1.000000,0.996241
upright,2,1.000000,0.994179
upset,2,0.982086,0.997835
upset_stomach,2,1.000000,0.997978
upside_down,2,1.000000,0.994168
upstream,2,1.000000,0.999227
uptick,2,1.000000,0.999354
upward,2,1.000000,0.995023
upward_pressure,2,1.000000,0.998690
upwards,2,1.000000,0.995128
urge_to_vomit,2,1.000000,0.999351
urgent_care,2,1.000000,0.994982
urgh,2,1.000000,0.998758
urinary,2,1.000000,0.998981
urinate,2,1.000000,0.998280
urine_test,2,1.000000,0.997144
urologist,2,1.000000,0.999025
us_non_burper,2,1.000000,0.999320
usa,2,1.000000,0.991770
usage,2,1.000000,0.999607
usc,2,1.000000,0.994089
usd,2,1.000000,0.991654
use_75,2,1.000000,0.993927
useful,2,1.000000,0.995744
useless,2,1.000000,0.993609
useless_test,2,1.000000,0.996651
usf,2,1.000000,0.994185
usual,2,0.957031,0.998225
usual_r_cpd,2,1.000000,0.998699
usually,2,1.000000,0.997078
usually_accompany,2,1.000000,0.998312
uterus,2,1.000000,0.998988
uvula,2,1.000000,0.995335
vaccination,2,1.000000,0.995277
vacuum,2,1.000000,0.996420
vagal_nerve,2,1.000000,0.998860
vague,2,1.000000,0.998888
vague_nauseous,2,1.000000,0.999408
vagus_nerve,2,1.000000,0.997531
vagus_nerve_be,2,1.000000,0.999081
vain,2,1.000000,0.999483
validate,2,1.000000,0.996864
validation,2,1.000000,0.995605
value,2,1.000000,0.995542
valve,2,1.000000,0.995919
van,2,1.000000,0.998549
vanish,2,1.000000,0.998742
vape_and_smoke,2,1.000000,0.999481
variation,2,1.000000,0.995607
vary_depend,2,1.000000,0.994359
vary_from_person_to_person,2,1.000000,0.998777
vary_level,2,1.000000,0.999084
vast_majority_of_people,2,1.000000,0.999171
vcd,2,1.000000,0.998836
veg,2,1.000000,0.994175
vegan,2,1.000000,0.993083
vegetable,2,1.000000,0.991409
vegetarian,2,1.000000,0.993793
vein,2,1.000000,0.998393
velociraptor,2,1.000000,0.998140
ventetiden,2,1.000000,0.999559
venture,2,1.000000,0.999243
verbal,2,1.000000,0.999308
verge,2,1.000000,0.997671
verify,2,1.000000,0.994552
verse,2,1.000000,0.999296
vertebrae,2,1.000000,0.998311
vertical,2,1.000000,0.994342
vertical_shaker_exercise,2,1.000000,0.996304
vertigo,2,1.000000,0.998474
very_common,2,1.000000,0.998385
very_curious,2,1.000000,0.996855
very_doable,2,1.000000,0.998930
very_excite,2,1.000000,0.994579
very_friendly,2,1.000000,0.993828
very_happy,2,1.000000,0.995606
very_infrequently,2,1.000000,0.998766
very_interest,2,1.000000,0.996062
very_loud,2,1.000000,0.997333
very_lucky,2,1.000000,0.991671
very_mild,2,1.000000,0.998676
very_minor,2,1.000000,0.998766
very_nervous,2,1.000000,0.995274
very_rare,2,1.000000,0.998753
very_rarely,2,1.000000,0.997299
very_relatable,2,1.000000,0.998099
very_satisfy,2,1.000000,0.999089
very_sensitive,2,0.671878,0.998937
very_skeptical,2,1.000000,0.998629
very_skinny,2,1.000000,0.999174
very_slow,2,1.000000,0.990786
very_small,2,1.000000,0.997135
very_small_hiatal,2,1.000000,0.997721
very_straightforward,2,1.000000,0.996985
very_subtle,2,1.000000,0.999843
very_thin,2,1.000000,0.999568
very_tight,2,1.000000,0.996500
very_uncomfortable,2,1.000000,0.997452
very_weak,2,1.000000,0.999428
vess,2,1.000000,0.995562
via_endoscopy,2,1.000000,0.997570
vial,2,1.000000,0.992866
vibrate,2,1.000000,0.998335
vibrato,2,1.000000,0.999702
vice_versa,2,1.000000,0.999249
vicious_cycle,2,1.000000,0.998857
victoria,2,1.000000,0.993177
videoendoscopy,2,1.000000,0.994473
violence,2,1.000000,0.999252
violent,2,1.000000,0.996777
violent_cough,2,1.000000,0.999070
violent_hiccup,2,1.000000,0.999030
violent_vomit,2,1.000000,0.998416
virtual_appointment,2,1.000000,0.993233
virus,2,1.000000,0.998953
visceral,2,1.000000,0.999637
visibility,2,1.000000,0.997939
vision,2,1.000000,0.999230
visit,2,1.000000,0.992682
visual,2,1.000000,0.996832
visualization,2,1.000000,0.998587
visualize,2,1.000000,0.997023
vital,2,1.000000,0.998379
vitality,2,1.000000,0.990109
vitamin,2,1.000000,0.993397
vitamin_c,2,1.000000,0.995446
vlog,2,1.000000,0.996578
vocal_chord,2,1.000000,0.996978
vocal_coach,2,1.000000,0.996655
vocal_coach_youtube,2,1.000000,0.996040
vocal_control,2,1.000000,0.999793
vocal_cord,2,1.000000,0.996765
vocal_cord_dysfunction,2,1.000000,0.998637
vocal_exercise,2,1.000000,0.999557
vocal_fry,2,1.000000,0.999395
vocal_range,2,1.000000,0.999811
vodka,2,1.000000,0.991555
vodka_and_cranberry,2,1.000000,0.995133
vodka_cran,2,1.000000,0.996018
vodka_cranberry,2,1.000000,0.992590
vodka_orange,2,1.000000,0.994732
vodka_water,2,1.000000,0.993909
voice,2,1.000000,0.999534
voice_box,2,1.000000,0.996705
voice_center,2,1.000000,0.994081
voice_change,2,1.000000,0.999111
voice_disorder,2,0.802948,0.998207
volume,2,1.000000,0.997604
vom,2,1.000000,0.996773
vomit,2,1.000000,0.996802
vomit_episode,2,1.000000,0.999362
vomit_phobia,2,1.000000,0.998985
voor_de,2,1.000000,0.999515
vote,2,1.000000,0.996210
vyvanse,2,1.000000,0.995354
w_bastian,2,1.000000,0.997591
w_doctor_bastian,2,1.000000,0.997941
wa,2,1.000000,0.993171
waft,2,1.000000,0.998889
wager,2,1.000000,0.999268
waist,2,1.000000,0.994537
waistband,2,1.000000,0.999079
wait_room,2,0.810899,0.997101
wake_up,2,1.000000,0.997789
wake_up_around,2,1.000000,0.998692
wake_up_choke,2,1.000000,0.996694
wake_up_cough,2,1.000000,0.997576
wake_up_feel,2,1.000000,0.997782
wake_up_in_recovery,2,1.000000,0.998274
wake_up_nauseous,2,1.000000,0.999107
wake_up_one,1,1.000000,0.999997
wake_up_today,2,1.000000,0.996661
walk,2,1.000000,0.994807
walk_around,2,1.000000,0.994535
wall,2,1.000000,0.994930
walmart,2,1.000000,0.995552
walter_reed,2,1.000000,0.997061
want_to_share,2,1.000000,0.995809
ware_off,2,1.000000,0.997027
warm_blanket,2,1.000000,0.998349
warm_liquid,2,1.000000,0.996773
warm_water,2,1.000000,0.992262
warn,2,1.000000,0.995809
warning_sign,2,1.000000,0.999178
wary,2,0.776728,0.998453
wash,2,1.000000,0.991577
wash_down,2,1.000000,0.990433
wash_every_bite,2,1.000000,0.992431
washington,2,1.000000,0.993268
washington_dc,2,1.000000,0.995643
waste_of_money,2,1.000000,0.999326
waste_of_time,2,1.000000,0.993968
waste_of_time_and_money,2,1.000000,0.994752
water,2,1.000000,0.990644
water_nearby,2,1.000000,0.990337
water_on_hand,2,1.000000,0.990376
water_to_chase,2,1.000000,0.990835
water_to_wash,2,1.000000,0.991735
weak,2,1.000000,0.995966
weak_drug,2,1.000000,0.994204
weak_muscle,2,1.000000,0.998048
weak_voice,2,1.000000,0.998970
weaken,2,1.000000,0.996347
weakness,2,1.000000,0.998035
wear_clothes,2,1.000000,0.999588
wear_loose,2,1.000000,0.998391
wear_maternity,2,1.000000,0.999188
wear_off,2,1.000000,0.996349
wear_off_after,2,1.000000,0.995788
wear_off_around,2,1.000000,0.996585
wear_off_by,2,1.000000,0.996669
wear_off_eventual,2,1.000000,0.998175
wear_off_slow,2,1.000000,0.997773
wear_off_within,2,1.000000,0.995667
weather,2,0.820923,0.998865
web,2,1.000000,0.997190
web_site,2,1.000000,0.996872
webinar,2,1.000000,0.994990
website,2,1.000000,0.994846
wedding,2,1.000000,0.996075
wedge,2,1.000000,0.994031
wedge_pillow,2,1.000000,0.994079
wednesday,2,1.000000,0.993660
wednesday_morning,2,1.000000,0.995022
weed,2,1.000000,0.996431
weight,2,1.000000,0.998722
weight_gain,2,1.000000,0.994823
weight_loss,2,1.000000,0.994317
weight_loss_surgery,2,1.000000,0.999221
weightless,2,1.000000,0.999675
weird,2,1.000000,0.997705
weird_af,2,1.000000,0.998961
weird_frog,2,1.000000,0.997523
weird_gurgle_noise,2,1.000000,0.997633
weird_noise,2,1.000000,0.997204
weird_position,2,1.000000,0.994306
weird_quirk,2,1.000000,0.998683
weird_sensation,2,1.000000,0.997142
welcome,2,1.000000,0.996180
welcome_fellow,2,1.000000,0.998862
welcome_home,2,1.000000,0.999059
wellbeing,2,1.000000,0.997039
wendy,2,1.000000,0.997688
western,2,1.000000,0.992493
wet,2,1.000000,0.997207
whack,2,1.000000,0.999462
what_r_cpd,2,1.000000,0.993007
wheat,2,1.000000,0.992949
wheel,2,1.000000,0.998076
wheel_into,2,1.000000,0.998270
wheeze,2,1.000000,0.997979
whereby,2,1.000000,0.999712
whey,2,1.000000,0.996319
while_awake,2,1.000000,0.994419
while_radiograph,2,1.000000,0.997673
while_simultaneous,2,1.000000,0.997714
while_stand,2,1.000000,0.995073
while_yawn,2,1.000000,0.997735
whiskey,2,1.000000,0.991612
whisky,2,1.000000,0.992488
whisper,2,1.000000,0.999521
white_bread,2,1.000000,0.999221
who_specialize,2,1.000000,0.993007
who_treat,2,1.000000,0.992873
who_treat_r_cpd,2,1.000000,0.993295
whoever,2,1.000000,0.995090
whole_community,2,1.000000,0.996845
whole_family,2,1.000000,0.998650
whole_gi_track,2,1.000000,0.998699
whole_host,2,1.000000,0.999093
whole_life,2,1.000000,0.997749
whole_live,2,1.000000,0.998870
whole_milk,2,1.000000,0.994240
whole_new,2,1.000000,0.998259
whole_team,2,1.000000,0.997548
whole_world,2,1.000000,0.998528
wholesome,2,1.000000,0.997682
whomp,2,1.000000,0.999136
whoop,2,1.000000,0.998763
whoosh,2,1.000000,0.998747
wide_awake,2,1.000000,0.996546
wide_open,2,1.000000,0.995779
widen,2,0.927637,0.997155
wiggle,2,1.000000,0.994727
wiki_page,2,1.000000,0.995138
wikipedia,2,1.000000,0.998468
willing,2,1.000000,0.992423
willing_to_listen,2,1.000000,0.994989
willing_to_treat,2,1.000000,0.993351
willingness,2,1.000000,0.997750
wimbledon,2,1.000000,0.993052
wind,2,1.000000,0.996288
wind_eze,2,1.000000,0.995818
windpipe,2,1.000000,0.996280
wine,2,1.000000,0.990942
wire,2,1.000000,0.997230
withdraw,2,1.000000,0.998910
without_anesthetic,2,1.000000,0.994731
without_ga,2,1.000000,0.994748
without_r_cpd,2,0.678331,0.998709
witness,2,1.000000,0.998500
wonder,2,1.000000,0.996778
wonder_how_many,2,1.000000,0.997362
wonder_if_anyone,2,1.000000,0.995812
wonderful,2,1.000000,0.995647
woohoo,2,1.000000,0.996917
woozy,2,1.000000,0.998820
word_of_advice,2,1.000000,0.997700
work_in_retrograde,2,1.000000,0.996665
work_in_tandem,2,1.000000,0.998332
workday,2,1.000000,0.998639
workout,2,1.000000,0.995524
workup,2,1.000000,0.996394
world_of_difference,0,1.000000,1.000000
worm,2,1.000000,0.999320
worry,2,1.000000,0.998133
worry_about,2,1.000000,0.998118
worse_than,2,1.000000,0.997761
worse_with_age,2,1.000000,0.998554
worsen,2,1.000000,0.998512
worsen_with_age,2,1.000000,0.998898
worst,2,1.000000,0.997451
worst_fear,2,1.000000,0.999500
worst_part,2,1.000000,0.998531
worth_investigate,2,1.000000,0.999124
would_hesitate,2,1.000000,0.996403
would_love,2,1.000000,0.995779
wow,2,1.000000,0.996624
wretch,2,1.000000,0.998720
wretched,2,1.000000,0.999709
wretching,2,1.000000,0.999143
writhe_in_pain,2,1.000000,0.999113
wrong_pipe,2,1.000000,0.992897
wrong_place,2,1.000000,0.998858
wrong_sub,2,1.000000,0.999077
x2,2,1.000000,0.998097
x_ray,2,1.000000,0.994932
xd,2,1.000000,0.997908
xiphoid_process,2,1.000000,0.998689
xray,2,1.000000,0.995040
xxxx,2,1.000000,0.999313
xylitol,2,1.000000,0.995598
yack,2,1.000000,0.999321
yale,2,1.000000,0.994727
yale_medicine,2,1.000000,0.996859
yale_medicine_condition_summary,2,1.000000,0.995286
yawn,2,1.000000,0.996988
yay,2,1.000000,0.995582
yay_congratulation,2,1.000000,0.998093
yell,2,1.000000,0.997689
yellow,2,1.000000,0.997282
yesterday_morning,2,1.000000,0.994007
yikes,2,1.000000,0.998337
yoga,2,1.000000,0.995874
yoga_class,2,1.000000,0.994777
yoga_pose,2,1.000000,0.995787
yoga_position,2,1.000000,0.996987
yoga_routine,2,1.000000,0.999185
yoga_stretch,2,1.000000,0.996508
yoghurt,2,1.000000,0.990419
yogurt,2,1.000000,0.990177
young_age,2,1.000000,0.998160
young_brother,2,1.000000,0.999062
young_child,2,1.000000,0.997884
young_kid,2,1.000000,0.998992
your_adams_apple,2,1.000000,0.995670
your_arm,2,1.000000,0.994971
your_body,2,1.000000,0.995720
your_brain,2,1.000000,0.995845
your_chin,2,1.000000,0.994472
your_core,2,1.000000,0.995221
your_daughter,2,1.000000,0.996110
your_diaphragm,2,1.000000,0.995170
your_digestive_tract,2,1.000000,0.996814
your_esophagus,2,1.000000,0.995843
your_finger,2,1.000000,0.995335
your_frustration,2,1.000000,0.998042
your_gag_reflex,2,1.000000,0.995694
your_good_bet,2,1.000000,0.992894
your_gp,2,1.000000,0.992439
your_gut,2,1.000000,0.996555
your_head,2,1.000000,0.994067
your_insurance_company,2,1.000000,0.990361
your_knee,2,1.000000,0.995247
your_larynx,2,1.000000,0.995596
your_lung,2,1.000000,0.995610
your_mouth,2,1.000000,0.995613
your_neck,2,1.000000,0.994749
your_nose,2,1.000000,0.997115
your_nostril,2,1.000000,0.998189
your_own,2,1.000000,0.995233
your_pcp,2,1.000000,0.993645
your_r_cpd,2,1.000000,0.998004
your_shoulder,2,1.000000,0.994480
your_shoulder_blade,2,1.000000,0.996103
your_son,2,1.000000,0.996085
your_thumb,2,1.000000,0.995975
your_toe,2,1.000000,0.995073
your_tongue,2,1.000000,0.995072
your_torso,2,1.000000,0.994664
your_vocal_chord,2,1.000000,0.998855
your_vocal_cord,2,1.000000,0.997218
your_wife,2,1.000000,0.997988
youtube,2,1.000000,0.995247
youtube_channel,2,1.000000,0.996512
youtube_search,2,1.000000,0.997917
yucky,2,0.984598,0.999247
yup,2,1.000000,0.997587
zantac,2,1.000000,0.993600
zebra,2,1.000000,0.998635
zest,2,1.000000,0.999576
zofran,2,1.000000,0.992764
zoom_call,2,1.000000,0.992823
zurich,2,1.000000,0.998813
zyrtec,2,1.000000,0.994596
