token,label,prob,sim_to_centroid
00,-1,0.000000,nan
000,5,1.000000,0.982461
01,5,0.952514,0.993135
02,5,1.000000,0.997002
03,5,1.000000,0.996807
04,5,1.000000,0.995345
05,5,0.943086,0.995144
08,-1,0.000000,nan
10000_worth,-1,0.000000,nan
1000_worth,-1,0.000000,nan
1000x_worse,5,1.000000,0.996806
100_certain,5,1.000000,0.996537
100_unit,5,1.000000,0.988597
100_worth,-1,0.000000,nan
100cc,5,0.977475,0.991757
100k,5,1.000000,0.988163
100mg,5,1.000000,0.988811
100ml,5,1.000000,0.989640
100u,5,1.000000,0.988511
100x,-1,0.000000,nan
100x_better,5,1.000000,0.997868
100x_worse,-1,0.000000,nan
10_12,2,1.000000,0.999992
10_15,2,1.000000,0.999986
10_22,5,1.000000,0.994010
10_lb,-1,0.000000,nan
10_month,3,1.000000,0.999950
10_pound,-1,0.000000,nan
10_week,3,1.000000,0.999952
10_year_ago,5,1.000000,0.996446
10_year_old,5,1.000000,0.996508
10pm,5,0.940167,0.993594
10x_worse,-1,0.000000,nan
11,2,1.000000,0.999964
111,5,1.000000,0.994434
115,-1,0.000000,nan
11_year_old,5,1.000000,0.997410
120,-1,0.000000,nan
1200,5,1.000000,0.985046
120_pound,-1,0.000000,nan
125,5,1.000000,0.989381
125_unit,5,1.000000,0.990549
12_day,3,1.000000,0.999970
12_week,3,1.000000,0.999951
13_month,3,1.000000,0.999915
13th,5,1.000000,0.990740
140,-1,0.000000,nan
14_year_old_daughter,5,1.000000,0.997168
14k,5,1.000000,0.987196
15,2,1.000000,0.999969
150,5,1.000000,0.984298
1500,5,1.000000,0.983300
150_200,5,1.000000,0.992025
150_unit,5,1.000000,0.988939
150mg,5,1.000000,0.998243
15_20,2,0.684885,0.999876
15_month,3,1.000000,0.999856
15_pound,-1,0.000000,nan
15_second,5,0.987151,0.990780
15_year,5,1.000000,0.995985
15_year_old,5,1.000000,0.997387
15mg,1,1.000000,0.996921
160,-1,0.000000,nan
160_unit,5,1.000000,0.996907
17_year_old,5,1.000000,0.996990
18,5,1.000000,0.995813
180,-1,0.000000,nan
1800,5,1.000000,0.987091
185,-1,0.000000,nan
18_and_interest,5,1.000000,0.998933
18_month_ago,5,1.000000,0.994459
18_year,5,1.000000,0.996324
18_year_or_old,5,1.000000,0.997885
18f,5,1.000000,0.997264
19,5,1.000000,0.995982
190,-1,0.000000,nan
1987,5,1.000000,0.997814
19_20,5,0.942316,0.997680
19_or_20,5,1.000000,0.998452
19_year,5,0.950461,0.996932
1_500,5,1.000000,0.987771
1_88,5,1.000000,0.997110
1_month,3,1.000000,0.999959
1l,1,1.000000,0.997097
2000,5,1.000000,0.982902
2005,5,1.000000,0.998341
200_unit,5,1.000000,0.989011
2010,5,1.000000,0.998769
2019_paper,5,1.000000,0.995520
20_mg,1,1.000000,0.996718
20_unit,5,1.000000,0.989490
20_year,5,1.000000,0.996037
20_year_old_female,5,0.966110,0.997048
20_year_old_male,5,1.000000,0.997222
20mg,1,1.000000,0.996035
20s,5,1.000000,0.995902
215,5,0.927163,0.998414
21f,5,1.000000,0.997339
220,-1,0.000000,nan
22f,5,1.000000,0.997451
23_year_old_female,5,1.000000,0.997444
23f,5,1.000000,0.997495
23rd,5,1.000000,0.990447
2400,5,1.000000,0.987989
24_7,5,1.000000,0.991084
24_hour_post_op,5,1.000000,0.997118
24_hour_test,-1,0.000000,nan
24_year_old,5,0.933798,0.996735
24f,5,1.000000,0.997193
250,5,1.000000,0.983675
25_each,5,1.000000,0.991670
25_unit,5,1.000000,0.989290
25_year,5,1.000000,0.996110
25f,5,1.000000,0.997770
25mg,1,1.000000,0.997292
25th,5,1.000000,0.990168
26,5,1.000000,0.996011
26_year,5,1.000000,0.996606
26_year_old,-1,0.000000,nan
26f,5,1.000000,0.997124
26m,5,1.000000,0.999199
26th,5,1.000000,0.990779
273,5,1.000000,0.998691
27_year_old,5,0.952128,0.996955
27m,5,1.000000,0.997537
27th,5,1.000000,0.990787
28_year_old,5,0.929652,0.996788
28th,5,1.000000,0.990921
29_year_old,5,1.000000,0.997527
29m,5,1.000000,0.997276
29th,5,1.000000,0.989863
2_3,2,1.000000,0.999997
2_3x,2,1.000000,0.999998
2_4,2,1.000000,0.999998
2_5,2,1.000000,0.999995
2_500,5,1.000000,0.986812
2_liter,1,1.000000,0.998349
2_month,3,1.000000,0.999973
2_week,3,1.000000,0.999977
2_week_mark,5,1.000000,0.996367
2cm,5,1.000000,0.997741
2k,5,1.000000,0.982118
2oz,1,1.000000,0.998940
2pm,5,0.940167,0.993390
300,5,1.000000,0.982351
3000,5,1.000000,0.981817
30_60_minute,5,1.000000,0.998905
30_minute_late,-1,0.000000,nan
30_pound,-1,0.000000,nan
30_second,5,1.000000,0.989247
30_unit,5,1.000000,0.989195
30_year,5,1.000000,0.996063
30c,5,1.000000,0.998890
30f,5,1.000000,0.994350
30m,5,1.000000,0.997799
30s,-1,0.000000,nan
30th,5,1.000000,0.989785
31_year,5,1.000000,0.997042
31_year_old,5,1.000000,0.998121
31st,5,1.000000,0.990922
3200,5,1.000000,0.985008
325,5,1.000000,0.994342
32_now,5,1.000000,0.996792
32_year_old,5,1.000000,0.997969
34_year_old,5,1.000000,0.997885
350,5,1.000000,0.985914
3500,5,1.000000,0.983092
35_year,5,1.000000,0.995913
3600,-1,0.000000,nan
38_year,-1,0.000000,nan
38_year_old,5,1.000000,0.997098
3_4,2,1.000000,0.999996
3_4_month,3,1.000000,0.999982
3_day_ago,5,1.000000,0.990080
3_month,3,1.000000,0.999977
3_month_mark,3,1.000000,0.999927
3_month_post_op,-1,0.000000,nan
3_week_ago,5,1.000000,0.989863
3_week_post_op,5,0.903603,0.996831
3_year_ago,5,1.000000,0.996050
3am,-1,0.000000,nan
3k,5,1.000000,0.981830
3km,1,0.834917,0.998251
3x,2,1.000000,0.999992
400,5,1.000000,0.982963
4000,5,1.000000,0.982380
40_mg,1,1.000000,0.996666
40_unit,5,1.000000,0.989053
40_year,5,1.000000,0.996121
40_year_old,5,1.000000,0.997123
40mg,1,1.000000,0.995807
42_year,5,1.000000,0.997228
43,-1,0.000000,nan
450,5,1.000000,0.986224
45_degree,5,0.985714,0.996371
45_degree_angle,5,1.000000,0.993004
46_year,5,1.000000,0.998357
47,5,1.000000,0.997256
4_000,5,1.000000,0.985383
4_5,2,1.000000,0.999994
4_5_inch,5,1.000000,0.985488
4_5_month,3,1.000000,0.999931
4_5k,5,1.000000,0.988721
4_minute,5,0.985987,0.994194
4_month,3,1.000000,0.999963
4_month_mark,5,1.000000,0.996118
4_month_third_125,5,1.000000,0.997426
4_or_5,2,1.000000,0.999995
4cm,5,1.000000,0.995434
4k,5,1.000000,0.981881
4pm,-1,0.000000,nan
50,5,1.000000,0.989221
500,5,1.000000,0.982556
5000,5,1.000000,0.981585
500mg,1,1.000000,0.997667
50_100,5,1.000000,0.990294
50_100_unit,5,1.000000,0.990869
50_mile,5,0.903109,0.996700
50_unit,5,1.000000,0.988300
50_unit_with_lucy,5,1.000000,0.993724
50_unit_with_lucy_hicklin,5,0.955270,0.991908
50_year,5,1.000000,0.996211
50kg,-1,0.000000,nan
50mg,5,1.000000,0.988539
50ml,5,1.000000,0.990144
50u,5,1.000000,0.988944
50u_in_office,5,1.000000,0.994099
510,-1,0.000000,nan
511,-1,0.000000,nan
52_year,5,1.000000,0.997215
53_year,5,1.000000,0.997184
550,5,1.000000,0.986547
5500,5,1.000000,0.988369
57,-1,0.000000,nan
5_6,2,1.000000,0.999997
5_7,2,1.000000,0.999996
5_8,2,1.000000,0.999976
5_hop,1,1.000000,0.997588
5_month,3,1.000000,0.999951
5_pound,-1,0.000000,nan
5_week,3,1.000000,0.999962
5_year_old,5,1.000000,0.996589
5k,5,1.000000,0.982295
5pm,5,0.914210,0.992840
600,5,1.000000,0.981464
600_upfront,5,1.000000,0.997289
60_unit,5,1.000000,0.989011
60g,1,1.000000,0.999846
63,5,1.000000,0.997541
630,5,1.000000,0.997896
64,-1,0.000000,nan
65,-1,0.000000,nan
650,5,1.000000,0.983263
65_unit,5,1.000000,0.992928
6_7,2,1.000000,0.999998
6_month,3,1.000000,0.999975
6_month_ago,5,1.000000,0.990869
6_month_mark,3,1.000000,0.999917
6_month_pregnant,-1,0.000000,nan
6_week_mark,3,0.991356,0.999828
6th_grade,5,0.972550,0.997405
70,-1,0.000000,nan
700,5,1.000000,0.982680
70_unit,5,1.000000,0.989064
70_year,5,1.000000,0.997606
70s,5,1.000000,0.997852
73,5,1.000000,0.996128
75,5,1.000000,0.989012
750,5,1.000000,0.984484
75_cc,5,1.000000,0.996520
75_or_100,5,1.000000,0.995580
75_unit,5,1.000000,0.988624
75_unit_under_general,5,1.000000,0.991226
75_unit_with_doctor_bastian,5,1.000000,0.992756
75u,5,1.000000,0.989387
7_00,5,1.000000,0.992395
7_8,2,1.000000,0.999997
7_month,3,1.000000,0.999959
7_month_ago,5,1.000000,0.994860
7_month_fourth,5,1.000000,0.995207
7_month_pregnant,-1,0.000000,nan
7_year_old,5,1.000000,0.996714
7k,5,1.000000,0.984963
80,5,1.000000,0.991558
800,5,1.000000,0.982450
80_90,5,1.000000,0.994887
80_cure_rate,5,0.966644,0.996175
80_of_people,5,1.000000,0.993053
80_success_rate,5,1.000000,0.990224
80_unit,5,1.000000,0.988640
80u,5,1.000000,0.989405
816,5,1.000000,0.989526
820,5,1.000000,0.991882
8255,5,1.000000,0.998658
850,5,1.000000,0.983476
85_unit,5,1.000000,0.992188
860,5,1.000000,0.990995
88_unit,5,1.000000,0.995444
89,5,1.000000,0.996978
8_14,5,1.000000,0.996124
8_9,2,1.000000,0.999997
8_day,3,1.000000,0.999961
8_month_pregnant,-1,0.000000,nan
8_year_old,5,1.000000,0.996314
8oz,1,1.000000,0.999373
8th,5,1.000000,0.989912
90,-1,0.000000,nan
900,5,1.000000,0.984411
90_degree,5,1.000000,0.987950
90_percent,5,1.000000,0.999099
90_success_rate,5,1.000000,0.995438
95,-1,0.000000,nan
950,5,1.000000,0.998796
95_unit,5,1.000000,0.993080
99_99,5,1.000000,0.997606
9_month_pregnant,-1,0.000000,nan
9_year_old,5,1.000000,0.996818
9am,5,1.000000,0.990224
a_acid_reducer,1,1.000000,0.996919
a_daily_basis,5,1.000000,0.993516
a_double_whammy,5,0.901590,0.997035
a_heat_pad,5,1.000000,0.990621
a_hiatal_hernia,5,1.000000,0.992930
a_life_changer,5,0.972186,0.994236
a_roller_coaster,-1,0.000000,nan
a_small_hiatal,5,1.000000,0.993585
a_speech_pathologist,5,1.000000,0.990416
a_stomach_bug,5,1.000000,0.995178
a_x_ray,4,1.000000,0.999932
ab,5,1.000000,0.986774
ab_exercise,-1,0.000000,nan
abd,-1,0.000000,nan
abdomen,5,1.000000,0.988619
abdomen_onto,5,1.000000,0.989977
abdominal,5,1.000000,0.990293
abdominal_area,5,1.000000,0.996717
abdominal_bloat,-1,0.000000,nan
abdominal_cramp,5,1.000000,0.996343
abdominal_discomfort,5,1.000000,0.995297
abdominal_distension,-1,0.000000,nan
abdominal_distention,5,1.000000,0.996288
abdominal_massage,5,0.979212,0.993618
abdominal_muscle,5,1.000000,0.987434
abdominal_pain,5,1.000000,0.991324
abdominal_pressure,-1,0.000000,nan
abdominal_ultrasound,-1,0.000000,nan
abdomino_phrenic,5,1.000000,0.996345
aber,-1,0.000000,nan
ability,3,1.000000,0.999946
ability_to_belch,-1,0.000000,nan
ability_to_burp,3,1.000000,0.999933
ability_to_sing,5,1.000000,0.999527
able_to_burp,5,1.000000,0.995980
able_to_burp_on_command,5,1.000000,0.996294
able_to_enjoy,1,0.645686,0.999003
able_to_get_rid,5,1.000000,0.990606
abnormal,-1,0.000000,nan
abnormality,-1,0.000000,nan
about_3500,5,1.000000,0.988998
about_r_cpd,5,1.000000,0.990446
above_average,5,1.000000,0.998353
abrasion,0,0.912091,0.999609
abroad,5,1.000000,0.986426
absolutely_agree,5,1.000000,0.997392
absolutely_disgust,5,1.000000,0.998671
absolutely_fine,-1,0.000000,nan
absolutely_life_change,-1,0.000000,nan
absolutely_love,5,0.988691,0.995919
absolutely_miserable,5,0.921607,0.995209
absolutely_terrible,-1,0.000000,nan
absolutely_terrify,5,1.000000,0.996444
absolutely_worth,-1,0.000000,nan
absorb,5,1.000000,0.989190
absorption,-1,0.000000,nan
abstract,5,1.000000,0.996187
abuse,5,0.907653,0.996196
academic,5,1.000000,0.995466
academic_research,5,1.000000,0.996772
accident,5,1.000000,0.991878
accident_vomit,-1,0.000000,nan
accompany_by,5,1.000000,0.992242
accomplishment,5,1.000000,0.997692
accord_to_doctor_bastian,5,1.000000,0.997806
accumulate,5,1.000000,0.989112
accuracy,5,1.000000,0.991592
accuse,5,1.000000,0.998203
acetaminophen,1,0.791733,0.999041
achalasia,-1,0.000000,nan
ache,5,1.000000,0.991599
achieve,5,1.000000,0.989802
acid,-1,0.000000,nan
acid_erosion,5,1.000000,0.996704
acid_food,1,1.000000,0.998906
acid_medication,1,1.000000,0.996622
acid_production,5,1.000000,0.995548
acid_reducer,1,1.000000,0.996686
acid_reflux,5,1.000000,0.992556
acid_reflux_gerd,5,1.000000,0.997763
acid_reflux_medication,1,1.000000,0.995994
acid_reflux_pill,1,1.000000,0.996700
acid_taste,5,1.000000,0.991536
acidity,5,1.000000,0.990270
acknowledge,5,1.000000,0.992533
acne,1,1.000000,0.996466
acquaintance,5,1.000000,0.997154
acquire,5,1.000000,0.996674
acre_le,5,1.000000,0.998681
act_like,5,1.000000,0.994656
act_up,5,1.000000,0.993894
action,5,1.000000,0.987922
activate,5,1.000000,0.987802
activate_charcoal,1,1.000000,0.997608
active,5,1.000000,0.988827
active_ingredient,1,1.000000,0.998278
activity,-1,0.000000,nan
actor,5,1.000000,0.999582
actual_condition,5,1.000000,0.996553
actual_name,5,1.000000,0.996845
actual_vomit,-1,0.000000,nan
actually_enjoy,1,0.634249,0.998867
acupuncturist,5,1.000000,0.991627
acute,5,0.984315,0.995849
adamant,5,1.000000,0.998143
adams_apple,5,1.000000,0.987460
add_sugar,1,1.000000,0.999839
adderall,1,1.000000,0.997140
addiction,1,1.000000,0.999683
address,5,1.000000,0.992767
adenomyosis,5,1.000000,0.998024
adhd,5,1.000000,0.994556
adhd_medication,1,1.000000,0.996331
adjustment_period,5,1.000000,0.997732
adkins,5,1.000000,0.997868
administer,5,1.000000,0.989880
adolescence,5,0.956299,0.998797
adolescent,5,1.000000,0.997633
adrenaline,-1,0.000000,nan
adult,5,1.000000,0.995293
adult_life,5,1.000000,0.995867
adulthood,5,1.000000,0.995869
adventure,5,0.932515,0.996741
adverse_effect,5,1.000000,0.999110
adverse_reaction,5,0.975477,0.997306
adverse_side_effect,5,0.940734,0.998875
advice_and_support,5,1.000000,0.996127
advil,1,0.915393,0.998911
advocacy,5,1.000000,0.995687
advocate,5,1.000000,0.992845
advocate_for_yourself,5,1.000000,0.992068
aerobic,-1,0.000000,nan
aerophagia,5,1.000000,0.993292
aetna,5,1.000000,0.982367
afab,5,1.000000,0.997829
affair,5,1.000000,0.998513
affect,-1,0.000000,nan
affirm,5,1.000000,0.997697
afflict,5,1.000000,0.997940
afraid,-1,0.000000,nan
afraid_of_needle,5,1.000000,0.998836
afraid_of_vomit,5,0.991830,0.995168
afrin,-1,0.000000,nan
after_dinner,-1,0.000000,nan
after_eat,-1,0.000000,nan
after_extensive_conventional,-1,0.000000,nan
after_lunch,-1,0.000000,nan
after_meal,-1,0.000000,nan
afternoon,-1,0.000000,nan
afternoon_and_evening,5,1.000000,0.996416
afternoon_evening,5,0.955950,0.997059
age_12,5,1.000000,0.996696
age_18,5,1.000000,0.996698
age_27,5,1.000000,0.997731
age_8,5,1.000000,0.996131
aggravate,5,0.936673,0.995041
agh,5,1.000000,0.996833
agitate,-1,0.000000,nan
agony,-1,0.000000,nan
agoraphobia,5,1.000000,0.997495
agree,5,1.000000,0.991588
agreement,5,1.000000,0.996375
ah_cool,5,0.969727,0.998703
ah_man,5,1.000000,0.997754
ah_wow,5,1.000000,0.997497
ahead_of_time,5,1.000000,0.989868
ahhh,5,1.000000,0.996099
ahhhh,5,1.000000,0.997695
ahhhhh,5,1.000000,0.998129
aid,1,0.899636,0.998993
ailment,5,1.000000,0.996707
aimlee,5,1.000000,0.996156
air,5,1.000000,0.987933
air_bubble,5,1.000000,0.988278
air_buildup,-1,0.000000,nan
air_escape,5,1.000000,0.988879
air_hunger,5,0.984885,0.996465
air_inside,5,1.000000,0.988454
air_pocket,5,0.987600,0.991080
air_trap,5,1.000000,0.988493
air_upwards,5,1.000000,0.991382
air_vom,5,1.000000,0.996982
air_vomit,-1,0.000000,nan
airway,5,0.971378,0.989577
airy,5,0.975350,0.997960
alan,5,1.000000,0.995873
albany_ny,5,1.000000,0.992067
alberta,5,1.000000,0.989116
albuterol_inhaler,-1,0.000000,nan
alc,1,1.000000,0.999403
alcohol,1,1.000000,0.997976
alcohol_caffeine,1,1.000000,0.999820
alcohol_coffee,1,1.000000,0.999791
alcoholic,1,1.000000,0.998203
alcoholic_drink,1,1.000000,0.998145
ale,1,1.000000,0.998404
alert,5,1.000000,0.999275
alginate,1,1.000000,0.998153
algoid,1,0.877409,0.999260
alignment,5,1.000000,0.995571
alka_seltzer,1,1.000000,0.998611
alka_seltzer_gum,1,1.000000,0.998622
alkaline,1,0.880634,0.999229
alkaline_water,1,1.000000,0.999956
all_honesty,5,1.000000,0.998489
allergic_reaction,5,1.000000,0.998075
allergist,4,0.976070,0.999955
allergy,5,0.952687,0.993918
allergy_medication,1,1.000000,0.997046
allergy_test,5,0.979275,0.996470
alleviate,5,1.000000,0.994119
almond_milk,1,1.000000,0.999855
almost_choke,-1,0.000000,nan
almost_cry,5,1.000000,0.996602
almost_daily,5,1.000000,0.993139
almost_entirely,5,1.000000,0.997034
almost_every,2,1.000000,0.999996
almost_every_bite,1,1.000000,0.998209
almost_everyday,5,0.989404,0.996630
almost_nonexistent,5,1.000000,0.996766
alotaibi,5,1.000000,0.996134
alternate_between,5,1.000000,0.999448
alternative_medicine,5,1.000000,0.997054
alternative_method,5,1.000000,0.996902
amanda_hu,5,1.000000,0.991346
amaze,5,1.000000,0.995464
amazement,5,1.000000,0.997180
amazing,5,1.000000,0.995136
amazon,1,1.000000,0.998853
ambulatory,5,1.000000,0.987171
america,5,1.000000,0.985817
american,5,1.000000,0.985099
amersfoort,5,1.000000,0.991087
amitriptyline,1,1.000000,0.996075
amnesia,-1,0.000000,nan
among_no_burper,5,1.000000,0.998460
among_us,5,1.000000,0.997369
amount_of_air,5,1.000000,0.987957
amount_of_gas,5,1.000000,0.988167
amplify,5,1.000000,0.995670
anaesthesia,5,1.000000,0.989655
anaesthetist,5,1.000000,0.989137
anaesthetist_come,5,1.000000,0.995973
anatomical,5,1.000000,0.993285
anatomy,5,1.000000,0.991615
andrew,5,1.000000,0.996157
android,5,1.000000,0.999256
anecdotal,5,1.000000,0.994928
anemia,5,1.000000,0.996637
anemic,-1,0.000000,nan
anesthesia,5,1.000000,0.989891
anesthesia_general,5,1.000000,0.999491
anesthesiologist,5,1.000000,0.989789
anesthesiologist_come,-1,0.000000,nan
anesthetic,5,1.000000,0.989504
anesthetist,5,1.000000,0.989773
anesthetize,5,1.000000,0.991934
anger,5,1.000000,0.997352
angle,5,1.000000,0.985355
angry,-1,0.000000,nan
anguish,5,1.000000,0.998378
announce,5,1.000000,0.997048
annoy,-1,0.000000,nan
annoyed,-1,0.000000,nan
anomaly,5,1.000000,0.997730
anonymous,5,1.000000,0.995920
anorexia,5,0.929904,0.996408
anorexic,5,0.998955,0.996836
another_dose,5,1.000000,0.989494
another_injection,5,1.000000,0.989472
another_round,5,1.000000,0.989456
another_shot,5,1.000000,0.990026
another_state,5,1.000000,0.988362
answer_any_question,5,1.000000,0.995542
antacid,1,1.000000,0.996409
antegrade,5,0.991976,0.993804
anterograde,5,1.000000,0.993474
anthem,5,1.000000,0.984928
anthem_bcbs,5,1.000000,0.986296
anti_acid,1,1.000000,0.996388
anti_anxiety_med,1,1.000000,0.996268
anti_anxiety_medication,1,1.000000,0.995836
anti_depressant,5,1.000000,0.997886
anti_gas,1,1.000000,0.998177
anti_gas_medication,1,1.000000,0.997562
anti_gas_pill,1,1.000000,0.997431
anti_nausea,1,1.000000,0.997481
anti_nausea_medication,1,1.000000,0.997301
anti_reflux,5,1.000000,0.998515
anti_sickness,1,1.000000,0.996372
antibiotic,1,1.000000,0.995714
antidepressant,1,1.000000,0.996103
antiemetic,1,1.000000,0.997914
antihistamine,1,1.000000,0.997931
antireflux,5,1.000000,0.998576
antispasmodic,5,1.000000,0.998844
anxiety,-1,0.000000,nan
anxiety_and_depression,5,0.974288,0.997009
anxiety_and_panic_attack,5,0.927431,0.997580
anxiety_attack,5,0.894569,0.995147
anxiety_depression,5,1.000000,0.995747
anxiety_disorder,5,1.000000,0.996264
anxiety_induce,5,0.966619,0.995668
anxiety_med,1,0.847213,0.995204
anxiety_medication,1,1.000000,0.996071
anxiety_panic_attack,5,1.000000,0.998145
anxiety_provoke,5,1.000000,0.998013
anxiety_related,5,0.900616,0.996261
anxiety_spike,5,1.000000,0.997836
anxiety_surround,5,1.000000,0.997645
anxious,-1,0.000000,nan
anxious_about,-1,0.000000,nan
anxious_person,-1,0.000000,nan
any_complication,5,0.957129,0.997221
any_correlation,5,1.000000,0.994778
any_guidance,5,1.000000,0.996215
any_pointer,5,0.980552,0.995505
any_sense,-1,0.000000,nan
anymore,5,1.000000,0.991019
anything_carbonate,1,1.000000,0.998083
anything_fizzy,1,1.000000,0.996636
anywhere_near,5,1.000000,0.997235
apd,5,1.000000,0.995459
appeal,5,1.000000,0.982140
appear_reasonable,5,1.000000,0.997003
appearance,5,0.961556,0.998597
appease,5,1.000000,0.997313
appendicitis,5,0.951159,0.997480
appendix,5,1.000000,0.996695
appetite,-1,0.000000,nan
apple,1,1.000000,0.998608
apple_juice,1,1.000000,0.999128
apple_sauce,1,1.000000,0.998425
applesauce,1,1.000000,0.997994
apply_pressure,5,1.000000,0.990385
appointment,5,1.000000,0.988618
appointment_with_doctor_bastian,5,1.000000,0.989708
appointment_with_doctor_spiegel,5,1.000000,0.990162
appointment_with_lucy,5,1.000000,0.989736
appointment_with_lucy_hicklin,5,1.000000,0.989808
appointment_with_my_pcp,5,1.000000,0.990155
appreciate_any_input,5,1.000000,0.998026
appreciate_your_response,5,1.000000,0.996415
approval,5,1.000000,0.984333
approve,5,1.000000,0.982624
approximate,5,1.000000,0.997170
april_2024,5,1.000000,0.994453
april_23,5,1.000000,0.995359
apt,5,1.000000,0.988640
arch,5,1.000000,0.991295
arduous,5,1.000000,0.998557
are_not_all,5,1.000000,0.997819
are_not_alone,5,1.000000,0.995874
are_not_aware,5,1.000000,0.995479
are_not_burp,5,1.000000,0.997384
are_not_like,5,1.000000,0.998689
are_not_suffer,5,1.000000,0.998476
are_not_uncommon,5,1.000000,0.998248
arfid,5,0.937854,0.997625
argh,5,1.000000,0.997720
arizona,5,1.000000,0.991900
arm,5,1.000000,0.987179
arm_above,5,1.000000,0.988657
armpit,5,0.917156,0.997404
around_11,-1,0.000000,nan
around_200,5,1.000000,0.989793
around_4k,5,1.000000,0.988678
around_600,5,1.000000,0.984797
around_80,5,1.000000,0.994116
around_850,5,1.000000,0.990032
arrive,5,1.000000,0.989833
artery,5,1.000000,0.994660
arthritis,5,1.000000,0.999360
article,5,1.000000,0.993505
asap,5,1.000000,0.986296
ashamed,5,0.935611,0.996033
asleep,5,0.892267,0.991089
asphyxiation,5,1.000000,0.998863
aspirate,-1,0.000000,nan
aspirin,1,1.000000,0.998024
assembly,5,1.000000,0.998464
assess,5,1.000000,0.993021
assessment,5,1.000000,0.989389
assistant,5,1.000000,0.989057
associate,5,0.956934,0.995465
associate_symptom,5,1.000000,0.995456
associate_with_r_cpd,5,1.000000,0.995870
association_between,5,1.000000,0.997827
assure,5,1.000000,0.990623
asthma,5,0.973145,0.993515
asthmatic,5,0.958438,0.997570
asymptomatic,5,1.000000,0.998536
athletic,5,0.953186,0.996519
atlas,5,1.000000,0.999490
atrophy,5,1.000000,0.995349
attach,5,1.000000,0.993356
attack,5,1.000000,0.992272
attendant,5,0.979188,0.997814
attract,5,1.000000,0.998232
attractive,5,1.000000,0.997050
attribute,-1,0.000000,nan
atypical,5,1.000000,0.997014
audible,5,1.000000,0.992174
audible_sound,5,1.000000,0.994803
audition,5,0.980055,0.997064
august,5,1.000000,0.989272
august_2023,5,1.000000,0.994115
aujourdhui_concern_le_rcpd,5,1.000000,0.998924
aunt,5,1.000000,0.998082
australia,5,1.000000,0.986178
australian,5,1.000000,0.995570
austria,5,1.000000,0.990673
author,5,1.000000,0.995295
authorization,5,1.000000,0.982323
autism,5,1.000000,0.995905
autistic,5,1.000000,0.997928
autoimmune,5,1.000000,0.995501
autoimmune_disease,5,1.000000,0.995834
autoimmune_disorder,5,1.000000,0.998206
automatic,5,1.000000,0.988479
autonomic,5,1.000000,0.996380
autonomic_nervous_system,5,1.000000,0.996041
availability,5,1.000000,0.988574
available,5,1.000000,0.985245
avenue,5,1.000000,0.993068
average,2,1.000000,0.999977
average_person,5,0.949377,0.992994
average_weight,5,1.000000,0.997717
aversion,5,0.957896,0.996846
aviva,5,1.000000,0.989828
avoid,1,1.000000,0.998867
avoid_anything,1,1.000000,0.998505
avoid_bread,1,1.000000,0.999620
avoid_carbonate,1,1.000000,0.996833
avoid_carbonate_beverage,1,1.000000,0.999807
avoid_carbonation,1,1.000000,0.999837
avoid_carbonation_alcohol_caffeine,1,1.000000,0.999789
avoid_dairy,1,1.000000,0.999556
avoid_trigger,1,1.000000,0.999372
aw,5,1.000000,0.995743
awake,5,1.000000,0.989348
aware,5,1.000000,0.993320
aware_of_r_cpd,5,1.000000,0.991195
awe,5,1.000000,0.996760
awesome,5,1.000000,0.995133
awesome_congratulation,5,1.000000,0.996929
awesome_news,5,1.000000,0.996863
awesome_to_hear,5,1.000000,0.996532
awful,5,1.000000,0.991503
awh,5,1.000000,0.996191
awkward,5,1.000000,0.993286
awkwardness,5,0.975461,0.996557
aww,5,1.000000,0.995915
b1,-1,0.000000,nan
b12,5,1.000000,0.996173
b6,1,1.000000,0.997199
b_b,5,1.000000,0.998860
baba,5,1.000000,0.997891
baby,5,1.000000,0.995147
baby_accord,5,1.000000,0.996426
baby_ibuprofen,1,0.937362,0.999431
baby_my_parent,5,1.000000,0.997619
back_down,5,1.000000,0.987798
back_to_normal,3,1.000000,0.999983
background_check,5,1.000000,0.996189
backstop,5,1.000000,0.992026
baclofen,5,0.991116,0.998216
bacon,1,1.000000,0.999333
bacteria,5,1.000000,0.989527
bacteria_overgrowth,5,1.000000,0.998263
bacterial,5,1.000000,0.995563
bad,5,1.000000,0.991559
bad_breath,5,1.000000,0.992980
bad_habit,-1,0.000000,nan
bad_posture,5,1.000000,0.995634
baffle,-1,0.000000,nan
baggy,-1,0.000000,nan
bah,5,1.000000,0.998119
bahama,5,1.000000,0.997993
bake,1,1.000000,0.999753
ball,5,1.000000,0.987623
ball_roll,5,1.000000,0.987597
ball_under_your_chin,5,1.000000,0.993524
balloon,5,1.000000,0.987710
balloon_dilation,5,1.000000,0.989935
ballottement,-1,0.000000,nan
banana,1,1.000000,0.998041
bar,1,0.663829,0.998799
bare_minimum,1,1.000000,0.999659
barely_audible,5,0.894404,0.994375
barely_eat,1,1.000000,0.998847
barely_ever,5,1.000000,0.998247
barely_notice,-1,0.000000,nan
barf,-1,0.000000,nan
barium,4,1.000000,0.999937
barium_study,4,0.754292,0.999827
barium_swallow,4,0.995961,0.999864
barium_swallow_and_manometry,-1,0.000000,nan
barium_swallow_show,5,0.931148,0.995186
barium_swallow_study,4,0.899607,0.999959
barium_swallow_test,4,1.000000,0.999891
barium_test,4,0.715960,0.999824
bark,5,1.000000,0.994928
barley,1,0.852234,0.999013
barotrauma,5,1.000000,0.996735
barret,5,1.000000,0.998567
barrett,5,1.000000,0.994098
barrett_esophagus,5,1.000000,0.993251
basically_zero,-1,0.000000,nan
bastard,5,1.000000,0.998365
bastian,5,1.000000,0.989035
bastian_article,5,1.000000,0.995034
bastian_paper,5,1.000000,0.993126
bastian_rw,5,1.000000,0.997405
bastian_voice_institute,5,1.000000,0.988675
bastian_voice_institute_publish,5,1.000000,0.996081
bath,5,0.936727,0.998484
bathroom,-1,0.000000,nan
bathroom_floor,-1,0.000000,nan
baxter,5,1.000000,0.995769
bay_area_california,5,1.000000,0.996354
baylor_scott,5,1.000000,0.993406
bbc_article,5,1.000000,0.995992
bc,-1,0.000000,nan
bcbs,5,1.000000,0.981736
bcs,5,1.000000,0.998717
be_lactose_intolerant,1,1.000000,0.999328
bean,1,1.000000,0.998701
beano,1,0.952374,0.998519
bearable,-1,0.000000,nan
beat,5,1.000000,0.988209
because_of_r_cpd,5,0.899253,0.996969
become_unbearable,-1,0.000000,nan
bed,5,1.000000,0.985927
bed_riser,5,0.909017,0.986877
bed_wedge,-1,0.000000,nan
bedridden,5,1.000000,0.996460
bedside_manner,5,1.000000,0.996725
bedtime,-1,0.000000,nan
beep,5,1.000000,0.998201
beer,1,1.000000,0.997176
beer_cider,1,1.000000,0.999062
beer_drinker,1,0.729511,0.997965
beer_or_seltzer,1,1.000000,0.997121
before_bed,-1,0.000000,nan
before_bedtime,-1,0.000000,nan
beginner,5,1.000000,0.998550
beginning,-1,0.000000,nan
beginning_of_august,5,1.000000,0.996052
beginning_of_november,5,1.000000,0.996409
behalf,5,1.000000,0.990557
behavior,5,1.000000,0.995253
behind,5,1.000000,0.987672
belch,5,1.000000,0.991782
belch_reflex,-1,0.000000,nan
belief,5,1.000000,0.997047
believe,5,1.000000,0.993212
believe_doctor_bastian,5,0.994866,0.995107
bell_pepper,1,1.000000,0.999826
belle,5,1.000000,0.999251
bellevue,5,1.000000,0.991587
bellevue_wa,5,1.000000,0.994016
belly,5,1.000000,0.987894
belly_breath,5,1.000000,0.991875
belly_breathe,5,1.000000,0.993415
belly_button,5,1.000000,0.989551
belong_here,5,1.000000,0.997726
belt,5,1.000000,0.987683
benadryl,1,1.000000,0.997673
bench,-1,0.000000,nan
bench_press,5,1.000000,0.992654
bend,5,1.000000,0.986031
bend_down,5,1.000000,0.985638
bend_forward,5,1.000000,0.991738
bend_over,5,1.000000,0.985455
bend_over_especially,5,1.000000,0.985102
beneath,5,1.000000,0.989511
benefit,-1,0.000000,nan
benzo,1,1.000000,0.996711
benzodiazepine,5,1.000000,0.998503
berlin,5,1.000000,0.986762
berries,1,1.000000,0.999786
beta_blocker,1,1.000000,0.996333
betaine,1,1.000000,0.998399
betaine_hcl,1,1.000000,0.997020
better_soon,5,1.000000,0.996205
between_bite,1,1.000000,0.997633
beverage,1,1.000000,0.998020
beyond_frustrate,5,1.000000,0.996987
bf,5,1.000000,0.996331
bias,5,1.000000,0.994397
big_belch,5,1.000000,0.996028
big_bite,1,0.883825,0.999020
big_breath,5,0.948707,0.991545
big_complaint,5,0.986764,0.997843
big_concern,5,0.939500,0.997982
big_deal,-1,0.000000,nan
big_difference,-1,0.000000,nan
big_dose,5,1.000000,0.991562
big_eater,1,0.816266,0.998744
big_fear,5,1.000000,0.996018
big_gulp,1,1.000000,0.997826
big_meal,1,0.772426,0.998195
big_role,5,0.933338,0.998577
bile,-1,0.000000,nan
bill,5,1.000000,0.981640
binder,5,1.000000,0.996640
binge_eat,5,0.987112,0.998333
biofeedback,-1,0.000000,nan
biology,5,0.976452,0.997743
biopsy,4,1.000000,0.999920
birth,5,1.000000,0.995915
birth_control,1,0.923660,0.995457
birth_control_pill,1,1.000000,0.998211
birth_defect,5,1.000000,0.996059
bit_groggy,-1,0.000000,nan
bite,1,1.000000,0.996893
bite_of_food,1,1.000000,0.996977
bittersweet,5,1.000000,0.996947
bizarre,-1,0.000000,nan
black_coffee,1,1.000000,0.997433
blackout_drunk,-1,0.000000,nan
blah,-1,0.000000,nan
bland_diet,5,0.904816,0.998318
bland_food,1,1.000000,0.999867
blanket,-1,0.000000,nan
bleb,5,1.000000,0.998284
blend,1,1.000000,0.999301
blender,1,1.000000,0.999795
bless,5,1.000000,0.996320
blessing,-1,0.000000,nan
blissful,5,1.000000,0.998089
bloat,5,1.000000,0.990822
bloat_and_distension,5,1.000000,0.995450
bloat_belly,5,0.919869,0.996255
bloat_flatulence,5,1.000000,0.993048
bloatedness,5,1.000000,0.994460
block,5,0.947185,0.988448
block_nose,5,0.917688,0.995691
blockage,5,0.951957,0.990354
blog,5,1.000000,0.994955
blood_draw,-1,0.000000,nan
blood_sugar,-1,0.000000,nan
blood_test,4,1.000000,0.999935
blood_work,4,1.000000,0.999958
bloodwork,4,0.747080,0.999879
blow_away,5,1.000000,0.997017
blow_up,5,1.000000,0.988320
blue_color,1,1.000000,0.999596
blue_cross,5,1.000000,0.985217
blue_cross_blue_shield,5,1.000000,0.985193
blue_ridge,5,1.000000,0.983119
blue_shield,5,1.000000,0.983896
blueberry,1,1.000000,0.999842
bluecross,5,1.000000,0.997207
bm,5,1.000000,0.995242
bmi,-1,0.000000,nan
bmi_alexandra,5,1.000000,0.996921
bmi_blackheath,5,1.000000,0.991716
boatload,5,1.000000,0.996337
bob,5,1.000000,0.990445
bodily,-1,0.000000,nan
bodily_function,-1,0.000000,nan
body_dysmorphia,5,0.895226,0.997006
body_image,5,0.963960,0.996343
body_itch,-1,0.000000,nan
body_position,5,1.000000,0.987701
bodybuilder,5,1.000000,0.999505
bone,5,1.000000,0.990079
bone_broth,1,1.000000,0.999498
bonjour_avoir_vous_recut,5,1.000000,0.999252
book,5,0.988767,0.989027
book_in_with_lucy,5,1.000000,0.996251
bordello,5,1.000000,0.995934
borderline_underweight,-1,0.000000,nan
boring,-1,0.000000,nan
boston_area,5,1.000000,0.995389
both_r_cpd,5,1.000000,0.997077
bothersome,-1,0.000000,nan
botox,5,1.000000,0.989245
botox_for_dysphagia,5,1.000000,0.992748
botox_injection,5,0.986694,0.989257
botox_itself,5,1.000000,0.980679
botox_iversary,5,1.000000,0.994048
botox_migrate,-1,0.000000,nan
botox_treatment,-1,0.000000,nan
botox_wear_off,3,1.000000,0.999955
bottle,1,1.000000,0.997643
bottle_of_sprite,1,1.000000,0.997674
bottle_of_water,1,1.000000,0.997863
bottom,5,1.000000,0.987721
bottom_jaw,5,1.000000,0.991179
bottom_tooth,0,0.824882,0.999565
botulinum,5,0.900971,0.999478
botulinum_toxin,-1,0.000000,nan
botulinum_toxin_injection,5,1.000000,0.995340
bounce_up,5,1.000000,0.991618
bout,5,1.000000,0.991998
bout_of_food_poison,-1,0.000000,nan
bout_of_nausea,5,0.932130,0.997613
bowel,5,1.000000,0.989252
bowel_cramp,-1,0.000000,nan
bowel_issue,5,1.000000,0.994373
bowel_movement,-1,0.000000,nan
bowel_problem,5,1.000000,0.996284
bowl,1,1.000000,0.998218
bowl_of_pasta,-1,0.000000,nan
boy_6,5,1.000000,0.998512
bp,-1,0.000000,nan
bpd,5,1.000000,0.998143
bracket,5,1.000000,0.996468
brag,5,1.000000,0.997631
bragg,5,1.000000,0.996242
brain_fog,5,1.000000,0.995758
brass,5,1.000000,0.996733
bravery,5,1.000000,0.997141
bread,1,1.000000,0.997629
break,5,1.000000,0.988859
break_down,-1,0.000000,nan
breakfast,1,1.000000,0.998202
breast_bone,-1,0.000000,nan
breastbone,5,1.000000,0.993662
breath,5,0.959055,0.988753
breath_test,4,0.923997,0.999944
breathe,5,0.927120,0.989048
breathe_deep,-1,0.000000,nan
breathe_exercise,5,1.000000,0.993080
breathe_issue,5,1.000000,0.993080
breathe_proper,5,0.957898,0.997265
breathe_technique,5,1.000000,0.993959
breathe_through,5,0.975028,0.988430
breathe_tube,0,0.878939,0.999720
breathless,5,1.000000,0.992479
breathy,-1,0.000000,nan
breed,5,1.000000,0.998510
breeze,5,1.000000,0.989718
brethren,5,1.000000,0.996909
bridgetown,5,1.000000,0.997094
brigham_and_woman,5,1.000000,0.992693
brilliant,5,1.000000,0.995288
bring_myself,-1,0.000000,nan
brisbane,5,1.000000,0.988854
brisk_walk,1,1.000000,0.998871
brit,5,1.000000,0.995385
broad,5,0.912552,0.998704
broccoli,1,1.000000,0.999135
bronchitis,-1,0.000000,nan
broomfield,5,1.000000,0.991037
brother,5,1.000000,0.995651
browser,5,1.000000,0.996593
bruh,5,1.000000,0.997260
bruise,5,1.000000,0.992001
brunch,1,1.000000,0.999319
brush_my,-1,0.000000,nan
bsw,5,1.000000,0.991712
btx,5,1.000000,0.993013
bub,-1,0.000000,nan
bubble,5,0.996647,0.988095
bubble_of_air,5,1.000000,0.988683
bubble_pop,5,1.000000,0.990840
bubble_stuck,5,1.000000,0.990729
bubbly,1,1.000000,0.997686
bubbly_drink,1,1.000000,0.996964
bubbly_water,1,1.000000,0.996969
bucket,-1,0.000000,nan
budget,5,1.000000,0.982366
bueno,5,1.000000,0.999198
buffet,1,0.694757,0.998578
bugger,5,1.000000,0.997679
build_up,5,1.000000,0.987078
build_up_of_air,-1,0.000000,nan
build_up_of_gas,-1,0.000000,nan
build_up_pressure,5,1.000000,0.988947
building_up,5,1.000000,0.986759
buildup,5,1.000000,0.990672
buildup_of_gas,5,0.982757,0.996234
bulb,5,1.000000,0.999016
bulge,5,0.987263,0.994888
bulimia,5,1.000000,0.996040
bullfrog,5,1.000000,0.997304
bullying,5,1.000000,0.997425
bummer,5,1.000000,0.995622
bun,1,0.867504,0.998357
bupa,5,1.000000,0.982020
burden,-1,0.000000,nan
burn,5,1.000000,0.991178
burn_sensation,5,1.000000,0.991480
burp,-1,0.000000,nan
burp_contest,5,1.000000,0.995382
burp_on_command,-1,0.000000,nan
burper,5,0.895247,0.996336
burpiversary,5,1.000000,0.996943
burrito,1,1.000000,0.999360
burst,5,1.000000,0.987797
burst_of_air,5,1.000000,0.995643
buspirone,5,1.000000,0.998541
butt,5,1.000000,0.987328
butter,1,1.000000,0.998846
butterfly,5,1.000000,0.996569
bvi,5,1.000000,0.988832
by_accident,5,1.000000,0.992051
by_comparison,5,1.000000,0.999269
by_contract,5,1.000000,0.988561
by_doctor_bastian,5,0.993499,0.992203
by_surprise,-1,0.000000,nan
bye_bye,1,1.000000,0.999584
byproduct,-1,0.000000,nan
cabbage,1,1.000000,0.999722
cabinet,5,1.000000,0.999318
cable,0,0.836385,0.999583
cad,5,1.000000,0.985711
cafeteria,1,0.787438,0.998084
caffeine,1,1.000000,0.998856
caffeine_alcohol,1,1.000000,0.999772
calcium_carbonate,1,1.000000,0.998905
calculation,5,1.000000,0.997675
calf,5,0.946558,0.997199
california,5,1.000000,0.986951
calm_myself,5,1.000000,0.991816
caloric,1,1.000000,0.999668
camera,0,1.000000,0.999897
camera_down,0,1.000000,0.999789
camera_through,0,1.000000,0.999882
camera_up,0,1.000000,0.999844
campus,-1,0.000000,nan
can_afford,5,1.000000,0.984265
can_attest,5,1.000000,0.997991
can_relate,5,0.925302,0.996413
canada,5,1.000000,0.985748
cancel,5,1.000000,0.988487
cancel_plan,-1,0.000000,nan
cancellation,5,1.000000,0.988824
cancer,5,1.000000,0.993920
candida,5,1.000000,0.994403
candida_overgrowth,5,1.000000,0.998330
candle,5,1.000000,0.991719
candy,1,1.000000,0.999040
canker_sore,-1,0.000000,nan
cannot_believe,5,1.000000,0.996701
cannot_burp_on_command,5,1.000000,0.997814
cannot_emphasize,5,1.000000,0.997683
cannot_wait,5,1.000000,0.991916
cannula,-1,0.000000,nan
capable,-1,0.000000,nan
capitalize,-1,0.000000,nan
capsule,1,0.832629,0.999337
car,5,1.000000,0.987203
car_sickness,5,1.000000,0.996841
carafe,1,1.000000,0.996833
carbohydrate,1,1.000000,0.999050
carbon_dioxide,5,1.000000,0.990184
carbonate,1,1.000000,0.997552
carbonate_alcoholic,1,1.000000,0.997574
carbonate_antacid,1,1.000000,0.999710
carbonate_beverage,1,1.000000,0.996583
carbonate_drink,1,1.000000,0.996362
carbonate_drink_alcohol,1,1.000000,0.999887
carbonate_drink_and_alcohol,-1,0.000000,nan
carbonate_mixer,1,1.000000,0.999142
carbonate_water,1,1.000000,0.996490
carbonation,1,1.000000,0.996559
card,5,1.000000,0.984174
cardiac,5,1.000000,0.995798
cardio,-1,0.000000,nan
cardiologist,-1,0.000000,nan
care,5,1.000000,0.993126
care_about,5,1.000000,0.993554
careful,-1,0.000000,nan
careless,5,1.000000,0.997832
carolina,5,1.000000,0.998418
carrot,1,1.000000,0.999397
carry_out,5,1.000000,0.992424
carsick,5,0.956535,0.996737
cartilage,5,1.000000,0.990171
cartoon,5,1.000000,0.994829
cascade_stomach,5,1.000000,0.998764
case_of_r_cpd,5,1.000000,0.997133
case_study,5,1.000000,0.993802
cash,5,1.000000,0.982178
casual_mention,5,1.000000,0.997189
cat_cow,5,1.000000,0.992613
cat_scan,4,0.616492,0.999711
catalyst,5,1.000000,0.997711
catastrophic,5,1.000000,0.997424
catathrenia,5,1.000000,0.998062
catch,-1,0.000000,nan
categorize,5,1.000000,0.998005
cathartic,5,1.000000,0.998041
catheter,0,1.000000,0.999915
cauliflower,1,1.000000,0.999871
causal,5,1.000000,0.997358
causation,5,1.000000,0.995675
cause,5,0.927953,0.994236
cause_barrett,5,0.928706,0.995146
cause_by,5,1.000000,0.994227
cause_by_r_cpd,5,1.000000,0.994379
cause_constipation,5,1.000000,0.990209
cause_inflammation,5,1.000000,0.997324
cause_r_cpd,5,1.000000,0.996128
caustic,1,1.000000,0.999729
cautious_about,5,1.000000,0.998773
cautious_optimistic,5,1.000000,0.992645
cbd,-1,0.000000,nan
cbd_oil,1,1.000000,0.996654
cbg,5,1.000000,0.998411
cc,5,1.000000,0.989713
cd,5,1.000000,0.998362
ce_que,5,1.000000,0.999175
ceiling,5,1.000000,0.989862
ceiling_hold,5,1.000000,0.990714
ceiling_stretch,5,1.000000,0.992970
celery,1,1.000000,0.999903
celiac,5,1.000000,0.992986
celiac_disease,5,1.000000,0.993076
celsius,1,1.000000,0.998866
cereal,1,1.000000,0.998546
certain_food,1,1.000000,0.998720
certain_position,5,1.000000,0.985875
certain_situation,5,0.891659,0.997426
certain_type,1,1.000000,0.999737
certain_way,5,1.000000,0.984951
cervical,5,1.000000,0.995442
chair,5,1.000000,0.985792
chalk_up,5,1.000000,0.998197
challenge,1,0.911327,0.997665
champagne,1,1.000000,0.997485
chance_of_develop,5,1.000000,0.995324
charcoal,1,1.000000,0.998772
charge,5,1.000000,0.982179
charite_berlin,5,1.000000,0.996007
charm,5,1.000000,0.989167
chart,5,1.000000,0.993149
chase,1,1.000000,0.997828
chase_each_bite,1,1.000000,0.999550
chase_every,1,1.000000,0.999396
chase_with_water,1,1.000000,0.997297
chaser,1,0.993404,0.998867
chat,5,1.000000,0.988890
cheadle,5,1.000000,0.990074
cheap_option,5,1.000000,0.989793
checkout,5,1.000000,0.995795
checkup,5,1.000000,0.992555
cheek,5,1.000000,0.989544
cheer_cheer_dance,5,1.000000,0.995754
cheer_cheer_dance_syndrome,5,1.000000,0.996646
cheese,1,1.000000,0.998311
cheesecake,1,0.744423,0.997352
chelsea,5,1.000000,0.988593
chelsea_outpatient_center,5,0.984246,0.993243
cherryhill,5,1.000000,0.990959
chest,5,1.000000,0.988595
chest_area,5,1.000000,0.988777
chest_cavity,5,1.000000,0.988334
chest_hurt,-1,0.000000,nan
chest_pain,5,1.000000,0.991333
chest_pressure,5,1.000000,0.991552
chest_tightness,5,1.000000,0.992616
chest_x_ray,4,1.000000,0.999950
chest_xray,5,1.000000,0.998886
chew,1,1.000000,0.997173
chew_everything,1,1.000000,0.998796
chew_gum,1,1.000000,0.998703
chew_thorough,1,1.000000,0.997192
chew_well,1,1.000000,0.997301
chewable,1,1.000000,0.998605
chewable_tablet,1,1.000000,0.999010
chi,5,1.000000,0.999239
chiari,5,1.000000,0.998350
chicago_with_doctor_bastian,5,1.000000,0.993895
chick,1,0.681954,0.996339
chicken_and_egg,5,1.000000,0.998393
chickpea,1,1.000000,0.999888
chihuahua,5,1.000000,0.997312
child,5,1.000000,0.995146
child_hospital,5,1.000000,0.990966
child_liquid_ibuprofen,1,1.000000,0.998365
child_pose,5,1.000000,0.993741
childhood,5,1.000000,0.995306
childhood_trauma,5,1.000000,0.996889
chile,5,1.000000,0.998610
chin,5,1.000000,0.986543
chin_down,5,1.000000,0.986369
chin_forward,5,1.000000,0.990534
chin_tuck,5,1.000000,0.989622
chin_up,5,1.000000,0.994836
china,5,1.000000,0.992255
chip_tooth,5,1.000000,0.996793
chiropractor,5,0.976296,0.992935
chirp,5,1.000000,0.996492
chloride,1,0.836200,0.998523
chocolate,1,1.000000,0.998726
chocolate_factory,5,1.000000,0.997486
chocolate_milk,1,1.000000,0.999505
choke,-1,0.000000,nan
choke_episode,-1,0.000000,nan
choke_sensation,-1,0.000000,nan
choke_to_death,5,0.988458,0.997637
choo,5,1.000000,0.998425
christchurch,5,1.000000,0.996016
christmas_dinner,1,1.000000,0.998799
chron,5,1.000000,0.998277
chronic,5,1.000000,0.992133
chronic_acid_reflux,5,1.000000,0.995239
chronic_constipation,5,0.932454,0.995202
chronic_cough,5,0.909880,0.997362
chronic_fatigue,5,1.000000,0.996292
chronic_gastritis,5,1.000000,0.995324
chronic_illness,5,1.000000,0.997049
chronic_inability,5,1.000000,0.995775
chronic_migraine,5,1.000000,0.997394
chronic_nausea,5,1.000000,0.992701
chronic_pain,5,1.000000,0.996112
chronic_reflux,5,1.000000,0.996525
chronic_sinusitis,5,0.997303,0.997791
chubby,5,1.000000,0.997095
chuck,5,1.000000,0.997586
chug,1,1.000000,0.997069
chug_anything,1,0.610349,0.996636
chug_beer,5,1.000000,0.996846
chug_liquid,1,1.000000,0.999045
chug_sprite,5,1.000000,0.997373
chug_water,1,1.000000,0.997420
chunky,1,1.000000,0.999384
churn,5,1.000000,0.992876
chyme,5,1.000000,0.991330
cider,1,1.000000,0.997123
cigar,5,1.000000,0.997801
cigarette,1,0.576590,0.998198
cigna,5,1.000000,0.982208
cinnamon,1,1.000000,0.999966
circular,5,1.000000,0.996960
circular_motion,5,1.000000,0.991145
circulate,5,1.000000,0.995625
circulation,5,1.000000,0.995868
citizen,5,1.000000,0.992106
citrus,1,1.000000,0.999276
clair_shore_michigan,5,1.000000,0.996038
clap,5,1.000000,0.995471
classic_case,5,1.000000,0.997490
classic_rcpd,5,1.000000,0.998408
classic_symptom,5,1.000000,0.998173
classical,5,1.000000,0.999659
classy,1,0.935355,0.998832
clavicle,-1,0.000000,nan
clean,5,0.958313,0.988252
clear_up,5,1.000000,0.994659
clearance,-1,0.000000,nan
clench,5,1.000000,0.987595
cleveland_clinic,5,1.000000,0.991453
click_on_menu,5,1.000000,0.993413
click_sound,-1,0.000000,nan
client,5,1.000000,0.989739
clinch,5,1.000000,0.998588
clinic,5,1.000000,0.988527
clinical,5,1.000000,0.993871
cloche,5,1.000000,0.997962
clonazepam,1,1.000000,0.996901
closure,5,1.000000,0.998859
clothes,-1,0.000000,nan
cloud,5,1.000000,0.996975
clueless,5,1.000000,0.992065
cluster,5,1.000000,0.997313
co,5,1.000000,0.992959
co2,-1,0.000000,nan
co_insurance,5,1.000000,0.986463
co_occur,5,1.000000,0.996002
co_pay,5,1.000000,0.983064
coat,5,1.000000,0.991689
coax,-1,0.000000,nan
cobra,-1,0.000000,nan
cobra_pose,5,1.000000,0.993180
cock,5,1.000000,0.992111
cocktail,1,1.000000,0.998082
coconut,1,1.000000,0.999845
coconut_oil,1,1.000000,0.999839
code,5,1.000000,0.982336
codeine,1,1.000000,0.997816
coffee,1,1.000000,0.998488
coffee_tea,1,1.000000,0.999939
cognitive,5,1.000000,0.998883
coincide,5,0.950947,0.996414
coincidence,5,1.000000,0.994736
coinsurance,5,1.000000,0.984954
coke,1,1.000000,0.997039
coke_zero,1,1.000000,0.997028
cola,1,1.000000,0.998448
cold,5,0.967178,0.993356
cold_brew,1,1.000000,0.999876
cold_sweat,-1,0.000000,nan
cold_weather,5,0.989846,0.993927
colic,5,1.000000,0.995266
colitis,5,1.000000,0.996250
collaborate,5,1.000000,0.997229
collapse,5,1.000000,0.990029
collar,5,1.000000,0.994179
collar_bone,5,1.000000,0.992455
collarbone,5,1.000000,0.990565
collection,5,1.000000,0.995690
colon,5,1.000000,0.989429
colonic,5,0.946989,0.995811
colonoscopy,4,1.000000,0.999895
colonoscopy_and_endoscopy,5,0.954887,0.998594
colonoscopy_endoscopy,4,0.753053,0.999844
columbia,5,1.000000,0.991536
com,5,1.000000,0.993686
combination,5,0.893172,0.993935
combination_of_both,5,1.000000,0.997770
come_across,5,0.931764,0.996147
come_across_this_subreddit,5,1.000000,0.996591
come_back_negative,4,1.000000,0.999979
come_home,-1,0.000000,nan
come_natural,5,0.995092,0.989272
come_out,-1,0.000000,nan
come_out_natural,5,1.000000,0.989554
come_out_of_nowhere,5,0.933436,0.996420
comedy,5,0.923822,0.996195
comfortability,5,1.000000,0.997734
comfy,-1,0.000000,nan
command,-1,0.000000,nan
comment_below,5,1.000000,0.995210
comment_section,5,1.000000,0.996019
commit,5,1.000000,0.990321
common,5,1.000000,0.995586
common_incorrect,-1,0.000000,nan
common_symptom,5,1.000000,0.995111
common_theme,5,0.941688,0.997696
common_with_r_cpd,5,1.000000,0.998275
community,5,1.000000,0.995522
commute,5,0.963578,0.997237
comorbidity,5,1.000000,0.997237
compensate,5,1.000000,0.994376
compile,5,1.000000,0.993585
complacent,5,1.000000,0.996663
complaint,-1,0.000000,nan
complete_agree,5,1.000000,0.997527
complete_change,5,0.961469,0.997027
complete_empty,5,1.000000,0.988968
complete_fine,-1,0.000000,nan
complete_ignore,5,1.000000,0.998537
complete_silent,5,1.000000,0.996076
complete_understand,5,1.000000,0.996758
complete_unrelated,5,1.000000,0.997380
complete_upright,5,1.000000,0.999051
complex,5,1.000000,0.997324
complicate_thing,5,1.000000,0.997325
complicated,5,0.891672,0.997991
complication,-1,0.000000,nan
composition,5,1.000000,0.999361
compress,5,1.000000,0.987775
compressible,5,1.000000,0.990417
compression,5,1.000000,0.995742
compromise,5,1.000000,0.993641
compulsive,-1,0.000000,nan
concave,-1,0.000000,nan
conceptualize,5,1.000000,0.997656
concern,-1,0.000000,nan
concern_about,-1,0.000000,nan
concert,-1,0.000000,nan
conclude_that,5,1.000000,0.996399
concrete,5,1.000000,0.997575
concurrent,5,1.000000,0.998612
condition,5,0.942244,0.994265
condition_summary,5,1.000000,0.995785
conduct,5,1.000000,0.993666
conduct_by,5,1.000000,0.995820
confident,5,1.000000,0.995406
confirm_diagnosis,4,0.649136,0.999722
confront,5,1.000000,0.998711
confuse,5,0.939450,0.995994
congested,5,0.992259,0.993762
congestion,5,0.980974,0.993536
congratulation,5,1.000000,0.995065
conjecture,5,1.000000,0.998761
conjunction,5,1.000000,0.997519
connect,5,1.000000,0.994603
connecticut,5,1.000000,0.990876
connection,5,1.000000,0.994535
connection_between,5,1.000000,0.994574
connection_between_r_cpd,5,1.000000,0.998882
connective_tissue,5,1.000000,0.996655
connective_tissue_disease,5,1.000000,0.997377
connective_tissue_disorder,5,1.000000,0.995918
conquer,-1,0.000000,nan
conscious,5,0.985692,0.988245
consent_form,-1,0.000000,nan
conservative,5,1.000000,0.992666
consistent,-1,0.000000,nan
conspiracy,-1,0.000000,nan
constant,5,1.000000,0.991282
constant_discomfort,5,1.000000,0.996297
constant_nausea,5,1.000000,0.992063
constipate,5,1.000000,0.990615
constipation,5,1.000000,0.991642
constipation_diarrhoea,5,0.906567,0.997034
constrict,5,0.982182,0.989299
constriction,5,1.000000,0.991910
consult,5,1.000000,0.988720
consultant,5,1.000000,0.989097
consultant_who,5,1.000000,0.989520
consultation,5,1.000000,0.988333
consultation_appointment,5,1.000000,0.989801
consultation_with_mr,5,1.000000,0.996467
consume,1,1.000000,0.998689
contact,5,1.000000,0.987802
contact_her,5,1.000000,0.990512
contact_info,5,1.000000,0.991831
contact_them,5,1.000000,0.987920
contain,1,0.811678,0.998851
contemplate,5,1.000000,0.996750
content,5,1.000000,0.989512
context,5,1.000000,0.996669
context_of_r_cpd,5,1.000000,0.998095
continue,-1,0.000000,nan
continue_to_improve,-1,0.000000,nan
continue_to_update,5,1.000000,0.995934
contort,5,1.000000,0.986485
contract,5,1.000000,0.988391
contractility,5,1.000000,0.996607
contraction,5,1.000000,0.991315
contradictory,5,1.000000,0.998858
contrast,-1,0.000000,nan
contribute,5,1.000000,0.994311
contribute_factor,5,1.000000,0.995679
contribute_to_develop,5,1.000000,0.996885
contribute_towards,5,1.000000,0.996589
contributor,5,1.000000,0.997016
control,-1,0.000000,nan
control_over,-1,0.000000,nan
control_them,-1,0.000000,nan
controllable,5,0.937231,0.992075
conversation,5,1.000000,0.995010
convince_my_parent,5,1.000000,0.993521
convince_them,5,1.000000,0.991353
cook,1,1.000000,0.998214
cool,5,1.000000,0.995999
cool_to_hear,5,1.000000,0.996750
coordinate,5,1.000000,0.994555
coordination,5,1.000000,0.995889
coordinator,5,1.000000,0.994261
copay,5,1.000000,0.981653
cope,5,0.921775,0.995772
copy,5,1.000000,0.993165
copy_and_paste,5,1.000000,0.995340
copy_of_doctor,5,1.000000,0.993190
cord,5,1.000000,0.996580
core,5,1.000000,0.987260
core_exercise,5,1.000000,0.992442
core_muscle,5,1.000000,0.992111
core_strength,5,1.000000,0.995031
core_strengthen,5,1.000000,0.992740
cork,5,1.000000,0.992197
coronavirus,5,1.000000,0.998364
correct,5,1.000000,0.991127
correct_muscle,0,0.929113,0.999638
correction,5,1.000000,0.995622
correlate,5,1.000000,0.995178
correlation,5,1.000000,0.994586
correlation_between,5,1.000000,0.994707
correlation_between_r_cpd,5,1.000000,0.998290
cortisol,5,0.984438,0.996545
cosentino,5,0.950338,0.996947
cost,5,1.000000,0.981194
cost_850,5,1.000000,0.992229
cost_estimate,5,1.000000,0.985259
costco,1,1.000000,0.998390
costochondritis,5,0.977253,0.995378
couch,5,1.000000,0.985537
cough,-1,0.000000,nan
cough_drop,1,0.718386,0.999805
cough_fit,-1,0.000000,nan
could_potential,5,1.000000,0.994662
counseling,5,1.000000,0.997638
counter_medication,1,1.000000,0.996023
counteract,5,0.923660,0.998280
counterproductive,5,1.000000,0.997693
country,5,1.000000,0.985542
couple_day,5,0.952869,0.997630
couple_month,-1,0.000000,nan
courage,5,1.000000,0.987584
cousin,5,1.000000,0.995778
cover_by,5,1.000000,0.982157
cover_by_insurance,5,1.000000,0.981979
cover_everything_except,5,1.000000,0.987601
cover_under,5,1.000000,0.982579
coverage,5,1.000000,0.981925
covid_test,-1,0.000000,nan
cow_milk,1,1.000000,0.999150
cp,5,1.000000,0.990941
cp_muscle,5,1.000000,0.990335
cpd,5,0.961545,0.993969
cpt,5,1.000000,0.992018
crackle,-1,0.000000,nan
cramp,5,1.000000,0.991147
cranberry,1,1.000000,0.999036
cranberry_juice,1,1.000000,0.999596
crane,5,1.000000,0.986701
crappy,5,1.000000,0.996639
crazy,5,1.000000,0.995323
cream,1,1.000000,0.999360
creamer,1,1.000000,0.999744
creamy,1,1.000000,0.999701
create_gas,5,0.893122,0.989344
credence,5,1.000000,0.998511
cricoid,5,0.993735,0.989625
cricoid_cartilage,5,1.000000,0.990531
cricoid_massage,5,1.000000,0.989849
cricoid_muscle,5,1.000000,0.989526
cricopharangeal,5,1.000000,0.994965
cricopharyngeal,5,1.000000,0.991175
cricopharyngeal_achalasia,5,0.982069,0.996456
cricopharyngeal_bar,-1,0.000000,nan
cricopharyngeal_dysfunction,-1,0.000000,nan
cricopharyngeal_muscle,5,1.000000,0.990173
cricopharyngeal_myotomy,5,1.000000,0.993865
cricopharyngeal_spasm,5,1.000000,0.997897
cricopharyngeous,5,1.000000,0.995502
cricopharyngeus,5,1.000000,0.990077
cricopharyngeus_muscle,5,1.000000,0.990333
cricothyroid_muscle,5,1.000000,0.993996
crier,5,1.000000,0.997916
cringe,5,1.000000,0.996393
cripple,5,1.000000,0.993371
croak,5,1.000000,0.991510
croak_noise,5,1.000000,0.991406
croak_sound,5,1.000000,0.991810
croaker,5,1.000000,0.997307
crohn,5,1.000000,0.993404
croissant,1,1.000000,0.999727
crooked,5,1.000000,0.997171
cross_country,5,0.984303,0.996446
crouch,5,1.000000,0.986699
croydon,5,1.000000,0.991024
cruciferous_vegetable,1,1.000000,0.999583
cruel,5,1.000000,0.998403
crumbly,1,1.000000,0.999252
crunch,5,1.000000,0.989213
crush,1,1.000000,0.998598
crusty_bread,1,1.000000,0.999366
cry,5,1.000000,0.994238
crystal,1,1.000000,0.999346
crystal_clear,-1,0.000000,nan
ct,5,1.000000,0.989225
ct_scan,4,1.000000,0.999923
cucumber,1,1.000000,0.998704
cuddle,5,1.000000,0.996367
cue,5,1.000000,0.987304
culprit,5,1.000000,0.994173
cup,1,1.000000,0.997898
cup_of_coffee,1,1.000000,0.999207
cup_of_ice,1,1.000000,0.998951
cup_of_water,1,0.894378,0.998238
cure_rate,5,1.000000,0.994639
cure_themselves,-1,0.000000,nan
curious_about,5,1.000000,0.995923
curious_if,5,1.000000,0.995879
curious_to_hear,5,1.000000,0.996035
curious_to_see,5,1.000000,0.995679
curl,5,1.000000,0.993754
curl_up,5,1.000000,0.987417
current_pregnant,5,0.954511,0.996718
current_wait,5,1.000000,0.990468
curry,1,1.000000,0.999582
curse,5,1.000000,0.996638
curve,5,1.000000,0.994568
cut_back,1,1.000000,0.999463
cut_down,1,1.000000,0.999888
cut_out,1,1.000000,0.998946
cut_out_coffee,1,1.000000,0.999668
cut_out_dairy,1,1.000000,0.999554
cut_short,5,1.000000,0.996636
cute,5,1.000000,0.994618
cw,5,1.000000,0.998389
cycle,-1,0.000000,nan
cyclic,5,1.000000,0.996765
cyclizine,1,1.000000,0.996897
cyproheptadine,1,1.000000,0.998185
cyst,5,0.977874,0.995637
cystitis,5,1.000000,0.998284
dae,5,1.000000,0.998255
daily_life,-1,0.000000,nan
daily_nausea,5,0.987800,0.995041
daily_panic_attack,5,0.949331,0.996631
daily_stomach_ache,5,1.000000,0.998652
dairy,1,1.000000,0.998794
dairy_free,1,1.000000,0.999383
dairy_intolerance,1,1.000000,0.999811
dairy_product,1,1.000000,0.999706
dallas_area,5,1.000000,0.996037
damage,5,1.000000,0.990927
damage_nerve,5,1.000000,0.992961
damper,1,0.940408,0.998894
dance,1,0.791088,0.999165
dancer,5,1.000000,0.996772
dang,5,1.000000,0.995953
dangerous,-1,0.000000,nan
darn,5,1.000000,0.996757
dash,1,0.640473,0.995227
dat_je,5,0.980310,0.998443
database,5,1.000000,0.996467
datum,5,1.000000,0.994186
daughter,5,1.000000,0.995954
daunting,5,1.000000,0.998132
day_0,5,1.000000,0.990285
day_1,3,0.831835,0.999802
day_14,3,1.000000,0.999909
day_3,3,0.779936,0.999759
day_4,3,0.887314,0.999846
day_5,3,0.893198,0.999841
day_6,3,0.971423,0.999883
day_7,3,0.927733,0.999865
day_8,3,0.897662,0.999853
day_9,3,0.962820,0.999883
dbr,-1,0.000000,nan
dc,5,1.000000,0.989234
de_temperature,5,1.000000,0.998943
de_whatsapp,5,1.000000,0.999273
dead_end,5,1.000000,0.990037
deaden,5,0.977025,0.991784
deaf,5,1.000000,0.997223
deal,-1,0.000000,nan
deal_w,5,1.000000,0.998541
death,5,0.917381,0.994527
debate_whether,5,1.000000,0.994921
debilitate,5,1.000000,0.993586
debilitate_condition,5,1.000000,0.997637
debut,5,1.000000,0.999182
decade,5,1.000000,0.996019
decaf_coffee,1,1.000000,0.999723
december,5,1.000000,0.989238
december_2021,5,1.000000,0.995303
decent_amount,1,1.000000,0.999155
decent_size,5,0.957605,0.996670
decide,5,1.000000,0.986716
decide_against,-1,0.000000,nan
decision,-1,0.000000,nan
decongestant,1,1.000000,0.997701
decrease,5,1.000000,0.994082
deductible,5,1.000000,0.980879
deep,-1,0.000000,nan
deep_breath,5,0.957526,0.990471
deep_breathe,5,1.000000,0.992448
deep_inhale,5,1.000000,0.990353
default,5,1.000000,0.997564
defeat,-1,0.000000,nan
defect,5,1.000000,0.997797
defective,5,0.949550,0.996904
defense_mechanism,-1,0.000000,nan
defensive,5,1.000000,0.998367
deficiency,5,1.000000,0.994922
define,5,1.000000,0.996733
definitely_worth,5,1.000000,0.985504
definitive_test,5,1.000000,0.996696
definitive_test_to_validate,-1,0.000000,nan
deflate,5,1.000000,0.987386
deflatine,1,1.000000,0.997571
deglutition,5,1.000000,0.999215
degrade,5,1.000000,0.998554
dehydrated,1,1.000000,0.998459
delay_gastric_empty,5,1.000000,0.997007
delightful,1,0.819233,0.997899
dementia,5,1.000000,0.998358
demon,5,1.000000,0.993429
demonic,5,1.000000,0.994386
demonic_sound,5,0.978535,0.997108
denial,5,1.000000,0.982236
deny_coverage,5,1.000000,0.985219
department,5,1.000000,0.989625
department_of_otolaryngology,5,1.000000,0.996470
depressed,-1,0.000000,nan
depressing,5,1.000000,0.997999
depression,5,0.957835,0.996054
depression_and_anxiety,5,0.973289,0.997128
derive,5,1.000000,0.996076
dermatitis,5,1.000000,0.997970
descend,5,1.000000,0.994844
describe_r_cpd,5,1.000000,0.993555
deserve,5,1.000000,0.995857
desk,5,1.000000,0.985860
despondent,5,1.000000,0.996285
dessert,1,1.000000,0.999240
destroy,-1,0.000000,nan
deteriorate,5,1.000000,0.998402
determine,5,0.959452,0.992887
deutsche,5,1.000000,0.996255
develop,5,1.000000,0.995723
develop_emetophobia,5,1.000000,0.996198
development,5,1.000000,0.994828
development_of_hiatal_hernia,5,1.000000,0.996351
development_of_other,5,1.000000,0.995244
deviate_septum,5,1.000000,0.998399
devil,5,1.000000,0.995498
devoir,5,1.000000,0.999371
dexilant,1,1.000000,0.996231
deze,5,0.965738,0.998425
diagnose,5,1.000000,0.993666
diagnose_and_treat,-1,0.000000,nan
diagnose_r_cpd,-1,0.000000,nan
diagnose_with_aerophagia,5,1.000000,0.998415
diagnose_with_gerd,5,1.000000,0.993072
diagnose_with_ibs,5,1.000000,0.993123
diagnosis,5,1.000000,0.992682
diagnosis_and_treatment,5,1.000000,0.993118
diagnosis_of_r_cpd,-1,0.000000,nan
diagnostic,5,0.937530,0.992965
diagnostic_criterion,5,1.000000,0.997170
diagnostic_test,-1,0.000000,nan
diagram,5,1.000000,0.991196
dial,5,1.000000,0.998994
diaphragm,5,1.000000,0.987258
diaphragmatic_breathe,5,1.000000,0.991948
diaphragmatic_breathe_exercise,5,1.000000,0.993195
diarrhea,5,1.000000,0.991123
diarrhea_and_constipation,5,1.000000,0.996842
diarrhoea,5,1.000000,0.992439
diary,5,0.921961,0.995328
diastasis_rectus,5,1.000000,0.998705
dice,5,1.000000,0.999197
die,5,0.899298,0.994343
die_down,-1,0.000000,nan
diet,1,1.000000,0.999082
diet_change,1,1.000000,0.999117
diet_coke,1,1.000000,0.997061
diet_lifestyle,5,1.000000,0.998590
diet_low_fodmap,1,0.910633,0.998893
diet_soda,1,1.000000,0.998315
dietary,1,0.855299,0.998813
dietitian,5,1.000000,0.990335
differ_from_person_to_person,5,1.000000,0.998583
difference,-1,0.000000,nan
different_for_everyone,-1,0.000000,nan
different_method,5,1.000000,0.991354
difficult,-1,0.000000,nan
difficult_task,5,1.000000,0.997976
difficulty,5,0.921155,0.993825
difficulty_breathe,-1,0.000000,nan
difficulty_swallow,-1,0.000000,nan
difficulty_swallow_pill,5,0.940945,0.996785
difficulty_vomit,5,0.896151,0.996554
diffuse,5,0.928374,0.997726
dig_into,5,1.000000,0.997982
digest,5,0.916371,0.989002
digest_food,5,0.928544,0.989158
digestion,5,1.000000,0.989499
digestive,5,1.000000,0.991001
digestive_enzyme,1,1.000000,0.998609
digestive_issue,5,1.000000,0.993442
digestive_problem,5,1.000000,0.994159
digestive_process,5,0.907938,0.995833
digestive_system,5,1.000000,0.989450
digestive_tract,5,1.000000,0.990036
dilate,5,1.000000,0.989892
dilate_esophagus,5,0.928069,0.994720
dilation,5,1.000000,0.990865
diner,1,0.865068,0.999182
dinner,1,0.593239,0.998469
dinner_table,5,1.000000,0.994573
dinosaur,5,1.000000,0.993018
dinosaur_noise,5,1.000000,0.993247
dire,5,1.000000,0.999259
direct_or_indirect,5,1.000000,0.998424
disadvantage,5,1.000000,0.997521
disappoint,5,1.000000,0.995388
disappointment,5,1.000000,0.995802
disc,5,1.000000,0.999675
discard,5,1.000000,0.998751
discern,5,1.000000,0.997662
disco,5,1.000000,0.999169
discomfort,5,1.000000,0.990648
discourage,5,1.000000,0.995294
discover_this_community,5,1.000000,0.996731
discover_this_subreddit,5,1.000000,0.996469
discover_this_thread,5,1.000000,0.996723
discovery,5,1.000000,0.995117
discuss,5,1.000000,0.990394
discussion,5,1.000000,0.994510
disease,5,1.000000,0.994330
disease_may,-1,0.000000,nan
disgust,-1,0.000000,nan
disheartened,5,1.000000,0.995664
disheartening,5,1.000000,0.996208
dismiss,5,1.000000,0.992199
dismiss_by,5,1.000000,0.992850
dismissive,5,1.000000,0.992450
dismotility,5,1.000000,0.996471
disorder,5,1.000000,0.994270
disoriented,-1,0.000000,nan
disperse,5,0.953762,0.991370
dispute,5,1.000000,0.998649
dissolvable,1,0.767302,0.999477
distal,5,0.952163,0.995724
distance,5,1.000000,0.988680
distant,5,1.000000,0.995938
distend,5,1.000000,0.988495
distend_esophagus,5,0.949957,0.995140
distend_stomach,-1,0.000000,nan
distension,5,1.000000,0.990661
distention,5,1.000000,0.990113
distinctive,5,1.000000,0.996988
distract,-1,0.000000,nan
distress,-1,0.000000,nan
disturb,5,1.000000,0.995929
diverse,5,1.000000,0.999335
diverticulum,5,1.000000,0.997809
dizziness,5,1.000000,0.992522
dizzy,-1,0.000000,nan
dizzy_spell,5,0.933089,0.997746
doc,5,1.000000,0.989146
doctor,5,1.000000,0.988997
doctor_abstain,5,1.000000,0.988978
doctor_adam_rubin,5,1.000000,0.996862
doctor_akst,5,1.000000,0.994606
doctor_amanda_hu,5,1.000000,0.990555
doctor_anderson,5,1.000000,0.989305
doctor_andrew_tkaczuk,5,1.000000,0.990724
doctor_b,5,1.000000,0.988819
doctor_bastian,5,0.968624,0.990455
doctor_bastian_paper,5,1.000000,0.993341
doctor_bastion,5,0.910082,0.990733
doctor_bielamowicz,5,1.000000,0.989895
doctor_cohen,5,1.000000,0.989299
doctor_craig,5,1.000000,0.997270
doctor_daniel,5,1.000000,0.996999
doctor_fink,5,1.000000,0.994505
doctor_hayley,5,1.000000,0.992970
doctor_hayley_herbert,5,1.000000,0.993926
doctor_hess,5,1.000000,0.989230
doctor_hicklin,-1,0.000000,nan
doctor_holmes,5,1.000000,0.988590
doctor_holmes_in_raleigh_nc,5,1.000000,0.994320
doctor_hu,5,1.000000,0.989002
doctor_hu_in_vancouver,5,1.000000,0.994795
doctor_hus,5,1.000000,0.991399
doctor_in_utah,5,1.000000,0.997269
doctor_jennifer_anderson_at_st,5,1.000000,0.993233
doctor_jennifer_rodney,5,1.000000,0.991812
doctor_jolie,5,1.000000,0.992592
doctor_june_lin,5,1.000000,0.989758
doctor_karagama,5,1.000000,0.988723
doctor_karla,5,1.000000,0.995995
doctor_karla_odell,5,1.000000,0.990469
doctor_kirk,5,1.000000,0.997122
doctor_kuderer,-1,0.000000,nan
doctor_lieve_delsupehe,5,1.000000,0.992152
doctor_lin,5,1.000000,0.988860
doctor_mchugh,5,1.000000,0.990212
doctor_michael,5,1.000000,0.989848
doctor_near,5,1.000000,0.989405
doctor_odell,5,1.000000,0.988922
doctor_oloriz,5,1.000000,0.996618
doctor_orestes,5,1.000000,0.995627
doctor_paddle,5,1.000000,0.988980
doctor_paul,5,1.000000,0.990570
doctor_paul_paddle,5,1.000000,0.989937
doctor_pepper,1,1.000000,0.997291
doctor_pitman_in_nyc,5,0.938215,0.991123
doctor_pittman,5,1.000000,0.988819
doctor_richard,5,1.000000,0.996005
doctor_robert,5,1.000000,0.993355
doctor_sanagapalli,5,1.000000,0.990062
doctor_santosh,5,1.000000,0.993573
doctor_schiffer,5,1.000000,0.993126
doctor_schindler,5,1.000000,0.988798
doctor_schulte,5,0.906461,0.995955
doctor_sean_wang,5,1.000000,0.994891
doctor_seth,5,1.000000,0.996124
doctor_snelleman,5,1.000000,0.989008
doctor_spiegel,5,1.000000,0.988718
doctor_spiegel_in_philly,5,1.000000,0.990355
doctor_steven,5,1.000000,0.993647
doctor_sunil,5,1.000000,0.992369
doctor_sunil_verma,5,1.000000,0.990493
doctor_thomas,5,1.000000,0.995444
doctor_thomas_carroll_at_brigham,5,1.000000,0.996341
doctor_verma,5,1.000000,0.988776
doctor_villari,5,1.000000,0.989121
doctor_wasserman,5,1.000000,0.993311
doctor_who,5,1.000000,0.989409
doctor_withrow,5,1.000000,0.990911
doctor_yael,5,1.000000,0.996005
doctor_yael_bensoussan,5,1.000000,0.993956
doctor_yoo,5,1.000000,0.989737
document,5,1.000000,0.994338
documentary,5,1.000000,0.998385
documentation,5,1.000000,0.994791
doi_10_1177,5,1.000000,0.997761
dollar,5,1.000000,0.981177
dolor,5,1.000000,0.999179
doncaster,5,1.000000,0.989840
doncaster_royal_infirmary,5,1.000000,0.997703
doormat,5,1.000000,0.998860
dopamine,-1,0.000000,nan
dosage,5,1.000000,0.989347
dose,5,1.000000,0.989058
double_action_gaviscon,1,0.835876,0.997533
double_action_gaviscon_tablet,1,1.000000,0.997736
dough,1,1.000000,0.999328
down_towards,5,1.000000,0.988369
down_vote,5,1.000000,0.996600
downer_grove,5,1.000000,0.990071
downhill,5,1.000000,0.998529
download,5,1.000000,0.994818
downside,5,0.941757,0.996451
downstream,5,1.000000,0.997207
downward,5,1.000000,0.986755
downward_dog,5,1.000000,0.987483
doze_off,-1,0.000000,nan
dozen_of_us,5,1.000000,0.997429
drag,5,1.000000,0.991644
dragon,5,1.000000,0.994507
drain,5,1.000000,0.991211
drainage,5,1.000000,0.993384
dramamine,1,1.000000,0.998596
drastic_change,5,1.000000,0.997839
drastic_reduce,5,1.000000,0.996106
draw_board,5,1.000000,0.998874
dread,5,0.978997,0.991081
dream,-1,0.000000,nan
dressing,-1,0.000000,nan
drift_off,5,1.000000,0.988626
drink,1,1.000000,0.997251
drink_alcohol,1,0.936094,0.997974
drink_anything_carbonate,1,0.813182,0.998180
drink_beer,1,0.960143,0.997735
drink_bubbly,1,1.000000,0.996658
drink_carbonate,1,1.000000,0.996414
drink_carbonate_beverage,1,1.000000,0.996886
drink_carbonation,1,1.000000,0.997117
drink_coffee,1,0.877402,0.998311
drink_fizzy,1,1.000000,0.996442
drink_liquor,1,1.000000,0.999418
drink_soda,1,1.000000,0.997244
drink_sparkle,1,0.691927,0.997018
drink_tea,1,1.000000,0.999555
drink_water,1,1.000000,0.996999
drinker,1,1.000000,0.998019
drip,5,1.000000,0.992289
drive_home,-1,0.000000,nan
drool,-1,0.000000,nan
drop_off,5,1.000000,0.996063
drown,-1,0.000000,nan
drowsy,-1,0.000000,nan
drug,1,1.000000,0.996297
drunk,1,0.791972,0.997793
dry,1,1.000000,0.997825
dry_cough,5,0.926357,0.994342
dry_food,1,1.000000,0.997693
dry_fruit,1,1.000000,0.999715
dry_heave,-1,0.000000,nan
dry_heave_for_hour,5,0.942997,0.996876
dry_heave_gag,5,1.000000,0.997290
dry_mouth,5,1.000000,0.993256
dry_retch,5,0.961601,0.997575
dryness,5,1.000000,0.992052
du,-1,0.000000,nan
dub,5,1.000000,0.996221
dubai,5,1.000000,0.997064
dublin,5,1.000000,0.990147
duck,5,1.000000,0.994559
due_to_r_cpd,5,1.000000,0.996492
dull,-1,0.000000,nan
dumb,5,1.000000,0.995546
dunk,1,1.000000,0.999284
duodenal,5,1.000000,0.997524
duodenum,5,0.967416,0.995855
during_class,5,1.000000,0.997789
during_lockdown,5,1.000000,0.997761
during_meal,1,1.000000,0.998960
during_pregnancy,5,0.990078,0.996030
dutch,5,1.000000,0.989690
dx,5,1.000000,0.996938
dynamic,5,1.000000,0.994039
dysautonomia,5,1.000000,0.995973
dysbiosis,5,1.000000,0.996856
dysfunction,-1,0.000000,nan
dysfunction_and_abdomino_phrenic_dyssynergia,5,0.993450,0.997111
dysfunctional,5,1.000000,0.991690
dysfunctional_breathe,5,1.000000,0.997242
dysmotility,5,1.000000,0.994762
dysphagia,-1,0.000000,nan
dysphagia_difficulty,-1,0.000000,nan
dysphagia_or_laryngeal_dystonia,-1,0.000000,nan
dysphagia_trouble,-1,0.000000,nan
dysphasia,-1,0.000000,nan
dyspnea,5,1.000000,0.997824
dyssynergia,5,1.000000,0.995816
dyssynergia_and_pelvic_floor_dysfunction,5,1.000000,0.998442
e_coli,5,1.000000,0.998678
each_bite,1,1.000000,0.997270
each_day,3,0.896599,0.999848
each_mouthful,1,1.000000,0.999520
each_night,-1,0.000000,nan
each_sip,1,0.602867,0.998443
ear,5,1.000000,0.988954
ear_canal,5,0.940345,0.997335
ear_drum,-1,0.000000,nan
ear_fullness,-1,0.000000,nan
ear_nose_and_throat,5,1.000000,0.991257
ear_pain,5,1.000000,0.993445
ear_to_ear,5,1.000000,0.989712
earliest_appointment,5,1.000000,0.996072
earliest_memory,5,1.000000,0.997389
early_20s,5,1.000000,0.995122
early_30s,5,1.000000,0.995728
early_40s,5,1.000000,0.998168
early_adulthood,-1,0.000000,nan
early_august,5,1.000000,0.993738
early_childhood,5,0.987209,0.996589
early_march,5,1.000000,0.996425
early_october,5,0.957548,0.993390
early_satiety,5,1.000000,0.993442
early_stage,-1,0.000000,nan
earth_shatter,5,1.000000,0.995782
ease,5,1.000000,0.994565
easy,1,0.751185,0.997158
easy_peasy,-1,0.000000,nan
easy_to_digest,1,1.000000,0.999753
eat,1,0.998099,0.997920
eat_breakfast,-1,0.000000,nan
eat_dinner,-1,0.000000,nan
eat_disorder,-1,0.000000,nan
eat_lunch,-1,0.000000,nan
eat_meat,1,1.000000,0.999803
eat_pizza,5,0.893536,0.997755
eat_slow,1,1.000000,0.997018
eat_small_portion,1,1.000000,0.999206
eat_solid,1,1.000000,0.997439
ecg,4,1.000000,0.999973
ecstatic,5,1.000000,0.996978
ed,5,1.000000,0.994475
edema,5,1.000000,0.999104
edge,5,1.000000,0.986877
edge_off,1,1.000000,0.997235
edible,1,0.628355,0.998371
edu,5,1.000000,0.994604
edu_mail,5,1.000000,0.996196
educate,5,1.000000,0.993166
eek,5,1.000000,0.996920
een,-1,0.000000,nan
effect,-1,0.000000,nan
effective,5,0.931060,0.993864
effectiveness,5,1.000000,0.992242
efficacy,5,1.000000,0.993725
effing,5,1.000000,0.997560
effort_into,5,1.000000,0.990608
egd,4,1.000000,0.999942
egg,1,1.000000,0.998109
eigen,5,1.000000,0.997727
eighteenth,5,1.000000,0.990111
either_side,5,1.000000,0.987580
ekg,4,1.000000,0.999963
elastic_waistband,-1,0.000000,nan
elbow,5,1.000000,0.987901
elder,5,1.000000,0.996969
elderly,-1,0.000000,nan
electric,5,1.000000,0.994929
electrode,0,1.000000,0.999834
electrolyte,1,1.000000,0.999713
electromyography,-1,0.000000,nan
element,-1,0.000000,nan
elementary_school,5,0.927662,0.996298
elevate,5,1.000000,0.985036
eleven,5,1.000000,0.999083
elfin,5,1.000000,0.999256
eliminate_dairy,1,1.000000,0.999468
elimination_diet,1,0.892049,0.998902
elin_marsk,5,1.000000,0.999063
else_fail,5,1.000000,0.996178
elsewhere,5,1.000000,0.989744
email_them,5,1.000000,0.990152
emanate,5,1.000000,0.991492
embarrass,5,0.913096,0.993162
embarrass_noise,5,1.000000,0.997991
embarrassment,-1,0.000000,nan
embassy,5,0.906519,0.997024
embrace,5,1.000000,0.996362
emerge,5,1.000000,0.997748
emergence,5,1.000000,0.999257
emergency_room,4,1.000000,0.999950
emet,5,0.998703,0.995976
emetophobe,5,1.000000,0.995268
emetophobe_here,5,1.000000,0.997276
emetophobe_who,5,1.000000,0.998675
emetophobia,5,1.000000,0.995196
emets,5,1.000000,0.998662
emg,5,1.000000,0.990286
emg_machine,0,1.000000,0.999913
emir,5,0.984319,0.997689
emory,5,1.000000,0.990505
emotion,5,0.977750,0.998037
emotional,-1,0.000000,nan
empathize,5,1.000000,0.996387
empty,5,1.000000,0.987690
empty_stomach,1,1.000000,0.998556
empty_study,5,1.000000,0.998521
emt,5,1.000000,0.990453
en_remiss_till,5,0.998636,0.998455
enable,5,1.000000,0.992285
enchilada,1,1.000000,0.999722
encontrar,5,1.000000,0.999129
encore,5,1.000000,0.999286
encourage,-1,0.000000,nan
encourage_to_hear,5,1.000000,0.995748
end_cycle,5,0.951315,0.996733
end_of_february,5,1.000000,0.991675
end_of_march,5,1.000000,0.992187
end_up_dry_heave,-1,0.000000,nan
end_up_pay,5,1.000000,0.982619
endless,5,1.000000,0.993913
endless_cycle,5,1.000000,0.998231
endoflip,4,0.772741,0.999873
endometriosis,5,1.000000,0.993531
endoscope,-1,0.000000,nan
endoscopy,4,1.000000,0.999867
endoscopy_and_colonoscopy,4,1.000000,0.999997
endoscopy_colonoscopy,4,1.000000,0.999997
endoscopy_ct,4,0.783374,0.999805
endoscopy_show,5,0.898686,0.994727
endurance_sport,5,1.000000,0.997780
endure,-1,0.000000,nan
energy_drink,1,1.000000,0.996952
energy_level,1,0.722771,0.997072
engage,5,1.000000,0.987204
engine,5,1.000000,0.997900
england,5,1.000000,0.986030
enjoy,1,0.592675,0.998835
enlarge,-1,0.000000,nan
enlarge_cp_muscle,5,0.947150,0.995395
eno,5,1.000000,0.998542
ent,5,1.000000,0.989449
ent_center,5,1.000000,0.998048
ent_consultant,5,1.000000,0.989936
ent_department,5,1.000000,0.991330
ent_doc,5,1.000000,0.989554
ent_referral,5,1.000000,0.989866
ent_specialist,5,1.000000,0.989435
ent_surgeon,5,1.000000,0.989675
ent_who,5,1.000000,0.989400
entire_body,5,0.949860,0.993614
entire_community,5,1.000000,0.997534
entire_family,5,0.963756,0.997019
entire_life,5,1.000000,0.995766
entire_pregnancy,5,0.964474,0.996643
entitle,5,1.000000,0.997099
entity,5,1.000000,0.996243
enzyme,1,1.000000,0.999009
eoe,5,1.000000,0.993916
eosinophilic_esophagitis,5,1.000000,0.995800
epigastric,-1,0.000000,nan
epigastric_pain,5,1.000000,0.997075
episode,5,1.000000,0.992562
equate,5,1.000000,0.998984
equipment,5,1.000000,0.989649
er,4,1.000000,0.999966
erectile_dysfunction,5,1.000000,0.998094
erg,-1,0.000000,nan
erode,5,1.000000,0.993578
erosion,5,1.000000,0.997666
erst,-1,0.000000,nan
erupt,5,1.000000,0.995491
es_que,5,1.000000,0.999027
escape,5,0.987765,0.987061
escort,-1,0.000000,nan
esomeprazole,1,1.000000,0.995832
esophageal,-1,0.000000,nan
esophageal_cancer,5,1.000000,0.995027
esophageal_manometry,4,1.000000,0.999923
esophageal_manometry_test,4,0.635944,0.999500
esophageal_motility_test,4,0.622101,0.999534
esophageal_muscle,5,1.000000,0.992699
esophageal_pressure,5,1.000000,0.996604
esophageal_sphincter,5,1.000000,0.989601
esophageal_web,-1,0.000000,nan
esophagitis,5,1.000000,0.993059
esophagoscopy,-1,0.000000,nan
esophagram,4,1.000000,0.999970
esophagus,5,1.000000,0.989448
esophogram,4,0.896166,0.999955
especially_when,-1,0.000000,nan
essential_oil,1,1.000000,0.998779
et_al,5,1.000000,0.994603
et_combien,5,1.000000,0.999276
eternal_grateful,5,1.000000,0.996688
etiquette,5,1.000000,0.995623
eu_dinjectees_une_seule,-1,0.000000,nan
euphoric,5,1.000000,0.997034
euro,5,1.000000,0.982410
europe,5,1.000000,0.986632
european,5,1.000000,0.992796
eustachian_tube,5,0.927865,0.995205
evaluate,5,1.000000,0.992506
evaluation,-1,0.000000,nan
evening,-1,0.000000,nan
evening_after_dinner,5,0.945900,0.998315
evening_meal,5,0.891980,0.992765
event,-1,0.000000,nan
eventual_lead,-1,0.000000,nan
ever_since,5,1.000000,0.995913
every_aspect,5,1.000000,0.997295
every_bite,1,1.000000,0.996816
every_couple,2,1.000000,0.999966
every_day_from_2009_2023,5,1.000000,0.998109
every_evening,5,0.896672,0.995628
every_mouthful,1,1.000000,0.999306
every_night,-1,0.000000,nan
every_once,5,1.000000,0.991929
every_other,2,1.000000,0.999984
every_single,2,1.000000,0.999991
every_single_bite,1,1.000000,0.999457
everyone_else,-1,0.000000,nan
everywhere,-1,0.000000,nan
evidence,5,1.000000,0.993928
ew,5,1.000000,0.995205
ex_noburper,5,1.000000,0.998549
exacerbate,-1,0.000000,nan
exacerbate_by,5,1.000000,0.994532
exacerbation,-1,0.000000,nan
exact_amount,5,0.954154,0.989681
exact_same_symptom,5,1.000000,0.997022
exact_same_way,5,0.980008,0.997188
exact_spot,5,1.000000,0.994505
exactly_how,5,0.955339,0.996951
examination,4,0.771163,0.999885
exasperate,5,0.952429,0.996173
excess,5,1.000000,0.990018
excess_air,5,1.000000,0.988409
excess_flatulence,5,1.000000,0.996807
excess_gas,5,1.000000,0.988640
excess_mucus,5,0.942300,0.993570
excess_phlegm,5,1.000000,0.993370
excess_saliva,5,1.000000,0.992745
excess_wind,5,0.996028,0.996478
excessive,5,1.000000,0.992674
excessive_air,-1,0.000000,nan
excessive_amount,5,1.000000,0.990140
excessive_bloat,5,1.000000,0.992013
excessive_fart,5,1.000000,0.993652
excessive_flatulence,5,1.000000,0.991576
excessive_gas,5,1.000000,0.991314
excessive_saliva,5,1.000000,0.995795
excessive_salivation,5,1.000000,0.992871
excessive_wind,5,1.000000,0.996355
excite,5,1.000000,0.994970
excite_and_nervous,5,1.000000,0.996184
exclusion,5,1.000000,0.997148
excruciating,5,1.000000,0.991676
excuse_myself,-1,0.000000,nan
exercise,5,1.000000,0.989769
exercise_search_youtube,5,1.000000,0.992593
exerciser,5,1.000000,0.998215
exhalation,5,1.000000,0.997505
exhale,5,0.954049,0.987570
exhale_sharp,5,1.000000,0.993026
exhaust,-1,0.000000,nan
exhaustion,5,0.978655,0.996484
exit,5,1.000000,0.986975
exorcise,5,1.000000,0.994869
exorcism,5,1.000000,0.994199
exorcist,5,1.000000,0.995847
expand,5,1.000000,0.987498
expansion,-1,0.000000,nan
expect,-1,0.000000,nan
expel,5,1.000000,0.987324
expel_air,-1,0.000000,nan
expel_gas,5,1.000000,0.995615
expense,5,1.000000,0.982011
experiment,5,1.000000,0.989819
experiment_datum,-1,0.000000,nan
experiment_with_different,5,1.000000,0.991060
experiment_with_posture,5,1.000000,0.988615
experimentation,-1,0.000000,nan
expert,5,1.000000,0.993942
expertise,5,1.000000,0.995075
explain,5,1.000000,0.992248
explain_r_cpd,5,1.000000,0.995932
explode,-1,0.000000,nan
explosion,5,1.000000,0.996236
explosion_of_air,5,1.000000,0.994943
explosive,5,0.926157,0.996768
explosive_fart,5,1.000000,0.997454
exposure,5,0.901674,0.996753
exposure_therapy,5,1.000000,0.995621
extend,5,1.000000,0.986364
external,5,1.000000,0.989451
external_injection,5,1.000000,0.990599
extra_air,5,1.000000,0.988139
extra_gas,5,1.000000,0.988654
extra_gurgly,1,0.913402,0.999631
extra_saliva,-1,0.000000,nan
extra_strength,1,1.000000,0.998266
extraordinary,5,1.000000,0.998567
extreme_anxious,5,0.950136,0.997744
extreme_bloat,5,1.000000,0.991005
extreme_emetophobia,5,1.000000,0.995977
extreme_flatulence,5,1.000000,0.995315
extreme_helpful,5,1.000000,0.996084
extreme_loud,5,1.000000,0.993601
extreme_nausea,5,1.000000,0.993359
extreme_nauseous,-1,0.000000,nan
extreme_pain,5,1.000000,0.992185
extreme_tight,5,1.000000,0.994908
extreme_uncomfortable,5,1.000000,0.992205
extreme_violent,5,0.971554,0.997979
eye_open,5,1.000000,0.996746
eye_water,5,0.932019,0.991741
face_forward,5,1.000000,0.985542
facebook_group,5,1.000000,0.993997
facebook_page,5,1.000000,0.996214
facilitate,5,0.965890,0.992673
facility,5,1.000000,0.987363
facility_fee,5,1.000000,0.985183
fade,3,1.000000,0.999965
fade_away,3,0.923279,0.999769
faff,5,1.000000,0.997564
failure,5,1.000000,0.990793
faint,-1,0.000000,nan
fair,-1,0.000000,nan
fair_enough,5,1.000000,0.997192
fair_point,5,1.000000,0.998666
faire,5,1.000000,0.998567
fairlife,5,0.984194,0.997891
fairly_common,5,1.000000,0.995834
fairly_low,5,1.000000,0.995174
fairly_often,5,0.991903,0.998042
fairly_recent,5,1.000000,0.998078
fake,5,0.929317,0.993677
fall_asleep,5,1.000000,0.986557
false_memory,5,1.000000,0.998236
falsetto,-1,0.000000,nan
fam,5,1.000000,0.997053
familiar_with_r_cpd,5,1.000000,0.990627
familiar_with_rcpd,5,1.000000,0.990693
familiarity,5,1.000000,0.990514
family,-1,0.000000,nan
family_doctor,5,1.000000,0.989707
family_history,5,1.000000,0.998840
family_member,5,1.000000,0.996257
famotidine,1,1.000000,0.995847
fantasize_about,5,1.000000,0.998661
fantastic,5,1.000000,0.995082
fantastic_news,5,0.989956,0.995844
faq,5,1.000000,0.993678
faq_video,5,1.000000,0.995777
far_behind,5,1.000000,0.997043
far_less,5,1.000000,0.995935
fart,-1,0.000000,nan
fart_smell,5,0.997868,0.997294
farty,5,1.000000,0.996273
fascia,5,1.000000,0.995252
fascinate,5,1.000000,0.997051
fast_eater,1,1.000000,0.999653
fast_metabolism,-1,0.000000,nan
fast_rep,5,1.000000,0.990860
fasten,-1,0.000000,nan
fat,1,1.000000,0.999394
fate,5,1.000000,0.998015
father,5,1.000000,0.997067
fatigue,5,1.000000,0.992848
fatigue_brain,5,1.000000,0.998730
fatty,1,1.000000,0.999671
fatty_food,1,1.000000,0.999206
fax,5,1.000000,0.992366
fear,5,1.000000,0.995283
fear_of_fly,5,0.976947,0.998560
fear_of_throw_up,5,0.988972,0.995222
fear_of_vomit,5,0.947844,0.995161
feat,5,1.000000,0.998595
february_2020,5,1.000000,0.998352
february_2025,5,1.000000,0.997574
federal,5,1.000000,0.996138
fee,5,1.000000,0.982999
feed_up,5,1.000000,0.996867
feel,-1,0.000000,nan
feel_better,5,1.000000,0.990971
feel_crappy,5,1.000000,0.998199
feel_like,-1,0.000000,nan
feel_like_garbage,5,0.967934,0.996802
feel_nauseate,5,1.000000,0.991275
feel_nauseous,5,1.000000,0.990886
feel_of_fullness,5,0.969388,0.994552
feel_queasy,-1,0.000000,nan
feel_sick,5,1.000000,0.990627
fees,5,1.000000,0.984273
fellow,5,1.000000,0.996012
fellow_frog,5,1.000000,0.997227
fellow_gurgler,5,1.000000,0.997418
fellow_no,5,1.000000,0.996666
female,5,1.000000,0.996167
feminine,5,1.000000,0.997256
fence,5,0.913219,0.993476
fence_about,-1,0.000000,nan
fennel,1,1.000000,0.999912
fentanyl,5,0.962359,0.997945
ferment,-1,0.000000,nan
fermentable,1,1.000000,0.999647
fermentation,5,0.965623,0.989791
ferrous_fumigate,1,1.000000,0.997311
festive,1,0.801250,0.999320
fetal_position,5,1.000000,0.987680
fever,-1,0.000000,nan
few,-1,0.000000,nan
few_day,3,1.000000,0.999964
few_microburp,-1,0.000000,nan
few_minute,5,1.000000,0.989136
few_sip,1,1.000000,0.997200
fiber,1,1.000000,0.999215
fibre,1,1.000000,0.999357
fibromyalgia,5,1.000000,0.997049
fifteenth,5,1.000000,0.989882
fifth_grade,5,1.000000,0.996671
fight_against,-1,0.000000,nan
fight_or_flight,-1,0.000000,nan
fight_or_flight_response,5,1.000000,0.998793
figure_id,5,1.000000,0.995194
figure_out_how,5,0.989659,0.989155
fil,1,1.000000,0.999271
file,5,1.000000,0.984183
fill_up,5,1.000000,0.986579
fill_with_air,5,1.000000,0.988476
financial,5,1.000000,0.983412
find_out,5,0.933894,0.996334
find_this_community,5,0.942109,0.996284
find_this_forum,5,1.000000,0.996511
find_this_page,5,0.973355,0.996239
find_this_sub,5,0.956766,0.996301
find_this_subreddit,5,0.944990,0.996272
find_this_thread,5,1.000000,0.996279
finger,5,1.000000,0.988225
finger_cross,5,1.000000,0.995077
finger_down,-1,0.000000,nan
finger_method,-1,0.000000,nan
finger_trick,5,1.000000,0.997665
finger_x,5,1.000000,0.995244
finish_line,5,1.000000,0.998648
firefighter,5,1.000000,0.997700
firm_believe,5,1.000000,0.998702
first_appointment,5,1.000000,0.988554
first_attempt,5,1.000000,0.988903
first_dose,5,1.000000,0.988576
first_grade,5,1.000000,0.996624
first_injection,5,1.000000,0.988281
first_paragraph,5,1.000000,0.994134
first_round,5,1.000000,0.988295
first_time_poster,5,1.000000,0.996980
first_timer,5,1.000000,0.998857
first_trimester,5,0.938281,0.996843
first_week,3,1.000000,0.999924
fish_oil,1,1.000000,0.998108
fish_oil_supplement,1,1.000000,0.997933
fissure,5,1.000000,0.998888
five,2,1.000000,0.999997
five_month,3,0.960813,0.999859
fix_r_cpd,5,1.000000,0.998951
fizz,1,1.000000,0.996992
fizzy,1,1.000000,0.997047
fizzy_drink,1,1.000000,0.996546
fizzy_mixer,1,1.000000,0.999188
fizzy_water,1,1.000000,0.996401
flair_up,5,1.000000,0.994727
flap,5,0.999969,0.989678
flappy,5,1.000000,0.996160
flare,5,1.000000,0.992884
flare_rib,5,1.000000,0.999404
flare_up,5,1.000000,0.992296
flat_belly,-1,0.000000,nan
flat_stomach,-1,0.000000,nan
flat_tummy,5,1.000000,0.996763
flatten,1,1.000000,0.999006
flatulence,5,1.000000,0.990895
flatulence_etc,5,1.000000,0.996009
flatus,-1,0.000000,nan
flex,5,1.000000,0.986793
flexible,0,1.000000,0.999964
flexor,5,1.000000,0.994556
flick,-1,0.000000,nan
flight_of_stair,-1,0.000000,nan
flinch,5,1.000000,0.994791
float,5,1.000000,0.987564
flonase,1,1.000000,0.997061
floor,5,1.000000,0.985915
floppy,5,1.000000,0.993624
florida,5,1.000000,0.986565
flow,5,1.000000,0.987081
flower,-1,0.000000,nan
flu,5,1.000000,0.994906
fluctuation,5,1.000000,0.997683
fluid,5,0.899748,0.988956
fluoroscopy,4,1.000000,0.999983
flush,-1,0.000000,nan
fly_back,5,0.925014,0.989892
fly_home,5,0.937348,0.990148
foam,-1,0.000000,nan
foamy,-1,0.000000,nan
focus,5,1.000000,0.987966
fodmap,1,1.000000,0.999012
fodmap_diet,1,0.913640,0.998931
fog,-1,0.000000,nan
fold,5,1.000000,0.988634
follow_by,5,1.000000,0.992106
follow_doctor_bastian,5,1.000000,0.992942
follow_qualification,5,1.000000,0.997909
follow_up,5,1.000000,0.988665
follow_up_appointment,5,1.000000,0.988554
fond,5,1.000000,0.998475
food,1,1.000000,0.997080
food_allergy,5,1.000000,0.993082
food_diary,1,1.000000,0.998489
food_elimination,1,1.000000,0.999201
food_get_stuck,5,1.000000,0.990674
food_intake,1,1.000000,0.999329
food_intolerance,5,1.000000,0.992822
food_pipe,5,1.000000,0.997731
food_poison,5,0.957642,0.995046
food_sensitivity,5,0.927932,0.993764
food_stuck,5,1.000000,0.990299
foot,5,1.000000,0.986631
footage,5,1.000000,0.994525
force,-1,0.000000,nan
force_myself,-1,0.000000,nan
force_them,-1,0.000000,nan
force_yourself,-1,0.000000,nan
forcefulness,-1,0.000000,nan
forearm,5,1.000000,0.993996
foreign,-1,0.000000,nan
foreign_country,5,1.000000,0.996927
foreign_object,5,1.000000,0.990956
forever,-1,0.000000,nan
fork,1,1.000000,0.999410
formal,5,1.000000,0.995909
formal_diagnose,5,1.000000,0.996889
formation,5,1.000000,0.997797
former_no_burper,5,1.000000,0.997259
formerly,5,1.000000,0.998408
fortnight,5,1.000000,0.995066
forum,5,1.000000,0.994728
forward_head,5,1.000000,0.995613
foul,5,0.920172,0.991796
foundation,5,1.000000,0.994079
four,2,1.000000,0.999983
four_month,3,1.000000,0.999937
four_month_ago,5,1.000000,0.997196
four_year,5,1.000000,0.996135
fourteenth,5,1.000000,0.990444
fourth,5,0.954747,0.989357
fox,5,1.000000,0.997075
fragile,5,1.000000,0.998645
france,5,1.000000,0.987502
frank,5,0.991208,0.997627
freak_out,-1,0.000000,nan
freaky,5,1.000000,0.996844
frequent,5,0.983521,0.992437
frequent_diarrhea,5,1.000000,0.995796
friday,5,1.000000,0.989578
friend,5,1.000000,0.993977
friend_family,5,1.000000,0.997514
friend_house,1,0.569630,0.998382
frog,5,1.000000,0.991790
frog_croak,5,1.000000,0.992697
frog_noise,5,1.000000,0.991508
frog_sound,5,1.000000,0.991992
front_tooth,5,1.000000,0.990906
frother,1,1.000000,0.998810
fructose,1,1.000000,0.999724
fruit,1,1.000000,0.998590
fruit_and_vegetable,1,1.000000,0.999691
fruit_juice,1,1.000000,0.999149
fruity,1,1.000000,0.999776
frustrate,-1,0.000000,nan
fry,1,1.000000,0.998153
fry_food,1,1.000000,0.998974
fuck,5,1.000000,0.994803
full_breath,-1,0.000000,nan
full_meal,1,1.000000,0.998477
full_of_air,5,1.000000,0.987551
full_range,5,1.000000,0.999428
full_recover,5,1.000000,0.996178
full_swing,5,1.000000,0.996969
fullness,5,1.000000,0.991634
fun,-1,0.000000,nan
function_proper,5,1.000000,0.991392
functional_dyspepsia,5,1.000000,0.997116
functional_gi_disorder,5,0.984050,0.997730
functional_medicine_practitioner,5,0.970214,0.998382
fund,5,1.000000,0.984502
funding,5,1.000000,0.986489
fundoplication,5,1.000000,0.994197
fungal,5,1.000000,0.998408
funny,5,1.000000,0.995070
funny_noise,5,1.000000,0.993008
furniture,5,1.000000,0.990162
fusion,5,0.943889,0.997420
fussy,5,1.000000,0.997889
fuzzy,-1,0.000000,nan
g,5,1.000000,0.998698
ga,5,1.000000,0.988880
ga_procedure,5,1.000000,0.991044
gaat,-1,0.000000,nan
gag,-1,0.000000,nan
gag_and_dry_heave,-1,0.000000,nan
gag_and_retch,-1,0.000000,nan
gag_dry_heave,-1,0.000000,nan
gag_myself,-1,0.000000,nan
gag_reflex,-1,0.000000,nan
gag_themselves,-1,0.000000,nan
gag_trick,5,0.958697,0.997393
gag_yourself,-1,0.000000,nan
gah,5,1.000000,0.997554
gain,3,1.000000,0.999917
gain_control,-1,0.000000,nan
gain_weight,-1,0.000000,nan
gall_bladder,5,1.000000,0.997246
gall_bladder_surgery,5,1.000000,0.998120
gallbladder_attack,5,1.000000,0.998342
gallbladder_issue,5,1.000000,0.998176
gallbladder_remove,5,0.952269,0.998048
galore,5,1.000000,0.998711
gar,5,1.000000,0.999110
gargle,5,1.000000,0.991498
gargle_noise,-1,0.000000,nan
gargle_sound,-1,0.000000,nan
garlic,1,1.000000,0.998840
garlic_onion,1,1.000000,0.999804
gas,5,0.926784,0.987243
gas_bubble,5,1.000000,0.988051
gas_buildup,-1,0.000000,nan
gas_cramp,5,1.000000,0.997286
gas_escape,-1,0.000000,nan
gas_in_colon,5,1.000000,0.990852
gas_produce,1,1.000000,0.999399
gas_production,-1,0.000000,nan
gas_rise,5,1.000000,0.989432
gas_trap,5,1.000000,0.989012
gas_x,1,0.969310,0.998122
gaseous_distension,5,0.963597,0.996379
gaslight,5,1.000000,0.992691
gaslight_by,5,1.000000,0.993377
gasp,5,1.000000,0.992118
gasp_for_air,-1,0.000000,nan
gassy,5,1.000000,0.991236
gassy_food,1,1.000000,0.998905
gastric,5,1.000000,0.989851
gastric_bypass,-1,0.000000,nan
gastric_empty,-1,0.000000,nan
gastric_empty_study,4,0.638765,0.999582
gastric_sleeve,-1,0.000000,nan
gastritis,5,1.000000,0.992682
gastro,5,1.000000,0.990049
gastro_doctor,5,0.899775,0.990880
gastro_issue,5,1.000000,0.993589
gastro_specialist,5,1.000000,0.990875
gastrocardiac,5,1.000000,0.996456
gastroenterologist,5,1.000000,0.989740
gastroenterologist_who,5,1.000000,0.990277
gastroenterology,5,1.000000,0.990088
gastrointestinal,5,1.000000,0.994834
gastrointestinal_issue,5,1.000000,0.993900
gastrointestinal_system,5,0.904578,0.998671
gastroparesis,5,1.000000,0.992960
gastroperesis,5,1.000000,0.998399
gastroptosis,5,1.000000,0.997931
gastroscopy,4,0.990365,0.999869
gasx,1,0.969281,0.998249
gate,5,1.000000,0.994235
gatekeep,5,1.000000,0.991403
gaviscon,1,1.000000,0.996298
ge,5,1.000000,0.998942
geez,5,1.000000,0.997151
gel,1,0.837750,0.999956
gelusil,1,1.000000,0.998269
general_anaesthesia,5,1.000000,0.990677
general_anesthesia,5,1.000000,0.988692
general_anesthetic,5,1.000000,0.988437
general_population,5,1.000000,0.996660
general_practitioner,5,1.000000,0.990252
generalize_anxiety,5,1.000000,0.997162
generalize_anxiety_disorder,5,1.000000,0.998562
generate,5,0.936181,0.994733
generate_gas,5,1.000000,0.997931
generic,1,1.000000,0.998937
genetic_component,5,1.000000,0.996502
genetic_factor,5,1.000000,0.995739
genetics,5,1.000000,0.995953
gente,5,1.000000,0.999243
gentle,5,1.000000,0.986305
gentle_massage,5,1.000000,0.994073
gentle_press,5,1.000000,0.994587
genuine,-1,0.000000,nan
george_washington,5,1.000000,0.996784
george_washington_university_hospital,5,1.000000,0.994234
gerd,5,1.000000,0.992574
gerd_lpr,5,1.000000,0.995440
germany,5,1.000000,0.986106
get_food_poison,5,1.000000,0.995297
get_rid,5,1.000000,0.992593
get_stuck,-1,0.000000,nan
get_worse,-1,0.000000,nan
gi,5,1.000000,0.989742
gi_doc,5,1.000000,0.989595
gi_doctor,5,1.000000,0.989756
gi_issue,5,1.000000,0.993587
gi_motility,5,1.000000,0.998532
gi_problem,5,1.000000,0.994001
gi_referral,5,1.000000,0.991036
gi_specialist,5,1.000000,0.989552
gi_surgeon,5,1.000000,0.994551
gi_track,5,0.953929,0.995273
gi_tract,5,1.000000,0.990399
giant,5,1.000000,0.993696
gin,1,1.000000,0.998750
ginger,1,0.759576,0.999581
ginger_ale,1,0.970980,0.998257
ginger_beer,1,1.000000,0.999178
ginger_chew,1,1.000000,0.999837
ginger_tea,1,1.000000,0.999015
gird,5,0.939242,0.998675
girl,5,1.000000,0.994128
girl_who,5,1.000000,0.997004
girlfriend,5,0.904554,0.996389
gis,5,1.000000,0.990235
give_up,5,1.000000,0.995335
glad,5,1.000000,0.995199
glad_to_hear,5,1.000000,0.995097
gland,5,0.957733,0.994957
glass,1,1.000000,0.997653
glass_of_water,1,0.924675,0.997358
global,5,1.000000,0.994748
globus,5,0.914738,0.993631
globus_sensation,5,0.918597,0.993387
glorious,5,0.965686,0.997701
gloss_over,5,0.970201,0.998300
glue,5,1.000000,0.990670
gluten,1,1.000000,0.999203
gluten_and_dairy,1,1.000000,0.999370
gluten_dairy,1,1.000000,0.999638
gluten_free,1,1.000000,0.999241
gluten_intolerance,5,1.000000,0.994556
glutton,5,0.996555,0.997257
glycerin,5,1.000000,0.998706
glycinate,1,0.787746,0.998026
gnaw,5,1.000000,0.993763
go_back_and_forth,5,0.931459,0.990324
go_down,1,1.000000,0.996715
go_haywire,5,1.000000,0.999132
go_overboard,1,1.000000,0.999142
go_private,5,1.000000,0.984609
go_smooth,5,1.000000,0.991221
go_through,5,1.000000,0.997011
go_to_bed,-1,0.000000,nan
go_to_chicago,5,1.000000,0.984902
go_to_doctor_bastian,5,1.000000,0.986061
go_to_doctor_spiegel,5,1.000000,0.994813
go_to_explode,-1,0.000000,nan
go_unnoticed,1,0.892055,0.998863
god_forbid,5,1.000000,0.998702
godzilla,5,1.000000,0.995079
goiter,5,1.000000,0.996045
good_bacteria,5,1.000000,0.995599
good_chance,-1,0.000000,nan
good_choice,-1,0.000000,nan
good_decision,-1,0.000000,nan
good_job,5,1.000000,0.993782
good_news,5,1.000000,0.995025
good_posture,5,1.000000,0.989972
good_sign,-1,0.000000,nan
good_to_hear,5,1.000000,0.995249
goodness,5,1.000000,0.997170
google_search,5,1.000000,0.995207
gord,5,1.000000,0.993217
gosh,5,1.000000,0.996185
government,5,1.000000,0.984539
gown,-1,0.000000,nan
gp,5,1.000000,0.989230
gp_referral,5,1.000000,0.985856
gps,5,1.000000,0.989973
grab,1,1.000000,0.998746
gracious,5,1.000000,0.997476
grade_school,5,0.997763,0.996600
graduate_college,5,1.000000,0.997926
graduate_high_school,5,1.000000,0.997640
grain,1,1.000000,0.999709
gram,1,1.000000,0.999931
grandfather,5,0.953693,0.997406
granola_bar,1,1.000000,0.999835
grass,-1,0.000000,nan
grateful,5,1.000000,0.995669
gravelly,-1,0.000000,nan
gravy,1,1.000000,0.999784
greasy,1,1.000000,0.999062
greasy_food,1,1.000000,0.998964
great_news,5,1.000000,0.995426
great_ormond_street_hospital,5,1.000000,0.990606
great_to_hear,5,1.000000,0.995244
green_bean,1,1.000000,0.999458
green_tea,1,0.890118,0.999723
grief,5,1.000000,0.998029
grievance,5,1.000000,0.997810
grill,1,0.738614,0.997519
grimes,5,1.000000,0.997819
grind,5,1.000000,0.995049
grip,5,1.000000,0.993649
grip_sock,-1,0.000000,nan
grit,1,1.000000,0.999769
groan,5,1.000000,0.992825
groan_noise,5,0.999378,0.993440
groggy,-1,0.000000,nan
groove,1,0.959246,0.999349
gross,5,0.913505,0.992783
ground,5,1.000000,0.986547
group,5,1.000000,0.994701
grow_out,5,1.000000,0.996146
grow_up,5,1.000000,0.995188
growl,5,1.000000,0.991798
growl_noise,-1,0.000000,nan
grudge,5,1.000000,0.995906
grumble,5,1.000000,0.992238
grunt,5,1.000000,0.995618
grupo,5,1.000000,0.999371
guess,-1,0.000000,nan
guinness,1,1.000000,0.997763
gulp,1,1.000000,0.997213
gum,1,1.000000,0.999152
gummy,1,1.000000,0.999907
gurgle,5,1.000000,0.991425
gurgle_noise,5,1.000000,0.991438
gurgler,5,1.000000,0.997130
gurgly,5,1.000000,0.991044
gurgly_noise,5,1.000000,0.993002
gut,5,1.000000,0.989249
gut_bacteria,5,1.000000,0.995345
gut_flora,-1,0.000000,nan
gut_health,-1,0.000000,nan
gut_issue,5,1.000000,0.994050
gut_microbiome,5,1.000000,0.997588
gut_motility,-1,0.000000,nan
guttural,5,1.000000,0.995466
gwuh,5,1.000000,0.994786
gymnast,5,0.973449,0.998046
gymnastics,5,1.000000,0.991429
h2_blocker,1,1.000000,0.995595
h_pylori,5,1.000000,0.992841
ha_good_luck,5,1.000000,0.997677
habit,5,0.978323,0.988567
habit_form,5,1.000000,0.998512
hadean,5,1.000000,0.991764
hahahaha,5,1.000000,0.996462
hair,5,1.000000,0.988790
hair_net,-1,0.000000,nan
hairnet,-1,0.000000,nan
hallmark,5,1.000000,0.998552
halo,5,1.000000,0.999170
hamburg,5,1.000000,0.986727
hand,5,1.000000,0.987726
hand_and_knee,5,1.000000,0.999390
hand_free,-1,0.000000,nan
handful_of_time,-1,0.000000,nan
handle,1,1.000000,0.998177
handler,5,1.000000,0.999142
hang_in_there,5,1.000000,0.995185
hangry,1,0.689886,0.998708
hank_green,5,1.000000,0.996090
happiness,5,1.000000,0.997017
happy,5,1.000000,0.995193
happy_holiday,5,1.000000,0.997059
happy_to_hear,5,1.000000,0.995166
hard_liquor,1,1.000000,0.998464
hard_seltzer,1,1.000000,0.998694
hard_to_breathe,-1,0.000000,nan
hard_to_describe,-1,0.000000,nan
hard_to_differentiate,5,0.917699,0.996190
hard_to_pinpoint,5,1.000000,0.998481
hard_to_predict,-1,0.000000,nan
hardship,5,1.000000,0.998492
harm,5,1.000000,0.995367
harrowing,5,1.000000,0.997612
harsh,5,0.925933,0.997608
hashimoto,5,1.000000,0.995874
hate,-1,0.000000,nan
have_abdomino_phrenic,5,1.000000,0.998042
have_food_poison,5,1.000000,0.995222
have_no_clue,5,1.000000,0.992291
have_r_cpd,5,0.961239,0.993978
hawaii,5,1.000000,0.996784
hazard,5,1.000000,0.998860
hcl,1,1.000000,0.997845
he_spray,0,1.000000,0.999985
head_and_neck,5,1.000000,0.990985
head_and_torso_elevate,5,0.942195,0.986111
head_elevate,5,0.985111,0.985619
head_forward,5,1.000000,0.986273
head_left,5,1.000000,0.987826
head_movement,5,1.000000,0.988273
head_position,5,1.000000,0.987324
head_slightly,5,1.000000,0.987073
head_tilt,5,1.000000,0.986560
head_turn,5,1.000000,0.986822
headache,5,1.000000,0.991826
headache_fatigue,-1,0.000000,nan
headband,5,1.000000,0.999056
health,5,1.000000,0.995431
health_anxiety,-1,0.000000,nan
health_care,5,1.000000,0.984668
health_condition,5,1.000000,0.996767
health_insurance,5,1.000000,0.981809
health_issue,5,1.000000,0.994122
health_problem,5,1.000000,0.995309
health_risk,5,1.000000,0.998723
health_system,5,1.000000,0.985910
healthcare,5,1.000000,0.984258
healthcare_professional,5,1.000000,0.995854
healthcare_provider,5,1.000000,0.993916
healthcare_system,5,1.000000,0.984676
healthy,1,1.000000,0.999262
healthy_weight,-1,0.000000,nan
heart_burn,5,1.000000,0.992405
heart_palpitation,5,1.000000,0.992008
heart_problem,5,1.000000,0.997685
heart_skip,-1,0.000000,nan
heartbreak,5,1.000000,0.996696
heartburn,5,1.000000,0.992026
heartburn_acid_reflux,1,0.842618,0.995298
heartburn_medication,1,1.000000,0.996738
heat_pad,5,1.000000,0.990997
heat_therapy,5,1.000000,0.993134
heave,5,0.924440,0.990143
heaviness,5,0.896065,0.995931
heavy,1,1.000000,0.998565
hebbel,-1,0.000000,nan
heds,5,1.000000,0.994757
heel_drop,5,1.000000,0.992915
hehe,5,1.000000,0.996960
height,-1,0.000000,nan
heighten,5,1.000000,0.994791
helemaal,5,1.000000,0.998689
hella,5,1.000000,0.997562
hello_everyone,5,0.992111,0.996077
hello_fellow_no_burper,5,1.000000,0.996950
hello_fellow_noburper,5,1.000000,0.997498
help,1,0.926599,0.997343
help_loosen,5,1.000000,0.995375
help_tremendous,1,1.000000,0.999633
helpful,5,1.000000,0.995161
helpful_info,5,1.000000,0.996288
helpful_to_hear,5,1.000000,0.996040
helpless,-1,0.000000,nan
helsinki,5,1.000000,0.992690
hem,5,1.000000,0.999184
hemp,5,1.000000,0.998264
hence,5,1.000000,0.991989
her_secretary,5,1.000000,0.989375
her_website,5,1.000000,0.992390
herb,1,0.925203,0.999026
herbal,1,1.000000,0.998652
heritable,5,0.942790,0.996429
hernia,5,1.000000,0.992869
hero,5,1.000000,0.997165
hesitant,-1,0.000000,nan
hey_everyone,5,0.945536,0.996050
hey_folk,5,1.000000,0.998104
hey_guy,5,0.902978,0.996086
hg,5,1.000000,0.997051
hh,5,1.000000,0.994077
hi_all,5,0.942726,0.996045
hi_everybody,5,1.000000,0.998044
hi_fellow_no_burper,5,1.000000,0.997134
hi_friend,5,1.000000,0.992335
hi_guy,5,0.917673,0.996015
hi_there,5,0.963242,0.995969
hiatal_hernia,5,1.000000,0.993017
hiatal_hernia_be,5,1.000000,0.994628
hiatal_hernia_etc,5,1.000000,0.996532
hiatal_hernia_gerd,5,1.000000,0.995323
hiatal_hernia_repair,-1,0.000000,nan
hiatal_hernia_so,5,1.000000,0.998184
hiatus_hernia,5,1.000000,0.992907
hic,5,1.000000,0.994988
hiccup,5,1.000000,0.991640
hicklin,-1,0.000000,nan
hicklin_and_karagama,5,0.949824,0.994864
hicklin_com,5,1.000000,0.991578
hicklin_in_london,5,1.000000,0.993832
hida_scan,4,0.699377,0.999861
high,-1,0.000000,nan
high_altitude,5,0.951048,0.996417
high_deductible_plan,5,1.000000,0.986399
high_dosage,5,1.000000,0.990444
high_dose,5,1.000000,0.989341
high_fat,1,1.000000,0.999825
high_fiber,1,1.000000,0.999671
high_fibre,1,1.000000,0.999763
high_fodmap,1,1.000000,0.999647
high_heart_rate,5,1.000000,0.996690
high_incidence,5,1.000000,0.996866
high_note,-1,0.000000,nan
high_pressure,5,1.000000,0.992285
high_protein,1,1.000000,0.999862
high_resolution,-1,0.000000,nan
high_resolution_manometry,4,0.639256,0.999653
high_risk,5,0.979824,0.998599
high_school,5,1.000000,0.995031
high_up,5,1.000000,0.987889
high_waist,5,0.934626,0.996033
highly_consider,5,1.000000,0.994996
highmark,5,1.000000,0.996732
hiking,1,0.721197,0.996999
hilarious,5,1.000000,0.994659
hip,5,1.000000,0.988435
hip_flexor,5,1.000000,0.995351
hirschsprung,5,1.000000,0.997353
his_nurse,5,1.000000,0.993368
his_office,5,1.000000,0.988754
his_opinion,5,1.000000,0.997585
his_paper,5,1.000000,0.993406
his_patient,-1,0.000000,nan
his_q,5,1.000000,0.994152
his_success_rate,5,1.000000,0.993995
his_video,5,1.000000,0.994461
his_website,5,1.000000,0.993528
hispanic,5,1.000000,0.998835
hiss,5,1.000000,0.995975
histamine_intolerance,5,1.000000,0.997354
hit_high_note,5,1.000000,0.999037
hmm_interest,5,1.000000,0.997699
hmo,5,1.000000,0.982359
hoarse,-1,0.000000,nan
hoarse_voice,-1,0.000000,nan
hoarseness,-1,0.000000,nan
hobby,1,0.742132,0.997627
hoesli,5,1.000000,0.995067
hole,5,1.000000,0.988625
holiday,5,0.930900,0.989004
holistic,5,1.000000,0.997433
hollow,5,1.000000,0.993778
holy_cow,5,1.000000,0.997558
holy_crap,5,1.000000,0.996838
holy_shit,5,1.000000,0.996764
home,-1,0.000000,nan
home_early,-1,0.000000,nan
home_page,5,1.000000,0.994527
home_remedy,5,1.000000,0.992453
homeopathy,5,1.000000,0.998478
homer_simpson,5,1.000000,0.997055
hometown,5,1.000000,0.989416
homie,5,1.000000,0.997356
hook_up,0,0.990689,0.999725
hope,5,1.000000,0.995097
hopeful,5,1.000000,0.995048
hopeless,-1,0.000000,nan
horizontal,5,1.000000,0.986621
hormonal,5,1.000000,0.997072
hormone,5,1.000000,0.994232
horn,-1,0.000000,nan
horrendous,5,1.000000,0.991666
horrible,5,1.000000,0.991530
horrible_hypersalivation,5,0.983100,0.997851
horrific,5,1.000000,0.991682
horror,5,1.000000,0.997910
horror_story,5,1.000000,0.996261
horse_pill,1,1.000000,0.999101
hose,5,1.000000,0.992349
hospital,5,1.000000,0.987593
hospital_charge,5,1.000000,0.986589
hospital_fee,5,1.000000,0.987522
hospital_fees,5,1.000000,0.984522
hospital_gown,-1,0.000000,nan
hospital_in_manchester,5,1.000000,0.997409
hospitalize,-1,0.000000,nan
hostile,5,1.000000,0.997356
hot,1,1.000000,0.998537
hot_air,5,0.944082,0.993497
hot_beverage,1,1.000000,0.999763
hot_chocolate,1,0.996830,0.999210
hot_drink,1,1.000000,0.999285
hot_flash,5,1.000000,0.996923
hot_soup,1,1.000000,0.999952
hot_tea,1,0.952463,0.999249
hot_water,1,0.921969,0.999160
hot_water_bottle,5,1.000000,0.991630
hotel_room,-1,0.000000,nan
hotel_stay,5,0.950225,0.991212
hourglass_syndrome,5,1.000000,0.995572
howdy,5,1.000000,0.996846
hrm,5,0.921110,0.996782
huel,1,1.000000,0.999603
huge_air_bubble,-1,0.000000,nan
huge_belch,5,1.000000,0.994423
huge_belly,5,0.967947,0.996779
huge_difference,-1,0.000000,nan
huge_emetophobe,5,1.000000,0.998422
huge_meal,1,0.671117,0.997789
huge_trigger,1,1.000000,0.999602
huh_interest,5,1.000000,0.997138
humiliate,5,0.931296,0.994304
hummus,1,1.000000,0.999913
hump,5,1.000000,0.998899
hunch_over,5,1.000000,0.987324
hundred_of_time,2,1.000000,0.999992
hunger,5,1.000000,0.991018
hunger_cue,5,0.917407,0.997617
hunger_pain,5,1.000000,0.996844
hungry,5,1.000000,0.990776
hurt,5,0.986965,0.991154
hus,5,1.000000,0.992592
husky,-1,0.000000,nan
hydrate,1,1.000000,0.998309
hydrogen,-1,0.000000,nan
hyoid_bone,-1,0.000000,nan
hyper,5,1.000000,0.998088
hyper_aware,5,1.000000,0.998707
hyper_mobile,5,1.000000,0.996279
hyper_mobility,5,1.000000,0.996417
hyper_salivate,5,1.000000,0.993435
hyper_salivation,5,1.000000,0.992599
hyperemesis,5,1.000000,0.996714
hyperhidrosis,5,1.000000,0.998187
hypermobile,5,1.000000,0.995457
hypermobility,5,1.000000,0.995439
hypersalivate,5,0.953026,0.992769
hypersalivation,5,1.000000,0.991816
hypersensitivity,5,1.000000,0.996094
hypertensive,5,1.000000,0.993241
hypertonic_pelvic_floor_dysfunction,5,1.000000,0.996305
hypertrophy,5,1.000000,0.996089
hyperventilation,5,0.996564,0.999169
hypnosis,5,0.909316,0.994328
hypnotherapy,5,1.000000,0.994320
hypochondria,5,1.000000,0.997784
hypothesis,-1,0.000000,nan
hypothesize,5,1.000000,0.996989
hypothyroidism,5,1.000000,0.996195
hysteria,5,1.000000,0.995192
ibd,5,1.000000,0.994203
ibs,5,1.000000,0.992722
ibs_c,5,1.000000,0.996122
ibs_d,5,1.000000,0.995309
ibs_diagnosis,5,1.000000,0.998307
ibs_gerd,5,1.000000,0.994179
ibs_sibo,5,1.000000,0.996276
ibs_symptom,-1,0.000000,nan
ibuprofen,1,0.828763,0.999034
ice,1,1.000000,0.998828
ice_chip,1,1.000000,0.999763
ice_cream,1,1.000000,0.997892
ice_lolly,1,1.000000,0.999589
ice_water,1,1.000000,0.999546
icecream,1,1.000000,0.999784
ich,-1,0.000000,nan
icky,-1,0.000000,nan
icon,5,1.000000,0.996366
id_argue,5,1.000000,0.998660
id_love_to_hear,5,1.000000,0.995359
id_rather,-1,0.000000,nan
id_say,3,0.962915,0.999835
idaho,5,1.000000,0.996959
identical_twin,5,0.996951,0.996945
identity,5,1.000000,0.998491
idiopathic,5,1.000000,0.997259
iem,5,1.000000,0.996099
if_left_untreated,5,1.000000,0.994869
ignorance,5,1.000000,0.997990
ignore,5,1.000000,0.992248
ileus,5,1.000000,0.996164
illinois,5,1.000000,0.986351
illness,5,1.000000,0.994345
illustrate,5,1.000000,0.995227
image,5,1.000000,0.993558
imaging,4,1.000000,0.999933
imaging_use_barium_contrast,-1,0.000000,nan
imam,5,1.000000,0.998977
imbalance,5,1.000000,0.995130
imitate,5,1.000000,0.993665
immeasurable,5,1.000000,0.996740
immediate_relief,5,0.971603,0.992166
immense_amount,-1,0.000000,nan
immune_system,5,1.000000,0.995720
impair,5,0.999559,0.995977
impatient,5,1.000000,0.995561
impedance,-1,0.000000,nan
impede,-1,0.000000,nan
impending,5,1.000000,0.997852
implant,5,0.941350,0.996073
implement,-1,0.000000,nan
implication,5,1.000000,0.998444
important_event,5,0.989317,0.995524
important_to_note,5,1.000000,0.998055
impressive,5,1.000000,0.997420
improper,5,0.994001,0.994427
improve,5,1.000000,0.994783
improvement,-1,0.000000,nan
inability_to_belch,5,0.955845,0.996640
inability_to_belch_gurgle_noise,5,1.000000,0.996465
inability_to_burp,5,0.988827,0.994029
inability_to_relax,5,1.000000,0.995197
inability_to_vomit,5,0.925369,0.996481
inaudible,5,0.930499,0.994206
incapable,5,1.000000,0.997574
incapacitate,5,1.000000,0.997567
incessant,5,1.000000,0.996452
incidence,5,1.000000,0.996200
incident,5,1.000000,0.995271
incision,5,1.000000,0.991820
incline,5,1.000000,0.985092
incompetent,5,0.924839,0.995828
incomplete,5,1.000000,0.992122
inconclusive,5,1.000000,0.996817
inconsistent,-1,0.000000,nan
inconvenience,-1,0.000000,nan
inconvenient,-1,0.000000,nan
incorrect,5,1.000000,0.992676
increase,5,1.000000,0.993985
increase_awareness,5,1.000000,0.996582
increase_in_frequency,5,0.982851,0.997172
increase_in_severity,-1,0.000000,nan
incredible_helpful,5,1.000000,0.995716
incredible_nauseous,-1,0.000000,nan
incredible_pain,-1,0.000000,nan
incredible_uncomfortable,-1,0.000000,nan
incredible_validate,5,1.000000,0.996983
indescribable,5,1.000000,0.997730
index_finger,5,1.000000,0.994279
indigestion,5,1.000000,0.991591
individual,5,1.000000,0.995225
individual_funding_request,5,1.000000,0.994935
individual_funding_request_ifr,5,1.000000,0.996310
indoor,-1,0.000000,nan
induce,-1,0.000000,nan
induce_gag_reflex,5,1.000000,0.991000
induce_vomit,-1,0.000000,nan
induction,5,1.000000,0.997323
indulge,1,1.000000,0.999568
ineffective,-1,0.000000,nan
ineffective_esophageal_motility,-1,0.000000,nan
infamous,5,1.000000,0.998252
infancy,5,1.000000,0.995876
infant,5,1.000000,0.995410
infection,5,1.000000,0.993226
inflame,-1,0.000000,nan
inflame_esophagus,5,1.000000,0.997982
inflammation,-1,0.000000,nan
inflate,5,1.000000,0.987588
inflate_balloon,5,0.927863,0.993644
inform,5,0.944128,0.992703
information,5,1.000000,0.994399
information_about,5,1.000000,0.994224
infrequent,-1,0.000000,nan
ingest,5,0.942593,0.989107
ingredient,1,1.000000,0.999432
inguinal,5,1.000000,0.997656
inhale,-1,0.000000,nan
inherently,5,1.000000,0.998738
inhibitor,1,1.000000,0.995339
initial_appointment,5,1.000000,0.988499
initial_consult,5,1.000000,0.988690
initial_consultation,5,1.000000,0.988227
initial_deny,5,1.000000,0.982386
initial_stage,5,0.892983,0.998602
initial_visit,5,1.000000,0.990061
inject,5,1.000000,0.989814
inject_100_unit,5,1.000000,0.990532
inject_into,5,1.000000,0.990443
injection,5,1.000000,0.988587
injection_itself,5,1.000000,0.991158
injection_site,5,1.000000,0.991090
injure,5,1.000000,0.997288
injury,5,1.000000,0.993770
inopportune,5,1.000000,0.998115
insane,5,1.000000,0.991452
insecure,-1,0.000000,nan
insecure_about,5,1.000000,0.997250
insecurity,5,1.000000,0.999139
insert,0,1.000000,0.999975
insert_into,0,1.000000,0.999890
insertion,0,1.000000,0.999893
inside,5,1.000000,0.987309
insist,5,1.000000,0.991283
insistent,5,1.000000,0.998362
insomnia,5,0.986310,0.996203
inspire,5,1.000000,0.996019
instability,5,1.000000,0.997987
instagram,5,1.000000,0.995163
installment,5,0.929403,0.996892
instance,5,0.934623,0.994880
instant_relief,5,0.939194,0.991368
instinct,5,1.000000,0.987560
institution,5,1.000000,0.995727
instrument,-1,0.000000,nan
insurance_anthem,5,1.000000,0.997401
insurance_company,5,1.000000,0.981488
insurance_cover,5,1.000000,0.981454
insurance_coverage,5,1.000000,0.982001
insurance_provider,5,1.000000,0.982785
insurer,5,1.000000,0.981380
intel,5,1.000000,0.996274
intense,5,1.000000,0.991652
intense_fear,5,1.000000,0.996567
intense_nausea,5,1.000000,0.992779
intense_pain,-1,0.000000,nan
intense_pressure,-1,0.000000,nan
intensify,5,1.000000,0.994496
intensity,-1,0.000000,nan
intentional,-1,0.000000,nan
interest,5,1.000000,0.995388
interest_to_hear,5,1.000000,0.995782
interfere,5,1.000000,0.995818
intermittent,5,1.000000,0.996356
internal,5,1.000000,0.991370
internal_injection,5,1.000000,0.990611
internal_organ,5,1.000000,0.995712
international,5,1.000000,0.987598
internet,5,1.000000,0.994832
internet_post,-1,0.000000,nan
intestinal,5,1.000000,0.990146
intestinal_gas,5,1.000000,0.996725
intestinal_necrosis,5,1.000000,0.997632
intestine,5,1.000000,0.988664
into_account,1,1.000000,0.997291
into_adulthood,5,1.000000,0.997770
into_perspective,-1,0.000000,nan
intolerance,1,0.998144,0.998912
intolerant,1,1.000000,0.999194
introduction,5,1.000000,0.995759
intrusive,-1,0.000000,nan
intubate,5,0.995644,0.991325
intubation,0,0.823322,0.999656
intubation_tube,0,1.000000,0.999930
intuit,5,0.916543,0.999769
invasive_procedure,5,1.000000,0.997552
inversion,5,1.000000,0.985724
investigate,5,1.000000,0.992317
investigation,-1,0.000000,nan
invisible,5,1.000000,0.996916
involuntary,5,1.000000,0.991645
involuntary_dry,-1,0.000000,nan
involuntary_dry_heave,-1,0.000000,nan
involuntary_microburp,5,0.969960,0.997769
involvement,5,1.000000,0.997977
inwards,5,1.000000,0.992904
iqoro,5,1.000000,0.993768
iron,1,0.940980,0.999147
iron_supplement,1,1.000000,0.997196
irrational,-1,0.000000,nan
irrational_fear,5,1.000000,0.996973
irregular,5,1.000000,0.995675
irregularity,5,1.000000,0.998270
irreversible,5,1.000000,0.997259
irritable,-1,0.000000,nan
irritate,5,1.000000,0.991596
irritation,5,1.000000,0.991990
ish,2,0.714668,0.999892
issaquah,5,1.000000,0.992359
issue,5,1.000000,0.993784
issue_e_g,-1,0.000000,nan
italy,5,1.000000,0.988564
itch,5,0.991071,0.993534
itemize_bill,5,1.000000,0.996432
its_own,5,0.956697,0.988342
its_unlikely,5,1.000000,0.996549
iu_health,5,1.000000,0.995110
iv,-1,0.000000,nan
iv_for_dehydration,5,1.000000,0.997520
jab,5,1.000000,0.990814
jackass,5,1.000000,0.998241
jacket,5,1.000000,0.997841
jacob,5,1.000000,0.996709
jag,-1,0.000000,nan
jai_fait,5,1.000000,0.999136
james,5,1.000000,0.997347
jan,5,1.000000,0.989651
jan_2022,5,1.000000,0.995005
jan_2023,5,1.000000,0.994590
jan_2025,5,1.000000,0.996773
january,5,1.000000,0.989128
japan,5,1.000000,0.992089
jaw,5,1.000000,0.987780
jaw_slightly,5,1.000000,0.991645
jealous,5,1.000000,0.994958
jealous_of_people_who,5,1.000000,0.997603
jealousy,5,1.000000,0.997479
jean,5,1.000000,0.997456
jeans,-1,0.000000,nan
jeff,5,1.000000,0.997179
jefferson,5,1.000000,0.989620
jello,1,1.000000,0.998472
jelly,1,1.000000,0.999564
jinx,5,1.000000,0.996834
jitter,5,0.980992,0.998126
jog,5,0.895727,0.994258
john_hopkins,5,1.000000,0.993480
join_reddit,5,1.000000,0.996607
join_this_subreddit,5,1.000000,0.997919
joke,5,1.000000,0.994617
joke_about,5,1.000000,0.995200
joker,-1,0.000000,nan
jolt,5,0.981062,0.994422
journal,5,1.000000,0.993420
journal_article,5,1.000000,0.995267
journey,5,1.000000,0.995650
juice,1,0.953118,0.998579
july,5,1.000000,0.989111
july_2023,5,0.954923,0.992696
june,5,1.000000,0.989334
june_2022,5,1.000000,0.993896
junk_food,1,1.000000,0.999805
just_curious,5,0.999887,0.995584
jut_out,5,1.000000,0.990909
kahrilas,5,1.000000,0.995218
kaiser,5,1.000000,0.987048
kaiser_permanente,5,1.000000,0.989037
karagama,-1,0.000000,nan
keen_to_hear,5,0.999593,0.995668
keep_in_touch,5,0.936841,0.995490
keep_practice,-1,0.000000,nan
keep_us_update,5,1.000000,0.995208
keeper,5,1.000000,0.997188
kefir,1,1.000000,0.999886
keg,5,1.000000,0.998401
kentucky,5,1.000000,0.993003
keratosis,5,1.000000,0.998212
keto,1,1.000000,0.999745
keto_diet,1,1.000000,0.999664
key,5,0.932983,0.989079
keyword,5,1.000000,0.994212
kick,3,1.000000,0.999990
kid,5,1.000000,0.995032
kill,-1,0.000000,nan
killer,-1,0.000000,nan
kind_of_gross,5,1.000000,0.996747
kind_stranger,5,1.000000,0.997359
kink,5,1.000000,0.994401
kiss,5,1.000000,0.990279
klonopin,1,1.000000,0.997127
knee,5,1.000000,0.987079
kneel,5,1.000000,0.993397
knock_out,5,1.000000,0.989737
knot,5,1.000000,0.990017
know_to_treat_r,5,1.000000,0.990632
knowledge,5,1.000000,0.993716
knowledgeable,5,1.000000,0.991527
knuckle,5,1.000000,0.992930
kombucha,1,1.000000,0.997475
ktc,5,1.000000,0.990231
kyphosis,5,1.000000,0.995543
la_croix,1,1.000000,0.997322
lab,4,1.000000,0.999999
lack_of_ability,-1,0.000000,nan
lack_of_appetite,5,1.000000,0.994966
lack_thereof,5,1.000000,0.998982
lacroix,1,1.000000,0.998618
lactase,1,1.000000,0.999481
lactose,1,1.000000,0.999243
lactose_free,1,1.000000,0.999904
lactose_intolerance,5,1.000000,0.993318
lactose_intolerant,1,1.000000,0.999266
lakeshore,5,1.000000,0.997976
lame,5,1.000000,0.997134
landscape,5,1.000000,0.999360
language,5,1.000000,0.994702
lansoprazole,1,1.000000,0.995924
lap,-1,0.000000,nan
laparoscopy,-1,0.000000,nan
large_amount,5,1.000000,0.989777
large_belch,5,1.000000,0.996394
large_bowel,5,0.935590,0.995494
large_dose,5,1.000000,0.990516
large_intestine,5,1.000000,0.990380
large_meal,1,0.764041,0.998271
large_pill,1,0.831992,0.999102
large_portion,1,0.666564,0.998259
large_than,5,1.000000,0.996686
largely_prevent,5,0.935855,0.986338
laryngeal,5,0.948788,0.995581
laryngeal_dystonia,-1,0.000000,nan
laryngeal_spasm,5,1.000000,0.997095
laryngeospasm,5,1.000000,0.998336
laryngologist,5,1.000000,0.990013
laryngologist_who,5,1.000000,0.990364
laryngopedia,5,1.000000,0.993457
laryngopharyngeal_reflux,5,1.000000,0.995937
laryngopharyngeal_reflux_lpr,5,1.000000,0.995842
laryngoscope,-1,0.000000,nan
laryngospasm,-1,0.000000,nan
larynx,5,1.000000,0.988683
larynx_lower,5,1.000000,0.990420
larynx_lower_exercise,5,1.000000,0.989950
larynx_lower_voice,5,1.000000,0.991985
laser,5,1.000000,0.991795
last_august,5,1.000000,0.993514
last_ditch,5,1.000000,0.997862
last_paragraph,5,1.000000,0.999072
last_resort,5,1.000000,0.993532
last_tuesday,5,1.000000,0.995364
last_year,5,1.000000,0.995885
latch,5,1.000000,0.999216
late_20s,5,1.000000,0.995273
late_30s,-1,0.000000,nan
late_afternoon,5,0.930570,0.992758
late_reply,5,1.000000,0.996023
late_teen,5,1.000000,0.995209
late_twenties,5,0.981714,0.995667
lateral,5,1.000000,0.994321
latest,5,1.000000,0.993220
laugh,5,1.000000,0.994168
laugh_yawn,-1,0.000000,nan
laughter,5,1.000000,0.995202
lawyer,5,1.000000,0.996454
lax,5,1.000000,0.992359
laxative,1,1.000000,0.997813
lay,5,1.000000,0.985579
lay_down,5,1.000000,0.985585
lay_down_flat,5,1.000000,0.986473
lay_down_in_bed,5,1.000000,0.997381
lay_flat,5,1.000000,0.986583
lazy,-1,0.000000,nan
lb,-1,0.000000,nan
le_27_fever,5,1.000000,0.999153
lead_to_sibo,5,1.000000,0.996738
leafy_green,1,1.000000,0.999916
league,5,1.000000,0.998301
leak,5,0.997579,0.988513
leak_gut,5,1.000000,0.996690
leak_into,5,1.000000,0.992405
lean,5,1.000000,0.984991
lean_against,5,1.000000,0.987425
lean_back,5,1.000000,0.985167
lean_down,5,1.000000,0.987719
lean_forward,5,1.000000,0.985410
lean_into,-1,0.000000,nan
lean_onto,5,1.000000,0.992807
lean_over,5,1.000000,0.985506
learn,5,1.000000,0.988849
learn_behavior,5,1.000000,0.995927
learn_how,5,1.000000,0.989079
learn_to_control,-1,0.000000,nan
least_partially,5,1.000000,0.998124
leave_early,-1,0.000000,nan
leave_r_cpd,5,1.000000,0.995857
left_ear,5,1.000000,0.993864
left_leg,-1,0.000000,nan
left_nostril,-1,0.000000,nan
left_rib_cage,-1,0.000000,nan
left_side,5,1.000000,0.985453
left_untreated,5,1.000000,0.995202
leg,5,1.000000,0.987164
leg_up,5,1.000000,0.990038
lego,5,1.000000,0.999270
legume,1,1.000000,0.999813
lemonade,1,1.000000,0.997937
lenox,5,1.000000,0.996699
lentil,1,1.000000,0.999786
les,5,1.000000,0.989786
les_function,5,1.000000,0.997263
les_lower_esophageal,5,1.000000,0.994223
lesbian,5,1.000000,0.997418
less,5,0.926210,0.994329
less_accurate,5,1.000000,0.991414
less_alone,-1,0.000000,nan
less_anxious,5,1.000000,0.997343
less_bloat,-1,0.000000,nan
less_expensive,5,1.000000,0.990930
less_flatulence,5,1.000000,0.996306
less_frequently,-1,0.000000,nan
less_gassy,1,1.000000,0.999743
less_invasive,5,1.000000,0.992837
less_nauseous,-1,0.000000,nan
less_scary,5,0.892207,0.997426
less_severe,5,1.000000,0.998739
less_traumatic,5,1.000000,0.996332
lessen,5,1.000000,0.994189
let_out,5,0.997344,0.991495
lethargic,-1,0.000000,nan
letter,5,1.000000,0.988512
lettuce,1,1.000000,0.999902
level,-1,0.000000,nan
level_of_severity,5,1.000000,0.998908
lexington,5,1.000000,0.992991
liable,5,1.000000,0.998850
liberate,5,1.000000,0.996764
license,5,1.000000,0.986147
lid,5,1.000000,0.990948
lidocaine,0,1.000000,0.999943
lidocaine_spray,0,0.920753,0.999702
lie,5,1.000000,0.985966
lie_down,5,1.000000,0.985744
lie_down_flat,5,1.000000,0.987448
lie_flat,5,1.000000,0.986350
life_alter,5,1.000000,0.997745
life_change,-1,0.000000,nan
life_threaten,5,1.000000,0.996454
life_upgrade,5,1.000000,0.996895
lifelong,5,1.000000,0.995418
lifelong_basis,5,1.000000,0.997092
lifelong_burper,5,1.000000,0.997285
lifelong_inability,5,1.000000,0.997112
lifelong_no_burper,5,0.948707,0.996903
lifelong_non_burper,5,1.000000,0.997395
lifelong_r_cpd,5,1.000000,0.997918
lifestyle,1,0.968065,0.998854
lifestyle_change,1,1.000000,0.999041
lifetime,5,1.000000,0.996182
lifetime_noburper,5,1.000000,0.997264
lift,5,1.000000,0.985481
ligament,5,0.902234,0.996308
light,-1,0.000000,nan
light_cough,5,1.000000,0.986913
light_head,-1,0.000000,nan
lightheaded,-1,0.000000,nan
lightheadedness,5,1.000000,0.995543
lightweight,1,0.891795,0.998855
like_bread,1,1.000000,0.997675
like_crap,1,1.000000,0.999773
like_crazy,5,1.000000,0.992057
like_wtf,5,1.000000,0.996189
likelihood,5,1.000000,0.995592
likely_due,5,0.923465,0.995748
lin,5,1.000000,0.995376
line_between,-1,0.000000,nan
linger,5,1.000000,0.991854
lining,5,0.947507,0.993833
link_between,5,1.000000,0.994592
link_to_r_cpd,5,1.000000,0.997041
linx,-1,0.000000,nan
liquefy,1,1.000000,0.997631
liquid,1,1.000000,0.997221
liquid_baby_advil,1,1.000000,0.997120
liquid_baby_ibuprofen,1,0.801404,0.999280
liquid_child_ibuprofen,1,0.889359,0.999190
liquid_diet,1,1.000000,0.997291
liquid_gaviscon,1,1.000000,0.997856
liquid_ibuprofen,1,0.872229,0.999314
liquid_tylenol,1,0.673769,0.999743
liquor,1,1.000000,0.998065
list_above,5,1.000000,0.998688
list_of_specialist,5,1.000000,0.993095
listen,5,1.000000,0.992043
listen_to_your_body,5,1.000000,0.997969
liter,1,1.000000,0.997257
literally_cry,5,1.000000,0.997248
literature,5,1.000000,0.993721
little_background,5,1.000000,0.996982
little_confuse,5,1.000000,0.996538
little_nervous,5,1.000000,0.991432
little_pop,5,1.000000,0.990410
little_scratch,5,1.000000,0.991791
little_sore,5,1.000000,0.990404
little_tired,-1,0.000000,nan
live_memory,5,0.934638,0.996879
live_near,5,1.000000,0.989139
liver,5,0.934548,0.994686
llama,5,1.000000,0.999229
lmfao,5,1.000000,0.997458
local,5,1.000000,0.987943
local_anesthesia,5,1.000000,0.989218
local_anesthetic,5,1.000000,0.989410
local_ccg,5,1.000000,0.990745
local_doctor,5,1.000000,0.988958
local_ent,5,1.000000,0.989176
local_hospital,5,1.000000,0.990658
localize,5,1.000000,0.998710
location,5,1.000000,0.988451
lodge,5,1.000000,0.990942
log,5,0.944918,0.995249
logical_sense,-1,0.000000,nan
logo,5,1.000000,0.999383
lol,5,1.000000,0.994772
london_uk,5,1.000000,0.992853
lonely,5,0.944960,0.996915
long_haul,5,0.976385,0.996733
long_term,-1,0.000000,nan
long_time_lurker,5,1.000000,0.996466
long_wind,5,1.000000,0.996263
longstanding,5,1.000000,0.998268
longtime,5,1.000000,0.997135
look_down,5,1.000000,0.985104
look_forward,5,1.000000,0.994922
look_pregnant,5,1.000000,0.991150
loopy,-1,0.000000,nan
loose,5,1.000000,0.988303
loose_stool,5,1.000000,0.995764
loosen,5,1.000000,0.988251
loosen_up,5,1.000000,0.987935
los_angeles,5,1.000000,0.990622
lose_hope,5,1.000000,0.995200
lose_weight,-1,0.000000,nan
loss,5,0.894376,0.996060
loss_of_appetite,5,1.000000,0.995494
loss_of_voice,-1,0.000000,nan
lot_of_effort,-1,0.000000,nan
lot_of_phlegm,5,1.000000,0.991952
lottery,5,1.000000,0.998470
loud,5,1.000000,0.992178
loud_af,5,1.000000,0.997820
loud_and_proud,5,1.000000,0.997063
loud_belch,5,1.000000,0.993557
loud_gurgle_noise,-1,0.000000,nan
loud_hiccup,5,0.965089,0.995698
loud_music,-1,0.000000,nan
loud_noise,5,1.000000,0.992009
loudness,5,0.933877,0.999403
louisiana,5,1.000000,0.997102
lounge,-1,0.000000,nan
love_coffee,1,1.000000,0.999399
lovely,5,1.000000,0.990887
lover,1,1.000000,0.999867
low_acid,5,0.916740,0.994341
low_appetite,5,0.962386,0.998387
low_carbohydrate,1,1.000000,0.999767
low_dose,5,1.000000,0.989932
low_energy,5,0.920771,0.999180
low_fodmap,1,0.917214,0.998938
low_fodmap_diet,1,0.864796,0.998866
low_income,5,1.000000,0.985711
low_iron,5,1.000000,0.998245
low_level,5,1.000000,0.995422
low_quality,5,0.944925,0.998091
low_stomach_acid,5,1.000000,0.994033
lower,5,1.000000,0.988376
lower_abdomen,-1,0.000000,nan
lower_dose,5,1.000000,0.989752
lower_down,5,0.958252,0.990779
lower_esophageal,5,1.000000,0.996140
lower_esophageal_sphincter,5,1.000000,0.989863
lower_esophageal_sphincter_les,5,1.000000,0.991744
lower_esophagus,5,1.000000,0.989695
lower_gi,5,1.000000,0.989925
lower_gi_tract,-1,0.000000,nan
lower_jaw,5,1.000000,0.987471
lower_jaw_forward,5,1.000000,0.988833
lower_larynx,5,1.000000,0.992404
lower_part,5,1.000000,0.994174
lower_sphincter,5,1.000000,0.989880
lower_success_rate,5,1.000000,0.990631
lowkey,5,1.000000,0.997242
lpr,5,1.000000,0.992787
lpr_reflux,5,1.000000,0.993163
lpr_silent_reflux,5,0.982725,0.997537
lpr_symptom,5,1.000000,0.996840
lucy,-1,0.000000,nan
lucy_hicklin,-1,0.000000,nan
lucy_hicklin_in_london,-1,0.000000,nan
lucy_hickling,5,1.000000,0.993008
lump,5,1.000000,0.990374
lunatic,5,1.000000,0.997987
lunch,1,0.779419,0.998355
lung,-1,0.000000,nan
lung_and_heart,5,0.990564,0.996227
lung_capacity,5,1.000000,0.997128
lurker_here,5,1.000000,0.998033
lycra_till,5,1.000000,0.999215
lye,5,1.000000,0.990207
lyft,-1,0.000000,nan
lyme,5,1.000000,0.998732
lymph_node,-1,0.000000,nan
mac_and_cheese,1,1.000000,0.999518
mac_n_cheese,1,1.000000,0.999484
machine,0,1.000000,0.999838
machine_gun,5,1.000000,0.996683
mad,-1,0.000000,nan
magic_bullet,5,1.000000,0.997152
magic_mushroom,5,1.000000,0.998008
magic_number,5,1.000000,0.989367
magnesium,1,1.000000,0.998807
magnify,5,0.900358,0.996870
maiden,5,1.000000,0.998629
main_cause,5,1.000000,0.995190
main_concern,5,1.000000,0.997728
main_difference,5,1.000000,0.997077
main_hospital,-1,0.000000,nan
main_issue,5,1.000000,0.992990
main_symptom,5,1.000000,0.992188
maintain,3,0.915224,0.999882
maintain_weight,-1,0.000000,nan
maintenance,5,1.000000,0.998799
major,5,1.000000,0.993031
major_change,5,1.000000,0.996584
make_fun,5,1.000000,0.994434
make_myself,-1,0.000000,nan
make_themselves,-1,0.000000,nan
make_yourself,-1,0.000000,nan
malabsorption,5,1.000000,0.995998
maladie,5,1.000000,0.999306
malaise,-1,0.000000,nan
male,5,1.000000,0.996397
malfunction,5,1.000000,0.992067
malfunction_les,5,1.000000,0.998471
malign,5,1.000000,0.996797
mall,-1,0.000000,nan
malnourish,-1,0.000000,nan
malnutrition,5,0.987835,0.996064
manchester,5,1.000000,0.986471
maneuver,5,1.000000,0.987755
maniac,5,1.000000,0.996389
manipulate,5,1.000000,0.987612
manitoba,5,1.000000,0.997636
manometer,5,1.000000,0.999232
manometry,4,1.000000,0.999875
manometry_and_barium,-1,0.000000,nan
manometry_ph,4,0.657012,0.999617
manometry_show,5,0.923809,0.994533
manometry_study,4,0.840116,0.999834
manometry_test,4,1.000000,0.999909
mantra,5,1.000000,0.999248
manual,5,1.000000,0.988488
manual_open,-1,0.000000,nan
many_aspect,5,0.991967,0.997079
march,5,1.000000,0.989227
march_2023,5,1.000000,0.996109
marfan,5,1.000000,0.997467
marijuana,1,0.603006,0.998010
marine,5,1.000000,0.997585
marino,5,1.000000,0.997719
mark,3,0.951187,0.999831
mark_fritz,5,1.000000,0.992872
mark_rafferty,5,1.000000,0.991485
marker,5,0.910334,0.996816
marry,5,0.891931,0.996682
martini,1,1.000000,0.999598
mash_potato,1,1.000000,0.997722
massage,5,1.000000,0.987242
massage_gun,5,1.000000,0.998500
massage_therapist,5,0.932231,0.999500
massive_amount,5,1.000000,0.990895
massive_belch,-1,0.000000,nan
massive_difference,-1,0.000000,nan
mast_cell,5,1.000000,0.996388
material,5,1.000000,0.995223
maternity,5,1.000000,0.999153
matter_of_fact,5,1.000000,0.997653
maybe_once,2,1.000000,0.999985
maybe_once_or_twice,2,1.000000,0.999980
maybe_twice,2,0.966956,0.999976
mayo_clinic,5,1.000000,0.991301
mcas,5,1.000000,0.995443
mdma,5,0.906416,0.997796
mds,5,1.000000,0.994890
meal,1,0.720917,0.998058
meal_replacement_shake,1,1.000000,0.998317
meander,5,1.000000,0.991088
meaningless,5,1.000000,0.998916
meantime,5,1.000000,0.986865
meat,1,1.000000,0.998456
meat_and_dairy,1,1.000000,0.999765
mechanical,5,0.985584,0.994706
mechanism,-1,0.000000,nan
mechanism_of_action,1,0.787824,0.996277
medicaid,5,1.000000,0.981673
medical_background,5,1.000000,0.998160
medical_bankruptcy,5,1.000000,0.993130
medical_bill,5,1.000000,0.983488
medical_care,5,1.000000,0.986116
medical_community,5,1.000000,0.993775
medical_condition,5,0.920712,0.994862
medical_expertise,5,1.000000,0.997255
medical_field,-1,0.000000,nan
medical_history,-1,0.000000,nan
medical_issue,5,1.000000,0.994488
medical_journal,5,1.000000,0.993674
medical_name,-1,0.000000,nan
medical_necessary,5,1.000000,0.982360
medical_paper,5,1.000000,0.994073
medical_professional,5,1.000000,0.993853
medical_setting,5,1.000000,0.998250
medical_staff,5,1.000000,0.995410
medical_study,5,1.000000,0.996905
medical_test,-1,0.000000,nan
medical_world,5,0.962830,0.997257
medicare,5,1.000000,0.981594
medicate,1,1.000000,0.995203
medication,1,1.000000,0.995604
medicinal,5,1.000000,0.998865
medicine,1,1.000000,0.996144
meditation,5,1.000000,0.992007
medium_size,-1,0.000000,nan
meet,5,1.000000,0.988714
meet_anyone,5,1.000000,0.997576
meeting,5,1.000000,0.988982
mega_post,5,1.000000,0.996514
megathread,5,1.000000,0.995791
meh,5,1.000000,0.997673
mellow_out,5,1.000000,0.997899
melodramatic,5,0.993866,0.998106
melt,1,1.000000,0.999137
meltdown,5,1.000000,0.997141
membrane,5,1.000000,0.998533
memory,5,1.000000,0.995094
menopause,5,0.923162,0.996841
menstrual,5,1.000000,0.998386
menstrual_cycle,5,0.948954,0.997293
mental,-1,0.000000,nan
mental_and_physical,5,1.000000,0.999365
mental_block,-1,0.000000,nan
mental_component,5,1.000000,0.997923
mental_health,-1,0.000000,nan
mental_state,5,0.946196,0.997292
menthol,1,0.913798,0.999954
mention_this_subreddit,5,0.955466,0.996658
mere,5,1.000000,0.999049
mess,-1,0.000000,nan
mess_up,-1,0.000000,nan
metabolic,-1,0.000000,nan
metabolism,1,1.000000,0.999635
metal,-1,0.000000,nan
metallic_taste,5,0.958283,0.991630
metamucil,1,1.000000,0.997522
methane,5,0.909306,0.992423
methane_sibo,-1,0.000000,nan
method,5,1.000000,0.989105
metoclopramide,1,1.000000,0.997028
mi_jin_yoo,5,1.000000,0.994276
miami,5,1.000000,0.994867
michael,5,1.000000,0.996273
michael_learner,5,1.000000,0.993069
michigan,5,1.000000,0.988725
micro,5,1.000000,0.992519
micro_burp,5,0.984529,0.992546
micro_burp_but,5,1.000000,0.992997
micro_burp_start,3,0.987335,0.999898
micro_burp_today,-1,0.000000,nan
micro_burp_when,-1,0.000000,nan
micro_burp_which,-1,0.000000,nan
micro_burp_yesterday,-1,0.000000,nan
micro_vibration,5,1.000000,0.995197
microbiome,5,0.953847,0.994713
microburp,5,1.000000,0.992559
mid_20s,5,1.000000,0.995242
mid_30s,5,0.978386,0.995293
mid_july,5,1.000000,0.990649
mid_late_twenties,5,0.968370,0.998217
mid_morning,5,0.926240,0.993975
mid_sentence,5,1.000000,0.994455
mid_september,5,1.000000,0.992306
mid_teen,5,0.959698,0.997551
mid_twenties,-1,0.000000,nan
middle_finger,5,1.000000,0.990685
midsection,5,0.965933,0.995632
midtown,5,1.000000,0.992732
midway,5,1.000000,0.999161
midwest_center_for_day,5,1.000000,0.990728
midwest_surgery_center,5,1.000000,0.990649
migraine,5,1.000000,0.992440
migration,5,0.956238,0.997257
mike,5,1.000000,0.995918
mild,-1,0.000000,nan
mild_case,5,1.000000,0.996088
mild_cold,5,1.000000,0.997519
mild_discomfort,5,1.000000,0.998556
mild_form,5,1.000000,0.997855
mild_side_effect,5,1.000000,0.997009
mild_sore,5,1.000000,0.990318
mild_version,5,1.000000,0.998203
milk,1,1.000000,0.998721
milkshake,1,1.000000,0.998049
million_time_worse,5,0.988760,0.997745
mimosa,1,0.852084,0.999248
mind_blow,5,1.000000,0.996689
mind_share,5,0.935509,0.995567
mindfulness,5,1.000000,0.992855
mineral,1,1.000000,0.999474
mini,-1,0.000000,nan
mini_burp,5,0.994451,0.992425
miniature,5,1.000000,0.997888
minimal_invasive,5,1.000000,0.993537
minimal_side_effect,-1,0.000000,nan
minor,-1,0.000000,nan
minor_inconvenience,5,1.000000,0.998224
minor_slow,-1,0.000000,nan
minor_sore,5,1.000000,0.990241
mint,1,1.000000,0.999027
mint_tea,1,0.973041,0.999323
minty,1,0.895614,0.999894
miracle,5,1.000000,0.995522
miracle_cure,-1,0.000000,nan
miralax,1,1.000000,0.998756
mirror,5,1.000000,0.989182
mirtazapine,1,1.000000,0.996257
misbehave,5,1.000000,0.997676
misdiagnose,5,1.000000,0.993629
misdiagnose_with_gerd,5,1.000000,0.995840
misdiagnose_with_ibs,5,1.000000,0.998203
misdiagnosis,5,1.000000,0.994527
miserable,5,1.000000,0.991340
misery,5,1.000000,0.996582
misinformation,-1,0.000000,nan
misleading,5,1.000000,0.996974
misophonia,5,1.000000,0.998431
miss_out,-1,0.000000,nan
mitigation,1,1.000000,0.997582
mix_drink,1,1.000000,0.997998
mix_of_both,5,1.000000,0.997564
mixer,1,1.000000,0.998495
mob_mentality,5,1.000000,0.998618
mobility,5,1.000000,0.995931
mock,5,1.000000,0.997676
moderate,-1,0.000000,nan
modify,5,1.000000,0.993618
modify_barium_swallow,4,1.000000,0.999930
molar,-1,0.000000,nan
mom,5,0.955225,0.995617
moncton,5,1.000000,0.993499
monday,5,1.000000,0.989650
monday_morning,5,1.000000,0.990832
mondino,5,1.000000,0.994385
monster,5,1.000000,0.993411
montana,5,1.000000,0.998278
month_post_op,-1,0.000000,nan
month_pregnant,-1,0.000000,nan
monthly,5,1.000000,0.983823
moo,5,1.000000,0.997082
moon,5,1.000000,0.998708
more_accurate,5,1.000000,0.989876
more_comfortable,-1,0.000000,nan
more_common,5,1.000000,0.995185
more_complex,-1,0.000000,nan
more_confident,-1,0.000000,nan
more_consistent,-1,0.000000,nan
more_discreet,5,1.000000,0.997297
more_effort,-1,0.000000,nan
more_energy,-1,0.000000,nan
more_expensive,5,1.000000,0.985778
more_frequent,-1,0.000000,nan
more_frequently,5,0.970934,0.992423
more_information,5,1.000000,0.994247
more_intense,5,1.000000,0.994554
more_invasive,5,1.000000,0.992173
more_likely,5,1.000000,0.995052
more_often,5,0.896928,0.992082
more_power,-1,0.000000,nan
more_pressure_knot,5,1.000000,0.991318
more_prevalent,5,1.000000,0.998498
more_prominent,-1,0.000000,nan
more_prone,5,0.910645,0.995315
more_sensitive,-1,0.000000,nan
more_social_acceptable,5,1.000000,0.996945
mortify,5,1.000000,0.994593
moscaritolo,5,1.000000,0.995928
most_gps,5,1.000000,0.996917
most_likely,5,1.000000,0.992878
most_of_us,-1,0.000000,nan
most_part,-1,0.000000,nan
most_people,-1,0.000000,nan
mother,5,1.000000,0.995638
motility,-1,0.000000,nan
motility_disorder,5,1.000000,0.996970
motility_issue,5,1.000000,0.994723
motility_test,4,1.000000,0.999924
motilium,1,1.000000,0.996759
motion,5,1.000000,0.986988
motion_sick,-1,0.000000,nan
motion_sickness,5,0.941664,0.994860
motivate,5,1.000000,0.995719
motor,5,1.000000,0.994994
motrin,1,0.827999,0.999095
mountain,-1,0.000000,nan
mouth,5,1.000000,0.988206
mouth_breathe,5,0.897129,0.995436
mouth_close,-1,0.000000,nan
mouth_open,5,1.000000,0.988005
mouth_shut,-1,0.000000,nan
mouthful,1,1.000000,0.997310
mouthful_of_food,1,0.927222,0.999312
mouthful_of_water,1,0.946377,0.999141
mouthguard,-1,0.000000,nan
mouthwash,1,0.804277,0.999393
move,5,1.000000,0.984980
move_around,5,1.000000,0.987049
move_down,5,1.000000,0.987154
movement,5,0.997799,0.986906
mr,5,1.000000,0.989320
mr_karagama,-1,0.000000,nan
mr_karagama_at_bmi_blackheath,5,1.000000,0.995975
mr_mulla,5,1.000000,0.992050
mr_omar,5,1.000000,0.998165
mr_yakubu_karagama,5,1.000000,0.991642
mri,4,1.000000,0.999959
ms_hicklin,-1,0.000000,nan
ms_lucy_hicklin_in_london,5,0.996528,0.994126
mthfr,5,0.919386,0.998520
much_better,-1,0.000000,nan
much_cheap,5,1.000000,0.988837
much_less,-1,0.000000,nan
much_more_comfortable,5,0.971048,0.997965
much_sense,-1,0.000000,nan
much_worse,5,1.000000,0.992875
mucinex,1,1.000000,0.997088
mucosa,5,1.000000,0.997629
mucous,5,1.000000,0.992068
mucus,5,1.000000,0.991651
mucus_phlegm,-1,0.000000,nan
mucus_production,5,1.000000,0.996458
mucus_stuck,5,1.000000,0.990468
mucusy,5,1.000000,0.991583
mulla,5,1.000000,0.995892
multiple_dose,5,1.000000,0.994130
multiple_injection,5,1.000000,0.993673
multiple_round,5,1.000000,0.994589
multivitamin,1,0.766590,0.998803
mum,5,1.000000,0.991211
muscle,5,1.000000,0.989349
muscle_memory,5,0.994274,0.988653
muscle_relaxant,1,1.000000,0.996998
muscle_relaxation,5,1.000000,0.998153
muscle_responsible,5,1.000000,0.991818
muscle_tension,5,1.000000,0.994530
muscle_tension_dysphonia,5,1.000000,0.996541
muscle_tone,5,1.000000,0.996735
muscle_weakness,-1,0.000000,nan
mush,1,1.000000,0.999381
mushy,1,1.000000,0.999507
musician,5,1.000000,0.999365
my_20s,5,1.000000,0.995058
my_30s,5,0.970610,0.995141
my_40s,-1,0.000000,nan
my_abdomen,5,1.000000,0.987832
my_armpit,5,1.000000,0.992444
my_aunt,5,1.000000,0.995911
my_bf,5,1.000000,0.993919
my_body,5,0.932842,0.988366
my_boyfriend,5,1.000000,0.993920
my_brother,5,1.000000,0.995440
my_chest,5,1.000000,0.988137
my_chin,5,1.000000,0.985753
my_dad,5,1.000000,0.995413
my_daughter,5,1.000000,0.996063
my_deductible,5,1.000000,0.981717
my_family,-1,0.000000,nan
my_gag_reflex,-1,0.000000,nan
my_girlfriend,5,1.000000,0.993948
my_gp,5,1.000000,0.989207
my_head,5,1.000000,0.985320
my_husband,5,1.000000,0.993880
my_life,5,1.000000,0.996100
my_lung,5,1.000000,0.987464
my_mouth,5,0.894624,0.988178
my_own,5,0.924734,0.996660
my_partner,5,1.000000,0.993857
my_pcp,5,1.000000,0.989455
my_profile,5,1.000000,0.994749
my_r_cpd,5,1.000000,0.993415
my_rib_cage,5,1.000000,0.990428
my_second_trimester,5,0.928786,0.996677
my_shoulder_blade,5,1.000000,0.992109
my_sternum,5,1.000000,0.989005
my_throat,5,1.000000,0.988035
my_tongue,5,1.000000,0.987364
my_tooth,5,0.964383,0.988728
my_torso,5,1.000000,0.987318
my_uncle,5,1.000000,0.996424
my_vocal_chord,5,0.913430,0.992992
my_vocal_cord,-1,0.000000,nan
myalgia,5,1.000000,0.999369
mylanta,1,1.000000,0.998292
myotomy,5,1.000000,0.992016
myself_include,5,1.000000,0.996681
mystery,5,1.000000,0.995021
nacho,1,1.000000,0.999715
nail,5,1.000000,0.992299
name,5,1.000000,0.994632
namely,5,1.000000,0.996731
nap,-1,0.000000,nan
narcissist,5,1.000000,0.998203
narrow,5,0.922519,0.991700
nasal,0,1.000000,0.999856
nasal_breathe,5,1.000000,0.994788
nasal_cavity,0,0.841575,0.999544
nasal_congestion,-1,0.000000,nan
nasal_drip,-1,0.000000,nan
nasal_endoscopy,-1,0.000000,nan
nasal_passage,0,1.000000,0.999991
nasal_scope,-1,0.000000,nan
nasal_spray,1,1.000000,0.997604
nasty,5,1.000000,0.991732
nathan,5,1.000000,0.998069
native_english_speaker,5,1.000000,0.996623
natural,5,1.000000,0.988247
naturopath,5,1.000000,0.991381
naturopathic,5,1.000000,0.998403
nausea,5,1.000000,0.991080
nauseate,5,1.000000,0.991119
nauseate_daily,5,0.975962,0.998450
nauseous,5,1.000000,0.991076
nauzene,1,1.000000,0.998316
navel,5,0.893330,0.998323
naw,5,1.000000,0.998594
nbs,5,0.966445,0.997428
nc,5,1.000000,0.986576
near_constant,5,1.000000,0.994169
nearly_as_bad,-1,0.000000,nan
neck,5,1.000000,0.987105
neck_and_shoulder,5,1.000000,0.992310
neck_area,5,1.000000,0.991536
neck_crunch,5,0.941000,0.995651
neck_exercise,5,1.000000,0.990002
neck_forward,5,1.000000,0.985722
neck_jaw,5,1.000000,0.991928
neck_massage,5,1.000000,0.991148
neck_movement,5,1.000000,0.989067
neck_muscle,5,1.000000,0.987872
neck_position,5,1.000000,0.987732
neck_posture,5,1.000000,0.993516
neck_shoulder,5,1.000000,0.991590
neck_strengthen,5,1.000000,0.991834
neck_stretch,5,1.000000,0.990003
neck_upwards,5,1.000000,0.989537
needle_through,5,1.000000,0.989675
negate,5,1.000000,0.997590
negate_affect,5,1.000000,0.997324
negative_effect,-1,0.000000,nan
negative_experience,5,1.000000,0.996108
negative_pral,1,1.000000,0.999648
negative_reaction,5,1.000000,0.999052
negative_review,5,1.000000,0.996202
negative_side_effect,-1,0.000000,nan
negligible,5,0.905303,0.998996
negotiate,5,1.000000,0.984788
negroni,1,1.000000,0.999507
nerd,5,1.000000,0.998921
nerva,-1,0.000000,nan
nerve,5,1.000000,0.992395
nerve_damage,5,1.000000,0.996169
nerve_rack,5,1.000000,0.998167
nerve_wrack,5,1.000000,0.998306
nervous,-1,0.000000,nan
nervous_about,-1,0.000000,nan
nervous_system,5,0.972770,0.994408
netherlands,5,1.000000,0.985906
network,5,1.000000,0.982721
neural,5,1.000000,0.994507
neurodivergent,5,1.000000,0.998103
neurological,-1,0.000000,nan
neurological_disorder,5,1.000000,0.997286
neurological_dysfunction,5,1.000000,0.997931
neurological_function,5,1.000000,0.995052
neurological_issue,5,1.000000,0.996288
neurological_problem,5,1.000000,0.995965
neurologist,-1,0.000000,nan
neuromuscular,5,1.000000,0.997509
neuropathic,5,1.000000,0.998495
neutral_position,5,1.000000,0.985182
neutralize,5,1.000000,0.989990
never_bother,5,1.000000,0.995287
never_meet,5,1.000000,0.996704
new_burper,5,1.000000,0.997290
new_here,5,0.984072,0.996190
new_jersey,5,1.000000,0.992377
new_lease,5,1.000000,0.997434
new_member,5,1.000000,0.996711
new_sensation,5,0.936226,0.991939
new_to_reddit,5,1.000000,0.996514
new_to_this_community,5,1.000000,0.996838
new_to_this_group,5,1.000000,0.996611
new_to_this_sub,5,1.000000,0.996720
new_york,5,1.000000,0.988152
new_zealand,5,1.000000,0.989023
newbie,5,1.000000,0.996647
newcomer,5,1.000000,0.996082
news,5,1.000000,0.995524
news_article,5,0.962571,0.996277
nexium,1,1.000000,0.995600
next_available,5,1.000000,0.991103
next_few_week,-1,0.000000,nan
next_morning,-1,0.000000,nan
next_thursday,5,1.000000,0.995862
next_wednesday,5,1.000000,0.991564
next_weekend,5,1.000000,0.997604
nhs,5,1.000000,0.984607
nhs_gp,5,1.000000,0.992766
nhs_referral,5,1.000000,0.986142
nhs_route,5,1.000000,0.989325
niacin,1,0.883084,0.999078
nice,5,1.000000,0.995896
nice_to_hear,5,1.000000,0.995705
nickname,5,1.000000,0.995250
nicotine,1,1.000000,0.999415
nightly,5,1.000000,0.996254
nightmare,-1,0.000000,nan
nightshade,1,1.000000,0.999693
nineteenth,5,1.000000,0.989913
ninth,5,1.000000,0.990013
nipple,5,0.986235,0.996852
nissen_fundoplication,-1,0.000000,nan
nitric_oxide,-1,0.000000,nan
nitro,1,0.939463,0.999423
nitro_beer,1,0.957292,0.999348
no_anesthetic,5,1.000000,0.989788
no_avail,1,0.924429,0.998849
no_burpee,5,1.000000,0.997629
no_burper,5,1.000000,0.996449
no_offense,5,1.000000,0.996860
no_regret,-1,0.000000,nan
no_sense,-1,0.000000,nan
nobody_else,5,1.000000,0.997329
noburp,5,1.000000,0.994037
noburp_community,5,1.000000,0.996293
noburp_org,5,1.000000,0.993716
noburp_wiki,5,1.000000,0.993271
noburper,5,1.000000,0.996574
nocturnal,5,1.000000,0.996940
node,5,1.000000,0.999326
nodule,5,1.000000,0.996433
noise,5,1.000000,0.991614
noisy,5,1.000000,0.992398
noisy_breathe,-1,0.000000,nan
non_burper,5,1.000000,0.996603
non_carbonate,1,1.000000,0.997545
non_invasive,5,1.000000,0.997040
non_stop,5,1.000000,0.991929
non_surgical,5,1.000000,0.996873
nonburper,5,1.000000,0.996949
none_of_us,5,1.000000,0.997687
nonstop,5,1.000000,0.992049
nonstop_gurgle,5,0.958219,0.996091
noodle,1,1.000000,0.998266
normal_burper,5,1.000000,0.992314
normal_population,5,1.000000,0.998047
norovirus,5,1.000000,0.995366
north_east,5,1.000000,0.995570
northeast,5,1.000000,0.997315
northern,5,1.000000,0.987664
northern_california,5,1.000000,0.988779
northwest,5,1.000000,0.994925
nortriptyline,1,1.000000,0.995682
norwegian,5,1.000000,0.996332
nose,0,1.000000,0.999925
nose_and_down,0,1.000000,0.999888
nose_spray,-1,0.000000,nan
nostril,0,1.000000,0.999954
not_alone,-1,0.000000,nan
not_life_threaten,-1,0.000000,nan
nothing_major,-1,0.000000,nan
nothing_unbearable,-1,0.000000,nan
nothing_unmanageable,-1,0.000000,nan
nothing_wrong,5,1.000000,0.989812
nova_scotia,5,1.000000,0.989129
novel_2023,5,1.000000,0.996705
november_2023,5,1.000000,0.993929
nowhere_near,-1,0.000000,nan
nowhere_to_go,5,1.000000,0.988578
nsaid,1,1.000000,0.996525
nsw,5,1.000000,0.996979
nuance,5,1.000000,0.998855
numb,0,1.000000,0.999951
numb_agent,0,1.000000,0.999992
numb_spray,0,1.000000,0.999918
numb_stuff,0,1.000000,0.999988
number_of_people,5,1.000000,0.995343
nurse,-1,0.000000,nan
nurse_practitioner,-1,0.000000,nan
nutrient,1,1.000000,0.999265
nutrient_absorption,5,1.000000,0.995546
nutrient_deficiency,5,1.000000,0.995218
nutritionist,1,0.831671,0.998544
nux_vomica,5,1.000000,0.998341
ny,5,1.000000,0.987327
oat,1,1.000000,0.999151
oat_milk,1,1.000000,0.999942
oatmeal,1,1.000000,0.997929
obese,-1,0.000000,nan
object,5,1.000000,0.990970
obnoxious,5,1.000000,0.992887
obnoxious_loud,5,1.000000,0.995935
observant,5,1.000000,0.998744
observe,5,1.000000,0.993766
observer,5,1.000000,0.998705
obsolete,5,1.000000,0.998425
obstruct,5,1.000000,0.997391
obstruction,-1,0.000000,nan
occasion,-1,0.000000,nan
occasion_where,1,0.719150,0.997422
occasional,5,1.000000,0.992352
occasional_micro,5,1.000000,0.997768
occasional_microburp,5,0.957825,0.999417
occasional_regurgitation,-1,0.000000,nan
occasionally,5,0.955997,0.991984
occur,-1,0.000000,nan
occurrence,5,1.000000,0.996741
ocd,5,0.916472,0.995960
oct,5,1.000000,0.990363
oct_3,5,1.000000,0.993351
octave,-1,0.000000,nan
october_2021,5,0.949232,0.998977
october_23,5,1.000000,0.997072
october_super_nervous,5,1.000000,0.997440
odd,-1,0.000000,nan
odd_noise,-1,0.000000,nan
odell_at_usc,5,1.000000,0.996376
odor,-1,0.000000,nan
odorless,5,1.000000,0.996432
off_topic,5,1.000000,0.996232
office,5,1.000000,0.988378
office_awake,5,1.000000,0.990986
office_injection,5,1.000000,0.989051
office_procedure,5,1.000000,0.988491
office_version,5,1.000000,0.990174
office_visit,5,1.000000,0.986215
office_with_lucy_hicklin,5,1.000000,0.992115
official_diagnose,-1,0.000000,nan
official_name,5,1.000000,0.996774
often_lead,-1,0.000000,nan
oftentimes,-1,0.000000,nan
oh_bless,5,1.000000,0.997841
oh_boy,5,1.000000,0.996162
oh_god,5,0.942221,0.996268
oh_interest,5,1.000000,0.997453
oh_man,-1,0.000000,nan
oh_ok,5,1.000000,0.996534
oh_wow,5,1.000000,0.995671
ohio,5,1.000000,0.988681
ohip,5,1.000000,0.981860
ohsu_in_portland,5,1.000000,0.995052
oily,1,1.000000,0.999532
old,5,0.972940,0.995358
old_fashion,1,1.000000,0.999518
old_female,5,0.918785,0.996724
old_male,5,1.000000,0.996459
old_man,5,1.000000,0.997139
old_patient,5,1.000000,0.993147
olive,1,1.000000,0.999531
olive_oil,1,1.000000,0.999715
olly,5,1.000000,0.998703
omeprazol,1,1.000000,0.996600
omeprazole,1,1.000000,0.995462
omeprazole_prilosec,1,1.000000,0.996777
omg,-1,0.000000,nan
omg_yes,5,1.000000,0.996855
omit,1,0.903364,0.998786
once_every,2,1.000000,0.999972
once_or_twice,2,0.983486,0.999947
ondansetron,1,1.000000,0.997182
ongoing,5,1.000000,0.995501
onion,1,1.000000,0.998916
onion_and_garlic,1,1.000000,0.999813
onion_garlic,1,1.000000,0.999494
online,5,1.000000,0.993643
onset,5,0.951719,0.995374
ontario,5,1.000000,0.987061
onto_something,5,1.000000,0.997645
ooo,5,1.000000,0.996585
oooh,5,1.000000,0.997021
ooze,-1,0.000000,nan
open,5,1.000000,0.987829
open_letter,5,1.000000,0.993100
open_mind,5,1.000000,0.992230
open_up,5,1.000000,0.987740
open_your_mouth,5,1.000000,0.987938
opera,5,0.961432,0.999505
operate_room,5,1.000000,0.989100
operation,5,1.000000,0.988486
operation_room,-1,0.000000,nan
opioid,5,0.976954,0.998720
opt,5,1.000000,0.988283
optimistic,5,1.000000,0.995312
orange_juice,1,0.993404,0.999032
org_uk,5,1.000000,0.993801
organ,5,0.963160,0.990317
organ_distortion,5,0.940160,0.995586
organism,5,1.000000,0.998836
organization,5,1.000000,0.996191
orient,-1,0.000000,nan
original_comment,5,1.000000,0.997524
original_literature_suggest,5,1.000000,0.995568
original_paper,5,1.000000,0.995550
original_post,5,1.000000,0.995063
original_research_paper,5,1.000000,0.992964
originate,5,1.000000,0.991412
orourke,5,1.000000,0.995089
osteopath,5,1.000000,0.996501
osteoporosis,5,1.000000,0.997181
otc,1,1.000000,0.996443
otc_medication,1,1.000000,0.997510
otc_medicine,1,1.000000,0.997786
other_country,5,1.000000,0.990780
other_end,5,0.965159,0.987769
other_factor,5,1.000000,0.995883
other_health,5,1.000000,0.996008
other_no_burper,5,1.000000,0.997491
other_noburper,5,1.000000,0.998106
other_option,5,1.000000,0.987158
other_organ,5,0.897603,0.993975
other_user,5,1.000000,0.996614
oto_open,5,1.000000,0.995862
otolaryngologist,5,1.000000,0.989993
otolaryngology,5,1.000000,0.990367
our_body,-1,0.000000,nan
our_condition,5,1.000000,0.994769
our_cricopharyngeus,5,1.000000,0.993275
our_digestive_system,5,1.000000,0.997562
our_esophagus,5,1.000000,0.989683
our_intestine,5,1.000000,0.990777
our_parent,5,1.000000,0.997138
our_society,5,0.934518,0.997120
our_ues,5,1.000000,0.991679
out_of_network,5,1.000000,0.982474
outbreak,5,1.000000,0.996933
outgrow,5,1.000000,0.997992
outing,-1,0.000000,nan
outline,5,1.000000,0.994029
outlook,5,1.000000,0.996727
outpatient,5,1.000000,0.989065
outpatient_procedure,5,1.000000,0.987378
outright,5,1.000000,0.996330
outstanding,5,1.000000,0.995716
outward,5,1.000000,0.992845
outwards,5,1.000000,0.988860
ovarian_cyst,5,1.000000,0.997905
over_40,5,1.000000,0.998583
over_zoom,5,1.000000,0.996474
overactive,5,1.000000,0.994410
overall,-1,0.000000,nan
overate,5,0.910432,0.995612
overblown,5,1.000000,0.998154
overcome,5,1.000000,0.996160
overcompensate,5,0.966500,0.997684
overeat,1,0.966675,0.998990
overeating,1,1.000000,0.998931
overgrowth,5,1.000000,0.995157
overhead_press,5,1.000000,0.994440
overjoy,5,1.000000,0.996740
overload,1,1.000000,0.999448
overlook,5,1.000000,0.998200
overly_tight,5,1.000000,0.993018
overnight,-1,0.000000,nan
overpower,5,1.000000,0.998551
overpriced,5,1.000000,0.998214
override,-1,0.000000,nan
oversee,5,1.000000,0.998662
oversized,5,1.000000,0.996541
overthink,5,1.000000,0.996947
overturn,5,1.000000,0.995873
overweight,-1,0.000000,nan
overwhelm,5,1.000000,0.996362
own_fault,-1,0.000000,nan
own_saliva,-1,0.000000,nan
own_spit,1,0.622508,0.998211
own_wedding,1,0.779473,0.998342
oxygen_mask,-1,0.000000,nan
p_0,-1,0.000000,nan
p_s,5,1.000000,0.996044
pack,1,1.000000,0.998653
paddle_in_melbourne,5,1.000000,0.990780
page,5,1.000000,0.993423
pain,5,1.000000,0.990705
pain_hiccup,5,1.000000,0.991429
pain_killer,1,0.875767,0.998661
pain_threshold,-1,0.000000,nan
painkiller,1,0.878287,0.998678
painless,5,1.000000,0.989952
pajama,-1,0.000000,nan
palate,5,1.000000,0.991883
pale,-1,0.000000,nan
paleo,1,1.000000,0.999769
palp,5,0.910819,0.998230
palpitation,5,1.000000,0.992266
pam,5,1.000000,0.997842
pancreas,5,1.000000,0.997028
panel,-1,0.000000,nan
panic,-1,0.000000,nan
panic_attack,-1,0.000000,nan
panic_disorder,5,0.924920,0.996131
panic_induce,5,1.000000,0.998486
panicky,-1,0.000000,nan
pantoprazole,1,1.000000,0.995478
pantoprazole_40mg,5,1.000000,0.995518
pants,-1,0.000000,nan
pants_fit,5,0.891154,0.996032
paper,5,1.000000,0.993338
paperwork,5,0.928812,0.988804
paracetamol,1,0.818883,0.998931
paradox,5,1.000000,0.998499
paralyze,5,1.000000,0.989777
paranoia,5,1.000000,0.998444
paranoid,5,0.981698,0.997448
paranoid_about,5,0.973771,0.998271
parasite,5,1.000000,0.996616
parking,-1,0.000000,nan
parkside,5,1.000000,0.988644
parkside_hospital,5,1.000000,0.990195
parkside_hospital_in_wimbledon,5,1.000000,0.993795
parliament,5,1.000000,0.996338
parole,5,1.000000,0.999082
part,-1,0.000000,nan
partake,1,0.894117,0.998927
partial_cricopharyngeal_myotomy,5,0.946323,0.995450
partial_myotomy,5,1.000000,0.993866
partially_paralyze,5,1.000000,0.990694
participate,5,1.000000,0.994621
particular_bad,5,1.000000,0.992582
partly,5,0.956212,0.994816
partway,5,1.000000,0.998642
party,-1,0.000000,nan
party_trick,5,1.000000,0.994683
pas_si,5,1.000000,0.998897
pass_gas,-1,0.000000,nan
pass_out,-1,0.000000,nan
pass_stool,5,0.918766,0.996707
pass_through,5,1.000000,0.986672
passenger,-1,0.000000,nan
past,2,0.578791,0.999678
past_couple,2,1.000000,0.999984
past_few,2,1.000000,0.999977
past_two,2,1.000000,0.999985
pasta,1,1.000000,0.998134
pastry,1,1.000000,0.999776
pat,5,1.000000,0.987830
patch,1,1.000000,0.997865
pathetic,5,1.000000,0.996328
pathology,5,1.000000,0.995647
pathophysiology,5,1.000000,0.997104
pathway,5,1.000000,0.991375
patient_for_whom,5,1.000000,0.994932
patient_receive_50u,5,1.000000,0.996242
patient_who,5,1.000000,0.992017
patient_with_r_cpd,-1,0.000000,nan
paul,5,1.000000,0.991752
pause,5,1.000000,0.989403
pavia,5,1.000000,0.991795
pay,5,1.000000,0.981399
pay_200,5,1.000000,0.986306
pay_600,5,1.000000,0.985989
pay_cash,5,1.000000,0.998016
pay_out_of_pocket,5,1.000000,0.982433
pay_outright,5,1.000000,0.996696
payment,5,1.000000,0.983121
pca_muscle,-1,0.000000,nan
pcos,5,1.000000,0.995595
pcp,5,1.000000,0.989611
pea,1,1.000000,0.999833
peak,3,1.000000,0.999997
peak_at_1_2_week,5,1.000000,0.996640
peak_effect,5,1.000000,0.996136
peanut_butter,1,1.000000,0.998251
pectoral,5,0.953287,0.998032
pectus_excavatum,5,1.000000,0.999335
peculiar,5,1.000000,0.998411
pediatric,5,1.000000,0.991720
pediatrics,5,1.000000,0.995305
pee,-1,0.000000,nan
peer_review,5,1.000000,0.994932
peer_review_paper,5,1.000000,0.995083
peer_review_study,5,1.000000,0.995752
peer_to_peer,5,1.000000,0.985954
pellegrino,1,1.000000,0.999452
pelvic,5,1.000000,0.996156
pelvic_floor,-1,0.000000,nan
pelvic_floor_dysfunction,5,1.000000,0.994656
pelvic_floor_issue,5,1.000000,0.995526
pelvic_floor_muscle,5,1.000000,0.995134
pelvic_tilt,5,0.992253,0.997640
pelvis,5,1.000000,0.990887
penetration,5,1.000000,0.997744
people_with_r_cpd,5,1.000000,0.995118
pepcid,1,1.000000,0.995963
pepcid_ac,1,1.000000,0.997795
peppermint,1,1.000000,0.998984
peppermint_oil,1,0.823492,0.999739
peppermint_oil_capsule,1,1.000000,0.997790
peppermint_tea,1,0.860492,0.999375
pepsi,1,1.000000,0.997676
pepto,1,1.000000,0.998348
pepto_bismol,1,1.000000,0.998637
perceive,5,1.000000,0.998955
percentage,-1,0.000000,nan
perfect_sense,-1,0.000000,nan
perform,5,1.000000,0.991925
performance_anxiety,5,1.000000,0.998325
period_of_time,5,0.896131,0.997558
peristalsis,-1,0.000000,nan
peristaltic_motion,5,1.000000,0.992215
permanence,5,1.000000,0.997346
permanent,-1,0.000000,nan
permanent_cure,5,1.000000,0.992253
permanent_fix,5,0.986501,0.994338
permanent_result,5,1.000000,0.994546
permanent_side_effect,5,0.999634,0.995871
permanent_solution,5,1.000000,0.995626
perpendicular,5,1.000000,0.994153
persist,5,1.000000,0.994460
persistent_cough,-1,0.000000,nan
personal_experience,5,1.000000,0.995196
personal_theory,5,1.000000,0.997039
personality,5,1.000000,0.997695
peso,5,1.000000,0.998213
pessimistic,5,1.000000,0.996269
petit,5,1.000000,0.999144
petition,5,1.000000,0.989977
petrify,5,0.969474,0.997690
pfd,5,1.000000,0.996401
ph,-1,0.000000,nan
ph_test,4,1.000000,0.999898
phantom,5,1.000000,0.998706
pharyngeal,5,1.000000,0.994914
pharynx,5,1.000000,0.994252
phazyme,1,1.000000,0.997663
phenergan,5,1.000000,0.998336
phew,5,1.000000,0.996564
phil,5,1.000000,0.996710
philadelphia_pa,5,0.971019,0.996252
philly,5,1.000000,0.988556
philosophy,5,1.000000,0.998600
phlegm,5,1.000000,0.991570
phlegm_stuck,5,1.000000,0.991640
phobia,5,0.988880,0.995344
phobia_of_vomit,5,1.000000,0.996155
phone_appointment,5,1.000000,0.989763
phone_call,5,1.000000,0.988569
phone_consultation,5,1.000000,0.989325
photophobia,5,1.000000,0.998170
php,5,1.000000,0.989020
phrenic_nerve,5,1.000000,0.995025
physical_and_emotional,5,1.000000,0.997848
physical_health,5,1.000000,0.998436
physical_incapable,-1,0.000000,nan
physical_therapist,-1,0.000000,nan
physical_therapy,-1,0.000000,nan
physician,5,1.000000,0.989234
physician_assistant,5,0.925962,0.994402
physics,5,1.000000,0.996383
physio,5,1.000000,0.993000
physiological,5,0.892895,0.994837
physiotherapist,5,0.913671,0.993585
physiotherapy,5,1.000000,0.993140
picky_eater,-1,0.000000,nan
picture,5,1.000000,0.993708
piece_of_food,1,0.866375,0.998801
piece_together,-1,0.000000,nan
pilaris,5,1.000000,0.998210
pilates,5,0.978383,0.991347
pilgrimage,-1,0.000000,nan
pill,1,0.730394,0.999605
pill_stuck,5,1.000000,0.990610
pillow,5,1.000000,0.985170
pillow_under,5,1.000000,0.989209
pinch,5,1.000000,0.989032
pinch_of_salt,1,1.000000,0.999581
pineapple,1,1.000000,0.999757
pink,1,1.000000,0.999276
pinpoint,-1,0.000000,nan
pint,1,1.000000,0.997269
pitch,-1,0.000000,nan
pitman_in_nyc,5,1.000000,0.988957
pittsburgh,5,1.000000,0.993269
pizza,1,1.000000,0.998090
placement,5,1.000000,0.990177
plague_by,5,1.000000,0.997502
plain_water,1,1.000000,0.998856
plant,1,1.000000,0.999286
plant_base,1,1.000000,0.999511
plaster,5,1.000000,0.998577
plausible,5,1.000000,0.996385
play_around,5,1.000000,0.986860
play_sport,-1,0.000000,nan
playful,5,1.000000,0.997878
please_keep,5,0.944552,0.995325
please_keep_us_update,5,0.924921,0.995371
please_tell,5,1.000000,0.995492
pleased,-1,0.000000,nan
plenty_of_people,5,1.000000,0.996704
plenty_of_us,5,0.893603,0.997841
pneumonia,5,1.000000,0.995906
po,5,1.000000,0.996813
poach,1,1.000000,0.999355
pocket_of_air,5,1.000000,0.988805
polar,1,0.770740,0.997616
police,5,1.000000,0.996378
policy,5,1.000000,0.980975
polite_company,5,1.000000,0.997205
polyp,5,0.911082,0.994918
pool,-1,0.000000,nan
poop,-1,0.000000,nan
poor_baby,5,1.000000,0.997040
poor_digestion,5,1.000000,0.996076
poor_posture,5,1.000000,0.995727
poor_thing,5,0.954536,0.996309
poor_tongue_posture,5,1.000000,0.996139
poor_understand,5,1.000000,0.997034
pop,-1,0.000000,nan
popsicle,1,1.000000,0.998494
population,5,0.905137,0.996864
pork,1,1.000000,0.999857
porridge,1,1.000000,0.998046
portal,5,1.000000,0.991370
portion_size,1,1.000000,0.999690
portland,5,1.000000,0.988623
pose,5,1.000000,0.990048
pose_in_yoga,-1,0.000000,nan
position,5,1.000000,0.986117
positive,5,1.000000,0.995246
positive_experience,5,1.000000,0.995613
positive_feedback,5,1.000000,0.996314
positive_outcome,5,1.000000,0.995849
positive_response,5,1.000000,0.996682
positivity,5,1.000000,0.996627
possess,5,1.000000,0.994656
possibility,5,0.956118,0.996218
post_botox,3,0.948154,0.999866
post_botox_diary,5,1.000000,0.995746
post_nasal_drip,5,0.933336,0.993246
post_on_this_sub,5,1.000000,0.995400
post_on_this_subreddit,5,1.000000,0.995530
post_op,3,1.000000,0.999897
post_surgery,3,0.937884,0.999851
posterior,-1,0.000000,nan
postnasal_drip,5,0.990185,0.993151
postpartum,5,1.000000,0.998435
postural,5,1.000000,0.993295
posture,5,0.969205,0.989252
posture_correction,5,1.000000,0.994179
pot,5,1.000000,0.994353
potassium,1,1.000000,0.999764
potato,1,1.000000,0.998323
potato_chip,1,0.924184,0.999029
potato_soup,1,1.000000,0.999783
potential_cause,5,1.000000,0.995073
potential_complication,5,1.000000,0.997851
potential_side_effect,-1,0.000000,nan
pour,1,1.000000,0.998897
powder,1,0.954031,0.999124
ppi,1,1.000000,0.995602
ppi_medication,1,1.000000,0.996637
ppis,1,1.000000,0.995426
ppis_for_35,-1,0.000000,nan
ppo,5,1.000000,0.982170
practice,5,0.911728,0.989250
practise,5,0.906717,0.989507
practitioner,5,1.000000,0.990066
pray,5,1.000000,0.995024
pre_authorization,5,1.000000,0.981963
pre_botox,5,1.000000,0.992300
pre_op,5,1.000000,0.989750
pre_op_appointment,5,1.000000,0.990699
pre_op_room,-1,0.000000,nan
pre_operative,-1,0.000000,nan
pre_workout,1,1.000000,0.999886
prebiotics,1,1.000000,0.998337
precaution,1,1.000000,0.997018
precede,-1,0.000000,nan
precision,5,1.000000,0.990456
precursor,5,0.919249,0.997370
predate,5,1.000000,0.998629
predisposed,5,1.000000,0.996096
predominantly,5,1.000000,0.998198
preform,5,1.000000,0.992846
pregnancy,5,1.000000,0.995422
pregnancy_test,-1,0.000000,nan
pregnant,5,1.000000,0.991741
pregnant_belly,5,1.000000,0.997871
preliminary_appointment,5,1.000000,0.995748
premise,5,1.000000,0.997709
preoccupy,5,1.000000,0.999220
prepare,5,1.000000,0.990261
prepare_room,-1,0.000000,nan
prescribe,1,1.000000,0.995690
prescribe_omeprazole,1,0.974348,0.995112
prescription,1,1.000000,0.996184
prescription_antacid,1,1.000000,0.996918
present_itself,5,1.000000,0.998239
press,5,1.000000,0.987076
press_against,5,0.934529,0.993659
pressure,5,1.000000,0.987846
pressure_buildup,5,0.944187,0.996850
pressure_inside,-1,0.000000,nan
pressurize,5,1.000000,0.987760
pretty,-1,0.000000,nan
pretty_bad,5,1.000000,0.992966
pretty_certain,5,1.000000,0.998464
pretty_common,5,1.000000,0.995609
pretty_confident,5,1.000000,0.998350
pretty_consistent,5,1.000000,0.996845
pretty_frequently,5,1.000000,0.998254
pretty_grim,5,1.000000,0.998434
pretty_intense,-1,0.000000,nan
pretty_low,5,1.000000,0.995207
pretty_nervous,5,1.000000,0.992414
pretty_quiet,5,1.000000,0.996195
pretty_rare,-1,0.000000,nan
pretty_rough,-1,0.000000,nan
pretty_severe,-1,0.000000,nan
pretty_skinny,5,0.946903,0.996053
pretty_smooth,5,1.000000,0.996544
pretty_sore,5,1.000000,0.990092
pretty_standard,-1,0.000000,nan
pretty_tough,5,1.000000,0.997674
pretty_universal,5,1.000000,0.998197
pretty_violent,-1,0.000000,nan
pretzel,1,1.000000,0.999862
prevacid,1,1.000000,0.996941
prevalence,5,1.000000,0.997191
prevalent,5,1.000000,0.999040
prevent,-1,0.000000,nan
previous_post,5,1.000000,0.994228
price,5,1.000000,0.981454
prick,5,1.000000,0.998860
prilosec,1,1.000000,0.995682
primary_care,5,1.000000,0.990281
primary_care_doc,5,1.000000,0.990123
primary_care_doctor,5,1.000000,0.989530
primary_care_physician,5,1.000000,0.990186
primary_doctor,5,1.000000,0.989701
princess,5,1.000000,0.996516
print,5,1.000000,0.992786
print_off,5,1.000000,0.992949
print_out,5,1.000000,0.992893
print_out_doctor_bastian,5,1.000000,0.992937
printout,5,1.000000,0.993054
prior_to_botox,5,1.000000,0.992737
private,5,1.000000,0.984641
private_clinic,5,1.000000,0.987222
private_health,5,1.000000,0.981887
private_health_care,5,1.000000,0.996461
private_health_insurance,5,1.000000,0.981179
private_healthcare,5,1.000000,0.982736
private_hospital,5,1.000000,0.987066
private_place,-1,0.000000,nan
privileged,5,1.000000,0.996910
pro_con,5,1.000000,0.993764
pro_outweigh,5,1.000000,0.998891
pro_tip,5,1.000000,0.999146
probability,5,1.000000,0.995537
probe,0,1.000000,0.999948
probiotic,1,1.000000,0.998273
probiotics,1,0.999431,0.998524
problem,5,1.000000,0.994022
procedure,5,0.958771,0.988939
procedure_itself,5,1.000000,0.989365
procedure_with_doctor_bastian,5,1.000000,0.989529
produce_gas,5,0.949645,0.989079
product,1,0.903371,0.999142
production,5,0.967796,0.991897
productive,5,1.000000,0.993423
professional_singer,5,1.000000,0.999222
profound_side_effect,5,1.000000,0.997648
profound_slow_swallow,-1,0.000000,nan
progress,-1,0.000000,nan
progress_worse,5,0.961946,0.995304
project,-1,0.000000,nan
projectile,-1,0.000000,nan
projection,5,1.000000,0.999329
prolific,5,1.000000,0.996291
prolific_doctor,5,0.981025,0.994970
prom,-1,0.000000,nan
promise,5,1.000000,0.995017
promote,5,0.921889,0.993567
prone,5,0.895888,0.995237
pronounce,-1,0.000000,nan
prop_myself_up,5,0.958231,0.987004
prop_up,5,1.000000,0.985090
prop_yourself_up,-1,0.000000,nan
propel,5,1.000000,0.996410
proper,5,1.000000,0.988570
proper_digest,-1,0.000000,nan
property,5,1.000000,0.998276
propofol,5,1.000000,0.990083
propose,5,0.968203,0.994235
propranolol,1,1.000000,0.996364
prosecco,1,1.000000,0.998489
protect_mechanism,5,1.000000,0.993694
protein,1,1.000000,0.998932
protein_bar,5,1.000000,0.998148
protein_powder,1,1.000000,0.999720
protein_shake,1,1.000000,0.997790
protocol,5,0.967309,0.994693
proton_pump,1,1.000000,0.995778
protrude,5,1.000000,0.992837
proud,5,1.000000,0.994804
proud_of_myself,5,1.000000,0.996319
prove,5,0.971802,0.992986
prove_otherwise,5,1.000000,0.997065
provide_evidence,-1,0.000000,nan
provide_relief,5,1.000000,0.992003
provider,5,1.000000,0.988562
provider_list,5,1.000000,0.994752
provider_who,5,1.000000,0.993459
province,5,1.000000,0.986955
psa,5,1.000000,0.996705
psoas,5,1.000000,0.995634
psyche_myself_up,5,0.922455,0.997090
psychiatric,5,1.000000,0.997189
psychiatrist,5,1.000000,0.990754
psycho_somatic,5,1.000000,0.999006
psychological,5,1.000000,0.994616
psychological_issue,5,1.000000,0.995401
psychologist,5,1.000000,0.990902
psychologist_who_specialize_in_medical,5,1.000000,0.997817
psychosomatic,5,1.000000,0.995051
psyllium,1,1.000000,0.997622
psyllium_husk,1,1.000000,0.997962
pt,-1,0.000000,nan
pterodactyl,5,1.000000,0.993893
ptsd,5,0.891596,0.996199
pu,5,1.000000,0.999169
public,5,0.956248,0.993040
public_bathroom,5,1.000000,0.995414
public_health_care,5,1.000000,0.988722
public_healthcare,5,1.000000,0.985834
public_hospital,5,1.000000,0.990456
public_place,5,1.000000,0.995427
public_system,5,1.000000,0.984624
publication,5,1.000000,0.993700
publicize,5,1.000000,0.997390
publish,5,1.000000,0.993394
publish_paper,5,1.000000,0.995442
publish_study,5,1.000000,0.996018
pudding,1,1.000000,0.998335
puff,5,1.000000,0.990593
puff_out,5,1.000000,0.990953
puffy,-1,0.000000,nan
puke,-1,0.000000,nan
pull,5,1.000000,0.986120
pull_trig,5,0.990592,0.996936
pulmonary,5,1.000000,0.997372
pulp,1,1.000000,0.999711
pulse,5,0.980115,0.994478
pump,5,1.000000,0.987222
puppy_dog,-1,0.000000,nan
pure_hell,5,1.000000,0.998344
puree,1,1.000000,0.999182
purge,-1,0.000000,nan
purpose,-1,0.000000,nan
purse,1,1.000000,0.999659
push_against,5,1.000000,0.989296
put_on_weight,-1,0.000000,nan
put_pressure,5,1.000000,0.988666
put_together,5,1.000000,0.996384
put_under,5,1.000000,0.988987
ql,5,1.000000,0.995217
quake,-1,0.000000,nan
quality_of_life,-1,0.000000,nan
quality_of_life_improvement,5,1.000000,0.997977
quantity,1,0.680906,0.998696
queasy,-1,0.000000,nan
quebec,5,1.000000,0.987265
query,5,1.000000,0.996214
quick,1,1.000000,0.997184
quick_and_easy,5,1.000000,0.990188
quick_and_painless,5,0.913801,0.995543
quick_scope,-1,0.000000,nan
quiet,5,1.000000,0.992323
quiet_room,5,1.000000,0.992905
quirk,5,1.000000,0.996935
quirk_of_mine,5,1.000000,0.996743
quirky,5,1.000000,0.997835
quite_common,5,1.000000,0.995969
quite_frank,5,1.000000,0.997675
quite_uncomfortable,5,1.000000,0.993494
quote,5,1.000000,0.981748
r/dysautonomia,5,1.000000,0.998761
r/noburp,5,1.000000,0.994885
r/noburp_page,5,1.000000,0.996294
r_cod,5,1.000000,0.997782
r_cpd,5,0.999212,0.994079
r_cpd_after,5,1.000000,0.997813
r_cpd_also,5,1.000000,0.996159
r_cpd_and_she,5,1.000000,0.991199
r_cpd_be,5,1.000000,0.994165
r_cpd_because,5,1.000000,0.995560
r_cpd_but,5,1.000000,0.994431
r_cpd_can,5,1.000000,0.994104
r_cpd_case,-1,0.000000,nan
r_cpd_cause,5,1.000000,0.994558
r_cpd_doctor,5,1.000000,0.991268
r_cpd_emetophobia,5,1.000000,0.997992
r_cpd_have,5,1.000000,0.994580
r_cpd_how,5,0.971863,0.998696
r_cpd_i,5,0.982860,0.993987
r_cpd_if,5,1.000000,0.995894
r_cpd_it,5,1.000000,0.995808
r_cpd_like,5,0.950484,0.997811
r_cpd_not,5,1.000000,0.995756
r_cpd_patient,5,1.000000,0.994065
r_cpd_seem,5,1.000000,0.995459
r_cpd_specialist,5,1.000000,0.990132
r_cpd_study,5,1.000000,0.997197
r_cpd_suffer,5,1.000000,0.995056
r_cpd_symptom,5,0.930851,0.993528
r_cpd_tend,5,1.000000,0.998266
r_cpd_tend_to_worsen,5,1.000000,0.996835
r_cpd_the,5,1.000000,0.994000
r_cpd_then,5,1.000000,0.998009
r_cpd_too,5,1.000000,0.996743
r_cpd_treatment,5,1.000000,0.989406
r_cpd_until,5,0.975214,0.998598
r_cpd_what,5,1.000000,0.997559
r_cpd_when,5,0.957541,0.996536
r_cpd_would,5,1.000000,0.996340
r_u,5,1.000000,0.997370
race_heart,-1,0.000000,nan
radiate,5,1.000000,0.991276
radiologist,-1,0.000000,nan
radiology,-1,0.000000,nan
raft,1,1.000000,0.997646
rage,5,1.000000,0.997971
rain,5,1.000000,0.997316
raise_awareness,5,1.000000,0.995027
raise_soft_pallet,5,1.000000,0.991886
random,5,1.000000,0.991977
random_hiccup,5,0.894560,0.996640
random_microburp,-1,0.000000,nan
random_throughout,2,1.000000,0.999996
randomize,5,1.000000,0.994518
range,-1,0.000000,nan
range_of_motion,5,1.000000,0.992237
ranitidine,1,1.000000,0.997458
rapid_gastric_empty,5,1.000000,0.997173
raptor,5,1.000000,0.994849
rare,-1,0.000000,nan
rare_condition,-1,0.000000,nan
rare_side_effect,5,0.895846,0.997413
rarely,-1,0.000000,nan
rarity,5,1.000000,0.997616
rash,5,1.000000,0.998207
raspy,-1,0.000000,nan
rate_of_success,5,1.000000,0.991389
rather_die,5,0.985094,0.998004
rather_than_rely,-1,0.000000,nan
ratio,5,1.000000,0.999143
rational,-1,0.000000,nan
rationalize,5,1.000000,0.998333
ravioli,1,1.000000,0.999747
raw_onion,1,1.000000,0.999824
raw_vegetable,1,1.000000,0.998842
ray,5,1.000000,0.996564
rcpd,5,0.939139,0.993781
re_train,-1,0.000000,nan
react,-1,0.000000,nan
react_different,5,0.965358,0.997807
reaction,-1,0.000000,nan
read_wedge,5,1.000000,0.985230
readily_available,5,1.000000,0.997813
realize,5,1.000000,0.995427
really_bad,5,1.000000,0.991827
really_bother,5,1.000000,0.995223
reason,5,1.000000,0.994946
reassure,5,1.000000,0.995675
reassure_to_hear,5,1.000000,0.995634
rebecca_c_hoesli_md,5,1.000000,0.995603
recall,5,1.000000,0.995177
recall_ever,5,1.000000,0.996862
recap,5,1.000000,0.995706
receive_100_unit,5,1.000000,0.993731
receive_treatment,5,1.000000,0.988653
recent_discover,5,1.000000,0.996531
recent_identify_disorder_characterize,5,1.000000,0.996612
receptionist,5,1.000000,0.989154
receptive,5,1.000000,0.991481
receptor,5,1.000000,0.996129
recess,5,0.953261,0.999669
recline,5,1.000000,0.985084
recline_position,5,1.000000,0.999136
recliner,5,1.000000,0.985489
recognition,5,1.000000,0.995398
recognize,5,1.000000,0.992943
recognize_by,5,1.000000,0.992812
recognize_condition,5,1.000000,0.994725
recover,3,0.825569,0.999795
recovery,-1,0.000000,nan
recovery_process,-1,0.000000,nan
recovery_room,-1,0.000000,nan
red_bull,1,1.000000,0.996952
red_flag,5,1.000000,0.998164
red_meat,1,1.000000,0.999315
red_wine,1,1.000000,0.999527
reddit,5,0.985213,0.995043
reddit_community,5,1.000000,0.996360
reddit_group,5,1.000000,0.995130
reddit_sub,5,1.000000,0.996814
reddit_thread,5,1.000000,0.995049
reduce,5,1.000000,0.993649
reduce_gas,-1,0.000000,nan
reel,5,0.980124,0.995963
refer,5,1.000000,0.990253
referral,5,1.000000,0.989623
referral_from_your_gp,5,1.000000,0.986308
refine_carbohydrate,5,0.914502,0.998443
refine_sugar,1,1.000000,0.999861
reflex,5,0.950595,0.988351
reflux,5,0.967499,0.992379
reflux_gourmet,1,1.000000,0.997498
reflux_medication,1,1.000000,0.996357
refrain,5,1.000000,0.999184
refuse_to_believe,-1,0.000000,nan
regain,3,1.000000,0.999911
regards_to_r_cpd,5,1.000000,0.998568
regional,5,1.000000,0.998078
registration,5,0.922960,0.997135
regress,-1,0.000000,nan
regression,5,1.000000,0.997285
regret,-1,0.000000,nan
regular_burper,5,1.000000,0.995777
regulation,5,1.000000,0.997935
regurgitate,-1,0.000000,nan
regurgitate_food,-1,0.000000,nan
regurgitation,-1,0.000000,nan
rehab,5,1.000000,0.999169
rehabilitate,-1,0.000000,nan
reinfect,5,1.000000,0.994324
reject,5,1.000000,0.982087
rejuvenate,5,1.000000,0.997521
relatable,5,1.000000,0.996651
relate,-1,0.000000,nan
related_to_noburp,5,1.000000,0.995979
related_to_r_cpd,5,1.000000,0.995107
related_to_rcpd,5,1.000000,0.994705
relation,5,1.000000,0.995561
relation_between,5,1.000000,0.997691
relation_to_r_cpd,5,1.000000,0.997825
relationship_between,5,1.000000,0.997174
relationship_with_food,5,1.000000,0.996092
relative_low,5,1.000000,0.995362
relative_minor,5,1.000000,0.998378
relative_new,5,1.000000,0.993032
relax,5,1.000000,0.987461
relaxation,5,1.000000,0.988624
relay,5,1.000000,0.996549
relearn_how,-1,0.000000,nan
release,-1,0.000000,nan
release_air,-1,0.000000,nan
release_gas,-1,0.000000,nan
relent,5,1.000000,0.998448
relief,5,0.971603,0.991780
relief_soon,5,1.000000,0.995834
relieve,5,0.971603,0.991947
relieve_pressure,-1,0.000000,nan
relive,5,1.000000,0.993861
rely,5,0.971842,0.989242
remain_close,5,1.000000,0.997225
remedy,1,0.960867,0.998246
rennie,1,1.000000,0.998062
rennie_deflatine,1,1.000000,0.997446
rental_car,-1,0.000000,nan
repair,5,1.000000,0.994672
repeat_injection,5,1.000000,0.992334
repercussion,5,1.000000,0.998261
reply,5,1.000000,0.995253
repress,-1,0.000000,nan
republic,5,1.000000,0.997609
repulsive,5,0.985494,0.997947
reputation,5,1.000000,0.997288
request,5,1.000000,0.988880
require_manometry,5,1.000000,0.993163
reschedule,5,1.000000,0.989098
research,5,1.000000,0.993801
research_article,5,1.000000,0.996257
research_into,5,1.000000,0.993960
research_paper,5,1.000000,0.993223
research_study,5,1.000000,0.993859
researcher,5,1.000000,0.995288
reset,5,1.000000,0.989250
resident,5,1.000000,0.988646
residual,-1,0.000000,nan
residue,5,1.000000,0.991805
resign,5,1.000000,0.998075
resist,5,1.000000,0.987415
resolve,5,1.000000,0.994567
resource,5,1.000000,0.994131
respiratory,5,1.000000,0.996298
respiratory_infection,5,0.974613,0.997540
response,5,1.000000,0.995081
responsible,5,1.000000,0.993099
restaurant,-1,0.000000,nan
restless,-1,0.000000,nan
restrict,-1,0.000000,nan
restrictive,1,1.000000,0.999271
result_of_r_cpd,5,1.000000,0.998317
resultant,5,1.000000,0.998771
retain,3,1.000000,0.999929
retainer,5,1.000000,0.997986
retch,-1,0.000000,nan
retention,5,1.000000,0.991169
retire,5,1.000000,0.989449
retour,5,1.000000,0.998993
retrain,5,1.000000,0.989505
retrograde,5,1.000000,0.992449
retrograde_cricopharyngeal,5,0.983407,0.997518
retrograde_cricopharyngeal_dysfunction,5,1.000000,0.993769
retrograde_cricopharyngeal_dysfunction_r,5,1.000000,0.994024
retrograde_cricopharyngeus_dysfunction,5,1.000000,0.993815
retrograde_cricopharyngeus_dysfunction_r,5,0.929693,0.994327
retrograde_direction,5,1.000000,0.993142
retrograde_only,5,0.963804,0.993995
retrograde_only_neurological_dysfunction,5,1.000000,0.997990
retrospective,5,0.996923,0.995002
return,3,1.000000,0.999937
revelation,5,1.000000,0.996365
reverse,5,1.000000,0.989376
revision,5,1.000000,0.998699
rex,5,1.000000,0.996177
reynard,5,1.000000,0.997171
rheumatoid_arthritis,5,1.000000,0.997225
rhr,5,1.000000,0.999346
rib,5,1.000000,0.989232
rib_cage,5,0.912627,0.994639
rib_flare,5,1.000000,0.997559
ribcage,5,1.000000,0.989421
rice,1,1.000000,0.997922
rice_cake,1,1.000000,0.999785
rich_food,1,1.000000,0.999647
richard,5,1.000000,0.996944
richmond,5,1.000000,0.990635
rick,5,1.000000,0.997500
riddle,5,1.000000,0.998424
ride_home,-1,0.000000,nan
ridiculous,5,1.000000,0.995020
rifaximin,1,1.000000,0.997208
right_arm,5,1.000000,0.991774
right_armpit,-1,0.000000,nan
right_before_bed,-1,0.000000,nan
right_behind,5,0.943418,0.995484
right_below,5,1.000000,0.994603
right_choice,-1,0.000000,nan
right_decision,-1,0.000000,nan
right_now,-1,0.000000,nan
right_on_track,5,0.943550,0.997952
right_place,0,1.000000,0.999796
right_position,5,1.000000,0.986659
right_shoulder,5,1.000000,0.994301
right_side,5,1.000000,0.985688
right_track,5,1.000000,0.995602
rip,5,1.000000,0.993673
rip_d,5,0.954708,0.994011
rip_jack,5,1.000000,0.996876
ripe,1,1.000000,0.999784
rise,5,1.000000,0.987252
rise_into,5,0.909737,0.991200
rise_up,5,1.000000,0.986707
risico,5,1.000000,0.998510
risk,-1,0.000000,nan
risk_of_develop,5,1.000000,0.995091
risky,5,1.000000,0.992780
riyadh,5,1.000000,0.996653
rn,-1,0.000000,nan
road_to_recovery,5,1.000000,0.997570
road_trip,-1,0.000000,nan
roar,5,1.000000,0.993874
robust,5,0.934147,0.997566
roemheld,5,1.000000,0.996110
roemheld_syndrome,5,1.000000,0.997009
roll_over,-1,0.000000,nan
roller_coaster,5,1.000000,0.997812
romania,5,1.000000,0.996938
romantic,5,1.000000,0.997420
roof,5,1.000000,0.988575
roof_of_mouth,-1,0.000000,nan
room_where,-1,0.000000,nan
rotate,5,1.000000,0.987479
rough,-1,0.000000,nan
roulette,5,1.000000,0.998035
round_1,5,1.000000,0.989220
round_2,5,1.000000,0.988936
round_3,5,0.961198,0.991688
round_trip,5,1.000000,0.988516
round_two,5,1.000000,0.990223
rub,5,1.000000,0.987820
rubber,0,0.805570,0.997786
rubbish,5,1.000000,0.996893
rude,5,1.000000,0.995712
ruin,-1,0.000000,nan
rule_out,-1,0.000000,nan
rule_out_any,4,0.999547,0.999978
rule_out_anything_else,4,0.791010,0.999862
rule_out_other,5,0.921534,0.992472
rum,1,1.000000,0.998791
rumble,5,1.000000,0.991692
rumble_noise,-1,0.000000,nan
run_joke,5,1.000000,0.994866
runny,1,1.000000,0.999744
runny_nose,5,1.000000,0.993866
rush,-1,0.000000,nan
ruysdael_clinic,5,1.000000,0.990442
sad,5,1.000000,0.995556
sag,5,1.000000,0.995683
salad,1,1.000000,0.998075
saliva,-1,0.000000,nan
salivary_gland,5,1.000000,0.997550
salivate,-1,0.000000,nan
salivation,5,1.000000,0.993090
salt,1,1.000000,0.999593
same_reaction,5,0.894020,0.996845
same_timeline,5,1.000000,0.996971
sample,5,1.000000,0.993914
sample_size,-1,0.000000,nan
san_leandro,5,1.000000,0.991586
sandwich,1,1.000000,0.997906
sarcasm,5,1.000000,0.997754
sarcastic,5,1.000000,0.997344
saskatoon,5,1.000000,0.992890
satan,5,1.000000,0.994877
satisfaction,5,1.000000,0.998423
satisfy,5,1.000000,0.992060
saturday_morning,5,0.894038,0.996437
sauce,1,1.000000,0.998674
saudi_arabia,5,1.000000,0.995892
sauna,5,1.000000,0.998611
save_goal,-1,0.000000,nan
save_up,5,1.000000,0.984579
saw_doctor_villari,5,0.908488,0.994547
saw_lucy_hicklin,5,1.000000,0.993944
say,5,0.978543,0.992702
say_excuse,5,1.000000,0.994222
scan,4,1.000000,0.999913
scandinavia,5,1.000000,0.996558
scar_tissue,5,1.000000,0.992059
scare,-1,0.000000,nan
scared,-1,0.000000,nan
scary,-1,0.000000,nan
scene,5,1.000000,0.994705
schedule,5,1.000000,0.989007
schedule_for_april,5,1.000000,0.991455
schedule_for_february,5,1.000000,0.992328
schedule_for_july,5,1.000000,0.991089
scheme,5,1.000000,0.996736
schi,5,1.000000,0.994947
schindler,5,1.000000,0.995735
scientific,5,1.000000,0.994218
scientific_evidence,5,1.000000,0.996673
scientific_literature,5,1.000000,0.995917
scientific_research,5,1.000000,0.997959
scientist,5,1.000000,0.994851
scleroderma,5,1.000000,0.997680
scoliosis,5,1.000000,0.995291
scoop_motion,5,1.000000,0.990872
scope,0,0.926465,0.999755
scope_down,0,1.000000,0.999813
scope_through,0,1.000000,0.999841
scramble,1,1.000000,0.999259
scramble_egg,1,1.000000,0.997877
scratch,5,1.000000,0.991443
scratch_throat,-1,0.000000,nan
scream,5,1.000000,0.993993
scroll_down,5,1.000000,0.993436
scrunch,5,1.000000,0.990490
scrunch_your_belly,5,0.982033,0.993994
scuba_dive,5,1.000000,0.997424
seafood,5,0.926050,0.997340
search,5,1.000000,0.994837
search_box,5,1.000000,0.997406
search_this_sub,5,1.000000,0.994858
search_this_subreddit,5,1.000000,0.995570
search_youtube,5,1.000000,0.990815
seasick,5,1.000000,0.997014
seasonal,5,1.000000,0.998535
seasonal_allergy,5,0.957116,0.997582
seat,5,1.000000,0.985900
seborrheic,5,1.000000,0.998538
second_attempt,5,1.000000,0.990418
second_dose,5,1.000000,0.988959
second_grade,5,0.980646,0.996433
second_injection,5,1.000000,0.988874
second_nature,5,0.999191,0.995719
second_opinion,5,1.000000,0.989956
second_pregnancy,-1,0.000000,nan
second_round,5,1.000000,0.988703
second_shot,5,1.000000,0.988652
second_time,5,1.000000,0.988636
secretion,5,1.000000,0.995803
section,5,1.000000,0.993289
sedate,5,1.000000,0.989430
sedation,5,1.000000,0.989569
sedative,1,1.000000,0.997336
sedentary,1,0.566340,0.996189
see_doctor_spiegel,5,0.979693,0.991380
seed,1,1.000000,0.999868
seek_help,5,1.000000,0.996086
seek_treatment,5,1.000000,0.993494
seem_to_vary,-1,0.000000,nan
seem_unrelated,5,1.000000,0.997165
seine,5,0.943980,0.999052
seize,5,0.977318,0.990907
seldom,5,1.000000,0.997560
self_conscious,-1,0.000000,nan
self_cure,-1,0.000000,nan
self_cure_method,5,1.000000,0.992837
self_diagnose,5,1.000000,0.992668
self_diagnose_myself,5,1.000000,0.997098
self_employ,5,1.000000,0.997964
self_esteem,-1,0.000000,nan
self_induce,-1,0.000000,nan
self_massage,5,1.000000,0.993888
self_pay,5,1.000000,0.982265
self_refer,5,1.000000,0.990569
self_referral,5,1.000000,0.993822
self_report,5,1.000000,0.998356
seltzer,1,1.000000,0.996858
seltzer_water,1,1.000000,0.996672
semaglutide,5,1.000000,0.998620
semester,-1,0.000000,nan
sensation,-1,0.000000,nan
sensible,1,1.000000,0.999802
sensitive,-1,0.000000,nan
sensitivity,5,1.000000,0.994209
sensitize,5,1.000000,0.997501
sensor,5,0.915411,0.995082
sensory_issue,5,1.000000,0.998376
separate_issue,5,1.000000,0.995715
sertraline,-1,0.000000,nan
service,5,1.000000,0.983888
sesh,5,0.958580,0.995590
set_off,5,1.000000,0.994833
seven,2,1.000000,0.999994
seven_year,5,0.998244,0.997391
several_hour,-1,0.000000,nan
several_time,2,1.000000,0.999980
severe,5,1.000000,0.993168
severe_anxiety,5,0.909357,0.995863
severe_bloat,5,1.000000,0.991377
severe_case,5,1.000000,0.996024
severe_constipation,5,1.000000,0.995674
severe_emetophobia,5,1.000000,0.994852
severe_episode,5,0.972466,0.998479
severe_gerd,5,1.000000,0.996578
severe_nausea,5,0.986565,0.996335
severe_side_effect,-1,0.000000,nan
severe_underweight,5,0.975864,0.996571
severity,5,0.894474,0.995637
sex,5,0.943590,0.995694
sex_life,5,1.000000,0.999009
sexual,5,0.970302,0.997200
sexy,5,0.959300,0.996400
sf_bay_area,5,1.000000,0.991311
shade,5,1.000000,0.996415
shake,-1,0.000000,nan
shaker,5,1.000000,0.989660
shaker_exercise,5,1.000000,0.989563
shaker_exercise_and_kiss,5,1.000000,0.992187
shaker_exercise_and_larynx_lower,5,1.000000,0.990905
shaker_exercise_cricoid_massage,5,1.000000,0.991141
shaker_exercise_on_youtube,5,1.000000,0.992626
shaker_exercise_search,5,1.000000,0.990084
shaker_larynx_lower,5,1.000000,0.990990
shaky,-1,0.000000,nan
shallow_breath,5,1.000000,0.992666
shard,5,1.000000,0.989967
share,5,0.975508,0.995440
sharma,5,1.000000,0.992548
sharma_in_saskatoon,5,1.000000,0.997640
sharp,5,1.000000,0.989145
sharp_pain,5,1.000000,0.989385
shield,5,1.000000,0.998868
shift,5,1.000000,0.985799
shirley_oak,5,1.000000,0.988928
shirt,5,1.000000,0.988943
shit,5,1.000000,0.995144
shit_ton,1,1.000000,0.999110
shiver,-1,0.000000,nan
shock,5,1.000000,0.995019
shoe,5,1.000000,0.988026
shoot_up,5,0.978119,0.992778
short_live,-1,0.000000,nan
short_of_breath,5,0.902336,0.992994
shortness_of_breath,5,1.000000,0.991935
shortness_of_breath_after,-1,0.000000,nan
shortness_of_breath_be,5,1.000000,0.995354
shot_of_vodka,1,1.000000,0.999079
shotgun_beer,-1,0.000000,nan
shoulder,5,1.000000,0.986685
shoulder_back,5,1.000000,0.986343
shoulder_blade,5,1.000000,0.991343
shout,5,1.000000,0.994703
shovel,1,1.000000,0.999144
show,4,1.000000,0.999932
show_anything,4,1.000000,0.999900
show_nothing,4,1.000000,0.999964
show_r_cpd,4,0.641720,0.999499
show_them,5,1.000000,0.992908
shower_every_morning,-1,0.000000,nan
shut_down,-1,0.000000,nan
sibling,5,1.000000,0.995720
sibo,5,1.000000,0.992535
sibo_and_h_pylori,5,0.967948,0.998159
sibo_ibs,5,1.000000,0.997150
sibo_test,4,0.754556,0.999779
sick,5,0.910589,0.991694
sick_and_tired,5,1.000000,0.997078
sickness,5,1.000000,0.992642
sickness_bug,5,1.000000,0.998622
side_affect,5,1.000000,0.997237
side_effect,-1,0.000000,nan
side_neck,5,1.000000,0.990968
side_shaker,5,1.000000,0.990757
side_sleeper,5,1.000000,0.988198
side_stitch,5,0.975337,0.997161
side_to_side,5,1.000000,0.987049
sideways,5,1.000000,0.988188
sideways_shaker,5,1.000000,0.992206
sifo,5,1.000000,0.996921
sigmoid_colon,5,0.923496,0.998710
significance,5,0.895833,0.997166
significant_cheap,5,1.000000,0.989927
significant_worse,-1,0.000000,nan
silence,5,1.000000,0.994050
silent,5,1.000000,0.991900
silent_hiccup,5,1.000000,0.996110
silent_reflux,5,1.000000,0.992590
silly,5,1.000000,0.995660
simethicone,1,0.994862,0.997980
simethicone_gas_x,1,1.000000,0.997023
similar_experience,5,1.000000,0.995839
similar_issue,5,1.000000,0.995438
similar_situation,5,1.000000,0.995786
similar_story,5,1.000000,0.996454
since_birth,5,1.000000,0.996247
since_childhood,5,1.000000,0.996261
since_early_childhood,-1,0.000000,nan
since_infancy,5,0.926061,0.996548
since_then,5,0.990345,0.996081
sing,-1,0.000000,nan
sing_ability,5,1.000000,0.999574
singer,-1,0.000000,nan
single_bite,1,1.000000,0.999529
single_hiccup,5,1.000000,0.992637
single_injection,5,1.000000,0.994069
singular,5,1.000000,0.997171
singular_hiccup,5,1.000000,0.996316
sinister,5,1.000000,0.998601
sink,5,1.000000,0.987276
sink_run,-1,0.000000,nan
sinus,5,1.000000,0.993000
sinus_drainage,-1,0.000000,nan
sinus_infection,5,0.976978,0.997829
sinus_issue,5,0.942415,0.993731
sinusitis,5,0.971566,0.996327
sip,1,1.000000,0.996990
sip_of_water,1,1.000000,0.996845
sip_water,1,1.000000,0.996905
sister,5,1.000000,0.995614
sit,5,1.000000,0.984488
sit_down,5,1.000000,0.985116
sit_or_stand,5,1.000000,0.989796
sit_there,-1,0.000000,nan
sit_up,5,1.000000,0.985188
sit_up_straight,5,1.000000,0.985914
sit_upright,5,1.000000,0.985653
site,5,1.000000,0.993176
situation,5,0.923628,0.995984
six,2,1.000000,0.999979
six_day_ago,5,1.000000,0.995454
six_month_pregnant,-1,0.000000,nan
six_pack,-1,0.000000,nan
six_year_old,5,1.000000,0.996362
sixteenth,5,1.000000,0.990202
sixth,5,1.000000,0.995869
sjogren,5,1.000000,0.996062
skate,5,1.000000,0.999007
skeletal_muscle,5,1.000000,0.996081
skeptical_about,5,1.000000,0.996571
skepticism,5,1.000000,0.996071
sketchy,5,1.000000,0.997860
skin,5,1.000000,0.991003
skinny,-1,0.000000,nan
skip_meal,-1,0.000000,nan
skirt,5,0.896266,0.998015
skull,5,1.000000,0.999112
skyrocket,5,0.953214,0.997453
sleep_apnea,5,1.000000,0.993492
sleep_elevate,5,1.000000,0.985072
sleep_flat,5,1.000000,0.985656
sleep_quality,5,1.000000,0.997480
sleep_upright,5,0.996622,0.985634
sleep_wedge,5,0.951627,0.984861
sleep_with_your_torso,5,0.973419,0.985235
sleeper,-1,0.000000,nan
sleepover,5,0.957184,0.995997
sleepy,-1,0.000000,nan
slender,-1,0.000000,nan
slew,5,1.000000,0.997228
slide_down,5,0.943232,0.992164
slide_hernia,5,1.000000,0.997924
slight,5,1.000000,0.991654
slight_improvement,-1,0.000000,nan
slight_lump,5,1.000000,0.990263
slight_regurgitation,-1,0.000000,nan
slight_slow_swallow,-1,0.000000,nan
slight_sore_throat,-1,0.000000,nan
slightly_elevate,5,0.917420,0.986469
slightly_nauseous,5,0.947720,0.997852
slightly_sore,5,1.000000,0.990219
slim,-1,0.000000,nan
slime,5,1.000000,0.991751
slip_out,5,1.000000,0.991680
slouch,5,1.000000,0.985261
slouch_over,-1,0.000000,nan
slow_and_gentle,5,1.000000,0.992261
slow_digestion,5,1.000000,0.996300
slow_down,1,1.000000,0.996922
slow_eater,1,1.000000,0.999843
slow_sip,1,1.000000,0.999923
slow_starter,5,1.000000,0.996474
slow_swallow,-1,0.000000,nan
slow_swallow_kick,-1,0.000000,nan
sluggish,1,0.632926,0.998259
slur,-1,0.000000,nan
sm,5,1.000000,0.996388
smack,-1,0.000000,nan
small,5,0.969761,0.992144
small_amount,1,1.000000,0.997135
small_bite,1,1.000000,0.997040
small_bowel,5,0.940659,0.995714
small_bubble,5,1.000000,0.991173
small_child,5,0.967663,0.997264
small_dose,5,1.000000,0.990365
small_hiatus,5,1.000000,0.995872
small_intestinal,5,1.000000,0.998175
small_intestine,5,1.000000,0.989967
small_intestine_bacterial_overgrowth,5,1.000000,0.994172
small_meal,1,1.000000,0.998355
small_medium,5,1.000000,0.997099
small_mouthful,1,1.000000,0.997619
small_piece,1,0.917417,0.999446
small_pop,5,1.000000,0.990689
small_portion,1,1.000000,0.998179
small_quantity,1,1.000000,0.999766
small_sip,1,1.000000,0.997251
small_snack,1,1.000000,0.999255
small_town,5,1.000000,0.998242
small_victory,5,1.000000,0.996632
small_world,5,1.000000,0.996988
smart_pill,-1,0.000000,nan
smell,5,1.000000,0.992565
smell_bad,5,1.000000,0.997121
smell_fart,5,0.970061,0.996695
smile,5,1.000000,0.994105
smoke_cigarette,-1,0.000000,nan
smoker,1,0.665840,0.998636
smooth_muscle,5,1.000000,0.994156
smooth_sail,5,1.000000,0.997623
smoothie,1,1.000000,0.997460
smoothie_and_soup,1,1.000000,0.999560
snack,1,1.000000,0.998257
snap,-1,0.000000,nan
sneak_off,-1,0.000000,nan
sneeze,5,0.971603,0.991018
sniff_and_swallow,0,0.981580,0.999739
sniffle,5,0.960321,0.993940
snorkeling,5,1.000000,0.997696
snort,-1,0.000000,nan
so_excite,5,1.000000,0.994873
so_frustrate,-1,0.000000,nan
so_glad,5,1.000000,0.995390
so_grateful,5,1.000000,0.995477
so_happy,5,1.000000,0.995193
so_pleased,5,1.000000,0.995443
so_your_mileage,5,1.000000,0.999213
soap,1,0.868881,0.999227
soar,5,1.000000,0.990178
soar_throat,-1,0.000000,nan
sob,-1,0.000000,nan
social,-1,0.000000,nan
social_activity,-1,0.000000,nan
social_anxiety,-1,0.000000,nan
social_awkward,5,1.000000,0.997614
social_event,-1,0.000000,nan
social_gather,5,0.988939,0.994651
social_life,-1,0.000000,nan
social_media,5,1.000000,0.994717
social_occasion,1,0.732808,0.998748
social_setting,-1,0.000000,nan
social_situation,-1,0.000000,nan
socialize,-1,0.000000,nan
sock,-1,0.000000,nan
soda,1,1.000000,0.996789
soda_stream,1,1.000000,0.997905
soda_water,1,1.000000,0.997499
sodium,1,1.000000,0.999706
sodium_alginate,1,1.000000,0.998398
soft_drink,1,1.000000,0.996999
soft_food,1,1.000000,0.997246
soft_palate,5,1.000000,0.991060
soft_pallet,5,1.000000,0.991149
soft_tissue,5,1.000000,0.995641
soften,5,0.989839,0.995894
solace,5,1.000000,0.997448
sole_cause,5,1.000000,0.996508
solid,1,1.000000,0.996696
solid_food,1,1.000000,0.996948
soluble,1,1.000000,0.999629
solution,5,0.937036,0.993535
somac,1,1.000000,0.996599
somatic,5,0.980986,0.997948
some_insight,5,0.961264,0.995542
some_relief,5,0.951912,0.992127
some_soreness,5,1.000000,0.990362
someday,5,1.000000,0.995597
somehow_related,5,1.000000,0.996589
something,-1,0.000000,nan
something_bubbly,1,1.000000,0.996547
something_carbonate,1,1.000000,0.996338
something_else,5,1.000000,0.993950
something_fizzy,1,1.000000,0.996372
something_similar,5,1.000000,0.995916
something_stuck,5,1.000000,0.990249
sometimes,-1,0.000000,nan
somewhat_common,5,1.000000,0.997461
somewhere_between,5,1.000000,0.996136
songwriter,5,1.000000,0.999493
sonovein,5,1.000000,0.998229
soon_as_possible,5,1.000000,0.986025
soothe,5,1.000000,0.991452
soothing,1,1.000000,0.999939
sore,5,1.000000,0.991014
sore_spot,-1,0.000000,nan
sore_throat,-1,0.000000,nan
sore_throat_afterwards,5,0.942710,0.997777
soreness,5,1.000000,0.992631
sorry_in_advance,5,1.000000,0.996551
sorry_to_hear,5,1.000000,0.995332
sortie,-1,0.000000,nan
sound,5,1.000000,0.991958
sound_awful,5,1.000000,0.995929
sound_gross,1,0.870852,0.998638
sound_horrible,5,1.000000,0.995895
sound_ridiculous,5,1.000000,0.996907
sound_terrible,5,1.000000,0.996649
soup,1,1.000000,0.997165
soup_and_smoothie,1,1.000000,0.999564
soup_broth,1,1.000000,0.999599
soup_smoothie,1,1.000000,0.998034
sour,1,1.000000,0.998969
sour_taste,5,1.000000,0.991322
southeast,5,1.000000,0.992420
southern_california,5,1.000000,0.987748
southern_indiana,5,1.000000,0.997294
space_between,5,1.000000,0.994042
space_heater,5,1.000000,0.993025
spaghetti,1,1.000000,0.999728
spain,5,1.000000,0.987545
span,-1,0.000000,nan
spark_water,1,1.000000,0.996521
sparkle,1,1.000000,0.998208
sparkle_water,1,1.000000,0.996296
sparkle_wine,1,1.000000,0.999415
sparse,5,1.000000,0.997529
spasm,5,1.000000,0.988712
spasmodic_dysphonia,-1,0.000000,nan
speak,5,1.000000,0.992688
specialist,5,1.000000,0.989137
specialist_list,5,1.000000,0.992290
specialist_who,5,1.000000,0.989482
specialization,5,1.000000,0.996673
specialize,5,1.000000,0.990340
specialize_in_medical_anxiety,5,1.000000,0.996324
specialty,5,1.000000,0.990491
specific_brand,5,1.000000,0.999153
specific_design,-1,0.000000,nan
specific_question,5,1.000000,0.996217
specific_spot,5,0.975650,0.996352
spectrum,5,1.000000,0.996092
spectrum_disorder,5,1.000000,0.998168
spectrum_of_severity,5,1.000000,0.998150
speculate,5,1.000000,0.995013
speculation,5,1.000000,0.997017
speech,-1,0.000000,nan
speech_pathologist,5,1.000000,0.990914
speech_therapist,5,1.000000,0.990650
speech_therapy,5,1.000000,0.990103
spew,5,1.000000,0.996183
sphincter,5,1.000000,0.989013
sphincter_muscle,5,1.000000,0.991819
spice,1,1.000000,0.999300
spicy,1,1.000000,0.998711
spicy_fatty,1,0.942298,0.999491
spicy_food,1,1.000000,0.998623
spike,1,0.881012,0.999503
spill_into,5,1.000000,0.996869
spinal,5,1.000000,0.995980
spine,5,1.000000,0.991280
spirit,1,1.000000,0.997731
spirometer,5,0.907846,0.999016
spit,-1,0.000000,nan
spit_into,-1,0.000000,nan
spit_up,5,1.000000,0.994999
split_second,-1,0.000000,nan
spoil,5,1.000000,0.997441
spoiler,5,1.000000,0.995757
spontaneous,5,1.000000,0.991945
sporadic,-1,0.000000,nan
sport,1,0.671940,0.999372
spray,0,1.000000,0.999954
spray_lidocaine,0,1.000000,0.999944
spray_numb,0,1.000000,0.999967
spread_awareness,5,1.000000,0.995078
spreadsheet,5,1.000000,0.996514
spring_break,5,0.938048,0.992120
sprite,1,1.000000,0.997145
sprout,1,0.717785,0.997040
square_one,5,0.960280,0.998776
squat,5,1.000000,0.985950
squat_instead,5,1.000000,0.985313
squat_instead_of_bend,-1,0.000000,nan
squat_instead_of_bend_over,5,0.978810,0.985162
squeak,5,1.000000,0.995666
squeak_out,5,1.000000,0.998073
squeaky,5,1.000000,0.994433
squeeze,5,1.000000,0.986323
squish,5,1.000000,0.992566
squishy,5,0.930124,0.996236
ssri,1,1.000000,0.996120
st_clair_shore_mi,5,1.000000,0.995326
st_john,5,1.000000,0.995004
st_louis_park_mn,5,1.000000,0.996563
st_michael,5,1.000000,0.991509
st_mike,5,1.000000,0.995368
st_vincent,5,1.000000,0.991497
stab,5,1.000000,0.990065
stab_pain,5,0.899457,0.995706
stable,-1,0.000000,nan
staccato,-1,0.000000,nan
staff,5,1.000000,0.989370
staff_member,5,1.000000,0.997054
stage,3,1.000000,0.999934
stalk,5,1.000000,0.996874
stance,5,1.000000,0.999533
stand,5,1.000000,0.985207
stand_straight,5,0.898422,0.996118
stand_up,5,1.000000,0.985157
stand_up_straight,5,1.000000,0.987008
standard_dose,5,1.000000,0.990150
staple,1,1.000000,0.999023
starch,1,1.000000,0.999468
stare,5,1.000000,0.994162
startle,5,1.000000,0.994855
starve,1,0.963346,0.998395
starve_myself,5,0.917709,0.994312
stat,5,0.935654,0.993868
statement,5,1.000000,0.994240
stationary,1,0.593173,0.996997
statistic,5,1.000000,0.994359
stay_away,1,1.000000,0.998626
stay_calm,1,1.000000,0.997536
stay_home,1,0.808960,0.998367
stay_hydrate,1,1.000000,0.997249
stay_overnight,-1,0.000000,nan
stay_positive,5,1.000000,0.995517
stay_upright,1,0.591947,0.996852
steak,1,1.000000,0.998169
stealthy,1,0.651616,0.997488
steam,1,1.000000,0.999751
steering,-1,0.000000,nan
stem,5,1.000000,0.994895
stenosis,5,1.000000,0.998777
sternum,5,1.000000,0.989632
sternum_area,5,0.952028,0.996384
steroid,1,1.000000,0.996087
steroid_inhaler,5,0.917974,0.997968
sticker,0,0.928231,0.999752
sticky_pad,0,0.941641,0.999741
stiff,5,0.999733,0.989838
stiffen,5,1.000000,0.991740
stifle,5,1.000000,0.996907
stimulant,1,1.000000,0.999311
stimulate,5,1.000000,0.988110
sting,0,1.000000,0.999989
stinky,5,0.949734,0.996399
stir,1,1.000000,0.998592
stock,1,1.000000,0.999612
stocking_up,1,1.000000,0.999747
stodgy,1,1.000000,0.999626
stoke,5,1.000000,0.995762
stomach_ache,5,1.000000,0.990814
stomach_acid,-1,0.000000,nan
stomach_acid_production,5,1.000000,0.996545
stomach_and_intestine,5,1.000000,0.990047
stomach_bug,5,0.962597,0.995062
stomach_cancer,5,1.000000,0.997246
stomach_churn,-1,0.000000,nan
stomach_content,5,1.000000,0.989817
stomach_cramp,5,1.000000,0.991526
stomach_distension,5,0.946495,0.996716
stomach_flu,5,1.000000,0.995311
stomach_growl,5,0.943932,0.993446
stomach_lining,5,0.890261,0.993624
stomach_pain,5,1.000000,0.990706
stomach_rumble,5,1.000000,0.992397
stomach_ulcer,5,1.000000,0.993382
stomach_vacuum,5,1.000000,0.992168
stomach_virus,5,1.000000,0.995102
stomachache,5,1.000000,0.994661
stool,5,1.000000,0.989533
stool_sample,4,0.768445,0.999908
stool_test,4,1.000000,0.999994
story,5,1.000000,0.995270
stout,1,1.000000,0.998421
straight_ahead,5,1.000000,0.991391
straight_shoulder,5,1.000000,0.991833
straighten,5,1.000000,0.989796
strain,5,1.000000,0.987481
strange,-1,0.000000,nan
strange_noise,5,1.000000,0.992716
straw,1,1.000000,0.997968
streak,5,0.972444,0.996540
stream,-1,0.000000,nan
strengthen,5,1.000000,0.988624
strep,-1,0.000000,nan
strep_throat,-1,0.000000,nan
stress,-1,0.000000,nan
stress_and_anxiety,5,0.946280,0.996064
stretch,5,1.000000,0.986991
stretch_out,5,1.000000,0.989389
stretchy,-1,0.000000,nan
stretchy_pants,-1,0.000000,nan
stricture,5,1.000000,0.995813
stroke,5,1.000000,0.998027
strong_dose,5,1.000000,0.992222
strong_gag_reflex,-1,0.000000,nan
structure,5,1.000000,0.993841
struggle,-1,0.000000,nan
struggle_to_breathe,5,1.000000,0.992751
stuck,5,1.000000,0.987733
stud,-1,0.000000,nan
student,5,1.000000,0.984609
study,5,1.000000,0.993509
study_and_potential_participate,5,1.000000,0.998960
stuff,1,1.000000,0.998049
stuffy,5,0.948995,0.993835
stuffy_nose,5,0.977703,0.994126
stumble,5,1.000000,0.996381
stumble_across,5,1.000000,0.996242
stumble_across_this_subreddit,5,1.000000,0.996671
stumble_upon,5,0.942402,0.996192
stumble_upon_this,5,1.000000,0.996545
stumble_upon_this_sub,5,1.000000,0.996552
stumble_upon_this_subreddit,5,1.000000,0.996638
stupid,5,1.000000,0.995384
sub,5,1.000000,0.994821
sub_reddit,5,1.000000,0.996056
sub_search,5,1.000000,0.993639
sub_wiki,5,1.000000,0.993201
subconscious,5,0.942801,0.988687
subconscious_tighten,-1,0.000000,nan
subdue,-1,0.000000,nan
subject,5,1.000000,0.993951
subjugation,5,1.000000,0.998138
submit,5,1.000000,0.983278
subreddit,5,1.000000,0.994598
subreddit_wiki,5,1.000000,0.993356
subsequent,5,0.947121,0.997628
subsequent_injection,5,1.000000,0.995287
subside,5,1.000000,0.994693
succeed,-1,0.000000,nan
success_appeal,5,1.000000,0.996090
success_rate,5,1.000000,0.990178
success_story,5,1.000000,0.995459
succession,5,1.000000,0.997322
succinylcholine,5,1.000000,0.999185
such_as_hiatal_hernia,5,1.000000,0.996314
sucralfate,1,1.000000,0.996880
suction,5,1.000000,0.992428
sudafed,1,1.000000,0.998453
sudden,-1,0.000000,nan
sudden_onset,5,1.000000,0.996981
suddenly,-1,0.000000,nan
suddenly_develop,5,1.000000,0.998010
suffer,-1,0.000000,nan
suffer_from_r_cpd,5,0.951946,0.997133
suffer_in_silence,5,1.000000,0.996792
suffocate,-1,0.000000,nan
sugar,1,1.000000,0.998731
sugar_free,1,1.000000,0.999873
sugary,1,1.000000,0.998650
sugary_drink,1,1.000000,0.998419
sugary_food,1,1.000000,0.999909
sugary_stuff,1,1.000000,0.999844
summer,5,0.924094,0.990112
sunday,5,1.000000,0.989931
super_anxious,-1,0.000000,nan
super_bloat,5,1.000000,0.990394
super_common,5,1.000000,0.997862
super_embarrass,5,1.000000,0.993447
super_excite,5,1.000000,0.994811
super_gross,5,1.000000,0.998064
super_hopeful,-1,0.000000,nan
super_loud,5,1.000000,0.992458
super_nauseous,5,1.000000,0.990904
super_quick,5,1.000000,0.990677
super_rare,-1,0.000000,nan
super_satisfy,5,1.000000,0.997574
super_scary,5,1.000000,0.997448
super_sensitive,-1,0.000000,nan
super_skinny,-1,0.000000,nan
super_sore,5,1.000000,0.990098
super_tight,5,0.997397,0.990595
super_tiny,5,1.000000,0.997380
super_tired,-1,0.000000,nan
super_uncomfortable,5,1.000000,0.990897
super_weird,5,0.947772,0.996977
supper,-1,0.000000,nan
supplement,1,0.992232,0.998161
supply,5,1.000000,0.998772
support_community,5,1.000000,0.997416
support_group,5,1.000000,0.995618
suppress,5,0.932671,0.989475
suppress_them,-1,0.000000,nan
supra_gastric,5,1.000000,0.997950
supraglottic,5,1.000000,0.999261
suprasternal_notch,5,1.000000,0.996838
sure,5,1.000000,0.995880
surface,5,1.000000,0.986690
surfactant,1,0.818686,0.998156
surgeon,5,0.981758,0.988981
surgeon_who,5,1.000000,0.989563
surgery,5,0.978021,0.988772
surgery_center,5,1.000000,0.987337
surgery_date,5,1.000000,0.988873
surgery_room,-1,0.000000,nan
surgical,5,0.910657,0.988915
surgical_center,5,1.000000,0.986392
surgical_option,5,1.000000,0.997590
surgical_procedure,5,1.000000,0.990704
surprise,-1,0.000000,nan
surreal,5,1.000000,0.996836
surround_muscle,5,1.000000,0.993154
survey_link,5,1.000000,0.996106
survey_result,5,1.000000,0.995662
sushi,1,0.627296,0.998436
suspect,5,1.000000,0.993270
suspend,5,1.000000,0.994512
suspicion,5,1.000000,0.995512
sustainable,5,1.000000,0.998413
swab,0,1.000000,0.999933
swallow,1,1.000000,0.996603
swallow_and_sniff,0,1.000000,0.999834
swallow_difficulty,-1,0.000000,nan
swallow_disorder,5,1.000000,0.992527
swallow_pill,1,1.000000,0.999265
swallow_saliva,-1,0.000000,nan
swallow_study,4,1.000000,0.999877
swallow_tablet,5,0.967587,0.997398
swallow_test,4,1.000000,0.999867
sweat,-1,0.000000,nan
sweat_shake,-1,0.000000,nan
sweatpants,-1,0.000000,nan
sweatshirt,-1,0.000000,nan
sweet_tea,1,1.000000,0.999146
swell,5,1.000000,0.991658
swig,1,1.000000,0.999435
swig_of_water,1,0.933131,0.998455
swim,-1,0.000000,nan
swim_competitive,5,0.904187,0.997107
sword,-1,0.000000,nan
sydney_voice_and_swallow,5,1.000000,0.990918
sykes,5,1.000000,0.999234
sympathize,5,1.000000,0.996382
sympathy,5,1.000000,0.997355
symptom,-1,0.000000,nan
symptom_e_g,5,1.000000,0.998655
symptom_free,-1,0.000000,nan
symptom_of_r_cpd,5,0.918331,0.993786
symptom_worsen,5,0.957748,0.995700
symptomatic,5,1.000000,0.996343
syndrome,5,1.000000,0.994322
syndrome_diagnosis,5,1.000000,0.996762
syrup,1,1.000000,0.999874
systemic,5,1.000000,0.996566
t_rex,5,1.000000,0.994905
t_t,5,1.000000,0.997035
table,5,1.000000,0.985846
table_manners,5,1.000000,0.997161
tablespoon,1,1.000000,0.999561
tablet,1,0.922819,0.998494
tabletop,5,1.000000,0.993806
taboo,5,1.000000,0.998119
tachycardia,5,1.000000,0.996541
tactic,5,1.000000,0.997762
tad,-1,0.000000,nan
tagamet,1,1.000000,0.996798
take_adderall,-1,0.000000,nan
take_amitriptyline,5,1.000000,0.998680
take_digestive_enzyme,1,1.000000,0.999816
take_dramamine,1,0.881668,0.998220
take_gas_x,1,0.958770,0.998328
take_gaviscon,1,1.000000,0.995741
take_magnesium,1,0.581290,0.996131
take_omeprazole,1,1.000000,0.995232
take_pantoprazole,5,1.000000,0.997983
take_pepcid,1,1.000000,0.995883
take_pill,1,1.000000,0.999556
take_ppis,1,1.000000,0.995060
take_prilosec,1,1.000000,0.995143
take_probiotics,1,1.000000,0.998543
take_serious,5,1.000000,0.991876
take_small_bite,1,1.000000,0.996638
take_small_sip,1,1.000000,0.997355
take_tums,1,1.000000,0.997825
take_tylenol,-1,0.000000,nan
take_xanax,1,1.000000,0.996474
take_zofran,5,0.973971,0.996398
takeout,1,0.948088,0.998588
talkative,-1,0.000000,nan
tangle,-1,0.000000,nan
tannin,1,0.880109,0.998437
tap,5,1.000000,0.987770
tap_water,1,1.000000,0.998993
tar,5,1.000000,0.999299
target,-1,0.000000,nan
taste,5,0.921625,0.991366
taste_like,-1,0.000000,nan
taste_or_smell,5,1.000000,0.996452
taste_smell,5,1.000000,0.996346
tea,1,1.000000,0.998704
teach,5,1.000000,0.989863
teach_myself,5,0.940472,0.988997
teach_myself_how,5,0.918374,0.989279
teach_themselves,-1,0.000000,nan
teach_your_body,-1,0.000000,nan
teach_yourself,5,1.000000,0.989562
teach_yourself_to_squat_instead,5,1.000000,0.985344
teary_eye,5,0.998237,0.997225
tech_neck,5,1.000000,0.995982
technique,5,1.000000,0.988879
technology,5,1.000000,0.996780
ted,5,1.000000,0.994187
teen,5,1.000000,0.995157
teen_and_early,5,1.000000,0.998301
teen_year,5,1.000000,0.996149
teenage_year,5,1.000000,0.996092
teenager,5,1.000000,0.995196
teeny,-1,0.000000,nan
telehealth_consult,5,1.000000,0.997829
telemed,5,0.950829,0.991638
telemedicine_appointment,5,1.000000,0.998531
television,5,1.000000,0.998772
tell,5,1.000000,0.992607
tell_them,5,1.000000,0.991920
temperature,5,1.000000,0.998712
temple,-1,0.000000,nan
temporary,-1,0.000000,nan
temporary_paralyze,5,1.000000,0.994946
temporary_relief,5,0.988783,0.993897
temporary_side_effect,5,0.939500,0.996581
ten_minute,-1,0.000000,nan
tend,-1,0.000000,nan
tend_to_worsen_with_age,5,0.974547,0.996344
tender,-1,0.000000,nan
tense,5,1.000000,0.987499
tense_up,5,1.000000,0.987433
tension,5,1.000000,0.987604
tension_headache,5,1.000000,0.992560
tequila,1,1.000000,0.998195
terrible,5,1.000000,0.991341
terrible_heartburn,1,1.000000,0.996437
terrible_idea,5,0.936525,0.997578
terrify,-1,0.000000,nan
terrify_of_vomit,5,1.000000,0.995745
test,4,0.985469,0.999871
test_for_celiac,5,1.000000,0.995169
test_for_r_cpd,-1,0.000000,nan
test_positive,5,1.000000,0.997069
testify,5,1.000000,0.997694
testimonial,5,1.000000,0.996050
texas,5,1.000000,0.987100
text,5,1.000000,0.993733
textbook_rcpd,5,1.000000,0.998249
texture,1,1.000000,0.997848
thailand,5,1.000000,0.991872
than_average,5,1.000000,0.995010
than_usual,-1,0.000000,nan
thank_you_anyway,5,1.000000,0.997444
thank_you_for_check,5,1.000000,0.997742
thank_you_for_post,5,0.940747,0.995658
thank_you_for_share,5,1.000000,0.995465
thank_you_for_your_reply,5,1.000000,0.995683
thank_you_good_luck,5,0.915101,0.996064
thank_you_r/noburp,5,1.000000,0.997870
thank_you_sm,5,1.000000,0.997578
thank_you_though,5,1.000000,0.997535
thank_you_yeah,5,1.000000,0.997967
thank_you_yes,5,1.000000,0.996380
thankful,5,1.000000,0.995256
thanks_for_reply,5,1.000000,0.995902
thanks_for_respond,5,1.000000,0.997112
thanks_for_share,5,1.000000,0.995392
thanks_for_your_input,5,1.000000,0.996954
thanks_for_your_reply,5,1.000000,0.995684
thanks_in_advance,5,1.000000,0.995309
that_make_sense,5,0.982182,0.988592
that_predispose,5,1.000000,0.995732
thc,1,0.643498,0.998515
thc_receptor,5,0.944065,0.997957
the_botox_wear,3,1.000000,0.999962
the_medical_jadedness,-1,0.000000,nan
the_same_boat,5,1.000000,0.995187
the_tik_tok,5,1.000000,0.997012
the_vocal_chord,5,1.000000,0.993474
the_vocal_cord,5,1.000000,0.992489
theatre,-1,0.000000,nan
their_20s,-1,0.000000,nan
their_name,5,1.000000,0.993031
then_suddenly,5,0.906890,0.996807
theoretic,5,1.000000,0.992304
theorize,5,1.000000,0.995040
theory,-1,0.000000,nan
therapy,-1,0.000000,nan
thereabouts,5,0.974660,0.997411
thereby,-1,0.000000,nan
therefore,5,1.000000,0.990916
these_attack,-1,0.000000,nan
these_episode,5,0.986794,0.996676
these_symptom,-1,0.000000,nan
these_test,4,0.608709,0.999768
these_weird,5,1.000000,0.991791
they_are,5,1.000000,0.993746
they_spray,0,1.000000,0.999951
thiamine,5,1.000000,0.998357
thick,1,1.000000,0.997781
thick_food,1,1.000000,0.999549
thick_mucus,5,1.000000,0.990386
thick_saliva,5,0.968800,0.993837
thigh,5,1.000000,0.994566
thin,1,0.832173,0.999062
think,-1,0.000000,nan
third,5,1.000000,0.988642
third_attempt,5,1.000000,0.991625
third_dose,5,1.000000,0.990825
third_injection,5,1.000000,0.988757
third_round,5,1.000000,0.989934
third_shot,5,1.000000,0.991163
third_time,5,1.000000,0.989163
thirsty,1,1.000000,0.998584
thirties,5,0.983833,0.995469
this_community,5,1.000000,0.995572
this_condition,-1,0.000000,nan
this_disorder,5,0.941436,0.994461
this_group,5,0.918934,0.995149
this_page,5,0.978324,0.994910
this_sub,5,0.985719,0.994938
this_subreddit,5,0.934178,0.995019
this_thread,5,0.929013,0.995133
thoracic,5,1.000000,0.995895
thorough_chew,5,1.000000,0.997903
those_with_r_cpd,5,1.000000,0.996890
though,-1,0.000000,nan
thoughtful_response,5,1.000000,0.996628
three,2,1.000000,0.999996
three_hour,-1,0.000000,nan
three_month,3,1.000000,0.999965
three_month_mark,5,1.000000,0.996450
thrill,5,1.000000,0.995180
throat_gargle,5,1.000000,0.997901
throat_massage,5,1.000000,0.990507
throat_nausea,5,1.000000,0.991161
throat_tightness,5,1.000000,0.993656
throatox,5,1.000000,0.990086
throb,-1,0.000000,nan
through_kaiser_permanente,5,1.000000,0.995576
throughout,2,1.000000,0.999986
throw_off,-1,0.000000,nan
throw_up,-1,0.000000,nan
throw_up_air,-1,0.000000,nan
throw_up_because,-1,0.000000,nan
throw_up_but,-1,0.000000,nan
throw_up_either,5,0.994796,0.997383
throw_up_instead,5,0.901617,0.996706
throw_up_once,5,1.000000,0.995247
throw_up_since,5,1.000000,0.995077
throw_up_so,-1,0.000000,nan
throw_up_unless,-1,0.000000,nan
throw_up_when,-1,0.000000,nan
throw_up_which,-1,0.000000,nan
throw_up_without,5,0.983342,0.997409
throwaway_account,5,1.000000,0.996109
thud,5,1.000000,0.991232
thumb,5,1.000000,0.989441
thump,-1,0.000000,nan
thursday,5,1.000000,0.989412
thus,5,1.000000,0.990640
thyroid,-1,0.000000,nan
thyroid_issue,5,1.000000,0.996922
ti,5,1.000000,0.999268
tic,-1,0.000000,nan
tickle,5,1.000000,0.991211
tif,-1,0.000000,nan
tif_procedure,5,1.000000,0.998476
tight,5,1.000000,0.988193
tight_chest,5,1.000000,0.994495
tight_pants,5,0.942618,0.995511
tight_ues,5,0.976725,0.994456
tighten,5,1.000000,0.988094
tighten_up,5,1.000000,0.988650
tighten_your_ab,5,1.000000,0.991271
tightness,5,0.979096,0.989690
tik_tok,5,1.000000,0.995626
tiktok,5,0.905948,0.995283
till_so_far,5,0.899418,0.996152
tilt_my,5,1.000000,0.985254
tilt_your,5,1.000000,0.990626
tingle,-1,0.000000,nan
tinnitus,5,0.940057,0.996400
tiny,5,1.000000,0.992217
tiny_bit,-1,0.000000,nan
tiny_bite,1,1.000000,0.997410
tiny_burp,5,0.963976,0.992176
tiny_little,5,1.000000,0.992448
tiny_microburp,-1,0.000000,nan
tiny_sip,1,1.000000,0.997681
tiny_tiny,5,0.970061,0.993647
tip_of_your_tongue,5,1.000000,0.995437
tire,-1,0.000000,nan
tired,-1,0.000000,nan
tissue,5,1.000000,0.991696
tissue_disorder,5,1.000000,0.996906
tissue_resistance,5,1.000000,0.995684
title,5,1.000000,0.993648
tk,5,1.000000,0.998640
toad,5,1.000000,0.993724
toast,1,1.000000,0.998025
tobacco,1,1.000000,0.999398
toddler,5,1.000000,0.995286
toe,5,1.000000,0.989752
tofu,1,1.000000,0.999670
toilet,-1,0.000000,nan
toilet_bowl,-1,0.000000,nan
toilet_paper,1,0.884650,0.997928
tolerance,-1,0.000000,nan
tolerant,5,1.000000,0.998685
tomato,1,1.000000,0.998866
tomato_base,1,1.000000,0.999790
tomato_sauce,1,1.000000,0.999598
tomorrow,5,1.000000,0.989467
tomorrow_morning,5,1.000000,0.990334
ton_of_microburp,-1,0.000000,nan
tone,5,1.000000,0.996380
tongue,5,1.000000,0.987521
tongue_against,5,1.000000,0.989409
tongue_placement,5,1.000000,0.992970
tongue_position,5,1.000000,0.993415
tongue_posture,5,1.000000,0.991149
tonsil,-1,0.000000,nan
tonsil_stone,5,1.000000,0.998168
too_bad,-1,0.000000,nan
too_early,5,1.000000,0.989620
too_loose,5,1.000000,0.992541
too_scared,-1,0.000000,nan
too_tight,5,1.000000,0.989509
toot,5,0.931039,0.995927
tooth,5,0.890145,0.988351
toothbrush,5,1.000000,0.987866
toothbrush_down,-1,0.000000,nan
toothpaste,5,1.000000,0.993173
topic,5,1.000000,0.994532
topical,5,1.000000,0.999341
torso,5,1.000000,0.989812
tortuous,5,1.000000,0.998356
torture,-1,0.000000,nan
total,5,1.000000,0.981511
total_anesthesia,5,1.000000,0.989935
total_cost,5,1.000000,0.982616
total_doable,5,0.997745,0.998008
total_fine,-1,0.000000,nan
total_manage,-1,0.000000,nan
total_sense,-1,0.000000,nan
total_unrelated,5,1.000000,0.998447
total_worth,-1,0.000000,nan
tough,-1,0.000000,nan
tour,-1,0.000000,nan
toxin,5,1.000000,0.993892
trachea,5,0.965116,0.989811
tract,5,1.000000,0.989982
tragic,5,1.000000,0.999283
train,5,1.000000,0.989066
train_myself,5,0.901471,0.989224
train_themselves,5,0.898071,0.990256
train_wheel,-1,0.000000,nan
train_your_body,5,1.000000,0.990134
train_yourself,5,0.995605,0.989612
trainer,5,1.000000,0.995627
trait,5,1.000000,0.995699
trance,1,0.639935,0.995150
trans,5,1.000000,0.997818
transit,5,1.000000,0.998425
transition,-1,0.000000,nan
translate,5,1.000000,0.995985
transverse_colon,5,0.964176,0.998771
trap,5,1.000000,0.986544
trap_air,5,1.000000,0.987993
trap_air_bubble,5,1.000000,0.991051
trap_gas,5,0.904033,0.988099
trap_inside,5,1.000000,0.989280
trap_wind,5,1.000000,0.991536
trash_can,-1,0.000000,nan
trauma,5,0.973978,0.994813
traumatic,5,1.000000,0.995011
traumatic_experience,5,1.000000,0.995463
traumatize,5,1.000000,0.995095
travel_to_chicago,5,1.000000,0.986544
travel_up,5,1.000000,0.986779
tray,1,0.947300,0.998534
treat,5,1.000000,0.991035
treat_asap,5,1.000000,0.998223
treat_dysphagia,-1,0.000000,nan
treat_r_cpd,5,1.000000,0.989936
treat_rcpd,5,1.000000,0.989768
treat_swallow_disorder,5,1.000000,0.996055
treatment,-1,0.000000,nan
treatment_for_r_cpd,5,1.000000,0.990702
treatment_option,5,1.000000,0.993249
treatment_with_lucy_hicklin,5,1.000000,0.991419
trial,5,1.000000,0.994119
triangle,5,1.000000,0.997281
tricare,5,1.000000,0.982752
trick,-1,0.000000,nan
tricyclic_antidepressant,1,1.000000,0.996251
trigger_by,5,0.982053,0.994653
trigger_food,1,1.000000,0.998862
trip,5,0.966837,0.987887
trip_to_chicago,5,1.000000,0.985671
tritter,5,1.000000,0.992637
trouble,-1,0.000000,nan
trouble_breathe,5,0.938147,0.993351
trouble_sleep,-1,0.000000,nan
trouble_swallow,-1,0.000000,nan
trouble_swallow_pill,-1,0.000000,nan
trt,5,1.000000,0.997656
true,5,0.938072,0.996412
truly,-1,0.000000,nan
truly_life_change,5,0.900034,0.994316
trunk,5,1.000000,0.995386
trustworthy,5,1.000000,0.995558
try,5,0.891563,0.988109
try_to_convince,5,1.000000,0.991818
try_to_escape,5,1.000000,0.986590
try_to_force,-1,0.000000,nan
try_to_teach,5,1.000000,0.994648
ttuhsc,5,1.000000,0.997725
tu_faire,5,1.000000,0.999314
tuba,5,1.000000,0.995925
tube,0,1.000000,0.999899
tube_down,0,0.988731,0.999835
tube_insert,0,1.000000,0.999870
tuck,5,1.000000,0.985635
tuck_your_chin,5,1.000000,0.992355
tuesday,5,1.000000,0.989432
tuesday_morning,5,1.000000,0.990359
tummy,5,1.000000,0.988412
tummy_hurt,5,0.950963,0.996607
tumor,5,0.891334,0.995496
tums,1,1.000000,0.996820
tuna,1,1.000000,0.999742
turbinate,-1,0.000000,nan
turmeric,1,1.000000,0.998838
turn_into,5,1.000000,0.992073
turn_out,5,1.000000,0.993055
tutorial,5,1.000000,0.990306
tv,5,1.000000,0.996121
tw,5,1.000000,0.996547
tw_emetophobia,5,1.000000,0.998145
tweed,5,1.000000,0.998908
twenties,5,1.000000,0.995237
twentieth_may,5,1.000000,0.995781
twin_sister,5,1.000000,0.996499
twinge,5,0.895496,0.992606
twist,5,1.000000,0.984810
twist_tea,1,0.970528,0.998744
two_dose,5,1.000000,0.992658
two_finger,5,1.000000,0.993736
two_or_three,2,1.000000,0.999997
two_round,5,1.000000,0.988675
two_together,-1,0.000000,nan
tylenol,1,0.821164,0.998936
tylenol_and_ibuprofen,-1,0.000000,nan
u/karybrie,5,1.000000,0.997296
u_guy,5,1.000000,0.996312
u_s,5,1.000000,0.986339
uab,5,0.993963,0.992567
uber,-1,0.000000,nan
ucsd,5,1.000000,0.994814
ues,5,1.000000,0.989207
ues_and_les,5,1.000000,0.994399
ues_muscle,5,1.000000,0.990705
ues_open,5,1.000000,0.988191
ugh,-1,0.000000,nan
ugly,5,1.000000,0.996173
uhc,5,1.000000,0.982159
uhhh,5,1.000000,0.997488
uk,5,1.000000,0.986027
ulcer,5,1.000000,0.993051
ulcerative_colitis,5,1.000000,0.996170
ultimate_lead,5,0.914931,0.995565
ultrasound,4,1.000000,0.999925
umbilical,5,1.000000,0.996466
umm,5,1.000000,0.997753
un_grupo,5,1.000000,0.999188
unable_to_burp,5,1.000000,0.995846
unable_to_vomit,5,1.000000,0.995845
unaware,5,1.000000,0.993156
unbearable,5,1.000000,0.991537
unbelievable,-1,0.000000,nan
unblock,5,1.000000,0.997783
unbutton,-1,0.000000,nan
uncomfortable,5,1.000000,0.991408
uncommon,5,1.000000,0.996035
unconscious,5,1.000000,0.988173
uncontrollable,5,1.000000,0.991997
uncontrollable_burp,-1,0.000000,nan
uncontrollable_microburp,-1,0.000000,nan
uncontrolled,-1,0.000000,nan
uncontrolled_belch,-1,0.000000,nan
uncontrolled_burp,-1,0.000000,nan
uncover,5,1.000000,0.998490
under_18,5,1.000000,0.995531
under_anaesthesia,5,1.000000,0.991559
under_anesthesia,5,1.000000,0.988109
under_control,1,1.000000,0.995137
under_ga,5,1.000000,0.988329
under_general,5,1.000000,0.988348
under_general_anaesthesia,5,1.000000,0.990276
under_general_anesthesia,5,1.000000,0.988349
under_general_anesthetic,5,1.000000,0.988792
under_local,5,1.000000,0.989739
under_sedation,5,1.000000,0.996899
under_twilight,5,1.000000,0.990473
under_your_chin,5,1.000000,0.991150
underdeveloped,5,1.000000,0.994995
underdiagnose,5,1.000000,0.997207
undergo,5,0.982830,0.992824
underlying,5,1.000000,0.994573
underlying_issue,5,1.000000,0.996124
underneath,5,1.000000,0.994571
understand_r_cpd,5,1.000000,0.996497
underweight,-1,0.000000,nan
underwhelm,5,0.921698,0.997791
undetectable,5,1.000000,0.992868
undiagnosed,5,1.000000,0.995469
undigested_food,5,0.927439,0.991667
uneventful,5,0.969395,0.997712
unexpected,5,1.000000,0.992233
unexplained,5,1.000000,0.996093
unfair,5,1.000000,0.997168
unfit,5,0.956044,0.997524
ungodly,5,1.000000,0.994607
unhappy,5,1.000000,0.999372
unheard,5,1.000000,0.997925
uni,5,1.000000,0.997773
uninsured,5,1.000000,0.985930
unintentional,-1,0.000000,nan
unisom,1,1.000000,0.997170
unit,5,1.000000,0.989118
unit_concentrate_dose,5,1.000000,0.997474
unit_of_botox,5,1.000000,0.989907
united_healthcare,5,1.000000,0.981191
united_state_and_speak_fluent,5,1.000000,0.997875
university,5,1.000000,0.985264
university_of_south,5,1.000000,0.996209
unknowing,5,1.000000,0.998366
unknown,5,1.000000,0.994716
unknown_reason,5,1.000000,0.998507
unlikely,5,1.000000,0.996363
unlimited,5,0.946768,0.998586
unlucky,-1,0.000000,nan
unmanageable,5,0.985427,0.998642
unmask,5,1.000000,0.995408
unmistakable,5,1.000000,0.997768
unnecessary_test,5,1.000000,0.991875
unnerving,-1,0.000000,nan
unpleasant,-1,0.000000,nan
unpleasant_side_effect,5,1.000000,0.998888
unpredictable,-1,0.000000,nan
unproductive,5,0.953814,0.997851
unregulated,5,1.000000,0.999131
unrelated,5,1.000000,0.993862
unrelenting,5,1.000000,0.997195
unsafe,5,1.000000,0.997604
until_recent,5,1.000000,0.995315
untreated,5,1.000000,0.994709
untreated_r_cpd,5,1.000000,0.994425
unwell,-1,0.000000,nan
unwilling,5,0.942954,0.997467
unzip,-1,0.000000,nan
upcoming_procedure,5,1.000000,0.996120
update,5,0.943619,0.995311
upper,5,1.000000,0.989743
upper_ab,5,0.935891,0.994171
upper_abdomen,5,1.000000,0.989247
upper_abdominal,5,0.912779,0.993508
upper_back,5,1.000000,0.990183
upper_body,5,1.000000,0.987558
upper_chest,5,1.000000,0.989207
upper_endoscopy,4,0.975162,0.999874
upper_esophageal,5,1.000000,0.992551
upper_esophageal_sphincter,5,1.000000,0.989876
upper_esophageal_sphincter_ues,5,1.000000,0.991428
upper_esophagus,5,1.000000,0.990184
upper_gi,5,1.000000,0.989485
upper_gi_endoscopy,-1,0.000000,nan
upper_part,5,1.000000,0.993431
upper_range,-1,0.000000,nan
upper_respiratory,5,0.990973,0.997374
upper_sphincter,5,1.000000,0.990007
upper_stomach,5,1.000000,0.988999
upright,5,1.000000,0.985238
upset,5,0.907237,0.992835
upset_stomach,5,1.000000,0.992657
upside_down,5,1.000000,0.985435
upstream,5,1.000000,0.998460
uptick,5,1.000000,0.996956
upward,5,1.000000,0.986880
upward_pressure,5,0.964336,0.996597
upwards,5,0.953327,0.986591
urge_to_vomit,5,0.969835,0.996941
urgent_care,4,1.000000,0.999918
urgh,5,1.000000,0.996772
urinary,5,1.000000,0.997076
urinate,5,0.894287,0.995673
urine_test,4,0.665459,0.999756
urologist,5,1.000000,0.997856
us_non_burper,5,1.000000,0.998779
usa,5,1.000000,0.987098
usage,5,1.000000,0.999316
usc,5,1.000000,0.990782
usd,5,1.000000,0.983767
use_75,5,1.000000,0.989335
useful,5,1.000000,0.994966
useless,5,1.000000,0.991573
useless_test,4,0.636150,0.999497
usf,5,1.000000,0.990540
usual,-1,0.000000,nan
usual_r_cpd,5,1.000000,0.994796
usually,-1,0.000000,nan
usually_accompany,-1,0.000000,nan
uterus,5,1.000000,0.997153
uvula,5,1.000000,0.988340
vaccination,5,1.000000,0.991063
vacuum,5,1.000000,0.991493
vagal_nerve,5,1.000000,0.996313
vague,5,1.000000,0.997422
vague_nauseous,5,1.000000,0.997941
vagus_nerve,5,0.997430,0.993471
vagus_nerve_be,5,1.000000,0.997873
vain,5,1.000000,0.998394
validate,5,0.924599,0.996610
validation,5,0.965746,0.995322
value,5,1.000000,0.993667
valve,5,1.000000,0.989532
van,-1,0.000000,nan
vanish,5,1.000000,0.995147
vape_and_smoke,5,1.000000,0.998200
variation,5,1.000000,0.990983
vary_depend,5,1.000000,0.989073
vary_from_person_to_person,5,0.910373,0.998117
vary_level,-1,0.000000,nan
vast_majority_of_people,5,1.000000,0.998557
vcd,5,1.000000,0.997727
veg,1,1.000000,0.999828
vegan,1,1.000000,0.999301
vegetable,1,1.000000,0.998719
vegetarian,1,1.000000,0.999246
vein,-1,0.000000,nan
velociraptor,5,1.000000,0.994003
ventetiden,5,1.000000,0.999101
venture,5,1.000000,0.998191
verbal,5,1.000000,0.999045
verge,-1,0.000000,nan
verify,5,1.000000,0.991637
verse,5,1.000000,0.998446
vertebrae,5,1.000000,0.996350
vertical,5,1.000000,0.986067
vertical_shaker_exercise,5,1.000000,0.992339
vertigo,5,1.000000,0.994306
very_common,5,1.000000,0.995529
very_curious,5,1.000000,0.995744
very_doable,5,0.955984,0.997651
very_excite,5,0.949911,0.991809
very_friendly,5,1.000000,0.989604
very_happy,5,1.000000,0.994981
very_infrequently,5,1.000000,0.997224
very_interest,5,1.000000,0.995500
very_loud,5,1.000000,0.992310
very_lucky,5,1.000000,0.986358
very_mild,-1,0.000000,nan
very_minor,-1,0.000000,nan
very_nervous,5,0.960804,0.993244
very_rare,-1,0.000000,nan
very_rarely,-1,0.000000,nan
very_relatable,5,1.000000,0.996596
very_satisfy,5,1.000000,0.997144
very_sensitive,-1,0.000000,nan
very_skeptical,5,1.000000,0.997393
very_skinny,-1,0.000000,nan
very_slow,1,1.000000,0.997157
very_small,5,1.000000,0.992282
very_small_hiatal,5,1.000000,0.993372
very_straightforward,5,1.000000,0.995001
very_subtle,-1,0.000000,nan
very_thin,5,0.912442,0.998082
very_tight,5,1.000000,0.990577
very_uncomfortable,5,1.000000,0.991203
very_weak,-1,0.000000,nan
vess,-1,0.000000,nan
via_endoscopy,-1,0.000000,nan
vial,5,1.000000,0.986286
vibrate,-1,0.000000,nan
vibrato,5,1.000000,0.998662
vice_versa,5,1.000000,0.997746
vicious_cycle,5,0.937087,0.996313
victoria,5,1.000000,0.988790
videoendoscopy,5,0.981454,0.990516
violence,-1,0.000000,nan
violent,-1,0.000000,nan
violent_cough,-1,0.000000,nan
violent_hiccup,-1,0.000000,nan
violent_vomit,5,1.000000,0.995691
virtual_appointment,5,1.000000,0.989060
virus,-1,0.000000,nan
visceral,5,1.000000,0.999095
visibility,5,1.000000,0.996550
vision,-1,0.000000,nan
visit,5,1.000000,0.989410
visual,-1,0.000000,nan
visualization,5,0.961586,0.997646
visualize,5,1.000000,0.993040
vital,-1,0.000000,nan
vitality,5,1.000000,0.981854
vitamin,1,1.000000,0.998857
vitamin_c,1,1.000000,0.997669
vlog,5,1.000000,0.995451
vocal_chord,5,0.992352,0.993055
vocal_coach,5,1.000000,0.993693
vocal_coach_youtube,5,1.000000,0.990867
vocal_control,-1,0.000000,nan
vocal_cord,5,0.982351,0.992662
vocal_cord_dysfunction,5,1.000000,0.996472
vocal_exercise,5,1.000000,0.998735
vocal_fry,5,1.000000,0.997947
vocal_range,5,1.000000,0.999568
vodka,1,1.000000,0.997977
vodka_and_cranberry,1,1.000000,0.999654
vodka_cran,1,1.000000,0.999157
vodka_cranberry,1,1.000000,0.998578
vodka_orange,1,1.000000,0.999716
vodka_water,1,1.000000,0.999550
voice,-1,0.000000,nan
voice_box,-1,0.000000,nan
voice_center,5,1.000000,0.990579
voice_change,-1,0.000000,nan
voice_disorder,-1,0.000000,nan
volume,5,1.000000,0.991814
vom,-1,0.000000,nan
vomit,-1,0.000000,nan
vomit_episode,5,0.996422,0.996963
vomit_phobia,5,1.000000,0.996845
voor_de,5,1.000000,0.999194
vote,5,1.000000,0.994636
vyvanse,1,1.000000,0.996847
w_bastian,5,1.000000,0.996189
w_doctor_bastian,5,1.000000,0.996381
wa,5,1.000000,0.989098
waft,5,1.000000,0.996226
wager,5,1.000000,0.997987
waist,5,1.000000,0.986375
waistband,-1,0.000000,nan
wait_room,-1,0.000000,nan
wake_up,-1,0.000000,nan
wake_up_around,-1,0.000000,nan
wake_up_choke,-1,0.000000,nan
wake_up_cough,5,1.000000,0.992107
wake_up_feel,-1,0.000000,nan
wake_up_in_recovery,-1,0.000000,nan
wake_up_nauseous,-1,0.000000,nan
wake_up_one,2,1.000000,0.999993
wake_up_today,5,1.000000,0.990314
walk,5,1.000000,0.986079
walk_around,5,1.000000,0.985433
wall,5,1.000000,0.987049
walmart,1,1.000000,0.998733
walter_reed,5,1.000000,0.994446
want_to_share,5,1.000000,0.995393
ware_off,5,1.000000,0.995154
warm_blanket,-1,0.000000,nan
warm_liquid,1,0.860622,0.998494
warm_water,1,0.913803,0.999409
warn,5,0.971004,0.992587
warning_sign,-1,0.000000,nan
wary,-1,0.000000,nan
wash,1,1.000000,0.997905
wash_down,1,1.000000,0.997604
wash_every_bite,1,0.935542,0.998510
washington,5,1.000000,0.989410
washington_dc,5,1.000000,0.992399
waste_of_money,5,1.000000,0.998420
waste_of_time,5,1.000000,0.991663
waste_of_time_and_money,5,0.957885,0.992367
water,1,1.000000,0.996953
water_nearby,1,1.000000,0.997175
water_on_hand,1,1.000000,0.997222
water_to_chase,1,1.000000,0.998054
water_to_wash,1,1.000000,0.998170
weak,5,1.000000,0.989118
weak_drug,1,1.000000,0.997391
weak_muscle,5,0.923427,0.995015
weak_voice,-1,0.000000,nan
weaken,5,1.000000,0.990572
weakness,-1,0.000000,nan
wear_clothes,5,1.000000,0.997909
wear_loose,1,0.666700,0.996038
wear_maternity,5,1.000000,0.996403
wear_off,3,1.000000,0.999950
wear_off_after,-1,0.000000,nan
wear_off_around,3,0.724586,0.999555
wear_off_by,-1,0.000000,nan
wear_off_eventual,5,1.000000,0.997058
wear_off_slow,5,1.000000,0.995826
wear_off_within,-1,0.000000,nan
weather,-1,0.000000,nan
web,5,1.000000,0.995647
web_site,5,1.000000,0.994867
webinar,5,1.000000,0.993190
website,5,1.000000,0.993294
wedding,-1,0.000000,nan
wedge,5,1.000000,0.984965
wedge_pillow,5,1.000000,0.984957
wednesday,5,1.000000,0.989463
wednesday_morning,5,1.000000,0.991361
weed,1,0.705471,0.998782
weight,-1,0.000000,nan
weight_gain,1,0.873880,0.998979
weight_loss,1,1.000000,0.999429
weight_loss_surgery,5,1.000000,0.998206
weightless,5,1.000000,0.997920
weird,-1,0.000000,nan
weird_af,5,1.000000,0.996327
weird_frog,5,1.000000,0.992598
weird_gurgle_noise,5,1.000000,0.993022
weird_noise,5,1.000000,0.991722
weird_position,5,1.000000,0.986209
weird_quirk,5,1.000000,0.997533
weird_sensation,5,1.000000,0.991432
welcome,5,1.000000,0.995998
welcome_fellow,5,1.000000,0.997788
welcome_home,5,1.000000,0.997447
wellbeing,5,1.000000,0.995596
wendy,1,0.808548,0.997903
western,5,1.000000,0.987840
wet,-1,0.000000,nan
whack,5,1.000000,0.998831
what_r_cpd,5,1.000000,0.989861
wheat,1,1.000000,0.999354
wheel,-1,0.000000,nan
wheel_into,-1,0.000000,nan
wheeze,5,1.000000,0.993351
whereby,5,1.000000,0.999557
whey,1,1.000000,0.999290
while_awake,5,1.000000,0.989244
while_radiograph,-1,0.000000,nan
while_simultaneous,5,1.000000,0.995255
while_stand,5,1.000000,0.988116
while_yawn,-1,0.000000,nan
whiskey,1,1.000000,0.998212
whisky,1,1.000000,0.998713
whisper,-1,0.000000,nan
white_bread,5,0.998468,0.996562
who_specialize,5,1.000000,0.990530
who_treat,5,1.000000,0.990467
who_treat_r_cpd,5,1.000000,0.990469
whoever,5,1.000000,0.993510
whole_community,5,1.000000,0.996145
whole_family,5,0.967492,0.996490
whole_gi_track,5,1.000000,0.994473
whole_host,5,1.000000,0.997352
whole_life,5,1.000000,0.995724
whole_live,5,1.000000,0.997351
whole_milk,1,1.000000,0.999843
whole_new,-1,0.000000,nan
whole_team,5,1.000000,0.995759
whole_world,5,1.000000,0.997255
wholesome,5,1.000000,0.996538
whomp,5,1.000000,0.997694
whoop,5,1.000000,0.996229
whoosh,5,1.000000,0.995851
wide_awake,5,0.926536,0.993947
wide_open,5,1.000000,0.988578
widen,-1,0.000000,nan
wiggle,5,1.000000,0.987263
wiki_page,5,1.000000,0.993315
wikipedia,5,0.953351,0.997420
willing,5,1.000000,0.989422
willing_to_listen,5,1.000000,0.992701
willing_to_treat,5,1.000000,0.990449
willingness,5,1.000000,0.996414
wimbledon,5,1.000000,0.988461
wind,5,0.991254,0.988097
wind_eze,1,1.000000,0.997834
windpipe,5,1.000000,0.990410
wine,1,1.000000,0.997460
wire,0,1.000000,0.999924
withdraw,5,1.000000,0.997676
without_anesthetic,5,1.000000,0.990426
without_ga,5,1.000000,0.990506
without_r_cpd,-1,0.000000,nan
witness,-1,0.000000,nan
wonder,5,1.000000,0.996030
wonder_how_many,5,1.000000,0.996626
wonder_if_anyone,5,0.993142,0.995397
wonderful,5,1.000000,0.995062
woohoo,-1,0.000000,nan
woozy,-1,0.000000,nan
word_of_advice,5,1.000000,0.996215
work_in_retrograde,5,1.000000,0.990108
work_in_tandem,5,1.000000,0.996047
workday,-1,0.000000,nan
workout,5,0.944244,0.990528
workup,4,0.755452,0.999875
world_of_difference,-1,0.000000,nan
worm,-1,0.000000,nan
worry,-1,0.000000,nan
worry_about,-1,0.000000,nan
worse_than,5,1.000000,0.993262
worse_with_age,-1,0.000000,nan
worsen,5,0.936349,0.994595
worsen_with_age,-1,0.000000,nan
worst,5,1.000000,0.991679
worst_fear,5,1.000000,0.998734
worst_part,-1,0.000000,nan
worth_investigate,5,1.000000,0.997695
would_hesitate,5,1.000000,0.994106
would_love,5,0.991765,0.995226
wow,5,1.000000,0.996022
wretch,-1,0.000000,nan
wretched,5,0.947785,0.998307
wretching,-1,0.000000,nan
writhe_in_pain,5,1.000000,0.996293
wrong_pipe,1,0.896959,0.998656
wrong_place,5,1.000000,0.997998
wrong_sub,5,1.000000,0.997720
x2,5,1.000000,0.996653
x_ray,4,1.000000,0.999918
xd,5,1.000000,0.994616
xiphoid_process,5,0.902322,0.996670
xray,4,1.000000,0.999929
xxxx,5,1.000000,0.997515
xylitol,1,0.897268,0.999141
yack,-1,0.000000,nan
yale,5,1.000000,0.992583
yale_medicine,5,1.000000,0.995331
yale_medicine_condition_summary,5,1.000000,0.993341
yawn,5,0.903711,0.990995
yay,5,1.000000,0.994986
yay_congratulation,5,1.000000,0.996722
yell,5,1.000000,0.994180
yellow,5,0.920258,0.992806
yesterday_morning,5,1.000000,0.990072
yikes,5,1.000000,0.996693
yoga,5,1.000000,0.991810
yoga_class,5,0.936142,0.987070
yoga_pose,5,1.000000,0.991695
yoga_position,5,0.972691,0.994831
yoga_routine,-1,0.000000,nan
yoga_stretch,5,0.919153,0.994139
yoghurt,1,1.000000,0.997777
yogurt,1,1.000000,0.997746
young_age,5,1.000000,0.995839
young_brother,5,1.000000,0.997419
young_child,5,1.000000,0.995535
young_kid,5,1.000000,0.997252
your_adams_apple,5,1.000000,0.990235
your_arm,5,1.000000,0.988387
your_body,5,0.955880,0.988291
your_brain,5,0.986589,0.988939
your_chin,5,1.000000,0.986525
your_core,5,1.000000,0.988059
your_daughter,5,1.000000,0.995619
your_diaphragm,5,1.000000,0.987521
your_digestive_tract,5,1.000000,0.990423
your_esophagus,5,1.000000,0.989244
your_finger,5,1.000000,0.988309
your_frustration,5,1.000000,0.996892
your_gag_reflex,5,1.000000,0.988490
your_good_bet,5,1.000000,0.989954
your_gp,5,1.000000,0.989310
your_gut,5,1.000000,0.989543
your_head,5,1.000000,0.985055
your_insurance_company,5,1.000000,0.982446
your_knee,5,1.000000,0.988154
your_larynx,5,1.000000,0.989487
your_lung,5,1.000000,0.987428
your_mouth,5,1.000000,0.988139
your_neck,5,1.000000,0.986936
your_nose,0,1.000000,0.999929
your_nostril,0,1.000000,0.999846
your_own,5,1.000000,0.994493
your_pcp,5,1.000000,0.990521
your_r_cpd,5,1.000000,0.994025
your_shoulder,5,1.000000,0.986881
your_shoulder_blade,5,1.000000,0.991154
your_son,5,1.000000,0.995588
your_thumb,5,1.000000,0.990514
your_toe,5,1.000000,0.988646
your_tongue,5,1.000000,0.987823
your_torso,5,1.000000,0.987294
your_vocal_chord,5,1.000000,0.997556
your_vocal_cord,-1,0.000000,nan
your_wife,5,1.000000,0.996722
youtube,5,1.000000,0.990113
youtube_channel,5,1.000000,0.995341
youtube_search,5,1.000000,0.996552
yucky,-1,0.000000,nan
yup,5,1.000000,0.994306
zantac,1,1.000000,0.997259
zebra,5,1.000000,0.997196
zest,5,1.000000,0.999111
zofran,1,1.000000,0.996767
zoom_call,5,1.000000,0.988844
zurich,5,1.000000,0.997497
zyrtec,1,1.000000,0.997163
