term,x,y,is_seed,count,cluster_label
philadelphia_pa,8.658096313476562,6.4085283279418945,1,8,
sing,1.724002480506897,8.192761421203613,1,665,
ues,1.987183690071106,10.860021591186523,1,1247,
beginning_of_august,7.7430572509765625,5.529825687408447,1,8,
kentucky,8.937743186950684,6.102996826171875,1,18,
19_20,5.6216301918029785,7.777406215667725,1,12,
food_diary,-0.7864012718200684,3.8122215270996094,1,22,
flexible,1.0265636444091797,8.38595199584961,1,60,
water_nearby,-2.1624820232391357,6.245334625244141,1,51,
vomit,3.179492473602295,6.646649360656738,1,6526,
hypersensitivity,4.263924598693848,9.765918731689453,1,18,
hyperventilation,3.2714483737945557,9.955992698669434,1,7,
number_of_people,8.774593353271484,8.153220176696777,1,50,
doctor_bastion,9.190207481384277,7.347227573394775,1,190,
15_pound,5.339568614959717,3.983773708343506,1,15,
old,4.326724052429199,7.886458873748779,1,1323,
difficulty_swallow_pill,4.248780250549316,8.488532066345215,1,19,
crooked,1.8327323198318481,9.749937057495117,1,11,
infancy,4.6975998878479,7.792016983032227,1,39,
fatigue_brain,6.784060955047607,5.8544464111328125,1,6,
theorize,5.625449180603027,9.598343849182129,1,66,
drink_sparkle,-1.3047915697097778,6.4959001541137695,1,85,
emets,6.148017406463623,8.176251411437988,1,7,
equate,5.6060919761657715,7.111393928527832,1,18,
vitamin_c,-0.5990500450134277,4.465003490447998,1,6,
singular,3.97902250289917,5.9370927810668945,1,17,
beer_cider,-0.8897069692611694,5.488741397857666,1,7,
zofran,-0.48604729771614075,3.6588497161865234,1,167,
prescription_antacid,-0.46096158027648926,4.054366588592529,1,8,
no_avail,-0.8682537078857422,3.8953537940979004,1,99,
inconvenience,5.084830284118652,4.879857540130615,1,68,
teary_eye,5.958901882171631,6.729758262634277,1,8,
surreal,5.725516319274902,6.0772247314453125,1,38,
bah,7.6742143630981445,6.054415702819824,1,10,
pelvic,2.4631526470184326,9.58846664428711,1,31,
gastritis,4.778470993041992,9.9995698928833,1,232,
solid_food,-2.1213579177856445,6.346962928771973,1,130,
thiamine,5.820126056671143,8.55121898651123,1,16,
comedy,5.011433124542236,6.891188621520996,1,10,
clothes,0.21243038773536682,7.690340518951416,1,131,
chest_tightness,3.06123423576355,8.399585723876953,1,54,
play_sport,4.958129405975342,7.125758647918701,1,22,
awful,2.9725213050842285,7.339693546295166,1,1403,
ibuprofen,0.015582242049276829,4.223480224609375,1,110,
bloat_flatulence,3.389824867248535,8.50282096862793,1,40,
chronic_cough,3.6363685131073,9.220394134521484,1,17,
comment_below,8.034536361694336,7.3339128494262695,1,33,
conduct,9.116095542907715,7.534364223480225,1,49,
sample,8.947365760803223,8.016082763671875,1,72,
jai_fait,7.108325004577637,5.7715559005737305,1,7,
bounce_up,0.9140575528144836,9.039505004882812,1,16,
frequent,2.7646076679229736,5.648178577423096,1,392,
very_doable,-0.45269325375556946,5.836790084838867,1,14,
his_success_rate,7.99951696395874,4.280185222625732,1,14,
checkout,8.073674201965332,6.178250312805176,1,18,
pneumonia,4.319515228271484,9.443750381469727,1,48,
soothing,-2.0521578788757324,5.456394672393799,1,32,
dysphagia_difficulty,2.1123924255371094,7.1814703941345215,1,11,
landscape,7.0699143409729,6.1838202476501465,1,5,
boy_6,5.760181903839111,8.153182029724121,1,7,
past_couple,3.7418057918548584,4.294804573059082,1,104,
65_unit,7.790457725524902,4.405857086181641,1,22,
contribute_factor,5.41543436050415,9.693793296813965,1,41,
loose,1.5949900150299072,10.412986755371094,1,294,
node,6.958815097808838,5.698347091674805,1,8,
object,0.44937366247177124,9.481136322021484,1,39,
ray,7.067733287811279,7.882388591766357,1,6,
full_breath,0.7369951605796814,8.896941184997559,1,71,
gastric,2.664710521697998,9.386027336120605,1,116,
permanent_solution,7.667001724243164,3.9571921825408936,1,35,
glad_to_hear,5.645402908325195,5.199363708496094,1,432,
ues_muscle,1.8589191436767578,10.731852531433105,1,40,
height,6.866160869598389,5.229133129119873,1,60,
cover_under,10.406982421875,5.106058120727539,1,36,
alka_seltzer_gum,-0.8506403565406799,4.070403099060059,1,7,
move,0.8229073882102966,10.05018138885498,1,2190,
wall,0.5946524143218994,9.246761322021484,1,154,
tequila,-1.130944013595581,5.955277919769287,1,41,
intense_pressure,2.292421579360962,8.61129093170166,1,26,
foreign,2.5563290119171143,6.424465656280518,1,58,
peak_at_1_2_week,6.987205982208252,4.495602607727051,1,15,
oh_god,5.371325969696045,6.631588935852051,1,56,
spark_water,-1.1843277215957642,6.364154815673828,1,20,
each_night,-0.6444132328033447,6.502391338348389,1,23,
connective_tissue,5.513052940368652,9.341849327087402,1,17,
grievance,6.860054016113281,6.9383649826049805,1,6,
overeating,-1.8141316175460815,5.077576160430908,1,67,
tech_neck,1.9599426984786987,10.192834854125977,1,6,
university,10.378152847290039,5.438631057739258,1,269,
formal_diagnose,6.082174777984619,8.822029113769531,1,21,
anxiety,3.770794153213501,7.461410999298096,1,3787,
off_topic,7.697023868560791,7.348696708679199,1,16,
7_00,5.242213726043701,3.6161229610443115,1,7,
while_yawn,3.528104543685913,5.016844749450684,1,30,
toxin,2.2716593742370605,10.660638809204102,1,51,
capable,3.6932990550994873,6.463068962097168,1,80,
liable,6.108536243438721,7.215816497802734,1,5,
wretch,3.2641305923461914,6.681292533874512,1,25,
fuzzy,1.39631986618042,7.4028544425964355,1,25,
co_pay,10.052019119262695,4.406055927276611,1,41,
paddle_in_melbourne,9.233485221862793,5.686035633087158,1,13,
b6,-0.2368091195821762,4.6392011642456055,1,8,
rice,-2.299046516418457,5.420856952667236,1,121,
usc,9.414042472839355,6.21497917175293,1,30,
enlarge,3.970055341720581,10.224608421325684,1,46,
mental_block,3.7153611183166504,6.863011360168457,1,32,
windpipe,1.8670780658721924,10.223238945007324,1,40,
proud,4.609172344207764,5.937655925750732,1,109,
bottle_of_water,-1.5625258684158325,6.401620864868164,1,28,
determine,9.748201370239258,7.358746528625488,1,81,
strong_dose,7.716399192810059,4.095605850219727,1,16,
rarity,6.301307201385498,7.712017059326172,1,10,
discovery,7.931125640869141,8.20044994354248,1,84,
esophageal_sphincter,2.235300302505493,10.766241073608398,1,120,
ibs_sibo,4.642961025238037,9.416375160217285,1,12,
octave,5.380645275115967,4.215551853179932,1,13,
next_weekend,0.2363666146993637,6.169679164886475,1,7,
self_induce,3.7032978534698486,6.749303340911865,1,20,
latest,8.767464637756348,7.616003513336182,1,47,
incapacitate,3.817502498626709,7.938960552215576,1,23,
the_botox_wear,4.6445512771606445,4.2127461433410645,1,838,
during_class,5.466662883758545,7.0683274269104,1,10,
prolific,5.121189594268799,6.9242682456970215,1,14,
nutrient_absorption,4.285046577453613,9.552900314331055,1,8,
severe_underweight,3.828733205795288,7.923001766204834,1,11,
cry,4.428112506866455,6.007863998413086,1,786,
high_fodmap,-1.5746246576309204,4.8554606437683105,1,26,
hahahaha,6.086678504943848,6.373995780944824,1,31,
2k,10.26036548614502,4.469259262084961,1,49,
overactive,2.8746023178100586,10.382742881774902,1,12,
naturopath,9.926159858703613,7.531867504119873,1,27,
burp_on_command,3.235414981842041,5.335553169250488,1,258,
10_15,4.668198108673096,3.739197254180908,1,60,
what_r_cpd,9.827923774719238,7.761969566345215,1,63,
cost_850,8.666125297546387,4.024595737457275,1,21,
desk,-0.016029151156544685,8.659246444702148,1,115,
jag,6.91494607925415,5.224050521850586,1,60,
picture,8.69490909576416,7.747817516326904,1,277,
consultant_who,9.495253562927246,7.210078716278076,1,43,
thank_you_sm,6.539037704467773,6.736833095550537,1,9,
deflatine,-0.5705571174621582,4.3531975746154785,1,10,
small_victory,6.435018062591553,6.6138410568237305,1,8,
low_stomach_acid,4.739020347595215,9.88217544555664,1,75,
describe_r_cpd,8.850939750671387,7.617821216583252,1,12,
less_frequently,3.7327373027801514,4.999909400939941,1,36,
diner,-0.5610958337783813,6.100799560546875,1,8,
stay_away,-1.7583858966827393,5.305988788604736,1,132,
finger_down,3.0889856815338135,6.507705211639404,1,549,
american,10.351566314697266,5.572075843811035,1,113,
glass_of_water,-1.685012698173523,6.526769638061523,1,117,
fructose,-1.3171300888061523,4.801466941833496,1,16,
restless,2.619581699371338,8.819998741149902,1,11,
lpr_reflux,4.9962477684021,10.0638427734375,1,83,
palpitation,3.019918441772461,8.353960037231445,1,137,
baclofen,5.857323169708252,8.39760684967041,1,18,
more_frequently,2.7865655422210693,5.5787882804870605,1,133,
27m,6.1886162757873535,7.585257053375244,1,10,
r_cpd_specialist,9.7704496383667,7.210236072540283,1,41,
liquid_child_ibuprofen,0.019397027790546417,4.221185684204102,1,31,
a_roller_coaster,5.92581033706665,5.073945045471191,1,18,
tif_procedure,5.15261173248291,8.751985549926758,1,17,
04,8.091119766235352,4.946104049682617,1,12,
interest_to_hear,5.917672634124756,5.363689422607422,1,89,
skeletal_muscle,2.691229820251465,10.272300720214844,1,12,
twinge,2.027250289916992,7.966502666473389,1,11,
worse_with_age,3.9038472175598145,8.049092292785645,1,209,
painkiller,0.03243280202150345,4.216741561889648,1,61,
chip_tooth,7.987401485443115,4.9150238037109375,1,20,
somewhat_common,5.807249069213867,8.678766250610352,1,10,
avoid_carbonation_alcohol_caffeine,-1.216759443283081,4.718458652496338,1,7,
tonsil_stone,4.548088550567627,8.912165641784668,1,23,
richmond,9.0712890625,6.0887131690979,1,17,
under_control,3.467954158782959,8.14671516418457,1,126,
alternate_between,6.486396789550781,6.020237445831299,1,18,
arduous,5.539440631866455,7.320140838623047,1,7,
very_thin,6.911442279815674,5.925140380859375,1,22,
poor_thing,5.541003227233887,6.457999229431152,1,40,
posture,0.8047542572021484,10.61198902130127,1,558,
glass,-1.4125113487243652,6.415464401245117,1,168,
ranitidine,-0.49085327982902527,4.233532905578613,1,8,
re_train,1.509393334388733,10.86845874786377,1,15,
sleep_wedge,-0.5730555653572083,8.208608627319336,1,84,
disturb,4.470808029174805,6.353096008300781,1,56,
mid_twenties,5.034423351287842,7.468870162963867,1,15,
therefore,2.4602408409118652,10.748144149780273,1,332,
calculation,9.310887336730957,4.8589982986450195,1,5,
pelvic_floor_muscle,2.526036024093628,10.257336616516113,1,15,
carolina,7.635042190551758,5.751805305480957,1,6,
hyperhidrosis,5.656600475311279,8.509321212768555,1,5,
unrelated,4.9608306884765625,10.116540908813477,1,184,
my_vocal_cord,1.1628576517105103,8.212926864624023,1,76,
malfunction,2.4830710887908936,10.680590629577637,1,58,
exhaustion,3.124873161315918,8.725613594055176,1,24,
instability,7.9755940437316895,6.867486000061035,1,6,
sertraline,5.905818462371826,7.868587017059326,1,23,
float,1.9313840866088867,9.18814468383789,1,90,
solution,9.075439453125,6.375668048858643,1,923,
boring,-0.5878524780273438,6.093800067901611,1,35,
wary,7.262200832366943,4.085740089416504,1,50,
incredible_pain,3.241725206375122,6.961610794067383,1,49,
beta_blocker,-0.295795738697052,3.742995500564575,1,12,
compression,2.2818939685821533,9.81457233428955,1,31,
doctor_wasserman,8.941217422485352,6.15090274810791,1,12,
decrease,3.44604229927063,8.073091506958008,1,280,
ingest,2.8244519233703613,9.334452629089355,1,65,
healthcare,10.403036117553711,5.454612731933594,1,133,
groove,-1.6951498985290527,5.985581874847412,1,7,
30_year,4.5603790283203125,7.154397487640381,1,150,
hypertonic_pelvic_floor_dysfunction,5.360551357269287,9.612069129943848,1,9,
decent_amount,-1.2174909114837646,6.335460662841797,1,59,
50,7.658926486968994,3.441305637359619,1,860,
able_to_enjoy,-0.40604227781295776,6.593596935272217,1,62,
checkup,9.153943061828613,5.518311023712158,1,33,
ball_roll,9.265291213989258,5.992067337036133,1,56,
hashimoto,5.102264881134033,9.583929061889648,1,26,
r_cpd_emetophobia,6.398413181304932,6.989023685455322,1,6,
disorder,5.833166122436523,10.141108512878418,1,481,
sit_up_straight,0.09323522448539734,9.413692474365234,1,67,
excessive_bloat,3.199683666229248,8.319604873657227,1,51,
chest,1.8731588125228882,8.897665977478027,1,1239,
paranoia,4.954333305358887,8.121174812316895,1,14,
g,7.266130447387695,5.457985877990723,1,75,
dryness,2.0921168327331543,9.109871864318848,1,19,
easy,2.482611894607544,6.522669792175293,1,4380,
spectrum,5.8036909103393555,9.945570945739746,1,203,
heave,3.179462194442749,6.591830253601074,1,157,
zantac,-0.36851561069488525,3.9196231365203857,1,29,
endoscopy_show,4.356542110443115,10.049775123596191,1,19,
gatekeep,9.809041023254395,7.830910682678223,1,26,
odorless,3.651731491088867,7.548576354980469,1,32,
awesome_congratulation,6.765257358551025,6.408432960510254,1,27,
doctor_seth,8.18699836730957,5.999843597412109,1,7,
chocolate_factory,6.492061138153076,6.807769298553467,1,6,
tube_insert,1.1612021923065186,7.918299674987793,1,5,
bullfrog,5.855707168579102,6.579192638397217,1,7,
finger,0.43334537744522095,9.134191513061523,1,584,
commute,0.494923859834671,6.2936787605285645,1,9,
big_breath,0.3292422592639923,9.179404258728027,1,27,
stimulant,-1.1908284425735474,4.5982160568237305,1,36,
whiskey,-1.2197957038879395,5.929741859436035,1,69,
drink_fizzy,-1.2951081991195679,6.491519451141357,1,344,
july,8.332704544067383,4.371750354766846,1,325,
50mg,7.904167175292969,3.479801893234253,1,77,
sit_down,-0.1412021666765213,8.624817848205566,1,198,
chronic_inability,5.453336715698242,9.514790534973145,1,16,
spray,1.0449715852737427,8.05787181854248,1,122,
look_forward,5.553553104400635,5.209089279174805,1,486,
shovel,-0.8264890909194946,6.681365966796875,1,5,
atypical,5.461302757263184,9.564451217651367,1,18,
opioid,-0.03563455864787102,4.759369850158691,1,8,
meltdown,5.727409362792969,6.347677230834961,1,6,
sarcasm,6.703952789306641,6.836896896362305,1,7,
doctor_lieve_delsupehe,8.90988826751709,6.270124912261963,1,8,
gurgly_noise,3.294539451599121,5.987587928771973,1,11,
another_round,7.4435248374938965,3.596508741378784,1,126,
food_stuck,1.842165231704712,7.6725029945373535,1,57,
impressive,4.238602638244629,5.906496047973633,1,31,
telehealth_consult,7.247847080230713,6.6087965965271,1,8,
heighten,3.178396463394165,8.333529472351074,1,32,
super_tiny,3.9087166786193848,5.795222759246826,1,15,
gag_myself,3.2338550090789795,6.49069356918335,1,216,
family,4.721443176269531,6.728303909301758,1,443,
ice_cream,-2.344313144683838,5.680377960205078,1,125,
random_hiccup,3.3687903881073,6.355070114135742,1,31,
sykes,7.198544025421143,6.019278526306152,1,5,
trap,1.9058102369308472,8.953656196594238,1,580,
interest,8.063599586486816,8.24917221069336,1,2393,
binder,2.7560768127441406,8.99902057647705,1,15,
daily_life,4.7236433029174805,6.095649242401123,1,88,
liquid_tylenol,-1.9970178604125977,5.806804180145264,1,19,
adventure,6.435568809509277,5.28253173828125,1,30,
succinylcholine,3.5796139240264893,9.8799467086792,1,8,
louisiana,7.733473300933838,6.4933624267578125,1,14,
discussion,8.731464385986328,8.273444175720215,1,162,
songwriter,6.952237606048584,6.150083065032959,1,5,
wake_up_cough,1.8432400226593018,7.697459697723389,1,16,
shirt,0.17867156863212585,8.524352073669434,1,51,
mental,3.8033463954925537,7.497859477996826,1,412,
very_curious,5.904186248779297,5.390505790710449,1,65,
irregular,3.741448163986206,8.646183013916016,1,33,
toast,-2.3329241275787354,5.507379531860352,1,68,
wretching,3.4387898445129395,6.609455585479736,1,20,
collaborate,6.525550842285156,6.696759223937988,1,5,
grade_school,4.938776016235352,7.2088704109191895,1,12,
saturday_morning,0.5414880514144897,6.392942905426025,1,9,
blow_up,1.5916297435760498,9.016073226928711,1,61,
tonsil,1.3337087631225586,8.26998233795166,1,71,
nonstop_gurgle,3.452564239501953,7.711621284484863,1,14,
specialist_list,8.97606372833252,7.570345401763916,1,26,
blissful,5.327077388763428,7.218823432922363,1,19,
gentle_massage,0.676267683506012,9.60768985748291,1,8,
anxious,2.869710922241211,6.911598205566406,1,1023,
swig,-1.7607216835021973,5.916893005371094,1,18,
suppress,1.397055983543396,10.883593559265137,1,208,
reply,5.85249137878418,5.473912239074707,1,765,
satisfy,3.1926143169403076,5.277065277099609,1,230,
slow_and_gentle,0.3864292502403259,9.833696365356445,1,7,
beep,6.326777458190918,6.586938381195068,1,12,
non_stop,3.397343158721924,4.708095550537109,1,159,
stumble_across,7.311354160308838,8.032796859741211,1,53,
shirley_oak,9.456096649169922,5.170463562011719,1,41,
unable_to_vomit,4.4173994064331055,7.652326583862305,1,36,
dose,7.753252029418945,3.46414852142334,1,969,
dietitian,9.953608512878418,7.54364013671875,1,56,
late_afternoon,0.11819928139448166,6.920223236083984,1,23,
carbon_dioxide,2.7842111587524414,9.329022407531738,1,21,
so_excite,5.615516185760498,5.266102313995361,1,698,
cannot_burp_on_command,3.660473108291626,5.6043524742126465,1,7,
balloon,1.589683175086975,9.047287940979004,1,421,
next_thursday,8.043975830078125,5.667644500732422,1,14,
severe_nausea,3.3535704612731934,8.034873008728027,1,36,
exercise,0.6680329442024231,10.862386703491211,1,2892,
nasal_spray,-0.06123710423707962,4.0714850425720215,1,40,
2_3x,4.159244537353516,4.071045875549316,1,13,
go_overboard,-0.8715386390686035,5.3860602378845215,1,8,
obstruction,4.360426902770996,10.090194702148438,1,61,
botulinum,7.109409332275391,5.818234443664551,1,8,
scope_down,1.0084930658340454,8.19485855102539,1,52,
draw_board,6.563560962677002,5.7035603523254395,1,6,
individual_funding_request,8.945625305175781,6.651683330535889,1,14,
treatment,7.348113059997559,3.790299654006958,1,5202,
cough_drop,-1.960148811340332,5.6861395835876465,1,25,
pre_op_appointment,9.055505752563477,5.186147212982178,1,31,
cancer,5.563633918762207,10.129271507263184,1,138,
seem_unrelated,5.596083641052246,9.120701789855957,1,14,
150mg,7.6725029945373535,5.397043704986572,1,5,
anxiety_medication,-0.3020886480808258,3.7290661334991455,1,56,
abdominal_distention,3.7041468620300293,8.54760456085205,1,17,
local_doctor,10.15307903289795,6.239590644836426,1,112,
bpd,5.120318412780762,9.015786170959473,1,5,
upright,-0.3366972804069519,8.62661361694336,1,121,
3200,9.917770385742188,4.4101152420043945,1,14,
lb,4.899578094482422,3.819075584411621,1,91,
botox_for_dysphagia,9.075332641601562,7.83601188659668,1,97,
90,4.476975917816162,3.9503417015075684,1,315,
show_r_cpd,9.63866138458252,7.7238969802856445,1,14,
laryngeal,5.198479175567627,10.400138854980469,1,33,
doctor_schulte,7.633155822753906,5.562338829040527,1,7,
47,6.367702484130859,7.752303123474121,1,24,
digestive_process,3.3191630840301514,9.287009239196777,1,10,
around_200,9.551443099975586,4.510954856872559,1,15,
torture,4.444162845611572,6.40349006652832,1,89,
marino,7.306704998016357,6.901683330535889,1,5,
usd,10.099273681640625,4.456859588623047,1,65,
lacroix,-1.0572742223739624,5.922003269195557,1,23,
6_month_ago,8.274519920349121,4.384254455566406,1,116,
tiny_tiny,3.398116111755371,5.063320159912109,1,36,
spread_awareness,8.536938667297363,7.881707191467285,1,46,
small,3.292009115219116,5.078216075897217,1,3025,
exorcism,3.580118179321289,5.917664051055908,1,28,
after_dinner,-0.21115529537200928,6.898463249206543,1,160,
extra_strength,-0.12161816656589508,4.173572540283203,1,27,
doctor_hus,9.443984985351562,5.818861961364746,1,9,
100ml,7.9186224937438965,3.5563883781433105,1,39,
oooh,6.487485885620117,6.736410140991211,1,20,
fruit_juice,-1.224775791168213,5.6045989990234375,1,31,
rumble,3.0784828662872314,6.0400896072387695,1,98,
endless_cycle,5.638876914978027,6.734526634216309,1,9,
your_shoulder_blade,0.3178045451641083,9.620514869689941,1,16,
mind_share,6.692013740539551,5.461362361907959,1,61,
warn,7.002796173095703,3.9536988735198975,1,261,
diagnose_with_aerophagia,5.815479755401611,8.112332344055176,1,8,
happiness,5.1095476150512695,6.460145473480225,1,43,
3_year_ago,4.5640034675598145,7.077033519744873,1,127,
anecdotal,8.786544799804688,8.317859649658203,1,76,
meet,9.543224334716797,5.395834922790527,1,697,
10_week,7.587230682373047,3.6954097747802734,1,73,
big_belch,3.567373514175415,5.388373851776123,1,31,
worry_about,2.821141242980957,6.560997009277344,1,1342,
elsewhere,9.160557746887207,7.550700664520264,1,93,
needle_through,8.704906463623047,3.6067135334014893,1,27,
tweed,5.718105316162109,3.767491102218628,1,7,
sympathy,5.949762344360352,7.298538684844971,1,43,
eleven,7.13113260269165,5.822682857513428,1,10,
large_amount,2.824384927749634,9.319032669067383,1,107,
party,-0.41864922642707825,6.67128324508667,1,381,
doctor_richard,8.120318412780762,5.650792598724365,1,5,
lpr_silent_reflux,4.316633224487305,8.742666244506836,1,15,
velociraptor,3.732067346572876,5.931847095489502,1,22,
left_untreated,5.214876651763916,9.602092742919922,1,23,
panic,2.821467638015747,6.643861770629883,1,640,
thick_food,-1.9827876091003418,5.7925848960876465,1,12,
hamburg,10.081205368041992,5.787537574768066,1,102,
complete_ignore,5.373054504394531,8.625507354736328,1,10,
diagnose_with_ibs,4.759768009185791,9.82524585723877,1,91,
research,8.869074821472168,8.313909530639648,1,1568,
random,3.2143301963806152,5.178536415100098,1,1354,
left_nostril,1.3941376209259033,8.1365327835083,1,8,
sword,-1.9223780632019043,6.434723854064941,1,10,
challenge,-2.062883138656616,6.365259647369385,1,284,
high_fiber,-1.6233575344085693,4.919661521911621,1,24,
cardiac,5.502699375152588,9.558708190917969,1,29,
progress_worse,4.529596328735352,7.085451126098633,1,69,
exhale,1.0172991752624512,9.667802810668945,1,238,
small_piece,-1.7118765115737915,5.854909896850586,1,15,
feel_like,2.338216543197632,6.604135513305664,1,9370,
physical_incapable,3.8140358924865723,6.741775035858154,1,12,
miracle_cure,5.826399803161621,7.574005603790283,1,14,
little_sore,1.5288445949554443,7.6777262687683105,1,76,
agitate,3.383171558380127,7.882625102996826,1,15,
conjunction,0.3852883577346802,10.910907745361328,1,34,
constipation_diarrhoea,3.2213521003723145,9.29779052734375,1,8,
75_or_100,8.056818962097168,4.052031517028809,1,9,
neck_movement,0.305558979511261,10.434536933898926,1,19,
extreme_tight,2.169063091278076,10.449867248535156,1,16,
excite_and_nervous,7.852006435394287,5.354979515075684,1,11,
nose,1.0191457271575928,8.188813209533691,1,1145,
bench_press,0.035963721573352814,9.385241508483887,1,19,
drink_carbonation,-1.2229284048080444,6.574746608734131,1,103,
400,10.102163314819336,4.420977592468262,1,79,
my_brother,4.709076404571533,6.986469268798828,1,211,
consult,9.428858757019043,5.2682671546936035,1,748,
recovery,4.995338439941406,4.640410423278809,1,1276,
oct_3,7.9699273109436035,4.552375316619873,1,6,
cyproheptadine,-0.839455783367157,4.05735969543457,1,5,
diagnosis,9.901823043823242,8.074070930480957,1,1351,
functional_dyspepsia,5.391324996948242,9.08460807800293,1,11,
trip,9.370712280273438,5.004977703094482,1,456,
psoas,2.143815040588379,10.190484046936035,1,7,
nortriptyline,-0.4507482945919037,4.085596084594727,1,13,
effort_into,0.33116841316223145,9.128480911254883,1,18,
feel_crappy,5.4251508712768555,6.279871463775635,1,14,
baggy,0.27567964792251587,7.251722812652588,1,13,
common_theme,5.789139747619629,8.122539520263672,1,11,
dinosaur_noise,3.547257661819458,5.940561771392822,1,33,
stroke,5.45281457901001,9.415910720825195,1,35,
lay_down,-0.22918008267879486,8.691078186035156,1,1325,
retire,9.37018871307373,5.657291412353516,1,48,
throb,2.359257698059082,8.69432544708252,1,9,
cocktail,-1.3293697834014893,5.876645088195801,1,101,
breathe_tube,1.3413881063461304,7.853177070617676,1,71,
holy_shit,6.492899417877197,7.252056121826172,1,75,
alka_seltzer,-0.8322101831436157,4.0608811378479,1,38,
fast_metabolism,5.028993606567383,7.122459411621094,1,15,
wear_loose,0.19747459888458252,7.242656707763672,1,13,
blah,1.7002819776535034,7.310328483581543,1,9,
achieve,1.0600107908248901,11.010862350463867,1,170,
cosentino,8.35008430480957,6.635992050170898,1,5,
pregnant_belly,5.536261081695557,6.878200054168701,1,15,
yup,4.445316314697266,6.074758052825928,1,385,
just_curious,5.894927501678467,5.287678241729736,1,240,
association_between,5.822914123535156,9.069219589233398,1,9,
bulb,6.347642421722412,6.858241081237793,1,6,
build_up_of_air,2.3188252449035645,8.86154556274414,1,21,
alkaline_water,-1.003374695777893,4.4708452224731445,1,16,
cyclizine,-0.2762162387371063,3.7960076332092285,1,5,
fellow_frog,6.653972625732422,6.5869832038879395,1,7,
stumble_upon_this_subreddit,7.017277717590332,7.816240310668945,1,18,
aerophagia,4.8909406661987305,10.160144805908203,1,158,
b_b,7.207441806793213,6.085786819458008,1,9,
cope,3.8290138244628906,7.264500141143799,1,164,
sound_terrible,5.821662425994873,6.598186492919922,1,36,
my_bf,4.325034141540527,6.03023624420166,1,107,
that_make_sense,2.5677061080932617,6.330648899078369,1,374,
performance_anxiety,4.895907878875732,7.866766929626465,1,9,
cheer_cheer_dance_syndrome,5.696467399597168,9.205370903015137,1,22,
ability,4.69392204284668,4.232942581176758,1,1210,
evening,-0.08481695502996445,6.958853721618652,1,710,
coffee_tea,-1.3684675693511963,5.058286190032959,1,13,
exact_same_way,5.738476753234863,6.344892978668213,1,34,
throat_nausea,3.0487372875213623,7.788242816925049,1,434,
imam,7.1185479164123535,6.039062976837158,1,6,
clueless,9.721587181091309,7.901735782623291,1,37,
very_rare,3.8973801136016846,6.734004497528076,1,128,
fibromyalgia,5.265925407409668,9.275634765625,1,19,
gas_buildup,2.488673686981201,8.834617614746094,1,96,
emg_machine,0.9792326092720032,8.55312442779541,1,63,
snap,1.608955979347229,9.720854759216309,1,43,
own_fault,2.0256216526031494,6.8552937507629395,1,6,
page,8.690884590148926,7.800347328186035,1,211,
protein_bar,7.5918803215026855,5.721501350402832,1,7,
otc_medicine,-0.7003607153892517,4.33195686340332,1,6,
autoimmune_disease,5.10206937789917,9.573853492736816,1,19,
anxiety_induce,3.6975862979888916,7.335641860961914,1,89,
insert_into,1.0274324417114258,8.137067794799805,1,11,
willing,10.080633163452148,6.321325778961182,1,632,
cord,1.973991870880127,9.855015754699707,1,16,
demonic,3.6445343494415283,5.931179046630859,1,40,
function_proper,2.4047558307647705,10.745259284973145,1,42,
anorexic,4.828116416931152,7.410120487213135,1,18,
perpendicular,0.9489039182662964,9.440877914428711,1,8,
social,4.4452009201049805,6.375507831573486,1,301,
fast_rep,0.2446185052394867,10.812047004699707,1,11,
extreme_nauseous,2.9826743602752686,7.54624080657959,1,49,
70,7.841277599334717,3.614236831665039,1,127,
believe_doctor_bastian,8.07880687713623,4.346094131469727,1,24,
severe_constipation,3.607008934020996,8.599785804748535,1,15,
surgical_center,9.958043098449707,4.551403045654297,1,46,
blood_sugar,4.068399906158447,8.922101974487305,1,24,
pillow_under,0.07684971392154694,9.438680648803711,1,12,
super_satisfy,3.680582284927368,5.688236236572266,1,10,
open,1.4949747323989868,10.663665771484375,1,2550,
encourage,0.906976044178009,11.024572372436523,1,598,
fish_oil,-1.2883192300796509,5.656832695007324,1,15,
vocal_exercise,-0.6850039958953857,5.205846786499023,1,9,
contact_her,9.43337345123291,5.599215507507324,1,36,
chest_pressure,3.008115768432617,8.179082870483398,1,182,
expel_gas,2.8114588260650635,10.081006050109863,1,32,
outstanding,8.14613151550293,6.154852390289307,1,8,
croak,3.0239779949188232,5.864168643951416,1,1715,
smile,4.367587089538574,6.002420425415039,1,81,
abuse,4.576972961425781,8.350271224975586,1,54,
disadvantage,7.956726551055908,4.136064529418945,1,7,
fizzy_water,-1.2569297552108765,6.557665824890137,1,345,
inaudible,3.452840566635132,5.134654521942139,1,16,
pray,5.455646991729736,5.219101905822754,1,264,
phobia_of_vomit,4.439509391784668,7.709156513214111,1,63,
crush,-1.3905200958251953,6.505804538726807,1,79,
15_month,4.915685653686523,4.117344856262207,1,26,
go_private,10.374541282653809,5.5405755043029785,1,124,
iu_health,8.333416938781738,6.214460372924805,1,8,
avoid,-1.666261076927185,5.663726806640625,1,1934,
inversion,-0.5272263884544373,8.26681900024414,1,25,
upset,2.8316969871520996,7.042390823364258,1,280,
several_hour,-0.5258711576461792,7.565717697143555,1,83,
spray_numb,1.0849363803863525,8.064139366149902,1,13,
w_doctor_bastian,7.792119979858398,5.19369649887085,1,18,
embrace,3.658982515335083,6.473123073577881,1,52,
bubbly,-1.3539963960647583,6.13153076171875,1,118,
under_general_anesthesia,8.698738098144531,3.5486505031585693,1,440,
ceiling,0.1850850135087967,10.465718269348145,1,104,
vegetable,-1.9152394533157349,4.975517749786377,1,128,
first_appointment,9.407758712768555,5.230349063873291,1,247,
bend,-0.07419420778751373,9.059751510620117,1,174,
gram,-1.462827444076538,5.1224799156188965,1,8,
scope,1.01804780960083,8.171493530273438,1,618,
awkward,4.081448078155518,5.899629592895508,1,298,
grab,0.23393239080905914,8.404672622680664,1,136,
day_5,4.46690559387207,4.247433662414551,1,292,
gluten_free,-1.3698872327804565,4.587078094482422,1,57,
campus,0.4563833475112915,6.3867363929748535,1,16,
noodle,-2.2776660919189453,5.464207172393799,1,48,
barium_swallow_study,10.241880416870117,7.713596820831299,1,35,
bacteria,2.728048801422119,9.34395694732666,1,107,
tell_them,9.831896781921387,8.049943923950195,1,477,
ent,10.04306697845459,7.753505229949951,1,3651,
differ_from_person_to_person,6.189248085021973,8.086821556091309,1,10,
amaze,5.463289737701416,5.390475749969482,1,183,
generate_gas,3.484752893447876,9.685005187988281,1,7,
improvement,4.896212577819824,4.804903030395508,1,441,
chew_everything,-1.7687879800796509,5.822397232055664,1,32,
avoid_anything,-0.9049637913703918,4.008918762207031,1,83,
teeny,3.493008613586426,5.031492233276367,1,15,
physio,0.454438716173172,10.790234565734863,1,58,
flatulence_etc,3.7326388359069824,8.494074821472168,1,17,
forward_head,2.1126596927642822,10.180869102478027,1,22,
smoker,-1.0746943950653076,4.969918727874756,1,39,
ahhhhh,6.7419514656066895,6.364539623260498,1,5,
private_health_care,8.285837173461914,5.8301310539245605,1,12,
kiss,0.18761061131954193,10.545618057250977,1,115,
r_cpd_when,7.7806396484375,7.651219367980957,1,13,
4_5_inch,-0.5444011092185974,8.15209674835205,1,11,
larynx_lower_exercise,0.3153524100780487,10.821495056152344,1,110,
4_5,4.234750270843506,3.9340295791625977,1,294,
armpit,1.213079810142517,9.564864158630371,1,15,
edu,8.545126914978027,6.543863773345947,1,15,
tooth,0.24913500249385834,8.461477279663086,1,330,
edema,7.123149871826172,5.9919962882995605,1,6,
during_pregnancy,4.209939956665039,7.939817428588867,1,74,
car,0.036836035549640656,8.489866256713867,1,416,
dysfunctional_breathe,5.380320072174072,9.2138032913208,1,6,
uncommon,5.770421981811523,9.98291015625,1,169,
promote,0.2628844976425171,10.60111141204834,1,47,
apple_juice,-2.2757465839385986,5.584593772888184,1,43,
emetophobe_who,5.815319061279297,8.036096572875977,1,17,
small_medium,3.8108131885528564,5.4339752197265625,1,12,
related_to_r_cpd,5.672338008880615,9.872392654418945,1,94,
cost,10.367474555969238,4.776761054992676,1,2035,
acid_reflux,3.3886890411376953,8.240659713745117,1,3553,
monthly,10.113539695739746,4.417255401611328,1,35,
bupa,10.456707000732422,5.421838283538818,1,99,
laryngospasm,2.1325998306274414,6.949423313140869,1,231,
acquaintance,5.743351459503174,6.843601226806641,1,10,
dairy_product,-1.526445984840393,4.711634159088135,1,11,
medical_community,8.838419914245605,8.356703758239746,1,77,
acquire,4.794270038604736,8.03333854675293,1,46,
your_gut,2.7498703002929688,9.361876487731934,1,73,
stupid,4.78096342086792,5.9214324951171875,1,308,
side_affect,7.079639434814453,4.04130220413208,1,44,
round_trip,9.520424842834473,4.633874416351318,1,21,
vagus_nerve_be,3.504909038543701,9.799976348876953,1,9,
food_intolerance,4.729219436645508,9.749536514282227,1,99,
feat,6.100189208984375,7.369605541229248,1,5,
lenox,8.112747192382812,6.028573513031006,1,5,
x_ray,10.533611297607422,8.126900672912598,1,249,
large_than,3.6710309982299805,5.478891372680664,1,27,
australia,10.14671516418457,5.894794940948486,1,243,
separate_issue,5.144481658935547,9.824169158935547,1,37,
breathe_issue,2.8717596530914307,8.350701332092285,1,119,
range,4.740658760070801,4.123095512390137,1,245,
really_bother,3.7587850093841553,7.355079174041748,1,85,
upper_body,0.09522455930709839,9.40533447265625,1,80,
more_confident,5.094762802124023,5.447172164916992,1,56,
poop,2.2484452724456787,8.827888488769531,1,193,
bragg,8.207106590270996,5.815777778625488,1,5,
consume,-1.6578471660614014,5.4545674324035645,1,304,
intubation_tube,1.2920951843261719,7.87857723236084,1,10,
sound_awful,5.60718297958374,6.0490827560424805,1,78,
retrain,1.5582884550094604,10.80103588104248,1,100,
breathy,1.670026421546936,7.5738911628723145,1,7,
smart_pill,4.3875956535339355,9.593291282653809,1,8,
panel,9.093788146972656,6.520696640014648,1,21,
ues_and_les,2.6791603565216064,10.596657752990723,1,20,
inflammation,4.253282070159912,10.083773612976074,1,173,
mini_burp,3.3669044971466064,5.028321743011475,1,225,
pepcid,-0.5404955148696899,3.622323751449585,1,139,
everywhere,0.18830230832099915,8.458934783935547,1,112,
prescribe_omeprazole,4.35081672668457,8.859845161437988,1,33,
drink,-1.2427213191986084,6.613572120666504,1,10235,
early_30s,4.565454959869385,8.002717971801758,1,26,
nbs,4.982007026672363,7.824371814727783,1,7,
hunger_pain,4.053493499755859,8.467506408691406,1,27,
concurrent,5.542732238769531,8.671728134155273,1,10,
core_strengthen,0.24618709087371826,10.64876651763916,1,7,
endoflip,10.382941246032715,8.034860610961914,1,21,
home_remedy,0.25126397609710693,10.839065551757812,1,36,
gastro,10.284932136535645,7.97356653213501,1,372,
gastroparesis,4.8444037437438965,9.966753959655762,1,172,
say_excuse,4.066260814666748,5.91444206237793,1,43,
pregnancy_test,0.6555591821670532,6.210782527923584,1,23,
new_york,9.712417602539062,6.089796543121338,1,51,
allergy,3.024686336517334,8.5118989944458,1,274,
skin,1.1327271461486816,9.164884567260742,1,177,
pre_botox,2.7232630252838135,5.685331344604492,1,691,
pressure_inside,2.3625223636627197,9.80203628540039,1,32,
gut_bacteria,4.001325607299805,9.516240119934082,1,30,
seek_treatment,8.903077125549316,8.176596641540527,1,94,
tray,-1.042014241218567,5.559199810028076,1,5,
nsw,7.770180702209473,6.268477439880371,1,8,
book_in_with_lucy,7.727124214172363,5.554143905639648,1,9,
petition,9.078749656677246,7.563403129577637,1,81,
lower_dose,7.815768718719482,3.553281545639038,1,78,
fair_point,5.917691707611084,7.834433078765869,1,9,
take_pepcid,-0.4902101755142212,3.545051336288452,1,38,
third_shot,7.752798080444336,3.9439103603363037,1,22,
cruciferous_vegetable,-1.3613585233688354,4.568574905395508,1,39,
break,0.3175802230834961,8.705430030822754,1,686,
baby_accord,5.048513889312744,7.119728088378906,1,8,
lansoprazole,-0.4270884394645691,3.5499703884124756,1,36,
pilaris,6.401825428009033,6.917886734008789,1,5,
sauce,-2.130506992340088,5.225773811340332,1,54,
osteoporosis,5.06736421585083,9.232985496520996,1,17,
diary,6.026761531829834,5.137951374053955,1,104,
put_under,8.80416202545166,3.4628310203552246,1,159,
family_history,5.411894798278809,8.693323135375977,1,16,
elementary_school,4.931020736694336,7.13640022277832,1,35,
regress,4.915925025939941,4.048602104187012,1,36,
loud_music,0.23845084011554718,7.573687553405762,1,14,
practice,0.9360182881355286,11.074490547180176,1,2540,
excess_flatulence,3.907451629638672,8.457871437072754,1,27,
nail,0.7549524903297424,8.918551445007324,1,74,
your_brain,1.4408506155014038,10.855574607849121,1,96,
constipation,3.4919114112854004,8.754497528076172,1,665,
milkshake,-2.3156840801239014,5.633552551269531,1,46,
treat_asap,6.287010669708252,7.203573226928711,1,15,
super_skinny,4.985686302185059,7.104400157928467,1,10,
find_this_community,7.125901222229004,7.904720306396484,1,168,
unpleasant,2.707432985305786,6.6770339012146,1,369,
full_recover,6.946429252624512,4.43912410736084,1,22,
liquor,-1.2177709341049194,5.957766532897949,1,49,
tiny_bite,-2.135526657104492,6.2530927658081055,1,28,
sesh,3.5182056427001953,7.604277610778809,1,7,
great_to_hear,5.809248447418213,5.2993550300598145,1,253,
little_pop,1.892113447189331,8.071367263793945,1,44,
super_scary,5.583007335662842,6.132462501525879,1,18,
belief,5.785668849945068,9.286818504333496,1,34,
waste_of_time_and_money,9.812766075134277,7.736924648284912,1,37,
upward_pressure,2.3809778690338135,9.545379638671875,1,13,
unknowing,5.514563083648682,8.337556838989258,1,20,
ab_exercise,0.37515705823898315,10.347469329833984,1,9,
sad,5.360567092895508,5.4829325675964355,1,625,
tic,0.5586767196655273,9.721037864685059,1,19,
700,10.08747386932373,4.4218034744262695,1,85,
head_forward,0.30635085701942444,9.85927963256836,1,85,
click_on_menu,8.594290733337402,7.589694976806641,1,9,
leave_early,3.203859567642212,7.5709967613220215,1,27,
cauliflower,-1.5341395139694214,4.971628665924072,1,15,
vodka_and_cranberry,-1.0271903276443481,5.281124591827393,1,9,
cbg,7.497548580169678,6.404690742492676,1,5,
argh,6.546230316162109,6.818493843078613,1,9,
raise_soft_pallet,0.3521232604980469,9.887072563171387,1,7,
terrify,2.942610263824463,6.656723499298096,1,565,
toad,3.4181103706359863,5.916476249694824,1,13,
practitioner,9.167527198791504,7.610362529754639,1,88,
first_attempt,7.61204719543457,3.648888111114502,1,54,
euro,10.164444923400879,4.462826728820801,1,92,
ball,0.3772753179073334,8.941630363464355,1,204,
bruise,1.562381625175476,7.821063041687012,1,76,
50_year,4.554453372955322,7.082900047302246,1,155,
silly,4.950212478637695,5.821463584899902,1,135,
psychological_issue,5.457417964935303,9.434162139892578,1,17,
a_daily_basis,3.860875129699707,8.056831359863281,1,124,
huel,-1.8497713804244995,5.553567886352539,1,23,
new_to_reddit,6.788074016571045,7.323451042175293,1,30,
chocolate_milk,-1.0047591924667358,5.638315677642822,1,15,
irrational,4.103868007659912,7.0569305419921875,1,31,
open_up,1.3999155759811401,10.578400611877441,1,343,
ginger_chew,-0.542441189289093,4.503901958465576,1,8,
test_for_celiac,4.68703031539917,9.579245567321777,1,12,
inject_into,2.1697802543640137,10.574021339416504,1,124,
150,8.047057151794434,3.514409303665161,1,112,
26_year,6.2440667152404785,7.7391486167907715,1,42,
meal,-1.1150619983673096,6.620759963989258,1,1670,
r_cpd_cause,5.241875648498535,9.843146324157715,1,46,
nurse_practitioner,8.173704147338867,6.102339267730713,1,13,
lean_over,-0.2052309811115265,8.55992603302002,1,137,
fizzy,-1.3565515279769897,6.182349681854248,1,161,
more_information,8.790750503540039,7.922816753387451,1,92,
proud_of_myself,5.650319576263428,5.997029781341553,1,20,
transverse_colon,5.293509483337402,8.793322563171387,1,6,
75_cc,7.685398578643799,4.809674263000488,1,8,
burst,1.4881247282028198,9.037915229797363,1,116,
great_news,5.944127082824707,5.349318027496338,1,122,
scramble,-1.3269522190093994,5.539556980133057,1,8,
flick,6.0382280349731445,6.37187385559082,1,13,
15,4.5429205894470215,3.7871084213256836,1,401,
stretch,0.9534138441085815,10.296630859375,1,1212,
england,10.16559886932373,5.8283185958862305,1,109,
breed,7.203869819641113,6.223412990570068,1,6,
ppo,10.368855476379395,5.0285820960998535,1,57,
happy_to_hear,5.723194122314453,5.2905354499816895,1,162,
tire,-1.6009339094161987,5.69569730758667,1,58,
r/noburp,7.972809314727783,8.225359916687012,1,226,
wendy,-0.4607539474964142,5.764560222625732,1,6,
internal_organ,1.202219843864441,9.54996109008789,1,9,
public_bathroom,3.9770286083221436,6.1745219230651855,1,15,
loud_gurgle_noise,2.6599409580230713,8.223091125488281,1,21,
important_event,-0.05485008284449577,6.184669494628906,1,9,
absolutely_life_change,7.097933769226074,4.856729030609131,1,37,
air_hunger,4.049515247344971,8.95723819732666,1,26,
workup,10.159866333007812,7.792208671569824,1,25,
weather,1.3776978254318237,7.384112358093262,1,41,
gaseous_distension,4.010900497436523,9.939367294311523,1,6,
the_tik_tok,6.592036724090576,6.933578014373779,1,7,
organism,5.839601516723633,8.551640510559082,1,7,
asphyxiation,3.4528286457061768,9.90376091003418,1,6,
come_out_of_nowhere,3.563664197921753,5.319399356842041,1,34,
total_cost,10.070682525634766,4.496487617492676,1,78,
neuropathic,5.177884578704834,8.823504447937012,1,5,
north_east,8.6956787109375,6.576319217681885,1,8,
aunt,6.292247295379639,7.723644733428955,1,13,
exasperate,4.106348514556885,8.680720329284668,1,21,
husky,1.6714766025543213,7.5773515701293945,1,5,
wretched,3.8002235889434814,6.855511665344238,1,17,
hunch_over,-0.0009545444045215845,8.629919052124023,1,48,
probiotic,-0.936122477054596,3.944045066833496,1,85,
burpiversary,6.523061752319336,6.571483612060547,1,6,
registration,7.708474159240723,5.933422088623047,1,7,
attribute,4.816993236541748,9.857421875,1,152,
sphincter_muscle,2.5705268383026123,10.621947288513184,1,39,
850,10.086271286010742,4.3958420753479,1,201,
intrusive,8.611254692077637,3.731832981109619,1,17,
colonoscopy,10.495552062988281,8.054762840270996,1,169,
imbalance,4.045363426208496,9.570247650146484,1,34,
impede,2.387587070465088,10.460336685180664,1,19,
adverse_effect,6.931501388549805,4.052219867706299,1,16,
condition_summary,7.893630504608154,7.3876166343688965,1,15,
actual_condition,7.0969390869140625,7.933063507080078,1,39,
cranberry,-1.1867531538009644,5.709365367889404,1,18,
every_other,3.6764397621154785,4.350662708282471,1,150,
grandfather,5.720702171325684,8.824394226074219,1,20,
quebec,9.977179527282715,6.022089004516602,1,54,
depression_and_anxiety,4.637650012969971,8.647481918334961,1,12,
thus,2.3582868576049805,10.623287200927734,1,135,
certain_type,-1.3737953901290894,4.91471529006958,1,17,
stomach_distension,3.7127037048339844,9.355124473571777,1,10,
split_second,2.5627450942993164,6.407532691955566,1,21,
ailment,5.871803283691406,9.508578300476074,1,60,
his_nurse,8.769305229187012,5.916685104370117,1,20,
1000_worth,6.7312140464782715,4.881385326385498,1,18,
andrew,8.0601167678833,5.848088264465332,1,7,
inject,8.462246894836426,3.5715219974517822,1,936,
fetal_position,-0.1751553863286972,8.644474029541016,1,38,
teenage_year,4.719074249267578,7.671630382537842,1,33,
ambulatory,9.903214454650879,4.4483537673950195,1,9,
120,5.771548748016357,3.7292401790618896,1,37,
runny_nose,2.8674190044403076,8.386387825012207,1,55,
tomato_base,-1.5339653491973877,5.081235885620117,1,16,
whole_community,7.4315266609191895,7.726126670837402,1,17,
metabolism,-1.4211335182189941,4.370485305786133,1,31,
patient_receive_50u,7.91057014465332,4.364406108856201,1,7,
closure,4.43396520614624,9.325715065002441,1,6,
tongue_against,0.5745911002159119,9.25224494934082,1,9,
america,10.42075252532959,5.4537034034729,1,106,
unblock,2.573557138442993,9.92712116241455,1,5,
occasional_micro,3.898087739944458,5.175967216491699,1,14,
this_condition,6.051435947418213,10.000814437866211,1,1630,
surfactant,-0.6755531430244446,4.463624954223633,1,7,
initial_visit,9.403891563415527,5.52100133895874,1,34,
positive_response,7.04313325881958,6.803581237792969,1,8,
pregnancy,4.394147872924805,7.2431321144104,1,538,
gastrointestinal,4.338681697845459,10.113080978393555,1,67,
lactose_free,-1.164235234260559,5.29715633392334,1,17,
cover_by,10.440993309020996,5.129523754119873,1,212,
cricopharyngeal_myotomy,7.986016273498535,4.021969318389893,1,20,
self_cure,0.8215890526771545,11.086766242980957,1,260,
gastro_specialist,10.09853458404541,7.58514404296875,1,18,
doctor_yael_bensoussan,8.740711212158203,5.87675666809082,1,6,
fodmap_diet,-0.9376893639564514,3.8966684341430664,1,73,
omeprazole,-0.473116010427475,3.538588523864746,1,460,
medication,-0.48579317331314087,3.5489609241485596,1,1480,
virus,4.21478796005249,8.056992530822754,1,76,
lifelong_r_cpd,5.9473466873168945,8.781672477722168,1,12,
btx,7.971371650695801,3.729297399520874,1,36,
shoe,0.2796139717102051,8.853036880493164,1,46,
suddenly,3.4790737628936768,4.670680999755859,1,631,
throw_up_unless,3.3820807933807373,6.604180812835693,1,10,
900,9.999799728393555,4.495865821838379,1,40,
sexy,3.643341302871704,7.572941780090332,1,21,
constant_discomfort,3.863759756088257,7.9949822425842285,1,36,
wind_eze,-0.5749313235282898,4.37860631942749,1,10,
balloon_dilation,7.807932376861572,3.5100958347320557,1,122,
wind,2.1274971961975098,8.803566932678223,1,208,
dry_heave,3.138533592224121,6.6034770011901855,1,665,
avoid_carbonation,-1.351685881614685,4.829598903656006,1,36,
endure,4.24669075012207,6.607713222503662,1,77,
ppi,-0.4851132035255432,3.542663812637329,1,289,
appear_reasonable,5.5371880531311035,9.088598251342773,1,6,
jacob,7.414041519165039,6.677728176116943,1,5,
holy_crap,6.469898700714111,7.048028945922852,1,28,
grateful,5.491611003875732,5.4888410568237305,1,195,
34_year_old,6.6494903564453125,7.394596576690674,1,7,
log,6.087559700012207,5.227095603942871,1,123,
scheme,8.377602577209473,6.550817012786865,1,11,
literally_cry,6.1003737449646,6.8327436447143555,1,15,
permanent_result,7.738744258880615,4.03314733505249,1,18,
incomplete,2.6224477291107178,9.445551872253418,1,40,
raw_onion,-1.2864662408828735,5.289677619934082,1,12,
glue,0.39726778864860535,9.491451263427734,1,25,
stomach_cramp,3.0605428218841553,8.028172492980957,1,101,
dehydrated,-1.006003499031067,6.659335136413574,1,94,
search_box,7.298914909362793,6.9420881271362305,1,6,
warm_water,-1.8020703792572021,5.1627702713012695,1,16,
anxiety_surround,4.969007968902588,8.084467887878418,1,10,
churn,3.113083839416504,6.111298561096191,1,24,
complete_change,5.3187103271484375,5.491922378540039,1,62,
surgery_center,9.602210998535156,4.776951313018799,1,210,
ability_to_sing,6.0178422927856445,8.430479049682617,1,12,
pretty_certain,6.226521015167236,7.968620777130127,1,23,
oily,-1.656062126159668,5.0763750076293945,1,15,
prescription,-0.49237266182899475,3.6089789867401123,1,230,
medical_test,9.277584075927734,8.199445724487305,1,37,
first_paragraph,9.02779483795166,7.822967052459717,1,10,
lounge,0.038688138127326965,8.183024406433105,1,14,
go_haywire,5.964540481567383,8.001315116882324,1,9,
clinic,10.035600662231445,6.003249645233154,1,538,
hicklin,8.78663158416748,4.053534507751465,1,109,
journal_article,8.324300765991211,7.519845008850098,1,13,
fix_r_cpd,5.767210483551025,8.565711975097656,1,12,
initial_stage,5.313875198364258,7.592049598693848,1,7,
this_sub,7.960395336151123,8.26550579071045,1,1468,
print,8.759176254272461,7.861072063446045,1,129,
nhs_gp,8.79521369934082,6.5431742668151855,1,12,
gaviscon,-0.6482497453689575,3.6918869018554688,1,228,
scratch,1.6395752429962158,7.8033294677734375,1,95,
similar_story,7.119657039642334,7.715451717376709,1,52,
self_diagnose,9.698470115661621,8.113411903381348,1,139,
expertise,8.73292350769043,8.220429420471191,1,30,
cervical,2.082043409347534,9.906243324279785,1,24,
voice_change,6.411048412322998,4.281656742095947,1,31,
are_not_burp,3.668227434158325,5.500979900360107,1,39,
disease_may,8.272007942199707,7.62380313873291,1,12,
inhale,1.6459717750549316,8.914487838745117,1,416,
wellbeing,8.203354835510254,7.287210941314697,1,18,
helemaal,6.972841739654541,5.434051036834717,1,8,
pressure,2.1118526458740234,8.856081008911133,1,3413,
certain_situation,3.61430025100708,6.893981456756592,1,22,
usually_accompany,2.5417001247406006,8.246232032775879,1,15,
short_of_breath,2.1986515522003174,7.570791244506836,1,66,
your_own,8.442614555358887,8.1699857711792,1,229,
august,8.385308265686035,4.402063369750977,1,330,
herbal,-0.7621599435806274,4.330098628997803,1,26,
sparse,7.673189640045166,6.777966499328613,1,6,
whey,-0.9362027049064636,5.281525135040283,1,8,
upper_stomach,1.9806677103042603,8.874428749084473,1,83,
ignore,9.741047859191895,8.152970314025879,1,245,
2005,5.270752429962158,8.742415428161621,1,12,
biofeedback,1.1683554649353027,10.48659896850586,1,15,
somatic,0.4457842707633972,10.882801055908203,1,11,
marine,6.830749034881592,6.852520942687988,1,5,
afraid,2.9278457164764404,6.6730451583862305,1,869,
retour,7.07222318649292,5.751437664031982,1,14,
pelvic_tilt,2.9464824199676514,10.148612976074219,1,9,
laryngoscope,1.022961139678955,8.226472854614258,1,180,
monday_morning,8.490989685058594,4.808035373687744,1,36,
pretty_common,5.613802909851074,10.014347076416016,1,133,
recline_position,-0.01574159413576126,7.597735404968262,1,9,
excessive_amount,2.7221522331237793,9.391451835632324,1,37,
super_uncomfortable,2.716539144515991,7.214243412017822,1,87,
pectus_excavatum,7.069546222686768,5.848709583282471,1,14,
unwilling,6.146873474121094,8.110747337341309,1,22,
anti_nausea_medication,0.012736613862216473,4.1499481201171875,1,50,
young_brother,5.641192436218262,7.605836868286133,1,12,
shoulder_blade,1.264500617980957,9.46388053894043,1,28,
510,5.685910224914551,3.836625576019287,1,11,
drink_liquor,-0.6609746217727661,5.830853462219238,1,8,
iv_for_dehydration,7.411231994628906,5.131045818328857,1,7,
permanent_fix,7.403884410858154,3.7342989444732666,1,61,
big_eater,-1.4243937730789185,5.183286666870117,1,8,
poor_digestion,3.9028666019439697,9.53744888305664,1,12,
1500,10.117596626281738,4.464978218078613,1,41,
soft_tissue,2.333453416824341,9.83611011505127,1,10,
he_spray,1.1226598024368286,8.022419929504395,1,23,
unbelievable,5.028675556182861,5.525938034057617,1,108,
lethargic,1.9192814826965332,7.2628889083862305,1,19,
strain,1.2395704984664917,10.102294921875,1,349,
psycho_somatic,6.281582832336426,7.374244213104248,1,6,
my_abdomen,1.8331084251403809,9.054891586303711,1,214,
stuck,2.1460764408111572,6.710165023803711,1,1219,
jelly,-1.9427911043167114,5.581675052642822,1,19,
yoga_stretch,-0.639117956161499,4.465601444244385,1,16,
build_up_pressure,2.047940969467163,9.199714660644531,1,29,
empty,1.6647439002990723,9.008594512939453,1,249,
october_23,7.681781768798828,5.227548122406006,1,6,
gallbladder_attack,3.812147378921509,7.978989601135254,1,6,
manometry_study,10.078560829162598,7.675748348236084,1,17,
moon,5.498315811157227,5.4288787841796875,1,44,
32_now,4.834522724151611,7.525302410125732,1,15,
feed_up,4.979844570159912,5.918454170227051,1,90,
cup_of_water,-1.6730716228485107,6.341454029083252,1,20,
riddle,5.602572917938232,7.6941070556640625,1,5,
oat_milk,-1.338500738143921,5.157111644744873,1,13,
conjecture,6.052545547485352,8.115985870361328,1,9,
zoom_call,9.294934272766113,5.283194541931152,1,28,
oh_boy,4.185008525848389,6.09816837310791,1,35,
speak,9.739968299865723,8.150413513183594,1,1509,
elastic_waistband,0.27636009454727173,7.2172675132751465,1,10,
severe_emetophobia,3.996060371398926,7.34431791305542,1,198,
block,1.7892860174179077,10.287774085998535,1,404,
fry,-2.3253376483917236,5.411545276641846,1,85,
nux_vomica,0.48840898275375366,5.771197319030762,1,10,
identity,6.043488025665283,8.041560173034668,1,16,
similar_experience,5.753372669219971,5.161788463592529,1,405,
diverse,7.155318737030029,5.948335647583008,1,6,
cheap_option,9.934633255004883,5.059598445892334,1,41,
very_straightforward,8.018013000488281,4.85750675201416,1,15,
mum,9.87634563446045,7.141249656677246,1,65,
57,5.61729097366333,3.765073776245117,1,28,
grupo,7.1480207443237305,5.989116668701172,1,5,
pour,-1.3064957857131958,6.674811840057373,1,224,
rise_up,1.7224446535110474,8.952177047729492,1,81,
clinch,6.998795032501221,6.313287258148193,1,5,
sugar,-1.8648887872695923,4.9192609786987305,1,273,
day_9,4.413091659545898,4.28291654586792,1,73,
research_paper,8.773222923278809,7.815167427062988,1,67,
19_or_20,5.398638725280762,7.444613456726074,1,6,
weird_gurgle_noise,3.339081287384033,6.054243564605713,1,27,
food_get_stuck,1.8047668933868408,7.687748432159424,1,69,
r/noburp_page,7.948508262634277,6.750775337219238,1,12,
receive_100_unit,8.0007905960083,4.741671085357666,1,14,
antegrade,2.7988972663879395,10.738414764404297,1,22,
three_month,4.812032222747803,4.053232669830322,1,200,
denial,10.530007362365723,5.338951587677002,1,49,
sample_size,8.674152374267578,8.026317596435547,1,14,
pass_gas,2.43684458732605,8.53542423248291,1,239,
super_anxious,5.7025957107543945,5.6302900314331055,1,46,
san_leandro,8.978447914123535,5.954084873199463,1,17,
stare,4.2089457511901855,5.979912757873535,1,67,
trachea,1.8616820573806763,10.278083801269531,1,71,
end_of_march,8.110579490661621,4.685544490814209,1,21,
compulsive,4.817634105682373,8.317392349243164,1,7,
r_cod,5.450850486755371,9.164985656738281,1,15,
take_gaviscon,-0.4270138740539551,3.4933810234069824,1,40,
die,4.481115818023682,6.178622245788574,1,524,
either_side,0.30281731486320496,9.774298667907715,1,45,
phone_call,9.49915885925293,5.293589115142822,1,94,
7_year_old,4.631596565246582,7.695910930633545,1,36,
mouthful_of_food,-1.834618330001831,5.945563793182373,1,12,
collarbone,0.9734926819801331,9.558235168457031,1,42,
emory,9.453207969665527,6.270443916320801,1,33,
adverse_side_effect,7.080524921417236,4.030149936676025,1,10,
recognize_condition,8.827402114868164,8.250839233398438,1,38,
mr_mulla,9.295276641845703,6.454320907592773,1,11,
facebook_group,8.087386131286621,8.099312782287598,1,76,
injury,2.663158893585205,10.221709251403809,1,75,
peer_review,8.445062637329102,7.4945149421691895,1,27,
click_sound,2.410647392272949,8.150592803955078,1,15,
compensate,2.3452765941619873,10.59494686126709,1,48,
disheartening,5.794374942779541,5.288536071777344,1,69,
first_grade,5.102818012237549,7.320158004760742,1,9,
painless,8.760165214538574,3.5707645416259766,1,91,
laugh,4.410404205322266,6.009577751159668,1,1427,
small_child,5.481014251708984,7.606138706207275,1,25,
neck_muscle,1.0771390199661255,10.151999473571777,1,135,
heartburn_acid_reflux,4.241334915161133,8.75057315826416,1,35,
incessant,3.449788808822632,7.894511699676514,1,19,
barely_audible,3.318084478378296,5.073432445526123,1,14,
unnerving,1.77683687210083,7.7874436378479,1,12,
lifestyle,-1.1678849458694458,4.08482027053833,1,113,
miracle,5.437868595123291,5.284339427947998,1,152,
around_850,9.689697265625,4.367991924285889,1,32,
lifetime,4.5988264083862305,6.84187126159668,1,183,
december,8.3745698928833,4.398288726806641,1,298,
us_non_burper,6.144413948059082,7.4580159187316895,1,20,
cue,0.9801751375198364,10.240185737609863,1,73,
copy_of_doctor,8.789085388183594,7.6035661697387695,1,17,
pectoral,3.3513848781585693,9.900934219360352,1,7,
symptom,3.844646453857422,8.272281646728516,1,12691,
whole_live,5.45208740234375,7.334352493286133,1,20,
sprout,-0.40880727767944336,5.75281286239624,1,5,
12_day,4.674330234527588,4.2899394035339355,1,57,
take_tums,-0.6863642930984497,3.8155171871185303,1,53,
unnecessary_test,10.075846672058105,7.782416343688965,1,48,
vague_nauseous,5.1551666259765625,7.093435287475586,1,9,
iem,4.958065509796143,9.352046966552734,1,7,
institution,8.477463722229004,6.708248615264893,1,14,
endometriosis,4.803471565246582,9.695688247680664,1,66,
more_social_acceptable,4.052037715911865,5.645044803619385,1,9,
nicotine,-1.1429743766784668,4.66655158996582,1,26,
intestinal,2.6591711044311523,9.281291007995605,1,74,
esophageal_motility_test,9.09225082397461,6.726953029632568,1,15,
03,7.58856725692749,4.998648166656494,1,6,
heart_problem,5.548691272735596,9.351648330688477,1,22,
connective_tissue_disorder,5.670982837677002,9.317747116088867,1,28,
24f,6.406502723693848,7.798850059509277,1,18,
bastian_voice_institute_publish,8.34821891784668,5.946568489074707,1,8,
machine_gun,3.990083694458008,5.61244010925293,1,9,
helpful_info,6.666475296020508,6.572369575500488,1,16,
gulp,-1.6941618919372559,6.572635173797607,1,191,
small_world,6.652692794799805,7.081731796264648,1,17,
stomach_growl,2.618480682373047,7.564396858215332,1,23,
two_dose,7.7354044914245605,3.992034435272217,1,30,
cascade_stomach,5.5393290519714355,8.74724292755127,1,16,
cricopharyngeal_dysfunction,5.2099995613098145,10.41823673248291,1,43,
upper_gi,2.7240703105926514,9.332035064697266,1,94,
rib_flare,3.9440789222717285,9.152273178100586,1,15,
flex,0.9192672371864319,10.096980094909668,1,237,
find_this_sub,7.136074066162109,7.926088809967041,1,380,
pronounce,5.988090515136719,4.4710869789123535,1,47,
afrin,0.63780277967453,6.310031414031982,1,13,
bathroom_floor,-0.012818432413041592,8.043261528015137,1,34,
omeprazole_prilosec,-0.33730101585388184,3.9320778846740723,1,5,
r_cpd_not,5.754412651062012,9.398777961730957,1,42,
tingle,1.9155199527740479,9.158533096313477,1,24,
disappointment,6.669959545135498,4.911673069000244,1,47,
occasional_microburp,6.062414169311523,7.551605224609375,1,14,
dexilant,-0.37572601437568665,3.6608409881591797,1,25,
current_pregnant,3.8429839611053467,7.8943190574646,1,23,
ohsu_in_portland,8.184502601623535,5.509252548217773,1,6,
bronchitis,3.9083824157714844,8.216170310974121,1,21,
frother,-1.1423358917236328,5.933006763458252,1,10,
wait_room,9.367568016052246,4.806516647338867,1,78,
chewable_tablet,-1.1022456884384155,4.507592678070068,1,17,
adamant,6.353275775909424,6.354141712188721,1,26,
plain_water,-1.2361632585525513,5.912888526916504,1,19,
24_year_old,6.4418182373046875,7.789882183074951,1,27,
50_unit_with_lucy_hicklin,7.899280071258545,4.404429912567139,1,11,
food_elimination,-1.066593885421753,4.296047687530518,1,17,
scared,2.854257583618164,6.6235737800598145,1,1437,
child_pose,0.1890193521976471,9.599874496459961,1,22,
shaker_exercise_search,0.31125134229660034,10.91187858581543,1,14,
conduct_by,8.170247077941895,7.209563255310059,1,8,
life_upgrade,7.04118537902832,5.259495735168457,1,7,
erode,4.5603928565979,10.088781356811523,1,15,
artery,2.3780508041381836,9.840848922729492,1,11,
croydon,9.572599411010742,4.596931457519531,1,18,
horrible_hypersalivation,5.098763942718506,7.4281325340271,1,7,
under_local,8.643946647644043,3.6482696533203125,1,24,
explode,3.131352663040161,6.649617671966553,1,96,
newbie,7.338178634643555,7.5671305656433105,1,25,
chest_pain,3.0667436122894287,8.140822410583496,1,773,
your_mouth,0.9328513145446777,8.82763385772705,1,473,
lean,0.015164406970143318,9.28760051727295,1,245,
material,8.448974609375,7.832345485687256,1,41,
relief_soon,5.71276330947876,5.274924278259277,1,61,
lottery,5.831618785858154,7.7089152336120605,1,11,
my_mouth,1.8751243352890015,7.049380302429199,1,1341,
privileged,6.283868789672852,6.91210412979126,1,6,
coincidence,5.72278356552124,10.015558242797852,1,201,
portion_size,-1.591296911239624,5.504225730895996,1,23,
turmeric,-0.7795920968055725,4.378729343414307,1,17,
subsequent,5.528841018676758,8.747306823730469,1,42,
catch,2.3355283737182617,6.455953121185303,1,449,
elimination_diet,-0.9002326130867004,3.872260093688965,1,85,
readily_available,6.572090148925781,6.656002998352051,1,7,
weight_loss,-1.537035346031189,4.558527946472168,1,73,
jab,8.721899032592773,3.544404983520508,1,49,
surgery_room,0.6411165595054626,6.307187557220459,1,27,
press_against,1.8581167459487915,9.892210960388184,1,23,
eat,-1.3207552433013916,6.6346588134765625,1,13229,
toothbrush_down,0.5673030614852905,9.349645614624023,1,16,
chron,4.7890496253967285,9.087515830993652,1,6,
8_day,4.642226696014404,4.240869045257568,1,91,
doctor_withrow,8.906182289123535,5.34261417388916,1,33,
please_keep_us_update,6.525435447692871,5.384875297546387,1,61,
maintenance,6.992321491241455,5.379378795623779,1,20,
migraine,3.2523865699768066,8.30573558807373,1,152,
icky,2.3052773475646973,7.43047571182251,1,31,
nose_and_down,1.033138394355774,8.205731391906738,1,49,
mystery,5.8296732902526855,9.799078941345215,1,111,
asleep,1.214586853981018,7.838573932647705,1,163,
take_digestive_enzyme,-1.0395692586898804,4.839453220367432,1,12,
afraid_of_vomit,3.960622787475586,7.196948528289795,1,61,
ineffective_esophageal_motility,10.183202743530273,8.185002326965332,1,28,
lower_esophagus,2.3941357135772705,10.739593505859375,1,133,
60_unit,7.89956521987915,3.550227642059326,1,43,
mortify,4.362471103668213,6.028339862823486,1,35,
most_people,2.9662375450134277,5.966284275054932,1,1227,
correlation_between,5.641891956329346,9.934130668640137,1,88,
paranoid,2.979785203933716,6.65493106842041,1,72,
prop_myself_up,-0.41277623176574707,8.140393257141113,1,23,
mom,4.824392795562744,6.8187737464904785,1,115,
tomorrow_morning,8.503308296203613,4.822500705718994,1,66,
megathread,7.391421794891357,7.540406703948975,1,6,
nasal_breathe,0.40571337938308716,10.34525203704834,1,7,
sudafed,-0.09829505532979965,4.224374771118164,1,13,
procedure,7.427062511444092,3.566908121109009,1,17973,
interfere,4.802084922790527,9.91732120513916,1,92,
super_quick,8.790645599365234,3.6135752201080322,1,51,
charge,10.270824432373047,4.538516998291016,1,333,
daunting,5.665522575378418,6.117573261260986,1,20,
discover_this_subreddit,7.149933338165283,7.978047847747803,1,63,
neck_jaw,1.3230714797973633,10.04783821105957,1,17,
much_better,5.0256428718566895,5.3740644454956055,1,1174,
minor_inconvenience,5.7189178466796875,8.408888816833496,1,18,
stomach_virus,4.306431293487549,7.529469013214111,1,25,
intensify,3.1063406467437744,8.461494445800781,1,52,
gurgler,6.3006720542907715,7.7124223709106445,1,32,
tolerance,-1.4355710744857788,4.37028169631958,1,57,
26,4.565106391906738,7.071069717407227,1,154,
public_hospital,9.65568733215332,6.370723247528076,1,22,
fade_away,4.862918853759766,4.0684356689453125,1,40,
expel_air,3.591320753097534,6.136824607849121,1,36,
addiction,-1.0418224334716797,5.263888835906982,1,24,
concern,7.103099346160889,3.9090404510498047,1,919,
whole_milk,-1.380263328552246,5.017899513244629,1,9,
blueberry,-1.5232831239700317,5.429891586303711,1,14,
clinical,8.971685409545898,7.962203025817871,1,63,
partake,-0.5683152675628662,5.880613327026367,1,11,
finger_cross,5.476624011993408,5.0569963455200195,1,622,
dry_cough,2.064181327819824,7.703093528747559,1,25,
involuntary,3.143503189086914,5.275442600250244,1,427,
stuffy,2.366473913192749,7.681032657623291,1,12,
negotiate,10.238025665283203,4.860132694244385,1,22,
zurich,7.705572605133057,6.5888519287109375,1,5,
surface,0.31332263350486755,9.204861640930176,1,68,
non_burper,5.057499408721924,7.261284828186035,1,276,
mere,7.318174839019775,5.999130725860596,1,25,
plaster,7.934877395629883,7.150746822357178,1,5,
some_soreness,1.4384404420852661,7.754260063171387,1,20,
benzodiazepine,5.628758430480957,8.37382984161377,1,12,
chronic_nausea,3.6199214458465576,8.548500061035156,1,104,
impatient,5.534046649932861,5.079347610473633,1,79,
thump,1.4159220457077026,9.24083423614502,1,11,
raspy,1.6725449562072754,7.734535217285156,1,24,
entity,5.680713653564453,9.291810035705566,1,13,
tablespoon,-1.3302676677703857,5.738692283630371,1,12,
75_unit,7.773298740386963,3.444000244140625,1,370,
severe_side_effect,6.66838264465332,4.2015767097473145,1,32,
dermatitis,5.299808979034424,8.640185356140137,1,7,
medical_care,10.396539688110352,5.450765609741211,1,27,
nasal_cavity,1.1978752613067627,8.317605018615723,1,15,
gastrocardiac,5.836042404174805,9.473737716674805,1,5,
your_shoulder,0.19568157196044922,9.611781120300293,1,78,
calcium_carbonate,-0.9431924819946289,4.219048976898193,1,15,
decaf_coffee,-1.0182874202728271,4.9109272956848145,1,8,
disease,5.891561031341553,10.103808403015137,1,236,
beer,-1.1143152713775635,6.556468486785889,1,1525,
appeal,10.43554973602295,5.321383953094482,1,177,
carbonate_beverage,-1.2732843160629272,6.540932655334473,1,348,
drink_coffee,-1.1013096570968628,6.5762858390808105,1,116,
upper_esophageal_sphincter_ues,2.4383161067962646,10.65165901184082,1,21,
shaker_exercise_and_kiss,0.20575733482837677,10.75931167602539,1,6,
long_time_lurker,7.177137851715088,8.014798164367676,1,58,
spew,4.077038764953613,6.161561489105225,1,36,
chronic_gastritis,4.627979755401611,9.42873764038086,1,23,
riyadh,8.118330955505371,6.358775615692139,1,7,
cd,3.4856317043304443,9.829171180725098,1,9,
relax,1.3771977424621582,10.834823608398438,1,3169,
inopportune,5.575558662414551,7.039333820343018,1,5,
2_500,9.806150436401367,4.542911529541016,1,9,
manual_open,1.9081904888153076,10.434747695922852,1,19,
fullness,2.7386574745178223,8.203253746032715,1,86,
anything_carbonate,-1.3903948068618774,5.938351154327393,1,65,
private_health_insurance,10.46249771118164,5.1494646072387695,1,36,
overgrowth,3.9408645629882812,9.5480375289917,1,18,
huge_belch,3.4715309143066406,5.47780704498291,1,27,
approximate,7.375901222229004,6.496497631072998,1,10,
lay,-0.2355557233095169,8.702925682067871,1,843,
external,8.648473739624023,3.600677013397217,1,107,
knot,1.5743845701217651,9.369524955749512,1,39,
gloss_over,5.791379451751709,8.196762084960938,1,7,
medical_study,8.109640121459961,7.416799068450928,1,12,
runny,-1.954591989517212,5.742627143859863,1,15,
relaxation,1.5580226182937622,10.631375312805176,1,136,
chronic_fatigue,3.991394519805908,8.723258018493652,1,24,
drinker,-1.4079246520996094,5.951885223388672,1,61,
fence_about,6.624738693237305,4.896383285522461,1,45,
fold,1.1180585622787476,9.355240821838379,1,52,
cross_country,3.85029673576355,7.666195869445801,1,10,
age_18,4.758345127105713,7.491053104400635,1,9,
anti_depressant,4.881723403930664,9.394842147827148,1,18,
early_october,8.444273948669434,5.138158321380615,1,13,
right_shoulder,0.8245798945426941,9.479631423950195,1,26,
awesome_to_hear,6.525998592376709,6.547208786010742,1,33,
precision,8.63511848449707,3.6836280822753906,1,19,
core,1.1245203018188477,10.343985557556152,1,160,
front_tooth,0.90971440076828,9.448302268981934,1,34,
cbd,-0.4874741733074188,4.262757301330566,1,27,
longtime,6.787621974945068,7.545179843902588,1,14,
production,3.115960121154785,9.418743133544922,1,51,
5_8,4.934427738189697,3.6536331176757812,1,15,
fast_eater,-1.922303318977356,5.875087738037109,1,26,
ent_doc,9.778451919555664,7.20827054977417,1,46,
dolor,7.022495269775391,5.876222133636475,1,6,
try_to_convince,9.837650299072266,7.904855251312256,1,88,
slime,1.8102747201919556,7.886111259460449,1,14,
pay_outright,8.500641822814941,5.351505279541016,1,7,
afternoon_and_evening,3.5700666904449463,7.819519996643066,1,7,
your_frustration,5.895628929138184,6.28286600112915,1,23,
endoscopy,10.470758438110352,8.035224914550781,1,1253,
gas,2.1969690322875977,8.851297378540039,1,6028,
doctor_hayley_herbert,8.332674980163574,6.092825889587402,1,7,
more_intense,2.750096559524536,7.716808795928955,1,88,
treat_swallow_disorder,8.41726303100586,7.3527398109436035,1,18,
extreme_uncomfortable,2.7840921878814697,7.679253578186035,1,75,
connection_between,5.6801018714904785,9.919656753540039,1,88,
develop,4.567523956298828,7.751742362976074,1,989,
your_diaphragm,1.1192033290863037,10.31529426574707,1,111,
fade,4.671212196350098,4.181704044342041,1,163,
trap_gas,2.3360652923583984,8.793800354003906,1,488,
loudness,5.989195823669434,4.476999759674072,1,10,
difficult_task,6.5609025955200195,6.929902076721191,1,6,
ktc,0.37079674005508423,10.659092903137207,1,60,
hus,9.203666687011719,6.624931335449219,1,12,
terrible,3.008126974105835,7.5179033279418945,1,1064,
extreme_anxious,6.111748218536377,5.952567100524902,1,16,
contradictory,5.695923328399658,8.746894836425781,1,14,
motrin,0.006360687781125307,4.239943981170654,1,25,
vibrate,3.2621920108795166,5.966743469238281,1,39,
waste_of_time,9.913761138916016,7.900296211242676,1,132,
third_injection,7.703403949737549,3.5942094326019287,1,71,
localize,1.5882985591888428,6.865238189697266,1,12,
recognize_by,9.042704582214355,8.128719329833984,1,44,
foot,0.05747183412313461,8.923724174499512,1,166,
alternative_method,6.586238384246826,6.679884433746338,1,12,
cold_brew,-1.3113772869110107,4.940871238708496,1,16,
vlog,7.840184211730957,7.894609451293945,1,12,
activate,1.3727145195007324,10.527593612670898,1,148,
red_meat,-1.6950383186340332,4.905973434448242,1,35,
pregnant,3.390094041824341,7.725599765777588,1,703,
witness,4.9197187423706055,7.060614585876465,1,30,
barium_swallow_test,10.461139678955078,8.001288414001465,1,221,
ignorance,5.720947265625,8.036039352416992,1,26,
consultation,9.432242393493652,5.235498428344727,1,1113,
cancel_plan,3.1793673038482666,7.6272478103637695,1,12,
my_r_cpd,3.6934401988983154,8.39301586151123,1,431,
regain,4.710127830505371,4.204514980316162,1,71,
tik_tok,7.778409481048584,7.708168029785156,1,30,
core_exercise,0.21649180352687836,10.668423652648926,1,18,
almost_choke,1.8362436294555664,6.935703754425049,1,36,
polar,-0.5332040786743164,5.660488128662109,1,10,
provider_list,8.263233184814453,6.957162380218506,1,16,
induce_vomit,3.2988150119781494,6.606960296630859,1,29,
saskatoon,8.841055870056152,6.35274076461792,1,17,
numb_agent,1.1061100959777832,8.076688766479492,1,32,
discover_this_thread,6.976651191711426,7.772383689880371,1,10,
acid_reflux_medication,-0.42070674896240234,3.6235249042510986,1,54,
total_manage,1.8033920526504517,7.227123737335205,1,39,
slow_swallow_kick,1.7390596866607666,7.18219518661499,1,34,
new_to_this_community,7.074221611022949,7.644916534423828,1,14,
excess_phlegm,1.8317044973373413,7.686858654022217,1,6,
chug_beer,4.014252185821533,6.204857349395752,1,17,
especially_when,2.5246405601501465,5.974559783935547,1,374,
small_portion,-2.211090326309204,5.656397819519043,1,42,
after_extensive_conventional,9.282861709594727,7.4850263595581055,1,9,
family_member,6.14272928237915,9.331002235412598,1,139,
angle,0.05522066727280617,9.347990989685059,1,136,
my_shoulder_blade,1.7734371423721313,9.17176342010498,1,23,
instant_relief,3.133445978164673,6.428040981292725,1,114,
sound,2.994194507598877,5.914298057556152,1,3818,
copay,10.180669784545898,4.414376258850098,1,115,
kill,2.989192008972168,7.36685037612915,1,225,
since_birth,4.75445556640625,7.547189235687256,1,77,
location,8.71774673461914,3.804558753967285,1,259,
drink_anything_carbonate,-1.0631206035614014,6.592860698699951,1,81,
heaviness,2.176083564758301,9.155217170715332,1,8,
health_care,10.45474624633789,5.339087009429932,1,59,
thanks_for_respond,6.166901588439941,6.596343517303467,1,34,
instance,2.8875319957733154,5.917811393737793,1,169,
allergy_medication,-0.1707342118024826,3.9593281745910645,1,8,
bob,0.36667877435684204,9.601360321044922,1,24,
soft_pallet,0.8237367272377014,9.735261917114258,1,16,
25mg,-0.6319855451583862,4.548672676086426,1,6,
lax,2.5548763275146484,10.86849308013916,1,7,
skull,1.4277483224868774,9.307882308959961,1,23,
temple,1.7530890703201294,9.717194557189941,1,11,
75_unit_with_doctor_bastian,8.067500114440918,4.708273887634277,1,8,
dancer,5.5024847984313965,4.041626453399658,1,15,
original_post,7.93679141998291,7.830572128295898,1,55,
lower_jaw,0.34064191579818726,9.79675006866455,1,53,
android,7.211350917816162,5.903903007507324,1,5,
vcd,7.603763580322266,6.426619052886963,1,7,
exacerbate,4.775571823120117,9.901678085327148,1,184,
antidepressant,-0.3696834444999695,3.6535227298736572,1,68,
bacon,-2.0461714267730713,5.551811218261719,1,21,
february_2025,7.776829242706299,5.973891258239746,1,5,
stuff,-1.7839325666427612,6.52765417098999,1,1732,
dallas_area,8.08530044555664,6.060610771179199,1,6,
dyssynergia_and_pelvic_floor_dysfunction,5.216153144836426,8.946088790893555,1,12,
very_small_hiatal,4.819783687591553,10.038010597229004,1,7,
cabbage,-1.6119379997253418,4.842985153198242,1,27,
entire_pregnancy,3.7969343662261963,7.7069411277771,1,10,
this_community,7.905705451965332,8.195886611938477,1,357,
vess,9.817239761352539,7.84190559387207,1,42,
weaken,2.419814109802246,10.834208488464355,1,163,
blend,-2.0479092597961426,5.676477432250977,1,26,
shake,0.20168478786945343,8.417423248291016,1,330,
activate_charcoal,-0.5828486680984497,4.309897422790527,1,30,
wholesome,6.098336696624756,6.3434882164001465,1,8,
contraction,2.086517810821533,10.308756828308105,1,71,
classic_symptom,5.848343849182129,8.999626159667969,1,35,
datum,8.796096801757812,8.262005805969238,1,284,
very_infrequently,5.636363983154297,7.644382953643799,1,13,
transit,3.878483295440674,9.458395004272461,1,17,
doctor_anderson,9.939574241638184,6.150664806365967,1,136,
bout_of_nausea,3.6967005729675293,6.7725019454956055,1,12,
strep_throat,1.939390778541565,7.726521968841553,1,39,
academic_research,7.98472785949707,7.217121124267578,1,8,
xylitol,-0.7234850525856018,4.623172283172607,1,8,
amersfoort,9.157071113586426,4.72023868560791,1,18,
lowkey,5.7953877449035645,6.785711765289307,1,17,
my_uncle,5.866456031799316,9.526222229003906,1,30,
carbonate,-1.3900399208068848,6.072224140167236,1,216,
without_ga,8.719962120056152,3.8297698497772217,1,27,
academic,8.36121654510498,7.3044047355651855,1,26,
26_year_old,6.51524019241333,7.742166519165039,1,22,
surgeon_who,9.346405982971191,7.241756439208984,1,45,
defensive,5.937873363494873,7.926910400390625,1,10,
jeans,0.19866199791431427,7.549999713897705,1,53,
spit_into,0.37607505917549133,8.426786422729492,1,19,
find_out,9.6248140335083,8.161222457885742,1,1573,
gi,10.201581001281738,8.00656795501709,1,953,
eat_meat,-1.5912666320800781,4.658824443817139,1,24,
side_effect,4.871674537658691,4.681484699249268,1,2923,
incredible_helpful,8.37823486328125,6.637875080108643,1,17,
coat,1.19426429271698,8.230829238891602,1,61,
doctor_craig,8.0374116897583,6.126527786254883,1,6,
low_acid,4.4685845375061035,9.720711708068848,1,25,
weak_voice,2.040773630142212,7.521159648895264,1,31,
specific_spot,1.8697679042816162,9.457076072692871,1,9,
botox_treatment,7.270784378051758,3.7816128730773926,1,1641,
globus,2.7757720947265625,8.467517852783203,1,68,
st_clair_shore_mi,8.285250663757324,6.00684118270874,1,6,
middle_finger,0.537999153137207,9.459854125976562,1,19,
invisible,4.125619888305664,5.995884895324707,1,14,
lean_against,0.012770012952387333,9.00831127166748,1,8,
neurological_function,2.7799532413482666,10.507974624633789,1,15,
mild_cold,6.485528469085693,4.271782875061035,1,10,
hospital_fee,9.765156745910645,4.440711498260498,1,14,
end_cycle,3.6005642414093018,6.504284858703613,1,10,
ride_home,0.45751503109931946,6.4022536277771,1,14,
2_3,4.197825908660889,3.9854812622070312,1,774,
overpriced,5.994932651519775,8.056075096130371,1,7,
soft_drink,-1.257711410522461,6.091729164123535,1,49,
throw_up_either,3.943892240524292,6.6151652336120605,1,13,
too_bad,2.228924036026001,6.854931354522705,1,392,
diagnose,9.912184715270996,8.138774871826172,1,1837,
private_health,10.4893217086792,5.200122356414795,1,42,
rule_out_any,10.392717361450195,7.98856782913208,1,36,
numb_stuff,1.0937319993972778,8.042874336242676,1,20,
38_year_old,6.740302562713623,7.314333915710449,1,9,
big_gulp,-1.9055248498916626,6.476059436798096,1,47,
ex_noburper,6.398796081542969,7.989168643951416,1,6,
neural,2.645059585571289,10.443425178527832,1,18,
distension,2.68184494972229,9.244693756103516,1,66,
cripple,3.8795833587646484,8.067144393920898,1,101,
advice_and_support,7.025732517242432,6.695641994476318,1,22,
teach_yourself_to_squat_instead,-0.5626369714736938,8.154621124267578,1,14,
sexual,3.8960728645324707,8.263028144836426,1,27,
inside,1.5700026750564575,9.091034889221191,1,571,
dragon,3.8098466396331787,6.005300998687744,1,28,
trt,7.636195182800293,5.414574146270752,1,7,
fermentation,2.994417905807495,9.357006072998047,1,23,
population,8.742234230041504,8.288203239440918,1,74,
so_grateful,5.623886585235596,5.383561611175537,1,179,
chronic_pain,4.0517988204956055,8.66240119934082,1,37,
take_adderall,4.199650764465332,8.702770233154297,1,17,
bub,6.580963611602783,6.246520042419434,1,9,
first_round,7.555405616760254,3.4930155277252197,1,338,
explosion,3.6405129432678223,5.785308361053467,1,20,
glutton,5.2664408683776855,7.419212818145752,1,5,
13_month,4.869012832641602,4.060250759124756,1,20,
stenosis,5.362680435180664,8.705583572387695,1,6,
save_goal,10.384033203125,5.318454265594482,1,6,
shot_of_vodka,-0.9594382047653198,5.963072299957275,1,9,
toot,3.6254899501800537,7.584092140197754,1,34,
frog,3.165086269378662,5.897151947021484,1,335,
compress,1.9515026807785034,9.454071998596191,1,60,
angry,4.809931755065918,5.955517292022705,1,101,
piece_together,8.090388298034668,7.444652080535889,1,17,
lentil,-1.6780307292938232,4.9216790199279785,1,14,
vocal_cord,2.1709001064300537,10.626418113708496,1,64,
logical_sense,5.164463043212891,6.304844379425049,1,8,
control_them,1.1031501293182373,11.034103393554688,1,134,
incredible_uncomfortable,2.770988702774048,7.966549873352051,1,26,
actual_vomit,3.186811923980713,6.5520548820495605,1,81,
huge_meal,-0.10553032904863358,6.672767162322998,1,23,
budget,10.356100082397461,4.687577724456787,1,40,
medical_paper,8.741761207580566,7.64805793762207,1,17,
wet,2.2938218116760254,6.500522136688232,1,209,
workday,0.12747108936309814,6.598021507263184,1,13,
75_unit_under_general,8.47536563873291,4.113274574279785,1,12,
thc,-1.0090986490249634,4.55381441116333,1,40,
lie_flat,-0.237979456782341,8.719627380371094,1,157,
calm_myself,0.5069593191146851,8.774881362915039,1,18,
table,0.027857832610607147,8.598750114440918,1,181,
dire,7.141051769256592,5.910285472869873,1,13,
office,8.717803001403809,3.582526206970215,1,2373,
my_chin,0.31419676542282104,9.81436538696289,1,177,
diarrhea_and_constipation,4.686869144439697,8.978731155395508,1,8,
jackass,6.0849175453186035,8.02579402923584,1,7,
swallow_tablet,5.805653095245361,7.294814109802246,1,17,
bathroom,3.242587089538574,6.422278881072998,1,709,
induction,5.927828788757324,6.9188666343688965,1,5,
drug,-0.5449540615081787,3.611725330352783,1,319,
leafy_green,-1.4748252630233765,5.094858646392822,1,7,
television,6.65205192565918,6.329634666442871,1,6,
force_them,1.0288923978805542,11.008726119995117,1,261,
non_carbonate,-1.287538766860962,6.034337043762207,1,77,
bacteria_overgrowth,5.395604133605957,8.687573432922363,1,8,
medical_bill,10.389007568359375,5.0433349609375,1,28,
every_evening,3.2239949703216553,7.666101455688477,1,22,
drink_carbonate,-1.293875813484192,6.4973297119140625,1,317,
insecure,5.0245585441589355,7.065533638000488,1,14,
throat_tightness,3.125885248184204,8.553022384643555,1,54,
pants,0.203396737575531,7.5884270668029785,1,157,
put_on_weight,-1.4520869255065918,4.859156131744385,1,40,
post_nasal_drip,2.8965885639190674,8.397915840148926,1,194,
hiatal_hernia_so,5.797788143157959,8.532247543334961,1,10,
dessert,-1.3071067333221436,5.768628120422363,1,35,
shock,4.574187278747559,5.937969207763672,1,508,
very_subtle,5.966067314147949,6.828270435333252,1,13,
snack,-0.7893272042274475,6.644808292388916,1,232,
press,0.9544662237167358,9.785057067871094,1,326,
home_early,-0.15584290027618408,6.863186836242676,1,28,
hiatal_hernia,4.932750225067139,10.094974517822266,1,243,
request,10.141375541687012,6.231086730957031,1,360,
10_month,4.81381368637085,4.056482791900635,1,86,
chirp,3.933014154434204,5.845935344696045,1,6,
excessive_fart,3.2039601802825928,8.126129150390625,1,42,
link_to_r_cpd,5.643988132476807,9.018662452697754,1,12,
race_heart,2.778247356414795,7.339901924133301,1,13,
belle,7.092119216918945,5.912274360656738,1,5,
girlfriend,5.077398300170898,6.956231594085693,1,47,
feel_like_garbage,0.09968025237321854,6.485045909881592,1,13,
nose_spray,1.4662359952926636,7.757167816162109,1,12,
joke,4.543804168701172,6.364134311676025,1,204,
contribute_to_develop,5.726468086242676,8.854456901550293,1,8,
tuck,0.2725507616996765,9.781445503234863,1,89,
frank,5.236460208892822,6.421763896942139,1,60,
fate,6.373531818389893,6.872613906860352,1,12,
flatus,4.410950660705566,6.502155303955078,1,5,
elderly,2.7890563011169434,10.801432609558105,1,11,
dry_mouth,2.8302226066589355,8.39534854888916,1,61,
very_interest,7.9865403175354,8.200732231140137,1,219,
after_lunch,-0.06053369864821434,6.947140216827393,1,110,
crackle,2.1895382404327393,7.9793572425842285,1,13,
ear_to_ear,0.47580212354660034,9.671401977539062,1,11,
while_simultaneous,0.5126612782478333,9.7330904006958,1,9,
80_of_people,7.896661281585693,3.691432237625122,1,69,
social_situation,2.9871771335601807,7.176919937133789,1,137,
succeed,0.9793263673782349,11.13503360748291,1,84,
many_aspect,5.342106819152832,6.588674545288086,1,10,
secretion,3.7404942512512207,9.469947814941406,1,8,
unmask,5.413603782653809,10.060667991638184,1,7,
other_option,10.482501029968262,5.382160663604736,1,116,
large_meal,-1.0147134065628052,6.565312385559082,1,149,
ear,1.628907322883606,8.563400268554688,1,465,
450,9.904623031616211,4.458165645599365,1,17,
fruit_and_vegetable,-1.379096508026123,4.7584381103515625,1,20,
esophageal_pressure,3.7737181186676025,10.02454948425293,1,15,
gargle,2.8500938415527344,5.965096950531006,1,210,
risky,7.236318111419678,3.9353363513946533,1,83,
journey,5.673396110534668,5.30056095123291,1,571,
gut_microbiome,5.541032314300537,8.93159008026123,1,17,
good_chance,7.204936504364014,3.8679921627044678,1,120,
right_below,1.6614325046539307,9.50619125366211,1,18,
seven,4.678540229797363,3.7228267192840576,1,30,
anxiety_disorder,5.625504016876221,9.440287590026855,1,43,
stoke,5.828272819519043,5.396969795227051,1,38,
hicklin_and_karagama,8.053009033203125,4.148633003234863,1,8,
available,10.284358978271484,5.733900547027588,1,464,
mcas,5.680798053741455,9.528298377990723,1,23,
assure,6.990888595581055,3.979097843170166,1,128,
blender,-1.5047134160995483,5.488811016082764,1,13,
bloat,2.911057233810425,7.640297889709473,1,9909,
lower_larynx,0.3562385141849518,9.857807159423828,1,11,
chew_gum,-1.8564058542251587,5.123635768890381,1,132,
weird,2.7686522006988525,6.20466947555542,1,3404,
magnesium,-0.9920711517333984,4.135317802429199,1,60,
ph_test,10.42199420928955,7.989867210388184,1,65,
maybe_twice,3.765970230102539,4.36620569229126,1,55,
peristalsis,2.5071861743927,9.84835433959961,1,48,
pretty_nervous,5.9277825355529785,4.990473747253418,1,29,
compromise,2.516608238220215,10.606496810913086,1,38,
bone_broth,-1.9956988096237183,5.592444896697998,1,24,
id_argue,3.4344565868377686,9.9332857131958,1,9,
good_posture,0.1756410449743271,9.928874969482422,1,42,
june,8.408133506774902,4.412477016448975,1,286,
chug,-1.345044732093811,6.530680179595947,1,474,
strong_gag_reflex,1.8497846126556396,7.861355304718018,1,33,
obnoxious_loud,5.145693302154541,6.916041374206543,1,6,
announce,6.682156085968018,7.348205089569092,1,20,
indescribable,4.768370628356934,6.749994277954102,1,28,
four_month,4.851901531219482,4.062964916229248,1,62,
rational,4.184752464294434,7.157114505767822,1,33,
nitric_oxide,0.4252433478832245,10.32799243927002,1,7,
squeak_out,3.688925266265869,5.597952842712402,1,12,
ovarian_cyst,4.696890354156494,9.222135543823242,1,11,
building_up,1.9286377429962158,9.144648551940918,1,90,
diagnose_r_cpd,9.861918449401855,7.740972995758057,1,84,
tickle,1.7807873487472534,7.807485580444336,1,88,
right_armpit,6.265964031219482,6.266975402832031,1,8,
seborrheic,5.4105987548828125,8.558267593383789,1,5,
visual,1.94550359249115,10.490046501159668,1,60,
yellow,0.4022737145423889,8.264629364013672,1,20,
almost_everyday,3.606996774673462,7.926456928253174,1,19,
accompany_by,2.7168498039245605,8.068530082702637,1,96,
eat_solid,-2.1011435985565186,6.390750408172607,1,89,
scoliosis,2.3164730072021484,10.114130020141602,1,62,
psyllium_husk,-0.723400354385376,4.390017986297607,1,9,
cup_of_ice,-2.280120611190796,5.597685813903809,1,6,
postnasal_drip,2.8088467121124268,8.420613288879395,1,55,
600_upfront,7.757413864135742,5.948140621185303,1,8,
march_2023,7.634850978851318,4.949426651000977,1,17,
receptive,9.587770462036133,7.761714458465576,1,29,
lifelong_no_burper,6.432758331298828,7.74750280380249,1,43,
gasp,3.205044746398926,5.9538960456848145,1,75,
are_not_all,6.557594299316406,7.056854248046875,1,8,
occurrence,3.812002420425415,8.667552947998047,1,57,
extreme_bloat,3.053891897201538,8.042820930480957,1,231,
during_lockdown,6.148422718048096,6.782198905944824,1,10,
celiac,4.744663238525391,9.78631591796875,1,105,
other_health,5.6743364334106445,9.687329292297363,1,33,
roof,0.35488075017929077,8.958791732788086,1,87,
vomit_episode,4.307198524475098,7.9526495933532715,1,22,
throw_up_once,4.300715923309326,7.5099263191223145,1,43,
reduce_gas,3.5333409309387207,9.4679536819458,1,37,
these_attack,5.021952152252197,7.393346786499023,1,25,
1l,-1.1648240089416504,6.202791690826416,1,12,
much_less,2.8451037406921387,5.94387674331665,1,184,
pancreas,3.83644437789917,9.533289909362793,1,13,
sensation,2.3537111282348633,6.563488006591797,1,1074,
episode,3.089327812194824,7.905350685119629,1,525,
gi_surgeon,9.124261856079102,6.611123085021973,1,9,
chase_each_bite,-2.1269547939300537,5.77364444732666,1,6,
technology,8.411632537841797,6.634178161621094,1,14,
road_to_recovery,6.803694248199463,6.686159133911133,1,9,
sudden_onset,4.333457946777344,8.619625091552734,1,13,
carbonation,-1.2420872449874878,6.594925403594971,1,796,
hemp,5.503069877624512,7.670294761657715,1,6,
gerd,4.875929832458496,10.090096473693848,1,1734,
orange_juice,-1.933638572692871,5.137537002563477,1,42,
electric,1.0461454391479492,9.475290298461914,1,12,
overjoy,6.636046886444092,7.42415714263916,1,17,
his_office,9.580090522766113,5.371703147888184,1,291,
vocal_fry,6.368425369262695,6.903547286987305,1,7,
healthcare_provider,8.566377639770508,7.419982433319092,1,17,
burden,4.515308380126953,6.560693264007568,1,35,
reject,10.534717559814453,5.265243053436279,1,80,
take_zofran,3.3858394622802734,7.716958522796631,1,28,
bloat_belly,2.9604008197784424,7.9429931640625,1,41,
sharp,1.8881950378417969,8.79114818572998,1,124,
chronic_sinusitis,4.283114433288574,8.456056594848633,1,13,
simethicone,-0.8655568361282349,4.001727104187012,1,218,
holy_cow,6.659090042114258,6.747913360595703,1,17,
lid,0.6235578060150146,9.336007118225098,1,44,
amplify,3.718432664871216,8.579983711242676,1,39,
overlook,6.14473819732666,8.182052612304688,1,18,
phantom,3.425504684448242,9.911689758300781,1,10,
self_refer,9.802597045898438,7.335611820220947,1,45,
family_doctor,10.007621765136719,7.595761775970459,1,99,
spain,9.977008819580078,6.069754600524902,1,60,
fear_of_throw_up,3.9452812671661377,7.249962329864502,1,129,
embarrassment,4.231424331665039,6.542870998382568,1,115,
15_year,4.53140926361084,7.169548988342285,1,163,
wear_clothes,5.627040386199951,7.0456109046936035,1,6,
find_this_page,7.103451728820801,7.881429195404053,1,54,
pass_through,1.9865944385528564,9.239063262939453,1,110,
feel_nauseate,2.9639265537261963,7.44476318359375,1,70,
mind_blow,6.930964469909668,7.870815277099609,1,51,
overhead_press,0.29186028242111206,9.486355781555176,1,6,
18_year,4.43132209777832,7.607362270355225,1,58,
foreign_country,7.594040393829346,6.171210765838623,1,6,
seat,-0.0021764442790299654,8.68088150024414,1,125,
something,2.515763998031616,6.64772891998291,1,7315,
amazement,6.61976432800293,7.46494197845459,1,10,
severe,3.614362955093384,8.238367080688477,1,1328,
mr_karagama,8.869751930236816,4.1410908699035645,1,479,
appointment_with_doctor_bastian,9.030991554260254,5.058280944824219,1,76,
fat,-1.9124490022659302,4.839725494384766,1,197,
bf,5.0177903175354,6.952625751495361,1,29,
100x,5.079469203948975,6.64613151550293,1,10,
answer_any_question,8.435783386230469,7.00477933883667,1,52,
suffer_in_silence,6.054501056671143,6.24968957901001,1,10,
gar,6.852904796600342,5.870027542114258,1,9,
ga_procedure,8.160303115844727,3.87479567527771,1,38,
while_radiograph,9.287511825561523,7.603071689605713,1,9,
tangle,2.097158908843994,9.743847846984863,1,5,
heartbreak,6.13881778717041,6.743095874786377,1,14,
downer_grove,9.269801139831543,4.762483596801758,1,48,
concert,-0.42787888646125793,6.675828456878662,1,158,
super_weird,2.730496644973755,6.387472152709961,1,58,
dry,-2.2415566444396973,5.54827880859375,1,330,
medical_expertise,7.529078483581543,6.481339454650879,1,7,
less_flatulence,2.8251938819885254,7.739948749542236,1,17,
antihistamine,-0.12834382057189941,4.038642406463623,1,23,
recover,4.738358020782471,4.228558540344238,1,379,
train_your_body,1.0623029470443726,11.033833503723145,1,29,
relief,2.945272445678711,6.080185890197754,1,4823,
knuckle,0.7920458316802979,9.511957168579102,1,12,
search_this_sub,0.25084298849105835,10.908729553222656,1,46,
widen,1.9780573844909668,10.370231628417969,1,32,
croak_sound,3.1460516452789307,5.9975786209106445,1,72,
little_background,7.394832611083984,7.662035942077637,1,14,
original_paper,7.981941223144531,7.350761413574219,1,9,
ineffective,2.5334255695343018,10.867595672607422,1,56,
lifestyle_change,-1.0788490772247314,4.008246421813965,1,60,
funny,4.461573600769043,5.904175281524658,1,603,
hazard,6.848189353942871,6.275280475616455,1,14,
writhe_in_pain,0.1196247860789299,6.673523902893066,1,6,
neck_and_shoulder,1.4025280475616455,9.484554290771484,1,29,
iron,-1.1522022485733032,4.398952960968018,1,42,
end_up_dry_heave,3.111358880996704,7.209106922149658,1,13,
u_guy,7.301149845123291,6.949406623840332,1,14,
absolutely_terrify,4.45198917388916,7.521373748779297,1,35,
stomach_ulcer,4.65288782119751,9.891928672790527,1,39,
evening_meal,0.14157189428806305,6.892317771911621,1,19,
logo,7.11660623550415,5.862165451049805,1,9,
unknown,5.849272727966309,9.733293533325195,1,143,
involuntary_dry_heave,2.6909334659576416,8.090538024902344,1,11,
6_week_mark,4.890333652496338,4.041446685791016,1,24,
quote,10.407417297363281,5.136030673980713,1,171,
fourteenth,8.46176815032959,4.760009288787842,1,32,
doctor_schiffer,8.644929885864258,5.772396087646484,1,18,
credence,0.3754635751247406,10.84842586517334,1,9,
amitriptyline,-0.33573439717292786,3.6900546550750732,1,39,
heartburn,3.2879903316497803,8.172065734863281,1,1073,
cramp,2.780130624771118,8.275019645690918,1,217,
vocal_chord,2.118839979171753,10.584310531616211,1,23,
40_year_old,6.527091026306152,7.576659202575684,1,9,
20_mg,-0.41557374596595764,3.6360878944396973,1,16,
information_about,8.756394386291504,8.115705490112305,1,103,
coke,-1.3293368816375732,6.263210773468018,1,181,
right_place,1.9301955699920654,10.46395492553711,1,141,
shower_every_morning,3.282888650894165,5.82173490524292,1,7,
absolutely_agree,6.305689811706543,6.983354568481445,1,14,
nasal_congestion,2.1615662574768066,7.6758222579956055,1,8,
anonymous,7.897413730621338,7.272158622741699,1,21,
antispasmodic,4.360478401184082,9.296648025512695,1,6,
cpd,8.946893692016602,7.979361534118652,1,180,
choke_sensation,1.946757435798645,7.138472557067871,1,26,
fox,7.710913181304932,7.300984859466553,1,8,
cobra,6.516005039215088,6.065789699554443,1,6,
hebbel,6.932573318481445,5.230297088623047,1,45,
pose_in_yoga,6.4815521240234375,6.055063724517822,1,8,
mr_yakubu_karagama,9.450000762939453,4.722910404205322,1,16,
botox_itself,10.194849967956543,4.436613082885742,1,197,
gastric_sleeve,5.543169021606445,8.808384895324707,1,33,
myotomy,7.386955261230469,3.6734609603881836,1,310,
though,2.502734661102295,6.55919075012207,1,6459,
alcoholic,-1.225138545036316,5.93120002746582,1,41,
ware_off,7.58082914352417,4.618835926055908,1,6,
5_pound,5.310861587524414,3.979363203048706,1,10,
drink_tea,-0.8793778419494629,6.571836948394775,1,33,
happy,5.519278526306152,5.35203218460083,1,1762,
coverage,10.460904121398926,5.18269681930542,1,121,
primary_care,10.028777122497559,7.455195426940918,1,32,
three,4.309035778045654,3.859095573425293,1,436,
edge_off,-0.1720140278339386,3.9440557956695557,1,14,
mitigation,-0.6641895174980164,4.171733379364014,1,8,
look_pregnant,2.978440523147583,7.989504337310791,1,138,
phil,6.809774398803711,6.472088813781738,1,5,
big_fear,3.9201464653015137,7.1917595863342285,1,83,
heat_pad,-0.20863111317157745,8.72149658203125,1,29,
slip_out,3.207747459411621,5.2780914306640625,1,117,
john_hopkins,8.716371536254883,7.604622840881348,1,30,
accord_to_doctor_bastian,6.114589214324951,8.785637855529785,1,18,
lack_of_appetite,3.564537286758423,8.491239547729492,1,15,
vodka_cran,-0.8214543461799622,5.580625057220459,1,8,
very_friendly,9.693105697631836,5.270641326904297,1,31,
health_problem,6.051392078399658,9.856258392333984,1,46,
postural,0.8221175670623779,10.55251693725586,1,15,
scroll_down,8.620044708251953,7.60059118270874,1,43,
dough,-2.0125620365142822,5.78881311416626,1,9,
fluctuation,5.186047077178955,9.38809871673584,1,11,
left_side,-0.23768626153469086,8.723007202148438,1,637,
squeeze,0.9648098945617676,9.904059410095215,1,353,
lower_gi_tract,3.4375932216644287,9.016773223876953,1,7,
huge_difference,4.705416202545166,5.009625434875488,1,90,
pat,-0.033597707748413086,8.960838317871094,1,63,
visceral,5.40848445892334,8.990266799926758,1,17,
rib,1.5366401672363281,9.370672225952148,1,176,
teach_myself,1.0589394569396973,11.122056007385254,1,236,
spasmodic_dysphonia,5.297939777374268,10.418780326843262,1,13,
trick,0.8670374751091003,10.969518661499023,1,562,
miserable,3.065446615219116,7.101656436920166,1,1172,
curl_up,0.08051634579896927,8.551264762878418,1,38,
grunt,3.3430066108703613,5.841765880584717,1,15,
since_early_childhood,6.092690467834473,8.648306846618652,1,15,
significant_cheap,9.886916160583496,4.864553451538086,1,14,
bittersweet,5.828373908996582,6.346686840057373,1,7,
r_cpd_how,4.838774681091309,8.194053649902344,1,6,
override,3.7481491565704346,6.824526309967041,1,14,
bottom,0.960544228553772,9.547560691833496,1,353,
bonjour_avoir_vous_recut,7.01543664932251,5.776144981384277,1,14,
choo,7.345767498016357,6.57828950881958,1,5,
curry,-1.6190176010131836,5.133166313171387,1,22,
digest_food,2.8045191764831543,9.305933952331543,1,35,
llama,7.188242435455322,5.910061836242676,1,5,
self_conscious,4.142768859863281,5.873087406158447,1,109,
huge_emetophobe,5.485113143920898,7.514439105987549,1,11,
antireflux,3.5099217891693115,9.856855392456055,1,5,
thailand,8.869901657104492,6.510619163513184,1,15,
tylenol,0.08135563135147095,4.248194694519043,1,115,
sibo_and_h_pylori,5.454768657684326,8.582744598388672,1,6,
st_vincent,9.032816886901855,6.1841721534729,1,14,
ppi_medication,-0.3617570102214813,3.816063404083252,1,26,
full_swing,3.967521905899048,4.693350315093994,1,9,
molar,0.5943353772163391,9.610876083374023,1,9,
doctor_michael,9.390153884887695,5.82707405090332,1,44,
chronic_illness,4.543466091156006,8.747462272644043,1,32,
go_through,5.279844284057617,5.392821788787842,1,2177,
next_few_week,5.55000114440918,5.016568183898926,1,67,
correlation_between_r_cpd,5.79730749130249,8.53726863861084,1,7,
postpartum,5.328721523284912,8.277644157409668,1,15,
r_cpd_after,5.947763442993164,8.690003395080566,1,5,
intensity,4.533653259277344,4.144616603851318,1,78,
pretty_universal,5.349514961242676,7.069806098937988,1,8,
most_part,2.742051362991333,5.667037487030029,1,182,
maybe_once,3.7154808044433594,4.389163494110107,1,207,
observer,6.67384147644043,6.755094528198242,1,8,
retrograde_cricopharyngeal_dysfunction_r,8.932477951049805,7.96879768371582,1,23,
xiphoid_process,2.077181100845337,9.14333724975586,1,9,
period_of_time,4.6266632080078125,4.4871439933776855,1,78,
stomach_ache,3.067983388900757,7.944581508636475,1,293,
220,5.704343318939209,3.7586734294891357,1,12,
first_week,4.575540542602539,4.32996940612793,1,609,
pot,5.4892964363098145,9.952592849731445,1,193,
sparkle_wine,-0.8787030577659607,5.813327312469482,1,9,
anesthesia,8.787776947021484,3.459990978240967,1,1099,
lover,-1.2992278337478638,4.963545322418213,1,10,
350,9.884632110595703,4.490972518920898,1,27,
original_literature_suggest,7.726323127746582,3.9408252239227295,1,7,
liquid_gaviscon,-0.5170135498046875,4.027358531951904,1,14,
inability_to_burp,5.870779991149902,10.120010375976562,1,1426,
oh_ok,6.332733631134033,6.5180840492248535,1,36,
alc,-0.8407361507415771,5.616113185882568,1,7,
nerve_damage,3.840550422668457,9.624900817871094,1,27,
aviva,9.309377670288086,5.863717555999756,1,12,
your_vocal_cord,1.1402263641357422,8.494501113891602,1,46,
empty_study,5.415225982666016,8.625999450683594,1,5,
sleep_quality,5.69675874710083,8.717763900756836,1,13,
5_month,4.789987564086914,4.057083606719971,1,395,
ginger,-1.4042136669158936,4.576186180114746,1,124,
traumatize,4.059081077575684,7.3374176025390625,1,84,
behind,0.6718369722366333,9.379073143005371,1,347,
pro_con,8.685552597045898,5.8022260665893555,1,9,
extreme_emetophobia,4.403199195861816,7.5894694328308105,1,57,
study_and_potential_participate,6.850278854370117,6.707538604736328,1,12,
treatment_option,8.980011940002441,8.02442741394043,1,66,
metabolic,3.6788341999053955,9.56373119354248,1,6,
precursor,3.7938308715820312,6.644094467163086,1,8,
drink_alcohol,-1.0720267295837402,6.5831828117370605,1,372,
very_uncomfortable,2.5117580890655518,7.200262069702148,1,205,
reddit_sub,7.1325273513793945,7.4240403175354,1,12,
dc,9.48037052154541,5.739455699920654,1,39,
cut_down,-1.475785255432129,4.940439701080322,1,39,
8th,8.480469703674316,4.727071285247803,1,56,
high_resolution,9.383389472961426,7.649782657623291,1,18,
clavicle,0.9192183613777161,8.129508018493652,1,9,
any_guidance,8.963483810424805,6.49497127532959,1,11,
this_group,7.892092227935791,8.203948020935059,1,477,
sniffle,2.6202938556671143,8.32769775390625,1,28,
scientific,8.812275886535645,8.2914457321167,1,112,
exhalation,3.957313060760498,5.8788347244262695,1,6,
benadryl,-0.05937260016798973,4.105314254760742,1,19,
lung,2.090036630630493,10.175481796264648,1,154,
adkins,7.704075336456299,6.417649745941162,1,6,
sickness,3.261225700378418,7.754332065582275,1,128,
bulge,1.7762199640274048,9.509297370910645,1,11,
malnutrition,4.136014938354492,8.536303520202637,1,24,
headband,6.189800262451172,6.928120136260986,1,7,
costochondritis,4.10164737701416,9.968374252319336,1,24,
slim,4.477713584899902,6.517410755157471,1,81,
devoir,7.034084320068359,5.781651973724365,1,6,
random_throughout,3.8049824237823486,4.558545112609863,1,21,
explain,9.736908912658691,8.139274597167969,1,2103,
maternity,6.474311828613281,6.031879425048828,1,9,
lurker_here,6.5688066482543945,7.524364948272705,1,6,
magic_mushroom,0.38408783078193665,5.575199604034424,1,8,
roemheld_syndrome,5.690980434417725,9.083390235900879,1,16,
anatomical,2.563457489013672,10.665102005004883,1,30,
blackout_drunk,3.1343350410461426,6.869174480438232,1,9,
co,9.573081016540527,6.797048568725586,1,37,
co_insurance,9.759805679321289,4.4500274658203125,1,7,
correlate,5.6107587814331055,9.978626251220703,1,154,
meet_anyone,6.003794193267822,7.386241436004639,1,15,
roemheld,5.787931442260742,9.52107048034668,1,8,
pepto_bismol,-0.821412205696106,4.175240516662598,1,16,
eat_dinner,-0.118698850274086,6.889649868011475,1,64,
hella,5.59075403213501,6.205811023712158,1,33,
month_pregnant,0.10932622104883194,7.095268249511719,1,18,
audible_sound,0.7746052145957947,9.327978134155273,1,10,
blog,7.992876052856445,7.825376510620117,1,39,
poor_tongue_posture,2.2992405891418457,10.01707935333252,1,6,
web_site,8.502191543579102,6.553867816925049,1,10,
8_month_pregnant,2.8358218669891357,8.006256103515625,1,24,
bad_breath,3.034872055053711,7.997589588165283,1,56,
natural,1.326920747756958,10.95316219329834,1,1116,
sharma,8.988302230834961,6.206003189086914,1,13,
finger_method,3.249370574951172,6.504158973693848,1,12,
story,7.914305210113525,8.217329025268555,1,1355,
cook,-2.269151210784912,5.356586456298828,1,98,
bacterial,3.987997055053711,9.52425765991211,1,23,
esophageal,4.219783782958984,10.161577224731445,1,219,
under_your_chin,0.31188634037971497,9.643218994140625,1,8,
blue_shield,10.328592300415039,4.965148448944092,1,18,
gnaw,3.0382206439971924,8.366630554199219,1,16,
reddit_thread,7.965044975280762,7.6634626388549805,1,30,
cycle,1.8696120977401733,8.886244773864746,1,154,
search_youtube,0.23917575180530548,10.791783332824707,1,19,
quite_common,5.601999282836914,9.933881759643555,1,50,
vitality,10.532447814941406,5.332911968231201,1,59,
procedure_with_doctor_bastian,8.535673141479492,4.749304294586182,1,89,
tongue_position,1.1055320501327515,10.295828819274902,1,28,
sarcastic,6.247186660766602,6.611880302429199,1,11,
drowsy,1.1194316148757935,7.096785545349121,1,26,
ice_lolly,-2.020902633666992,5.774377822875977,1,9,
gas_production,3.6976633071899414,9.524155616760254,1,24,
31st,8.403120040893555,4.770249843597412,1,16,
anti_gas_medication,-0.4728725850582123,4.217211723327637,1,10,
parking,0.5013811588287354,6.333182334899902,1,13,
schindler,8.053144454956055,5.812105178833008,1,9,
brunch,-1.5710643529891968,5.764738082885742,1,12,
take_amitriptyline,5.377878189086914,7.9306254386901855,1,14,
northeast,7.532756805419922,6.412097454071045,1,5,
rheumatoid_arthritis,5.789137363433838,9.119464874267578,1,11,
my_sternum,1.5750161409378052,9.3561429977417,1,82,
doctor_pepper,-1.1310498714447021,6.255812644958496,1,35,
curl,1.0088928937911987,9.467752456665039,1,27,
ent_surgeon,9.3063383102417,7.322820663452148,1,66,
whoever,8.966814041137695,7.8718953132629395,1,76,
pca_muscle,1.9083229303359985,10.4711332321167,1,7,
2_month,4.754144191741943,4.095641136169434,1,661,
panic_attack,3.4009127616882324,7.589198112487793,1,471,
abdominal_pain,3.0819168090820312,8.239418029785156,1,184,
grimes,6.833727836608887,6.916528701782227,1,10,
neurological,3.0577328205108643,10.753963470458984,1,74,
eat_lunch,-0.11886998265981674,6.817142009735107,1,42,
whole_family,5.000860214233398,7.021465301513672,1,27,
underwhelm,5.108427047729492,4.576045989990234,1,6,
150_200,9.003472328186035,4.240870952606201,1,9,
reputation,5.865539073944092,7.014147758483887,1,13,
kaiser,10.207643508911133,5.957462787628174,1,295,
try_to_escape,1.7918624877929688,8.93043041229248,1,93,
very_minor,2.01935076713562,7.342564582824707,1,75,
75u,7.903021335601807,3.525049924850464,1,28,
backstop,2.3174657821655273,10.840001106262207,1,12,
skepticism,8.319995880126953,7.25901985168457,1,14,
useless_test,10.052634239196777,7.7869110107421875,1,21,
fart,3.2018370628356934,6.120213508605957,1,2505,
clear_up,3.398329496383667,8.131103515625,1,141,
intestine,2.352794885635376,9.21725082397461,1,342,
rhr,2.092616081237793,7.588571548461914,1,10,
pathology,5.255563735961914,9.74027156829834,1,41,
anti_anxiety_med,-0.06927250325679779,4.240020751953125,1,6,
naw,7.949007034301758,6.151588439941406,1,5,
unit,7.852325916290283,3.4557693004608154,1,361,
lifelong_burper,3.8587327003479004,5.965459823608398,1,15,
grain,-1.3790109157562256,4.5841217041015625,1,38,
occasionally,2.7897233963012695,5.5876688957214355,1,831,
inherently,5.931541919708252,8.802337646484375,1,8,
urologist,6.7980055809021,7.331338405609131,1,9,
doctor_yael,8.107685089111328,6.041585445404053,1,9,
small_snack,-0.7788496017456055,6.531175136566162,1,22,
fennel,-1.0046182870864868,4.758778095245361,1,14,
deny_coverage,9.99056625366211,4.756079196929932,1,15,
summer,9.29865550994873,4.978646755218506,1,256,
vocal_coach,0.31626930832862854,10.208756446838379,1,9,
prosecco,-0.9870060682296753,6.197772979736328,1,25,
meeting,9.350335121154785,5.14362907409668,1,352,
terrible_idea,1.685329556465149,6.909646987915039,1,12,
leak_into,2.2509233951568604,10.674184799194336,1,22,
stiffen,1.412840723991394,9.390128135681152,1,6,
mouthful_of_water,-1.9925867319107056,6.128486633300781,1,18,
clap,4.73930549621582,6.5371809005737305,1,21,
magic_number,7.901831150054932,3.586855173110962,1,6,
skip_meal,3.3386385440826416,7.87769889831543,1,29,
pas_si,7.045471668243408,5.700963973999023,1,6,
gas_in_colon,2.7642881870269775,9.386152267456055,1,18,
misophonia,5.851248741149902,7.55402135848999,1,8,
severe_case,5.805391788482666,9.911839485168457,1,80,
rare,3.762620687484741,6.699492454528809,1,598,
stock,-1.7616444826126099,5.772878646850586,1,18,
full_range,7.049376964569092,4.979005813598633,1,14,
supplement,-0.9464577436447144,3.929837703704834,1,262,
apple_sauce,-2.289557933807373,5.639347076416016,1,43,
total_doable,1.676736831665039,7.122313022613525,1,6,
light,0.3891950249671936,8.78417682647705,1,559,
laryngopharyngeal_reflux,5.192812919616699,9.491044044494629,1,13,
farty,3.6819655895233154,7.564373016357422,1,28,
own_wedding,-0.4069386124610901,6.0832061767578125,1,16,
100_worth,6.81295919418335,4.803110122680664,1,93,
almost_every_bite,-2.0847723484039307,6.192689895629883,1,14,
clonazepam,-0.29854562878608704,3.9903247356414795,1,7,
tender,1.712148904800415,8.674018859863281,1,79,
wake_up_around,0.5020687580108643,6.608916759490967,1,14,
turn_out,4.89828634262085,10.125141143798828,1,464,
zyrtec,-0.2577856481075287,3.993964910507202,1,22,
psychiatric,5.803139686584473,9.253289222717285,1,11,
tight,1.3797677755355835,10.16677474975586,1,779,
put_pressure,2.000335216522217,9.575934410095215,1,127,
initial_appointment,9.486775398254395,5.245065689086914,1,133,
official_diagnose,6.83453893661499,8.395807266235352,1,48,
lidocaine_spray,0.7420035600662231,6.403142929077148,1,7,
scientific_evidence,8.14539909362793,7.508028507232666,1,22,
upper_respiratory,4.3075714111328125,8.822348594665527,1,7,
good_job,8.37298583984375,6.808897018432617,1,44,
activity,-0.4487423300743103,8.489511489868164,1,223,
insistent,6.282942771911621,6.719396114349365,1,14,
causal,5.691045761108398,9.296368598937988,1,12,
more_power,3.4774129390716553,5.81719970703125,1,24,
pathway,2.0727968215942383,10.719030380249023,1,33,
spice,-1.9227712154388428,5.137658596038818,1,35,
show_anything,10.458271026611328,8.01628303527832,1,72,
itch,2.0127909183502197,7.640429973602295,1,102,
29m,6.6461501121521,7.5198235511779785,1,8,
opera,6.106485843658447,6.675930500030518,1,10,
hernia,4.861202716827393,10.136260032653809,1,402,
beginning_of_november,7.800107002258301,5.218897819519043,1,6,
vomit_phobia,4.749501705169678,7.894904613494873,1,26,
sister,4.818608283996582,7.046888828277588,1,98,
bean,-1.8826788663864136,4.904065132141113,1,134,
schedule_for_february,7.610587120056152,4.9407477378845215,1,14,
waist,-0.0961909070611,8.95678424835205,1,89,
mucus_stuck,1.7643396854400635,7.897138595581055,1,11,
tiny_sip,-2.1285316944122314,6.289758205413818,1,39,
high_up,1.7563018798828125,8.709513664245605,1,103,
52_year,6.598064422607422,7.300182342529297,1,7,
suction,0.8106774687767029,9.324201583862305,1,17,
stimulate,1.3193002939224243,10.484872817993164,1,75,
throughout,3.6377670764923096,4.37961483001709,1,928,
trustworthy,8.409337043762207,7.158744812011719,1,13,
thanks_for_reply,6.042466163635254,6.073023796081543,1,59,
broomfield,9.360759735107422,6.246701717376709,1,11,
general_anaesthesia,8.633471488952637,3.6620101928710938,1,38,
broad,6.060576438903809,9.071932792663574,1,28,
this_subreddit,7.907870292663574,8.24848747253418,1,793,
blood_draw,1.415797233581543,7.673541069030762,1,23,
brethren,5.972916126251221,6.953067302703857,1,6,
emet,4.305688381195068,7.705601215362549,1,55,
productive,3.245192289352417,5.0941877365112305,1,52,
about_r_cpd,9.728286743164062,8.078144073486328,1,553,
butt,0.4960944652557373,9.009422302246094,1,110,
fifteenth,8.454140663146973,4.614511489868164,1,49,
outgrow,6.143355369567871,7.088733196258545,1,5,
consultant,9.957935333251953,6.922972202301025,1,259,
chat,9.59178638458252,5.425754547119141,1,286,
raptor,3.7476646900177,5.944754123687744,1,7,
observe,1.5455766916275024,10.624731063842773,1,82,
body_position,0.4912029206752777,10.815884590148926,1,32,
manometry,10.470565795898438,8.02404499053955,1,660,
doncaster_royal_infirmary,7.7168707847595215,6.504241943359375,1,7,
encontrar,7.051074028015137,5.835167407989502,1,8,
lining,4.024816036224365,10.112589836120605,1,29,
underdeveloped,2.544550657272339,10.528645515441895,1,14,
squat_instead_of_bend_over,-0.5700263977050781,8.194709777832031,1,29,
old_male,6.272335052490234,7.715853691101074,1,51,
rumble_noise,2.2433953285217285,7.996001243591309,1,8,
full_of_air,2.1085011959075928,8.887887001037598,1,301,
short_live,5.693399429321289,4.564105987548828,1,36,
xd,4.161781311035156,6.014008045196533,1,87,
ginger_ale,-1.5767583847045898,6.407342910766602,1,72,
faq,8.633879661560059,7.598091125488281,1,16,
freak_out,2.8255038261413574,6.604301929473877,1,279,
stretch_out,2.2821364402770996,10.641093254089355,1,196,
accident,3.197544813156128,5.1930108070373535,1,533,
same_timeline,7.608021259307861,5.1516032218933105,1,15,
nhs_referral,10.464704513549805,5.493027687072754,1,29,
r_cpd_and_she,9.778755187988281,7.269564628601074,1,7,
post_surgery,4.532424449920654,4.346068382263184,1,281,
surgery,7.499959945678711,3.529224157333374,1,4942,
body_itch,4.821692943572998,4.462218284606934,1,5,
osteopath,8.314632415771484,7.217090129852295,1,25,
vitamin,-1.2827482223510742,4.280578136444092,1,88,
rush,1.1464804410934448,8.572882652282715,1,227,
primary_doctor,10.132635116577148,7.500072956085205,1,47,
micro_burp_which,4.238717079162598,4.752382755279541,1,24,
esophageal_muscle,2.418753147125244,10.623941421508789,1,29,
quantity,-1.417562484741211,4.393751621246338,1,65,
regurgitate_food,1.9979617595672607,6.896847724914551,1,38,
phone_appointment,8.968103408813477,5.063147068023682,1,21,
my_profile,7.927091598510742,7.914456367492676,1,62,
abroad,10.444653511047363,5.222940921783447,1,31,
vertigo,2.9365243911743164,8.702957153320312,1,33,
barely_eat,-0.6060343980789185,6.624708652496338,1,73,
22f,6.184403419494629,7.7319254875183105,1,16,
e_coli,5.507003307342529,8.321167945861816,1,8,
oh_wow,5.701059818267822,5.569187164306641,1,179,
restaurant,-0.5542177557945251,6.562053203582764,1,216,
tricare,10.462226867675781,5.199465751647949,1,35,
unconscious,1.52256441116333,10.626751899719238,1,106,
sibo_ibs,4.687417507171631,9.243122100830078,1,8,
lung_and_heart,2.299060583114624,9.753137588500977,1,7,
curious_to_see,5.834756851196289,5.27360725402832,1,73,
doctor_paul,9.223223686218262,5.630150318145752,1,22,
malabsorption,4.019094944000244,9.490517616271973,1,12,
cluster,5.6342058181762695,9.102267265319824,1,7,
complete_fine,1.31661856174469,7.137753963470459,1,81,
assessment,10.16030502319336,6.336528778076172,1,45,
counseling,9.40296459197998,8.165133476257324,1,32,
ct,9.593652725219727,6.139498710632324,1,95,
tiny_bit,2.22324275970459,6.664303302764893,1,233,
a_x_ray,10.530084609985352,8.12350082397461,1,94,
extra_gurgly,3.5080864429473877,8.004829406738281,1,8,
propose,9.288840293884277,7.251226902008057,1,34,
yesterday_morning,8.34877872467041,4.416802883148193,1,67,
50_100_unit,8.021038055419922,3.775655746459961,1,19,
wake_up_nauseous,2.945042848587036,7.547717571258545,1,13,
emotion,5.323029518127441,6.7170538902282715,1,44,
sparkle,-1.2104830741882324,5.966503143310547,1,28,
teen_and_early,5.555966377258301,7.791774749755859,1,6,
expense,10.40300464630127,4.919898509979248,1,68,
cpt,9.112691879272461,5.7620673179626465,1,11,
swallow_disorder,5.499569892883301,10.44116497039795,1,112,
slightly_nauseous,5.437207221984863,6.286723613739014,1,13,
fun,4.321922302246094,6.189172744750977,1,809,
spoil,5.05674934387207,7.078168869018555,1,11,
lower_esophageal_sphincter_les,2.5142760276794434,10.660902976989746,1,12,
delightful,0.9056370854377747,6.684935092926025,1,20,
ceiling_stretch,0.18527963757514954,10.730510711669922,1,7,
super_tired,1.2897683382034302,7.122006416320801,1,15,
trouble_sleep,-0.2505173683166504,7.630886077880859,1,18,
file,10.325910568237305,5.558016777038574,1,87,
bad_habit,1.42829167842865,10.852038383483887,1,37,
potential_cause,5.321585655212402,9.663363456726074,1,37,
easy_to_digest,-1.7105457782745361,5.066195011138916,1,15,
hungry,2.7836484909057617,7.128255367279053,1,536,
crane,0.29044610261917114,9.811615943908691,1,36,
quirk_of_mine,6.96845006942749,7.67275857925415,1,6,
valve,2.07932710647583,10.568912506103516,1,161,
knock_out,8.79488468170166,3.4676411151885986,1,92,
hot_air,1.4386465549468994,8.954906463623047,1,19,
total_sense,5.147103786468506,6.33363676071167,1,24,
afraid_of_needle,1.7504557371139526,7.182655334472656,1,12,
midway,7.348626136779785,6.0035247802734375,1,8,
low_appetite,5.451502799987793,7.6775593757629395,1,18,
circular_motion,0.40690407156944275,9.700104713439941,1,9,
uncontrolled_burp,4.1714701652526855,4.844111442565918,1,40,
baby,4.3496246337890625,7.225791931152344,1,1518,
recliner,-0.5507817268371582,8.2403564453125,1,56,
negative_pral,-1.1712720394134521,4.920124530792236,1,6,
teach_yourself,0.9791877269744873,11.119131088256836,1,107,
gi_referral,9.990074157714844,7.62805700302124,1,22,
chug_liquid,-0.797827959060669,5.748416900634766,1,11,
uncontrollable_microburp,3.596565008163452,5.06757926940918,1,20,
entitle,6.096654891967773,6.247703552246094,1,7,
awe,5.544704437255859,6.816283702850342,1,24,
thereabouts,7.468527317047119,5.237309455871582,1,7,
footage,8.596689224243164,7.583900451660156,1,25,
low_energy,5.407962799072266,7.945053577423096,1,9,
tension_headache,1.408937931060791,9.597874641418457,1,7,
light_head,1.3255836963653564,7.3077592849731445,1,26,
element,2.9185924530029297,10.363174438476562,1,46,
cloche,6.151525497436523,6.225476264953613,1,8,
acid_food,-1.8026800155639648,4.987913131713867,1,75,
embassy,0.591421902179718,6.36182975769043,1,5,
weird_quirk,5.666018486022949,7.464252471923828,1,30,
reflux_gourmet,-0.48242253065109253,4.084001541137695,1,16,
head_and_neck,9.800642013549805,7.278755187988281,1,37,
lawyer,8.147826194763184,6.080499649047852,1,11,
000,10.124099731445312,4.399118900299072,1,63,
unzip,0.1845567673444748,7.460278034210205,1,14,
your_gp,9.954628944396973,7.6848554611206055,1,237,
muscle,1.5676953792572021,10.76701545715332,1,5022,
adult_life,4.521012306213379,7.519364356994629,1,60,
ooo,6.611979007720947,6.499508857727051,1,16,
14_year_old_daughter,7.518046855926514,5.571261882781982,1,9,
hoarse,1.6453022956848145,7.767014980316162,1,66,
erupt,4.118418216705322,5.952915668487549,1,21,
rough,4.587625503540039,4.3885626792907715,1,603,
tour,6.912313461303711,5.254844665527344,1,39,
thyroid_issue,5.23940372467041,9.437853813171387,1,15,
anesthetist,9.730042457580566,4.640598773956299,1,23,
urgh,6.05520486831665,6.686762809753418,1,11,
hicklin_com,8.95423698425293,5.922544956207275,1,10,
botox_injection,7.44906759262085,3.6307566165924072,1,1657,
connect,5.6847310066223145,10.04841423034668,1,621,
operation_room,0.5837952494621277,6.1039910316467285,1,10,
anxiety_provoke,5.4710283279418945,6.189340114593506,1,9,
misdiagnosis,5.0446648597717285,9.751959800720215,1,51,
mouthful,-1.840699553489685,6.550240516662598,1,76,
technique,0.6242316365242004,10.890727996826172,1,845,
100k,9.74819564819336,4.516476154327393,1,11,
positive_feedback,6.993271827697754,6.736040115356445,1,16,
deep_breath,0.4865967631340027,8.998641014099121,1,325,
scuba_dive,6.459106922149658,6.923104286193848,1,24,
website,8.733201026916504,7.823989391326904,1,244,
flare_up,3.137197732925415,7.932238578796387,1,392,
anxiety_related,3.684921979904175,7.986608028411865,1,66,
projectile,3.214867353439331,6.592614650726318,1,34,
pantoprazole,-0.43543171882629395,3.5242204666137695,1,98,
your_arm,0.5045228600502014,9.409538269042969,1,68,
vary_from_person_to_person,6.682253837585449,4.241007328033447,1,44,
pint,-1.1064022779464722,6.340933799743652,1,84,
distend,2.3513638973236084,9.051959991455078,1,179,
default,2.7703492641448975,10.324005126953125,1,25,
trans,7.076323509216309,7.056414604187012,1,10,
doctor_kirk,7.7880706787109375,6.460864067077637,1,8,
ongoing,5.281171798706055,9.824666023254395,1,81,
resident,10.053738594055176,5.9419074058532715,1,55,
beginner,7.319453239440918,6.942571640014648,1,11,
distention,2.6654717922210693,9.15115737915039,1,73,
protein_shake,-2.3113183975219727,5.724207401275635,1,132,
upper_esophagus,2.590158700942993,10.730785369873047,1,72,
mild_case,5.810004711151123,9.88001537322998,1,58,
work_in_tandem,2.9217538833618164,10.126246452331543,1,7,
en_remiss_till,6.962928295135498,5.2872538566589355,1,6,
space_between,1.002159595489502,9.453361511230469,1,8,
grow_up,4.5223283767700195,7.397160053253174,1,235,
scrunch_your_belly,0.054349977523088455,9.462787628173828,1,7,
extra_saliva,1.669165015220642,8.45285701751709,1,12,
hypersalivation,3.014011859893799,8.143515586853027,1,149,
potassium,-1.2587565183639526,4.781000137329102,1,8,
reverse,1.6358505487442017,10.858756065368652,1,225,
potato_soup,-1.6385201215744019,5.429826259613037,1,7,
reassure,5.574969291687012,5.351194858551025,1,339,
jitter,3.0172810554504395,7.177492618560791,1,6,
1_88,7.621625900268555,5.039693832397461,1,8,
slow_swallow,4.635970115661621,4.479701042175293,1,3786,
genuine,4.885849952697754,5.957481861114502,1,431,
alginate,-0.679548978805542,4.210227966308594,1,17,
facility,9.870732307434082,4.8050456047058105,1,84,
your_son,5.75272798538208,5.4985575675964355,1,117,
800,10.139365196228027,4.414328575134277,1,100,
irregularity,4.052525043487549,9.32911205291748,1,12,
misinformation,6.142690181732178,7.527217864990234,1,16,
shit_ton,3.523324966430664,7.962765216827393,1,28,
rennie,-0.6316210031509399,3.9821178913116455,1,43,
bias,8.785340309143066,8.324734687805176,1,54,
christchurch,8.152255058288574,5.840845584869385,1,7,
private_place,0.013378380797803402,8.451675415039062,1,21,
electrolyte,-1.6783862113952637,5.11212682723999,1,38,
chronic_reflux,4.989025115966797,9.548418998718262,1,17,
survey_result,8.268675804138184,7.3409423828125,1,15,
otc,-0.630570113658905,3.6847879886627197,1,80,
specialty,9.806794166564941,7.3708109855651855,1,65,
shallow_breath,0.461597204208374,9.217192649841309,1,11,
open_your_mouth,0.5981196165084839,9.459399223327637,1,68,
native_english_speaker,6.136050701141357,6.921975612640381,1,10,
air_vom,3.6243844032287598,6.599992752075195,1,41,
sensor,1.133057951927185,8.535261154174805,1,24,
super_bloat,2.8019254207611084,7.21406888961792,1,139,
seine,6.869287014007568,5.820405960083008,1,5,
fatigue,2.9264023303985596,8.44384479522705,1,152,
difficulty,2.242095708847046,7.031457901000977,1,392,
cable,1.0595656633377075,8.26635456085205,1,27,
more_complex,6.051866054534912,8.762928009033203,1,16,
3_4_month,4.767228603363037,4.103499412536621,1,132,
pain_threshold,3.7517197132110596,8.800528526306152,1,7,
so_frustrate,4.918585777282715,5.856813907623291,1,263,
chase_every,-2.036679267883301,5.9615373611450195,1,8,
nc,10.055340766906738,5.854150772094727,1,76,
obnoxious,3.385498523712158,5.795346736907959,1,41,
acknowledge,9.661735534667969,8.099466323852539,1,130,
composition,3.2555768489837646,9.7896146774292,1,6,
under_sedation,7.608460903167725,6.028332710266113,1,8,
define,5.947483539581299,9.822580337524414,1,97,
stalk,6.867961406707764,7.57257080078125,1,11,
bloodwork,10.292122840881348,7.647247314453125,1,28,
multiple_dose,7.747274875640869,3.9134888648986816,1,20,
word_of_advice,6.987908840179443,6.686956405639648,1,12,
local_hospital,9.397619247436523,6.368632793426514,1,23,
professional_singer,6.198252201080322,8.146064758300781,1,18,
hardship,5.875321865081787,7.742015361785889,1,5,
late_teen,4.558515548706055,7.975545883178711,1,70,
facebook_page,7.907840728759766,7.411757946014404,1,25,
hospital,9.758745193481445,4.914870738983154,1,1497,
nice,5.183973789215088,5.665255069732666,1,1372,
diagnostic,9.785572052001953,7.357024669647217,1,131,
reddit_community,7.0786638259887695,7.554193496704102,1,36,
stool,2.6584389209747314,9.393535614013672,1,141,
side_neck,0.17906250059604645,10.493741989135742,1,32,
quiet,3.253028631210327,5.512516021728516,1,630,
exact_amount,9.784396171569824,4.505685329437256,1,12,
purge,3.32204270362854,6.586152076721191,1,56,
impedance,3.732531785964966,10.230459213256836,1,9,
severe_anxiety,4.159506797790527,7.839578151702881,1,64,
come_natural,1.0415419340133667,11.088384628295898,1,108,
icecream,-1.9177134037017822,5.697469711303711,1,11,
trouble_breathe,2.3519887924194336,7.640743255615234,1,76,
so_your_mileage,7.244636058807373,6.0220561027526855,1,8,
ale,-1.1474604606628418,5.9264726638793945,1,20,
explain_r_cpd,8.25696849822998,7.654394149780273,1,19,
immune_system,4.724690914154053,9.440877914428711,1,29,
wire,1.0785366296768188,8.270328521728516,1,51,
thoughtful_response,6.552787780761719,6.572873115539551,1,6,
ability_to_burp,4.721841335296631,4.2161688804626465,1,1037,
cathartic,6.079171180725098,7.381129741668701,1,5,
early_march,7.7497053146362305,5.125775337219238,1,9,
friend,4.401451110839844,6.061168193817139,1,1991,
underlying,5.272291660308838,9.858943939208984,1,53,
slew,5.154081344604492,9.15851879119873,1,17,
government,10.447176933288574,5.393136024475098,1,37,
talkative,1.755065679550171,7.359416961669922,1,8,
26f,6.629582405090332,7.57609748840332,1,16,
moderate,2.1930577754974365,7.410416603088379,1,125,
during_meal,-1.7240989208221436,5.773741245269775,1,38,
curious_about,5.869332313537598,5.286297798156738,1,155,
incredible_nauseous,2.9269022941589355,7.260035991668701,1,25,
metal,0.39188340306282043,8.239008903503418,1,36,
3km,-1.7624155282974243,5.834437847137451,1,5,
text,8.663843154907227,7.878481388092041,1,96,
twist_tea,-0.6924710869789124,5.513686656951904,1,10,
mechanism_of_action,-0.4293983578681946,4.095434188842773,1,12,
reynard,5.752156734466553,9.137215614318848,1,5,
breathe,1.3104743957519531,10.058826446533203,1,2116,
medical_staff,7.7670578956604,5.457448482513428,1,7,
thin,-2.223360300064087,5.344050407409668,1,205,
stumble_upon,7.4247918128967285,8.04011058807373,1,47,
dizzy_spell,2.6248245239257812,8.250608444213867,1,7,
yawn,2.6700685024261475,5.931324005126953,1,809,
anxiety_depression,4.868337154388428,9.407978057861328,1,17,
big_difference,4.859655857086182,4.8427042961120605,1,80,
yay,5.655547618865967,5.2869110107421875,1,370,
citrus,-1.760576844215393,4.9964752197265625,1,19,
second_round,7.481070041656494,3.521920680999756,1,634,
washington_dc,8.845708847045898,6.028209209442139,1,23,
ibs_c,4.6741414070129395,9.453367233276367,1,21,
belch,3.1953530311584473,5.349130630493164,1,845,
sucralfate,-0.39910945296287537,3.794346570968628,1,16,
500,10.10295295715332,4.421537399291992,1,98,
useful,8.156604766845703,8.249811172485352,1,379,
mayo_clinic,10.249200820922852,7.8539299964904785,1,29,
tu_faire,7.063892364501953,5.841830253601074,1,5,
vary_depend,9.804055213928223,4.550423622131348,1,15,
unmistakable,3.953848361968994,6.490713119506836,1,5,
conspiracy,8.201855659484863,7.56801700592041,1,11,
thankful,5.3082685470581055,5.450095176696777,1,694,
ew,3.4858133792877197,6.3944292068481445,1,34,
seek_help,8.735655784606934,8.181107521057129,1,45,
misleading,7.9930195808410645,4.196990013122559,1,12,
95_unit,8.185991287231445,4.478817939758301,1,18,
effing,6.373232841491699,6.859971046447754,1,9,
blanket,0.643462598323822,6.194890975952148,1,50,
10_year_old,4.672430992126465,7.554694175720215,1,31,
side_to_side,0.24202919006347656,9.795211791992188,1,69,
cricopharyngeus,2.353985548019409,10.852835655212402,1,263,
manometry_ph,9.224040985107422,7.434336185455322,1,7,
temporary,4.934961795806885,4.801990032196045,1,654,
anti_gas_pill,-0.5982764959335327,4.254776477813721,1,8,
wiki_page,8.593433380126953,7.544521331787109,1,26,
thursday,8.68913459777832,4.519860744476318,1,255,
heart_palpitation,3.103649854660034,8.298779487609863,1,169,
calf,1.7178622484207153,9.553614616394043,1,12,
prolific_doctor,7.947898864746094,4.003647327423096,1,7,
combination_of_both,5.707486152648926,8.799837112426758,1,14,
lonely,5.283933639526367,6.13706111907959,1,21,
19,4.5452094078063965,7.061298847198486,1,265,
quake,3.344987154006958,6.700760364532471,1,5,
responsible,2.859192371368408,10.777124404907227,1,78,
create_gas,2.8846325874328613,9.31202220916748,1,32,
deglutition,7.155066967010498,6.277528762817383,1,12,
my_dad,4.692325115203857,6.831586837768555,1,295,
advocate,8.919869422912598,8.101378440856934,1,112,
gin,-1.1442010402679443,5.778980731964111,1,35,
relative_new,8.954360008239746,8.136411666870117,1,56,
doctor_santosh,8.607864379882812,6.1650390625,1,11,
cool,5.112917423248291,5.74564790725708,1,411,
2_week_mark,6.989128112792969,4.555257797241211,1,19,
cock,0.25207218527793884,9.62453842163086,1,9,
trance,0.5939455628395081,6.106309413909912,1,5,
permanent_side_effect,7.382487773895264,3.9566781520843506,1,15,
weight_loss_surgery,5.899054050445557,7.76716947555542,1,16,
raft,-0.5735806226730347,4.035788059234619,1,6,
coke_zero,-1.1986662149429321,6.250681400299072,1,17,
wednesday,8.687477111816406,4.503922462463379,1,363,
bad,2.9143686294555664,7.231963634490967,1,5963,
vodka,-1.3017516136169434,5.983654022216797,1,123,
petit,7.135141849517822,5.803707599639893,1,6,
globus_sensation,2.7715904712677,8.386324882507324,1,84,
benzo,-0.1897754967212677,3.892061948776245,1,22,
a_heat_pad,-0.23009641468524933,8.72268295288086,1,37,
downhill,5.547333240509033,7.637973308563232,1,9,
something_fizzy,-1.2917017936706543,6.491332530975342,1,50,
that_predispose,8.438167572021484,7.621832370758057,1,12,
consent_form,9.424585342407227,5.472435474395752,1,16,
waste_of_money,5.762468338012695,8.251581192016602,1,16,
doctor_odell,9.50025463104248,5.326638221740723,1,68,
onion,-1.916138768196106,5.030035972595215,1,59,
gut_motility,3.793087959289551,9.523880958557129,1,14,
eek,6.588831424713135,6.570497512817383,1,14,
groggy,1.31815505027771,7.11159086227417,1,73,
stealthy,-0.9814502596855164,6.27905797958374,1,8,
mild_form,5.780049800872803,8.525148391723633,1,10,
shortness_of_breath,3.104555606842041,8.302184104919434,1,313,
insert,1.0297225713729858,8.302857398986816,1,108,
white_bread,3.473494052886963,7.707817077636719,1,6,
once_or_twice,3.636451005935669,4.451639175415039,1,217,
accomplishment,5.24949836730957,6.456653118133545,1,11,
parkside_hospital,9.517398834228516,4.758249759674072,1,26,
bowel_movement,2.5766077041625977,8.929515838623047,1,140,
anywhere_near,5.693681240081787,6.428046226501465,1,52,
mantra,6.842533588409424,6.257186412811279,1,12,
thanks_for_your_reply,6.077177047729492,5.528687953948975,1,102,
dismotility,5.090768814086914,9.420267105102539,1,11,
rule_out_other,9.90238094329834,7.9236955642700195,1,88,
robust,4.184071063995361,4.88240385055542,1,14,
vape_and_smoke,5.929017066955566,7.208911418914795,1,7,
complete_upright,0.11135628074407578,7.5943989753723145,1,8,
liquid_diet,-2.1720035076141357,6.317901611328125,1,96,
mess,2.5166704654693604,7.185960292816162,1,260,
phlegm_stuck,1.915693759918213,7.9809441566467285,1,9,
pterodactyl,3.484736919403076,5.945286750793457,1,28,
lower_esophageal_sphincter,2.4281718730926514,10.75210952758789,1,230,
hey_folk,6.879034042358398,6.814375877380371,1,10,
pre_authorization,10.497383117675781,5.284585952758789,1,31,
8_year_old,4.7091803550720215,7.628291130065918,1,31,
shortness_of_breath_be,3.5865063667297363,8.495553016662598,1,27,
hi_everybody,6.722812652587891,7.5707526206970215,1,10,
tense,1.331372857093811,10.268095016479492,1,499,
tylenol_and_ibuprofen,1.385098934173584,7.390182971954346,1,7,
orient,2.903548002243042,10.195906639099121,1,7,
another_shot,7.5251688957214355,3.7170917987823486,1,47,
alcohol,-1.5588587522506714,5.658624172210693,1,948,
sit_there,1.174404263496399,8.470736503601074,1,161,
train_wheel,1.0234678983688354,11.108181953430176,1,40,
stout,-1.1025290489196777,5.890356540679932,1,20,
columbia,9.29642391204834,5.657062530517578,1,22,
pretty_quiet,3.602755308151245,5.472403049468994,1,27,
tomato,-1.9154374599456787,5.007403373718262,1,82,
anthem,9.899102210998535,4.655415058135986,1,32,
retainer,0.5659518241882324,5.936119556427002,1,10,
albany_ny,8.893852233886719,5.915466785430908,1,22,
dread,2.933328151702881,7.248422622680664,1,181,
perfect_sense,5.14340877532959,6.224334716796875,1,14,
diagnosis_and_treatment,9.041962623596191,7.804400444030762,1,79,
doctor_hess,9.380669593811035,5.437939643859863,1,32,
group,8.023175239562988,8.26337718963623,1,550,
high_dose,7.544669151306152,3.544346809387207,1,424,
lymph_node,1.7577134370803833,8.655510902404785,1,13,
niacin,-0.7096904516220093,4.371187210083008,1,14,
barret,5.264535903930664,8.95404052734375,1,8,
smoke_cigarette,5.651928901672363,8.526565551757812,1,20,
trigger_by,3.251844882965088,8.075227737426758,1,111,
midwest_surgery_center,9.419471740722656,4.740339279174805,1,11,
nightmare,4.631031036376953,6.263159275054932,1,177,
vocal_range,5.591019153594971,4.2734551429748535,1,12,
bsw,9.022919654846191,6.06098747253418,1,20,
hobby,-0.2917136549949646,6.56117582321167,1,31,
smell_fart,3.6401002407073975,7.613064289093018,1,15,
highly_consider,8.403055191040039,5.106285095214844,1,7,
august_2023,8.02147102355957,4.730464935302734,1,8,
2_week,4.64674711227417,4.182447910308838,1,1281,
gastroperesis,5.450138568878174,8.678695678710938,1,9,
sketchy,6.760849475860596,6.975012302398682,1,11,
sleep_flat,-0.5700353980064392,8.207014083862305,1,18,
first_dose,7.601323127746582,3.490992784500122,1,293,
female,4.8130364418029785,7.3229570388793945,1,186,
nearly_as_bad,2.595841884613037,6.659002780914307,1,66,
habit,1.3717365264892578,10.900592803955078,1,280,
great_ormond_street_hospital,9.649206161499023,6.3919830322265625,1,39,
produce_gas,2.83117938041687,9.318737030029297,1,63,
learn_to_control,1.0393983125686646,11.050982475280762,1,71,
air_pocket,1.1577479839324951,9.105143547058105,1,37,
australian,8.448389053344727,7.029506683349609,1,24,
these_symptom,3.941880702972412,8.114262580871582,1,453,
ecg,10.564468383789062,8.139557838439941,1,41,
chunky,-1.7950669527053833,5.789388656616211,1,6,
tend,2.504237413406372,5.965326309204102,1,884,
controllable,3.2118659019470215,5.285971164703369,1,94,
prepare_room,0.653600811958313,6.198063373565674,1,8,
blow_away,7.0207905769348145,7.690948009490967,1,19,
open_letter,9.006300926208496,7.4188642501831055,1,22,
uni,5.398329734802246,7.797924041748047,1,5,
multivitamin,-1.155260443687439,5.185710906982422,1,6,
7_month_pregnant,2.8123395442962646,7.965184688568115,1,27,
rn,4.900022029876709,5.994268417358398,1,150,
neck,0.910759449005127,9.990967750549316,1,1991,
aspirin,-0.11919684708118439,4.102797985076904,1,14,
development_of_hiatal_hernia,5.359738826751709,9.105789184570312,1,9,
r_cpd_i,5.872959613800049,10.07045841217041,1,213,
rare_condition,7.71949577331543,7.773996353149414,1,33,
doctor_bastian,8.790154457092285,4.15285587310791,1,3334,
straight_ahead,0.2797403335571289,9.940585136413574,1,13,
introduction,7.905816078186035,7.74728536605835,1,46,
covid_test,9.130603790283203,4.682128429412842,1,110,
throw_up_but,3.2106375694274902,6.589313507080078,1,291,
focus,1.2938487529754639,10.83931827545166,1,884,
esophagoscopy,9.89653491973877,6.5527825355529785,1,49,
peak,4.67452335357666,4.071946144104004,1,193,
sedation,8.797337532043457,3.4780807495117188,1,101,
08,5.061270713806152,3.6236157417297363,1,30,
20_unit,7.885097026824951,3.4963927268981934,1,21,
stay_calm,-2.0730206966400146,6.3279547691345215,1,65,
southern_indiana,7.7584075927734375,6.258603572845459,1,6,
atrophy,2.4443492889404297,10.577181816101074,1,18,
fear,3.9104669094085693,7.220709800720215,1,1355,
maintain,4.694264888763428,4.2655348777771,1,161,
parliament,8.114078521728516,6.968769073486328,1,6,
among_no_burper,6.1299028396606445,7.517667770385742,1,6,
come_across_this_subreddit,6.991503715515137,7.720813274383545,1,22,
loud_and_proud,6.051210403442383,6.781280517578125,1,17,
gastro_doctor,10.349533081054688,7.980350017547607,1,60,
emotional,4.800558090209961,6.085190773010254,1,169,
trap_inside,2.087592840194702,9.003758430480957,1,53,
medicare,10.418556213378906,4.960694789886475,1,100,
physiotherapy,0.37364307045936584,10.858474731445312,1,29,
physical_health,5.9726972579956055,8.553834915161133,1,13,
then_suddenly,3.262730836868286,4.998645782470703,1,48,
bowl,-2.308626413345337,5.5581793785095215,1,63,
bvi,8.944520950317383,4.178863048553467,1,670,
encore,7.080718517303467,5.818992614746094,1,6,
much_cheap,8.765848159790039,3.757469654083252,1,76,
streak,3.5725910663604736,5.148918628692627,1,12,
engine,6.488941669464111,6.851178169250488,1,7,
familiar_with_r_cpd,9.843025207519531,7.515257358551025,1,64,
anaesthetist,9.726451873779297,4.923038482666016,1,41,
laryngologist_who,9.801026344299316,7.296685218811035,1,22,
belch_reflex,3.1068122386932373,10.750265121459961,1,97,
warning_sign,3.0023250579833984,7.512035846710205,1,6,
r_cpd_because,5.481843948364258,9.706441879272461,1,26,
mds,8.37708854675293,7.538822650909424,1,14,
500mg,-0.5845654010772705,4.327681064605713,1,7,
doctor_verma,9.481338500976562,5.2732391357421875,1,143,
too_tight,1.9905403852462769,10.61732292175293,1,122,
breathe_deep,0.7633683681488037,9.318864822387695,1,32,
glad,5.568874359130859,5.292858123779297,1,1711,
precaution,-0.23944349586963654,3.7678911685943604,1,60,
thank_you_for_post,6.460232257843018,5.423248767852783,1,42,
ravioli,-1.7466200590133667,5.594886779785156,1,6,
right_behind,0.8906620740890503,9.426400184631348,1,17,
keyword,0.2584136128425598,10.874770164489746,1,16,
mouth_shut,3.7094807624816895,5.844415187835693,1,21,
pcp,10.050392150878906,7.463003158569336,1,61,
operation,9.401083946228027,5.14350700378418,1,464,
helpful_to_hear,6.479724407196045,5.508730888366699,1,16,
imaging,10.507132530212402,8.129328727722168,1,68,
rifaximin,-0.3984646797180176,3.9299349784851074,1,21,
deutsche,8.262857437133789,6.460206985473633,1,6,
life_alter,5.531912803649902,7.308139801025391,1,26,
pre_op_room,0.6446627974510193,6.199850559234619,1,10,
squat_instead_of_bend,-0.5511986613273621,8.152355194091797,1,14,
gente,7.100931167602539,5.928400993347168,1,12,
swallow_pill,2.3141770362854004,6.688075542449951,1,316,
reddit_group,7.93159818649292,8.012661933898926,1,39,
wake_up_today,1.7214856147766113,7.659457683563232,1,19,
videoendoscopy,9.430388450622559,5.556856632232666,1,22,
knee,0.041872695088386536,9.086310386657715,1,113,
classic_rcpd,5.724263668060303,9.28669261932373,1,27,
breathe_exercise,0.364704430103302,10.679940223693848,1,62,
list_above,6.290029525756836,8.094988822937012,1,14,
nutrient_deficiency,4.620092391967773,9.734155654907227,1,6,
dysfunction_and_abdomino_phrenic_dyssynergia,5.39056396484375,9.690311431884766,1,16,
anemia,4.520040035247803,8.628990173339844,1,12,
something_bubbly,-1.2878999710083008,6.424363136291504,1,10,
singer,1.7449225187301636,8.23878288269043,1,243,
black_coffee,-1.1850237846374512,6.034509658813477,1,18,
address,9.650184631347656,8.099586486816406,1,259,
past,3.719449520111084,4.370383262634277,1,1387,
quick_and_painless,8.468528747558594,5.689037799835205,1,13,
unwell,3.8411521911621094,7.2856903076171875,1,71,
vertical,-0.16747070848941803,9.114126205444336,1,91,
very_mild,2.0806612968444824,7.365055561065674,1,113,
self_employ,0.12237562984228134,6.326374053955078,1,11,
8_9,4.66519021987915,3.7508506774902344,1,27,
negative_reaction,6.711995601654053,4.223455429077148,1,9,
regulation,2.6931588649749756,10.161887168884277,1,15,
country,10.29275894165039,5.802723407745361,1,613,
untreated,5.225855827331543,9.794897079467773,1,63,
pfd,5.713003635406494,9.331318855285645,1,11,
outright,9.861130714416504,4.69228458404541,1,32,
dry_food,-2.2454845905303955,5.813840389251709,1,61,
cut_back,-1.2872377634048462,4.438114643096924,1,41,
hotel_room,0.5398527979850769,6.439698696136475,1,36,
doctor_thomas,8.193377494812012,6.1027350425720215,1,12,
repercussion,5.754377365112305,9.082071304321289,1,13,
whole_new,5.087163925170898,5.689921855926514,1,44,
sm,6.169410228729248,6.600682258605957,1,15,
autistic,5.626190662384033,7.8407440185546875,1,34,
surgical_procedure,8.62313175201416,3.7634518146514893,1,44,
sibo_test,9.264702796936035,7.095587253570557,1,22,
take_serious,9.674936294555664,8.084595680236816,1,131,
whomp,6.3493971824646,6.828595161437988,1,9,
initial_consult,9.482396125793457,5.2953925132751465,1,80,
burrito,-1.359125018119812,5.627726078033447,1,17,
esophogram,10.280881881713867,7.728517055511475,1,24,
online,8.712661743164062,7.847753047943115,1,452,
small_town,6.435658931732178,6.628640651702881,1,7,
belong_here,6.105801582336426,7.246196269989014,1,34,
huh_interest,6.378411293029785,6.883669376373291,1,7,
doctor_yoo,9.58780288696289,5.714077949523926,1,63,
cousin,4.811026573181152,7.109948635101318,1,69,
primary_care_physician,10.079419136047363,7.479647636413574,1,28,
2_liter,-1.100727915763855,6.09657621383667,1,9,
another_injection,7.487480640411377,3.621478319168091,1,101,
likely_due,3.1278724670410156,9.699275970458984,1,27,
snort,1.9330819845199585,7.89070987701416,1,11,
taste_like,2.2023887634277344,6.645171165466309,1,230,
brush_my,0.14901718497276306,8.369961738586426,1,169,
evaluation,9.2896146774292,6.489659786224365,1,36,
nauseate,2.836611747741699,7.232690811157227,1,293,
ppis_for_35,7.752667427062988,4.625568389892578,1,6,
spill_into,2.670599937438965,10.17948055267334,1,7,
excessive_air,4.17872953414917,10.312854766845703,1,54,
webinar,8.753597259521484,7.628660202026367,1,53,
keep_practice,0.966884434223175,11.096990585327148,1,173,
burper,3.418036699295044,5.547224521636963,1,448,
doctor_karla,8.112468719482422,5.847093105316162,1,8,
chyme,2.749606132507324,9.39258098602295,1,30,
my_family,4.675320148468018,6.656177043914795,1,624,
increase,3.459629535675049,8.088034629821777,1,1267,
citizen,9.722801208496094,6.213029861450195,1,19,
candle,0.7860004305839539,9.302287101745605,1,11,
whole_host,5.208176136016846,8.764954566955566,1,6,
conquer,3.986882448196411,7.176423072814941,1,24,
air_bubble,1.6977137327194214,8.631223678588867,1,591,
muscle_relaxation,3.42189621925354,9.79508113861084,1,13,
popsicle,-2.2698190212249756,5.64930534362793,1,49,
big_bite,-2.0253305435180664,6.043376922607422,1,15,
endoscopy_colonoscopy,10.39717960357666,7.980062484741211,1,25,
strange,2.799389123916626,6.142022132873535,1,818,
111,8.502979278564453,6.669111728668213,1,5,
anti_acid,-0.5110746026039124,3.6413652896881104,1,54,
european,8.72750186920166,6.542914867401123,1,23,
round_two,7.5183491706848145,3.756122589111328,1,60,
day_14,4.556288719177246,4.189490795135498,1,34,
news,7.845992088317871,7.993320941925049,1,133,
taste_smell,3.582104444503784,5.697402477264404,1,25,
absolutely_disgust,1.0067219734191895,6.671445846557617,1,9,
fake,3.818342447280884,6.00967264175415,1,139,
straighten,0.7146511077880859,9.89464282989502,1,30,
high_pressure,2.4495415687561035,10.366898536682129,1,30,
nightshade,-1.3534915447235107,4.8125834465026855,1,9,
273,7.385997772216797,6.168387413024902,1,6,
quite_uncomfortable,1.9573938846588135,7.805064678192139,1,42,
lean_back,-0.037208497524261475,9.252891540527344,1,90,
post_on_this_sub,8.138398170471191,8.110767364501953,1,49,
take_probiotics,-0.8998373746871948,4.020528793334961,1,35,
curious_to_hear,6.088579177856445,5.490367889404297,1,47,
9am,9.112218856811523,4.7420735359191895,1,37,
dash,-0.3194856345653534,5.982664585113525,1,9,
train_themselves,0.9546200633049011,11.074516296386719,1,28,
careful,-1.6666783094406128,6.517323970794678,1,429,
nocturnal,4.81540584564209,8.278130531311035,1,9,
doctor_in_utah,7.369176387786865,6.849467754364014,1,13,
gas_cramp,3.6693880558013916,7.832466125488281,1,17,
ice,-2.135953903198242,5.358863353729248,1,103,
peanut_butter,-2.236284017562866,5.358481407165527,1,97,
print_out,8.771352767944336,7.835363864898682,1,89,
tachycardia,4.167856216430664,9.064157485961914,1,19,
cancel,9.22734546661377,5.032962799072266,1,270,
prom,3.618701696395874,7.475557804107666,1,14,
doctor_spiegel_in_philly,9.030740737915039,5.23181676864624,1,32,
personality,5.596710205078125,7.864241123199463,1,41,
around_600,9.856573104858398,4.458641052246094,1,14,
microburp,3.425122022628784,5.00464391708374,1,2802,
mild_side_effect,6.673084735870361,4.376997947692871,1,19,
five_month,7.32022762298584,4.461138725280762,1,20,
sound_ridiculous,6.131120204925537,6.759884834289551,1,12,
pitman_in_nyc,9.489734649658203,5.334923267364502,1,7,
5500,9.724785804748535,4.579526424407959,1,8,
high_resolution_manometry,9.642622947692871,7.797575950622559,1,24,
duodenal,4.4279303550720215,9.498011589050293,1,9,
wrong_sub,7.031670093536377,6.969972133636475,1,13,
falsetto,2.444535255432129,9.877279281616211,1,14,
staple,-0.34546127915382385,6.397202968597412,1,18,
under_ga,8.503235816955566,3.509688377380371,1,453,
les_lower_esophageal,2.7741405963897705,10.548456192016602,1,12,
icon,7.968780994415283,6.892335414886475,1,7,
stat,8.465293884277344,3.9808881282806396,1,47,
every_aspect,5.410858154296875,7.499302864074707,1,19,
numb_spray,1.0561418533325195,8.020761489868164,1,91,
welcome_fellow,6.097024917602539,7.547573089599609,1,10,
25_unit,7.99210786819458,3.5039777755737305,1,74,
china,8.728907585144043,6.552285194396973,1,16,
idaho,7.817346572875977,6.6235151290893555,1,13,
hopeful,5.52379035949707,5.126842021942139,1,472,
cup,-1.5610324144363403,6.4671807289123535,1,161,
rich_food,-1.3321938514709473,4.976451873779297,1,8,
r_cpd_the,5.084408760070801,10.04267692565918,1,52,
belly_breath,0.5814492106437683,9.530852317810059,1,14,
uncover,6.040642261505127,8.64210033416748,1,23,
bodily,5.203118324279785,9.993650436401367,1,40,
voice_box,1.929930567741394,10.469866752624512,1,67,
death,4.4546942710876465,6.448058128356934,1,97,
pharyngeal,2.032783031463623,9.89683723449707,1,17,
police,6.3129563331604,6.735929012298584,1,8,
bend_forward,-0.01608271896839142,9.21280288696289,1,26,
almond_milk,-1.1982529163360596,5.331271648406982,1,18,
manual,1.10184907913208,10.30349063873291,1,176,
high_incidence,5.644637584686279,9.270779609680176,1,6,
tinnitus,4.234157562255859,8.94700813293457,1,42,
yale_medicine,8.267101287841797,7.540429592132568,1,10,
eu_dinjectees_une_seule,7.860628604888916,3.7653374671936035,1,19,
long_term,7.13389778137207,3.853609323501587,1,694,
pork,-1.5436592102050781,5.401291847229004,1,11,
chest_area,1.8203046321868896,8.989141464233398,1,54,
warm_liquid,1.2771202325820923,6.706389427185059,1,10,
abdominal_muscle,1.2189478874206543,10.35021686553955,1,72,
lactose,-1.6077196598052979,4.586679458618164,1,59,
pill_stuck,1.7746855020523071,7.95219087600708,1,20,
peristaltic_motion,2.7651448249816895,9.404895782470703,1,11,
horror,5.402409076690674,7.011206150054932,1,14,
effectiveness,7.9502363204956055,3.7082204818725586,1,98,
specific_design,9.296424865722656,7.563813209533691,1,7,
joker,6.497853755950928,6.130832672119141,1,5,
decide_against,5.7262701988220215,8.641040802001953,1,12,
faint,2.3485238552093506,7.257079601287842,1,130,
relative_minor,5.7846999168396,8.460432052612305,1,6,
usual,2.621739149093628,5.824728965759277,1,672,
t_t,6.3629045486450195,6.875757694244385,1,9,
connection,5.67594051361084,10.059718132019043,1,369,
more_likely,5.666222095489502,10.043548583984375,1,397,
evaluate,9.776931762695312,7.471047401428223,1,57,
diagnostic_criterion,5.8799147605896,9.458465576171875,1,27,
mental_component,5.874833106994629,8.183520317077637,1,11,
pretty_smooth,8.041559219360352,4.849952697753906,1,16,
acupuncturist,9.96682071685791,7.869521617889404,1,20,
excess_saliva,2.639270782470703,8.140645027160645,1,44,
colitis,5.089094638824463,9.299967765808105,1,14,
cold,1.9613370895385742,7.588918209075928,1,892,
such_as_hiatal_hernia,5.6294355392456055,9.148273468017578,1,10,
trash_can,0.2377796173095703,7.907202243804932,1,17,
conceptualize,6.310041427612305,6.689036846160889,1,9,
our_digestive_system,2.753070116043091,10.308064460754395,1,13,
insurance_anthem,7.728961944580078,6.005006790161133,1,7,
bloat_and_distension,3.545193910598755,8.683527946472168,1,12,
rather_than_rely,1.229316234588623,11.007857322692871,1,7,
avoid_bread,-1.8655309677124023,5.72519588470459,1,9,
bedside_manner,6.152848243713379,6.290829181671143,1,15,
colic,4.5947136878967285,7.474116802215576,1,88,
distal,3.6843419075012207,10.218830108642578,1,9,
acid_erosion,4.154510021209717,9.161177635192871,1,9,
whisky,-1.1381334066390991,5.808563232421875,1,23,
chest_xray,2.5301923751831055,8.398205757141113,1,8,
extreme_violent,3.731428623199463,6.734405994415283,1,10,
general_anesthetic,8.754733085632324,3.5810461044311523,1,252,
suffer_from_r_cpd,6.995086669921875,7.995095252990723,1,67,
undigested_food,2.5706632137298584,8.312338829040527,1,16,
unexplained,4.040704727172852,8.756991386413574,1,29,
among_us,5.89799165725708,9.149508476257324,1,20,
tragic,6.844436168670654,6.023569583892822,1,10,
all_honesty,5.6191534996032715,7.31113338470459,1,29,
force,1.7226903438568115,8.94533634185791,1,2741,
specific_question,8.756651878356934,6.670623302459717,1,31,
nostril,1.0296217203140259,8.241802215576172,1,68,
convince_them,9.81836223602295,7.759347438812256,1,72,
predate,6.36338472366333,8.140900611877441,1,5,
10000_worth,6.729308605194092,6.2053937911987305,1,13,
faff,7.298755168914795,6.622570991516113,1,8,
ferment,2.856020212173462,9.308785438537598,1,50,
teen_year,4.484721660614014,7.601353645324707,1,19,
tif,7.733064651489258,4.593398094177246,1,11,
false_memory,5.62977933883667,7.7676544189453125,1,8,
round_1,7.5638427734375,3.6313328742980957,1,53,
originate,9.856376647949219,6.982339859008789,1,198,
fairly_common,5.611639022827148,9.924539566040039,1,48,
hem,7.134361267089844,5.907184600830078,1,9,
hospital_gown,0.6609990000724792,6.205424785614014,1,11,
true,4.980536937713623,5.760628700256348,1,780,
weird_position,0.18304836750030518,9.69853687286377,1,34,
abdominal_area,2.550870180130005,9.641761779785156,1,15,
hangry,2.2741968631744385,7.341681480407715,1,5,
homie,6.580044269561768,6.878098487854004,1,14,
drain,1.3087376356124878,8.976531028747559,1,83,
less_invasive,8.489261627197266,3.876148223876953,1,40,
satan,4.0750908851623535,6.000060558319092,1,12,
early_august,8.006381034851074,4.712275981903076,1,12,
move_around,1.8389829397201538,9.038496971130371,1,170,
tight_ues,3.173314332962036,10.513813018798828,1,16,
require_manometry,9.33788776397705,6.654862403869629,1,11,
preliminary_appointment,8.168170928955078,6.056119918823242,1,9,
15_year_old,6.5096845626831055,7.6410675048828125,1,33,
michael_learner,8.726146697998047,6.389766216278076,1,12,
understand_r_cpd,8.323395729064941,7.193987846374512,1,14,
weird_af,4.2475175857543945,6.110693454742432,1,7,
context_of_r_cpd,5.7539567947387695,9.089200973510742,1,6,
sustainable,6.176348686218262,7.367128372192383,1,13,
exacerbation,2.0480587482452393,7.263629913330078,1,5,
downward,0.9620245695114136,9.71920394897461,1,56,
diaphragm,1.2497419118881226,10.358457565307617,1,615,
rubbish,5.831746578216553,6.0986127853393555,1,28,
dietary,4.540810585021973,9.74828815460205,1,50,
much_worse,3.1591835021972656,7.788819789886475,1,272,
more_discreet,3.717146635055542,5.882225036621094,1,11,
cut_short,0.5804845094680786,7.1374640464782715,1,10,
due_to_r_cpd,3.709852457046509,8.669108390808105,1,27,
red_bull,-1.124222993850708,6.2591681480407715,1,23,
drown,1.8577791452407837,7.081725120544434,1,89,
caustic,-1.972808837890625,6.048807144165039,1,5,
chaser,-1.7549612522125244,5.950038909912109,1,34,
arizona,9.122466087341309,6.140691757202148,1,25,
small_bubble,2.3075618743896484,9.282011032104492,1,30,
lunatic,6.376165866851807,6.997868061065674,1,7,
abnormality,10.269272804260254,8.19963550567627,1,58,
insecure_about,5.402919292449951,6.245668888092041,1,9,
educate,8.936060905456543,8.184765815734863,1,112,
retrograde_only,3.169562578201294,10.612798690795898,1,18,
eventual_lead,3.3824634552001953,9.728646278381348,1,21,
fight_or_flight_response,5.425040245056152,8.075400352478027,1,7,
nasal_passage,1.060792088508606,8.298901557922363,1,29,
zebra,5.716779708862305,7.787320137023926,1,26,
hehe,5.838160514831543,6.3828887939453125,1,24,
none_of_us,6.0337815284729,7.47805643081665,1,21,
damage,2.4200797080993652,10.75931167602539,1,513,
melt,-2.1907958984375,5.6143670082092285,1,29,
anomaly,6.337554931640625,7.245160102844238,1,28,
4000,10.224568367004395,4.4992218017578125,1,82,
crohn,4.822360992431641,9.705780982971191,1,48,
autism,5.775480270385742,9.57191276550293,1,30,
fissure,7.609068870544434,6.355223655700684,1,5,
super_embarrass,3.5963118076324463,5.909615516662598,1,39,
small_pop,1.9113085269927979,8.008801460266113,1,19,
fluid,2.06913161277771,8.343670845031738,1,234,
who_treat_r_cpd,9.723288536071777,7.0242919921875,1,42,
inspire,5.955739974975586,5.750001907348633,1,66,
doctor_abstain,9.493258476257324,5.31100606918335,1,75,
refine_sugar,-1.4004899263381958,4.956935882568359,1,7,
empathize,5.799875259399414,6.055464744567871,1,31,
glycerin,0.3890129029750824,5.693938732147217,1,6,
common_with_r_cpd,6.112672805786133,7.799839019775391,1,10,
efficacy,8.0506010055542,3.7367255687713623,1,58,
permanent,7.280002593994141,3.7049076557159424,1,623,
by_surprise,3.1919121742248535,5.215758800506592,1,75,
roof_of_mouth,0.5821846127510071,9.686619758605957,1,9,
hospitalize,3.898409128189087,7.706820487976074,1,43,
spirit,-1.1524521112442017,6.146083831787109,1,92,
help,0.9919059872627258,10.959015846252441,1,16658,
your_toe,0.2324545979499817,9.68562126159668,1,11,
most_of_us,5.839903354644775,9.828922271728516,1,322,
issue_e_g,5.281958103179932,10.002302169799805,1,8,
extreme_nausea,3.0234265327453613,7.9146528244018555,1,49,
hole,1.2041466236114502,9.137602806091309,1,104,
last_ditch,9.133862495422363,6.216099262237549,1,6,
small_intestine,2.746055841445923,9.44517707824707,1,49,
austria,9.49373722076416,6.57388973236084,1,50,
fiber,-1.341529369354248,4.356509208679199,1,113,
tv,4.426321506500244,6.082963943481445,1,52,
5k,10.33006477355957,4.537435054779053,1,108,
shaker_exercise,0.6072468161582947,10.919098854064941,1,2089,
lactose_intolerance,4.7292985916137695,9.718955993652344,1,71,
their_name,8.621810913085938,7.5430006980896,1,30,
deal_w,6.4686455726623535,7.142862319946289,1,10,
inflate_balloon,1.53813636302948,8.957474708557129,1,12,
my_gag_reflex,2.8784685134887695,6.56997537612915,1,235,
relieve_pressure,1.946393370628357,8.96524429321289,1,51,
availability,9.477938652038574,5.319426536560059,1,58,
r_cpd_then,4.51212739944458,9.477331161499023,1,9,
crappy,5.73889684677124,6.227272987365723,1,45,
phrenic_nerve,2.3805129528045654,10.198760986328125,1,14,
lateral,0.44607555866241455,9.98236083984375,1,13,
tortuous,5.599789142608643,8.288236618041992,1,6,
heds,5.7398681640625,9.827027320861816,1,87,
73,7.881472110748291,5.3559770584106445,1,9,
instrument,1.0874775648117065,8.71498966217041,1,41,
health_risk,5.977658271789551,8.129192352294922,1,8,
hotel_stay,9.743230819702148,4.54267692565918,1,8,
gluten,-1.6175271272659302,4.567604064941406,1,143,
erst,6.950525760650635,5.285961151123047,1,6,
2_4,4.277905464172363,3.906076192855835,1,102,
book,9.257277488708496,5.1409592628479,1,1731,
tense_up,1.4590013027191162,10.48461627960205,1,146,
onion_garlic,-1.5867173671722412,4.6816630363464355,1,16,
50kg,5.705113410949707,3.778398036956787,1,5,
can_relate,5.241767406463623,5.806284427642822,1,273,
mouth_close,3.162468910217285,5.468836784362793,1,117,
sickness_bug,5.67613410949707,7.919440269470215,1,7,
gi_motility,4.488128662109375,9.427830696105957,1,19,
wear_maternity,0.3930889368057251,7.212118625640869,1,7,
active,1.3458678722381592,10.933426856994629,1,871,
expect,4.743802070617676,4.625173091888428,1,1503,
goiter,5.6343607902526855,9.298477172851562,1,6,
shoot_up,2.7155635356903076,8.921143531799316,1,18,
aber,6.928162097930908,5.256199359893799,1,18,
consultation_appointment,9.021648406982422,5.122403144836426,1,30,
very_skeptical,7.198329925537109,7.23261022567749,1,15,
statistic,8.788930892944336,8.248598098754883,1,133,
stocking_up,-1.2594629526138306,5.411444187164307,1,10,
sex,4.4036030769348145,6.4545087814331055,1,91,
forearm,0.25303319096565247,9.564356803894043,1,11,
make_themselves,3.637261152267456,6.459985256195068,1,38,
emergency_room,10.539340019226074,8.106013298034668,1,29,
lower_esophageal,2.939401865005493,10.100215911865234,1,12,
george_washington_university_hospital,8.235817909240723,5.514323711395264,1,6,
sit_up,-0.21416108310222626,8.740350723266602,1,396,
end_of_february,8.515034675598145,5.175625801086426,1,17,
shit,4.402676582336426,6.0763163566589355,1,645,
show_them,8.93208122253418,7.71969747543335,1,117,
cricoid,1.176008701324463,10.373590469360352,1,85,
dysphagia_trouble,2.111525297164917,7.212062835693359,1,9,
become_unbearable,4.564343452453613,8.011239051818848,1,50,
irritate,1.967979907989502,7.942191123962402,1,311,
document,8.70236873626709,8.021023750305176,1,210,
project,1.753613829612732,8.237798690795898,1,57,
entire_life,4.510284423828125,7.208251476287842,1,690,
printout,8.800180435180664,7.721999168395996,1,19,
ginger_beer,-1.0818521976470947,5.876255035400391,1,10,
your_gag_reflex,0.4032425284385681,9.147518157958984,1,72,
follow_by,2.861748695373535,5.560224533081055,1,190,
gas_bubble,1.724973440170288,9.0337553024292,1,145,
complacent,6.493465900421143,5.453281879425049,1,9,
social_setting,2.9326493740081787,7.1922926902771,1,53,
primary_care_doc,9.841476440429688,7.251864910125732,1,21,
remedy,-0.8634887337684631,3.9900763034820557,1,164,
doctor_holmes_in_raleigh_nc,8.246243476867676,5.320578575134277,1,14,
pretty_intense,2.0038297176361084,7.312591075897217,1,43,
doctor_paddle,9.538235664367676,5.385890960693359,1,56,
contract,1.8003472089767456,10.421704292297363,1,234,
upset_stomach,2.9528868198394775,8.060319900512695,1,41,
look_down,0.37960949540138245,10.113940238952637,1,247,
contractility,3.821118116378784,9.73255443572998,1,6,
mid_late_twenties,5.453174114227295,7.779116630554199,1,6,
expert,8.845479965209961,8.296354293823242,1,137,
hospital_in_manchester,7.393181800842285,6.852906227111816,1,5,
arfid,5.11026668548584,7.848330974578857,1,28,
through_kaiser_permanente,8.301417350769043,5.825356483459473,1,6,
early_childhood,4.742769718170166,7.8024749755859375,1,32,
value,9.095396041870117,7.650990009307861,1,67,
accumulate,2.1402440071105957,9.246033668518066,1,65,
speculate,5.345037937164307,9.772832870483398,1,45,
nap,0.45637398958206177,6.8498454093933105,1,187,
90_degree,0.28725823760032654,9.785041809082031,1,23,
elin_marsk,7.187722682952881,5.979343414306641,1,7,
blue_cross_blue_shield,10.000243186950684,4.72236442565918,1,28,
diet_soda,-1.072448968887329,6.098941326141357,1,13,
our_parent,5.67948055267334,7.452918529510498,1,16,
st_mike,8.278246879577637,5.990056037902832,1,8,
funny_noise,3.4978599548339844,5.997433185577393,1,12,
language,8.69861125946045,8.283019065856934,1,69,
guinness,-1.1965783834457397,6.105642795562744,1,71,
rationalize,2.0882909297943115,6.985305309295654,1,9,
michigan,9.5904541015625,6.129820346832275,1,50,
afab,5.790983200073242,8.648201942443848,1,6,
authorization,10.450272560119629,5.282328128814697,1,22,
absolutely_love,7.655005931854248,5.635776519775391,1,26,
hot_soup,-1.3980265855789185,5.059466361999512,1,9,
motilium,-0.22163914144039154,3.9266040325164795,1,8,
stud,7.724742889404297,6.568997383117676,1,5,
ibs,4.7143964767456055,9.798373222351074,1,1193,
roulette,6.912178039550781,7.130861759185791,1,10,
dangerous,2.757340669631958,6.669166564941406,1,229,
right_before_bed,-0.6072722673416138,7.787252902984619,1,29,
friend_family,6.015055179595947,6.97194766998291,1,25,
less_alone,5.403238296508789,5.755257606506348,1,30,
inflate,2.036654233932495,9.208430290222168,1,123,
speech_pathologist,9.780457496643066,7.303488254547119,1,36,
apd,5.6882643699646,9.67566967010498,1,54,
right_on_track,5.793304920196533,5.547683238983154,1,13,
botox_iversary,4.5506205558776855,3.973675012588501,1,9,
care,5.255653381347656,5.654836177825928,1,806,
soup_smoothie,-2.2701034545898438,5.751224994659424,1,20,
10_lb,5.300328731536865,3.972376585006714,1,17,
a_stomach_bug,4.24852991104126,7.489023685455322,1,101,
hello_fellow_no_burper,7.227693557739258,7.433436870574951,1,23,
slight_slow_swallow,1.8153432607650757,7.243617057800293,1,33,
peppermint,-1.047789454460144,4.244935989379883,1,71,
polyp,4.119856357574463,10.091072082519531,1,17,
asymptomatic,5.845734596252441,8.363351821899414,1,13,
venture,6.1386237144470215,7.524511337280273,1,12,
richard,7.877986907958984,6.3637237548828125,1,7,
bell_pepper,-1.5576698780059814,5.035970211029053,1,18,
induce_gag_reflex,0.40728968381881714,9.81738567352295,1,6,
childhood,4.535682678222656,7.449835300445557,1,213,
download,8.485429763793945,7.463994026184082,1,24,
subdue,0.20693743228912354,9.771350860595703,1,11,
two_finger,0.5414249300956726,9.580341339111328,1,23,
super_sensitive,3.4509336948394775,6.829585552215576,1,21,
birth_control,-0.19229282438755035,3.9405291080474854,1,32,
oatmeal,-2.318622589111328,5.679478168487549,1,69,
sternum,1.542109489440918,9.433507919311523,1,63,
provider,10.158892631530762,5.930790901184082,1,241,
trigger_food,-1.8004579544067383,4.909839630126953,1,132,
something_stuck,1.7558664083480835,7.822937488555908,1,69,
bowel_cramp,2.7939298152923584,9.32438850402832,1,10,
gastroscopy,10.47012710571289,8.031895637512207,1,251,
horror_story,6.080594062805176,5.373982906341553,1,51,
financial,10.431032180786133,5.2822651863098145,1,133,
insurer,10.490403175354004,5.1938371658325195,1,47,
upper_esophageal,2.671684503555298,10.775480270385742,1,25,
water,-1.8213486671447754,6.575161933898926,1,3662,
dream,5.12208366394043,5.615420341491699,1,192,
co_occur,5.615606307983398,9.3916015625,1,18,
doctor_amanda_hu,9.489727020263672,6.377881050109863,1,49,
sternum_area,2.006085157394409,9.45681381225586,1,15,
risk_of_develop,5.2530837059021,9.5362548828125,1,13,
la_croix,-1.1411014795303345,6.275834560394287,1,37,
specialist,9.938285827636719,7.624326229095459,1,1836,
two_round,7.87490177154541,3.4893975257873535,1,92,
barf,3.230302572250366,6.569066524505615,1,87,
pull,0.5702596306800842,9.328042984008789,1,492,
chase_with_water,-2.142542839050293,6.29833984375,1,46,
unlucky,7.271738529205322,4.137166500091553,1,74,
oftentimes,3.6205508708953857,6.912912845611572,1,14,
doctor_sunil_verma,9.434903144836426,6.303547382354736,1,26,
early_adulthood,4.697979927062988,8.076964378356934,1,9,
maneuver,0.728783905506134,10.341941833496094,1,84,
pretty_standard,6.388092994689941,6.453670024871826,1,23,
dx,5.011338233947754,9.120979309082031,1,15,
gain_control,1.2879351377487183,10.827189445495605,1,26,
high_school,4.470792770385742,7.679271221160889,1,252,
yoga_pose,-0.04552130401134491,9.554874420166016,1,60,
very_small,3.3065435886383057,5.076626777648926,1,249,
keg,4.366086006164551,6.318191051483154,1,5,
neck_area,1.3632307052612305,9.556495666503906,1,25,
lactase,-1.2998422384262085,4.541322708129883,1,9,
brother,4.898393154144287,7.06663703918457,1,112,
translate,7.808572292327881,7.211297988891602,1,39,
jan_2025,7.537821292877197,4.92272424697876,1,19,
intense_fear,4.376150131225586,7.557990074157715,1,23,
gas_escape,2.059410810470581,9.00129508972168,1,28,
local_ccg,9.296892166137695,6.554563045501709,1,15,
4_minute,0.02066289819777012,9.311095237731934,1,16,
find_this_forum,6.997158527374268,7.830564498901367,1,32,
hiss,3.6090383529663086,5.758293151855469,1,12,
doctor_pittman,9.46133041381836,5.334784984588623,1,63,
grind,1.269687294960022,9.3880033493042,1,26,
different_method,0.27656784653663635,10.809663772583008,1,33,
new_to_this_sub,7.071359634399414,7.737759590148926,1,27,
milk,-1.959572672843933,5.06181526184082,1,192,
almost_cry,6.570069313049316,7.360413074493408,1,43,
eat_slow,-2.1172919273376465,6.325104236602783,1,217,
chronic_acid_reflux,4.3692121505737305,8.95568561553955,1,28,
medical_professional,8.775146484375,8.442333221435547,1,179,
mirror,0.20091068744659424,9.217391967773438,1,78,
rather_die,4.769116401672363,7.632692813873291,1,7,
upcoming_procedure,6.878777027130127,6.349766731262207,1,20,
finger_x,5.515632152557373,5.007076263427734,1,56,
original_comment,6.068476676940918,7.350591659545898,1,10,
spaghetti,-1.4286460876464844,5.595898628234863,1,20,
accuse,5.672115802764893,8.904011726379395,1,25,
saw_lucy_hicklin,8.046527862548828,4.7728400230407715,1,13,
unpleasant_side_effect,6.028721809387207,7.483659744262695,1,16,
unheard,6.008904933929443,9.094195365905762,1,52,
july_2023,7.830141544342041,4.4358344078063965,1,31,
kind_stranger,7.606057643890381,6.569789409637451,1,10,
former_no_burper,6.7826008796691895,7.372175693511963,1,16,
prevalence,5.870556831359863,9.105854034423828,1,15,
dub,4.953064441680908,6.934017181396484,1,7,
ear_canal,1.7042593955993652,9.559494018554688,1,11,
april_23,7.8384599685668945,5.154562950134277,1,6,
60g,-1.4674038887023926,4.938138961791992,1,5,
salivary_gland,6.243061065673828,7.284285068511963,1,6,
stream,1.188956379890442,9.296440124511719,1,24,
these_weird,3.14618182182312,5.945617198944092,1,88,
red_flag,6.06125020980835,8.01824951171875,1,16,
active_ingredient,-0.7072421908378601,4.4150614738464355,1,13,
bowel_issue,4.604204177856445,9.563241958618164,1,29,
shaker_exercise_on_youtube,0.18644210696220398,10.754220008850098,1,10,
derive,8.781713485717773,8.000843048095703,1,28,
build_up,1.9852826595306396,8.938667297363281,1,446,
no_burpee,6.2493391036987305,6.925848484039307,1,11,
bill,10.29316234588623,4.617238998413086,1,410,
ventetiden,7.1735405921936035,5.943875312805176,1,5,
overturn,8.33916187286377,6.472342014312744,1,7,
thick_saliva,2.15820574760437,7.593716621398926,1,35,
laryngologist,9.803947448730469,7.438594818115234,1,120,
train_myself,1.0922898054122925,11.076301574707031,1,139,
endurance_sport,5.6553425788879395,7.478880405426025,1,6,
encourage_to_hear,5.92230749130249,5.528994083404541,1,26,
range_of_motion,1.1684197187423706,10.40599250793457,1,6,
05,5.164310455322266,3.6362435817718506,1,15,
vagal_nerve,4.056990146636963,9.711630821228027,1,9,
two_or_three,4.108334541320801,4.015863418579102,1,70,
crusty_bread,-1.9254597425460815,5.786339282989502,1,6,
conversation,4.537833213806152,6.117646217346191,1,273,
predominantly,5.6740264892578125,8.779565811157227,1,14,
wager,3.7369346618652344,5.671997547149658,1,10,
essential_oil,-0.7092229127883911,4.699357509613037,1,10,
inconclusive,4.6392316818237305,9.498062133789062,1,21,
160,5.690056324005127,3.759016513824463,1,17,
hey_everyone,7.3233184814453125,8.096691131591797,1,205,
survey_link,8.08234691619873,7.351665496826172,1,6,
rise,1.6959199905395508,9.041775703430176,1,227,
gelusil,-0.8123638033866882,4.891850471496582,1,5,
pretzel,-1.4827288389205933,5.545561790466309,1,9,
after_eat,2.5765397548675537,5.8251824378967285,1,1760,
head_turn,0.6878703236579895,10.876596450805664,1,209,
3000,10.254959106445312,4.489113807678223,1,71,
jealous,4.463172912597656,5.944899082183838,1,121,
pretty_severe,3.6196796894073486,8.252514839172363,1,95,
stretchy,0.27518430352211,7.2704057693481445,1,23,
manometry_and_barium,10.281818389892578,8.11851692199707,1,15,
underneath,1.677707552909851,9.53410530090332,1,35,
yogurt,-2.326342821121216,5.689308166503906,1,165,
let_out,3.2098686695098877,5.451639175415039,1,771,
pause,0.7887951135635376,9.04562759399414,1,97,
super_loud,3.3358471393585205,5.910895347595215,1,74,
sensitivity,4.811985492706299,9.915788650512695,1,88,
achalasia,5.434810161590576,10.420151710510254,1,134,
chug_sprite,6.251308917999268,6.720638275146484,1,6,
randomize,8.745402336120605,7.673755645751953,1,11,
bedridden,0.4367939531803131,7.145046234130859,1,13,
sit,-0.07621074467897415,8.614633560180664,1,1374,
annoy,2.682871103286743,6.808900356292725,1,1058,
neurological_disorder,3.769392728805542,9.522724151611328,1,7,
ge,8.852052688598633,6.2090067863464355,1,25,
content,2.4694459438323975,9.381415367126465,1,156,
gag_trick,3.7007689476013184,6.695080280303955,1,20,
diverticulum,4.967528343200684,9.142925262451172,1,8,
ondansetron,-0.39880672097206116,3.81612491607666,1,16,
chocolate,-1.9260526895523071,5.073456764221191,1,121,
careless,7.301084995269775,6.827559947967529,1,8,
definitely_worth,6.773339748382568,4.810820579528809,1,137,
vertebrae,1.9091458320617676,9.821825981140137,1,6,
barley,-0.3297940492630005,6.54708194732666,1,21,
rehab,6.961340427398682,6.786162853240967,1,9,
pitch,1.5278713703155518,9.059621810913086,1,36,
nacho,-1.3102425336837769,5.427309513092041,1,8,
alan,8.103090286254883,6.090367794036865,1,7,
treat_r_cpd,9.816566467285156,7.423780918121338,1,188,
complete_unrelated,5.761418342590332,8.915619850158691,1,32,
take_prilosec,-0.36993640661239624,3.6382558345794678,1,23,
ribcage,1.3440366983413696,9.435312271118164,1,47,
coordinate,1.9917984008789062,10.526700973510742,1,38,
lie_down_flat,-0.21316279470920563,8.769794464111328,1,62,
gas_rise,1.2301744222640991,9.704776763916016,1,35,
genetic_factor,8.477084159851074,7.628595352172852,1,20,
discern,2.088015556335449,7.097111701965332,1,15,
ce_que,7.227192401885986,5.896502494812012,1,5,
dismissive,9.62838077545166,7.963616847991943,1,92,
ever_since,3.7182297706604004,4.371267318725586,1,568,
more_sensitive,2.3987767696380615,9.029109954833984,1,28,
750,9.964972496032715,4.440976142883301,1,33,
textbook_rcpd,6.2353949546813965,7.695446491241455,1,9,
concave,0.25924772024154663,7.475068092346191,1,8,
take_small_sip,-2.022923469543457,6.197892665863037,1,50,
day_6,4.481174468994141,4.252294540405273,1,170,
intense_nausea,3.0623934268951416,7.876655578613281,1,29,
baby_my_parent,6.007693290710449,6.948807716369629,1,8,
bout,3.0828466415405273,7.963600158691406,1,146,
2_5,4.3968892097473145,3.9153971672058105,1,314,
assistant,9.820079803466797,5.611227035522461,1,49,
reassure_to_hear,5.857627868652344,5.716320991516113,1,41,
lakeshore,7.901754856109619,6.1613450050354,1,6,
worry,2.7337679862976074,6.5350518226623535,1,2114,
cleveland_clinic,9.394973754882812,6.420130729675293,1,21,
numb,1.1563894748687744,7.968820571899414,1,311,
age_8,4.427920341491699,7.545681953430176,1,12,
maiden,7.265364170074463,6.500047206878662,1,5,
vacuum,0.7682740092277527,9.305484771728516,1,35,
slow_digestion,3.392897844314575,9.240350723266602,1,17,
wiggle,0.3000265061855316,9.789769172668457,1,65,
unbutton,0.1622273474931717,7.51592493057251,1,38,
dairy_free,-1.359517216682434,4.6921234130859375,1,16,
internet_post,5.480118751525879,8.724409103393555,1,9,
ttuhsc,7.634520530700684,6.344332695007324,1,6,
slightly_elevate,-0.5258705019950867,8.050578117370605,1,14,
overload,-1.4797166585922241,4.862527847290039,1,12,
skeptical_about,9.50259780883789,7.8159637451171875,1,20,
hard_liquor,-1.1349421739578247,5.917116641998291,1,29,
630,7.635600566864014,5.8480048179626465,1,8,
strange_noise,3.2913169860839844,5.939375400543213,1,26,
diet_change,-1.0720202922821045,4.029393196105957,1,56,
most_gps,8.248598098754883,7.755072116851807,1,12,
cannot_believe,6.960084438323975,7.831865310668945,1,38,
complex,5.940265655517578,9.565827369689941,1,69,
19_year,6.134439945220947,7.594939231872559,1,40,
some_insight,6.024176120758057,5.310042381286621,1,48,
uhhh,6.387108325958252,6.857154369354248,1,12,
small_quantity,-1.2163264751434326,5.420934200286865,1,6,
64,5.565842151641846,4.134990215301514,1,14,
very_loud,3.2647452354431152,5.880367279052734,1,153,
bout_of_food_poison,4.74660587310791,7.5905537605285645,1,7,
two_together,4.982333183288574,7.6492109298706055,1,19,
cuddle,4.196153163909912,6.051776885986328,1,13,
hi_guy,7.3308916091918945,8.09636116027832,1,189,
absorption,3.853313446044922,9.5580472946167,1,30,
kefir,-1.4307557344436646,4.9493608474731445,1,33,
scientific_literature,8.414712905883789,7.70688009262085,1,9,
floppy,2.551609516143799,10.523930549621582,1,21,
old_man,6.70603084564209,7.278956413269043,1,17,
fourth,8.30250072479248,4.352977275848389,1,171,
shotgun_beer,6.263265609741211,6.899261474609375,1,7,
follow_qualification,5.242012977600098,7.54005765914917,1,9,
quality_of_life_improvement,5.538931369781494,7.363832950592041,1,18,
occasion,2.812509775161743,5.68058967590332,1,215,
noburper,5.070285320281982,7.356914043426514,1,573,
deficiency,4.477375030517578,9.78954792022705,1,52,
placement,8.492318153381348,3.6068472862243652,1,86,
cost_estimate,9.928316116333008,4.9163713455200195,1,18,
gastroenterologist,10.190171241760254,7.985808372497559,1,696,
dysautonomia,5.0721755027771,9.475861549377441,1,20,
pilates,-0.26531291007995605,8.991422653198242,1,58,
insurance_cover,10.35791015625,4.731812000274658,1,286,
stand_straight,0.19058892130851746,7.6657395362854,1,14,
go_unnoticed,-0.5994206070899963,5.880735874176025,1,8,
sport,-1.8312796354293823,5.047954559326172,1,136,
united_state_and_speak_fluent,5.304958343505859,7.3915910720825195,1,9,
blockage,2.0660030841827393,10.307703971862793,1,88,
miami,8.533398628234863,6.385866165161133,1,14,
would_love,5.93813419342041,5.267667293548584,1,530,
alleviate,3.3112947940826416,8.201155662536621,1,229,
lyft,0.494971364736557,6.459234714508057,1,9,
stay_hydrate,-2.1475119590759277,6.252089977264404,1,65,
botox_wear_off,4.744754314422607,4.114696025848389,1,210,
space_heater,0.15072046220302582,9.61297607421875,1,18,
spicy_food,-1.8540918827056885,5.063805103302002,1,118,
multiple_round,7.656647205352783,4.024919509887695,1,25,
whole_world,6.28434944152832,6.959700584411621,1,11,
my_husband,4.38228178024292,6.0137152671813965,1,579,
inability_to_belch_gurgle_noise,2.295501232147217,9.420849800109863,1,12,
larynx_lower_voice,0.18397247791290283,10.784701347351074,1,9,
cut_out_coffee,-1.302278995513916,4.685631275177002,1,9,
social_life,4.563838005065918,6.3234076499938965,1,115,
relation_to_r_cpd,6.877862930297852,7.446618556976318,1,6,
unaware,6.340595722198486,9.089195251464844,1,72,
stodgy,-1.8859715461730957,5.744296550750732,1,7,
nutritionist,-0.9383630156517029,3.904353618621826,1,41,
go_to_doctor_spiegel,8.45189094543457,5.877642631530762,1,18,
10pm,0.2616446316242218,6.821959495544434,1,28,
fear_of_vomit,3.934704065322876,7.253299236297607,1,373,
brisbane,9.542110443115234,6.0123395919799805,1,49,
les_function,5.334623336791992,8.941230773925781,1,16,
uber,0.5407540202140808,6.423164367675781,1,70,
idiopathic,5.479714870452881,8.971210479736328,1,10,
nitro_beer,-0.8817729353904724,5.6904988288879395,1,11,
chew,-2.0414979457855225,6.411468029022217,1,754,
consistent,1.0125007629394531,11.128003120422363,1,579,
theoretic,2.523162364959717,10.846931457519531,1,40,
specialization,8.689623832702637,7.782167911529541,1,8,
your_esophagus,1.8435986042022705,10.298250198364258,1,602,
gastric_empty,4.515859603881836,9.66540813446045,1,25,
steam,-1.451320767402649,5.4697771072387695,1,26,
under_general,8.681005477905273,3.5650439262390137,1,107,
pain,2.931246280670166,7.670617580413818,1,9117,
both_r_cpd,5.754490852355957,9.074520111083984,1,16,
symptom_free,4.866122245788574,4.039877891540527,1,72,
massage,0.6894402503967285,10.277068138122559,1,429,
around_4k,9.514386177062988,4.348323345184326,1,20,
positive_experience,5.83676290512085,5.334475994110107,1,77,
thank_you_for_check,6.843400478363037,6.634214878082275,1,6,
46_year,6.536373615264893,6.901318550109863,1,7,
uk,10.221685409545898,5.757876873016357,1,1534,
food_poison,4.248409271240234,7.474165916442871,1,135,
gum,-1.9787638187408447,5.151376247406006,1,131,
attach,8.721861839294434,7.677692890167236,1,128,
than_usual,2.1029152870178223,6.690560817718506,1,180,
miniature,6.345290184020996,6.892452239990234,1,5,
doctor_snelleman,9.424098014831543,5.309681415557861,1,75,
saudi_arabia,8.360048294067383,6.5825958251953125,1,8,
dairy,-1.790289282798767,4.820776462554932,1,296,
yoghurt,-2.3600919246673584,5.71573543548584,1,72,
hyoid_bone,0.8383004665374756,9.763654708862305,1,7,
development_of_other,5.057677268981934,9.662028312683105,1,14,
itemize_bill,7.667040824890137,6.062165260314941,1,6,
tightness,1.9255937337875366,8.73383903503418,1,273,
skirt,6.836414337158203,5.8658013343811035,1,8,
mouth,1.0777087211608887,8.886616706848145,1,539,
advil,0.028483109548687935,4.220724582672119,1,62,
follow_up,9.373804092407227,5.177514553070068,1,727,
test_for_r_cpd,9.465948104858398,7.609686374664307,1,18,
illness,5.767058372497559,10.050877571105957,1,223,
les,2.433138132095337,10.799410820007324,1,815,
sorry_in_advance,6.323044776916504,6.448266506195068,1,10,
nurse,0.8921515345573425,6.425788879394531,1,620,
tummy,2.127166271209717,8.7196626663208,1,245,
tiny,3.1826932430267334,5.256742000579834,1,502,
bastian_rw,7.90874719619751,5.876462936401367,1,6,
push_against,2.0701916217803955,9.7631254196167,1,33,
big_dose,7.5940446853637695,3.920585870742798,1,32,
unexpected,3.2444450855255127,5.175613880157471,1,206,
muscle_tone,2.7321152687072754,10.38599967956543,1,7,
nhs_route,9.725555419921875,7.00068473815918,1,16,
gosh,5.874344348907471,6.135097026824951,1,79,
parasite,4.110586643218994,9.63375473022461,1,17,
brilliant,5.970808029174805,5.3075714111328125,1,98,
spray_lidocaine,1.0915119647979736,8.047584533691406,1,5,
wide_awake,8.450091361999512,5.686457633972168,1,9,
large_bowel,3.585170030593872,9.833391189575195,1,20,
jinx,6.7419586181640625,5.380828857421875,1,13,
worse_than,2.5502190589904785,6.707361698150635,1,572,
verge,2.848099708557129,7.300434112548828,1,61,
abdominal_massage,0.15568609535694122,10.572944641113281,1,12,
buildup,2.360323667526245,8.962352752685547,1,67,
another_dose,7.447640895843506,3.582828998565674,1,83,
high_note,2.3746883869171143,9.983885765075684,1,25,
chloride,-1.0810997486114502,4.751720905303955,1,7,
5_hop,-0.5220397710800171,4.277195930480957,1,6,
other_organ,2.399400234222412,9.706785202026367,1,19,
doctor_daniel,7.89057731628418,6.615026950836182,1,6,
self_esteem,4.243757247924805,8.388040542602539,1,31,
old_fashion,-1.0606054067611694,5.344397068023682,1,13,
vodka_water,-1.183150291442871,5.574026107788086,1,21,
procedure_itself,8.804140090942383,3.4606072902679443,1,212,
depression,4.222781181335449,8.405414581298828,1,91,
my_tongue,0.48759832978248596,9.063215255737305,1,384,
insecurity,6.63346529006958,6.2459235191345215,1,10,
botox,7.38731575012207,3.5740678310394287,1,30439,
festive,-0.4369477331638336,6.5330657958984375,1,6,
motion_sick,-0.33568739891052246,5.876649379730225,1,14,
play_around,0.3581951856613159,10.410988807678223,1,64,
meh,6.643388748168945,6.784274101257324,1,13,
hand,0.23226125538349152,8.840527534484863,1,844,
depressing,5.734566688537598,6.156613826751709,1,35,
fund,10.385937690734863,5.525233268737793,1,106,
tiny_microburp,3.6029179096221924,4.9447021484375,1,46,
cinnamon,-1.4138367176055908,5.163017749786377,1,12,
my_pcp,10.146681785583496,7.7608256340026855,1,150,
15_20,5.056879043579102,3.6503026485443115,1,24,
mountain,0.172996386885643,7.001452922821045,1,26,
muscle_responsible,2.6382529735565186,10.798892974853516,1,12,
carbonate_water,-1.286399483680725,6.4926958084106445,1,203,
ent_specialist,9.985076904296875,7.512307643890381,1,193,
europe,10.180102348327637,5.883570671081543,1,116,
sit_upright,-0.3108775019645691,8.656205177307129,1,55,
drool,2.937751531600952,7.115390300750732,1,35,
gastrointestinal_issue,4.768146514892578,9.738431930541992,1,43,
geez,6.46983003616333,6.8792805671691895,1,13,
genetic_component,6.010263919830322,9.225241661071777,1,31,
air,1.7745449542999268,8.820405006408691,1,10922,
menopause,4.762162685394287,7.891805171966553,1,13,
950,7.556448459625244,5.867916584014893,1,6,
adderall,-0.7643944621086121,3.8877601623535156,1,45,
loopy,1.2610327005386353,7.096291542053223,1,26,
bath,0.4500288963317871,5.979551315307617,1,41,
diet_low_fodmap,-0.7020784020423889,4.032911777496338,1,10,
shaker,0.5594425797462463,10.884770393371582,1,677,
hypertensive,2.82171368598938,10.751351356506348,1,11,
gown,0.6574676036834717,6.242724895477295,1,65,
diastasis_rectus,6.303132057189941,8.056693077087402,1,7,
doctor_jennifer_rodney,8.979883193969727,6.1098952293396,1,11,
massive_amount,2.8390278816223145,9.305680274963379,1,31,
marker,4.061116695404053,9.898391723632812,1,14,
damper,-1.372410535812378,5.106323719024658,1,6,
tuck_your_chin,0.4458370506763458,9.777483940124512,1,17,
functional_medicine_practitioner,8.990138053894043,7.33331823348999,1,6,
other_user,7.263930320739746,7.133551120758057,1,17,
mouth_breathe,2.4659550189971924,10.01020622253418,1,54,
no_regret,6.815122127532959,4.817394733428955,1,82,
doctor_karla_odell,9.371359825134277,6.21742057800293,1,19,
local_anesthesia,8.699566841125488,3.6055400371551514,1,113,
road_trip,0.25330448150634766,6.352907657623291,1,20,
fellow_no,7.386949062347412,7.608117580413818,1,7,
subject,8.894076347351074,8.148590087890625,1,118,
starch,-1.5280741453170776,4.617374897003174,1,26,
publish_paper,8.25777530670166,7.495105743408203,1,21,
his_patient,8.764716148376465,4.069273471832275,1,82,
motility_issue,5.219786167144775,9.868468284606934,1,42,
gravelly,1.784864068031311,7.6006693840026855,1,9,
ga,8.777070999145508,3.491398811340332,1,310,
distress,3.95365047454834,8.115457534790039,1,159,
erectile_dysfunction,6.949662685394287,7.629499912261963,1,13,
voice_center,9.301114082336426,6.1989240646362305,1,19,
hg,4.738908290863037,7.6384124755859375,1,20,
life_change,5.448644638061523,5.262310028076172,1,970,
waft,3.728902578353882,6.121096611022949,1,5,
pay_600,9.810497283935547,4.47725248336792,1,14,
assembly,6.7931365966796875,5.898293972015381,1,8,
potato_chip,-2.058835029602051,5.790751934051514,1,12,
rash,2.8153271675109863,8.310380935668945,1,26,
jacket,1.2089706659317017,6.7806477546691895,1,6,
6_month,4.806328296661377,4.083254337310791,1,1047,
5000,10.30850887298584,4.525059223175049,1,69,
never_meet,6.766035556793213,8.078669548034668,1,72,
h2_blocker,-0.444594144821167,3.549776792526245,1,39,
candida_overgrowth,5.354104042053223,8.590285301208496,1,8,
sting,1.064005732536316,8.176695823669434,1,42,
traumatic_experience,4.035061359405518,7.3236823081970215,1,50,
inability_to_belch,8.739274024963379,8.00084114074707,1,66,
return,4.665365695953369,4.049029350280762,1,487,
nerve,2.4410629272460938,10.269476890563965,1,301,
otolaryngology,9.679388999938965,6.819561004638672,1,23,
20_year_old_male,5.4301676750183105,7.5931196212768555,1,9,
undergo,9.782966613769531,7.23753023147583,1,115,
sugary,-1.3392959833145142,5.827824592590332,1,41,
no_anesthetic,8.735431671142578,3.619922637939453,1,46,
noise,3.088827610015869,5.835272789001465,1,1315,
overly_tight,2.558377981185913,10.685405731201172,1,17,
saw_doctor_villari,8.309163093566895,5.943582534790039,1,6,
seasonal_allergy,4.140267848968506,8.81114387512207,1,11,
less_traumatic,3.8830273151397705,7.171074390411377,1,28,
small_mouthful,-2.198240041732788,6.167090892791748,1,28,
if_left_untreated,5.243056774139404,9.75149917602539,1,23,
feel_better,2.993284225463867,7.0035223960876465,1,1209,
contort,0.9880427718162537,10.139077186584473,1,63,
rennie_deflatine,-0.5971879959106445,4.223612308502197,1,8,
32_year_old,6.226846218109131,7.688591480255127,1,11,
taboo,5.83543586730957,7.372159481048584,1,5,
bearable,1.5025670528411865,7.145488739013672,1,80,
cover_everything_except,9.681069374084473,4.415429592132568,1,14,
gaslight_by,9.632866859436035,7.956748962402344,1,15,
categorize,5.939245223999023,8.830259323120117,1,12,
exactly_how,5.294394016265869,5.7219767570495605,1,168,
wow,5.317224025726318,5.689464092254639,1,1019,
pharynx,3.236265182495117,10.463584899902344,1,20,
facilitate,0.8776478171348572,10.504074096679688,1,40,
digestive_tract,2.444443702697754,9.458039283752441,1,55,
moscaritolo,7.761909008026123,7.763754367828369,1,6,
aid,0.2323816418647766,10.611157417297363,1,97,
rib_cage,2.0212063789367676,9.46642017364502,1,28,
hot_water_bottle,-0.14797186851501465,8.818374633789062,1,13,
these_test,10.194396018981934,7.977299690246582,1,148,
motion,1.0626877546310425,10.230152130126953,1,315,
huge_trigger,-1.7170813083648682,4.997476577758789,1,18,
pea,-1.2281279563903809,5.202802658081055,1,11,
gassy,2.922996997833252,7.391017436981201,1,573,
doctor_hu_in_vancouver,8.42325496673584,6.099219799041748,1,17,
nauzene,-0.7022126913070679,4.311459064483643,1,10,
difficulty_swallow,2.1286165714263916,7.291910648345947,1,309,
wrong_pipe,1.6644142866134644,6.837778091430664,1,31,
fear_of_fly,4.032999038696289,7.184937477111816,1,10,
neck_crunch,0.43041136860847473,10.077606201171875,1,6,
meat_and_dairy,-1.135770320892334,4.928290843963623,1,5,
inhibitor,-0.41910940408706665,3.5481395721435547,1,48,
lose_weight,4.516595840454102,5.027780055999756,1,152,
about_3500,9.809982299804688,4.625692844390869,1,16,
extraordinary,5.8308024406433105,8.243301391601562,1,13,
without_r_cpd,3.676555871963501,6.4798688888549805,1,26,
perform,9.82559871673584,7.182244300842285,1,928,
follow_doctor_bastian,9.082526206970215,7.451091766357422,1,26,
mock,5.021556854248047,6.894920825958252,1,30,
cystitis,5.444568634033203,8.699641227722168,1,5,
3_month_mark,4.86797571182251,4.04464054107666,1,46,
distract,2.492095947265625,7.170419216156006,1,107,
wheel,0.616489052772522,6.361882209777832,1,61,
are_not_uncommon,5.324774265289307,8.723726272583008,1,6,
sleep_upright,-0.5743333697319031,8.28735065460205,1,30,
cute,4.306855201721191,6.038661956787109,1,66,
sit_or_stand,-0.05747072771191597,9.225317001342773,1,22,
compressible,2.7332677841186523,9.399622917175293,1,17,
tilt_your,0.4353208541870117,9.787555694580078,1,9,
validation,7.916445255279541,8.129250526428223,1,80,
ground,0.017850108444690704,8.928337097167969,1,114,
r_cpd_what,5.610970497131348,8.824416160583496,1,12,
difficult,2.3864078521728516,6.607197284698486,1,1439,
gluten_and_dairy,-1.294162392616272,4.5388665199279785,1,11,
age_27,6.425750732421875,7.6367058753967285,1,10,
handle,-1.656549334526062,6.053009986877441,1,557,
six,4.653955459594727,3.7371034622192383,1,58,
home,-0.054150521755218506,7.108825206756592,1,1727,
ish,4.590561389923096,3.746478796005249,1,175,
high_protein,-1.4856483936309814,4.94505500793457,1,18,
air_inside,2.3326337337493896,9.008589744567871,1,53,
thc_receptor,2.51335072517395,9.926502227783203,1,6,
24_hour_post_op,7.503112316131592,4.776895523071289,1,11,
esomeprazole,-0.4349338114261627,3.5232996940612793,1,49,
fruit,-1.9702507257461548,5.036770820617676,1,171,
journal,8.729331970214844,7.630300521850586,1,78,
pantoprazole_40mg,8.904062271118164,6.428646087646484,1,6,
anxiety_attack,3.3440613746643066,7.660618305206299,1,51,
optimistic,5.557796478271484,5.129173755645752,1,124,
herb,-0.679755687713623,4.352193832397461,1,25,
make_myself,3.2307193279266357,6.503398418426514,1,607,
severe_gerd,4.328489780426025,9.029516220092773,1,20,
berries,-1.4770207405090332,5.568002700805664,1,21,
anaesthetist_come,0.6796886324882507,6.261330604553223,1,7,
sideways_shaker,0.2308540791273117,10.721802711486816,1,12,
documentation,8.461213111877441,7.798360824584961,1,34,
frog_sound,3.214449405670166,5.922930717468262,1,45,
repeat_injection,7.676219463348389,4.044937610626221,1,20,
6_7,4.383833885192871,3.8147976398468018,1,67,
tract,2.4707696437835693,9.567656517028809,1,35,
30m,5.372882843017578,8.542410850524902,1,10,
diet_lifestyle,6.088565349578857,8.491325378417969,1,11,
uvula,0.9668903350830078,8.993475914001465,1,119,
damage_nerve,3.5208609104156494,9.325078964233398,1,7,
curse,5.111098766326904,7.042897701263428,1,62,
loud_noise,3.2510743141174316,5.919145584106445,1,45,
malnourish,-1.6290929317474365,4.58997917175293,1,33,
pathophysiology,5.315366268157959,9.571328163146973,1,5,
pain_killer,-0.05427182465791702,4.078231334686279,1,30,
insist,9.871411323547363,7.782260417938232,1,125,
doctor_mchugh,9.472854614257812,5.669300556182861,1,42,
inform,9.069769859313965,7.883986949920654,1,251,
80_success_rate,8.016735076904297,3.595799207687378,1,56,
please_keep,5.98377799987793,5.2544779777526855,1,72,
initial_consultation,9.554831504821777,5.229635715484619,1,156,
hyper,5.163601875305176,9.430562973022461,1,31,
minimal_invasive,8.447343826293945,3.995258092880249,1,17,
part,1.5331906080245972,10.677800178527832,1,2225,
seed,-1.590895414352417,5.007178783416748,1,30,
panic_induce,5.973478317260742,7.302760601043701,1,10,
vegan,-1.621065378189087,4.619570255279541,1,67,
symptom_worsen,4.704980373382568,8.115105628967285,1,79,
outline,8.786861419677734,7.553767204284668,1,43,
coordinator,8.456626892089844,5.72637939453125,1,7,
department,9.774812698364258,6.823301792144775,1,104,
flare,3.0039894580841064,8.38636302947998,1,81,
intentional,3.2566170692443848,5.400465488433838,1,128,
ha_good_luck,6.621756553649902,6.865135669708252,1,7,
shaker_exercise_and_larynx_lower,0.29493606090545654,10.812237739562988,1,51,
university_of_south,8.359314918518066,6.546165943145752,1,7,
gis,9.78698444366455,7.581982135772705,1,82,
excessive,2.753847122192383,5.62667179107666,1,453,
effect,4.940434455871582,4.796743869781494,1,1950,
chubby,5.048984050750732,7.167717456817627,1,14,
fusion,1.9280952215194702,9.801308631896973,1,6,
your_neck,0.4911811351776123,9.77676010131836,1,372,
thoracic,2.099092483520508,9.870253562927246,1,17,
furniture,0.17499518394470215,9.46893310546875,1,13,
save_up,10.381658554077148,5.2951836585998535,1,183,
weightless,5.296633243560791,7.935906887054443,1,5,
ulcerative_colitis,5.124663829803467,9.461772918701172,1,13,
treat,9.788013458251953,8.07279109954834,1,3222,
gut,2.6615500450134277,9.2877197265625,1,432,
overthink,5.25651216506958,5.339618682861328,1,113,
your_lung,1.740287184715271,9.283525466918945,1,91,
tablet,-0.8713177442550659,3.9333066940307617,1,215,
small_amount,1.959816575050354,6.800127983093262,1,276,
visit,9.523425102233887,5.389704704284668,1,840,
rapid_gastric_empty,4.759573459625244,9.063604354858398,1,9,
discomfort,2.946148157119751,7.696503162384033,1,2223,
magnify,2.0806829929351807,7.235481262207031,1,27,
ibs_d,4.486720561981201,8.921588897705078,1,41,
dilate_esophagus,3.53377366065979,10.403403282165527,1,26,
treat_dysphagia,8.51237964630127,3.8970682621002197,1,31,
our_society,4.867135047912598,6.494333744049072,1,7,
your_head,0.5158532857894897,10.325325012207031,1,664,
her_website,9.25102710723877,6.398748874664307,1,18,
neutralize,2.929471492767334,9.334837913513184,1,39,
five,4.528963088989258,3.7882802486419678,1,154,
light_cough,0.40992745757102966,10.331597328186035,1,46,
hot,-1.9278697967529297,5.276073932647705,1,201,
handful_of_time,3.6525115966796875,4.456266403198242,1,101,
till_so_far,8.862260818481445,7.811342239379883,1,21,
afternoon_evening,0.783267080783844,7.084195613861084,1,14,
leak_gut,4.106445789337158,9.427857398986816,1,14,
contact_them,10.338144302368164,5.862135410308838,1,67,
choke,2.1124672889709473,6.816830158233643,1,1492,
cortisol,4.118179798126221,9.19545841217041,1,16,
liquid_baby_advil,-0.41909265518188477,4.0703864097595215,1,6,
125_unit,7.7365498542785645,3.9011707305908203,1,46,
caloric,-1.330042839050293,4.785510540008545,1,10,
temperature,-1.3490846157073975,4.763856887817383,1,61,
egd,10.455696105957031,8.051627159118652,1,80,
perceive,5.756587028503418,8.696483612060547,1,15,
related_to_noburp,5.606782913208008,9.471416473388672,1,51,
tongue,0.8031672239303589,9.307238578796387,1,292,
doctor_who,9.970749855041504,7.670322418212891,1,951,
discuss,9.934928894042969,7.593661785125732,1,610,
cause_by_r_cpd,5.198399066925049,9.84985065460205,1,72,
hair,0.28806746006011963,8.774456977844238,1,110,
syndrome,5.9219770431518555,10.112020492553711,1,355,
purse,-1.3889505863189697,5.504427433013916,1,24,
no_sense,4.848394870758057,6.0055766105651855,1,70,
bland_diet,-0.9853588342666626,4.985793590545654,1,10,
pastry,-1.8224234580993652,5.620058059692383,1,17,
tough,2.5885417461395264,6.514755725860596,1,413,
less_scary,5.442005634307861,5.671370506286621,1,21,
green_bean,-1.0042765140533447,5.220218181610107,1,15,
high_risk,5.536834716796875,9.351950645446777,1,31,
pretty_sore,1.5015605688095093,7.708945274353027,1,23,
relationship_with_food,4.071639060974121,8.453458786010742,1,15,
40_unit,8.066591262817383,3.471792459487915,1,61,
preform,9.454797744750977,7.238035678863525,1,26,
smoothie_and_soup,-1.9868760108947754,6.037671089172363,1,11,
atlas,8.21460247039795,6.958341598510742,1,13,
rum,-1.0269958972930908,5.922070503234863,1,23,
greasy_food,-1.8743796348571777,5.033114433288574,1,55,
pt,0.502815306186676,10.837285041809082,1,55,
po,7.333309173583984,4.569953441619873,1,6,
rule_out_anything_else,10.106147766113281,7.6622514724731445,1,16,
hysteria,3.9365592002868652,5.969486236572266,1,15,
gastroenterologist_who,10.101802825927734,7.534214496612549,1,33,
ache,1.7864619493484497,8.608233451843262,1,170,
your_digestive_tract,2.6985023021698,9.389286994934082,1,18,
acid_reflux_gerd,5.608431816101074,8.452203750610352,1,25,
patient_for_whom,7.792220115661621,4.465427875518799,1,7,
yikes,5.715953826904297,6.095967769622803,1,65,
carbonate_drink_and_alcohol,5.251977443695068,8.005168914794922,1,7,
memory,4.4468994140625,7.355926990509033,1,252,
somewhere_between,7.76688814163208,3.775573492050171,1,25,
anthem_bcbs,9.09117603302002,5.302530765533447,1,11,
doctor_b,9.464909553527832,5.275848388671875,1,145,
my_partner,4.388526439666748,6.062977313995361,1,333,
premise,7.4417314529418945,6.093270301818848,1,6,
implication,6.056066989898682,8.325700759887695,1,18,
esophagus,1.9584001302719116,10.393848419189453,1,2656,
good_news,5.578707218170166,5.061821937561035,1,252,
mental_health,4.317910671234131,8.21679401397705,1,223,
flexor,0.5263187885284424,9.911355972290039,1,6,
sleeper,0.17377109825611115,6.941350936889648,1,13,
inflame_esophagus,5.128446102142334,9.10067367553711,1,8,
get_worse,3.4005355834960938,7.938751697540283,1,1771,
recent_discover,7.141528606414795,8.048079490661621,1,92,
afflict,5.59090518951416,7.817519664764404,1,17,
chelsea_outpatient_center,8.709437370300293,5.319335460662842,1,11,
hi_all,7.314298152923584,8.103501319885254,1,607,
menstrual_cycle,4.442616939544678,8.803410530090332,1,15,
washington,9.50928783416748,6.013585567474365,1,32,
those_with_r_cpd,2.8261542320251465,10.791144371032715,1,17,
howdy,6.750432968139648,7.356341361999512,1,8,
betaine,-0.6484367251396179,4.296306133270264,1,10,
25_each,8.264142990112305,3.7393195629119873,1,8,
semester,0.36231181025505066,6.382812023162842,1,39,
ah_wow,6.927637577056885,6.523072242736816,1,11,
edu_mail,8.069375991821289,6.425551414489746,1,6,
fly_back,9.020488739013672,4.711945056915283,1,42,
ugh,4.949509620666504,5.977347373962402,1,493,
nerva,-0.7192564010620117,4.360071182250977,1,7,
martini,-1.05349862575531,5.451180458068848,1,13,
blessing,5.108369827270508,6.881433963775635,1,64,
dysphagia_or_laryngeal_dystonia,5.239433288574219,10.366880416870117,1,8,
doormat,6.928012847900391,5.389516353607178,1,5,
vom,3.2264585494995117,6.600162982940674,1,48,
medical_field,6.096656799316406,9.434625625610352,1,43,
predisposed,5.611647605895996,9.703471183776855,1,16,
barrett_esophagus,5.013046741485596,10.119430541992188,1,129,
cautious_optimistic,7.721395015716553,4.766741752624512,1,17,
sjogren,5.454716205596924,9.283243179321289,1,5,
healthy_weight,5.438192367553711,4.028491020202637,1,40,
ligament,2.897153854370117,10.364675521850586,1,21,
staff,9.666116714477539,5.24268913269043,1,194,
lifelong,5.662205696105957,9.763136863708496,1,176,
down_towards,0.3373328745365143,9.780632019042969,1,14,
pay,10.442105293273926,4.898204326629639,1,2055,
certain_food,-1.8313817977905273,5.048758029937744,1,185,
under_anesthesia,8.727638244628906,3.511672019958496,1,343,
rage,5.253332614898682,7.397885799407959,1,23,
decongestant,-0.06658272445201874,4.150753498077393,1,12,
omeprazol,-0.2690185606479645,3.9243178367614746,1,17,
h_pylori,4.650717258453369,9.923612594604492,1,110,
context,5.077536582946777,7.446542739868164,1,191,
costco,-0.7194271683692932,4.378994464874268,1,10,
halo,7.089677810668945,5.873044967651367,1,7,
sporadic,3.9689176082611084,4.681692600250244,1,43,
bcs,6.309377670288086,6.87044095993042,1,7,
span,5.061873435974121,3.610685348510742,1,29,
eigen,7.596812725067139,6.061836242675781,1,6,
vodka_orange,-1.2389391660690308,5.379673480987549,1,6,
soda_water,-1.2135940790176392,6.080136775970459,1,36,
giant,3.51357102394104,5.785022258758545,1,147,
more_accurate,8.645804405212402,3.6778578758239746,1,77,
super_excite,5.7612128257751465,5.265621185302734,1,87,
find_this_thread,7.1464643478393555,7.919127941131592,1,55,
disheartened,5.794665336608887,5.075828552246094,1,58,
anesthesiologist,9.748286247253418,4.930487155914307,1,203,
non_invasive,7.815373420715332,6.92402458190918,1,21,
super_common,5.930980682373047,8.821928977966309,1,40,
160_unit,7.814237117767334,5.3140740394592285,1,7,
3k,10.354405403137207,4.557219982147217,1,81,
weird_noise,3.09798264503479,5.9389967918396,1,129,
every_day_from_2009_2023,6.290857791900635,6.730314254760742,1,7,
karagama,8.820950508117676,4.08245849609375,1,214,
actual_name,7.259368896484375,7.664098262786865,1,16,
bile,2.0285227298736572,6.9391021728515625,1,130,
negroni,-0.8946666717529297,5.774734973907471,1,5,
violence,3.59960675239563,6.866302967071533,1,9,
every_night,-0.012493694201111794,7.3072333335876465,1,167,
lettuce,-1.3395341634750366,4.975925445556641,1,8,
gurgle,2.9003193378448486,5.873854160308838,1,13138,
doctor_hu,10.07940673828125,6.352472305297852,1,180,
dramamine,-0.5705501437187195,4.480037689208984,1,17,
extra_gas,2.608368396759033,9.29112434387207,1,46,
fil,-0.6141042709350586,6.085988998413086,1,6,
bowel,2.6258366107940674,9.303808212280273,1,247,
crystal,-2.1201300621032715,6.244354248046875,1,13,
your_finger,0.4278210699558258,9.23246955871582,1,103,
sound_horrible,5.688652038574219,6.115419864654541,1,46,
doctor_karagama,8.887407302856445,4.16143798828125,1,555,
rule_out,9.905176162719727,8.0692720413208,1,207,
hiking,0.11670322716236115,7.1158647537231445,1,27,
neck_shoulder,1.3548704385757446,9.917237281799316,1,20,
this_disorder,8.75953483581543,8.491241455078125,1,230,
ontario,10.078940391540527,5.983673095703125,1,89,
alcoholic_drink,-1.2705284357070923,6.0533342361450195,1,58,
lucy_hicklin_in_london,8.61441421508789,4.185750484466553,1,60,
minimal_side_effect,4.894606590270996,4.559240818023682,1,20,
extend,0.3432369530200958,9.80262565612793,1,118,
sorry_to_hear,5.5987653732299805,5.307408332824707,1,589,
gain,4.715973377227783,4.298080921173096,1,574,
into_adulthood,5.518638610839844,7.831578254699707,1,8,
casual_mention,6.592597961425781,7.579739093780518,1,10,
day_7,4.441591262817383,4.222166061401367,1,150,
hometown,10.057086944580078,5.852075099945068,1,10,
anorexia,4.503182411193848,8.161108016967773,1,34,
physical_and_emotional,5.539409637451172,7.319605827331543,1,12,
stab,2.159224033355713,8.679499626159668,1,56,
wheat,-1.5869841575622559,4.6736860275268555,1,41,
deze,6.967652320861816,5.308192729949951,1,17,
u/karybrie,7.30693244934082,7.35857629776001,1,14,
correct_muscle,1.9907163381576538,10.502763748168945,1,24,
dumb,4.814474582672119,5.965297698974609,1,103,
less_accurate,8.385683059692383,3.73075008392334,1,16,
mdma,-0.2911930978298187,4.252504348754883,1,12,
conclude_that,5.078629493713379,9.730730056762695,1,33,
unisom,-0.1967494785785675,3.9938743114471436,1,16,
blue_cross,9.830124855041504,4.586465358734131,1,21,
restrictive,-1.5957969427108765,4.523458480834961,1,47,
sleepy,1.3464666604995728,7.137823581695557,1,66,
unknown_reason,6.638413429260254,6.7803635597229,1,9,
social_anxiety,3.8933584690093994,8.134191513061523,1,144,
prior_to_botox,3.4095659255981445,8.22880744934082,1,164,
php,9.663570404052734,4.570947170257568,1,5,
70_year,6.375000953674316,8.084702491760254,1,7,
inconvenient,4.912575721740723,5.464835166931152,1,81,
same_reaction,5.261516571044922,6.967759609222412,1,22,
migration,2.7922723293304443,10.32957649230957,1,9,
your_good_bet,9.750319480895996,7.431170463562012,1,78,
appointment_with_lucy,8.876200675964355,5.038757801055908,1,32,
micro_burp_but,3.5843894481658936,4.925236225128174,1,106,
vegetarian,-1.5608272552490234,4.5821146965026855,1,44,
ball_under_your_chin,0.4506687819957733,9.81965446472168,1,9,
virtual_appointment,9.429184913635254,5.569112300872803,1,39,
local,10.262491226196289,5.909687042236328,1,445,
pepcid_ac,-0.553442120552063,4.332253456115723,1,15,
burn_sensation,1.9841126203536987,7.982294082641602,1,65,
r/dysautonomia,5.494714260101318,8.496288299560547,1,6,
causation,5.8042426109313965,9.695327758789062,1,31,
mark_fritz,8.76136302947998,6.053032398223877,1,6,
queasy,2.510662078857422,7.3771185874938965,1,30,
self_diagnose_myself,7.034050464630127,7.7891316413879395,1,17,
spectrum_disorder,5.993998050689697,8.040338516235352,1,13,
vision,1.0765775442123413,8.748579978942871,1,40,
blue_color,-1.9877492189407349,5.854300498962402,1,6,
beano,-0.8669492602348328,4.092151641845703,1,51,
com,8.65514850616455,7.6035895347595215,1,49,
lower_gi,2.7664740085601807,9.351840019226074,1,54,
downstream,3.949070453643799,9.303328514099121,1,6,
820,8.908061027526855,4.195656776428223,1,6,
violent_vomit,4.318880081176758,7.4710235595703125,1,30,
italy,9.709147453308105,6.1773576736450195,1,64,
depressed,4.963752269744873,5.935890197753906,1,111,
public_healthcare,10.444538116455078,5.407098293304443,1,27,
hallmark,5.874492645263672,7.698678016662598,1,12,
improper,2.9472060203552246,10.632664680480957,1,21,
overate,0.04864916205406189,6.466724395751953,1,8,
ues_open,1.2820144891738892,10.529962539672852,1,54,
strengthen,1.3343803882598877,10.565469741821289,1,269,
30f,7.819570064544678,4.712116718292236,1,8,
absolutely_fine,1.293705940246582,7.0888214111328125,1,67,
bordello,9.11800765991211,7.340802192687988,1,5,
cheer_cheer_dance,5.762770175933838,9.536551475524902,1,26,
holistic,5.411696434020996,9.090697288513184,1,18,
general_anesthesia,8.75771427154541,3.512040376663208,1,333,
diet_coke,-1.1171833276748657,6.323987007141113,1,62,
slur,2.7318332195281982,8.335280418395996,1,5,
eternal_grateful,7.300573825836182,6.911749839782715,1,8,
roar,3.6147444248199463,5.907745838165283,1,57,
related_to_rcpd,5.669933795928955,9.953056335449219,1,98,
24_hour_test,10.431575775146484,7.8343915939331055,1,18,
hospital_charge,9.724637985229492,4.583184242248535,1,10,
hadean,9.028202056884766,5.531979084014893,1,9,
basically_zero,3.6344358921051025,8.150810241699219,1,11,
control,1.3126600980758667,10.947159767150879,1,1912,
wake_up,1.3507895469665527,7.183574676513672,1,1554,
contain,-1.3337557315826416,4.381138324737549,1,157,
keep_us_update,5.829058647155762,5.28456974029541,1,137,
3_week_post_op,4.354897975921631,4.59372091293335,1,34,
speech_therapy,9.684276580810547,7.751619815826416,1,66,
sick_and_tired,5.422380447387695,6.745110988616943,1,25,
dizziness,2.952535629272461,8.338785171508789,1,93,
texture,-2.2496848106384277,5.441837787628174,1,54,
iron_supplement,-0.6897944211959839,3.7451071739196777,1,11,
tight_pants,0.21292661130428314,7.52458381652832,1,10,
classy,-0.5875781178474426,5.785122871398926,1,6,
sex_life,5.558866500854492,7.553407192230225,1,18,
gastroptosis,5.221581935882568,9.070423126220703,1,5,
electromyography,8.262133598327637,4.147502899169922,1,8,
next_wednesday,8.303746223449707,5.046656131744385,1,24,
hose,0.7317287921905518,9.321930885314941,1,18,
beer_or_seltzer,-1.3486162424087524,6.40191650390625,1,7,
please_tell,5.600574016571045,5.2970709800720215,1,91,
province,10.364784240722656,5.647678375244141,1,68,
u_s,10.236308097839355,5.799301624298096,1,59,
gastro_issue,4.795801639556885,9.793645858764648,1,64,
cc,8.105147361755371,3.6105754375457764,1,48,
enable,1.4912959337234497,10.620619773864746,1,54,
refer,10.013968467712402,7.88848876953125,1,1572,
gi_issue,4.814760684967041,9.798643112182617,1,238,
some_relief,2.9998536109924316,6.181099891662598,1,614,
pretty_rough,5.819005966186523,5.089866638183594,1,48,
implant,2.3697922229766846,9.958999633789062,1,17,
old_female,6.463568687438965,7.761790752410889,1,39,
lightheaded,2.124403953552246,7.320453643798828,1,35,
position,0.6549055576324463,10.369659423828125,1,1117,
sphincter,2.049293279647827,10.74527645111084,1,474,
sob,2.4956231117248535,7.517974376678467,1,58,
appointment_with_my_pcp,9.9702730178833,6.424942493438721,1,9,
far_behind,7.704473495483398,6.3917131423950195,1,8,
pu,7.111100673675537,5.812532424926758,1,7,
peer_to_peer,9.833077430725098,5.022335529327393,1,15,
29th,8.525823593139648,4.718007564544678,1,34,
our_cricopharyngeus,2.341484308242798,10.65158748626709,1,8,
severe_bloat,3.120523452758789,8.174442291259766,1,139,
2000,10.13097095489502,4.459273815155029,1,55,
micro_burp_when,3.5187783241271973,5.014034271240234,1,32,
before_bedtime,-0.6113924384117126,7.784353733062744,1,24,
refine_carbohydrate,5.354620933532715,8.290475845336914,1,7,
second_time,7.469897747039795,3.497267723083496,1,566,
ten_minute,0.2881394624710083,7.9455742835998535,1,24,
sensitive,2.652451992034912,6.704981803894043,1,208,
submit,10.427838325500488,5.5218119621276855,1,125,
bottom_tooth,1.0806342363357544,7.915456295013428,1,12,
colonoscopy_and_endoscopy,4.909327030181885,8.575342178344727,1,11,
5_week,4.707826137542725,4.1067304611206055,1,168,
hypothesis,3.1568448543548584,10.693378448486328,1,76,
ridiculous,4.407451152801514,6.194654941558838,1,205,
caffeine,-1.8167486190795898,4.915919303894043,1,190,
musician,7.169503211975098,6.19197416305542,1,16,
social_media,8.010723114013672,8.164898872375488,1,50,
referral_from_your_gp,10.516363143920898,5.392161846160889,1,21,
hmm_interest,6.5585737228393555,6.880441188812256,1,13,
agreement,8.6272611618042,5.273086071014404,1,16,
horse_pill,-0.9188801646232605,5.622399806976318,1,10,
soda,-1.2871448993682861,6.57217264175415,1,909,
happy_holiday,6.8083176612854,6.498739719390869,1,9,
oct,8.388326644897461,4.727977275848389,1,30,
june_2022,7.952437400817871,4.494688987731934,1,8,
posture_correction,0.41950657963752747,10.497315406799316,1,9,
under_general_anaesthesia,8.66484260559082,4.180513858795166,1,34,
afternoon,0.11054348200559616,6.946369647979736,1,280,
thorough_chew,-1.5010210275650024,5.805633544921875,1,8,
hard_to_breathe,2.2523162364959717,7.872490406036377,1,77,
come_back_negative,10.394807815551758,8.00498104095459,1,40,
yack,3.5992655754089355,5.735576629638672,1,10,
single_bite,-1.9529131650924683,5.947573661804199,1,8,
search_this_subreddit,8.15075397491455,7.538599491119385,1,12,
right_decision,5.8065409660339355,5.465677261352539,1,16,
hesitant,7.1609625816345215,3.8381271362304688,1,151,
downside,7.219369411468506,3.9182450771331787,1,98,
cannot_emphasize,6.072813510894775,6.770385265350342,1,6,
individual_funding_request_ifr,8.850667953491211,6.759352207183838,1,6,
membrane,2.7947590351104736,10.069463729858398,1,5,
dollar,10.313390731811523,4.494525909423828,1,73,
reflex,1.4453046321868896,10.811180114746094,1,386,
loud_belch,3.4043056964874268,5.501699447631836,1,36,
quite_frank,6.760694980621338,7.02520227432251,1,7,
air_escape,2.527480363845825,6.325037002563477,1,137,
bowel_problem,4.053938388824463,9.229979515075684,1,15,
scientific_research,5.654681205749512,8.422248840332031,1,8,
steroid_inhaler,5.631771564483643,8.402026176452637,1,6,
good_sign,4.423262119293213,4.546144008636475,1,160,
ssri,-0.3308528959751129,3.7149789333343506,1,47,
reel,7.688224792480469,7.7234721183776855,1,17,
xray,10.530299186706543,8.110884666442871,1,62,
they_are,3.1266868114471436,5.53540563583374,1,144,
illustrate,8.308849334716797,7.264130115509033,1,13,
r_cpd_have,5.7172393798828125,9.826586723327637,1,119,
slow_starter,6.025486946105957,5.17437744140625,1,13,
meditation,0.29841721057891846,10.631417274475098,1,70,
complaint,10.068212509155273,7.282448768615723,1,111,
frog_noise,3.070253610610962,5.963887691497803,1,210,
weight_gain,-1.367834448814392,4.291196346282959,1,91,
bodybuilder,-1.1502151489257812,4.778675556182861,1,8,
fluoroscopy,10.459165573120117,7.981756687164307,1,21,
certain_position,0.04500366002321243,9.307806015014648,1,46,
emt,9.515369415283203,5.801716327667236,1,16,
miss_out,4.676473617553711,6.342870712280273,1,97,
unfair,5.68052339553833,6.081238269805908,1,21,
sleep_apnea,4.8976640701293945,10.096814155578613,1,106,
50_100,7.8940958976745605,3.6309783458709717,1,30,
laryngeal_dystonia,5.232413291931152,10.25236988067627,1,13,
awake,8.791219711303711,3.439648151397705,1,442,
mucinex,-0.1617177277803421,3.959742307662964,1,20,
my_torso,0.11456404626369476,9.476507186889648,1,45,
meat,-2.215773582458496,5.227392196655273,1,163,
tutorial,0.2386503964662552,10.842254638671875,1,51,
bleb,3.760226249694824,10.017925262451172,1,5,
muscle_memory,1.345489740371704,10.910144805908203,1,143,
accident_vomit,3.40429949760437,6.538955211639404,1,30,
general_practitioner,9.89084243774414,7.429736137390137,1,32,
bone,1.1268868446350098,9.394243240356445,1,97,
private,10.375996589660645,5.545873641967773,1,458,
december_2021,8.067999839782715,5.006525993347168,1,12,
tannin,-0.9679358005523682,5.333513259887695,1,5,
alcohol_caffeine,-1.1460363864898682,4.998699188232422,1,7,
peppermint_oil,-1.9306044578552246,5.272654056549072,1,29,
pretty_rare,6.53568696975708,4.274478912353516,1,61,
rejuvenate,5.896418571472168,7.40606164932251,1,5,
physician_assistant,8.407708168029785,6.092288494110107,1,17,
horizontal,-0.07576344907283783,9.048351287841797,1,62,
expel,1.8762695789337158,8.934049606323242,1,202,
bueno,6.960048198699951,5.899817943572998,1,14,
our_body,1.997646450996399,10.732821464538574,1,190,
april_2024,8.03963565826416,4.956569194793701,1,9,
gall_bladder,4.516425609588623,9.456171035766602,1,13,
almost_entirely,4.965926647186279,8.254232406616211,1,35,
my_deductible,10.266653060913086,4.442300796508789,1,126,
insurance_company,10.537882804870605,5.263246536254883,1,166,
outing,-0.09155238419771194,6.532099723815918,1,16,
canada,10.321277618408203,5.6511406898498535,1,629,
arrive,9.078496932983398,4.706135272979736,1,208,
nice_to_hear,5.852466583251953,5.580481052398682,1,44,
buspirone,5.181124210357666,8.743990898132324,1,11,
dead_end,10.293339729309082,7.833054542541504,1,41,
thigh,1.1006834506988525,9.415426254272461,1,23,
psyllium,-1.0389182567596436,4.779660224914551,1,7,
post_op,4.518596172332764,4.298323154449463,1,973,
18,4.527698516845703,7.078052520751953,1,371,
gut_health,5.321127891540527,9.097180366516113,1,45,
frog_croak,3.2294046878814697,5.976882457733154,1,54,
nerve_rack,5.623711109161377,6.146883964538574,1,11,
10_12,4.940185070037842,3.628892660140991,1,29,
upper_endoscopy,10.433781623840332,8.000201225280762,1,119,
subreddit,8.017927169799805,8.206360816955566,1,329,
attractive,5.600879669189453,7.507734298706055,1,17,
right_side,-0.2516767680644989,8.72130298614502,1,317,
service,10.415648460388184,5.4582743644714355,1,110,
thanks_in_advance,5.976883888244629,5.284292221069336,1,228,
distant,10.283303260803223,5.426609516143799,1,14,
chin_forward,0.3432327210903168,9.895639419555664,1,14,
intense,2.9735541343688965,7.632564544677734,1,563,
slow_sip,-1.3964242935180664,5.225642681121826,1,23,
lemonade,-1.3608230352401733,6.0862908363342285,1,95,
bed_wedge,-0.5181070566177368,8.054187774658203,1,15,
social_gather,3.3648030757904053,7.691909313201904,1,22,
catalyst,6.402526378631592,8.01795482635498,1,8,
100_certain,5.641185283660889,9.29210090637207,1,18,
above_average,6.155136585235596,8.11184024810791,1,12,
not_alone,5.282228946685791,5.732315540313721,1,745,
cure_themselves,0.8353270888328552,11.092989921569824,1,43,
manchester,10.130242347717285,5.728481292724609,1,178,
beat,0.2956695258617401,8.606849670410156,1,132,
under_general_anesthetic,8.684469223022461,3.6772449016571045,1,175,
pudding,-2.300776481628418,5.645483493804932,1,64,
resource,8.697736740112305,7.987100601196289,1,198,
good_decision,5.452051162719727,5.2682576179504395,1,260,
freaky,5.663569927215576,5.784806728363037,1,31,
low_iron,5.4254560470581055,8.81792163848877,1,9,
bite,-1.8202085494995117,6.570803642272949,1,354,
coronavirus,6.837860584259033,6.376071453094482,1,9,
doctor_schindler,9.489147186279297,5.310088634490967,1,85,
soothe,2.48477840423584,8.2583646774292,1,25,
waistband,0.39212703704833984,7.575333118438721,1,18,
post_botox_diary,7.538621425628662,6.760551929473877,1,25,
80_cure_rate,7.586627006530762,4.172304630279541,1,13,
overcompensate,2.670104503631592,10.135814666748047,1,10,
statement,8.727789878845215,8.297222137451172,1,83,
convince_my_parent,9.026067733764648,6.499431133270264,1,20,
self_referral,9.112800598144531,6.498661041259766,1,14,
success_appeal,7.968607425689697,6.338322639465332,1,8,
physician,9.87639331817627,7.379034519195557,1,167,
vaccination,8.799951553344727,3.4966108798980713,1,17,
lean_into,0.8459572792053223,6.798929691314697,1,13,
loud_af,2.6784746646881104,8.265440940856934,1,6,
odd_noise,1.6416385173797607,9.223402976989746,1,10,
prove_otherwise,5.715961456298828,9.2197847366333,1,16,
pasta,-2.314910888671875,5.416965007781982,1,137,
revelation,7.138808250427246,7.881418228149414,1,48,
february_2020,5.50502872467041,8.496392250061035,1,7,
diarrhea,3.0861635208129883,8.159798622131348,1,184,
actually_enjoy,-0.4033057391643524,6.5611348152160645,1,42,
adams_apple,0.9703274965286255,9.77171802520752,1,137,
topical,7.446375370025635,6.069063663482666,1,10,
stomachache,2.958022356033325,7.996967792510986,1,34,
buildup_of_gas,2.2609572410583496,9.408451080322266,1,25,
gargle_sound,2.4130024909973145,8.148530960083008,1,13,
whoosh,3.5923078060150146,5.771486282348633,1,13,
whoop,3.9446988105773926,6.013863563537598,1,31,
level,2.6173877716064453,9.123807907104492,1,683,
wimbledon,9.621994018554688,5.071219444274902,1,81,
unsafe,7.240036964416504,6.495296955108643,1,14,
pretty_confident,6.9964680671691895,4.853851318359375,1,28,
under_anaesthesia,9.773399353027344,4.542669773101807,1,17,
plant_base,-1.5673027038574219,4.647673606872559,1,29,
dice,7.000351905822754,5.846102714538574,1,10,
mineral,-1.2217555046081543,4.752716064453125,1,10,
inject_100_unit,8.316084861755371,3.6583878993988037,1,13,
my_rib_cage,1.4492511749267578,9.432887077331543,1,22,
reflux_medication,-0.46921756863594055,3.594151020050049,1,66,
repress,3.7028772830963135,6.728466033935547,1,33,
agh,6.979663848876953,6.355644702911377,1,12,
umbilical,2.009046792984009,9.949451446533203,1,6,
pam,7.404994964599609,6.960735321044922,1,6,
young_kid,5.547141075134277,7.610252857208252,1,19,
uncomfortable,2.6419107913970947,6.978987216949463,1,2636,
stomach_cancer,4.0712103843688965,9.481494903564453,1,14,
spoiler,8.367015838623047,7.539994716644287,1,8,
pain_hiccup,2.98591685295105,6.051507949829102,1,469,
recognize,9.566658973693848,8.257447242736816,1,547,
third_dose,7.58275842666626,3.8032259941101074,1,40,
wine,-1.3075742721557617,6.132908821105957,1,258,
quiet_room,3.529271125793457,5.916846752166748,1,46,
eat_breakfast,-0.07959124445915222,6.918040752410889,1,67,
intel,7.373866558074951,6.9724321365356445,1,8,
shout,4.151172637939453,5.976036548614502,1,54,
wednesday_morning,8.586485862731934,4.821469783782959,1,20,
toilet_bowl,3.2491044998168945,6.977715969085693,1,12,
pretty_violent,3.6560287475585938,6.627209663391113,1,17,
total_worth,5.605236053466797,4.932950973510742,1,175,
referral,10.020590782165527,7.658182144165039,1,1630,
catastrophic,3.7530713081359863,6.791760444641113,1,7,
specialize_in_medical_anxiety,9.039868354797363,6.4335174560546875,1,11,
subside,2.8208389282226562,7.600776195526123,1,306,
gravy,-1.6839555501937866,5.5444464683532715,1,8,
lifelong_basis,5.562069892883301,9.042984962463379,1,6,
hate,4.136990547180176,6.31614351272583,1,1085,
100cc,8.157584190368652,4.404825687408447,1,17,
every_couple,3.6566402912139893,4.388530254364014,1,59,
fee,10.129698753356934,4.475769519805908,1,116,
mucus_phlegm,2.0486319065093994,7.461808681488037,1,9,
soar,1.5398378372192383,7.7285661697387695,1,7,
retrograde_cricopharyngeus_dysfunction,8.966002464294434,7.928459167480469,1,93,
teenager,4.5480546951293945,7.3820271492004395,1,158,
bad_posture,2.3714821338653564,10.083242416381836,1,59,
pretty_skinny,3.4384703636169434,7.93847131729126,1,9,
acid,2.0650720596313477,8.167252540588379,1,1333,
tell,9.733107566833496,8.17831039428711,1,7078,
injure,2.625967025756836,10.315813064575195,1,27,
throat_gargle,3.4656102657318115,6.010601043701172,1,24,
mini,2.757873296737671,5.656284809112549,1,113,
permanent_cure,7.8350372314453125,3.671084403991699,1,60,
neck_posture,0.5736558437347412,10.606717109680176,1,25,
beer_drinker,6.067595958709717,6.678110599517822,1,9,
carbonate_mixer,-1.0613658428192139,5.754234313964844,1,8,
benefit,7.241356372833252,3.8477232456207275,1,503,
command,3.2286016941070557,5.353034973144531,1,234,
metoclopramide,-0.22185306251049042,3.934252977371216,1,14,
these_episode,2.8266570568084717,8.096892356872559,1,40,
earth_shatter,3.6318912506103516,5.752063751220703,1,13,
unbearable,3.2000603675842285,7.782956123352051,1,248,
bare_minimum,-1.0433449745178223,5.243560791015625,1,9,
main_issue,3.3349826335906982,8.42012882232666,1,71,
tight_chest,3.1007955074310303,8.638495445251465,1,31,
young_child,4.620267391204834,7.614369869232178,1,47,
private_healthcare,10.490650177001953,5.308743953704834,1,21,
laser,8.534313201904297,3.784435749053955,1,40,
any_complication,7.190547943115234,4.051732540130615,1,28,
puke,3.1876907348632812,6.5868449211120605,1,992,
yucky,2.0523929595947266,7.516629695892334,1,15,
bread,-2.334404706954956,5.548221111297607,1,267,
friend_house,-0.45011579990386963,6.489578723907471,1,20,
trait,5.867821216583252,9.571796417236328,1,38,
anti_gas,-0.6185392141342163,4.144864082336426,1,17,
stomach_acid,2.1514406204223633,8.473213195800781,1,431,
wash_down,-2.180203914642334,6.2222514152526855,1,37,
micro,3.417968988418579,5.011706829071045,1,153,
hiatal_hernia_gerd,5.106653213500977,9.53699016571045,1,13,
decision,5.450292110443115,5.409074783325195,1,333,
ti,7.1225690841674805,5.873957633972168,1,16,
scene,4.236342430114746,6.067088603973389,1,53,
face_forward,0.6696977615356445,10.818676948547363,1,51,
infamous,5.758350849151611,7.334416389465332,1,14,
ent_consultant,9.338248252868652,7.097815990447998,1,37,
health_condition,5.647247791290283,9.281621932983398,1,25,
ultrasound,10.556139945983887,8.145774841308594,1,144,
bucket,0.27559566497802734,8.118043899536133,1,31,
ecstatic,6.017744064331055,6.722846984863281,1,21,
since_childhood,4.590965747833252,7.7956461906433105,1,57,
girl,4.377531051635742,6.061445236206055,1,308,
possess,4.110069751739502,6.019656658172607,1,21,
food_allergy,4.741279602050781,9.7802095413208,1,54,
mimosa,-0.8079550266265869,6.231924057006836,1,10,
sibo,4.74005651473999,9.81694507598877,1,401,
funding,10.239798545837402,5.7584147453308105,1,48,
outpatient_procedure,9.729365348815918,4.493935585021973,1,20,
curve,1.6742109060287476,9.928102493286133,1,34,
4pm,0.48119428753852844,6.553395748138428,1,27,
shaky,1.8510822057724,7.335172653198242,1,44,
816,9.550227165222168,4.58870267868042,1,18,
complete_understand,5.394154071807861,6.251064300537109,1,59,
correct,2.4403605461120605,10.851797103881836,1,691,
fork,-1.2309155464172363,5.741939067840576,1,16,
eat_disorder,4.473389148712158,8.230009078979492,1,131,
after_meal,2.631711006164551,5.720490455627441,1,368,
vote,8.848458290100098,7.378952503204346,1,74,
sugary_stuff,-1.169323444366455,5.14188289642334,1,10,
beverage,-1.4224952459335327,6.01010799407959,1,146,
loud,3.2394773960113525,5.6106953620910645,1,2047,
reset,1.5676623582839966,10.769556999206543,1,118,
cool_to_hear,6.12986421585083,6.599942207336426,1,11,
have_abdomino_phrenic,5.525232791900635,8.814743041992188,1,13,
validate,5.2484846115112305,5.781693458557129,1,282,
more_often,2.7200241088867188,5.708271026611328,1,343,
brigham_and_woman,8.080988883972168,4.68934965133667,1,5,
misbehave,3.2246909141540527,9.929129600524902,1,5,
hey_guy,7.321290493011475,8.09131908416748,1,235,
florida,10.132807731628418,5.8475728034973145,1,87,
woozy,1.3748619556427002,7.144618511199951,1,19,
cad,9.868590354919434,4.486438274383545,1,25,
gassy_food,-1.7451740503311157,5.032312870025635,1,45,
brit,8.222752571105957,5.847856044769287,1,11,
seltzer,-1.2406816482543945,6.461758136749268,1,201,
circular,2.809027671813965,9.86487865447998,1,13,
medical_world,7.945582389831543,7.674062728881836,1,17,
philly,9.477346420288086,5.247358322143555,1,127,
prop_up,-0.5053023099899292,8.333898544311523,1,92,
norwegian,8.229520797729492,6.559711456298828,1,10,
surprise,2.9662559032440186,6.026691436767578,1,1143,
present_itself,3.7014987468719482,5.65854024887085,1,8,
laxative,-0.7991439700126648,3.8291242122650146,1,83,
case_of_r_cpd,5.7943854331970215,8.955060958862305,1,21,
more_frequent,2.797257423400879,5.583106994628906,1,155,
coffee,-1.8068692684173584,5.279990196228027,1,537,
common,5.659919261932373,10.04771614074707,1,1010,
ruysdael_clinic,9.518415451049805,6.1031317710876465,1,28,
web,8.326038360595703,7.556698322296143,1,34,
truly,4.7629594802856445,6.151432037353516,1,714,
wake_up_in_recovery,0.9395490288734436,6.9066338539123535,1,26,
violent_hiccup,2.7766547203063965,8.104897499084473,1,32,
bench,0.12305448949337006,9.407914161682129,1,21,
demon,3.464103937149048,5.9402756690979,1,142,
keeper,6.465953350067139,6.882168769836426,1,5,
x2,7.753875255584717,5.2320780754089355,1,15,
mr_karagama_at_bmi_blackheath,8.118325233459473,5.62217903137207,1,5,
culprit,4.778597354888916,9.870233535766602,1,56,
leg,0.32287466526031494,9.200044631958008,1,175,
et_combien,7.100618362426758,5.763580322265625,1,6,
third_round,7.514117240905762,3.61193585395813,1,56,
silence,4.1171698570251465,5.980678558349609,1,54,
upper_gi_endoscopy,9.073335647583008,6.5770087242126465,1,22,
come_out_natural,1.055601716041565,10.99558162689209,1,46,
butter,-2.1726253032684326,5.305086135864258,1,51,
creamer,-1.1215661764144897,5.105532646179199,1,12,
examination,10.344759941101074,7.6129326820373535,1,70,
print_out_doctor_bastian,8.955645561218262,7.475697994232178,1,21,
a_life_changer,6.979705333709717,4.789981842041016,1,45,
fart_smell,5.346100330352783,6.482995986938477,1,12,
total_unrelated,5.9756340980529785,8.426426887512207,1,14,
swim_competitive,5.096391201019287,7.243636131286621,1,10,
reschedule,9.161429405212402,5.010060787200928,1,116,
cause,4.798523426055908,10.096009254455566,1,7242,
bummer,6.060837268829346,5.2949323654174805,1,65,
tiktok,7.812829494476318,8.180707931518555,1,175,
blue_ridge,10.2510986328125,4.832953929901123,1,11,
phobia,3.9480645656585693,7.239431381225586,1,545,
show,10.53024959564209,8.123647689819336,1,1399,
conservative,8.080732345581055,3.9100301265716553,1,22,
approve,10.440983772277832,5.282600402832031,1,380,
newcomer,7.490246295928955,7.18551778793335,1,23,
next_morning,0.5140361785888672,6.831769943237305,1,122,
total,7.383252143859863,3.501997470855713,1,1852,
laryngeal_spasm,7.303157806396484,6.65994119644165,1,13,
montana,7.41354513168335,6.525511264801025,1,9,
bedtime,-0.5931893587112427,7.759598731994629,1,42,
drainage,1.8935571908950806,7.838667869567871,1,26,
air_buildup,2.4121832847595215,9.319579124450684,1,26,
groan,3.1588802337646484,6.018986225128174,1,45,
minor_sore,1.4944664239883423,7.76070499420166,1,19,
soup_and_smoothie,-1.9849976301193237,5.866408824920654,1,13,
pretty_low,7.947516918182373,3.882328748703003,1,22,
loud_hiccup,3.408665418624878,6.103546619415283,1,33,
gall_bladder_surgery,5.660168170928955,7.638754367828369,1,6,
violent_cough,3.1502556800842285,6.870894432067871,1,13,
doctor_holmes,9.474333763122559,5.245846748352051,1,141,
dementia,4.806305885314941,9.148136138916016,1,7,
candy,-2.010981559753418,5.134986400604248,1,64,
teach_your_body,1.1199110746383667,11.051735877990723,1,19,
uneventful,7.7955803871154785,4.911838531494141,1,14,
insane,2.9807214736938477,7.345676422119141,1,487,
forcefulness,4.851004123687744,7.901855945587158,1,6,
medical_setting,7.242106914520264,6.489871025085449,1,12,
neck_strengthen,0.20800727605819702,10.715113639831543,1,13,
appetite,4.52595329284668,4.962011337280273,1,239,
gargle_noise,2.7111709117889404,8.119283676147461,1,19,
teen,4.54746675491333,7.519908428192139,1,152,
late_30s,4.797558784484863,8.070623397827148,1,26,
occur,2.763766288757324,5.626401901245117,1,468,
ohip,10.519515037536621,5.306882381439209,1,26,
little_tired,1.39975905418396,7.128089427947998,1,24,
post_botox,4.385566711425781,4.366867542266846,1,4420,
few_microburp,4.691716194152832,4.642088890075684,1,12,
sub_search,8.6248197555542,7.562521934509277,1,24,
walk,-0.047090332955121994,8.561625480651855,1,802,
narcissist,5.828434467315674,8.065033912658691,1,9,
appease,6.399081230163574,6.911113739013672,1,6,
barely_ever,5.400770664215088,7.268416881561279,1,19,
cricoid_massage,0.4188959002494812,10.808606147766113,1,160,
medical_necessary,10.458934783935547,5.11621618270874,1,57,
office_injection,8.270905494689941,3.548410654067993,1,87,
social_awkward,3.6611132621765137,7.540244102478027,1,16,
ability_to_belch,4.853133678436279,4.0468034744262695,1,23,
hip,0.47150442004203796,9.34167194366455,1,64,
alkaline,-1.1661629676818848,4.819640159606934,1,12,
psychological,5.378458023071289,10.096945762634277,1,256,
overall,5.046639919281006,5.101955413818359,1,741,
fundoplication,5.0512518882751465,10.07448959350586,1,69,
my_girlfriend,4.385273456573486,6.070464611053467,1,114,
phazyme,-0.6213000416755676,4.556709289550781,1,6,
pillow,-0.48786547780036926,8.4437837600708,1,226,
fussy,5.459258079528809,7.640117645263672,1,14,
the_vocal_chord,2.2396247386932373,10.63090991973877,1,19,
self_cure_method,0.26908931136131287,10.914959907531738,1,21,
chin_up,0.313192754983902,9.82331371307373,1,16,
30_second,0.11169304698705673,8.707622528076172,1,136,
progress,5.393998146057129,5.0169596672058105,1,1573,
14k,9.773661613464355,4.535871505737305,1,8,
small_bowel,3.899503469467163,9.952105522155762,1,28,
my_lung,1.6357758045196533,9.095637321472168,1,160,
treat_rcpd,9.8467435836792,7.478443145751953,1,192,
overpower,6.107780456542969,7.08763313293457,1,6,
bay_area_california,8.123976707458496,6.475265979766846,1,6,
very_excite,5.961952209472656,5.128775596618652,1,152,
metallic_taste,2.351033926010132,7.916565418243408,1,9,
rotate,0.20629116892814636,9.712801933288574,1,29,
yoga,0.13401000201702118,10.379265785217285,1,230,
so_pleased,5.8242974281311035,5.306872367858887,1,54,
can_attest,5.803652763366699,7.634819030761719,1,14,
rice_cake,-1.4174835681915283,5.421579837799072,1,6,
5_6,4.213314056396484,3.967832088470459,1,188,
thirties,4.583080291748047,8.002137184143066,1,25,
total_anesthesia,8.355393409729004,3.626589059829712,1,29,
insurance_coverage,10.457147598266602,5.130981922149658,1,53,
constrict,1.6783040761947632,10.11440658569336,1,63,
move_down,1.9424766302108765,9.132583618164062,1,84,
dunk,0.8961772918701172,6.803473472595215,1,7,
too_loose,2.5047905445098877,10.651073455810547,1,23,
opt,8.871359825134277,3.6456573009490967,1,143,
youtube_search,7.895400047302246,7.25123405456543,1,7,
slouch,-0.06441254168748856,9.152632713317871,1,74,
diet,-1.159354567527771,4.049018383026123,1,1341,
baba,5.964852333068848,6.569408893585205,1,6,
squat,-0.20164449512958527,8.895772933959961,1,96,
bbc_article,7.922379970550537,7.587963581085205,1,14,
thanks_for_share,5.913532257080078,5.309564113616943,1,341,
second_opinion,9.977129936218262,7.699176788330078,1,111,
major,3.6307713985443115,8.249346733093262,1,502,
generic,-0.913547158241272,4.300388813018799,1,37,
puff,0.951682448387146,9.148696899414062,1,52,
low_fodmap_diet,-0.9530297517776489,3.942396879196167,1,123,
cancellation,9.198031425476074,5.096607208251953,1,58,
adolescence,4.823500633239746,7.811641693115234,1,19,
hip_flexor,1.7559844255447388,10.015692710876465,1,9,
child,4.439640522003174,7.382774353027344,1,772,
own_saliva,1.922674536705017,6.902132987976074,1,48,
emetophobia,3.930882215499878,7.245138645172119,1,3253,
large_belch,3.7064738273620605,5.841769218444824,1,16,
dynamic,0.34319567680358887,10.526823043823242,1,12,
gp_referral,10.439268112182617,5.608839511871338,1,42,
day_1,4.494369983673096,4.348755359649658,1,426,
force_yourself,3.5830557346343994,6.574670314788818,1,69,
squat_instead,-0.4452248513698578,8.420760154724121,1,6,
scan,10.497062683105469,8.07889175415039,1,123,
3_month_post_op,4.462366580963135,4.628116607666016,1,25,
proper,1.376015543937683,10.946236610412598,1,1601,
chewable,-0.8848827481269836,4.1466569900512695,1,50,
10_22,8.392916679382324,4.80277681350708,1,13,
hello_everyone,7.365169525146484,8.071051597595215,1,144,
medical_issue,5.931393146514893,10.010584831237793,1,71,
allergic_reaction,3.640486240386963,9.407808303833008,1,31,
allergy_test,10.023999214172363,7.714383602142334,1,22,
pelvic_floor,2.2851381301879883,10.642146110534668,1,113,
practise,0.9262949228286743,11.071471214294434,1,110,
grudge,4.092118263244629,5.960357666015625,1,5,
digest,2.8025600910186768,9.309219360351562,1,166,
pleased,5.882381439208984,5.0502238273620605,1,54,
fill_up,1.7482612133026123,8.916291236877441,1,75,
pink,-1.1158157587051392,5.56014347076416,1,14,
r_cpd_study,7.721055507659912,7.544526100158691,1,7,
satisfaction,5.514224529266357,6.7524847984313965,1,21,
somac,-0.22149375081062317,3.9021365642547607,1,5,
butterfly,2.1267356872558594,9.641670227050781,1,12,
cardiologist,10.164273262023926,7.701565742492676,1,35,
defense_mechanism,2.9972643852233887,10.489285469055176,1,10,
bmi_alexandra,7.901654243469238,6.337501049041748,1,6,
mike,7.708376884460449,6.949675559997559,1,27,
abdomen_onto,0.2541064918041229,9.5853853225708,1,8,
jeff,7.4748640060424805,6.87883996963501,1,5,
first_time_poster,6.53066349029541,7.783008575439453,1,27,
hump,-0.1235591247677803,3.836773633956909,1,19,
super_tight,1.5804206132888794,9.641477584838867,1,28,
random_microburp,3.657529592514038,4.929811477661133,1,39,
mother,4.770522594451904,6.9129204750061035,1,93,
circulate,2.470536708831787,9.672225952148438,1,13,
courage,5.870723247528076,5.479012489318848,1,103,
7k,9.863399505615234,4.414632797241211,1,12,
recess,2.7317845821380615,9.975503921508789,1,7,
gate,0.7496925592422485,9.345776557922363,1,33,
wedding,-0.32574620842933655,6.751970291137695,1,237,
chicken_and_egg,5.946588039398193,7.936056613922119,1,11,
sinus_infection,4.936553001403809,8.729801177978516,1,21,
recap,6.528824806213379,5.394181728363037,1,10,
more_consistent,1.0381789207458496,11.09846305847168,1,58,
warm_blanket,0.628957986831665,6.176699638366699,1,23,
leak,1.79921555519104,10.318744659423828,1,82,
react_different,6.571610927581787,4.252786159515381,1,12,
boatload,4.70246696472168,9.478631973266602,1,5,
hope,5.423035144805908,5.1583051681518555,1,11970,
hurt,2.5143814086914062,6.886160373687744,1,1766,
unit_of_botox,7.984826564788818,3.5555169582366943,1,46,
extreme_flatulence,3.2311251163482666,8.226645469665527,1,13,
hilarious,4.471994876861572,5.958823204040527,1,139,
adhd,5.6879563331604,9.96512222290039,1,122,
fortnight,7.306126117706299,4.529110908508301,1,13,
last_august,7.862218856811523,4.745166301727295,1,15,
lightweight,-0.5567808747291565,5.849081516265869,1,17,
nowhere_near,2.820136785507202,5.648054599761963,1,60,
engage,1.0209364891052246,10.397340774536133,1,131,
explosive_fart,4.965015411376953,7.027912139892578,1,6,
tumor,3.510106086730957,10.2951021194458,1,21,
voice,1.6586147546768188,8.107806205749512,1,1374,
vocal_cord_dysfunction,5.45037841796875,9.392290115356445,1,15,
headache,3.0282046794891357,8.273529052734375,1,257,
my_20s,4.475269317626953,7.7936930656433105,1,110,
cricoid_muscle,1.4244633913040161,10.485630989074707,1,52,
01,9.367145538330078,4.586598873138428,1,20,
effective,7.323206424713135,3.728297472000122,1,494,
usual_r_cpd,3.464426040649414,8.156341552734375,1,9,
burp,3.21348237991333,5.2391486167907715,1,61392,
world_of_difference,5.3638916015625,5.8279128074646,1,21,
pro_tip,0.3871223032474518,5.9202446937561035,1,18,
elbow,0.2167123556137085,9.205863952636719,1,40,
walter_reed,8.317004203796387,5.818142890930176,1,7,
ear_drum,1.7066059112548828,9.393899917602539,1,9,
peak_effect,7.044398307800293,4.421887397766113,1,10,
18_and_interest,6.83143424987793,6.739628314971924,1,12,
bizarre,4.6607818603515625,5.873587608337402,1,103,
hot_beverage,-1.338354229927063,4.959647178649902,1,10,
mental_state,5.089779376983643,8.272102355957031,1,19,
spectrum_of_severity,5.734509468078613,8.905817031860352,1,6,
4_5k,9.767574310302734,4.440549850463867,1,21,
people_with_r_cpd,5.767637729644775,9.949071884155273,1,119,
17_year_old,6.5202765464782715,7.756259441375732,1,34,
god_forbid,5.977928638458252,7.255507469177246,1,14,
acidity,2.7854726314544678,9.359521865844727,1,88,
sometimes,2.6256508827209473,5.936589241027832,1,6376,
dull,2.371798515319824,8.793802261352539,1,28,
four,4.510973930358887,3.789524555206299,1,172,
wear_off_eventual,6.87746524810791,4.829043388366699,1,9,
scandinavia,7.815793991088867,6.520270824432373,1,8,
outward,0.5942215323448181,9.839123725891113,1,20,
foundation,8.717411994934082,6.464131832122803,1,18,
roll_over,-0.19082008302211761,8.091838836669922,1,21,
menstrual,6.126354694366455,7.607851982116699,1,7,
injection,7.810015678405762,3.4323954582214355,1,2209,
panicky,2.691270589828491,6.654107093811035,1,45,
indulge,-1.4256950616836548,5.605786323547363,1,14,
capitalize,0.5108135342597961,10.161340713500977,1,5,
my_body,1.4208115339279175,10.866965293884277,1,2273,
50u_in_office,7.977260589599609,4.719647407531738,1,7,
emergence,8.82767105102539,3.5295634269714355,1,5,
intestinal_necrosis,4.572539329528809,9.413861274719238,1,6,
picky_eater,-1.6159989833831787,4.716386795043945,1,22,
thank_you_yes,6.609691143035889,6.4929704666137695,1,41,
knowledge,8.833843231201172,8.396273612976074,1,282,
chance_of_develop,5.235525131225586,9.533295631408691,1,18,
epigastric,2.2723429203033447,9.106714248657227,1,13,
horrible,2.9619009494781494,7.398758411407471,1,1455,
wake_up_choke,1.940891146659851,6.943978309631348,1,38,
percentage,8.77177906036377,8.157334327697754,1,48,
month_post_op,4.638542652130127,4.303366661071777,1,43,
cricoid_cartilage,0.8883325457572937,9.896241188049316,1,18,
urinary,4.683410167694092,9.157342910766602,1,11,
resolve,3.4556140899658203,8.151914596557617,1,470,
nonburper,7.060492515563965,7.743037223815918,1,35,
headache_fatigue,3.8756282329559326,9.010801315307617,1,6,
lunch,-0.7178542613983154,6.749077796936035,1,362,
increase_in_frequency,7.4612579345703125,4.760472297668457,1,9,
debut,6.96281623840332,5.787264347076416,1,6,
midsection,0.955954909324646,9.750880241394043,1,16,
its_unlikely,5.222967624664307,9.829862594604492,1,55,
parkside_hospital_in_wimbledon,8.399125099182129,5.400942325592041,1,13,
doctor_spiegel,9.42904281616211,5.198397159576416,1,201,
november_2023,7.942354679107666,4.603963851928711,1,9,
worm,2.704479932785034,9.993194580078125,1,9,
good_to_hear,5.707274436950684,5.2926483154296875,1,207,
fever,1.9257749319076538,7.728200912475586,1,70,
release_air,1.7024329900741577,8.89856243133545,1,242,
28_year_old,6.443576335906982,7.776227951049805,1,34,
nuance,5.984114170074463,7.501255512237549,1,13,
rip_jack,6.425414562225342,6.890977382659912,1,10,
mouth_open,0.24307987093925476,9.134302139282227,1,72,
88_unit,7.799969673156738,4.804236888885498,1,20,
difficulty_vomit,5.62416410446167,9.753040313720703,1,30,
partway,7.429483413696289,6.076894283294678,1,6,
bottle,-1.4946833848953247,6.46906042098999,1,271,
hollow,0.9769601225852966,9.442620277404785,1,21,
puppy_dog,6.48867654800415,6.137848854064941,1,6,
maintain_weight,5.349817752838135,4.020541191101074,1,6,
sensible,-1.520631194114685,5.551769733428955,1,19,
voor_de,7.219224452972412,5.910568714141846,1,6,
malfunction_les,5.818426132202148,8.513883590698242,1,9,
lean_forward,0.09877558052539825,9.209280014038086,1,112,
acute,3.0093111991882324,8.456024169921875,1,46,
uninsured,9.853337287902832,4.645386219024658,1,13,
latch,2.7739779949188232,10.041218757629395,1,7,
uncontrollable_burp,4.546446323394775,4.47304630279541,1,254,
bed,-0.08043532073497772,8.578917503356934,1,641,
hypersalivate,2.1751699447631836,7.071064472198486,1,42,
prepare,8.677490234375,3.4471144676208496,1,632,
large_intestine,2.6513755321502686,9.43476676940918,1,25,
his_website,8.718392372131348,7.654531002044678,1,53,
00,5.325328826904297,3.638364315032959,1,63,
slight_improvement,5.620722770690918,4.642754554748535,1,8,
help_tremendous,-0.6419089436531067,7.648915767669678,1,25,
novel_2023,7.643484115600586,4.8455657958984375,1,6,
relate,5.760426044464111,9.985983848571777,1,396,
administer,8.697885513305664,3.655203104019165,1,138,
dysfunctional,2.4516658782958984,10.811068534851074,1,63,
stumble,7.149571418762207,7.873550891876221,1,38,
far_less,3.6665236949920654,8.32786750793457,1,42,
huge_belly,3.8698296546936035,7.932041645050049,1,12,
rub,0.1389809399843216,9.196589469909668,1,93,
r_cpd_treatment,9.30127239227295,7.278545379638672,1,66,
adulthood,4.704207420349121,7.772791385650635,1,36,
own_spit,1.8471492528915405,6.8812761306762695,1,30,
wash_every_bite,-2.1396219730377197,6.2249040603637695,1,8,
alternative_medicine,7.705676555633545,6.958983898162842,1,9,
p_0,5.764723300933838,3.827767848968506,1,9,
bubbly_water,-1.1715967655181885,6.25502872467041,1,31,
confirm_diagnosis,9.181516647338867,6.718149185180664,1,15,
fry_food,-1.8601323366165161,5.0361647605896,1,54,
mint,-1.9306620359420776,5.080409526824951,1,119,
nowhere_to_go,2.1496078968048096,9.328625679016113,1,30,
ql,1.898363709449768,10.249978065490723,1,7,
precede,3.652279853820801,6.881599426269531,1,15,
abdominal_distension,3.904215097427368,9.131322860717773,1,16,
exhale_sharp,0.6882495880126953,9.966346740722656,1,6,
odd,2.7871286869049072,6.051211833953857,1,618,
ptsd,4.233798503875732,7.7722859382629395,1,48,
4_000,9.979226112365723,4.6865386962890625,1,20,
ninth,8.472759246826172,4.739236831665039,1,47,
ooze,0.809317409992218,9.240018844604492,1,6,
background_check,8.439957618713379,6.771795272827148,1,9,
while_awake,8.75213623046875,3.5849547386169434,1,43,
quick_scope,1.0366599559783936,8.217851638793945,1,15,
spicy,-2.0356388092041016,5.18314266204834,1,101,
gird,5.422926425933838,8.842106819152832,1,18,
sink_run,0.1746065318584442,9.389501571655273,1,6,
modify_barium_swallow,10.467409133911133,8.040245056152344,1,43,
child_hospital,9.347206115722656,6.23678731918335,1,16,
hirschsprung,5.4560017585754395,8.879117965698242,1,7,
lack_thereof,3.3538055419921875,9.902830123901367,1,8,
linger,1.841806173324585,7.786509037017822,1,104,
participate,8.841534614562988,8.29690933227539,1,119,
health_issue,5.792728424072266,10.084831237792969,1,195,
massive_belch,3.733257532119751,6.57415771484375,1,10,
welcome_home,6.6178812980651855,6.866573333740234,1,17,
excess_mucus,2.7267189025878906,8.497363090515137,1,15,
small_sip,-2.1479573249816895,6.291423797607422,1,85,
doctor_pitman_in_nyc,8.323098182678223,4.5511345863342285,1,24,
worst_part,1.3726937770843506,7.2360358238220215,1,222,
15_second,0.04194934666156769,8.5093355178833,1,24,
croak_noise,3.058964252471924,5.9379682540893555,1,111,
nausea,3.0813233852386475,7.827471733093262,1,3525,
id_say,4.522674560546875,4.3822808265686035,1,670,
125,7.897247791290283,3.5006017684936523,1,46,
worth_investigate,5.701667308807373,8.592854499816895,1,10,
small_hiatus,4.847407817840576,9.470946311950684,1,9,
puree,-2.045459508895874,5.594744682312012,1,19,
acid_production,3.9112839698791504,9.532404899597168,1,15,
few,2.99686598777771,5.940534591674805,1,550,
cough,2.318711042404175,6.477140426635742,1,1744,
upward,1.1839488744735718,9.847787857055664,1,86,
fizzy_mixer,-0.9272619485855103,5.886931419372559,1,6,
4_month_third_125,7.302428245544434,4.583905220031738,1,13,
plague_by,6.3739447593688965,7.753594398498535,1,10,
anterograde,2.8038129806518555,10.715344429016113,1,7,
deal,3.5200424194335938,7.466561794281006,1,2309,
stricture,5.15504264831543,9.508241653442383,1,25,
before_bed,-0.5914578437805176,7.880246639251709,1,204,
exacerbate_by,4.868528842926025,9.847118377685547,1,50,
major_change,5.976594924926758,5.0621538162231445,1,18,
impair,2.369072675704956,10.599318504333496,1,14,
sedentary,-1.4381964206695557,4.495167255401611,1,17,
last_year,4.570779800415039,7.100382328033447,1,668,
take_pantoprazole,4.50850248336792,8.829795837402344,1,18,
gymnastics,1.8915221691131592,10.319756507873535,1,6,
unlimited,7.243611812591553,5.281696796417236,1,6,
tiny_burp,3.290173292160034,5.116855144500732,1,323,
rip_d,5.935807704925537,10.13813591003418,1,162,
my_gp,10.075233459472656,7.711142063140869,1,563,
21f,6.3438920974731445,7.8232102394104,1,20,
hyperemesis,4.587010860443115,7.557887077331543,1,17,
his_opinion,8.243223190307617,7.655627727508545,1,14,
his_paper,9.034475326538086,7.804352283477783,1,67,
surgical_option,7.835120677947998,4.127450466156006,1,8,
take_magnesium,-0.4845111072063446,4.288425922393799,1,12,
upper_esophageal_sphincter,2.408196210861206,10.850150108337402,1,272,
bring_myself,3.38210129737854,6.564040660858154,1,44,
soap,-0.6009736061096191,5.954140663146973,1,8,
double_action_gaviscon_tablet,-0.5288657546043396,3.916571855545044,1,7,
sound_gross,3.7008299827575684,6.214964389801025,1,21,
ocd,4.193849563598633,7.798793792724609,1,113,
le_27_fever,7.095659255981445,5.737967491149902,1,8,
immense_amount,4.261403560638428,6.366630554199219,1,8,
terrible_heartburn,-0.28457820415496826,3.86432147026062,1,12,
drift_off,-0.18747244775295258,8.34063720703125,1,10,
pee,3.0555241107940674,6.945835113525391,1,71,
bubble_of_air,1.3528599739074707,9.088482856750488,1,61,
devil,3.6507198810577393,5.950754165649414,1,44,
flat_tummy,0.41987621784210205,7.2173237800598145,1,9,
tagamet,-0.38649076223373413,3.776350736618042,1,5,
take_dramamine,0.26793816685676575,7.693565368652344,1,11,
epigastric_pain,4.281485557556152,9.24905776977539,1,13,
excess_air,2.4748833179473877,9.291600227355957,1,147,
important_to_note,5.833988666534424,8.89951229095459,1,19,
hence,2.707810401916504,10.714003562927246,1,144,
doctor_akst,8.404870986938477,5.797144889831543,1,21,
malaise,3.7684547901153564,8.92938232421875,1,5,
maniac,4.100900650024414,5.947768688201904,1,14,
piece_of_food,1.6894043684005737,6.841079235076904,1,11,
negative_side_effect,4.985430717468262,4.730656147003174,1,88,
scream,4.415858268737793,6.092367172241211,1,143,
gluten_dairy,-1.3060145378112793,4.754903316497803,1,15,
more_common,5.80690336227417,9.985635757446289,1,192,
barium_swallow,10.46539306640625,8.030683517456055,1,501,
duodenum,3.7711637020111084,9.815751075744629,1,24,
find_this_subreddit,7.126591205596924,7.907505512237549,1,277,
sinus_drainage,2.456585168838501,8.483559608459473,1,10,
slight_regurgitation,2.040947198867798,7.329066753387451,1,12,
mac_and_cheese,-2.008756637573242,5.764448165893555,1,21,
recent_identify_disorder_characterize,2.2627224922180176,9.430157661437988,1,12,
toothpaste,0.3265596628189087,9.138877868652344,1,34,
positive_outcome,7.8627471923828125,4.48757791519165,1,19,
refuse_to_believe,6.709073543548584,8.099832534790039,1,19,
brain_fog,4.095251083374023,8.70093059539795,1,53,
185,5.718143463134766,3.7097349166870117,1,15,
help_loosen,1.8299258947372437,10.326343536376953,1,17,
minor,2.23990797996521,7.403656005859375,1,349,
suspend,0.6177237629890442,9.578550338745117,1,11,
sore_spot,0.6141858696937561,9.902264595031738,1,7,
hopeless,5.356902122497559,5.812923908233643,1,74,
supraglottic,3.474489688873291,9.904580116271973,1,6,
contact,10.209543228149414,6.126345157623291,1,782,
helpful,8.159747123718262,8.191444396972656,1,1201,
fax,9.067469596862793,6.07293701171875,1,21,
descend,1.0603065490722656,9.49549388885498,1,11,
lose_hope,5.476006507873535,5.022001266479492,1,137,
mild_version,6.108231067657471,7.5549774169921875,1,11,
throat_massage,0.2530537247657776,10.809535026550293,1,51,
lightheadedness,3.4039978981018066,8.636201858520508,1,21,
otc_medication,-0.4787842333316803,4.067015647888184,1,21,
tuba,4.1729207038879395,6.017725944519043,1,7,
gi_tract,2.858105182647705,9.43163776397705,1,40,
federal,8.284143447875977,6.133973121643066,1,7,
expansion,2.3182828426361084,9.716146469116211,1,26,
very_lucky,10.277437210083008,5.676146507263184,1,50,
medical_journal,8.731331825256348,7.656290531158447,1,37,
doctor_kuderer,7.908132076263428,5.612697601318359,1,25,
overweight,4.781115531921387,7.433487415313721,1,79,
asap,9.291058540344238,6.060363292694092,1,261,
bothersome,2.384413719177246,7.4890570640563965,1,65,
fairlife,-0.6313029527664185,5.532262802124023,1,5,
carbonate_drink,-1.2581747770309448,6.586866855621338,1,767,
monster,3.4870569705963135,5.8408284187316895,1,104,
sparkle_water,-1.2557655572891235,6.560044765472412,1,310,
insurance_provider,10.264226913452148,4.971813201904297,1,37,
30c,0.6432943940162659,6.181774616241455,1,7,
inability_to_vomit,4.200283527374268,8.48158073425293,1,38,
throw_up_when,3.232421875,6.607747554779053,1,77,
hypertrophy,2.0605368614196777,9.949979782104492,1,7,
dissolvable,-0.10479424893856049,4.272772312164307,1,14,
misdiagnose_with_ibs,5.595696926116943,8.720813751220703,1,17,
regret,5.587747097015381,4.93580961227417,1,405,
sole_cause,5.593717575073242,9.338539123535156,1,6,
inwards,0.5865317583084106,9.647253036499023,1,27,
hundred_of_time,3.817718029022217,4.394713878631592,1,44,
who_specialize,9.783835411071777,7.354700565338135,1,55,
slender,4.461328029632568,6.535637855529785,1,6,
side_shaker,0.1722550094127655,10.60114574432373,1,29,
mthfr,7.063134670257568,6.016456604003906,1,8,
receptionist,9.965803146362305,6.383044719696045,1,107,
new_member,7.110926151275635,7.516334056854248,1,22,
anxiety_med,-0.2997954487800598,3.787935495376587,1,5,
behalf,9.918118476867676,6.116703033447266,1,28,
lower_success_rate,8.457893371582031,3.7530627250671387,1,39,
daily_stomach_ache,5.5062642097473145,7.300198554992676,1,11,
evening_after_dinner,5.535058975219727,6.951591968536377,1,12,
neck_exercise,0.39117133617401123,10.812259674072266,1,110,
few_day,4.5646209716796875,4.295463562011719,1,1466,
holiday,9.260952949523926,4.97352933883667,1,181,
ton_of_microburp,4.6667351722717285,4.51982307434082,1,22,
temporary_side_effect,6.88392448425293,4.069596767425537,1,37,
carrot,-2.031754732131958,5.247251510620117,1,36,
into_account,-0.1881786733865738,3.8923678398132324,1,25,
pool,0.28988659381866455,8.453057289123535,1,125,
r_cpd_tend_to_worsen,5.749761581420898,8.672821998596191,1,6,
moncton,9.052020072937012,6.07640266418457,1,5,
80,7.776520729064941,3.539466381072998,1,408,
plenty_of_us,7.321941375732422,7.657082557678223,1,12,
department_of_otolaryngology,8.38379955291748,6.562595367431641,1,5,
darn,5.845255374908447,6.514051914215088,1,25,
puffy,1.887747883796692,9.029825210571289,1,21,
charm,7.496490955352783,3.5232086181640625,1,94,
takeout,-0.4153252840042114,5.933022499084473,1,7,
yale,8.741694450378418,7.629248142242432,1,49,
southeast,8.800849914550781,6.615177154541016,1,13,
gastrointestinal_system,3.280021905899048,9.935555458068848,1,8,
similar_issue,5.743963241577148,9.854087829589844,1,91,
line_between,3.5536160469055176,6.895089626312256,1,20,
protrude,0.9173957109451294,9.625598907470703,1,22,
breastbone,1.0792200565338135,9.384971618652344,1,12,
side_stitch,3.6679110527038574,7.962039470672607,1,24,
investigate,9.834240913391113,8.043841361999512,1,120,
soup_broth,-1.9293385744094849,5.880145072937012,1,7,
anxiety_spike,6.242635250091553,6.904603481292725,1,6,
ugly,4.210849285125732,6.0077643394470215,1,34,
thyroid,4.128089427947998,10.171076774597168,1,84,
bar,-0.6061461567878723,6.484773635864258,1,252,
methane,3.607544183731079,9.518060684204102,1,23,
cyclic,4.548595905303955,7.768642902374268,1,5,
private_hospital,9.942811012268066,5.583125591278076,1,39,
playful,6.476989269256592,6.8392333984375,1,6,
cobra_pose,0.08936837315559387,9.573893547058105,1,14,
co2,2.3441646099090576,9.363337516784668,1,40,
projection,6.054077625274658,7.401734828948975,1,5,
defeat,5.2489471435546875,5.396933078765869,1,43,
singular_hiccup,3.525745153427124,6.3128886222839355,1,24,
variation,0.21736349165439606,10.759506225585938,1,70,
definitive_test,9.43054485321045,7.7865214347839355,1,6,
gastric_bypass,5.667168140411377,8.746926307678223,1,26,
mention_this_subreddit,7.681575298309326,7.462179660797119,1,10,
wear_off_around,4.943336009979248,4.032566547393799,1,17,
flatten,0.27088654041290283,8.647226333618164,1,27,
throw_up_without,3.7305026054382324,6.78930139541626,1,16,
something_similar,5.740533828735352,5.156406879425049,1,234,
bmi,5.643082141876221,3.913543224334717,1,78,
odor,2.988734245300293,9.220126152038574,1,18,
negative_review,6.3529582023620605,5.595269680023193,1,12,
medicaid,10.51379108428955,5.235363006591797,1,59,
generalize_anxiety_disorder,5.3217034339904785,8.626629829406738,1,6,
equipment,8.790298461914062,3.5927977561950684,1,65,
40_mg,-0.38973698019981384,3.6558735370635986,1,15,
sunday,8.743961334228516,4.537826061248779,1,122,
likelihood,5.095455646514893,9.527975082397461,1,66,
exact_same_symptom,6.955779075622559,7.765921115875244,1,29,
gurgle_noise,3.0341928005218506,5.955331802368164,1,420,
appendicitis,3.4823803901672363,8.918987274169922,1,40,
flow,1.6371355056762695,9.35044002532959,1,171,
swab,1.0668737888336182,8.076887130737305,1,19,
car_sickness,4.8829169273376465,7.4748735427856445,1,15,
vice_versa,5.747823238372803,8.999955177307129,1,30,
feel,2.4478070735931396,6.69449520111084,1,26421,
super_gross,3.939798355102539,6.797762870788574,1,25,
prilosec,-0.4302136301994324,3.5654547214508057,1,84,
oxygen_mask,0.6390467286109924,6.2221879959106445,1,16,
love_coffee,-0.8518535494804382,5.473912715911865,1,12,
apple,-2.0145249366760254,5.132589340209961,1,169,
ibs_diagnosis,5.2772440910339355,8.782645225524902,1,15,
stay_upright,-0.863056480884552,6.205663204193115,1,19,
stool_sample,10.15628433227539,7.656132221221924,1,16,
trouble_swallow,2.1235263347625732,7.2358503341674805,1,339,
soreness,1.5449419021606445,7.711562633514404,1,160,
subsequent_injection,8.032642364501953,4.414679050445557,1,9,
less_gassy,-1.3799045085906982,4.736534118652344,1,35,
drive_home,0.48531827330589294,6.7702531814575195,1,72,
over_zoom,8.039254188537598,6.016443252563477,1,8,
mild_discomfort,6.799478530883789,6.121875762939453,1,15,
young_age,4.713676452636719,7.798480033874512,1,90,
grass,0.17309963703155518,7.468276023864746,1,17,
lung_capacity,3.758023738861084,9.459460258483887,1,19,
psychologist_who_specialize_in_medical,3.8283634185791016,7.187884330749512,1,18,
dry_fruit,-1.0964360237121582,5.238922119140625,1,9,
resultant,6.956435680389404,5.318071365356445,1,15,
appointment,9.334283828735352,5.1843695640563965,1,3688,
hypermobility,5.853519439697266,9.559028625488281,1,51,
schedule,9.248808860778809,5.09457540512085,1,2335,
wonder_how_many,6.364125728607178,8.504568099975586,1,50,
15mg,-0.2857774496078491,3.889883518218994,1,9,
take_xanax,-0.2644232511520386,3.9925808906555176,1,13,
texas,9.991640090942383,6.0144572257995605,1,97,
paranoid_about,2.031999349594116,7.025472640991211,1,16,
intermittent,3.9977920055389404,8.818744659423828,1,42,
facility_fee,9.952016830444336,4.430273056030273,1,16,
throw_up_which,3.7446541786193848,6.805563926696777,1,56,
deserve,5.688002586364746,5.511008262634277,1,112,
very_slow,-2.1079158782958984,6.385607719421387,1,149,
associate,5.498012542724609,10.037260055541992,1,450,
symptom_e_g,4.8785319328308105,8.911015510559082,1,8,
sure,5.178287506103516,5.428430080413818,1,3191,
coinsurance,9.985136985778809,4.392567157745361,1,12,
gentle,0.22517016530036926,9.681914329528809,1,207,
severity,5.025768756866455,9.713587760925293,1,180,
bowl_of_pasta,0.15941382944583893,6.892745494842529,1,7,
6_month_mark,4.853452205657959,4.045809268951416,1,59,
childhood_trauma,5.646756649017334,9.237143516540527,1,20,
sibling,4.816610336303711,7.111217021942139,1,75,
psychologist,9.691133499145508,8.03043270111084,1,90,
release,1.7724133729934692,8.8639554977417,1,2264,
sinister,5.909496307373047,8.40808391571045,1,10,
camera,1.0292489528656006,8.137377738952637,1,362,
payment,10.294079780578613,4.6366047859191895,1,82,
peer_review_study,8.537693977355957,6.970719814300537,1,7,
pop,2.9245359897613525,5.65897274017334,1,744,
visualize,2.000711441040039,10.482110977172852,1,62,
reaction,2.786813735961914,6.749970436096191,1,371,
bend_over,-0.3151630759239197,8.212060928344727,1,478,
identical_twin,5.536886692047119,7.472050189971924,1,18,
pcos,4.526984691619873,9.056305885314941,1,24,
this_thread,7.897192478179932,8.16594409942627,1,304,
sore,1.5759927034378052,7.672107219696045,1,704,
your_wife,6.186233043670654,6.330842971801758,1,13,
slouch_over,0.18100658059120178,7.643888473510742,1,11,
ahhhh,6.567647933959961,6.786073684692383,1,17,
cheese,-2.2831192016601562,5.373277187347412,1,119,
office_awake,8.677627563476562,3.827240467071533,1,15,
hispanic,7.072803497314453,6.284971237182617,1,5,
physical_therapy,0.5534966588020325,10.835115432739258,1,135,
soften,2.2075674533843994,9.863235473632812,1,23,
overnight,-0.04615337401628494,7.455996036529541,1,114,
right_now,5.073412895202637,5.394214630126953,1,1472,
explosion_of_air,3.365556240081787,6.520224571228027,1,7,
cold_sweat,2.695107936859131,7.547329902648926,1,16,
amanda_hu,9.305635452270508,6.7106523513793945,1,32,
day_0,8.438117980957031,4.435172080993652,1,73,
stand_up_straight,-0.11169195175170898,8.94314956665039,1,59,
sweat_shake,2.859626293182373,7.487123966217041,1,5,
structure,2.1930441856384277,10.322158813476562,1,54,
flush,0.24386490881443024,8.40734577178955,1,71,
public,4.0674285888671875,6.169281482696533,1,582,
early_stage,5.343898773193359,4.512900352478027,1,47,
respiratory_infection,4.198513031005859,8.645988464355469,1,7,
chase,-2.1562492847442627,6.327666759490967,1,127,
add_sugar,-1.360308051109314,4.870491027832031,1,11,
r_cpd_it,5.332454681396484,9.733992576599121,1,40,
hiatal_hernia_be,5.332983016967773,9.871238708496094,1,36,
mash_potato,-2.3208673000335693,5.634502410888672,1,82,
high_dosage,7.668244361877441,3.5437867641448975,1,59,
japan,9.703380584716797,6.191814422607422,1,23,
spit_up,3.2181966304779053,6.6194915771484375,1,102,
theory,5.3367743492126465,10.114788055419922,1,680,
main_concern,6.642929553985596,4.354694366455078,1,43,
cricopharangeal,2.5126240253448486,10.465805053710938,1,13,
grill,-0.6577121615409851,5.552344799041748,1,5,
spit,1.8795372247695923,7.000637054443359,1,350,
hot_flash,4.340158462524414,8.253060340881348,1,15,
stretchy_pants,0.3528880178928375,7.206381797790527,1,8,
de_temperature,7.012053489685059,5.496426105499268,1,5,
aujourdhui_concern_le_rcpd,7.292662620544434,5.954192161560059,1,9,
nasal,1.2135800123214722,8.263195991516113,1,72,
very_relatable,5.592679023742676,6.208576679229736,1,9,
other_end,2.089205026626587,8.908289909362793,1,201,
pre_op,9.11492919921875,4.759997367858887,1,178,
barium_test,10.262469291687012,7.684939861297607,1,41,
tomato_sauce,-1.5999597311019897,5.027888774871826,1,26,
retention,3.060336112976074,9.337930679321289,1,10,
scar_tissue,2.5172958374023438,10.762638092041016,1,41,
go_down,2.0226893424987793,6.748835563659668,1,1198,
smooth_sail,7.502204895019531,5.475379943847656,1,14,
onion_and_garlic,-1.5035862922668457,4.9040846824646,1,14,
stay_home,-0.39734819531440735,6.607761859893799,1,34,
fall_asleep,-0.09230978786945343,8.519235610961914,1,205,
drip,1.8288871049880981,7.608914852142334,1,48,
noburp_community,7.3264689445495605,7.761394023895264,1,32,
site,8.761273384094238,7.64138650894165,1,223,
solace,6.929745197296143,6.560060501098633,1,7,
150_unit,7.889096260070801,3.5011584758758545,1,87,
the_medical_jadedness,8.091742515563965,7.492201805114746,1,21,
apply_pressure,0.7099303603172302,9.775144577026367,1,23,
gas_trap,2.3992130756378174,9.063559532165527,1,115,
failure,7.71807861328125,3.64760684967041,1,149,
low_quality,8.082942962646484,7.519667625427246,1,6,
lyme,6.167355537414551,7.439662933349609,1,6,
antibiotic,-0.4821092486381531,3.5366194248199463,1,213,
infrequent,3.5969996452331543,5.053474426269531,1,44,
probiotics,-0.9566285014152527,3.945500373840332,1,119,
athletic,4.938658237457275,7.049017429351807,1,22,
hydrogen,4.055555820465088,9.536333084106445,1,17,
collar_bone,1.1034725904464722,9.543734550476074,1,30,
flatulence,3.0058817863464355,8.015670776367188,1,660,
reduce,3.4319145679473877,8.112702369689941,1,905,
stomach_acid_production,-0.43801015615463257,4.145386695861816,1,7,
thanks_for_your_input,7.413456439971924,7.072263717651367,1,30,
very_skinny,4.964903831481934,7.123931407928467,1,33,
antiemetic,-0.01617530919611454,4.163144588470459,1,27,
breath,0.7843379378318787,8.99482250213623,1,945,
43,6.510254383087158,7.649877548217773,1,29,
jealous_of_people_who,3.905129909515381,6.5605340003967285,1,8,
combination,2.643549680709839,9.685041427612305,1,233,
leg_up,-0.04404619708657265,9.325021743774414,1,16,
magic_bullet,6.944489479064941,6.7320475578308105,1,14,
publicize,7.229496479034424,7.258608818054199,1,6,
mucus_production,3.988780975341797,9.006158828735352,1,8,
surgeon,9.969010353088379,6.697912216186523,1,498,
gwuh,8.376591682434082,5.985567569732666,1,6,
harsh,2.6378672122955322,8.496574401855469,1,46,
theatre,0.5714351534843445,6.408463001251221,1,37,
excessive_gas,3.3499879837036133,8.532074928283691,1,94,
once_every,3.744563102722168,4.346281051635742,1,174,
slide_hernia,3.049985408782959,10.071459770202637,1,9,
george_washington,7.883328914642334,6.5598626136779785,1,5,
emanate,2.33907151222229,8.383999824523926,1,5,
neurological_issue,5.696439266204834,9.327473640441895,1,22,
ultimate_lead,2.6066231727600098,9.546184539794922,1,14,
lead_to_sibo,4.629007339477539,9.164651870727539,1,8,
sideways,0.2614862322807312,9.788928031921387,1,44,
dbr,8.593057632446289,7.811021327972412,1,17,
situation,3.9376220703125,7.235863208770752,1,1066,
throw_up_because,3.437100887298584,6.615479946136475,1,68,
surgery_date,9.088445663452148,5.097790241241455,1,40,
raw_vegetable,-1.905296802520752,4.964850902557373,1,22,
etiquette,4.598116874694824,6.084894180297852,1,12,
classic_case,7.278252601623535,7.073063373565674,1,10,
pure_hell,6.7452898025512695,6.293477535247803,1,6,
my_second_trimester,3.77034592628479,7.781353950500488,1,10,
profound_side_effect,6.861408710479736,6.615790367126465,1,9,
tube,1.0102742910385132,8.24389362335205,1,387,
youtube,0.2731974720954895,10.848517417907715,1,285,
good_bacteria,4.0226874351501465,9.463937759399414,1,12,
last_paragraph,6.107354640960693,7.267816543579102,1,11,
excess_gas,2.6775243282318115,9.238871574401855,1,173,
teach_themselves,0.9158564209938049,11.097272872924805,1,74,
handler,7.326730728149414,6.011980056762695,1,5,
avoid_carbonate_beverage,-1.0800855159759521,5.202298641204834,1,17,
more_pressure_knot,1.998305082321167,7.863746166229248,1,9,
bravery,6.4749321937561035,6.3242692947387695,1,7,
botulinum_toxin,8.103791236877441,3.7601280212402344,1,42,
throw_up_so,3.399846315383911,6.603412628173828,1,107,
bake,-1.4384530782699585,5.637188911437988,1,9,
solid,-1.888606071472168,6.544308185577393,1,276,
body_image,4.2646636962890625,8.157027244567871,1,36,
abdominal_pressure,2.729527711868286,9.575122833251953,1,34,
show_nothing,10.424352645874023,8.009418487548828,1,61,
frequent_diarrhea,3.6802594661712646,8.576457977294922,1,6,
hi_friend,8.140832901000977,4.752377033233643,1,42,
lump,1.61629319190979,7.631935119628906,1,642,
subjugation,5.657196521759033,9.217848777770996,1,5,
flonase,-0.18952257931232452,3.9918274879455566,1,24,
violent,3.126070261001587,6.605859279632568,1,380,
second_dose,7.454914093017578,3.5381274223327637,1,663,
burst_of_air,3.555569648742676,5.751535892486572,1,23,
comfortability,5.8116912841796875,7.11939001083374,1,7,
sick,3.060272216796875,6.90816593170166,1,2281,
earliest_appointment,7.778319358825684,5.502331733703613,1,6,
r_cpd_be,5.919590950012207,10.084736824035645,1,473,
discover_this_community,6.866750717163086,7.755370140075684,1,29,
rcpd,5.886731147766113,10.143877029418945,1,7925,
male,4.8174238204956055,7.307612895965576,1,140,
shut_down,3.762746810913086,6.805955410003662,1,43,
gaat,6.941775798797607,5.294090747833252,1,22,
syndrome_diagnosis,8.353279113769531,7.195789813995361,1,6,
doctor,10.011836051940918,7.722448348999023,1,16153,
applesauce,-2.3512303829193115,5.622191905975342,1,99,
day_8,4.4725189208984375,4.231750011444092,1,92,
absolutely_miserable,3.311925172805786,7.659397602081299,1,51,
standard_dose,7.8752875328063965,3.67406964302063,1,15,
avoid_trigger,-1.698325514793396,5.0938544273376465,1,36,
new_zealand,9.808270454406738,6.277909278869629,1,46,
agoraphobia,6.98866605758667,6.536677360534668,1,8,
habit_form,5.7176313400268555,8.295611381530762,1,6,
killer,3.3407506942749023,7.809916973114014,1,36,
release_gas,1.770678162574768,8.885251998901367,1,142,
associate_symptom,3.5068631172180176,8.595154762268066,1,36,
personal_theory,5.5014448165893555,9.416847229003906,1,13,
unhappy,4.404242515563965,8.508761405944824,1,16,
other_noburper,7.761931896209717,7.623756408691406,1,26,
26th,8.502232551574707,4.842453479766846,1,28,
diaphragmatic_breathe_exercise,0.3460436761379242,10.832022666931152,1,17,
ich,6.9164533615112305,5.225493907928467,1,71,
tritter,8.861227989196777,6.168490886688232,1,8,
stay_positive,5.4919962882995605,4.992085933685303,1,66,
social_activity,4.148833751678467,6.5731353759765625,1,10,
my_life,4.479450702667236,6.9129414558410645,1,3916,
mr_omar,7.542262554168701,6.473304748535156,1,7,
take_small_bite,-2.1491329669952393,6.313988208770752,1,93,
psychosomatic,5.472209453582764,10.035669326782227,1,91,
telemed,8.94052791595459,5.294116020202637,1,12,
willing_to_treat,9.68093204498291,7.086241722106934,1,44,
stable,5.460643291473389,4.105152606964111,1,42,
diagnose_with_gerd,4.777271270751953,9.958687782287598,1,91,
global,8.434802055358887,7.169256210327148,1,17,
scope_through,1.0302612781524658,8.206938743591309,1,27,
4_month_mark,7.568742275238037,4.76738977432251,1,12,
lifelong_inability,5.778645038604736,9.396604537963867,1,39,
hot_water,-1.9398796558380127,5.1116623878479,1,26,
hard_to_differentiate,2.026049852371216,7.020247459411621,1,9,
gallbladder_issue,5.399102210998535,8.698533058166504,1,10,
investigation,9.060093879699707,8.273842811584473,1,60,
drink_water,-1.7788101434707642,6.568437576293945,1,736,
larynx,1.2310364246368408,10.330610275268555,1,298,
neurological_dysfunction,3.6079366207122803,9.809967994689941,1,7,
success_story,5.8855977058410645,5.36359977722168,1,307,
congested,2.112732410430908,7.739832878112793,1,37,
very_common,5.615377902984619,9.974407196044922,1,185,
digestive,2.9639334678649902,9.404438018798828,1,111,
doctor_bastian_paper,8.895207405090332,8.042402267456055,1,190,
straight_shoulder,0.2085653692483902,9.57893180847168,1,9,
average_person,2.766958475112915,5.605218410491943,1,156,
26m,5.475986480712891,8.39395809173584,1,6,
cricopharyngeal_achalasia,9.20821762084961,7.483500003814697,1,7,
each_mouthful,-1.9198044538497925,5.924612522125244,1,15,
upper_abdominal,2.825990676879883,8.656671524047852,1,31,
ibd,4.844208717346191,9.66061782836914,1,27,
health_anxiety,3.9739906787872314,7.831488609313965,1,90,
worst_fear,4.613770008087158,7.529027462005615,1,16,
retrospective,8.781137466430664,7.614354133605957,1,14,
belt,0.15815383195877075,9.112494468688965,1,96,
second_attempt,7.885088920593262,3.704455614089966,1,43,
gord,4.874924182891846,9.825724601745605,1,39,
aggravate,3.339017152786255,8.214503288269043,1,73,
ent_department,9.335596084594727,6.6524176597595215,1,23,
experiment,0.7335963249206543,10.917562484741211,1,442,
someday,5.569811820983887,5.378839492797852,1,131,
my_boyfriend,4.401147842407227,6.034314155578613,1,287,
steroid,-0.17383497953414917,3.887895345687866,1,53,
aw,5.7195024490356445,5.7710771560668945,1,67,
511,5.643566131591797,3.8654532432556152,1,16,
potato,-2.29545259475708,5.3792724609375,1,88,
diagram,1.1644622087478638,10.113252639770508,1,32,
shift,0.10539622604846954,9.237120628356934,1,199,
gain_weight,4.484576225280762,5.038791179656982,1,221,
sweatpants,0.30981045961380005,7.24141263961792,1,12,
ent_who,9.959060668945312,7.59680700302124,1,204,
unpredictable,4.994796276092529,4.618528366088867,1,33,
tuna,-1.5580869913101196,5.624863624572754,1,9,
willing_to_listen,9.269489288330078,6.6909027099609375,1,17,
glorious,4.180643081665039,5.22110652923584,1,62,
protect_mechanism,2.565854072570801,10.486410140991211,1,7,
kick,4.579411506652832,4.232689380645752,1,633,
infection,4.371183395385742,10.046500205993652,1,178,
30_60_minute,0.19926266372203827,6.521963119506836,1,10,
debate_whether,8.416054725646973,5.251278400421143,1,11,
dyspnea,4.018468379974365,9.107850074768066,1,10,
chin,0.3117174804210663,9.777267456054688,1,82,
plenty_of_people,7.3192524909973145,7.644870281219482,1,39,
bahama,5.770083427429199,6.892724990844727,1,5,
very_sensitive,2.925947904586792,6.74624490737915,1,75,
remain_close,2.7458436489105225,10.164761543273926,1,10,
medical_condition,8.606219291687012,8.513788223266602,1,167,
peppermint_tea,-1.2508772611618042,4.604304313659668,1,48,
avenue,9.085991859436035,7.158527374267578,1,24,
hoesli,8.234501838684082,5.489535808563232,1,18,
stir,-1.2721314430236816,6.3206586837768555,1,48,
gasx,-0.8623445630073547,4.000914573669434,1,86,
hard_to_describe,2.6033430099487305,6.4070281982421875,1,65,
first_timer,7.624824523925781,5.192227840423584,1,8,
more_effort,-1.858949065208435,6.628547191619873,1,59,
binge_eat,5.376701354980469,8.207368850708008,1,11,
vicious_cycle,2.4705023765563965,10.01998519897461,1,58,
negative_experience,6.241021156311035,5.509984970092773,1,34,
phenergan,7.476438045501709,6.238903045654297,1,5,
occasion_where,3.6413819789886475,5.373317718505859,1,14,
email_them,9.836483001708984,6.605872631072998,1,58,
go_to_doctor_bastian,10.29631519317627,5.525146961212158,1,163,
r_cpd_too,5.798916339874268,9.102336883544922,1,12,
able_to_burp_on_command,4.44720458984375,7.093380451202393,1,53,
bed_riser,-0.5280551910400391,8.106553077697754,1,14,
swallow_difficulty,2.0383236408233643,7.4036664962768555,1,45,
airway,1.8600754737854004,10.289116859436035,1,148,
30s,5.485906600952148,4.192552089691162,1,32,
disappoint,5.5747222900390625,5.128664016723633,1,245,
transition,1.063254952430725,11.080315589904785,1,135,
name,8.208761215209961,8.2213134765625,1,960,
travel_to_chicago,10.274701118469238,5.579803943634033,1,75,
emetophobe_here,4.66649055480957,7.8488945960998535,1,23,
dismiss,9.742566108703613,8.145740509033203,1,276,
big_meal,-1.02620267868042,6.608211994171143,1,260,
ms_hicklin,8.822381019592285,4.0690131187438965,1,281,
upper_sphincter,2.431264638900757,10.852910041809082,1,74,
tilt_my,0.4650023281574249,10.278412818908691,1,187,
nickname,4.789585113525391,6.76600980758667,1,27,
four_month_ago,7.1918625831604,5.1082916259765625,1,9,
exorcise,3.847869873046875,6.260062217712402,1,8,
iqoro,0.26503440737724304,10.88773250579834,1,24,
stress_and_anxiety,4.202834606170654,8.542054176330566,1,38,
mid_sentence,3.471292495727539,5.214066028594971,1,30,
squeak,3.407945394515991,5.765687942504883,1,28,
drink_beer,-0.9931549429893494,6.644976615905762,1,363,
hcl,-0.7369493842124939,3.8278119564056396,1,22,
treatment_with_lucy_hicklin,8.303325653076172,4.757198333740234,1,11,
super_nauseous,2.7478864192962646,7.174545764923096,1,71,
persistent_cough,2.124413013458252,7.402160167694092,1,15,
drag,0.09406288713216782,8.580215454101562,1,55,
fibre,-1.3816938400268555,4.406622886657715,1,45,
shoulder_back,0.25102025270462036,9.779810905456543,1,76,
less,2.7884068489074707,6.025392055511475,1,2385,
past_two,3.719310760498047,4.322290897369385,1,77,
klonopin,-0.5506795644760132,4.522084712982178,1,10,
mid_30s,4.564932823181152,7.998173236846924,1,50,
anymore,3.0212974548339844,7.056644439697266,1,1761,
fantastic_news,6.579100131988525,5.378852844238281,1,17,
sore_throat_afterwards,1.6676304340362549,7.131939888000488,1,11,
hormonal,4.678561687469482,8.926082611083984,1,18,
wonder,5.824052810668945,5.258357524871826,1,850,
doctor_thomas_carroll_at_brigham,8.542211532592773,6.320503234863281,1,10,
los_angeles,9.412738800048828,6.25673246383667,1,29,
doctor_andrew_tkaczuk,9.449952125549316,6.370882034301758,1,9,
physics,3.821488380432129,9.613729476928711,1,19,
curious_if,5.8317952156066895,9.969341278076172,1,272,
mi_jin_yoo,8.754541397094727,6.179620265960693,1,9,
hiatal_hernia_repair,7.762011528015137,4.574703216552734,1,22,
vodka_cranberry,-1.1545966863632202,5.711023330688477,1,19,
vast_majority_of_people,6.104155540466309,8.291778564453125,1,19,
purpose,3.5363197326660156,6.26926851272583,1,334,
25f,6.360843181610107,7.610826015472412,1,10,
99_99,6.528451919555664,8.593066215515137,1,6,
brisk_walk,-0.8786565661430359,4.4699249267578125,1,13,
retain,4.708901882171631,4.215086460113525,1,222,
bubble_pop,1.9795048236846924,7.9227776527404785,1,17,
5pm,0.16276565194129944,6.822014331817627,1,27,
harrowing,3.8892321586608887,7.211114406585693,1,5,
upside_down,-0.22408002614974976,8.629732131958008,1,81,
1_500,9.594036102294922,4.573398590087891,1,18,
cyst,4.107034683227539,10.097207069396973,1,21,
biology,6.076340198516846,8.95353889465332,1,26,
sleep_elevate,-0.5605999827384949,8.186244010925293,1,70,
expand,1.967818021774292,9.380181312561035,1,224,
easy_peasy,0.603014349937439,6.437886714935303,1,12,
make_yourself,3.260345935821533,6.4896979331970215,1,189,
western,9.936369895935059,6.122279644012451,1,45,
stance,7.1020941734313965,6.1878814697265625,1,9,
deaden,1.8130325078964233,10.775744438171387,1,6,
core_strength,0.6736897230148315,10.060413360595703,1,9,
no_burper,4.971220970153809,7.291174411773682,1,830,
650,10.014610290527344,4.420861721038818,1,57,
response,8.316166877746582,8.308863639831543,1,793,
avoid_dairy,-1.0435073375701904,5.286637306213379,1,10,
our_intestine,2.725130081176758,9.420743942260742,1,17,
palp,3.7821249961853027,9.363640785217285,1,9,
anti_reflux,5.287090301513672,8.875483512878418,1,16,
gi_doc,10.201423645019531,7.916579246520996,1,197,
vocal_control,1.971094012260437,7.348371982574463,1,7,
vein,0.6592647433280945,6.287060737609863,1,46,
doctor_steven,8.547259330749512,5.851143836975098,1,7,
belly,1.825538992881775,8.961160659790039,1,479,
twenties,4.564449310302734,7.988985538482666,1,40,
organ,2.293231725692749,9.584955215454102,1,123,
hairnet,0.6452683210372925,6.184221267700195,1,6,
license,10.484444618225098,5.303093433380127,1,27,
throwaway_account,7.319722652435303,7.540893077850342,1,8,
previous_post,8.199453353881836,7.908135414123535,1,82,
stress,3.73366117477417,7.433416843414307,1,1442,
starve_myself,0.018463660031557083,6.520678997039795,1,23,
whole_life,4.469974040985107,7.228379249572754,1,1163,
er,10.543917655944824,8.11379623413086,1,372,
homeopathy,7.494510173797607,6.416302680969238,1,7,
graduate_college,6.032480239868164,7.585585117340088,1,10,
famotidine,-0.5159616470336914,3.5578997135162354,1,166,
fly_home,8.848790168762207,4.583611488342285,1,73,
smooth_muscle,2.6371712684631348,10.251509666442871,1,25,
despondent,6.306908130645752,5.501864433288574,1,9,
air_vomit,3.2012739181518555,6.496681213378906,1,4001,
know_to_treat_r,9.684466361999512,7.430811405181885,1,19,
social_event,-0.36654844880104065,6.68057107925415,1,67,
sub_reddit,7.807424068450928,7.483038425445557,1,16,
low_level,3.5933175086975098,8.483792304992676,1,32,
confront,5.633695125579834,6.6905517578125,1,22,
beginning,4.313243389129639,4.403275489807129,1,652,
physiotherapist,0.3848191499710083,10.925554275512695,1,30,
stomach_bug,4.2450337409973145,7.439613342285156,1,91,
anger,5.371224880218506,6.97130012512207,1,15,
throw_up_since,4.319475173950195,7.363411903381348,1,108,
its_own,1.4279038906097412,10.921103477478027,1,287,
control_over,3.2074086666107178,5.246193885803223,1,347,
protein_powder,-1.53709077835083,5.51418924331665,1,20,
sharp_pain,1.9131921529769897,8.832208633422852,1,84,
external_injection,8.604869842529297,3.695122241973877,1,28,
largely_prevent,1.9331588745117188,7.102973937988281,1,6,
tip_of_your_tongue,0.45837193727493286,9.573760032653809,1,10,
speech_therapist,9.64062213897705,7.673028945922852,1,78,
decade,4.516128063201904,7.155421257019043,1,367,
graduate_high_school,5.994213581085205,7.58618688583374,1,7,
breath_test,10.342914581298828,8.03513240814209,1,42,
your_pcp,9.976593971252441,7.470017433166504,1,38,
digestion,2.72334623336792,9.280223846435547,1,376,
network,10.451676368713379,5.359343528747559,1,188,
because_of_r_cpd,4.7985358238220215,8.11318588256836,1,49,
grip_sock,0.6069130301475525,6.118422985076904,1,7,
laugh_yawn,3.4636480808258057,5.137709140777588,1,17,
set_off,3.080369472503662,7.883540153503418,1,36,
try_to_force,1.6876360177993774,8.924249649047852,1,341,
increase_awareness,7.813053131103516,7.158339500427246,1,14,
umm,6.512444496154785,6.942255973815918,1,7,
beyond_frustrate,6.23464822769165,6.7800774574279785,1,11,
carry_out,9.805461883544922,6.729135036468506,1,55,
fight_against,3.636302947998047,6.881643772125244,1,16,
quirk,5.078081130981445,7.249958038330078,1,59,
connecticut,9.072279930114746,6.1587958335876465,1,25,
bastian_article,8.246609687805176,7.316906452178955,1,10,
thrill,5.594976425170898,5.337730884552002,1,102,
much_sense,5.010499477386475,6.265281677246094,1,17,
overblown,1.6635698080062866,6.866347312927246,1,6,
seldom,3.981994867324829,6.710175514221191,1,15,
1987,7.811513423919678,6.920624256134033,1,7,
unlikely,5.903331756591797,10.071697235107422,1,151,
every_bite,-2.0718994140625,6.429752349853516,1,126,
thank_you_for_share,5.86409330368042,5.405837059020996,1,241,
food_intake,-1.4181480407714844,4.389570713043213,1,24,
loosen_up,1.5345594882965088,10.641230583190918,1,64,
low_dose,7.651237964630127,3.523475408554077,1,90,
r_cpd_also,5.707186222076416,9.228020668029785,1,18,
excess_wind,3.5563981533050537,8.492137908935547,1,21,
heartburn_medication,-0.1898392140865326,3.907628297805786,1,29,
palate,0.7988355755805969,9.601621627807617,1,18,
poor_posture,2.6131012439727783,10.127425193786621,1,28,
cringe,4.150364398956299,6.005885601043701,1,23,
drink_soda,-1.2350826263427734,6.6196208000183105,1,326,
sneak_off,3.2814559936523438,6.073716163635254,1,16,
christmas_dinner,0.06902282685041428,6.487495422363281,1,12,
residue,1.3704595565795898,8.206131935119629,1,12,
st_louis_park_mn,8.069175720214844,5.938783168792725,1,7,
28th,8.513568878173828,4.810977458953857,1,24,
occasional,2.7158546447753906,5.652339458465576,1,382,
tar,6.912766456604004,5.762186527252197,1,12,
familiarity,1.785887360572815,8.068581581115723,1,10,
stomach_flu,4.288140773773193,7.5116801261901855,1,54,
celsius,-1.040597677230835,5.878932476043701,1,12,
silent_hiccup,3.4675025939941406,5.808300495147705,1,15,
nitro,-0.9002313017845154,5.7735066413879395,1,21,
have_food_poison,4.237715244293213,7.403985023498535,1,43,
uncontrollable,3.209059000015259,5.18124532699585,1,510,
ingredient,-1.367236852645874,4.410477161407471,1,71,
acid_reflux_pill,-0.2585943043231964,3.931269407272339,1,14,
positivity,6.43278694152832,6.505823612213135,1,21,
lucy_hicklin,8.824996948242188,4.081705570220947,1,491,
thirsty,-0.8065804839134216,6.69363260269165,1,50,
stomach_rumble,3.136718273162842,6.018318176269531,1,33,
r_u,6.3464131355285645,6.728442192077637,1,7,
exhaust,4.866392135620117,5.938755035400391,1,235,
your_torso,-0.060064997524023056,9.158405303955078,1,23,
are_not_alone,5.872398376464844,5.881499290466309,1,40,
lame,5.858462333679199,6.467609882354736,1,17,
pump,1.59950590133667,9.030121803283691,1,84,
esophageal_manometry_test,9.07189655303955,6.684718132019043,1,21,
weed,-1.3892918825149536,5.110650062561035,1,158,
bastard,5.760828018188477,7.603394508361816,1,8,
barotrauma,3.436785936355591,9.866850852966309,1,8,
berlin,10.077366828918457,5.821420192718506,1,61,
hand_and_knee,6.487799644470215,6.018048286437988,1,9,
rate_of_success,8.573598861694336,3.893350601196289,1,9,
heavy,-1.8806097507476807,5.3201518058776855,1,361,
contrast,3.4295458793640137,10.295092582702637,1,36,
ear_nose_and_throat,9.836331367492676,7.525997638702393,1,49,
second_shot,7.49047327041626,3.531571865081787,1,227,
chair,-0.06902891397476196,9.01309871673584,1,237,
my_own,7.929993152618408,8.281437873840332,1,743,
vanish,3.7088592052459717,8.198380470275879,1,64,
agony,0.06022012233734131,7.222865104675293,1,122,
homer_simpson,3.625096559524536,5.58582878112793,1,9,
lift,0.027113741263747215,9.293427467346191,1,342,
share,7.851033687591553,8.145915985107422,1,1442,
parkside,9.519742965698242,5.220487117767334,1,65,
horrific,2.8832573890686035,7.408589839935303,1,123,
triangle,8.409576416015625,6.354916572570801,1,7,
een,6.921586513519287,5.237794876098633,1,81,
health_system,10.481362342834473,5.407576084136963,1,21,
nasty,2.663705348968506,7.131287097930908,1,145,
sauna,7.058908462524414,5.996097564697266,1,5,
radiology,9.147191047668457,6.632626533508301,1,9,
sympathize,5.560024261474609,6.096754550933838,1,48,
ph,4.174942493438721,10.069957733154297,1,47,
tongue_placement,1.0268594026565552,10.4602632522583,1,14,
drink_bubbly,-1.255488395690918,6.399967670440674,1,36,
familiar_with_rcpd,9.871441841125488,7.356642246246338,1,58,
weight,4.572136878967285,4.87904167175293,1,661,
radiologist,10.159215927124023,7.617609024047852,1,22,
lucy,8.800027847290039,4.0102620124816895,1,556,
jefferson,9.438018798828125,5.713392734527588,1,41,
mid_july,8.415492057800293,4.762982368469238,1,21,
result_of_r_cpd,5.714485168457031,8.59414291381836,1,13,
instagram,7.902428150177002,7.946970462799072,1,40,
often_lead,3.610126256942749,6.899553298950195,1,26,
code,10.527149200439453,5.356983661651611,1,212,
liquid,1.8496297597885132,6.829198837280273,1,1492,
similar_situation,6.03522253036499,5.4012932777404785,1,76,
lodge,1.6035994291305542,8.249762535095215,1,35,
hypothyroidism,5.138131618499756,9.45248031616211,1,24,
ekg,10.585604667663574,8.157655715942383,1,51,
provider_who,8.941149711608887,6.805743217468262,1,14,
circulation,2.131148338317871,9.956416130065918,1,10,
my_vocal_chord,2.0948987007141113,10.57162857055664,1,49,
breathless,2.8322925567626953,8.281450271606445,1,57,
jealousy,6.307642459869385,6.978553771972656,1,7,
hank_green,7.663895606994629,7.584827899932861,1,17,
come_across,7.624893665313721,8.153212547302246,1,305,
four_year,4.600099086761475,7.294285297393799,1,42,
stomach_pain,3.0149052143096924,7.963101387023926,1,647,
bottom_jaw,0.44962629675865173,9.717408180236816,1,15,
tend_to_worsen_with_age,3.996159315109253,8.666193008422852,1,11,
feel_queasy,2.5865275859832764,7.86610221862793,1,13,
adverse_reaction,6.96298360824585,4.067368030548096,1,14,
acne,-0.2659740149974823,3.9414632320404053,1,14,
retch,3.138335943222046,6.567411422729492,1,227,
bottle_of_sprite,-1.1389116048812866,6.306340217590332,1,11,
fam,6.890427112579346,7.400942325592041,1,29,
recall_ever,5.408752918243408,7.4798150062561035,1,19,
35_year,4.620861053466797,7.219171047210693,1,40,
cw,6.207635879516602,7.676820278167725,1,10,
private_clinic,10.064854621887207,5.8980255126953125,1,27,
imaging_use_barium_contrast,9.247314453125,7.639926433563232,1,9,
observant,5.6101531982421875,8.320306777954102,1,6,
odell_at_usc,7.868661403656006,5.422817230224609,1,5,
breathe_through,0.8511745929718018,8.556869506835938,1,128,
sandwich,-2.3336856365203857,5.569150447845459,1,89,
mirtazapine,-0.1312352567911148,4.122550010681152,1,12,
weak_drug,-0.5360416769981384,3.8005151748657227,1,7,
formerly,6.969431400299072,6.670047760009766,1,6,
square_one,6.718972206115723,5.622114181518555,1,8,
whole_gi_track,3.5313949584960938,8.648443222045898,1,6,
electrode,0.8255949020385742,8.320594787597656,1,14,
legume,-1.1402429342269897,5.067607879638672,1,11,
incision,8.548640251159668,3.722386598587036,1,27,
kink,2.254781723022461,9.77182674407959,1,24,
daughter,4.819377899169922,7.113494396209717,1,61,
scary,2.7152676582336426,6.585057735443115,1,783,
worsen,3.5152699947357178,8.177244186401367,1,567,
my_chest,1.904492735862732,8.815690994262695,1,1496,
obsolete,6.3958001136779785,8.161256790161133,1,5,
omg_yes,5.493790626525879,6.740053176879883,1,56,
swallow_test,10.442323684692383,7.989325523376465,1,221,
terrify_of_vomit,4.37655782699585,7.591376304626465,1,34,
microbiome,4.165518283843994,9.71085262298584,1,39,
plant,-1.3894739151000977,4.413841724395752,1,25,
hit_high_note,5.944746971130371,7.440855979919434,1,9,
5_7,4.787468910217285,3.655846357345581,1,28,
local_anesthetic,8.75745964050293,3.5298967361450195,1,98,
this_page,7.886842727661133,8.156468391418457,1,151,
anti_sickness,-0.05046787112951279,4.1333842277526855,1,10,
paperwork,9.694114685058594,5.2720537185668945,1,96,
manitoba,7.5739641189575195,6.469697952270508,1,6,
fascia,2.28772234916687,10.076231956481934,1,10,
20mg,-0.4263247549533844,3.5171499252319336,1,41,
destroy,3.9914345741271973,8.193394660949707,1,84,
hot_tea,-1.4909052848815918,5.0050482749938965,1,31,
high_waist,0.3557871878147125,7.461780548095703,1,16,
sudden,3.066504716873169,5.423825740814209,1,322,
abdominal_cramp,3.7676074504852295,7.896295070648193,1,11,
goodness,6.360095024108887,6.637402057647705,1,13,
pay_cash,7.58607292175293,6.218471527099609,1,11,
midwest_center_for_day,9.116693496704102,4.70375919342041,1,30,
airy,3.661252975463867,5.664583683013916,1,32,
six_year_old,4.4323506355285645,7.548436641693115,1,6,
sprite,-1.2030105590820312,6.2653374671936035,1,86,
muscle_tension_dysphonia,5.499659061431885,9.576804161071777,1,14,
act_up,3.0709316730499268,7.8650007247924805,1,85,
autonomic,4.171509742736816,9.800641059875488,1,6,
nonstop,3.558560848236084,4.522651195526123,1,101,
sweat,2.4306154251098633,7.219962120056152,1,107,
gentle_press,0.5497150421142578,9.636881828308105,1,6,
baxter,8.209484100341797,6.560654163360596,1,11,
youtube_channel,7.890535354614258,7.847630977630615,1,22,
support_group,7.969780921936035,7.442441940307617,1,27,
something_carbonate,-1.3212332725524902,6.482638835906982,1,82,
office_visit,9.925448417663574,4.736170291900635,1,77,
radiate,1.716831922531128,9.308712005615234,1,34,
propofol,8.796913146972656,3.4913601875305176,1,49,
update,5.540543079376221,5.070095539093018,1,2630,
escort,0.5457441806793213,6.315486907958984,1,18,
small_dose,7.865234375,3.5493104457855225,1,40,
january,8.362646102905273,4.377569675445557,1,391,
semaglutide,-0.08672542124986649,4.498703956604004,1,16,
skyrocket,4.954829692840576,8.152664184570312,1,12,
blood_work,10.52686882019043,8.096850395202637,1,45,
40_year,4.553970813751221,7.059023380279541,1,74,
tk,7.594808101654053,6.161916255950928,1,6,
truly_life_change,6.8619914054870605,4.82684326171875,1,34,
specialize,9.80496597290039,7.392553329467773,1,143,
concrete,5.585837364196777,8.537699699401855,1,19,
left_ear,1.138397216796875,9.511831283569336,1,11,
cannula,0.9976993203163147,7.898298263549805,1,14,
gymnast,3.8845229148864746,7.7180023193359375,1,5,
mellow_out,5.668055534362793,4.647582530975342,1,9,
testify,4.665186882019043,7.440179824829102,1,5,
drop_off,7.807528972625732,4.794065952301025,1,17,
gag_themselves,3.6650211811065674,6.483607292175293,1,20,
seafood,-0.5189073085784912,5.6071906089782715,1,7,
quick_and_easy,8.786554336547852,3.6529858112335205,1,45,
weakness,2.6593549251556396,8.968003273010254,1,59,
visualization,2.440378427505493,10.23957347869873,1,13,
faq_video,8.281465530395508,7.372385025024414,1,9,
thumb,0.5129036903381348,9.548080444335938,1,42,
medium_size,3.4459645748138428,5.098663806915283,1,35,
stiff,1.393547534942627,9.939146995544434,1,48,
seasonal,4.078205108642578,9.238493919372559,1,10,
author,8.458950996398926,7.564615726470947,1,27,
paralyze,2.1821529865264893,10.806960105895996,1,218,
eye_open,6.1489667892456055,6.701517105102539,1,22,
2010,7.317112922668457,6.039276123046875,1,9,
lovely,9.600506782531738,5.336163520812988,1,222,
rental_car,0.5609883666038513,6.414579391479492,1,9,
colonic,3.7982006072998047,10.05885124206543,1,25,
normal_burper,3.242682933807373,5.302823543548584,1,148,
ed,5.795253276824951,10.030264854431152,1,211,
lay_down_flat,-0.228764146566391,8.70217514038086,1,59,
anesthetize,8.655643463134766,3.7892534732818604,1,16,
yell,4.319118022918701,6.033803462982178,1,68,
socialize,-0.396625816822052,6.646823883056641,1,62,
fatty,-1.5791782140731812,5.045609951019287,1,26,
colonoscopy_endoscopy,9.219056129455566,6.9847307205200195,1,18,
distend_stomach,3.491581678390503,8.882743835449219,1,30,
inguinal,5.231173515319824,8.684600830078125,1,6,
southern_california,10.014469146728516,5.962048530578613,1,44,
naturopathic,7.501458168029785,6.437839031219482,1,7,
stationary,-1.1130903959274292,4.826540946960449,1,5,
nissen_fundoplication,5.096412181854248,10.074480056762695,1,22,
something_else,5.767853260040283,10.186281204223633,1,597,
euphoric,5.844142913818359,6.609350204467773,1,11,
supper,0.08749028295278549,7.1867756843566895,1,15,
dispute,7.327764511108398,6.181222915649414,1,8,
right_arm,0.17149357497692108,9.541326522827148,1,13,
bland_food,-1.514784574508667,4.988131523132324,1,14,
noisy,3.400073766708374,5.85595178604126,1,65,
4_month,4.813223361968994,4.045856475830078,1,597,
keratosis,6.3102569580078125,6.921292304992676,1,5,
creamy,-1.946486234664917,5.495063781738281,1,19,
so_happy,5.504987716674805,5.355204105377197,1,937,
digestive_enzyme,-1.010932445526123,4.092236518859863,1,61,
de_whatsapp,7.07215690612793,5.88017463684082,1,5,
micro_burp,3.442002296447754,4.984704971313477,1,1447,
hang_in_there,5.480832576751709,5.042459487915039,1,366,
since_then,3.765045166015625,4.312283992767334,1,569,
doctor_fink,8.327855110168457,5.968961715698242,1,15,
7_8,4.60210657119751,3.7510507106781006,1,60,
trouble_swallow_pill,4.958534240722656,7.448291778564453,1,34,
underdiagnose,5.915236473083496,9.069652557373047,1,5,
extreme_helpful,7.47232723236084,7.009385585784912,1,25,
like_crap,-1.1896286010742188,5.111381530761719,1,14,
topic,8.5497407913208,8.25080680847168,1,170,
definitive_test_to_validate,6.3636956214904785,8.663620948791504,1,6,
prop_yourself_up,-0.49585437774658203,7.981651306152344,1,11,
involvement,5.3274359703063965,9.790860176086426,1,9,
eustachian_tube,4.125767230987549,9.9838285446167,1,36,
vague,5.712804794311523,9.920430183410645,1,70,
whisper,1.6574034690856934,7.8162946701049805,1,37,
hot_chocolate,-0.9724118709564209,5.669550895690918,1,18,
jog,0.067538782954216,7.423603057861328,1,48,
experiment_datum,8.147501945495605,7.699893474578857,1,18,
uterus,3.4929280281066895,9.21471881866455,1,18,
shoulder,0.30751150846481323,9.48285961151123,1,336,
bullying,5.477921962738037,7.597362995147705,1,8,
dysfunction,3.122258186340332,10.773750305175781,1,351,
cause_constipation,2.7211198806762695,9.375812530517578,1,38,
tap,0.07208084315061569,9.1890287399292,1,80,
mri,10.499306678771973,8.095637321472168,1,57,
peculiar,6.511105537414551,8.0963716506958,1,10,
puff_out,0.807786226272583,9.387019157409668,1,20,
their_20s,4.838495254516602,7.9836506843566895,1,17,
certain_way,0.6667654514312744,9.983602523803711,1,100,
soft_food,-2.206400156021118,6.218556880950928,1,238,
residual,2.066336154937744,7.701256275177002,1,27,
every_single_bite,-1.8083324432373047,5.882380485534668,1,14,
health,8.863144874572754,8.392868041992188,1,449,
amazing,5.48738956451416,5.292967319488525,1,1904,
stumble_upon_this_sub,6.835926532745361,7.68154764175415,1,11,
oversized,0.41389939188957214,7.193292140960693,1,8,
8_14,7.799160957336426,4.802985668182373,1,13,
camera_down,0.9697050452232361,8.219887733459473,1,140,
go_to_explode,3.0291528701782227,6.995819091796875,1,64,
almost_every,3.640836477279663,4.391263484954834,1,248,
neck_position,0.30306774377822876,10.468621253967285,1,56,
learn_behavior,5.549009323120117,9.79837703704834,1,40,
until_recent,4.522236347198486,7.278432369232178,1,110,
onto_something,6.1573486328125,6.8107008934021,1,29,
foreign_object,1.8176653385162354,7.943544387817383,1,7,
immeasurable,7.3764328956604,4.997717380523682,1,5,
cure_rate,8.015039443969727,3.8865280151367188,1,21,
third,7.976640224456787,4.151340484619141,1,519,
doi_10_1177,7.697099208831787,5.659048557281494,1,6,
hrm,4.169987678527832,9.882396697998047,1,5,
sub,7.983558177947998,8.282733917236328,1,722,
irritable,4.216272354125977,8.338301658630371,1,17,
choke_episode,1.934669017791748,7.46657657623291,1,15,
particular_bad,3.083383083343506,7.901513576507568,1,68,
portland,9.548290252685547,6.02807092666626,1,80,
deep_inhale,1.095931887626648,9.121460914611816,1,17,
tighten,1.5802576541900635,10.423309326171875,1,244,
head_and_torso_elevate,-0.5531178116798401,7.925129413604736,1,10,
un_grupo,7.051355838775635,5.9075188636779785,1,6,
alberta,9.817519187927246,6.260409355163574,1,38,
thank_you_for_your_reply,5.85282564163208,5.872582912445068,1,67,
8255,7.460758686065674,6.128422260284424,1,5,
fantasize_about,7.129486560821533,6.541844367980957,1,11,
doze_off,0.1840009242296219,7.65333366394043,1,6,
use_75,7.9448041915893555,3.528372287750244,1,40,
r_cpd,5.936166286468506,10.130918502807617,1,1799,
sixteenth,8.444859504699707,4.736019611358643,1,51,
doctor_orestes,8.121849060058594,5.920929431915283,1,6,
anxious_about,2.848616600036621,6.598155975341797,1,223,
internet,8.046035766601562,8.251274108886719,1,307,
swell,1.6658656597137451,7.83684778213501,1,354,
personal_experience,8.518733978271484,8.293718338012695,1,134,
dae,5.77705717086792,7.133298873901367,1,26,
dysphasia,5.396829605102539,10.436529159545898,1,48,
like_wtf,3.9621222019195557,6.013715744018555,1,17,
pay_out_of_pocket,10.436634063720703,5.151407718658447,1,163,
7_month_ago,7.746872425079346,4.618730545043945,1,26,
regards_to_r_cpd,5.615169525146484,8.512989044189453,1,7,
betaine_hcl,-0.5622341632843018,4.1471686363220215,1,11,
relationship_between,5.406673908233643,9.467486381530762,1,22,
gi_doctor,10.200270652770996,7.951757431030273,1,400,
assess,9.754227638244629,7.400426387786865,1,69,
very_weak,1.5943832397460938,8.002768516540527,1,51,
shortness_of_breath_after,2.0665204524993896,7.505519390106201,1,14,
proton_pump,-0.4434707760810852,3.54914927482605,1,48,
problem,5.786740779876709,10.163697242736816,1,6696,
toothbrush,0.31580808758735657,9.07479190826416,1,143,
counterproductive,7.24581241607666,6.933784008026123,1,13,
startle,3.5278825759887695,5.512843608856201,1,38,
last_tuesday,8.077680587768555,4.689052104949951,1,16,
near_constant,3.161327838897705,8.417510032653809,1,36,
lol,4.300083637237549,6.0630388259887695,1,4333,
more_prone,2.5325729846954346,9.06411075592041,1,27,
enlarge_cp_muscle,3.6571285724639893,10.294777870178223,1,8,
internal,2.055861711502075,10.240015029907227,1,238,
uab,8.75597095489502,5.5872979164123535,1,25,
nhs,10.246100425720215,5.92307710647583,1,1198,
intestinal_gas,3.497189998626709,8.833492279052734,1,18,
mac_n_cheese,-1.9315240383148193,5.744191646575928,1,10,
unit_concentrate_dose,7.384561538696289,4.673691749572754,1,20,
pre_operative,8.157474517822266,6.085315704345703,1,8,
fizz,-1.6126950979232788,6.491033554077148,1,134,
eoe,4.920408725738525,9.692978858947754,1,54,
turn_into,3.2344114780426025,5.071028709411621,1,394,
doctor_adam_rubin,8.016098022460938,6.098923206329346,1,12,
excessive_saliva,3.2531893253326416,8.344244003295898,1,27,
want_to_share,5.964934825897217,5.383059978485107,1,305,
4k,10.352516174316406,4.552635192871094,1,80,
propranolol,-0.2137606143951416,3.9391205310821533,1,18,
prevacid,-0.4060472548007965,3.719785690307617,1,13,
netherlands,10.16950511932373,5.782597541809082,1,184,
united_healthcare,10.387722969055176,4.97715425491333,1,58,
food_sensitivity,4.551051139831543,9.69568920135498,1,38,
office_version,8.677350997924805,4.10632848739624,1,20,
see_doctor_spiegel,8.51401138305664,5.240483283996582,1,18,
80_unit,7.72520112991333,3.5035386085510254,1,197,
ted,3.628659248352051,5.921647071838379,1,11,
antacid,-0.6745835542678833,3.712130546569824,1,411,
lmfao,5.942590713500977,7.078893661499023,1,25,
tongue_posture,1.0176399946212769,10.519221305847168,1,50,
tuesday_morning,8.8525972366333,4.74393892288208,1,29,
low_income,10.257010459899902,4.8761725425720215,1,9,
crystal_clear,9.167445182800293,7.6634697914123535,1,13,
carafe,-0.293113112449646,4.032502174377441,1,11,
11_year_old,6.591813564300537,7.594020843505859,1,22,
attendant,5.555807590484619,6.462455749511719,1,6,
head_position,0.40072908997535706,10.626364707946777,1,77,
contact_info,9.464154243469238,6.645634174346924,1,28,
any_sense,2.9649198055267334,6.3016815185546875,1,58,
medical_history,10.10722541809082,6.498266220092773,1,58,
digestive_problem,4.830440521240234,9.73689079284668,1,44,
gag_yourself,3.339664936065674,6.485164642333984,1,80,
six_month_pregnant,0.11184340715408325,6.987024784088135,1,7,
deviate_septum,5.2342376708984375,9.803653717041016,1,9,
food_pipe,3.0870542526245117,10.190385818481445,1,9,
noburp_wiki,8.632158279418945,7.605296611785889,1,27,
run_joke,4.284456253051758,6.236947059631348,1,13,
micro_burp_yesterday,4.463808059692383,4.641393184661865,1,9,
cheadle,9.493241310119629,4.734217166900635,1,17,
floor,-0.012474937364459038,8.637325286865234,1,258,
aww,5.802432060241699,6.006154537200928,1,48,
belly_button,1.4941688776016235,9.397290229797363,1,36,
ny,10.024151802062988,5.95247745513916,1,99,
trap_air,2.2094876766204834,8.852763175964355,1,631,
exerciser,7.294456958770752,5.384814739227295,1,6,
carbonate_alcoholic,-1.1481233835220337,6.002586364746094,1,11,
finish_line,6.692661762237549,5.728237628936768,1,18,
salad,-2.3485758304595947,5.404586315155029,1,114,
jaw_slightly,0.45595666766166687,9.805597305297852,1,8,
cp_muscle,2.341954231262207,10.845797538757324,1,163,
current_wait,9.489047050476074,5.8908305168151855,1,45,
wrong_place,6.9038004875183105,7.00831413269043,1,34,
stuffy_nose,1.9742510318756104,7.763578414916992,1,14,
maladie,7.128434658050537,5.859838485717773,1,5,
join_this_subreddit,6.4717936515808105,7.002405643463135,1,6,
sydney_voice_and_swallow,9.164023399353027,5.666907787322998,1,16,
pittsburgh,8.763391494750977,6.364776611328125,1,10,
nasal_drip,3.5828664302825928,9.258804321289062,1,10,
acetaminophen,1.4226990938186646,7.083442687988281,1,7,
sink,0.01481668557971716,8.63155746459961,1,124,
bend_over_especially,-0.5604701638221741,8.087752342224121,1,6,
grow_out,4.64993953704834,7.808122634887695,1,40,
cricothyroid_muscle,0.9072669744491577,10.569361686706543,1,7,
swallow_study,10.448975563049316,7.9971208572387695,1,157,
untreated_r_cpd,5.3008341789245605,9.778260231018066,1,60,
80_90,7.8736677169799805,3.8234126567840576,1,24,
omit,-0.8336430191993713,5.304459095001221,1,6,
glycinate,-0.5982530117034912,4.495260715484619,1,6,
doncaster,9.725044250488281,6.319055557250977,1,32,
late_reply,5.847830772399902,5.761754035949707,1,40,
byproduct,3.5318214893341064,9.515924453735352,1,25,
crunch,0.03592601791024208,9.231746673583984,1,45,
slide_down,0.8895849585533142,9.296341896057129,1,18,
olive,-0.9387233853340149,5.252574920654297,1,5,
hh,5.08522367477417,10.057429313659668,1,65,
amount_of_gas,2.4767603874206543,9.095697402954102,1,102,
bubble_stuck,1.8447303771972656,7.935943603515625,1,11,
cabinet,7.066108703613281,5.827670097351074,1,8,
sour,-2.050224542617798,5.195291996002197,1,65,
celery,-1.7002724409103394,5.2675652503967285,1,22,
counter_medication,-0.39484837651252747,3.5993008613586426,1,31,
spine,1.6220282316207886,9.763766288757324,1,112,
appointment_with_lucy_hicklin,8.693826675415039,5.1338090896606445,1,35,
garlic,-1.802830696105957,5.256003379821777,1,60,
sniff_and_swallow,1.916081428527832,10.478967666625977,1,16,
melodramatic,5.514318466186523,6.170892715454102,1,5,
pepsi,-1.1942920684814453,6.110907554626465,1,41,
consultation_with_mr,8.061217308044434,5.932816982269287,1,5,
20_year,4.5779876708984375,7.165637493133545,1,205,
collapse,1.4694945812225342,9.425276756286621,1,49,
silent,3.196699857711792,5.439189910888672,1,444,
oh_interest,7.247705459594727,7.119709014892578,1,38,
official_name,7.9345526695251465,7.62092399597168,1,9,
longstanding,5.362142562866211,8.647936820983887,1,7,
mucosa,4.215753078460693,9.69937515258789,1,19,
chiropractor,0.5848563313484192,10.77752685546875,1,107,
can_afford,10.382842063903809,5.18782377243042,1,147,
put_together,7.778006553649902,7.418446063995361,1,33,
health_insurance,10.427992820739746,5.300368785858154,1,208,
try,1.0081584453582764,10.981744766235352,1,20586,
allergist,10.25497055053711,7.799894332885742,1,32,
bubble,1.6828285455703735,8.646333694458008,1,1007,
shaker_larynx_lower,0.20940177142620087,10.730711936950684,1,9,
second_nature,3.2967967987060547,5.410994529724121,1,44,
cricopharyngeal_muscle,2.3559634685516357,10.898927688598633,1,242,
amnesia,-0.7133758664131165,5.329136848449707,1,5,
ibs_gerd,4.892454624176025,9.658414840698242,1,23,
10_pound,5.300879001617432,3.9732775688171387,1,38,
negative_effect,5.030487537384033,4.757782459259033,1,57,
fatty_food,-1.7663620710372925,4.981179714202881,1,42,
sub_wiki,8.674104690551758,7.590462684631348,1,31,
oat,-2.2069766521453857,5.404592990875244,1,29,
inflame,3.976585626602173,10.073800086975098,1,70,
trauma,5.332403182983398,10.078604698181152,1,178,
kid,4.432636260986328,7.289550304412842,1,1125,
mark_rafferty,9.23177719116211,6.22454309463501,1,9,
hawaii,7.731020450592041,5.906135082244873,1,12,
decent_size,3.6640775203704834,5.333871841430664,1,17,
02,7.572525978088379,5.010130882263184,1,13,
albuterol_inhaler,-0.2141629308462143,4.051093578338623,1,6,
risico,7.469629287719727,6.162431716918945,1,5,
arthritis,4.6483330726623535,8.91930866241455,1,10,
muscle_weakness,4.032233238220215,9.131601333618164,1,10,
speech,5.1705403327941895,10.460938453674316,1,71,
publish,9.094703674316406,7.533312797546387,1,208,
moo,6.356325149536133,6.95310115814209,1,5,
petrify,4.538175106048584,7.535489559173584,1,25,
second_pregnancy,4.167523384094238,7.481191158294678,1,23,
profound_slow_swallow,2.0538952350616455,7.381191253662109,1,13,
contribute,4.847568511962891,10.030381202697754,1,485,
50_unit,7.758084774017334,3.432208299636841,1,780,
hunger_cue,4.9010725021362305,8.133683204650879,1,12,
issue,5.740752696990967,10.156144142150879,1,8504,
approval,10.451780319213867,5.481650352478027,1,71,
head_elevate,-0.5536386370658875,8.152689933776855,1,27,
attract,6.279325008392334,7.000479698181152,1,8,
feel_of_fullness,2.6482317447662354,8.640386581420898,1,20,
no_offense,7.891129970550537,7.360905647277832,1,16,
mall,0.47711631655693054,6.734493732452393,1,17,
cereal,-2.1057703495025635,5.209621906280518,1,54,
27th,8.401731491088867,4.7628068923950195,1,24,
tobacco,-1.0043436288833618,5.227019786834717,1,14,
early_20s,4.544449806213379,7.759480953216553,1,101,
neck_massage,0.2012109011411667,10.759319305419922,1,24,
starve,-0.6754157543182373,6.716380596160889,1,88,
noburp_org,8.644641876220703,7.58998966217041,1,32,
fruity,-1.1410976648330688,5.483582019805908,1,9,
party_trick,4.030529975891113,6.031126499176025,1,36,
cigar,5.808741092681885,7.134430408477783,1,7,
rarely,2.7511136531829834,5.609435558319092,1,581,
liberate,5.7235636711120605,6.312410831451416,1,25,
doctor_bielamowicz,9.374897956848145,5.453039169311523,1,44,
bmi_blackheath,8.89649772644043,5.019382476806641,1,27,
frustrate,5.13565731048584,5.499438285827637,1,541,
nothing_wrong,10.384257316589355,7.984349727630615,1,110,
6th_grade,5.407782554626465,7.282853126525879,1,8,
esophagram,10.393271446228027,7.844263076782227,1,43,
cut_out_dairy,-1.2410703897476196,4.526266098022461,1,21,
act_like,4.120000839233398,6.089439392089844,1,79,
prove,9.582433700561523,8.071093559265137,1,349,
gross,3.5246384143829346,6.132436275482178,1,672,
reason,5.914641380310059,10.175758361816406,1,1695,
three_month_mark,4.656931400299072,4.311196804046631,1,7,
energy_level,5.3516764640808105,7.843783378601074,1,21,
27_year_old,6.496224880218506,7.73425817489624,1,21,
pressure_buildup,2.3598811626434326,9.411504745483398,1,15,
average,4.290868282318115,4.013038635253906,1,405,
hyper_salivation,2.9454140663146973,7.786808967590332,1,61,
metamucil,-0.6132453680038452,4.418351173400879,1,6,
63,6.523571968078613,7.568771839141846,1,9,
bridgetown,5.7982659339904785,6.408755779266357,1,5,
train_yourself,0.9877485036849976,11.089612007141113,1,52,
flight_of_stair,0.18189524114131927,7.826419830322266,1,9,
trap_wind,2.9580953121185303,8.235624313354492,1,72,
teach,3.6917502880096436,6.332117557525635,1,336,
50_unit_with_lucy,7.795663356781006,4.7266364097595215,1,11,
lye,-0.18387740850448608,8.843344688415527,1,8,
marijuana,-1.0164164304733276,4.810472011566162,1,47,
toddler,4.462275981903076,7.335161209106445,1,60,
unfit,5.117940425872803,7.3509135246276855,1,6,
probe,1.0575529336929321,8.258991241455078,1,58,
tomorrow,8.758197784423828,4.5497212409973145,1,1040,
coconut_oil,-1.7710940837860107,5.523860454559326,1,6,
trainer,0.28584548830986023,9.587688446044922,1,15,
r_cpd_suffer,5.730567455291748,9.895792961120605,1,99,
nineteenth,8.538575172424316,4.76436710357666,1,50,
water_to_chase,-2.1659443378448486,6.128697395324707,1,24,
tea,-1.9151192903518677,5.101741790771484,1,301,
constriction,2.302091121673584,9.648697853088379,1,10,
schi,8.451415061950684,6.042477130889893,1,11,
larynx_lower,0.2420196831226349,10.799212455749512,1,59,
100mg,7.9232635498046875,3.4832077026367188,1,87,
very_nervous,5.815778732299805,5.008798122406006,1,68,
daily_panic_attack,3.713277816772461,7.652771949768066,1,9,
local_ent,9.982590675354004,7.142653465270996,1,131,
colon,2.486008882522583,9.45486831665039,1,288,
24_7,2.9704811573028564,7.5122504234313965,1,225,
mindfulness,0.2779960036277771,10.635782241821289,1,23,
dinosaur,3.4304358959198,5.913166046142578,1,58,
amount_of_air,1.9950079917907715,8.7767915725708,1,157,
90_success_rate,8.017251968383789,4.177855968475342,1,13,
carbohydrate,-1.875821828842163,4.884143829345703,1,172,
repulsive,3.7703027725219727,6.011870861053467,1,12,
distinctive,3.0664799213409424,8.543307304382324,1,5,
retrograde_direction,2.7148325443267822,10.642085075378418,1,14,
hard_seltzer,-1.0709035396575928,5.958446979522705,1,15,
excessive_salivation,2.7030715942382812,8.068817138671875,1,23,
45_degree_angle,0.1424756944179535,9.510318756103516,1,9,
thank_you_r/noburp,6.561955451965332,6.692442893981934,1,9,
nervous_about,5.700480937957764,4.903636455535889,1,324,
schedule_for_april,7.751821517944336,4.872836589813232,1,13,
my_aunt,4.821393013000488,7.113098621368408,1,25,
rely,1.0006911754608154,11.087981224060059,1,293,
insomnia,4.225474834442139,8.660418510437012,1,34,
bit_groggy,1.4926767349243164,7.1282525062561035,1,12,
into_perspective,-0.7215290665626526,4.2036895751953125,1,9,
elfin,7.152586936950684,5.8952107429504395,1,6,
supply,-0.7585484981536865,4.413388729095459,1,39,
25th,8.48243236541748,4.7440056800842285,1,37,
micro_burp_today,4.539016246795654,4.516378879547119,1,30,
ileus,4.374422550201416,9.564034461975098,1,10,
horrendous,2.9827187061309814,7.412808418273926,1,154,
lean_onto,0.3382250964641571,9.815526962280273,1,11,
acid_medication,-0.4679419696331024,3.71406626701355,1,32,
cat_scan,9.204095840454102,7.000755786895752,1,8,
clair_shore_michigan,8.140260696411133,6.074979782104492,1,7,
teach_myself_how,1.0555866956710815,11.135446548461914,1,113,
aerobic,3.4072823524475098,9.759869575500488,1,10,
back_to_normal,4.582737922668457,4.205852031707764,1,308,
anesthesia_general,7.122969150543213,5.808804988861084,1,10,
discourage,5.459864616394043,5.083340644836426,1,375,
new_to_this_group,6.784848213195801,7.2890167236328125,1,21,
classical,5.649127006530762,8.313040733337402,1,27,
her_secretary,9.679947853088379,5.506397724151611,1,52,
tricyclic_antidepressant,-0.2708398997783661,3.9992427825927734,1,9,
hyper_mobility,5.805838108062744,9.424760818481445,1,18,
decide,9.286966323852539,6.0187811851501465,1,1399,
most_likely,4.831288814544678,10.183113098144531,1,366,
spinal,3.7249555587768555,10.242280006408691,1,35,
organ_distortion,2.4295730590820312,9.627458572387695,1,11,
swallow_saliva,1.9948911666870117,6.946261882781982,1,51,
ahhh,6.054811477661133,5.8423686027526855,1,59,
relation_between,5.729017734527588,9.061089515686035,1,15,
explosive,3.5569517612457275,6.636659145355225,1,23,
1_month,5.022402763366699,4.2047929763793945,1,203,
r_cpd_case,8.318782806396484,7.460363388061523,1,8,
celiac_disease,4.78977108001709,9.737443923950195,1,64,
other_factor,5.338244438171387,9.279489517211914,1,31,
infant,4.584948539733887,7.565728664398193,1,144,
dysmotility,4.996118068695068,9.815351486206055,1,39,
suddenly_develop,5.52185583114624,7.775530815124512,1,10,
every_mouthful,-1.9363659620285034,5.9681572914123535,1,16,
r_cpd_tend,5.793176174163818,8.696525573730469,1,5,
toilet,3.2032768726348877,6.50502347946167,1,471,
deteriorate,5.851369380950928,8.52253246307373,1,16,
usage,7.058330059051514,5.8927435874938965,1,18,
original_research_paper,8.793240547180176,7.609513282775879,1,9,
wash,0.21969091892242432,8.398272514343262,1,223,
accuracy,8.099422454833984,3.840761661529541,1,36,
systemic,4.151824951171875,9.67047119140625,1,15,
diagnostic_test,9.89969539642334,7.808315277099609,1,72,
gummy,-1.3788670301437378,4.900382041931152,1,30,
ibs_symptom,3.758030891418457,8.735034942626953,1,99,
wonder_if_anyone,6.026160717010498,5.166114807128906,1,388,
23f,6.389950275421143,7.575931072235107,1,18,
cover_by_insurance,10.44975757598877,5.117039680480957,1,161,
clean,0.17329397797584534,8.47081470489502,1,189,
laryngeospasm,2.8630151748657227,10.320565223693848,1,13,
cardio,-0.48488539457321167,8.448674201965332,1,100,
under_18,8.314875602722168,6.569657802581787,1,13,
condition,5.981807708740234,10.121458053588867,1,2923,
paleo,-1.2949436902999878,4.801609992980957,1,9,
sugar_free,-1.232717752456665,5.588561534881592,1,23,
three_hour,0.07484182715415955,6.889913558959961,1,24,
public_health_care,10.003897666931152,5.958549976348877,1,8,
shiver,0.2996726632118225,8.244379043579102,1,17,
malign,2.0692198276519775,9.819501876831055,1,11,
retrograde_cricopharyngeus_dysfunction_r,8.922137260437012,7.964025020599365,1,19,
germany,10.123708724975586,5.8501176834106445,1,175,
browser,8.031718254089355,7.417713165283203,1,16,
abdomen,1.9265215396881104,9.335222244262695,1,189,
via_endoscopy,8.997852325439453,7.2060065269470215,1,17,
constipate,2.8622348308563232,8.042435646057129,1,216,
withdraw,0.3295867443084717,6.267045497894287,1,10,
1200,10.036609649658203,4.367939472198486,1,27,
reddit,7.874350547790527,8.220227241516113,1,839,
laryngopharyngeal_reflux_lpr,5.155441761016846,9.621395111083984,1,7,
water_on_hand,-2.1383728981018066,6.277281284332275,1,35,
ab,0.8983781337738037,10.081571578979492,1,245,
brass,6.247507572174072,6.7551984786987305,1,9,
tissue_disorder,8.03562068939209,7.643803119659424,1,7,
dublin,9.42987060546875,6.159949779510498,1,23,
candida,4.663726806640625,9.696372032165527,1,30,
esophagitis,4.604290008544922,10.003228187561035,1,84,
abnormal,4.063967227935791,10.303175926208496,1,201,
arm_above,0.28191983699798584,9.775835037231445,1,8,
are_not_suffer,5.97135591506958,8.278218269348145,1,7,
evidence,8.92142391204834,8.3095064163208,1,275,
salt,-1.338030219078064,4.4697160720825195,1,50,
anxiety_and_depression,4.681866645812988,8.454614639282227,1,25,
take_pill,-1.21165132522583,6.544235706329346,1,83,
flair_up,3.1621196269989014,7.713349342346191,1,33,
pass_out,2.5505645275115967,7.087911605834961,1,175,
relearn_how,1.0813515186309814,11.160590171813965,1,25,
sluggish,1.5261310338974,7.118462562561035,1,29,
scleroderma,5.327874660491943,9.002408027648926,1,8,
nerd,7.09011173248291,6.2848920822143555,1,17,
eosinophilic_esophagitis,5.041780471801758,9.450868606567383,1,23,
barium_swallow_show,3.6699130535125732,10.327993392944336,1,17,
diarrhoea,3.2287113666534424,8.380066871643066,1,51,
title,8.508910179138184,7.925233840942383,1,135,
your_larynx,1.1197818517684937,10.180424690246582,1,67,
sonovein,6.501809120178223,7.966425895690918,1,6,
stem,5.253838062286377,10.021371841430664,1,116,
barium,10.532480239868164,8.106993675231934,1,106,
esophageal_cancer,5.21533727645874,9.811983108520508,1,37,
your_insurance_company,10.528017044067383,5.360595226287842,1,47,
drink_carbonate_beverage,-1.249677062034607,6.5785746574401855,1,143,
sock,0.6560051441192627,6.212611675262451,1,19,
215,5.6274237632751465,7.444124221801758,1,6,
vagus_nerve,2.550506353378296,10.300300598144531,1,102,
phone_consultation,9.458763122558594,5.571444511413574,1,21,
end_up_pay,10.180900573730469,4.402390003204346,1,44,
shade,8.118171691894531,6.139091491699219,1,6,
shaker_exercise_cricoid_massage,0.19335472583770752,10.78681755065918,1,19,
come_home,-0.06783232092857361,7.043365955352783,1,76,
partly,5.271294593811035,10.061470985412598,1,76,
figure_id,7.938727855682373,8.024145126342773,1,77,
nightly,3.5935282707214355,8.158621788024902,1,35,
advocacy,8.065581321716309,7.414433002471924,1,10,
woohoo,6.493717193603516,5.420587062835693,1,45,
chickpea,-1.6120679378509521,5.304878234863281,1,8,
by_doctor_bastian,9.192667007446289,7.343128681182861,1,265,
23rd,8.461947441101074,4.753231525421143,1,30,
pelvic_floor_dysfunction,5.361391067504883,9.772919654846191,1,51,
more_prevalent,5.48604154586792,7.376260280609131,1,12,
suffocate,2.502634286880493,7.134387016296387,1,83,
drunk,-0.8160932660102844,6.747633457183838,1,395,
spasm,1.7845675945281982,10.305253982543945,1,280,
lie,-0.2345014214515686,8.701930046081543,1,682,
sneeze,2.354257106781006,6.377679824829102,1,273,
right_position,0.2754194736480713,9.812668800354004,1,34,
connective_tissue_disease,5.034721851348877,9.09132194519043,1,7,
last_resort,7.418068885803223,3.73791241645813,1,85,
yale_medicine_condition_summary,8.702296257019043,7.600437164306641,1,56,
almost_nonexistent,3.690964937210083,8.037762641906738,1,9,
loss,5.155714988708496,10.102422714233398,1,138,
undiagnosed,5.660315990447998,9.552179336547852,1,42,
thank_you_anyway,6.542616844177246,6.805845737457275,1,7,
mush,-1.964988112449646,5.978178977966309,1,13,
advocate_for_yourself,9.051506996154785,7.911695957183838,1,47,
dinner,-0.691504955291748,6.732308864593506,1,616,
partial_myotomy,7.919845104217529,4.223478317260742,1,29,
motivate,5.702409744262695,5.409662246704102,1,75,
hard_to_pinpoint,6.011244773864746,7.760978698730469,1,9,
disoriented,1.8068112134933472,7.303220748901367,1,10,
main_symptom,3.373976469039917,8.446321487426758,1,173,
gut_issue,4.607156753540039,9.620113372802734,1,47,
block_nose,2.8185787200927734,8.378714561462402,1,12,
six_day_ago,7.917138576507568,4.618686676025391,1,10,
excite,5.542259693145752,5.253745079040527,1,961,
main_cause,4.883600234985352,9.81044864654541,1,32,
phlegm,1.8475171327590942,7.7283430099487305,1,363,
hida_scan,9.396713256835938,7.176220893859863,1,7,
2oz,-1.2123980522155762,5.991538047790527,1,5,
exposure,4.102756977081299,7.437303066253662,1,64,
eighteenth,8.519537925720215,4.73140811920166,1,46,
chew_well,-2.1945364475250244,6.23046875,1,44,
london_uk,8.218348503112793,4.632842063903809,1,20,
bless,5.850748538970947,6.13908576965332,1,61,
nodule,3.816241502761841,10.204649925231934,1,18,
roller_coaster,0.13643214106559753,6.404141902923584,1,25,
ballottement,7.902215003967285,3.774984836578369,1,31,
acre_le,7.454295635223389,5.900638103485107,1,8,
father,6.28111457824707,7.663858413696289,1,26,
ent_center,7.466922283172607,6.4716668128967285,1,5,
sticky_pad,0.8425284028053284,8.314764976501465,1,10,
shield,5.986637592315674,7.252860069274902,1,7,
porridge,-2.3062915802001953,5.639524936676025,1,34,
rehabilitate,3.8983304500579834,9.110766410827637,1,5,
scare,2.856541156768799,6.635471820831299,1,276,
slight,2.0173299312591553,7.895175933837891,1,392,
ct_scan,10.54587459564209,8.137590408325195,1,60,
underlying_issue,5.148955821990967,9.465349197387695,1,36,
absolutely_terrible,4.6582231521606445,6.407070636749268,1,17,
more_expensive,8.957971572875977,3.8297224044799805,1,83,
absolutely_worth,6.7256855964660645,4.838809013366699,1,52,
fill_with_air,2.0689237117767334,9.10739517211914,1,46,
testimonial,7.413343906402588,7.5958452224731445,1,19,
pull_trig,3.731734037399292,6.550511360168457,1,24,
resist,1.389963984489441,10.687162399291992,1,89,
garlic_onion,-1.33423912525177,4.80582332611084,1,14,
huge_air_bubble,1.7457830905914307,6.976144790649414,1,12,
smell_bad,3.6726832389831543,7.5905070304870605,1,22,
upper_ab,1.7567518949508667,9.881095886230469,1,16,
7_month,4.820167541503906,4.040323257446289,1,190,
take_omeprazole,-0.4246654808521271,3.5161404609680176,1,98,
manipulate,1.3476438522338867,10.510048866271973,1,56,
section,8.711825370788574,7.647052764892578,1,83,
revision,5.806135177612305,8.407448768615723,1,5,
his_q,8.662389755249023,7.609851360321045,1,6,
mad,4.796299457550049,5.906432628631592,1,178,
choke_to_death,0.3187589645385742,7.745296955108643,1,20,
incompetent,9.091658592224121,7.884870529174805,1,35,
cloud,6.2411932945251465,6.704604625701904,1,15,
preoccupy,5.652985095977783,7.816137790679932,1,8,
sugary_drink,-1.2769426107406616,5.953970909118652,1,13,
hiccup,2.968675374984741,5.820342540740967,1,2824,
medicine,-0.5423246622085571,3.592099666595459,1,566,
fence,6.8691301345825195,4.827571392059326,1,55,
acid_reducer,-0.6631319522857666,3.727545738220215,1,58,
couch,-0.10551813989877701,8.572418212890625,1,150,
discard,5.970065116882324,8.069680213928223,1,14,
doctor_cohen,9.374509811401367,5.512111186981201,1,45,
motility,4.261075019836426,10.157268524169922,1,117,
less_expensive,8.777532577514648,3.8592329025268555,1,18,
manometry_show,3.5122570991516113,10.421745300292969,1,24,
promise,5.561181545257568,5.117209434509277,1,366,
omg,4.793588161468506,5.8846635818481445,1,615,
affirm,6.302304744720459,6.031596660614014,1,10,
twin_sister,5.559495449066162,7.440755367279053,1,23,
knowledgeable,9.39554214477539,7.645468711853027,1,94,
make_fun,4.428187847137451,6.230495929718018,1,89,
straw,-1.7133358716964722,6.529733657836914,1,374,
long_wind,6.37368106842041,6.406518459320068,1,19,
flower,5.944476127624512,7.945339679718018,1,8,
right_choice,6.207369327545166,7.065634727478027,1,18,
risk,7.171844959259033,3.881091356277466,1,958,
my_30s,4.539934158325195,8.011155128479004,1,80,
suprasternal_notch,2.224309206008911,9.741289138793945,1,9,
cup_of_coffee,-0.9139328002929688,6.255590915679932,1,24,
doctor_sunil,8.881593704223633,6.126307964324951,1,13,
stifle,3.804497718811035,5.739051818847656,1,14,
case_study,8.77673625946045,7.675412654876709,1,52,
champagne,-1.051819920539856,6.328577041625977,1,91,
constant,2.948678970336914,7.432737827301025,1,2691,
mental_and_physical,5.554728031158447,7.874685764312744,1,22,
vertical_shaker_exercise,0.21247157454490662,10.793713569641113,1,9,
gland,1.2249566316604614,9.404655456542969,1,24,
nathan,7.354178428649902,6.404778480529785,1,5,
non_surgical,7.423234939575195,7.005554676055908,1,15,
symptom_of_r_cpd,4.649394989013672,9.573034286499023,1,154,
public_system,10.501439094543457,5.4440131187438965,1,37,
enchilada,-1.4504915475845337,5.43709659576416,1,6,
cola,-1.045528531074524,6.2499847412109375,1,33,
granola_bar,-1.3442142009735107,5.540663242340088,1,11,
thud,1.5950510501861572,8.257366180419922,1,5,
bun,-0.4404973089694977,6.280008316040039,1,6,
go_back_and_forth,10.42991828918457,5.2083258628845215,1,30,
neck_upwards,0.28634440898895264,9.982531547546387,1,9,
stay_overnight,0.5024773478507996,6.399325370788574,1,18,
subconscious_tighten,2.949702262878418,10.269325256347656,1,7,
pilgrimage,7.627383708953857,5.585650444030762,1,9,
extra_air,2.0805416107177734,8.675731658935547,1,100,
chug_anything,3.8463895320892334,6.375948429107666,1,29,
eat_small_portion,-1.7192188501358032,5.443840503692627,1,36,
aimlee,7.974763870239258,6.396149158477783,1,5,
lie_down,-0.2436370849609375,8.708235740661621,1,1085,
nipple,1.7237612009048462,9.528034210205078,1,7,
sip_of_water,-1.8887044191360474,6.555120468139648,1,304,
tofu,-1.3410046100616455,5.481616020202637,1,14,
29_year_old,5.515368938446045,7.622676849365234,1,18,
seasick,5.870189189910889,6.498947620391846,1,5,
sag,1.905397653579712,9.92328929901123,1,8,
53_year,5.3759684562683105,7.2113447189331055,1,11,
pavia,9.336678504943848,6.3160786628723145,1,19,
low_carbohydrate,-1.3491445779800415,4.77448034286499,1,18,
baby_ibuprofen,-2.0738272666931152,6.249428749084473,1,7,
tissue_resistance,3.484006404876709,5.704655170440674,1,14,
follow_up_appointment,9.307938575744629,5.135653495788574,1,136,
low_fodmap,-1.097046136856079,4.0409650802612305,1,96,
northern_california,9.738237380981445,6.041232585906982,1,31,
smack,6.0686421394348145,6.389252662658691,1,15,
between_bite,-2.1377148628234863,6.242353439331055,1,31,
have_r_cpd,5.906634330749512,10.092844009399414,1,1016,
sortie,6.545552730560303,6.032041072845459,1,7,
stumble_across_this_subreddit,6.822628974914551,7.663414478302002,1,18,
edible,-0.8772163987159729,5.096219539642334,1,63,
18f,7.405904293060303,5.6039557456970215,1,13,
welcome,7.840963363647461,8.172486305236816,1,1007,
connection_between_r_cpd,3.615018367767334,9.87377643585205,1,8,
struggle,3.4650509357452393,7.447999477386475,1,2747,
yoga_routine,0.05365033820271492,9.69414234161377,1,6,
general_population,6.105374813079834,9.340373039245605,1,30,
next_available,8.617298126220703,4.929642677307129,1,12,
disgust,3.5996077060699463,6.17099666595459,1,271,
recognition,7.659294128417969,8.057876586914062,1,22,
dopamine,5.48817253112793,7.894772529602051,1,7,
190,5.707085609436035,3.7650797367095947,1,12,
r_cpd_patient,9.094861030578613,7.739286422729492,1,63,
suffer,3.9653687477111816,8.012547492980957,1,3146,
trip_to_chicago,10.380241394042969,5.298583030700684,1,43,
old_patient,8.095281600952148,3.7532882690429688,1,40,
appearance,4.288070201873779,8.50344467163086,1,35,
succession,3.6716504096984863,5.589524269104004,1,17,
codeine,-0.05011850595474243,4.119877815246582,1,13,
usually,2.60312557220459,5.852282524108887,1,4331,
muscle_relaxant,-0.4396885633468628,4.037489414215088,1,35,
sifo,4.375720977783203,9.328929901123047,1,9,
anxiety_and_panic_attack,4.154695987701416,8.695569038391113,1,20,
urinate,2.0916473865509033,9.243226051330566,1,15,
salivate,2.341682195663452,6.9182233810424805,1,102,
arm,0.2911660373210907,9.288865089416504,1,264,
whole_team,7.644151210784912,5.541560173034668,1,13,
actor,7.11912202835083,6.002638339996338,1,19,
trial,9.09969425201416,7.565913200378418,1,66,
birth,4.683938980102539,7.766510963439941,1,111,
complete_silent,4.049444198608398,5.941125392913818,1,13,
emg,8.663172721862793,3.651482582092285,1,72,
soft_palate,0.9341335892677307,9.908145904541016,1,33,
pale,2.491818428039551,8.183372497558594,1,23,
croissant,-1.5449730157852173,5.368579387664795,1,9,
dyssynergia,5.582407474517822,9.57708740234375,1,30,
algoid,-0.7283977270126343,4.661536693572998,1,5,
motion_sickness,3.259519100189209,7.666399955749512,1,94,
myself_include,5.727869510650635,9.713452339172363,1,43,
your_thumb,0.49991363286972046,9.478849411010742,1,16,
internal_injection,8.601946830749512,3.6579437255859375,1,21,
possibility,5.972728729248047,10.074174880981445,1,412,
prone,3.3841140270233154,8.212656021118164,1,74,
skate,6.955434322357178,5.9803466796875,1,6,
strep,1.9681789875030518,7.69990348815918,1,35,
by_comparison,5.485376358032227,7.698510646820068,1,13,
bluecross,7.599717140197754,6.408697605133057,1,6,
pulp,-1.8272141218185425,5.585531234741211,1,12,
intubate,1.354057788848877,7.932975769042969,1,101,
fond,5.116533279418945,7.446950435638428,1,14,
inability_to_relax,2.7546017169952393,10.491803169250488,1,15,
spirometer,0.6735190153121948,6.183408737182617,1,5,
st_michael,9.010497093200684,6.091723442077637,1,20,
throw_up_instead,3.740233898162842,6.487919807434082,1,14,
would_hesitate,7.662009239196777,4.110537052154541,1,23,
kind_of_gross,3.687220335006714,6.370491981506348,1,27,
healthy,-1.7705315351486206,4.838108539581299,1,467,
partial_cricopharyngeal_myotomy,8.578171730041504,6.76864767074585,1,6,
a_double_whammy,5.853173732757568,7.575342655181885,1,7,
intubation,1.4490442276000977,7.892945289611816,1,159,
your_nostril,1.0965672731399536,8.563555717468262,1,16,
pizza,-2.372354030609131,5.479291915893555,1,154,
documentary,6.342607021331787,7.080596446990967,1,7,
try_to_teach,4.147583484649658,6.114238739013672,1,60,
recovery_process,5.737468719482422,4.995667934417725,1,60,
nauseous,2.8534533977508545,7.135357856750488,1,1294,
hot_drink,-1.8121311664581299,4.992949962615967,1,52,
medical_background,6.47386360168457,6.936715126037598,1,10,
rise_into,1.8089735507965088,10.068510055541992,1,10,
adolescent,5.479363918304443,7.762298583984375,1,11,
regression,5.9819536209106445,4.5206122398376465,1,11,
tap_water,-1.3615881204605103,5.386140823364258,1,17,
diffuse,2.2321877479553223,10.264533996582031,1,11,
r_cpd_but,5.855942249298096,10.172590255737305,1,118,
inconsistent,5.274135112762451,4.5106401443481445,1,44,
protocol,9.249594688415527,7.339095592498779,1,56,
extreme_pain,2.9116814136505127,7.778495788574219,1,114,
cause_by,4.902520179748535,10.110649108886719,1,797,
diagnose_and_treat,8.911650657653809,8.22904109954834,1,42,
tighten_your_ab,0.3541144132614136,9.847999572753906,1,9,
juice,-1.9476463794708252,5.124013900756836,1,170,
outpatient,9.63343334197998,4.911106586456299,1,46,
pro_outweigh,5.559477806091309,7.42264461517334,1,6,
sinusitis,4.33670711517334,9.345843315124512,1,13,
8oz,-1.0233755111694336,5.992643356323242,1,7,
stab_pain,2.552006244659424,8.601937294006348,1,22,
a_speech_pathologist,9.790160179138184,7.655252933502197,1,28,
lay_down_in_bed,0.09706368297338486,6.480654239654541,1,11,
lean_down,-0.36683550477027893,8.577666282653809,1,20,
mechanism,1.850468397140503,10.861278533935547,1,127,
down_vote,7.206321716308594,7.59932804107666,1,11,
jello,-2.2769603729248047,5.648104667663574,1,43,
linx,6.096133232116699,8.375178337097168,1,10,
motor,2.286813735961914,10.699668884277344,1,15,
neurological_problem,5.29259729385376,9.853719711303711,1,23,
abdominal_ultrasound,9.08848762512207,6.829843997955322,1,15,
slow_down,-2.077089548110962,6.43543004989624,1,282,
emir,5.757850170135498,9.061820030212402,1,20,
gas_produce,-1.6003332138061523,4.895633220672607,1,35,
mouthguard,0.597166121006012,6.145434379577637,1,6,
pack,-2.3171608448028564,5.588588714599609,1,87,
third_time,7.454223155975342,3.52813458442688,1,142,
minor_slow,1.9439321756362915,7.370241641998291,1,18,
issaquah,8.859227180480957,5.937824249267578,1,6,
dry_heave_for_hour,4.9321794509887695,7.129271030426025,1,11,
hunger,2.9245147705078125,7.519092559814453,1,108,
say,9.69455623626709,8.195245742797852,1,14903,
nervous,2.8145036697387695,6.522932529449463,1,952,
healthcare_system,10.470586776733398,5.414150238037109,1,32,
too_scared,3.423138380050659,6.622198581695557,1,94,
read_wedge,-0.5761303305625916,8.177690505981445,1,40,
urine_test,9.187873840332031,6.938438892364502,1,8,
cut_out,-1.7873640060424805,4.897817611694336,1,171,
myalgia,3.5958662033081055,9.876959800720215,1,5,
my_throat,2.2306153774261475,6.6654863357543945,1,8537,
spike,0.8454295992851257,7.27838659286499,1,40,
jaw,1.160496711730957,9.977156639099121,1,333,
biopsy,10.5256929397583,8.128039360046387,1,112,
degrade,5.781117916107178,8.54057788848877,1,5,
passenger,0.12693576514720917,8.019257545471191,1,17,
es_que,7.008965492248535,5.533786296844482,1,12,
restrict,2.7212605476379395,9.748303413391113,1,141,
wa,9.428168296813965,6.065268039703369,1,36,
head_movement,0.2852656841278076,10.394227981567383,1,22,
operate_room,9.568758010864258,4.850918769836426,1,91,
main_difference,3.6700313091278076,5.579165458679199,1,13,
suppress_them,3.722856044769287,6.323044776916504,1,37,
broccoli,-2.001378059387207,5.139575004577637,1,51,
doctor_hicklin,8.834951400756836,4.082998275756836,1,348,
aspirate,1.9243000745773315,6.930442810058594,1,67,
child_liquid_ibuprofen,-0.03520733118057251,4.1802215576171875,1,6,
incidence,5.586036682128906,9.34781551361084,1,15,
mondino,8.7850923538208,6.351436614990234,1,14,
hypermobile,5.813636779785156,9.579188346862793,1,67,
annoyed,4.902390480041504,5.880930423736572,1,109,
miralax,-0.6441404819488525,4.291107654571533,1,34,
cough_fit,2.277585744857788,6.678132057189941,1,82,
copy,8.6875581741333,7.846652507781982,1,91,
head_slightly,0.28895583748817444,9.750535011291504,1,37,
dysbiosis,4.590708255767822,9.393566131591797,1,15,
automatic,1.4850307703018188,10.857036590576172,1,269,
girl_who,7.085536003112793,7.797120094299316,1,17,
chronic_migraine,4.860789775848389,7.9529948234558105,1,16,
abstract,8.353643417358398,7.444355487823486,1,11,
dysphagia,5.47413969039917,10.43411636352539,1,364,
difficulty_breathe,2.4130141735076904,7.751134872436523,1,139,
pessimistic,6.1525559425354,5.526989936828613,1,7,
cartilage,0.9634261727333069,9.63912296295166,1,47,
firm_believe,5.920617580413818,8.610898971557617,1,13,
dilate,2.399758815765381,10.740752220153809,1,150,
hook_up,1.038133978843689,7.992855072021484,1,24,
potential_complication,7.247479438781738,6.518951416015625,1,9,
victoria,9.526280403137207,5.971545219421387,1,15,
very_happy,5.810454845428467,5.276633262634277,1,173,
high_altitude,2.61635160446167,9.41720199584961,1,21,
soar_throat,1.9172735214233398,7.51568603515625,1,9,
5_year_old,4.830305576324463,7.719325065612793,1,34,
speculation,6.008493423461914,9.229145050048828,1,34,
less_anxious,5.4596428871154785,6.186115264892578,1,28,
smoothie,-2.3344054222106934,5.759571075439453,1,201,
each_day,4.443321228027344,4.230630397796631,1,243,
insertion,1.185943603515625,7.910451412200928,1,16,
keto,-1.335375428199768,4.642061710357666,1,43,
under_twilight,8.799288749694824,3.517348051071167,1,6,
bubbly_drink,-1.1893666982650757,6.209377288818359,1,34,
stomach_and_intestine,2.6656742095947266,9.289631843566895,1,32,
fasten,6.833364963531494,5.8360066413879395,1,7,
olive_oil,-1.8782496452331543,5.528631687164307,1,13,
first_trimester,4.126325607299805,7.514217853546143,1,18,
long_haul,0.3921155333518982,7.101022243499756,1,16,
google_search,7.970000743865967,8.269006729125977,1,59,
test,10.420939445495605,8.025029182434082,1,3608,
other_no_burper,7.362855911254883,7.230199813842773,1,25,
cruel,5.886848449707031,7.529588222503662,1,13,
the_vocal_cord,2.1679599285125732,10.649087905883789,1,52,
delay_gastric_empty,4.406161308288574,8.878824234008789,1,6,
office_with_lucy_hicklin,8.173197746276855,4.5225749015808105,1,12,
anesthesiologist_come,0.6467329859733582,6.205527305603027,1,14,
loosen,1.5336889028549194,10.607141494750977,1,134,
respiratory,5.24904727935791,9.520035743713379,1,32,
caffeine_alcohol,-1.0442869663238525,4.565279006958008,1,12,
st_john,8.300922393798828,5.448117733001709,1,7,
syrup,-1.7919669151306152,5.417194843292236,1,18,
unproductive,3.6020278930664062,6.521165370941162,1,14,
listen_to_your_body,6.340143203735352,6.617316722869873,1,21,
traumatic,3.936497211456299,7.252322196960449,1,181,
abdominal,2.316162347793579,9.488835334777832,1,124,
community,7.895256042480469,8.213251113891602,1,400,
seven_year,4.829245567321777,7.776015758514404,1,10,
fish_oil_supplement,-1.3588286638259888,5.420834541320801,1,6,
6_month_pregnant,2.7056970596313477,7.935549259185791,1,74,
temporary_relief,-0.866643488407135,4.023542404174805,1,75,
stomach_vacuum,0.31567129492759705,10.552475929260254,1,13,
are_not_aware,9.07557487487793,7.900782585144043,1,11,
disco,0.18057359755039215,7.364745140075684,1,5,
debilitate_condition,5.774301052093506,7.536273956298828,1,23,
550,9.871805191040039,4.409665107727051,1,7,
psyche_myself_up,3.9703221321105957,6.3654465675354,1,16,
portal,9.437921524047852,6.4689178466796875,1,26,
formal,8.353793144226074,7.59274959564209,1,34,
gi_track,2.918776512145996,9.228858947753906,1,25,
staccato,3.6407079696655273,4.968279838562012,1,8,
3_4,4.2502851486206055,4.00039005279541,1,470,
energy_drink,-1.1936010122299194,6.141184329986572,1,38,
small_intestinal,5.381760120391846,8.449567794799805,1,6,
entire_community,6.5837321281433105,7.252917289733887,1,9,
tabletop,0.3737885057926178,9.782548904418945,1,5,
3_month,4.793493270874023,4.08843469619751,1,1089,
clearance,5.396622180938721,8.656386375427246,1,7,
3_day_ago,7.926037788391113,4.263299942016602,1,101,
injection_itself,8.792057037353516,3.5119524002075195,1,34,
scrunch,1.0881468057632446,9.355057716369629,1,18,
wedge_pillow,-0.6149380207061768,8.137489318847656,1,157,
suspicion,5.704209327697754,9.595686912536621,1,57,
elevate,-0.5272183418273926,8.389230728149414,1,149,
groan_noise,2.379979133605957,8.066051483154297,1,10,
query,8.148152351379395,7.307452201843262,1,30,
kneel,0.06169418618083,8.784464836120605,1,20,
crumbly,-1.243770956993103,5.486306667327881,1,6,
dizzy,2.2208878993988037,7.277760982513428,1,93,
ah_man,6.296987533569336,6.629667282104492,1,8,
breathe_technique,0.4142235517501831,10.382667541503906,1,26,
gas_x,-0.868889331817627,3.9759223461151123,1,292,
cheek,0.6961778402328491,9.259934425354004,1,74,
polite_company,3.6728756427764893,5.712604522705078,1,8,
fog,1.3441025018692017,7.451389312744141,1,29,
midtown,9.019624710083008,6.1021833419799805,1,11,
growl_noise,2.56563663482666,8.208149909973145,1,15,
nutrient,-1.4571449756622314,4.415634632110596,1,68,
confuse,4.955742835998535,5.738301753997803,1,501,
each_sip,1.6628473997116089,6.827054977416992,1,14,
digestive_system,2.683835983276367,9.288959503173828,1,256,
pellegrino,-0.9723067283630371,5.648508548736572,1,8,
international,10.069357872009277,5.8879923820495605,1,51,
prebiotics,-0.7093613147735596,4.384546279907227,1,5,
sf_bay_area,9.168584823608398,5.709366798400879,1,6,
steak,-2.3045666217803955,5.397836208343506,1,53,
120_pound,5.6400275230407715,3.901282548904419,1,9,
correction,8.162649154663086,4.126279354095459,1,23,
doctor_jolie,9.476221084594727,6.389584541320801,1,10,
price,10.335862159729004,4.660250663757324,1,420,
primary_care_doctor,10.115767478942871,7.555666923522949,1,83,
repair,5.080886363983154,10.045170783996582,1,53,
swallow,2.0670745372772217,6.768248558044434,1,8073,
work_in_retrograde,1.7830406427383423,8.035491943359375,1,13,
325,9.001184463500977,4.257699012756348,1,5,
image,8.711845397949219,7.787113666534424,1,111,
xxxx,5.872203826904297,7.0808796882629395,1,8,
canker_sore,2.154062271118164,7.641759872436523,1,15,
scientist,8.62806510925293,8.083623886108398,1,42,
lucy_hickling,8.071846961975098,4.762171268463135,1,13,
think,2.7389140129089355,6.633632183074951,1,25866,
take_tylenol,1.7268460988998413,7.587484359741211,1,16,
horn,6.920305252075195,5.224564075469971,1,27,
friday,8.700565338134766,4.521546840667725,1,388,
negate_affect,5.40201473236084,7.539712905883789,1,20,
back_down,1.754912257194519,8.936059951782227,1,223,
fascinate,5.126366138458252,5.85664176940918,1,106,
october_2021,7.703401565551758,5.346439838409424,1,9,
botulinum_toxin_injection,8.398270606994629,7.129956245422363,1,12,
90_percent,5.551924705505371,7.464162349700928,1,12,
chest_hurt,3.7772674560546875,6.874608993530273,1,6,
methane_sibo,5.135500907897949,8.692477226257324,1,6,
lower_part,2.343024969100952,9.89816665649414,1,22,
50_mile,5.158573627471924,3.6131110191345215,1,15,
115,5.687138557434082,3.770143508911133,1,19,
round_3,8.014854431152344,4.372655868530273,1,30,
sore_throat,1.6211868524551392,7.541982173919678,1,1338,
gag_and_retch,3.8001322746276855,6.663623809814453,1,9,
hi_there,7.323516368865967,8.093850135803223,1,209,
suspect,4.932076454162598,10.138738632202148,1,598,
food,-1.7828866243362427,6.572931289672852,1,6314,
slight_lump,1.5760873556137085,7.791264533996582,1,14,
peso,7.543101787567139,6.00853157043457,1,5,
outlook,7.318697929382324,6.9609270095825195,1,24,
sinus,1.679074764251709,8.152874946594238,1,142,
lot_of_phlegm,1.8168033361434937,7.799967288970947,1,39,
abdomino_phrenic,5.465072154998779,9.608412742614746,1,25,
unmanageable,5.455877780914307,7.777531147003174,1,16,
r_cpd_seem,5.745083332061768,9.785355567932129,1,27,
gut_flora,3.3967299461364746,9.539493560791016,1,14,
mark,4.830695629119873,4.013101577758789,1,237,
upper_abdomen,2.0158700942993164,8.765063285827637,1,60,
nothing_major,1.8452845811843872,7.352756977081299,1,54,
bracket,7.86205530166626,4.9863362312316895,1,8,
breathe_proper,3.770545244216919,6.353664398193359,1,24,
initial_deny,10.321337699890137,4.996953010559082,1,12,
doctor_june_lin,9.557172775268555,6.267321586608887,1,42,
hypochondria,5.079160690307617,8.200993537902832,1,13,
aversion,3.6856529712677,7.093547821044922,1,43,
head_left,0.25055044889450073,10.353364944458008,1,7,
defective,2.892822027206421,10.342421531677246,1,9,
upwards,1.2829290628433228,9.76040267944336,1,166,
doctor_hayley,8.269027709960938,4.787100791931152,1,14,
du,6.923651695251465,5.232272148132324,1,104,
ppis,-0.5029683709144592,3.5218541622161865,1,364,
doctor_villari,9.496549606323242,5.356442451477051,1,55,
quick,2.361473321914673,6.597391128540039,1,1911,
twist,0.6205864548683167,9.946268081665039,1,248,
recall,4.34547758102417,7.345792770385742,1,268,
11,4.621150016784668,3.746004104614258,1,344,
sinus_issue,2.9351441860198975,8.410179138183594,1,35,
undetectable,0.3983532786369324,9.84682846069336,1,8,
water_to_wash,-2.1480085849761963,6.28400993347168,1,24,
unintentional,3.7360756397247314,5.072942733764648,1,25,
subconscious,1.4239723682403564,10.875202178955078,1,233,
new_lease,5.241306781768799,6.447932720184326,1,8,
gp,10.005472183227539,7.7174906730651855,1,537,
literature,8.831619262695312,8.211628913879395,1,96,
they_spray,1.1055277585983276,8.033246040344238,1,29,
bloatedness,2.8104259967803955,8.138120651245117,1,33,
nexium,-0.41853106021881104,3.5253963470458984,1,64,
diagnosis_of_r_cpd,9.365615844726562,7.643185615539551,1,33,
target,1.2732574939727783,10.470300674438477,1,152,
workout,-0.4476887881755829,8.497913360595703,1,237,
r_cpd_would,5.641128063201904,9.546648025512695,1,12,
wheel_into,0.6491416096687317,6.687220573425293,1,10,
without_anesthetic,8.694474220275879,3.77219820022583,1,21,
big_role,3.138580560684204,10.08616828918457,1,15,
birth_defect,5.437265396118164,9.649749755859375,1,23,
any_pointer,6.0611443519592285,5.288468837738037,1,11,
different_for_everyone,4.881424427032471,4.542317867279053,1,147,
ulcer,4.471220970153809,10.041956901550293,1,139,
not_life_threaten,1.9959759712219238,6.937175273895264,1,23,
baylor_scott,8.884628295898438,5.877326011657715,1,8,
everyone_else,4.926459312438965,5.899253845214844,1,305,
lab,10.422389030456543,7.953724384307861,1,60,
simethicone_gas_x,-0.40702688694000244,4.084508419036865,1,11,
your_nose,1.0219676494598389,8.206296920776367,1,295,
nsaid,-0.21426591277122498,3.954263925552368,1,15,
salivation,2.897951602935791,8.086023330688477,1,42,
sip_water,-2.1301324367523193,6.3522868156433105,1,125,
patient_who,8.008317947387695,3.6550419330596924,1,109,
gurgly,2.7166061401367188,7.158077716827393,1,143,
post_on_this_subreddit,7.456164836883545,7.6386237144470215,1,26,
weird_frog,3.151768207550049,5.9532551765441895,1,21,
my_daughter,4.567962169647217,7.122920989990234,1,320,
skinny,4.4748215675354,6.503260612487793,1,211,
ucsd,8.498204231262207,5.936192035675049,1,8,
rebecca_c_hoesli_md,8.438958168029785,6.839483737945557,1,6,
anxious_person,2.971440553665161,6.775363445281982,1,57,
upstream,4.395447254180908,9.474488258361816,1,5,
fellow_gurgler,6.367471694946289,6.993805885314941,1,9,
medical_bankruptcy,9.777345657348633,6.142324924468994,1,7,
orourke,8.2808256149292,6.02098274230957,1,8,
recovery_room,0.6428734660148621,6.7442498207092285,1,77,
few_minute,-0.04833319038152695,8.576424598693848,1,302,
print_off,8.817558288574219,7.703649520874023,1,19,
bastian_paper,8.798432350158691,7.852779865264893,1,72,
elder,5.809009075164795,9.098268508911133,1,8,
18_year_or_old,5.27943754196167,7.42297887802124,1,10,
foul,2.229792833328247,6.778095245361328,1,16,
involuntary_dry,3.6917672157287598,6.877835273742676,1,8,
continue_to_improve,5.708858966827393,4.976264953613281,1,39,
generalize_anxiety,5.5109968185424805,8.706294059753418,1,9,
grief,5.245947360992432,7.923892974853516,1,16,
indoor,0.19300530850887299,7.0730881690979,1,8,
retrograde_cricopharyngeal_dysfunction,8.98885440826416,7.8070068359375,1,71,
muscle_tension,2.506546974182129,10.026419639587402,1,48,
cartoon,4.0927863121032715,5.977473735809326,1,21,
vyvanse,-0.22340433299541473,3.9922492504119873,1,14,
surround_muscle,1.9538322687149048,10.452892303466797,1,13,
exercise_search_youtube,0.27543139457702637,10.75080680847168,1,5,
public_place,3.8289194107055664,6.255895137786865,1,16,
significance,8.158781051635742,7.492883205413818,1,16,
wear_off_slow,7.347239971160889,4.560015678405762,1,14,
asthmatic,4.168534278869629,8.782358169555664,1,10,
botox_migrate,2.0938520431518555,10.562051773071289,1,29,
develop_emetophobia,4.622485637664795,7.69990873336792,1,34,
rude,5.008337020874023,5.869543552398682,1,119,
heat_therapy,0.1598881036043167,10.46271800994873,1,35,
heritable,8.38626766204834,7.621893405914307,1,14,
navel,1.9753494262695312,9.521515846252441,1,7,
could_potential,5.658112525939941,10.130477905273438,1,69,
less_nauseous,5.118103504180908,5.511657238006592,1,28,
have_no_clue,9.854437828063965,8.094000816345215,1,163,
couple_month,4.8623762130737305,4.097662925720215,1,22,
r_cpd_symptom,4.5179972648620605,9.44713306427002,1,206,
shard,9.546213150024414,4.654881954193115,1,19,
taste_or_smell,3.559126615524292,5.646686553955078,1,16,
38_year,6.405066013336182,7.741503715515137,1,18,
late_20s,4.564294815063477,7.983094692230225,1,48,
development,5.417167663574219,9.840716361999512,1,94,
distend_esophagus,3.5770881175994873,10.364636421203613,1,21,
pants_fit,0.4326315224170685,7.250192165374756,1,7,
45_degree,0.4970398247241974,9.791802406311035,1,5,
pepto,-0.8322428464889526,4.127633094787598,1,33,
soluble,-1.3113105297088623,4.742621421813965,1,17,
anxiety_panic_attack,4.942930221557617,7.935979843139648,1,18,
10x_worse,3.2714385986328125,7.809747695922852,1,39,
chug_water,-1.7289215326309204,6.56524658203125,1,74,
feminine,4.037993907928467,6.172168254852295,1,8,
provide_relief,3.2021267414093018,5.170923709869385,1,102,
relent,6.56806755065918,6.419243812561035,1,8,
outwards,1.2898343801498413,9.670024871826172,1,16,
while_stand,0.018671277910470963,9.194709777832031,1,45,
tums,-0.7496767044067383,3.779677629470825,1,306,
mega_post,7.342254638671875,7.145786285400391,1,8,
t_rex,3.812140703201294,5.933018684387207,1,20,
bulimia,4.256612777709961,7.61647367477417,1,41,
go_to_chicago,10.384124755859375,5.352041244506836,1,171,
lin,8.368973731994629,7.353155136108398,1,8,
second_injection,7.503069877624512,3.5286312103271484,1,350,
tw,4.501930236816406,7.690271854400635,1,38,
conscious,1.3954572677612305,10.917046546936035,1,340,
much_more_comfortable,5.742557525634766,6.404390335083008,1,25,
r_cpd_doctor,9.414019584655762,6.656375885009766,1,28,
crier,6.216311931610107,7.034775257110596,1,5,
hourglass_syndrome,2.5039031505584717,10.272954940795898,1,23,
sweatshirt,0.2482183575630188,7.353049278259277,1,8,
9_year_old,4.8828277587890625,7.498622417449951,1,21,
new_here,7.705968856811523,8.1505708694458,1,154,
machine,0.8971657752990723,8.639156341552734,1,191,
tad,1.7735254764556885,7.3218913078308105,1,35,
steering,0.2738809287548065,8.032716751098633,1,10,
3500,10.147006034851074,4.499025821685791,1,37,
scoop_motion,0.337677538394928,9.851244926452637,1,9,
nothing_unmanageable,1.8410828113555908,7.274176120758057,1,8,
therapy,9.549695014953613,8.154058456420898,1,368,
excessive_flatulence,3.31402850151062,8.443059921264648,1,275,
thick_mucus,1.8137686252593994,8.039663314819336,1,7,
massive_difference,5.091263771057129,6.396041393280029,1,13,
heart_skip,1.8053115606307983,9.376846313476562,1,8,
list_of_specialist,8.758570671081543,7.655134677886963,1,43,
gi_problem,4.877521991729736,9.777189254760742,1,58,
database,8.020146369934082,6.967925548553467,1,8,
oh_bless,6.556941032409668,6.841196060180664,1,6,
die_down,2.0523483753204346,7.316019535064697,1,35,
noburp,5.819750785827637,10.07370376586914,1,2727,
torso,0.45803964138031006,9.488848686218262,1,35,
installment,9.694232940673828,4.540139675140381,1,6,
continue,1.0323901176452637,11.1432466506958,1,1332,
23_year_old_female,6.371424198150635,7.552500247955322,1,6,
amazon,-0.6613463759422302,4.419570446014404,1,74,
sleepover,4.892457008361816,6.968588829040527,1,19,
high_fat,-1.3552658557891846,4.800129413604736,1,13,
distance,10.281571388244629,4.63037109375,1,76,
seltzer_water,-1.217242956161499,6.447417736053467,1,84,
squishy,0.7027506232261658,9.555922508239746,1,12,
counteract,0.4119170606136322,10.355591773986816,1,19,
85_unit,8.144417762756348,4.5777740478515625,1,21,
excess,2.892010450363159,9.334036827087402,1,147,
gah,6.357253074645996,6.533205986022949,1,5,
incorrect,2.816002130508423,10.84665298461914,1,85,
absorb,2.7907025814056396,9.286136627197266,1,85,
nothing_unbearable,1.8497179746627808,7.494201183319092,1,13,
learn,1.2086668014526367,11.03206729888916,1,3966,
self_massage,0.1883118748664856,10.542243003845215,1,11,
mucusy,1.7487761974334717,7.541498184204102,1,7,
anemic,4.164857387542725,8.667061805725098,1,16,
willingness,8.416213035583496,6.751911163330078,1,14,
endoscopy_ct,9.189676284790039,6.9231038093566895,1,5,
motility_test,10.44277572631836,8.015433311462402,1,61,
mob_mentality,6.0406107902526855,7.99977970123291,1,6,
prevalent,5.77944278717041,4.615005016326904,1,23,
thick,-2.252385377883911,5.576030731201172,1,197,
pre_workout,-1.4432706832885742,5.797600269317627,1,7,
ear_fullness,2.385084629058838,8.904572486877441,1,9,
ruin,4.5048394203186035,6.381843090057373,1,432,
fairly_often,3.683260440826416,6.593168258666992,1,22,
gps,9.87155532836914,7.750267505645752,1,142,
gag_dry_heave,2.962202310562134,7.544980525970459,1,35,
specific_brand,3.8351504802703857,9.621101379394531,1,6,
lactose_intolerant,-1.6368961334228516,4.674686908721924,1,40,
fantastic,5.741340160369873,5.240288734436035,1,281,
receive_treatment,9.939648628234863,6.179044723510742,1,54,
micro_vibration,0.43194547295570374,9.94261360168457,1,6,
round_2,7.489377498626709,3.5483009815216064,1,258,
avoid_carbonate,-1.2786184549331665,6.02213716506958,1,60,
student,10.387761116027832,5.380316257476807,1,127,
large_dose,7.54797887802124,3.7145636081695557,1,44,
probability,7.923990249633789,3.8081328868865967,1,27,
lower_down,1.6507701873779297,9.431824684143066,1,52,
who_treat,9.787675857543945,7.44182825088501,1,228,
normal_population,5.750277996063232,9.167646408081055,1,11,
sugary_food,-1.4724276065826416,5.0207133293151855,1,13,
junk_food,-1.0968470573425293,5.14306640625,1,14,
usf,9.378381729125977,6.258423805236816,1,16,
r_cpd_until,5.838525772094727,8.45337963104248,1,6,
id_rather,4.054507255554199,6.466716766357422,1,159,
mix_drink,-1.2351698875427246,6.026524543762207,1,60,
paper,8.889775276184082,8.067852020263672,1,644,
ease,5.117273330688477,5.368185997009277,1,479,
flappy,2.6431996822357178,6.384305000305176,1,9,
penetration,2.3254101276397705,9.754678726196289,1,6,
matter_of_fact,6.277517318725586,6.51369047164917,1,17,
prescribe,-0.482086181640625,3.5168545246124268,1,603,
apt,9.494747161865234,5.330506801605225,1,101,
confident,5.428837776184082,5.169443130493164,1,323,
eye_water,2.941978931427002,6.737444877624512,1,34,
eat_pizza,1.6926488876342773,7.054257392883301,1,14,
genetics,5.395679950714111,9.308754920959473,1,42,
regurgitation,2.175506830215454,6.780344009399414,1,1541,
movement,0.7910692691802979,10.366841316223145,1,541,
persist,3.3789916038513184,8.19168758392334,1,103,
birth_control_pill,-1.051914095878601,5.002456188201904,1,14,
bp,1.7016642093658447,9.362908363342285,1,22,
coordination,2.719778060913086,10.26712703704834,1,34,
daily_nausea,3.9327895641326904,8.117080688476562,1,47,
spring_break,8.497106552124023,4.8638834953308105,1,10,
meal_replacement_shake,-2.184948205947876,5.736076354980469,1,23,
burn,2.029146909713745,7.864375591278076,1,525,
mucous,2.4916512966156006,8.33878231048584,1,41,
egg,-2.305349826812744,5.3682026863098145,1,198,
30th,8.455252647399902,4.711702346801758,1,41,
card,10.395283699035645,5.441187381744385,1,74,
defect,6.005107879638672,9.058769226074219,1,24,
third_attempt,7.702810287475586,3.9981958866119385,1,18,
good_choice,10.40362548828125,5.156681537628174,1,30,
another_state,10.20740795135498,4.833272457122803,1,22,
sharma_in_saskatoon,7.298596382141113,6.532188415527344,1,5,
better_soon,5.198205471038818,5.337660312652588,1,194,
gasp_for_air,1.8095901012420654,7.119779109954834,1,67,
foam,0.2870817184448242,8.350743293762207,1,48,
resign,5.605358123779297,7.442525386810303,1,11,
slow_eater,-1.6493849754333496,5.445050239562988,1,23,
dig_into,6.268345355987549,6.786176681518555,1,12,
loose_stool,3.555539608001709,8.641327857971191,1,17,
indigestion,3.1257266998291016,8.291451454162598,1,282,
chin_down,0.2714831531047821,9.796303749084473,1,53,
chihuahua,6.215108871459961,6.815094947814941,1,5,
2pm,0.25227347016334534,6.795105934143066,1,32,
thank_you_good_luck,6.364119052886963,6.075973987579346,1,17,
liver,2.995100736618042,9.522522926330566,1,40,
unable_to_burp,4.508691787719727,7.281962871551514,1,500,
urge_to_vomit,3.301318407058716,7.0630202293396,1,20,
mylanta,-0.701768696308136,4.225960731506348,1,14,
ferrous_fumigate,-0.5924258828163147,4.297264099121094,1,7,
wear_off_after,7.429540157318115,3.799569845199585,1,100,
prevent,2.7068302631378174,9.69237232208252,1,666,
live_near,9.536874771118164,6.413693428039551,1,36,
wake_up_one,3.9189488887786865,4.181920528411865,1,24,
neck_forward,0.277101069688797,9.877683639526367,1,79,
lexington,8.770964622497559,6.292576789855957,1,17,
specialist_who,9.825759887695312,7.529801368713379,1,101,
multiple_injection,8.015363693237305,4.010573387145996,1,19,
ripe,-1.3322110176086426,4.829607009887695,1,11,
meaningless,5.452815055847168,8.710478782653809,1,8,
eno,5.8239359855651855,8.223183631896973,1,5,
30_unit,7.903997421264648,3.4514315128326416,1,106,
invasive_procedure,7.371974945068359,6.818054676055908,1,14,
diaphragmatic_breathe,0.3870658874511719,10.678818702697754,1,75,
relive,3.044942617416382,7.843484401702881,1,57,
small_intestine_bacterial_overgrowth,4.82309627532959,9.641388893127441,1,11,
deep_breathe,0.011279906146228313,9.419217109680176,1,54,
oversee,7.2188944816589355,6.243221759796143,1,5,
more_prominent,2.6560888290405273,7.68937349319458,1,11,
experiment_with_posture,0.3537976145744324,10.345057487487793,1,20,
3am,0.08455877006053925,7.351701259613037,1,27,
reinfect,7.8047895431518555,4.2582831382751465,1,5,
retrograde_cricopharyngeal,5.7609758377075195,9.086177825927734,1,8,
2400,9.760193824768066,4.497951507568359,1,8,
average_weight,5.533078670501709,7.654047012329102,1,10,
publication,8.843647956848145,7.726764678955078,1,63,
poor_understand,5.909779071807861,9.340570449829102,1,14,
thereby,-1.0146684646606445,4.997973442077637,1,6,
letter,10.10443115234375,6.346278190612793,1,270,
ms_lucy_hicklin_in_london,8.263152122497559,4.4665608406066895,1,11,
publish_study,8.237959861755371,7.309578895568848,1,10,
hiatus_hernia,4.756208419799805,10.037628173828125,1,92,
upper,1.7277582883834839,9.552559852600098,1,233,
posterior,1.8930332660675049,9.912843704223633,1,18,
180,5.689851760864258,3.7345449924468994,1,38,
nerve_wrack,5.562274932861328,6.053490161895752,1,19,
throw_off,3.500180959701538,9.430963516235352,1,13,
complicated,6.0644049644470215,9.667122840881348,1,106,
tension,1.359286904335022,10.208025932312012,1,343,
our_esophagus,2.2347805500030518,10.68377685546875,1,44,
catathrenia,5.131918907165527,8.5654296875,1,7,
alignment,1.9930450916290283,10.138252258300781,1,13,
stomach_content,1.804036021232605,10.271933555603027,1,126,
urgent_care,10.47979736328125,8.030306816101074,1,75,
total_fine,1.347930908203125,7.14668607711792,1,170,
lot_of_effort,-1.8550899028778076,6.651285648345947,1,55,
head_tilt,0.23045490682125092,10.023591995239258,1,40,
drastic_change,5.573160171508789,7.390147686004639,1,15,
10_year_ago,4.762138843536377,7.549995422363281,1,54,
room_where,0.6499212980270386,6.224991798400879,1,24,
laughter,4.077738285064697,6.03792142868042,1,29,
open_mind,9.298282623291016,7.958680629730225,1,46,
obese,4.96856689453125,7.19095516204834,1,14,
dat_je,6.921896457672119,5.255119323730469,1,17,
northwest,8.563669204711914,6.520739555358887,1,6,
30_pound,5.353030204772949,4.003974437713623,1,12,
pretty_tough,6.671401023864746,4.424886226654053,1,14,
massage_therapist,6.976634502410889,6.211802005767822,1,12,
congestion,2.8641810417175293,8.391960144042969,1,47,
doctor_sean_wang,8.214485168457031,5.836162567138672,1,17,
toe,0.41696786880493164,9.570435523986816,1,41,
anaesthesia,8.800914764404297,3.4721293449401855,1,70,
soup,-2.2915148735046387,5.820770740509033,1,495,
scratch_throat,2.023860454559326,7.567239284515381,1,27,
hospital_fees,9.967485427856445,4.518370151519775,1,22,
catheter,1.0853739976882935,8.390999794006348,1,18,
photophobia,4.917904853820801,7.860742568969727,1,17,
trouble,2.3318395614624023,6.61860990524292,1,888,
severe_episode,5.162834167480469,7.117856025695801,1,10,
cause_inflammation,3.6580190658569336,9.354510307312012,1,12,
dubai,7.665685176849365,6.531545162200928,1,8,
james,8.275590896606445,6.595417499542236,1,9,
deflate,1.5540395975112915,9.015148162841797,1,114,
supra_gastric,3.7275283336639404,6.486621379852295,1,11,
contemplate,5.810915946960449,5.882160663604736,1,42,
hero,6.383201599121094,6.77471399307251,1,28,
cognitive,5.958436489105225,8.34023666381836,1,9,
information,8.65800952911377,8.07203483581543,1,833,
tube_down,0.9947123527526855,8.159562110900879,1,69,
appreciate_your_response,6.572472095489502,6.527293682098389,1,11,
wheeze,1.7962881326675415,7.819413185119629,1,58,
listen,9.72143268585205,8.127420425415039,1,768,
stomach_lining,4.26981782913208,10.02580738067627,1,21,
awesome_news,6.8657636642456055,6.386332988739014,1,11,
lpr,4.84426736831665,10.113042831420898,1,159,
high,1.342591643333435,10.011688232421875,1,1117,
build_up_of_gas,2.4803097248077393,8.441245079040527,1,34,
chart,8.761370658874512,7.8063530921936035,1,65,
collar,1.210445523262024,9.450109481811523,1,18,
vial,10.014063835144043,4.3837666511535645,1,43,
illinois,10.221780776977539,5.706507682800293,1,88,
relative_low,7.493727684020996,4.066946029663086,1,9,
dry_heave_gag,3.6731669902801514,5.391376972198486,1,19,
earliest_memory,5.488752841949463,7.568037033081055,1,12,
research_article,7.955000400543213,6.660835266113281,1,15,
cat_cow,0.21340319514274597,9.582073211669922,1,8,
cricopharyngeal_spasm,5.943857192993164,8.756871223449707,1,11,
fragile,7.115900993347168,6.288510799407959,1,9,
oto_open,8.455397605895996,6.7695183753967285,1,10,
carbonate_antacid,-1.1843620538711548,4.551462650299072,1,14,
gag,2.871717929840088,6.574700832366943,1,2629,
meander,9.472220420837402,4.7792792320251465,1,15,
break_down,-1.2749096155166626,4.390335559844971,1,78,
cannot_wait,7.6199564933776855,4.919735431671143,1,57,
50u,7.909018039703369,3.505101442337036,1,131,
cricopharyngeus_muscle,2.3748300075531006,10.851618766784668,1,206,
ungodly,3.5999433994293213,5.8207550048828125,1,15,
out_of_network,10.422924995422363,5.2165398597717285,1,49,
rubber,1.6383827924728394,9.604369163513184,1,10,
doc,10.019619941711426,7.674854278564453,1,1171,
gluten_intolerance,4.7973103523254395,9.662796974182129,1,28,
quirky,5.555651664733887,7.787174224853516,1,12,
pelvic_floor_issue,5.232987403869629,9.257104873657227,1,15,
marfan,5.894767761230469,9.019128799438477,1,6,
million_time_worse,5.049875259399414,7.017615795135498,1,7,
carbonate_drink_alcohol,-1.360394835472107,4.877976417541504,1,8,
fair_enough,6.474691867828369,6.5156450271606445,1,28,
jan_2023,7.910921096801758,4.621306419372559,1,7,
250,10.07635498046875,4.412720680236816,1,76,
mechanical,5.115813255310059,9.992830276489258,1,51,
lycra_till,7.100353240966797,5.962322235107422,1,6,
complicate_thing,5.8051652908325195,8.256176948547363,1,9,
alotaibi,8.447364807128906,6.431199550628662,1,5,
borderline_underweight,5.433862686157227,4.134974002838135,1,7,
gag_and_dry_heave,3.3110909461975098,6.796661376953125,1,33,
trunk,1.4313673973083496,9.49367904663086,1,5,
chick,-0.3625703454017639,6.24959135055542,1,17,
et_al,8.5806884765625,6.571235656738281,1,8,
keto_diet,-1.0222660303115845,4.9282917976379395,1,21,
pocket_of_air,1.4186910390853882,9.099846839904785,1,38,
2cm,4.676326274871826,9.31997299194336,1,7,
digestive_issue,4.607921123504639,9.605684280395508,1,177,
cold_weather,2.5193443298339844,8.148690223693848,1,16,
bend_down,-0.30448898673057556,8.574170112609863,1,65,
so_glad,5.569171905517578,5.398293972015381,1,787,
the_same_boat,5.703121662139893,5.290661811828613,1,230,
pulse,2.10689377784729,9.680234909057617,1,33,
powder,-1.895231008529663,5.105395793914795,1,77,
asthma,3.0929553508758545,8.54116439819336,1,158,
bm,2.8844263553619385,8.122475624084473,1,9,
pathetic,3.5551564693450928,5.617185115814209,1,46,
7_month_fourth,7.420566558837891,4.636978626251221,1,13,
irrational_fear,4.5449981689453125,7.611685752868652,1,33,
organization,8.215397834777832,7.4396162033081055,1,13,
comfy,1.0292370319366455,7.137760639190674,1,34,
swim,2.8283586502075195,7.083463668823242,1,332,
barium_swallow_and_manometry,9.082663536071777,6.740492820739746,1,7,
mint_tea,-1.3160593509674072,4.866337776184082,1,13,
struggle_to_breathe,2.7001607418060303,7.758505821228027,1,46,
red_wine,-1.1283222436904907,5.458907127380371,1,27,
collection,8.242523193359375,7.641478061676025,1,24,
early_satiety,3.2966392040252686,8.410138130187988,1,58,
peppermint_oil_capsule,-0.5973095297813416,4.349743843078613,1,15,
temporary_paralyze,2.248063564300537,10.726425170898438,1,11,
pass_stool,3.8891537189483643,9.39210319519043,1,9,
ohio,9.618440628051758,6.211490631103516,1,62,
wide_open,1.8417000770568848,10.363122940063477,1,66,
any_correlation,5.675207614898682,9.849517822265625,1,53,
cork,0.7304229736328125,9.257007598876953,1,9,
pajama,0.3168366849422455,7.290108680725098,1,9,
mid_morning,0.4156816899776459,6.992810249328613,1,15,
charcoal,-0.7417057752609253,4.412250995635986,1,29,
fair,8.51852035522461,8.520337104797363,1,158,
intense_pain,2.349686861038208,8.411487579345703,1,46,
late_twenties,4.721980571746826,7.974278926849365,1,21,
quality_of_life,4.928347587585449,5.034193515777588,1,514,
gastroenterology,9.759769439697266,7.086230754852295,1,56,
mushy,-1.9920991659164429,5.576687812805176,1,13,
cafeteria,-0.25835850834846497,6.5349884033203125,1,5,
exorcist,4.097085475921631,6.033901214599609,1,14,
exit,1.722570538520813,9.441449165344238,1,104,
believe,9.573667526245117,8.294207572937012,1,3530,
right_track,5.940515995025635,5.21826696395874,1,75,
drastic_reduce,3.67903470993042,8.322596549987793,1,18,
couple_day,7.259300231933594,5.193584442138672,1,11,
taste,2.3059325218200684,6.484140396118164,1,1508,
doctor_paul_paddle,9.471549034118652,6.312133312225342,1,42,
mr,9.732577323913574,6.207596778869629,1,72,
acid_taste,1.899751901626587,7.501561641693115,1,30,
charite_berlin,8.170616149902344,6.046506404876709,1,10,
get_rid,2.4599809646606445,8.721599578857422,1,386,
dressing,0.20750750601291656,6.911342144012451,1,14,
slightly_sore,1.4705255031585693,7.75930118560791,1,33,
take_gas_x,-0.7264080047607422,3.874596118927002,1,60,
uhc,10.336830139160156,4.94919490814209,1,31,
mild,2.2380692958831787,7.411157131195068,1,685,
neurodivergent,5.878753662109375,8.463465690612793,1,12,
your_body,1.4438574314117432,10.867220878601074,1,1114,
3_week_ago,8.030101776123047,4.198864936828613,1,114,
throw_up_air,3.21060848236084,6.51603889465332,1,117,
kyphosis,2.2740631103515625,10.142088890075684,1,5,
psychiatrist,9.992546081542969,7.865273952484131,1,51,
researcher,8.578816413879395,8.121368408203125,1,32,
aware,6.011089324951172,9.991875648498535,1,938,
arch,0.19984519481658936,9.516641616821289,1,32,
gracious,5.2716755867004395,7.747169017791748,1,10,
cucumber,-1.8292224407196045,5.230769157409668,1,69,
hypothesize,5.916973114013672,9.408026695251465,1,18,
chelsea,9.65866756439209,4.96449613571167,1,61,
commit,0.9318001866340637,11.079721450805664,1,98,
bodily_function,3.9646408557891846,6.343293190002441,1,55,
receptor,2.819106340408325,10.079238891601562,1,20,
kaiser_permanente,9.777267456054688,5.993496417999268,1,29,
upper_range,6.002691268920898,4.411235809326172,1,11,
by_accident,3.2755982875823975,5.110199451446533,1,125,
loss_of_voice,2.0811004638671875,7.4186320304870605,1,9,
kombucha,-1.1629408597946167,6.176477432250977,1,38,
r_cpd_like,5.657212734222412,9.220050811767578,1,11,
reflux,3.3897881507873535,8.189248085021973,1,4142,
cigna,10.34853744506836,4.921249866485596,1,55,
verbal,7.026290416717529,5.913736343383789,1,16,
turbinate,3.953355550765991,10.013172149658203,1,12,
ice_chip,-2.1775293350219727,5.65560245513916,1,19,
pinch_of_salt,-1.1670728921890259,5.995285511016846,1,16,
gag_reflex,2.9445440769195557,6.5761613845825195,1,407,
endless,3.202254056930542,8.198847770690918,1,79,
mobility,3.7331857681274414,9.761499404907227,1,16,
little_nervous,5.888798713684082,4.9983720779418945,1,84,
propel,3.7699077129364014,6.182743549346924,1,7,
entire_body,1.7595020532608032,9.371999740600586,1,27,
helpless,5.028064250946045,5.780752182006836,1,10,
provide_evidence,8.892363548278809,7.866260528564453,1,12,
hyper_aware,4.752511978149414,8.286356925964355,1,22,
thank_you_though,6.4249138832092285,6.784043788909912,1,9,
liquid_baby_ibuprofen,0.02543063648045063,4.225104331970215,1,39,
else_fail,8.037628173828125,6.0911102294921875,1,23,
r_cpd_can,5.236978054046631,9.925941467285156,1,80,
monday,8.70116138458252,4.51875114440918,1,616,
stumble_upon_this,7.141064643859863,7.761593818664551,1,18,
highmark,8.261284828186035,6.421357154846191,1,5,
air_trap,2.1041009426116943,8.766997337341309,1,173,
debilitate,3.8127694129943848,8.083198547363281,1,420,
lower_sphincter,2.3809421062469482,10.766131401062012,1,110,
your_core,1.0300333499908447,10.342971801757812,1,41,
small_meal,-1.8090986013412476,5.113786697387695,1,144,
affect,4.758328914642334,9.933892250061035,1,1697,
stand,-0.13854271173477173,8.704730033874512,1,451,
single_injection,7.8442840576171875,3.7343857288360596,1,19,
liquid_ibuprofen,-0.017093906179070473,4.237761974334717,1,28,
flat_stomach,0.05288085713982582,6.991199016571045,1,49,
awkwardness,5.71423864364624,6.46232271194458,1,17,
trap_air_bubble,2.106825590133667,7.904175281524658,1,11,
fight_or_flight,1.6356074810028076,9.435586929321289,1,22,
dry_retch,3.7267298698425293,6.840941905975342,1,12,
my_head,0.7677072882652283,10.637540817260742,1,2168,
100_unit,7.687690258026123,3.392228126525879,1,1048,
learn_how,1.085971713066101,11.098119735717773,1,1057,
throatox,8.536706924438477,4.8099365234375,1,72,
capsule,-1.8000990152359009,6.526158809661865,1,98,
beneath,1.6039280891418457,9.468926429748535,1,21,
oh_man,5.222879409790039,6.083811283111572,1,81,
react,2.671578884124756,6.628990173339844,1,201,
maybe_once_or_twice,3.714399814605713,4.401611328125,1,59,
p_s,5.948334217071533,5.939051151275635,1,75,
duck,4.295701026916504,6.037425518035889,1,33,
pelvis,0.8025108575820923,9.66004753112793,1,30,
wonderful,5.6429948806762695,5.268852710723877,1,356,
minty,-2.064793825149536,5.426387786865234,1,23,
wear_off_by,6.989402770996094,4.262232780456543,1,31,
large_pill,-1.9997258186340332,6.088922023773193,1,22,
uncontrolled_belch,2.0388708114624023,7.335048675537109,1,10,
noisy_breathe,6.6122026443481445,4.320736885070801,1,17,
joke_about,4.7314252853393555,6.503118991851807,1,38,
volume,2.802807331085205,5.354709148406982,1,161,
link_between,5.684277534484863,9.916690826416016,1,93,
esophageal_manometry,10.44552230834961,8.008330345153809,1,144,
success_rate,7.843691825866699,3.563585042953491,1,385,
lesbian,6.413757801055908,6.852290630340576,1,7,
wake_up_feel,0.9262552857398987,7.0969414710998535,1,52,
experiment_with_different,0.27467259764671326,10.5877103805542,1,27,
pressurize,2.1104307174682617,9.383667945861816,1,48,
stool_test,10.421337127685547,8.000141143798828,1,32,
direct_or_indirect,3.502401828765869,9.899837493896484,1,6,
chronic,3.430049419403076,8.470415115356445,1,392,
twentieth_may,7.8149614334106445,4.633910655975342,1,10,
mulla,8.377453804016113,6.680590629577637,1,12,
self_report,4.927865982055664,8.93127727508545,1,10,
recline,-0.24704331159591675,8.613719940185547,1,105,
100x_worse,3.300407648086548,7.8365068435668945,1,28,
index_finger,0.5450920462608337,9.653980255126953,1,11,
9_month_pregnant,2.793853282928467,7.980988502502441,1,26,
stage,1.0391911268234253,11.150522232055664,1,377,
least_partially,5.66139554977417,8.311190605163574,1,15,
ah_cool,0.24796687066555023,6.365977764129639,1,6,
princess,6.362931251525879,6.69710111618042,1,12,
30_minute_late,0.589266300201416,6.6616716384887695,1,16,
liter,-1.138248085975647,6.215890407562256,1,37,
bellevue_wa,8.218796730041504,5.272321701049805,1,11,
phew,6.41212272644043,6.604909420013428,1,20,
october_super_nervous,7.8393425941467285,5.50252103805542,1,8,
cheesecake,-0.4220902621746063,6.164107799530029,1,5,
abd,5.373353481292725,7.950989246368408,1,5,
bc,3.069141149520874,6.791139125823975,1,788,
deep,2.549229383468628,6.296118259429932,1,631,
fellow,7.978511810302734,8.030685424804688,1,143,
incline,-0.5896519422531128,8.22207260131836,1,115,
hair_net,0.633070170879364,6.136109352111816,1,7,
ice_water,-1.9015854597091675,5.799887657165527,1,15,
test_positive,4.495635986328125,8.82454776763916,1,26,
relation,5.77802848815918,9.820086479187012,1,57,
heart_burn,3.2176337242126465,8.230812072753906,1,140,
action,1.4496054649353027,10.617990493774414,1,212,
imitate,0.34296929836273193,10.179571151733398,1,19,
big_concern,6.700160980224609,4.227562427520752,1,26,
intolerant,-1.6222584247589111,4.574856281280518,1,33,
vital,0.6731009483337402,6.211428642272949,1,52,
attack,3.0534839630126953,7.91279411315918,1,267,
50ml,7.881455421447754,3.5548770427703857,1,43,
anti_anxiety_medication,-0.23132233321666718,3.820802927017212,1,28,
go_to_bed,-0.03494668006896973,7.108313083648682,1,257,
wear_off,4.693629264831543,4.163713455200195,1,1639,
hoarseness,2.093446969985962,7.635192394256592,1,27,
retrograde_only_neurological_dysfunction,5.325511932373047,9.527387619018555,1,6,
olly,7.820014953613281,7.379807949066162,1,9,
mid_september,7.962782382965088,4.820901870727539,1,13,
complete_agree,6.131986618041992,7.394636154174805,1,33,
excessive_wind,3.6383490562438965,8.41578483581543,1,11,
80u,7.861418724060059,3.513796329498291,1,31,
autoimmune,4.904315948486328,9.668481826782227,1,32,
fungal,5.1447601318359375,8.83128833770752,1,5,
ratio,7.0525994300842285,6.056018829345703,1,15,
31_year,6.464159965515137,7.645692825317383,1,16,
small_bite,-2.159433364868164,6.314262390136719,1,118,
method,0.655720055103302,10.949357032775879,1,974,
pay_200,9.841282844543457,4.535472393035889,1,14,
200_unit,7.929563999176025,3.464756727218628,1,120,
like_bread,-2.2753262519836426,5.633923053741455,1,49,
barium_study,10.12228775024414,7.628513813018799,1,10,
experimentation,0.38922199606895447,10.400404930114746,1,15,
histamine_intolerance,5.189525604248047,9.01732063293457,1,11,
forever,4.761582374572754,6.246557235717773,1,392,
my_40s,4.609525203704834,8.016495704650879,1,52,
tw_emetophobia,5.535699844360352,6.874882221221924,1,7,
nervous_system,2.694772481918335,10.279559135437012,1,64,
rip,3.7776424884796143,5.886757850646973,1,185,
pretty,2.597658395767212,6.506585597991943,1,2583,
parole,7.078393459320068,5.721848964691162,1,8,
doctor_robert,9.082698822021484,7.519579887390137,1,39,
new_burper,4.2339019775390625,5.1468424797058105,1,15,
fairly_recent,6.460285663604736,7.956985950469971,1,16,
neuromuscular,2.8021843433380127,10.532587051391602,1,29,
over_40,5.817946910858154,8.261926651000977,1,15,
deductible,10.295825004577637,4.484338760375977,1,119,
appendix,3.4699292182922363,8.939064979553223,1,45,
doctor_sanagapalli,9.51508903503418,6.031126022338867,1,26,
soda_stream,-1.143782377243042,6.126138210296631,1,27,
firefighter,6.791964530944824,7.01920747756958,1,5,
gastric_empty_study,9.024662971496582,6.729528427124023,1,15,
neurologist,10.188189506530762,7.827810764312744,1,41,
weak,1.3686057329177856,10.05915641784668,1,431,
gel,-1.894237995147705,5.381917476654053,1,29,
level_of_severity,6.066801071166992,8.228961944580078,1,7,
spreadsheet,7.955061435699463,6.88911771774292,1,6,
tiny_little,3.3491244316101074,5.1347808837890625,1,82,
anything_fizzy,-1.232318639755249,6.18512487411499,1,57,
feel_nauseous,2.882110834121704,7.111335277557373,1,467,
growl,3.102095365524292,5.935127258300781,1,134,
never_bother,4.490625381469727,7.56829833984375,1,65,
able_to_get_rid,2.1851377487182617,8.961612701416016,1,13,
mouthwash,-0.1860182136297226,4.311942100524902,1,20,
somehow_related,5.612792015075684,9.203775405883789,1,19,
pulmonary,5.699173450469971,8.94843864440918,1,11,
upper_back,1.512837529182434,9.499485969543457,1,88,
dairy_intolerance,-1.2660751342773438,4.955814838409424,1,11,
go_smooth,5.919788837432861,4.991490840911865,1,78,
jean,7.690304756164551,6.018970489501953,1,6,
humiliate,0.2667560577392578,7.1682963371276855,1,26,
brag,6.105559349060059,6.952723503112793,1,8,
research_study,8.844758033752441,7.62234354019165,1,37,
weird_sensation,1.8625600337982178,7.8472490310668945,1,51,
alcohol_coffee,-1.0465705394744873,4.942805290222168,1,5,
harm,5.418128490447998,10.034276008605957,1,82,
hypnosis,0.30565905570983887,10.951473236083984,1,26,
saliva,1.9415653944015503,7.033677577972412,1,502,
individual,8.779814720153809,8.261260032653809,1,201,
injection_site,8.741222381591797,3.549726963043213,1,48,
upper_part,2.566457986831665,10.445907592773438,1,28,
very_tight,1.6221699714660645,9.560951232910156,1,54,
concern_about,7.055369853973389,3.934420108795166,1,247,
core_muscle,0.8337134718894958,10.540529251098633,1,17,
a_hiatal_hernia,4.887548446655273,10.135458946228027,1,402,
chuck,0.42212697863578796,9.83010482788086,1,11,
tummy_hurt,2.7091593742370605,8.19563102722168,1,10,
paradox,3.4759628772735596,9.966618537902832,1,16,
psa,7.188338756561279,6.587149143218994,1,16,
cash,10.321779251098633,4.6255598068237305,1,71,
chronic_constipation,4.715965270996094,9.52730655670166,1,44,
snorkeling,0.11380547285079956,6.411930084228516,1,9,
associate_with_r_cpd,3.8971729278564453,8.634956359863281,1,17,
empty_stomach,-1.7638236284255981,5.3999762535095215,1,219,
stinky,3.6310229301452637,7.580090522766113,1,24,
cow_milk,-1.1031608581542969,5.144496440887451,1,7,
a_small_hiatal,4.5536017417907715,10.062219619750977,1,33,
double_action_gaviscon,-0.654202938079834,3.868596315383911,1,7,
your_knee,0.011266849935054779,9.182609558105469,1,35,
prick,0.7078869342803955,6.407125473022461,1,35,
swig_of_water,-1.9947463274002075,6.202805042266846,1,13,
negligible,5.547915935516357,7.459425926208496,1,13,
hyper_salivate,2.9196441173553467,7.749011039733887,1,34,
banana,-2.3237416744232178,5.4918012619018555,1,115,
bite_of_food,-1.8279833793640137,6.58495569229126,1,74,
doctor_near,9.43220329284668,7.3000640869140625,1,88,
pretty_grim,5.933889865875244,7.575107574462891,1,6,
deaf,6.222849369049072,6.722318172454834,1,44,
comorbidity,5.798959732055664,9.110909461975098,1,21,
research_into,8.801467895507812,8.304811477661133,1,59,
common_symptom,5.674257755279541,9.887688636779785,1,96,
coconut,-1.6306623220443726,5.437322616577148,1,17,
manometry_test,10.428863525390625,7.996490478515625,1,106,
lower,1.1459121704101562,10.127676963806152,1,805,
super_rare,3.884087085723877,6.839641571044922,1,42,
greasy,-1.8704770803451538,5.097699165344238,1,47,
40mg,-0.4257400929927826,3.5073230266571045,1,49,
lidocaine,1.023328423500061,7.988986968994141,1,46,
subreddit_wiki,8.590690612792969,7.586097717285156,1,27,
feel_sick,2.8641433715820312,7.1068830490112305,1,596,
89,7.538662433624268,4.918785095214844,1,6,
860,8.571619987487793,4.284451007843018,1,8,
70s,5.913173675537109,8.240992546081543,1,12,
awesome,5.5809245109558105,5.226608753204346,1,817,
excuse_myself,3.299978733062744,6.245889186859131,1,69,
vocal_coach_youtube,0.3156260848045349,9.88723373413086,1,10,
mid_20s,4.611173629760742,7.948626518249512,1,53,
agree,9.851963996887207,7.944125652313232,1,1156,
main_hospital,0.5486650466918945,6.256677150726318,1,10,
sedative,0.021684151142835617,4.14725923538208,1,24,
25_year,4.57399320602417,7.153213977813721,1,84,
contributor,5.594674587249756,9.159652709960938,1,23,
rare_side_effect,6.691157817840576,4.297257900238037,1,47,
retrograde,2.7725601196289062,10.844388961791992,1,79,
spicy_fatty,-0.8003570437431335,4.6031670570373535,1,7,
140,5.680155277252197,3.7338969707489014,1,14,
by_contract,1.0693700313568115,10.401471138000488,1,20,
org_uk,8.75599193572998,5.851056098937988,1,12,
70_unit,7.9517669677734375,3.4697647094726562,1,41,
realize,4.317455768585205,7.118784427642822,1,2288,
full_meal,-0.7564385533332825,6.634420394897461,1,77,
very_satisfy,3.7745354175567627,5.799673557281494,1,18,
intolerance,-1.5903637409210205,4.504858016967773,1,99,
nasal_endoscopy,9.35649299621582,5.456462383270264,1,57,
vibrato,6.283581733703613,6.728579998016357,1,8,
buffet,-0.35633233189582825,6.525216579437256,1,21,
partially_paralyze,1.9835869073867798,10.697312355041504,1,10,
second_grade,4.922507286071777,7.236102104187012,1,14,
difference,4.825023651123047,4.843609809875488,1,915,
around_11,5.220422267913818,3.6176018714904785,1,25,
slight_sore_throat,1.5664583444595337,7.164769649505615,1,44,
body_dysmorphia,4.347634792327881,8.151721954345703,1,21,
galore,5.892447471618652,6.835498809814453,1,14,
sweet_tea,-1.0119028091430664,5.947470188140869,1,7,
carsick,4.927365779876709,7.173844814300537,1,8,
high_heart_rate,4.163076877593994,9.054468154907227,1,14,
tissue,2.149671792984009,10.477605819702148,1,101,
cigarette,-1.0015617609024048,5.041262626647949,1,35,
france,9.949843406677246,6.121578216552734,1,71,
new_sensation,2.301790952682495,6.535428524017334,1,58,
faire,6.964598178863525,5.335544109344482,1,25,
pinch,1.1622666120529175,9.603594779968262,1,88,
sigmoid_colon,4.396153450012207,9.566590309143066,1,6,
six_pack,-0.593526303768158,5.617385387420654,1,15,
too_early,5.417844295501709,4.723322868347168,1,127,
increase_in_severity,4.7203593254089355,8.117618560791016,1,8,
obstruct,2.9008383750915527,10.203693389892578,1,21,
self_pay,10.367136001586914,4.914689064025879,1,59,
sodium_alginate,-0.6853955984115601,4.266077518463135,1,7,
bugger,7.075709342956543,6.886419773101807,1,5,
norovirus,4.298690319061279,7.521816730499268,1,39,
camera_through,1.0496643781661987,8.231087684631348,1,33,
improve,4.883625507354736,4.863631248474121,1,1612,
tone,2.0378048419952393,10.163883209228516,1,70,
potential_side_effect,7.130792617797852,3.921113967895508,1,48,
schedule_for_july,8.389121055603027,4.773305892944336,1,10,
cbd_oil,-0.20078067481517792,3.8920767307281494,1,28,
usa,10.031633377075195,5.972003936767578,1,124,
generate,0.809053361415863,9.824007034301758,1,50,
id_love_to_hear,5.982593536376953,5.2410454750061035,1,113,
mucus,1.9430441856384277,7.847168922424316,1,401,
pinpoint,5.011226177215576,7.360712051391602,1,61,
hyper_mobile,5.875356197357178,9.50964641571045,1,26,
keen_to_hear,6.161902904510498,5.48920202255249,1,29,
chin_tuck,0.33014512062072754,10.254104614257812,1,31,
green_tea,-1.2608450651168823,4.734560012817383,1,29,
boston_area,8.1808443069458,6.359993934631348,1,15,
really_bad,3.0345776081085205,7.723224639892578,1,1024,
common_incorrect,9.247034072875977,7.518072605133057,1,9,
large_portion,-1.4011473655700684,4.781221389770508,1,21,
social_occasion,-0.6050822734832764,5.982864856719971,1,16,
12_week,4.813663005828857,4.02597188949585,1,79,
guess,2.6167261600494385,6.582676887512207,1,2885,
dance,-0.5055845379829407,6.497193813323975,1,91,
impending,6.106794834136963,6.5757670402526855,1,10,
healthcare_professional,8.236202239990234,7.510652542114258,1,17,
sticker,0.8434094786643982,8.327288627624512,1,28,
4cm,5.0293755531311035,9.858827590942383,1,8,
overcome,3.9400408267974854,7.218949317932129,1,143,
rain,6.400392055511475,6.654041767120361,1,13,
awh,5.5770721435546875,6.13778829574585,1,10,
pretty_bad,2.998398542404175,7.6536431312561035,1,389,
regular_burper,3.277250289916992,5.407163143157959,1,39,
key,0.9858262538909912,10.807731628417969,1,290,
grit,-1.6876715421676636,5.491785526275635,1,10,
complication,7.0840959548950195,3.928964614868164,1,271,
around_80,7.876770973205566,3.7623608112335205,1,22,
anatomy,2.1622517108917236,10.620287895202637,1,174,
b12,4.078226089477539,9.516633987426758,1,16,
pretty_frequently,5.485909461975098,7.119208335876465,1,17,
table_manners,6.969054222106934,7.5550642013549805,1,6,
throw_up,3.1690316200256348,6.652019023895264,1,3431,
otolaryngologist,9.81999397277832,7.43874454498291,1,112,
42_year,6.375040054321289,7.650773048400879,1,9,
hmo,10.53907585144043,5.298388481140137,1,49,
dilation,2.3542850017547607,10.859700202941895,1,188,
your_daughter,5.7608466148376465,5.449112415313721,1,106,
relay,7.740018844604492,7.396548271179199,1,11,
instinct,1.3934845924377441,10.536701202392578,1,87,
permanence,6.049632549285889,8.331038475036621,1,5,
yoga_position,0.2373659908771515,9.619877815246582,1,17,
marry,5.1055498123168945,7.012197494506836,1,24,
more_invasive,8.582877159118652,3.7234878540039062,1,29,
weak_muscle,2.78584623336792,10.36583137512207,1,21,
modify,0.17719608545303345,10.531943321228027,1,81,
functional_gi_disorder,4.722342014312744,8.905561447143555,1,6,
single_hiccup,3.174135446548462,5.913938999176025,1,47,
barrett,5.227965354919434,9.911561012268066,1,48,
grumble,3.138713836669922,5.9812726974487305,1,28,
cricopharyngeal_bar,8.960113525390625,6.753161907196045,1,7,
first_injection,7.7021403312683105,3.457603693008423,1,223,
wedge,-0.5837463140487671,8.192903518676758,1,185,
300,10.103665351867676,4.423315048217773,1,119,
aware_of_r_cpd,9.803166389465332,7.6249847412109375,1,30,
chile,7.3538360595703125,6.24692964553833,1,6,
complete_empty,1.9868783950805664,9.149560928344727,1,9,
product,-1.2948540449142456,4.345571041107178,1,116,
dial,0.11806648969650269,9.452937126159668,1,13,
get_food_poison,4.284450531005859,7.513753414154053,1,53,
patient_with_r_cpd,8.435932159423828,7.920368671417236,1,39,
smell,3.4793121814727783,6.165518760681152,1,447,
his_video,8.059436798095703,8.063199996948242,1,51,
adenomyosis,4.629763126373291,8.600631713867188,1,8,
lower_jaw_forward,0.350143700838089,9.760213851928711,1,14,
endoscope,1.0415831804275513,8.292774200439453,1,132,
sodium,-1.2859879732131958,4.479896545410156,1,20,
sensitize,2.355271100997925,10.02061653137207,1,7,
heel_drop,0.23681078851222992,10.808972358703613,1,14,
unrelenting,3.2918975353240967,7.833069801330566,1,9,
100x_better,4.919606685638428,6.710005760192871,1,10,
rick,6.380005359649658,6.604011058807373,1,9,
fodmap,-1.1503407955169678,4.095850467681885,1,143,
dismiss_by,9.715641021728516,8.045310974121094,1,29,
cause_r_cpd,5.5148420333862305,9.560952186584473,1,35,
paracetamol,0.029994936659932137,4.225574016571045,1,48,
swallow_and_sniff,0.909596860408783,8.746370315551758,1,20,
behavior,5.384676933288574,10.057223320007324,1,104,
blood_test,10.511138916015625,8.09410572052002,1,150,
my_tooth,0.3345067501068115,8.435707092285156,1,114,
fairly_low,7.860771656036377,3.9097483158111572,1,11,
adult,4.539981365203857,7.365849494934082,1,284,
coax,0.9713168740272522,10.673027038574219,1,39,
surgical,9.919304847717285,6.416467666625977,1,127,
bastian_voice_institute,9.542773246765137,5.399545669555664,1,272,
your_chin,0.256477028131485,9.763551712036133,1,107,
crazy,4.6343231201171875,5.965375900268555,1,1400,
75,7.8383870124816895,3.4250073432922363,1,298,
exposure_therapy,3.9054176807403564,7.191858768463135,1,79,
audition,6.652568817138672,4.365762710571289,1,8,
abdominal_bloat,2.960026741027832,8.775801658630371,1,41,
your_adams_apple,0.702178955078125,9.70056438446045,1,36,
cp,2.474308729171753,10.850140571594238,1,60,
massage_gun,0.2748183310031891,10.811483383178711,1,8,
your_r_cpd,5.355031967163086,9.986595153808594,1,90,
comment_section,7.7583088874816895,7.346227645874023,1,15,
constant_nausea,3.3526134490966797,8.161006927490234,1,88,
extreme_loud,3.3626558780670166,6.3691086769104,1,40,
helsinki,8.776651382446289,6.387189865112305,1,9,
mess_up,2.7797834873199463,6.664620876312256,1,162,
romania,7.537692546844482,6.463393688201904,1,6,
jan,8.458106994628906,4.623152732849121,1,100,
past_few,3.707599401473999,4.322612762451172,1,157,
study,8.897062301635742,8.270232200622559,1,1005,
gallbladder_remove,4.876086711883545,8.217351913452148,1,31,
breakfast,-0.8461499810218811,6.655992031097412,1,241,
erosion,4.649116516113281,9.347315788269043,1,5,
panic_disorder,4.2145185470581055,7.886733055114746,1,33,
squeaky,3.6557631492614746,5.953441143035889,1,22,
1800,9.80434513092041,4.5110673904418945,1,20,
abrasion,1.256562352180481,7.867003917694092,1,6,
chest_cavity,2.1765668392181396,9.433412551879883,1,29,
occasional_regurgitation,2.061648368835449,7.395997047424316,1,17,
vary_level,4.773065090179443,7.918902397155762,1,10,
gaslight,9.69177532196045,8.122308731079102,1,67,
bastian,8.867637634277344,4.1223039627075195,1,934,
cranberry_juice,-1.106427550315857,5.438599586486816,1,11,
breast_bone,2.4304964542388916,9.363151550292969,1,6,
micro_burp_start,4.434184551239014,4.089087963104248,1,40,
dinner_table,4.177966594696045,6.13939905166626,1,25,
are_not_like,3.7282938957214355,5.674402236938477,1,8,
mild_sore,1.5234363079071045,7.7243828773498535,1,58,
excruciating,3.0849578380584717,8.08612060546875,1,90,
unregulated,5.362186431884766,7.5833024978637695,1,5,
upper_chest,1.9180383682250977,8.807278633117676,1,87,
exclusion,8.343013763427734,7.783371448516846,1,17,
philosophy,-0.5661169290542603,4.3830952644348145,1,9,
day_3,4.429072380065918,4.270838737487793,1,563,
protein,-1.9033794403076172,4.906645774841309,1,107,
super_hopeful,5.866542816162109,5.530462265014648,1,10,
fentanyl,0.5979865789413452,6.103515148162842,1,10,
eliminate_dairy,-0.9424538612365723,4.109611988067627,1,6,
disc,6.9781813621521,5.903384685516357,1,13,
neutral_position,0.5905607342720032,10.639267921447754,1,9,
laryngopedia,8.661320686340332,7.643041610717773,1,54,
dang,5.760067939758301,5.979144096374512,1,80,
pretty_consistent,4.234180450439453,4.477601051330566,1,37,
significant_worse,3.4099133014678955,7.954775810241699,1,51,
contribute_towards,5.616281986236572,9.24110221862793,1,13,
sushi,-0.34037303924560547,6.525094032287598,1,24,
jolt,0.9353362917900085,9.255760192871094,1,16,
proper_digest,3.0089988708496094,9.27112102508545,1,8,
medicate,-0.43825069069862366,3.5292856693267822,1,64,
tactic,3.807042360305786,6.504212379455566,1,34,
anti_nausea,0.01749398373067379,4.115571975708008,1,44,
hormone,2.7288296222686768,10.33193302154541,1,71,
ginger_tea,-0.8978410363197327,4.17384672164917,1,30,
fees,10.030418395996094,4.650068283081055,1,125,
overwhelm,5.366331577301025,5.7075347900390625,1,159,
force_myself,3.2192492485046387,6.536643028259277,1,323,
tired,2.510387897491455,7.1104512214660645,1,537,
incredible_validate,6.612910747528076,6.740927219390869,1,7,
poor_baby,6.214761734008789,6.762928009033203,1,8,
flu,3.8667731285095215,7.581450939178467,1,101,
pediatrics,8.22778606414795,7.316417694091797,1,7,
very_rarely,2.7769579887390137,5.589120388031006,1,167,
policy,10.48125171661377,5.182699680328369,1,55,
sixth,8.624983787536621,5.852398872375488,1,14,
bye_bye,-0.9334903955459595,5.2533063888549805,1,8,
new_jersey,8.93050765991211,6.170431613922119,1,20,
godzilla,3.663464069366455,5.832577228546143,1,7,
sensory_issue,5.98645544052124,7.24946403503418,1,15,
like_crazy,3.5070834159851074,4.6215901374816895,1,297,
flinch,1.3051795959472656,9.425516128540039,1,10,
michael,8.545880317687988,6.533015251159668,1,11,
foamy,1.9778709411621094,6.915868759155273,1,21,
fifth_grade,4.903159141540527,7.262516975402832,1,7,
little_confuse,7.4392852783203125,7.3739447593688965,1,23,
tighten_up,1.7177181243896484,10.350528717041016,1,65,
whack,6.621423721313477,6.168993949890137,1,10,
medicinal,7.031383514404297,6.354071617126465,1,5,
toilet_paper,0.2914702594280243,9.093454360961914,1,13,
event,-0.4194280505180359,6.686943531036377,1,351,
wikipedia,7.768982887268066,7.55009651184082,1,17,
republic,7.921459674835205,6.066198825836182,1,9,
be_lactose_intolerant,-1.6424905061721802,4.61216402053833,1,56,
irritation,1.947909951210022,7.938751220703125,1,172,
chalk_up,5.376986503601074,7.879635334014893,1,10,
cautious_about,5.805895805358887,7.575186252593994,1,15,
my_armpit,0.4476136565208435,9.726819038391113,1,28,
negate,5.923417091369629,8.625314712524414,1,34,
ceiling_hold,0.1653839498758316,10.675589561462402,1,13,
care_about,5.315335750579834,5.666286468505859,1,121,
r_cpd_if,8.836119651794434,7.900747776031494,1,40,
adhd_medication,-0.31168678402900696,3.7384440898895264,1,37,
hydrate,-2.1164276599884033,6.315299034118652,1,76,
appreciate_any_input,6.679270267486572,6.940695762634277,1,6,
anguish,7.2968950271606445,6.476614952087402,1,7,
rex,7.697568416595459,5.510451316833496,1,7,
enjoy,-0.45055505633354187,6.6067938804626465,1,818,
lack_of_ability,3.889338254928589,6.831530570983887,1,12,
hand_free,3.665614128112793,6.493703365325928,1,14,
autonomic_nervous_system,2.813429594039917,10.30256175994873,1,22,
sing_ability,6.065739154815674,8.329767227172852,1,10,
able_to_burp,4.278462886810303,7.053739070892334,1,4475,
endoscopy_and_colonoscopy,10.380837440490723,8.004359245300293,1,19,
since_infancy,4.71806001663208,7.89501428604126,1,22,
sour_taste,1.8559082746505737,7.384007453918457,1,23,
neck_stretch,0.3254575729370117,10.669551849365234,1,82,
implement,0.4036410450935364,10.341269493103027,1,17,
guttural,3.4844963550567627,5.789113998413086,1,16,
air_upwards,0.7725891470909119,10.35416316986084,1,15,
treatment_for_r_cpd,9.701298713684082,6.953632354736328,1,52,
hypnotherapy,0.37044084072113037,10.857073783874512,1,30,
hummus,-1.6564959287643433,5.432019233703613,1,11,
property,3.401236057281494,9.80435562133789,1,12,
come_out,1.7734125852584839,8.866829872131348,1,3814,
take_ppis,4.226960182189941,8.747224807739258,1,52,
high_fibre,-1.3868179321289062,4.852255344390869,1,12,
regional,6.808403015136719,6.809872150421143,1,6,
copy_and_paste,7.9706010818481445,7.23796272277832,1,18,
pediatric,9.716360092163086,7.089292049407959,1,34,
dozen_of_us,6.541823863983154,7.046396255493164,1,7,
ear_pain,2.0777266025543213,7.724332332611084,1,30,
hello_fellow_noburper,6.477596282958984,7.536665439605713,1,20,
plausible,5.625537395477295,9.544018745422363,1,33,
belly_breathe,0.6131525039672852,10.485939025878906,1,35,
side_sleeper,-0.47293832898139954,8.057126998901367,1,13,
cream,-2.120901584625244,5.3836894035339355,1,52,
finger_trick,3.644994020462036,6.4843902587890625,1,24,
peer_review_paper,8.412885665893555,7.476075172424316,1,10,
vain,6.589390754699707,6.525935173034668,1,7,
loss_of_appetite,3.758997917175293,8.581711769104004,1,24,
search,7.999568462371826,8.28671932220459,1,1084,
ahead_of_time,9.887836456298828,5.713533401489258,1,47,
compile,8.720300674438477,7.5983500480651855,1,41,
news_article,7.867785930633545,7.5550665855407715,1,21,
mix_of_both,5.940034866333008,6.976463317871094,1,12,
erg,6.945340156555176,5.293540000915527,1,11,
lpr_symptom,4.344058036804199,8.940486907958984,1,22,
b1,5.701580047607422,8.699679374694824,1,5,
doctor_oloriz,8.41150188446045,6.604738235473633,1,12,
embarrass_noise,5.420090675354004,6.9399495124816895,1,13,
pineapple,-1.0222258567810059,5.324630260467529,1,12,
hiatal_hernia_etc,5.163778305053711,9.663420677185059,1,7,
w_bastian,8.274341583251953,6.707699298858643,1,11,
cider,-1.2231605052947998,6.263071060180664,1,95,
entire_family,5.228283882141113,7.054107189178467,1,15,
our_condition,8.584808349609375,8.434774398803711,1,94,
day_4,4.4157562255859375,4.245030879974365,1,407,
formation,4.639021873474121,9.175505638122559,1,10,
yoga_class,-0.5234447121620178,8.167665481567383,1,11,
crouch,-0.18538817763328552,8.970526695251465,1,26,
breeze,8.789003372192383,3.500528573989868,1,82,
dutch,9.884421348571777,6.240767478942871,1,40,
menthol,-1.9606915712356567,5.312249660491943,1,17,
baffle,6.665887355804443,8.477356910705566,1,46,
figure_out_how,1.0960736274719238,11.076748847961426,1,293,
immediate_relief,3.09643292427063,6.391236305236816,1,78,
whereby,3.4901959896087646,9.840731620788574,1,8,
keep_in_touch,6.416863441467285,5.38490629196167,1,34,
600,10.1675386428833,4.426284313201904,1,180,
worst,3.006560802459717,7.498666763305664,1,1616,
physical_therapist,0.36781182885169983,10.94275951385498,1,31,
than_average,2.7556676864624023,5.6432271003723145,1,51,
camera_up,1.0109232664108276,8.186570167541504,1,84,
verse,0.5792365074157715,6.021296501159668,1,8,
misdiagnose,9.829318046569824,8.215730667114258,1,205,
patch,0.617329478263855,6.093175888061523,1,42,
burp_contest,4.751928806304932,6.60400390625,1,19,
grip,1.3229180574417114,9.32190227508545,1,32,
ent_referral,10.065473556518555,7.579625606536865,1,57,
95,4.402468681335449,3.9230074882507324,1,143,
our_ues,2.531240463256836,10.66286563873291,1,22,
clench,1.3679120540618896,10.192169189453125,1,140,
3600,9.737141609191895,4.489112377166748,1,7,
home_page,8.002411842346191,7.521045207977295,1,8,
big_deal,2.8359358310699463,6.411083221435547,1,328,
abdominal_discomfort,3.6059014797210693,8.591800689697266,1,22,
every_once,3.245835781097412,5.115767955780029,1,109,
hicklin_in_london,8.26202392578125,5.598691463470459,1,12,
bcbs,10.444598197937012,5.186569690704346,1,118,
emetophobe,3.9403483867645264,7.217382907867432,1,272,
underweight,4.501430034637451,6.440274715423584,1,178,
appointment_with_doctor_spiegel,8.594752311706543,5.08361291885376,1,16,
lessen,3.37631893157959,8.050695419311523,1,206,
exact_spot,0.7857826948165894,9.823610305786133,1,12,
ashamed,4.80372953414917,6.029601097106934,1,42,
league,6.119537830352783,6.72254753112793,1,6,
paul,9.3294038772583,6.4108099937438965,1,15,
outbreak,8.383132934570312,6.432749271392822,1,9,
pill,-1.7889056205749512,6.5532965660095215,1,893,
correlation,5.772402286529541,9.98958969116211,1,242,
california,10.060342788696289,5.938206672668457,1,150,
yay_congratulation,7.307049751281738,5.473040580749512,1,39,
nova_scotia,9.74747085571289,6.201537132263184,1,20,
dosage,7.74318790435791,3.503308057785034,1,274,
mid_teen,5.408804893493652,7.5831780433654785,1,7,
incapable,4.8368239402771,7.626185894012451,1,27,
chi,7.23537540435791,6.00943660736084,1,7,
regurgitate,2.0983057022094727,6.768224716186523,1,418,
seize,2.0661542415618896,10.526527404785156,1,17,
barely_notice,3.6189029216766357,4.958518981933594,1,33,
jan_2022,7.8761701583862305,4.964083671569824,1,7,
31_year_old,6.162933826446533,7.683525562286377,1,8,
almost_daily,3.2826828956604004,8.373663902282715,1,62,
relatable,6.019184112548828,6.435640811920166,1,59,
train,1.390203595161438,10.882889747619629,1,1015,
van,6.926100254058838,5.226141929626465,1,55,
aetna,10.298802375793457,4.904104232788086,1,60,
intuit,5.6690802574157715,7.900447368621826,1,6,
useless,9.853826522827148,7.92225456237793,1,148,
sleep_with_your_torso,-0.5704843401908875,8.088736534118652,1,7,
thank_you_yeah,6.015506744384766,7.2385687828063965,1,24,
bark,4.094057559967041,5.9695048332214355,1,22,
emerge,4.106142520904541,5.990269184112549,1,26,
kahrilas,8.449566841125488,7.478837966918945,1,6,
adrenaline,1.8655587434768677,7.417150497436523,1,33,
fizzy_drink,-1.2488863468170166,6.580198287963867,1,915,
mixer,-1.206127405166626,5.942541599273682,1,44,
gi_specialist,10.201852798461914,7.897975921630859,1,141,
march,8.368609428405762,4.399550437927246,1,397,
wear_off_within,7.884433746337891,4.29818868637085,1,13,
namely,5.246461391448975,8.974634170532227,1,11,
romantic,5.585214614868164,7.591717720031738,1,13,
walk_around,-0.09736266732215881,8.586763381958008,1,179,
walmart,-0.7231884598731995,4.421988487243652,1,14,
spontaneous,3.243112087249756,5.116302490234375,1,159,
voice_disorder,5.313086032867432,10.438685417175293,1,14,
medical_name,7.677835941314697,7.472684860229492,1,14,
cricopharyngeal,2.556370496749878,10.734313011169434,1,55,
affair,7.238668918609619,6.565328598022461,1,8,
continue_to_update,6.463490962982178,5.343594074249268,1,25,
autoimmune_disorder,6.255549907684326,8.397073745727539,1,8,
disperse,1.8467514514923096,8.853690147399902,1,5,
fuck,4.415256023406982,6.065865993499756,1,621,
involuntary_microburp,6.910519123077393,6.393365383148193,1,16,
live_memory,4.490471839904785,7.395457744598389,1,11,
less_bloat,2.855806589126587,6.055328369140625,1,175,
1000x_worse,3.152810573577881,7.8272294998168945,1,7,
esophageal_web,2.9101736545562744,10.061383247375488,1,8,
lap,1.098455786705017,9.297981262207031,1,16,
your_vocal_chord,7.334505558013916,6.840868949890137,1,13,
flat_belly,2.9561939239501953,7.961291313171387,1,8,
induce,2.7365176677703857,6.039397716522217,1,364,
more_comfortable,4.9646525382995605,5.439437389373779,1,204,
mast_cell,5.55744743347168,9.37784194946289,1,6,
hostile,4.0911126136779785,5.779744625091553,1,8,
cherryhill,9.322183609008789,5.999878406524658,1,5,
a_acid_reducer,-0.34443140029907227,3.9273669719696045,1,19,
lower_abdomen,2.546660900115967,8.64842700958252,1,47,
gerd_lpr,5.120879173278809,9.464383125305176,1,21,
20s,4.733066082000732,7.987222194671631,1,30,
chiari,5.895863056182861,7.2450361251831055,1,5,
travel_up,1.711676836013794,8.972232818603516,1,103,
other_country,9.684510231018066,6.67876672744751,1,36,
forum,8.050313949584961,8.248251914978027,1,130,
scramble_egg,-2.3146674633026123,5.672722816467285,1,64,
chew_thorough,-2.154799461364746,6.286971092224121,1,24,
worsen_with_age,5.643219470977783,9.705667495727539,1,52,
office_procedure,8.683969497680664,3.5925638675689697,1,503,
uptick,4.144927024841309,8.625020027160645,1,6,
incident,4.321455955505371,7.373338222503662,1,111,
northern,9.912566184997559,5.9169769287109375,1,42,
nauseate_daily,5.362034797668457,7.24638557434082,1,10,
18_month_ago,7.8532490730285645,4.518786907196045,1,23,
visibility,7.855258941650391,7.161638259887695,1,14,
client,9.297476768493652,5.027317523956299,1,76,
misdiagnose_with_gerd,5.471189022064209,9.17704963684082,1,12,
left_rib_cage,1.9698141813278198,9.566283226013184,1,6,
soon_as_possible,9.241217613220215,6.119165420532227,1,82,
2019_paper,8.188801765441895,7.475331783294678,1,7,
stomach_churn,2.517852306365967,8.220664024353027,1,15,
65,7.862164497375488,3.7057173252105713,1,37,
lifelong_non_burper,6.661653518676758,7.497716426849365,1,9,
age_12,4.6009602546691895,7.7288432121276855,1,29,
staff_member,7.988659858703613,5.965805530548096,1,6,
zest,6.830357074737549,6.03012752532959,1,6,
narrow,2.077152729034424,10.17225456237793,1,95,
audible,3.1742138862609863,5.461188316345215,1,185,
veg,-1.7344334125518799,5.4680495262146,1,22,
several_time,3.6212077140808105,4.422252655029297,1,271,
manometer,6.952670574188232,5.679440021514893,1,9,
every_single,3.677520275115967,4.344670295715332,1,470,
leave_r_cpd,5.345310688018799,9.316377639770508,1,13,
bruh,6.305253982543945,6.752403259277344,1,17,
flare_rib,5.594067573547363,8.918299674987793,1,9,
article,8.708999633789062,7.934175968170166,1,530,
edge,0.3076096177101135,8.907465934753418,1,123,
13th,8.287698745727539,4.721412181854248,1,25,
cricopharyngeous,2.6764309406280518,10.480615615844727,1,13,
sedate,8.796814918518066,3.48000431060791,1,86,
doctor_jennifer_anderson_at_st,8.748178482055664,6.248900413513184,1,11,
motility_disorder,4.677880764007568,9.530691146850586,1,16,
relieve,2.9104249477386475,5.970353126525879,1,2375,
congratulation,5.589987277984619,5.205909729003906,1,1105,
pose,0.01460809726268053,9.34814453125,1,100,
your_tongue,0.4616316556930542,9.286768913269043,1,179,
telemedicine_appointment,7.951264381408691,5.862799644470215,1,7,
iv,0.852836549282074,6.429316997528076,1,356,
3x,4.279605388641357,3.8910865783691406,1,58,
lego,7.067084312438965,5.848580837249756,1,7,
lay_flat,-0.259136438369751,8.722107887268066,1,158,
downward_dog,0.005950598977506161,9.222918510437012,1,31,
meantime,9.170454978942871,6.205689907073975,1,211,
anesthetic,8.800634384155273,3.4671630859375,1,200,
4_or_5,4.2756733894348145,3.892913818359375,1,44,
demonic_sound,3.77966046333313,6.526340484619141,1,12,
verify,9.713220596313477,6.821708679199219,1,65,
hard_to_predict,5.01313591003418,4.62950325012207,1,8,
more_energy,4.7586469650268555,6.20296573638916,1,38,
each_bite,-2.1584789752960205,6.341716766357422,1,74,
adjustment_period,5.801641464233398,4.529876232147217,1,19,
stand_up,-0.16480374336242676,8.653210639953613,1,222,
hoarse_voice,2.1641829013824463,7.726770877838135,1,36,
hi_fellow_no_burper,6.901406288146973,6.617132663726807,1,18,
physiological,5.322684288024902,10.090612411499023,1,64,
refrain,7.029639720916748,5.990208148956299,1,12,
lazy,2.798145294189453,6.794311046600342,1,71,
squish,1.2113513946533203,9.431711196899414,1,25,
symptomatic,4.952581405639648,9.403937339782715,1,44,
cause_barrett,3.368096351623535,10.500761032104492,1,21,
fermentable,-1.4828122854232788,4.544925212860107,1,11,
bellevue,8.97780704498291,6.124325275421143,1,14,
poach,-0.9967636466026306,5.313507080078125,1,7,
silent_reflux,4.834837913513184,10.103280067443848,1,292,
escape,1.8009250164031982,8.883356094360352,1,587,
onset,4.377980709075928,8.913235664367676,1,73,
support_community,6.419787883758545,6.858317852020264,1,9,
chest_x_ray,10.566465377807617,8.155333518981934,1,42,
misery,4.535202980041504,6.7257914543151855,1,210,
liquefy,-2.1712162494659424,6.217164039611816,1,31,
few_sip,-1.6674658060073853,6.495386600494385,1,84,
join_reddit,6.97930908203125,7.707154750823975,1,17,
life_threaten,5.911740779876709,9.503071784973145,1,36,
overeat,-1.1116787195205688,6.432596683502197,1,78,
little_scratch,1.3664467334747314,7.900413990020752,1,11,
left_leg,6.545907497406006,6.107546806335449,1,7,
super_sore,1.4458754062652588,7.763586044311523,1,20,
laparoscopy,4.296109676361084,9.682877540588379,1,13,
enzyme,-1.25560462474823,4.317195892333984,1,72,
give_up,5.444320201873779,5.299002647399902,1,724,
get_stuck,2.054107666015625,6.773791313171387,1,660,
nasal_scope,8.97395133972168,3.8827340602874756,1,45,
flap,1.8727821111679077,10.271172523498535,1,77,
tolerant,5.470235824584961,7.146252632141113,1,9,
100u,7.784964561462402,3.46411395072937,1,141,
croaker,6.840980052947998,7.690927982330322,1,34,
early_40s,5.701388359069824,8.693244934082031,1,22,
4_5_month,4.8693108558654785,4.036657333374023,1,73,
nobody_else,5.536439418792725,7.470926284790039,1,38,
seem_to_vary,6.490428924560547,4.353199005126953,1,24,
chicago_with_doctor_bastian,8.250194549560547,4.714107513427734,1,11,
high_deductible_plan,9.80510139465332,4.551187038421631,1,16,
doctor_lin,9.582118034362793,5.384843349456787,1,72,
hic,3.2347140312194824,5.96353006362915,1,17,
20_year_old_female,6.479856967926025,7.7675089836120605,1,10,
irreversible,5.411246299743652,8.880208015441895,1,14,
sip,-1.7823383808135986,6.561898708343506,1,505,
less_severe,4.880476474761963,8.186717987060547,1,38,
alert,0.6097632050514221,6.404734134674072,1,32,
positive,5.598570346832275,5.11956787109375,1,506,
tuesday,8.722201347351074,4.513702869415283,1,334,
jut_out,0.3728286325931549,9.879596710205078,1,19,
lifetime_noburper,6.373514175415039,7.7239885330200195,1,12,
coincide,2.9953560829162598,8.27012825012207,1,32,
big_complaint,3.6630561351776123,8.328401565551758,1,8,
uncontrolled,3.576756715774536,4.948679447174072,1,56,
raise_awareness,8.786240577697754,8.275014877319336,1,64,
embarrass,4.204472064971924,5.894271373748779,1,1006,
