term	Dim1	Dim2	Dim3	Dim4
00	7.841996	9.673797	-1.8508267	1.9307827
00am	7.692935	9.531995	-1.7011646	1.840922
01	7.437452	9.643317	-1.226487	1.8408843
07	7.320672	9.673385	-1.1694578	1.6930869
08	7.4982886	9.636535	-1.5992701	1.863671
10000	5.816955	7.7127643	-0.3642198	0.76703924
100_and_150	7.579751	9.996996	-0.9041291	2.221002
100_iu	7.661886	10.188061	-0.7816706	2.3243892
100_percent	6.4672904	7.671023	-0.4669787	0.8025789
100_unit	7.68785	10.259354	-0.7578873	2.4557433
100_unit_in_office	7.2085013	9.769355	-0.75010026	1.8572358
100_unit_of_botox	7.6366477	10.052623	-0.9189705	2.2397437
100_unit_under_general	7.510065	9.715778	-1.1807597	1.9607882
100_worth	6.548858	9.636268	0.047747575	1.3967645
100cc	7.3328524	9.860994	-0.6986984	1.9467864
100k	7.722862	9.196909	-1.7571652	1.7127626
100mg	7.635194	10.205251	-0.8058218	2.3529468
100ml	7.570823	9.753178	-0.9422895	2.1967638
100u	7.6424503	10.271334	-0.73038685	2.4195266
100u_under_ga	7.2790604	9.946749	-0.67327857	2.057875
100x_worse	4.288776	6.5682235	0.47685882	0.8382324
105	6.1404448	7.7928495	-1.5623802	1.919764
108	6.1160293	7.7610455	-1.6856581	1.9443973
10_10_would_recommend	6.1782484	8.982363	-0.43882474	1.8985387
10_15	5.5748844	8.869144	0.26321673	2.043283
10_hour	7.5384617	9.537228	-1.7948744	2.003163
10_month	5.9642053	9.415627	0.5296899	2.3778863
10_month_ago	6.456386	9.462718	-0.050380856	1.8536731
10_year_ago	5.36907	7.0509114	0.26304242	-0.11049088
10_year_old	5.501719	7.1266913	0.34606045	-0.033365283
10x_worse	4.121838	6.610445	0.6854399	0.927061
11_00	6.0096498	7.5368237	-0.9545373	1.6584543
11_11	6.5509453	9.253242	-0.5266261	1.8243951
11_year_old	5.6225944	7.467822	-0.10059177	0.27902052
1200	8.324667	9.661892	-2.0376234	1.9753088
121	6.9879165	7.911178	-0.76108646	0.908652
125_unit	7.390233	10.038403	-0.701001	2.1194189
126	7.003955	9.452883	-0.8966455	1.8085959
12_21	5.835731	8.7099905	-0.23708047	1.931625
12_hour	4.39517	8.300031	-0.31104156	2.7409663
12_month_wait_list	7.039532	8.872315	-0.9365126	1.1765072
12_year	5.487667	7.3485465	0.11407439	-0.124908924
1300	8.191931	9.488035	-1.9191307	1.8973602
140	6.29123	7.994244	-1.608732	1.92595
14_month_ago	6.493786	9.257128	-0.24078326	1.8220842
150	8.681015	9.806355	-2.161699	1.989135
1500	8.299635	9.599338	-1.9933243	1.9607363
150_unit	7.6429543	10.14262	-0.80165935	2.3531613
150mg	6.2311316	8.282215	-0.71108764	1.527564
15_30_minute	4.5790315	6.806331	-0.43967578	3.0342915
15_month_ago	6.7873545	9.354961	-0.42517683	1.7034953
15_year_old	5.712121	7.627537	-0.19036081	0.0753941
15mg	3.51838	6.3514085	-1.9748843	3.3610063
160	6.130317	7.778686	-1.669558	1.9713004
16_ounce	3.0869825	7.1309414	-0.96754855	2.1395597
16_week	6.0190105	9.234545	0.23263642	2.1011386
16_year	5.5715294	7.3501043	-0.008600687	-0.032037172
17_day	6.5898237	9.435494	-0.3321205	1.7758055
17_year	5.3874383	6.801329	0.267949	0.10841116
17th	7.582447	10.078796	-1.0627859	1.4513769
185	6.1571856	7.4298005	-1.8408953	2.1005335
18_hour	5.8692	8.81874	0.16189092	1.9905461
190	6.019303	7.740444	-1.4628171	1.8878915
19_year	5.6318645	7.3455873	0.28803816	-0.3483069
19_year_old_son	6.1995378	9.305216	0.19644687	1.9581057
19m	5.640841	7.6872277	-0.24118394	0.52079636
1_000	8.362588	9.691628	-1.9744279	2.0374932
1_2_month	5.849404	9.371422	0.5846745	2.467741
1_30pm	7.0884166	9.202225	-1.0319418	1.3628329
1_500	8.103638	9.53788	-1.8741757	1.9127859
1_5_month	5.819079	9.090615	0.33386737	2.2057574
1_800	7.1770253	8.72958	-1.2308269	1.3971324
1_day	5.6374173	9.237463	0.41828713	2.4652324
1_injection	6.964738	9.61945	-0.53617734	1.9387002
1_minute_hold	6.129536	6.3805947	0.47625595	4.009603
1_year_ago	6.579127	9.52921	-0.14108078	1.3545966
2000	8.610248	9.750638	-2.1615443	1.971326
200_unit	7.684646	10.140403	-0.81682426	2.3924768
2014	6.639496	6.28139	-1.2233369	0.61619663
2018	7.1794887	9.743531	-0.93136436	1.5591214
2025	7.716698	9.861787	-1.207448	1.2935784
20_mg	3.4177434	6.251991	-2.1408045	3.1668339
20_year_old_male	5.675524	7.687206	-0.21381715	0.5889024
20k	8.054494	9.2937	-1.8436366	1.7523957
20s	5.370976	6.912455	-0.10970707	-0.16095342
212_305	6.868972	8.262663	-1.0537778	1.0647972
21_year_old	5.7128177	7.485657	0.15044186	-0.28182456
21f	5.719005	7.372514	-0.06854263	-0.026708052
21st	7.417103	9.829303	-1.034277	1.5702016
22_year	5.6602297	7.5213666	0.20897478	-0.25411168
22f	5.679635	7.429156	-0.31548324	0.41217935
2300	5.874865	7.703381	-0.95349663	1.6455868
23_year	5.651215	7.503091	0.20714363	-0.27557752
23f	5.8432927	7.8002887	-0.19182478	0.25424573
240	7.9202724	9.618858	-1.4909084	1.928683
2400	7.780094	9.300607	-1.7112586	1.7904259
24_7	4.2488513	5.7850304	0.42257872	1.0448961
24_hour_test	7.5683494	8.792022	-1.5388	1.395097
24_now	5.5696673	7.637319	-0.10202215	-0.030276785
24_year	5.651879	7.480284	0.22685288	-0.26627815
24_year_old	5.6282797	7.42144	-0.13753116	0.12698759
24_year_old_female	6.0510964	7.901242	0.02874626	-0.0218754
24f	5.6346164	7.3062887	-0.11324719	0.038723223
24h	5.7343087	9.0121355	0.37985867	2.169039
24h_ph	6.583269	6.7292595	-1.2162211	1.9193959
250	8.663406	9.7753935	-2.1468334	1.9643
25_unit	7.685677	10.000299	-0.8551796	2.3940523
25_year	5.6191764	7.455476	0.2730234	-0.34618554
25_year_old	5.575066	7.455772	-0.006456008	0.021691456
25m	6.0980177	7.943678	0.06718882	-0.1289772
26_year	5.7574797	7.616148	0.14111882	-0.2862502
26_year_old	6.005	7.825185	0.056829598	-0.19475146
26th	7.656372	9.858924	-1.181248	1.3168724
2700	7.9673734	9.344776	-1.7994026	1.8198012
27f	6.094002	7.9674134	0.05781562	-0.081797116
27m	5.756557	7.5092287	-0.16777213	0.3364678
27th	7.6546884	9.991414	-1.1479259	1.3994039
28f	6.55857	8.252078	-0.21537694	0.17977247
28th	7.6977386	9.956229	-1.1736869	1.3192656
28th_of_august	7.0141115	9.616297	-0.59989685	1.8352885
29_now	5.218836	6.870412	0.12615876	-0.010017768
29_year	5.8545656	7.8097754	0.11959458	0.0015404826
29_year_old	5.68478	7.6332006	0.08918615	0.09221457
29m	6.163195	8.057108	0.008876173	-0.022345053
2_3_hour	3.8339314	7.5390472	-0.48172444	2.4276416
2_3_month	5.8839827	9.368044	0.5738059	2.4537659
2_3_week	5.681482	9.290622	0.6201778	2.535872
2_beer	3.166594	7.1790276	-0.5645614	1.9180479
2_day_post_op	5.821861	8.978545	0.40288788	2.0258787
2_dose	7.525065	9.48863	-0.8551205	2.138655
2_injection	7.5166364	9.762106	-0.88649374	2.1687171
2_month_post_op	5.9837074	9.082939	0.26388487	1.951231
2_round	7.4514227	9.674451	-0.9090136	2.106837
2_week_post_op	6.0104237	8.917907	0.1907434	1.8321655
2_year_ago	5.563058	7.895998	0.17607166	-0.20382266
2am	4.204855	7.213985	-0.22025907	1.9564794
300	8.644407	9.774023	-2.1727939	1.9772935
3000	8.75039	9.787374	-2.210175	1.9417614
30_60_second	5.3034115	7.1206846	-0.5735916	2.3659203
30_min	4.3892107	7.810339	-0.547979	2.3200016
30_minute_before	3.0422904	6.6171093	-1.3516594	3.2655208
30_rep	6.0202804	6.3361444	0.43284392	3.99649
30_unit	7.696283	10.041195	-0.8547483	2.3844354
30_year	5.571155	7.37523	0.33876684	-0.34369653
30f	6.9269238	9.57608	-0.62127244	1.7604675
30m	5.8934984	7.2362704	-0.17180067	0.15764147
30s	5.41971	7.0168104	-0.27724412	0.069154054
30th	7.733376	10.048406	-1.1492051	1.3400413
31_now	5.367635	6.5560083	-0.058797665	-0.14430684
31st	7.669934	9.925124	-1.1597351	1.327738
3200	8.272498	9.478589	-1.9281423	1.8856732
32_year	5.6512475	7.4616	0.25512564	-0.32561752
32_year_old	5.853949	7.7145033	-0.15156054	0.16626808
350	8.200055	9.521917	-1.958814	1.9414407
3500	8.527921	9.645912	-2.07973	1.8920385
35_year_old	5.585079	7.1747804	-0.17949146	0.05215471
3600	7.201266	8.834677	-1.147177	1.5776732
3800	8.264222	9.5467415	-1.8821608	1.982421
38_year_old	6.739764	8.364494	-0.1585851	0.08494292
3_000	8.741785	9.735193	-2.1814108	1.886824
3_1	6.9386535	9.1288395	-0.8915409	1.5552037
3_4_day	5.593355	9.199722	0.643385	2.5175507
3_4_month	5.933071	9.424808	0.639415	2.5036101
3_5_month	6.0172205	9.432239	0.49926883	2.366515
3_6_month	5.915757	9.365518	0.5884655	2.451017
3_beer	3.6368318	7.303574	-0.37027666	1.8244483
3_bite	2.694179	6.9204774	-0.5770745	2.342563
3_injection	7.762824	9.563881	-1.1784093	2.346486
3_month	5.937872	9.459501	0.6326606	2.5026836
3_month_mark	5.952006	9.296995	0.5963247	2.3760118
3_month_post_op	5.7177286	8.858127	0.4812553	2.1059072
3_set	6.147949	6.3804126	0.4879733	4.0001183
3_week_post_op	5.640835	8.921022	0.514668	2.22481
3_year_ago	5.542535	7.8109374	0.14066067	-0.2287466
3am	4.308754	6.8110437	-0.17852716	2.290527
3k	8.799495	9.792034	-2.2158244	1.8782167
3pm	4.1070867	7.829935	-0.46781135	2.445431
400	8.629418	9.766465	-2.164474	1.9980034
4000	8.689416	9.75395	-2.176666	1.9325873
40_unit	7.6626062	10.105496	-0.8192327	2.3823166
40_year	5.4304595	7.2119627	0.07854937	-0.1027138
40_year_old	6.1269608	8.027143	0.013624571	0.15337713
40mg	3.3616836	6.110988	-2.2915084	3.17247
40s	5.7713594	7.732841	-0.36857718	0.33433068
42	5.5996914	7.487282	-0.026493648	-0.14797789
43	5.7109756	7.911951	-0.4536156	0.55639625
43_year	6.076002	7.917886	-0.039456297	-0.01477337
450	8.212817	9.447873	-1.8445054	1.9227883
4500	8.658538	9.720673	-2.1668184	1.9140286
45_degree_angle	5.085891	6.355919	0.046676397	3.6956728
48	5.4946065	7.462223	-0.18624026	0.1529848
48_hour	5.443008	9.175477	0.5774415	2.5815635
4_000	8.387939	9.51692	-1.9118533	1.8829461
4_5_hour	4.4679046	7.602873	-0.5060161	2.2472239
4_5_inch	3.714215	6.235253	-0.39689812	3.7754688
4_day_post_op	6.3736353	8.904172	0.14857991	1.0964702
4_month	5.925095	9.462305	0.60859233	2.4786475
4_month_post_botox	6.02798	9.281817	0.38634104	2.1662915
4_month_pregnant	5.141657	7.2954755	-0.38381836	1.2706617
4_week_post_op	6.0105424	8.778647	-0.10770689	1.6600311
4_year_ago	5.5935493	7.8271136	0.14124303	-0.2065541
4k	8.673675	9.774113	-2.164528	1.9564842
4pm	4.361902	7.897204	-0.5063398	2.3413196
50	7.6829247	10.125286	-0.7925468	2.4505677
500	8.660958	9.788053	-2.1813905	1.9893717
5000	8.812925	9.785452	-2.248467	1.8649089
5000_cad	8.201605	9.43776	-1.8601493	1.870574
500mg	3.471998	6.4170103	-1.9475693	3.1506622
50_100	7.706724	9.591214	-0.9847087	2.2610447
50_100_unit	7.636558	9.51914	-0.9654745	2.2243495
50_75	7.551324	9.331374	-0.96274966	2.123104
50_time	5.485477	8.651926	0.09588358	1.8260374
50_unit	7.671655	10.2557955	-0.750617	2.4472651
50_unit_in_office	7.2941194	9.6443615	-0.87970227	1.7952161
50_unit_injection	7.1631975	9.316724	-0.87862945	1.7619997
50_unit_of_botox	7.689357	10.151197	-0.87407815	2.2612786
50_unit_with_lucy	6.168514	9.116378	-0.16987036	1.8940097
50cc	7.4936266	9.570693	-1.0786461	1.9170839
50mg	7.6366353	10.219048	-0.7534703	2.376294
50ml	7.4201565	10.043545	-0.71555686	2.1712978
50u	7.6050663	10.168268	-0.7625955	2.36292
50u_in_office	7.491796	9.792881	-0.98945117	1.6842474
5289	6.864558	8.420988	-1.0833725	1.2002993
52_year	6.2469187	8.051009	0.012130827	-0.06053781
53_year	6.0354795	7.87831	-0.016159922	0.016537795
54	5.51903	7.5495863	-0.2009475	0.23057298
55	5.666535	7.648609	0.04915942	-0.18328464
550	8.139894	9.539728	-1.8691705	1.9935862
5500	7.820228	9.2957115	-1.7654734	1.7814689
55_unit	7.412909	9.79671	-0.90715176	1.8715432
55_year	5.729651	7.5784264	-0.120971434	0.15248597
575	8.132845	9.44212	-1.6687266	1.9959642
5_day_post_botox	5.691679	8.964519	0.41866735	2.1206114
5_hop	3.5257065	6.3402886	-2.0469491	3.3549197
5_hour_away	7.79431	9.861139	-1.3177544	1.352705
5_hour_drive	8.087164	9.495561	-1.6258322	1.240887
5_month	5.916235	9.46819	0.60100895	2.4542758
5_month_fifth_150	5.548488	8.842227	0.06633035	2.184142
5_month_late	6.2522745	9.38773	0.13734104	2.0613585
5_month_out	5.9955993	9.325551	0.45394894	2.24241
5_month_post_op	6.012704	9.043849	0.39100945	1.8694744
5_month_pregnant	4.514814	6.821737	-0.20671795	1.3833911
5_year_old	5.3888764	7.123382	0.25566998	-0.1652896
5am	4.2161965	7.359899	-0.28838176	2.2156274
5k	8.764864	9.805739	-2.1981177	1.9037688
5pm	3.8426363	7.617934	-0.47466815	2.429352
5x	5.473656	7.701362	-0.48739123	1.7420508
600	8.703015	9.757307	-2.162254	1.9553239
63	5.6699867	7.5530806	-0.101902746	0.15319762
65	7.4972787	9.66416	-1.0453025	2.0829217
65_unit	7.3154774	9.917421	-0.6811618	2.074584
6_day_post_botox	5.782801	8.980642	0.3574001	2.057036
6_month	5.972291	9.490619	0.6094018	2.4932098
6_month_ago	6.6431108	9.652223	-0.17522977	1.4922682
6_month_late	6.439824	9.483149	-0.020848619	2.0103188
6_month_mark	5.980928	9.398842	0.6208306	2.4550574
6_month_post_botox	6.0043592	9.258437	0.3950437	2.147296
6am	7.645685	9.550905	-1.7520661	1.8887465
6pm	4.442831	7.8729973	-0.5681764	2.2559335
6th	7.6118107	10.063549	-1.0848229	1.4071305
6th_grade	5.3373165	7.2597446	0.19821216	0.48197576
70	7.5341873	9.731379	-1.0263083	2.1658611
700	8.644668	9.765129	-2.1619585	1.9711301
70_year_old	5.8949656	7.7500577	0.02537297	-0.1428295
70_year_old_lifetime	5.722802	7.473105	-0.4608383	0.7018188
75	7.6987085	10.145134	-0.8051739	2.4474356
750	8.400307	9.638391	-2.0465634	1.9622558
75_100	7.581354	9.445877	-0.93304145	2.1590095
75_cc	7.52691	9.501797	-1.0135909	2.0554724
75_or_100	7.744878	9.526919	-1.0814197	2.241147
75_unit	7.6944685	10.234278	-0.7779269	2.4548569
75_unit_of_botox	7.6201015	9.998936	-0.9752323	1.9153624
75_unit_under_general	7.6957226	9.855713	-1.453072	1.9565475
75_unit_with_doctor_bastian	7.96846	9.557642	-1.676498	1.8859638
75_unite	6.130165	7.3114743	-2.0544393	2.1641603
75u	7.4020534	9.843886	-0.88688004	1.8891863
7_45	7.64021	9.459524	-1.6695545	1.7909116
7_5_month	6.0362735	9.1401415	0.20495129	2.0247464
7_day_post_op	6.2424884	8.371527	-0.32627505	1.3638952
7_month_ago	6.7496395	9.629092	-0.32430246	1.6772556
7_month_pregnant	4.522438	6.800127	-0.23281576	1.3383069
7_week_ago	7.0667696	9.409519	-0.64976794	1.9082402
7am	7.6805816	9.744325	-1.7087888	1.8882636
7th	7.555013	10.047125	-1.0394659	1.4216115
80	7.6795697	10.00857	-0.84270996	2.422238
80_100	7.5683074	9.569606	-0.916315	2.174613
80_90	7.5534844	9.394914	-0.8897415	2.1852438
80_of_patient	7.6414666	9.597731	-0.8866971	2.2089865
80_success_rate	7.7045665	9.6392975	-0.91943544	2.2360206
80_unit	7.6352143	10.27855	-0.7249687	2.411847
80_unit_of_botox	7.493858	9.946483	-0.8695109	1.9791855
80u	7.502424	10.035977	-0.7558712	2.2336085
81	6.131724	7.3849792	-1.8083018	2.067966
816	7.901441	9.478571	-1.6336486	1.9001484
820	7.9979973	9.567572	-1.5923187	2.183895
850	8.724772	9.803274	-2.158125	1.9359696
85_90	7.555533	9.209896	-0.96917176	2.1095648
85_unit	7.3720565	9.764958	-0.855229	1.713427
87_unit	7.1995745	9.570172	-0.75566214	1.8959683
87_unit_of_botox	7.8749895	9.220481	-1.7310832	1.978376
8_14	7.313678	9.337124	-0.96012956	1.2008818
8_5	7.0686564	9.517063	-0.9793145	1.7090573
8_hour	3.7745752	7.447919	-0.33551887	2.345904
8_month_late	6.419738	9.484683	-0.01020535	2.0165257
8_month_pregnant	4.6677346	6.9702992	-0.20862745	1.2953581
8_pound	5.827701	7.7931013	-1.0044041	1.6060116
8_year_old	5.397547	6.963522	0.5938004	-0.2825521
8k	7.9493785	9.576114	-1.7642614	1.770436
8th	7.6653166	10.058246	-1.1268494	1.3756232
90	7.433101	9.718307	-1.0138346	2.1577168
900	8.477785	9.685324	-2.0902262	1.9470991
90_100	5.783388	7.6082006	-1.0444945	1.7699474
90_percent	5.8323746	8.476454	0.37908593	1.5212048
90_success_rate	7.69159	9.614921	-0.9602488	2.1892033
90_unit	7.3531885	9.679072	-0.8168318	1.9580967
99_9	6.365854	7.463634	0.03257307	0.67129004
9_day_post_botox	5.7631116	8.86756	0.4735025	2.0488467
9_day_post_op	6.0236864	8.594551	0.027271133	1.5959353
9_hour	4.6203723	8.0111065	-0.53879005	2.179604
9_month	5.984641	9.478163	0.5160649	2.3570256
9_month_ago	6.56958	9.6096735	-0.06377891	1.4286041
9_month_pregnant	4.5207696	6.773543	-0.2647213	1.3884456
9_or_10	5.6487746	7.735994	-0.50278205	1.5219857
9_year_ago	4.96639	7.325215	-0.038212292	1.0900546
9am	7.7973833	9.6868515	-1.8518881	1.9823716
a_acid_reducer	3.4771152	6.3146844	-2.0237923	3.3429973
a_adult	5.5356436	6.8982153	0.5251236	-0.4753248
a_airplane	5.2729793	7.086361	-0.6216377	2.2889497
a_allergist	8.4098015	8.441716	-1.6752567	0.42442054
a_appointment	8.46714	9.848959	-1.5716645	1.0355663
a_believer	7.3733215	8.251161	-0.70036	0.87254566
a_blender	3.1267178	6.969375	-1.1362079	2.574808
a_blessing	6.2998104	7.74277	0.22336587	0.52891237
a_breeze	7.0339837	9.136317	-1.0457536	1.5168847
a_bucket	4.5673566	6.9678016	0.11206224	2.348558
a_bummer	6.704493	9.128273	0.37901655	0.66450644
a_byproduct	4.682438	5.33946	-0.7573091	2.1702647
a_camera	6.7261753	7.1011896	-1.326425	3.682061
a_chair	4.718837	5.9918437	0.3690716	4.032816
a_charm	7.2225423	9.804692	-0.5688998	1.8902233
a_chaser	2.7960894	6.842379	-0.67623764	3.0399928
a_child	5.49014	6.8984427	0.5714413	-0.4372958
a_chiropractor	8.068729	8.52999	-1.3295684	0.47562167
a_coincidence	6.552095	5.8907275	-0.33212972	0.21002635
a_cold	4.293363	6.159047	0.2870109	1.7655473
a_colonoscopy	8.633545	7.449791	-2.133388	0.6780517
a_concert	3.3674104	7.2118692	-0.27177498	1.8596778
a_connection	6.576536	5.8433704	-0.39364722	0.10462897
a_consult	8.521019	9.779585	-1.6107572	1.0190879
a_consultation	8.5224695	9.811868	-1.6194665	1.0437273
a_correlation	6.5672293	5.863894	-0.36027133	0.112752825
a_croaker	6.124543	7.8898773	-0.0049006445	0.21860516
a_cup	2.2491884	6.989023	-0.8556585	2.4290273
a_daily_basis	4.792846	6.0505233	0.15271798	0.50684583
a_demon	4.9811745	7.371647	1.5132077	1.7741762
a_diagnosis	8.779749	8.094777	-1.6189802	0.08520809
a_discount	7.485381	9.671246	-0.8504794	2.0685713
a_egd	8.452353	7.721651	-2.0273721	0.7530911
a_ekg	8.363188	7.469709	-2.048811	0.773968
a_emetophobe	4.9112396	6.730237	1.3845394	0.4934983
a_endoscopy	8.737703	7.48473	-2.2165568	0.7536065
a_ent	9.058806	8.489666	-1.7647144	0.11933754
a_esophagram	8.556353	8.031347	-1.8615702	0.5415298
a_exorcism	5.0372243	7.2969503	1.3623152	1.8499093
a_fast_eater	2.6381435	6.869581	-0.70408326	2.9188735
a_frog	4.911491	7.4000216	1.6116003	1.7023044
a_fundoplication	6.663856	5.865366	-1.0754551	0.43916363
a_gastroenterologist	8.958056	8.266943	-1.7577889	0.11216999
a_gastroscopy	8.7114725	7.5091867	-2.1891346	0.7244457
a_genetic_component	6.467718	6.5799747	-0.33104485	0.09185135
a_gi	8.998883	8.309068	-1.8193856	0.121289216
a_giant	4.335691	6.452847	0.39740264	2.953632
a_gig	4.553359	7.329894	-0.2010381	1.7917212
a_gigantic	5.3218446	7.055342	1.2133482	2.3090878
a_glass	2.1505277	7.019053	-0.84514827	2.3308833
a_good_sign	5.805924	8.864043	0.86641556	2.2754407
a_gown	6.4489255	7.6690164	-1.6141827	3.3033602
a_gp	8.980387	8.541102	-1.7491956	0.170551
a_gradual	5.740663	8.859612	0.5589611	2.2000504
a_h2_blocker	3.4023497	6.1759634	-2.2396834	3.1711462
a_heat_pad	4.9688425	6.1610684	0.032967918	3.9487488
a_hh	6.636549	6.961858	-1.0506321	0.6451062
a_hiatal	6.334771	6.016816	-0.79654926	1.0426309
a_hiatal_hernia	6.598799	5.4399514	-0.93100005	0.11821322
a_hiatus	6.6239567	5.570651	-1.058643	0.25493348
a_high_dose	7.6211433	10.258244	-0.6802162	2.424184
a_hmo	8.7672205	9.078676	-1.8751365	0.92314404
a_incline	4.0511274	6.1484637	-0.2134584	3.9557784
a_infant	5.5635643	6.9200478	0.49499872	-0.41903916
a_laryngologist	8.806546	8.610465	-1.6298678	0.2339335
a_laryngoscope	8.639583	7.587565	-2.2025528	1.0241421
a_learn_behavior	6.67967	6.6529675	-0.37861654	0.91401476
a_letter	8.683006	9.277292	-1.7122899	0.7809247
a_lifesaver	6.751411	7.639923	-0.19309594	0.7095
a_literal	5.1270895	7.3680863	1.010802	1.574661
a_little_bit	4.3599515	6.440747	0.77090937	2.9315953
a_low_fodmap	2.848734	6.326211	-1.7591087	2.3363588
a_lump	4.5207524	7.860344	0.11375328	3.0636327
a_major	5.8198814	6.0860176	-0.3774454	0.14971723
a_marathon	5.757761	8.357051	0.88556015	2.380113
a_medical_bankruptcy	8.008717	7.786586	-1.6521094	0.58050835
a_mini	4.836699	6.942399	0.46385464	2.3498683
a_minor	6.718562	5.9273424	-0.98796517	0.4411427
a_misdiagnosis	6.5478454	5.8638306	-0.8643286	0.11388877
a_monster	5.0831046	7.4349194	1.2405033	2.0320985
a_myriad	6.287469	6.143938	-0.7961521	0.36339134
a_name	7.2773914	8.600038	0.15798831	-0.3819162
a_narrow	6.4032817	5.9634147	-0.83286357	1.9697545
a_neurologist	8.583893	8.409716	-1.6083235	0.24350418
a_nightmare	5.5528007	7.798239	0.10573115	0.91051173
a_no_burper	5.564794	6.931086	0.4997727	-0.49555197
a_noburper	5.6889796	6.918745	0.4178179	-0.51454324
a_normal_person	5.187114	7.720327	1.570712	2.5067449
a_numb_agent	6.4523106	7.140731	-1.1896034	3.4969447
a_otolaryngologist	8.571912	8.528026	-1.533262	0.24533653
a_panic_attack	4.6116934	6.217288	0.720912	0.7244303
a_peer_to_peer	8.005726	9.227347	-1.6264342	1.3088722
a_piece_of_cake	7.3302817	9.635789	-1.2134922	1.736904
a_possibility	6.766263	6.0868564	-0.3994982	0.13262019
a_ppi	3.3149695	6.0284452	-2.4081285	3.159
a_precaution	3.4369962	6.3763366	-2.0455384	3.2421925
a_probiotic	3.4616928	6.346746	-1.8999673	3.4417813
a_psychiatrist	8.460569	8.22118	-1.7189125	0.26361412
a_red_bull	2.22448	7.1522126	-0.72472084	2.0862136
a_referral	8.938006	8.632371	-1.7545879	0.27407908
a_revelation	6.518921	8.411666	0.2076043	0.005794287
a_row	5.1273007	8.126691	1.607741	2.5997155
a_scope	8.6534605	7.568497	-2.2143514	1.0445851
a_second_dose	7.623044	10.338857	-0.64476323	2.3941743
a_second_opinion	8.863418	8.541928	-1.6868883	0.2201831
a_second_round	7.609347	10.310367	-0.65626526	2.407572
a_singer	5.4836087	8.336867	-0.15980169	2.0169687
a_slight	4.530359	6.068648	0.40995705	2.7329156
a_small_hiatal	6.616393	5.5243993	-1.0668124	0.19900945
a_smoker	6.0351825	6.6355076	-0.7964227	0.8086552
a_smoothie	2.5506477	6.9615192	-0.95201397	2.8824356
a_soda_stream	2.1676252	7.202857	-0.8264395	2.07349
a_specialist	9.042193	8.581585	-1.740871	0.15126401
a_spectrum	6.3792253	6.1269293	-0.28600866	-0.13696389
a_speech_language	7.904214	8.00656	-1.3772149	0.4554528
a_speech_pathologist	8.320907	8.498023	-1.5080438	0.38663432
a_speech_therapist	8.380265	8.644021	-1.48604	0.3955382
a_stomach_ache	3.9387035	6.835773	0.24164769	1.4496063
a_stomach_bug	4.935858	6.745414	1.0061141	0.36934298
a_teaspoon	2.7168198	6.91624	-1.0134945	2.7334015
a_tendency	5.1771717	6.6804876	-0.14945653	2.0336876
a_tennis	5.4760203	5.8202457	0.6185682	4.0216284
a_toddler	5.2103176	7.0350966	0.77026176	0.2972947
a_toilet	4.7042427	6.5479045	1.7307278	2.079458
a_ulcer	6.5128016	5.739897	-1.1409134	0.28364372
a_ultrasound	8.539622	7.3960357	-2.1496072	0.74595267
a_vicious	5.516611	5.220182	-0.22762635	2.0940363
a_viscous	4.365399	6.6905003	0.34706104	1.4355448
a_wedge	3.7485962	6.2135043	-0.35850272	3.8454201
a_wedge_pillow	3.4388695	6.275356	-2.0396607	3.1373107
a_weird_quirk	6.177738	7.1266837	0.0003206367	0.07770614
a_weirdo	6.2348576	8.219447	0.25693408	0.14905532
a_whisper	4.5399866	7.4120655	0.047171604	2.7695322
a_x_ray	8.634575	7.384795	-2.2050505	0.71452856
aa	5.72055	7.4982357	-0.889546	1.6985538
aaah	6.4241753	8.87734	0.4100902	0.80166906
abd	6.170063	6.3882246	-0.5917221	1.1306486
abdomen	5.1612	5.299487	0.17016745	2.785636
abdominal	5.495045	5.033534	-0.15722595	2.3445256
abdominal_area	5.7557282	5.8720145	-0.5976204	1.8572795
abdominal_bloat	4.6915665	5.908854	-0.010429244	1.2502807
abdominal_cramp	4.970424	6.6090736	-0.19035532	1.1248953
abdominal_discomfort	4.744484	6.0139127	-0.11757584	1.0664608
abdominal_distension	5.1893134	6.0787582	-0.35893822	1.2916192
abdominal_distention	4.681361	6.1847873	-0.09947507	1.1416132
abdominal_massage	5.8528357	6.2364874	-0.06940143	3.4371395
abdominal_muscle	5.658812	5.4583907	0.72306585	3.5349472
abdominal_pain	4.429859	5.60211	0.2868196	0.90997523
abdominal_pain_and_nausea	5.419675	7.2742352	-0.38712606	0.72857225
abdominal_pressure	5.591977	5.8049893	-0.45542008	1.7593255
abdominal_x_ray	5.8782396	6.8275833	-1.0161763	1.5788372
abdomino_phrenic	6.895198	6.190705	-1.0318164	0.66226876
ability_to_burp	6.017538	9.343008	0.59368485	2.416454
ability_to_sing	6.596829	7.9637556	-0.66199356	1.159644
ability_to_swallow	5.9210315	7.7396193	-0.74112684	1.3256954
abit	5.096461	7.9523225	-0.05912973	2.2034159
able_to_burp	5.4701767	8.005956	1.5605317	2.617599
able_to_burp_on_command	5.806162	8.710159	0.5939007	1.874326
able_to_control	5.475456	8.485692	0.98899287	2.286059
able_to_eat	2.5348852	6.8461895	-0.6237762	2.90427
able_to_release	4.860309	5.6552024	0.7257599	2.54133
able_to_vomit	5.370813	6.9277554	0.65723133	0.52222204
abnormal	6.4042487	4.949802	-0.21160686	2.2689795
abnormality	6.7626348	5.684285	-1.0435611	1.2716962
about_2000	8.287861	9.5802555	-2.001728	1.945347
about_25	5.567173	8.797476	0.37388185	1.9755614
about_2k	8.391044	9.540563	-1.9502857	1.9291378
about_30_minute	7.287531	9.360698	-1.7162256	2.0493126
about_3500	8.078334	9.396454	-1.8092821	1.9157084
about_4k	8.099107	9.440701	-1.8641324	1.8385563
about_800	8.295577	9.521086	-1.8900613	1.9783195
about_850	8.169123	9.575339	-1.7187735	2.202778
about_doctor_bastian	7.5610185	8.453382	-0.7153874	0.037547175
about_r_cpd	8.5902	8.395585	-1.2275826	-0.10819184
about_rcpd	8.374397	8.335331	-0.9850077	-0.23411022
about_section	8.003227	8.526816	-0.87963504	0.045536406
about_this_condition	8.086806	8.221946	-0.77725166	-0.28419665
above_average	5.8881	7.346975	-0.009603802	0.6247835
above_liquid	5.7390738	6.889583	-0.6136967	2.0702033
above_my_head	5.475838	6.2425694	0.40493065	3.7551093
absent	5.8955603	6.223448	-0.87907994	1.6059701
absolutely_awful	5.454153	7.459458	-0.21846282	0.72537625
absolutely_change	6.2862506	9.466608	0.17568955	1.0805106
absolutely_insane	5.0606837	7.2026567	-0.3466347	1.6744822
absolutely_life_change	6.5679173	9.567258	-0.034869146	1.38492
absolutely_love	6.94977	9.20894	-0.48277083	1.0717132
absolutely_miserable	4.1964827	6.8489532	0.2846236	1.4092557
absolutely_terrify	5.090994	6.836009	1.132008	0.37848905
absolutely_worth	6.7658205	9.687168	-0.16793187	1.6461887
absorb	4.659723	5.218785	-0.6494193	2.182519
abstract	6.4526052	7.0205116	-1.1779301	1.4954889
abuse	6.635096	6.4728236	-0.37727872	0.5985867
academic	7.640237	7.775909	-1.0649204	0.34652674
academic_research	7.432966	8.156055	-0.8096098	0.37375036
accept	8.969971	8.967474	-1.8162879	0.6825494
accident	4.9883037	7.6828976	1.6953766	2.4414554
accident_burp	5.1578617	8.009244	1.645851	2.6156926
accident_microburp	5.164871	8.171469	1.3553814	2.2905662
accident_swallow	4.666961	6.0741744	0.5425028	2.4644008
accident_throw_up	4.7539387	6.6181483	1.6727301	1.7311846
accident_vomit	4.9032245	6.8421426	1.1974611	1.2099928
accompany_by	4.519358	5.910298	0.24725151	1.1568525
accompany_by_a	4.917117	6.416001	0.27427974	2.027482
accomplish	6.0256534	7.091159	0.6680331	2.5089586
accumulate	5.0847917	5.183668	0.041674666	2.4619904
accumulation	5.70059	6.5664062	-0.60945237	2.195814
accuracy	7.777843	9.353948	-1.2456082	2.354918
acetaminophen	3.3230972	6.666978	-1.6418796	3.275375
achalasia	7.1265264	5.8160033	-0.91028166	0.6747545
ache	4.9252353	5.6968045	0.1750826	2.7658958
achieve	6.2448597	7.291361	1.1667178	3.0668447
acid	5.03548	5.2439117	0.055563413	2.5631132
acid_blocker	3.462483	6.1121	-2.3219106	3.2343614
acid_burn	4.7212753	6.2296724	0.10978454	2.7935882
acid_come_up	4.502339	6.2533965	0.4383573	2.2806385
acid_damage	6.662981	6.048206	-0.9977521	0.4979519
acid_food	2.35744	6.5656805	-1.2058401	2.337213
acid_medication	3.4674444	6.2194448	-2.1716576	3.2489164
acid_production	4.632627	5.55181	-0.85919297	1.9765496
acid_reduce	3.4031343	6.176098	-2.2072728	3.0596693
acid_reduce_medication	4.5615273	5.6714773	-1.0438776	1.852835
acid_reducer	3.3122802	6.09682	-2.2984023	3.1347148
acid_reflex	5.407559	6.3543253	-0.57366097	1.3634536
acid_reflux	6.0461726	5.342511	-0.7746674	0.18676277
acid_reflux_gerd	6.0091243	6.355203	-0.7607745	0.5385118
acid_reflux_issue	6.197884	5.704881	-0.66343683	0.2212374
acid_reflux_medication	3.3546276	6.0569572	-2.379054	3.1826255
acid_reflux_medicine	3.4574003	6.30492	-2.0561976	3.3511598
acid_reflux_symptom	5.457609	5.880359	-0.4676291	0.5574029
acid_reflux_which	6.3857517	5.510921	-0.8191594	0.22329296
acidity	4.6006904	5.2770734	-0.71451557	2.1264536
acknowledge	8.554141	7.878161	-1.3315026	-0.10719218
acne	3.6338046	6.3140683	-2.096281	3.2553895
acquire	6.2009606	6.7022123	-0.101386875	-0.061584435
across_this	7.005185	8.401869	-0.15435395	-0.18573403
across_this_subreddit	6.3343935	8.180351	0.15535614	0.16965272
act_of_vomit	5.508202	6.7793303	0.58433247	0.46491235
act_up	4.2711496	6.056446	0.41220817	0.92858356
action	5.863904	5.5374494	0.8622675	3.528359
activate	6.061235	5.2995567	0.6875356	3.3308883
activate_charcoal	3.4734564	6.3173327	-2.0382211	3.2321782
activation	6.3935957	5.429401	-0.28191715	2.1997943
active	6.0379906	7.209958	1.3397926	3.189648
active_ingredient	3.3140137	6.319716	-1.8183239	2.61582
active_try	5.6579723	7.968531	1.1316084	2.4168441
actual_burp	5.1723585	8.066495	1.7160203	2.6946342
actual_diagnosis	6.488347	7.923603	-0.15013854	0.3682612
actual_medical	7.743081	8.043523	-0.7963058	0.09466882
actual_name	6.739482	8.132271	-0.070610486	0.10499864
actual_physical	6.11447	6.0770683	-0.56415695	0.39969203
actual_procedure	8.217044	9.868779	-1.9147637	1.9520189
actual_relief	5.6987696	8.452759	0.8187212	2.241931
actual_vomit	4.7092094	6.5443974	1.7986144	1.798896
actually_enjoy	3.2626219	7.1936245	-0.35109076	1.8657044
actually_puke	4.983691	6.841518	1.1127334	1.509531
actually_throw_up	4.655231	6.5257335	1.8081222	1.5911074
actually_vomit	4.6799836	6.5035186	1.8447589	1.7249295
acupuncture	6.7090273	6.7177916	0.47265178	3.1096065
acute	5.3517175	5.8725014	-0.31635034	0.60192674
adamant_about	6.0070024	7.4921093	-0.23114303	1.6955612
adams_apple	5.6280103	5.474625	0.5940367	3.6942909
adams_apple_area	5.6633515	6.080887	-0.12562047	3.375211
adams_apple_but	5.403213	6.373573	-0.31613058	2.6316817
adaptation	5.872476	7.323946	-0.75499564	1.5676762
add_sugar	3.012131	6.663293	-1.476856	2.188369
adderall	3.4230235	6.301813	-1.805588	2.8945591
additional_information	7.5500503	8.795389	-0.89954746	0.6889061
address	8.546182	7.934252	-1.4997525	0.15183842
adenoid_remove	5.71716	7.561203	-0.6056218	1.6428514
adhd	6.589335	5.7883544	-0.68915075	-0.1136313
adhd_medication	3.501912	6.2631836	-2.0865805	3.2651517
adjustment_period	6.337744	8.895474	0.19776022	1.1860565
admission	7.7966075	9.252376	-1.7993685	1.7606014
adolescence	5.2000866	6.667108	-0.28498664	0.5985679
adrenaline	5.0393496	6.1836233	-0.12892	1.8254102
adult_life	5.226596	7.0203953	0.47229102	0.027234001
adulthood	5.4741206	6.9288354	0.2686839	-0.2398776
adverse	6.863517	7.929734	-0.879023	1.1080848
adverse_reaction	6.921201	8.708286	-0.68580043	1.7420117
advertising	7.333309	8.583403	-0.9056206	0.6583698
advice_and_support	6.883031	8.719673	-0.14959706	0.58654946
advil	3.2236917	6.624526	-1.6864349	3.3591487
advocacy	7.0312076	8.619612	0.002011702	0.49226025
advocate	8.421389	8.2332945	-1.1842579	0.04930142
advocate_for_yourself	8.7468605	8.780258	-1.7420957	0.64716923
aerobic	6.0866203	6.2253637	-0.5170558	1.8972487
aerophagia	6.5970383	5.481506	-0.7967184	0.13922797
aetna	8.712333	9.528072	-2.0555813	1.6485234
af	5.8049603	7.3812914	-0.9503604	1.9070015
afab	5.735408	6.9664	-0.38036793	0.37648457
affect	6.2957363	5.5708556	-0.4043218	0.2677802
affect_by	6.4348307	6.067529	-0.44526622	0.21789545
affect_my	5.4229794	6.1352677	-0.14837745	0.16064917
affect_my_life	5.3403587	7.170574	0.028536905	0.028783087
affect_my_voice	5.3947964	8.442103	-0.13072222	2.1519299
affect_your_life	7.0183983	7.8074765	-0.4205685	0.5477951
affect_your_voice	6.9001675	8.858922	-0.73066944	1.7502662
affiliate	7.233422	8.231319	-1.1508113	0.82996136
afflict	6.185408	6.920102	-0.37679276	0.122169085
affliction	6.961508	7.5500097	-0.4856803	0.15780906
afraid	4.805291	6.6755185	1.5647578	0.5965809
afraid_of_throw_up	5.0862236	6.864965	1.178802	0.6426341
afraid_of_vomit	5.1080227	6.8006744	1.149221	0.4691125
afrin	6.2224326	7.211287	-1.1881967	3.066088
after_botox	5.3818307	9.056045	0.6713618	2.5820658
after_breakfast	4.488496	7.573724	0.81811684	2.1368499
after_dinner	3.3631647	7.0290275	0.24952465	2.1325314
after_eat	3.3512275	6.8792086	0.39345855	1.9840288
after_every_bite	2.636764	6.8322268	-0.6556471	3.1294515
after_every_meal	3.708769	6.952274	0.7059901	1.8407176
after_food_poison	5.9658523	6.9179964	-0.37090218	0.38913524
after_meal	3.4956508	6.8916445	0.5827232	1.9486738
after_surgery	5.2332335	9.052819	0.49416092	2.6295195
aftermath	7.08038	9.231495	-0.8528652	1.9179857
afterward	4.6224213	8.491748	-0.1415785	2.8785765
age	5.422611	6.676624	0.1417657	-0.3509968
age_10	5.4010615	7.1001844	0.35775042	-0.027823674
age_27	5.6591682	7.66323	-0.010208743	-0.061249465
age_30	5.6028385	7.0660152	0.050600756	-0.10979903
age_50	6.6130624	9.62859	-0.12871146	1.4458776
age_8	5.297579	6.9611244	0.55205333	0.039750393
age_9	6.0996437	7.8456182	-0.60755223	0.6711533
age_of_12	5.5567446	7.2484803	0.18803525	0.070153154
age_of_15	5.2564774	7.09388	0.12642038	0.06574421
agency	7.817682	8.74812	-1.5330029	1.2206842
aggravate	5.7268295	5.7016034	-0.47961962	0.4890876
aggressive	4.7630143	7.0914316	1.4610546	1.8615366
agh	6.455782	8.922175	0.17064425	0.9387808
agonize	4.5482707	6.256692	0.24695432	1.101684
agonize_pain	4.9544277	6.633356	0.0075714444	1.9900564
agony	4.008957	6.362528	0.35538492	1.4141717
agoraphobic	5.816436	7.0769114	-0.47429478	0.47006273
agreement	7.414064	8.739795	-1.2613654	1.1502055
ah_man	6.3455834	8.780405	0.33131465	0.89658684
ah_thank	6.7849154	8.704799	0.099386446	0.56706595
ah_thanks	6.637512	8.44842	-0.25044966	0.84412485
ah_yes	5.5688257	7.215704	0.09426651	0.9156672
ahh_interest	6.718865	8.571736	-0.5684615	1.3225684
ahh_thank	6.7674165	8.558424	-0.38092822	0.8598659
ahh_thanks	6.6497707	8.7660475	-0.6128203	1.3889122
ahhh	6.573246	8.9174595	0.38886714	0.5869057
ahhhh	6.272813	8.413624	-0.31079796	1.266793
ahhhhh	6.184981	8.45521	0.08548085	0.9524183
ahmed_geneid	7.9831433	8.799724	-1.3628867	0.6425436
ailment	6.5222607	6.291263	-0.7331923	0.22340265
air	4.9250965	5.2381454	0.43459064	2.6673143
air_bubble	4.972496	5.7402616	0.8216748	3.0749674
air_bubble_rise	5.100405	5.906429	0.6111142	3.0433602
air_buildup	5.001289	6.169076	-0.11991375	2.192137
air_come	5.34357	6.170156	1.0527036	3.5016878
air_come_out	4.9922204	6.661134	1.4659202	2.8687723
air_come_up	5.0873218	6.243125	1.2082908	3.1683266
air_escape	5.074777	6.535101	1.3111889	3.0246916
air_flow	5.443896	6.2240324	0.3497415	2.9879665
air_hunger	5.3108616	6.233306	-0.4292477	1.1262902
air_in_my_stomach	4.685554	5.402731	0.4435095	2.3045988
air_intake	3.0066013	6.6351876	-1.1246799	2.1745112
air_move	5.0770802	5.5578403	0.6911155	3.0872662
air_pocket	5.319367	6.1424174	0.17534517	3.1023455
air_pressure	5.750198	4.95196	0.11900208	2.635808
air_release	5.070101	7.3008146	1.3187348	2.6067762
air_rise	5.1159444	5.713371	0.66664696	3.1101878
air_stuck	4.9185286	5.6855774	0.49822912	2.8288312
air_trap	4.84495	5.367513	0.48552832	2.5920131
air_travel	5.1005516	5.845534	0.31416288	2.7730575
air_try_to_escape	5.060322	7.227104	1.1626391	2.3138375
air_vom	4.9177175	6.8892126	0.91610134	1.9901167
air_vomit	4.7225566	6.481065	1.8831223	1.9234074
air_vomit_technique	6.0518427	7.044033	0.28547582	2.5242612
airbnb	7.8825765	9.547194	-1.9355298	1.9687046
aire	6.1484013	7.2929864	-2.4738095	2.2846286
airway	6.159659	5.288053	-0.1138065	2.8420815
airy	5.044957	7.507539	0.9233819	2.2953641
aisle	4.5683393	7.1308393	0.03799423	2.1039288
alan	6.966579	8.793016	-0.9369436	1.1358995
albany	8.149205	9.207916	-1.5644443	0.8742597
albany_ny	7.4692144	9.188499	-1.1491535	1.0959095
alberta	8.277863	8.999263	-1.5816431	0.6948672
albuterol_inhaler	5.5735116	7.174575	-0.8617611	1.3373739
alcohol	2.1343613	6.8417687	-0.824936	2.221117
alcohol_caffeine	3.0808487	6.775026	-1.3392702	2.2605002
alcohol_coffee	3.034767	6.5915775	-1.5359205	2.187809
alcoholic_beverage	2.4506242	7.089842	-0.82837987	2.0943341
alcoholic_drink	2.1677132	7.0894084	-0.8243859	2.1231186
ale	2.3151	7.1728244	-0.94086397	2.1063166
alert	5.8828936	7.2906938	-1.2339555	2.048545
alexander	7.3195133	8.490584	-1.1548496	1.0088909
alexandra_hospital	8.114394	9.487717	-1.6793209	1.3195329
alignment	6.4811654	5.87341	-0.45152807	1.8637254
alkaline	3.703197	6.259607	-1.4530128	2.417867
all_connect	6.576963	5.8440824	-0.54405123	0.14846784
all_four	5.2380095	6.244445	0.12774995	3.563879
all_honesty	6.223148	8.5325365	0.16401453	1.0108247
all_make_sense	6.4503875	8.178961	0.102314584	-0.17999695
all_my_life	5.546829	6.9400434	0.43170875	-0.48194924
all_of_a_sudden	4.9968977	7.569488	0.7777619	0.45109734
all_three	7.5298233	7.6270213	-1.0797687	0.38279518
allege	5.769084	7.158129	-1.1008724	1.7428926
allergen	6.0143337	7.3392935	-1.1854942	1.9561554
allergic	3.1486704	6.4748783	-1.495893	2.1115746
allergic_reaction	5.9039083	6.9342775	-0.6347579	1.4244633
allergy	6.374414	5.370573	-1.0067289	0.24817199
allergy_medication	3.46538	6.3582144	-2.0156145	3.323565
alleviate	4.617773	5.633298	-0.15961717	1.1431242
allow_acid	6.16803	5.1495366	-0.046292555	2.7621276
allow_air	5.6904855	5.2595167	0.2923621	3.0530953
allow_myself	4.6832576	6.9447665	0.7305815	2.1219404
allow_us	6.5005865	5.533467	-0.032454595	2.627764
almond_milk	2.7546089	6.7934027	-1.3210365	2.2535925
almost_choke	3.9004107	6.6895022	0.1041904	2.865785
almost_constant	4.466684	6.0291157	0.18384606	1.1102797
almost_cry	6.4687853	8.367535	0.25903314	-0.14257611
almost_daily	4.4508424	5.866079	0.23567653	0.94506615
almost_die	5.1596932	6.937559	-0.1919809	1.6052353
almost_everyone	5.519633	8.499972	-0.06810193	1.8524994
almost_exclusive	4.2922535	7.174521	-0.93897504	1.9036862
almost_feel_like	4.8718514	5.9631886	0.8674392	3.1240487
almost_instant	4.876437	7.190598	0.62096834	2.003302
almost_like	4.9086595	5.984451	0.93398005	3.1418295
almost_nonstop	4.913546	7.1894293	0.5039625	1.921296
almost_silent	5.3911424	7.1592274	1.1462057	2.7089598
almost_the_same	5.9097476	8.780022	0.029470006	1.4862119
almost_unbearable	4.5586305	6.424313	-0.0423344	1.2513499
almost_zero	5.2627897	7.3832903	-0.19883613	0.88298106
aloe_vera_juice	6.2838583	7.8843455	-0.9344472	1.4414744
alone_anymore	6.580749	8.692895	0.5399767	0.08461946
already_know	8.722586	8.226362	-1.4884446	0.052279074
also_add	6.5407524	7.556455	-1.1377236	1.5132635
also_contribute	5.95692	5.80443	-0.64233285	0.63736755
also_notice	3.8376176	6.6179256	0.6890129	2.0109148
also_struggle	5.6056714	6.507886	-0.09668122	-0.058401823
also_suffer	6.6238174	5.790507	-0.68707645	-0.14545347
alternative_medicine	7.63767	8.150068	-1.2464608	0.7369897
although	4.5924826	7.036489	0.6888298	1.4078485
always_accompany	4.9326973	6.2955194	-0.10067171	1.5058862
always_associate	5.344259	6.8989334	0.722965	0.449608
always_assume	5.7514267	6.619418	0.22421107	0.08887055
always_joke	6.01694	7.947719	0.39821467	0.31675076
always_struggle	5.3793464	6.482663	-0.11934248	0.11268532
always_the_worst	4.7367005	7.096062	-0.13413042	1.3200512
always_think	5.6588387	6.881677	0.4519314	-0.344439
always_wonder	5.7985187	6.743958	0.29681176	-0.11745529
alzheimer	6.409758	6.6960154	-0.827285	0.95335203
amanda_hu	8.351288	8.745795	-1.5788214	0.5494288
amazement	6.098729	8.398505	-0.016022224	0.7394399
amazing	6.762797	9.356187	0.6660004	0.32156202
amazing_community	6.554208	8.51523	0.16481926	0.46800658
amazing_good_luck	6.213883	8.837768	0.4251777	1.1781566
amazing_news	6.584155	9.005205	0.29657233	0.73236895
amazing_thank	6.825647	8.854393	0.24358155	0.41956535
amazing_to_hear	6.530503	8.976854	0.19400243	0.89354753
amd	6.08814	8.219651	-0.22203909	1.342272
america	8.919217	9.337752	-1.9139447	0.95933044
american	8.869847	9.384186	-2.015603	1.2357188
american_healthcare_system	6.7109294	8.728635	-0.6936372	1.1712563
amitriptyline	3.3624215	6.080997	-2.3436239	3.174988
amnesia	5.6950083	7.4577756	-1.057012	1.8237712
among_friend	6.0275846	7.510268	0.14923564	0.45534363
among_those	7.3709927	8.197387	-1.0180601	1.1502734
among_us	6.428712	6.412334	-0.45733234	0.18374375
amount_of_acid	4.119958	5.99539	-1.4046643	2.390175
amount_of_air	4.8965526	5.2413588	0.34696364	2.6153853
amount_of_botox	7.716434	9.541727	-1.0476843	2.2776456
amount_of_gas	4.975355	5.091464	0.0992436	2.3295906
amount_of_pressure	4.900423	5.9815316	0.2044917	2.252121
amount_of_relief	6.172711	8.730827	0.4261835	1.1513132
amount_of_unit	6.715749	9.05915	0.22357069	0.825644
amplify	5.2847724	5.9377403	-0.2623053	0.62635815
amuse	5.101299	7.5608206	1.4230989	1.2892644
anaesthesia	8.069359	9.695072	-1.6549842	2.4161122
anaesthetist	7.5991855	9.06103	-1.7021989	1.7179729
anal	6.3107166	6.501583	-1.0563499	1.6477267
analogy	5.8633966	7.194772	-0.39744574	2.038658
analysis	7.557907	7.854338	-1.0284884	0.46732768
anatomical	6.7317333	6.1700916	-0.79195833	1.3128949
anatomy	6.3885884	4.9803467	0.07324081	2.8433986
anecdotal_but	6.142321	7.029591	-0.5798335	0.58743757
anemia	6.057862	5.9915447	-0.6526015	0.3250051
anemic	5.301812	6.667224	-0.5342643	1.0168743
anesthesia	8.035431	9.697646	-1.6502944	2.4908905
anesthesiologist	8.466008	9.698532	-1.9858292	1.7106974
anesthetic	8.080157	9.702651	-1.6465383	2.4879444
anesthetic_spray	6.614724	7.154736	-1.27145	3.5677886
anesthetize	8.010107	9.541365	-1.6394494	2.3578548
angle	5.379082	5.776149	0.67181677	3.9972646
angry	4.625811	7.336347	1.1737711	1.2496531
angst	6.0554304	7.2521324	-1.4373763	1.8836453
anguish	5.2449007	7.453574	-0.09693733	1.1867135
animal_product	3.0939724	6.641135	-1.4723611	2.1339877
announce	6.6661496	8.778389	-0.26181915	0.7849212
annoy	3.9754465	6.349357	0.68734944	1.2672561
annoyance	5.6312957	6.7611413	-0.19187963	0.7031649
annoyed	5.9342422	8.345864	0.7354968	0.637921
anomaly	6.534281	7.192898	-0.33272022	0.25453335
anonymity	7.060613	8.447173	-0.21227288	0.30241868
anonymous	7.4365573	8.426727	-0.55980223	0.22756426
anorexia	5.679869	6.2880645	-0.19283646	0.043600224
anorexic	5.7996745	6.735947	-0.15913074	0.4252089
another_attack	5.419155	7.5828176	-0.31003365	1.5390962
another_condition	6.548813	5.950901	-0.8287738	0.21071883
another_country	8.826961	9.343263	-2.0151458	1.2813134
another_dose	7.5681996	10.256093	-0.6415636	2.3598833
another_ent	8.899073	8.630574	-1.7077041	0.24191509
another_factor	6.75205	7.417517	-0.89955926	0.99474543
another_injection	7.6083307	10.298072	-0.66055954	2.3867714
another_note	5.949613	7.2939653	-0.6125599	1.9059371
another_nurse	3.8778179	6.50947	-1.787351	3.401419
another_person	6.60839	8.320338	0.047070332	-0.041674335
another_round	7.5935035	10.266078	-0.6263505	2.3193488
another_shot	7.4072466	9.932335	-0.6414954	2.1265197
another_specialist	8.416297	8.703164	-1.5494641	0.41842386
another_thread	7.3392687	8.48885	-0.39298862	0.065186016
another_update	7.0846543	9.468193	0.39898297	0.42425776
answer_1	6.4082866	8.018571	0.08665604	0.96546173
antacid	3.2199178	6.018473	-2.3602815	3.0893207
antacid_medication	5.722116	7.289394	-0.9654214	1.4084309
antacid_tablet	3.504819	6.3428373	-1.9788945	3.3644216
antegrade	6.5672536	5.123234	-0.2209072	2.381343
anterograde	6.4265995	6.112675	-0.8011722	2.208791
anthem	8.469063	9.515205	-1.9556466	1.8409668
anti_acid	3.2864964	6.0540023	-2.35291	3.129993
anti_acid_medication	3.6302896	6.289879	-2.046344	3.0556328
anti_anxiety_med	3.54408	6.3545475	-1.946783	3.4544566
anti_anxiety_medication	3.5894136	6.3236256	-2.1008174	3.29642
anti_depressant	6.3321276	6.552902	-0.9320826	0.761411
anti_gas	3.3783917	6.305832	-1.9042487	2.9183023
anti_gas_pill	3.2627661	6.2750964	-1.9509811	3.0886216
anti_inflammatory	3.4342885	6.3327484	-1.6657463	2.4613903
anti_nausea	3.4921777	6.3514423	-2.162436	3.1541708
anti_nausea_medication	3.603784	6.467147	-2.086059	3.24966
anti_reflux	6.270545	6.2555084	-0.29319817	2.5359576
antibacterial	4.94996	7.294875	-0.6348335	2.1072814
antibiotic	3.3186297	6.0037265	-2.422926	3.1839738
antibody	6.6492896	6.1075954	-1.2319003	0.5933458
anticipate	6.2256246	9.365449	0.17308383	1.7091247
antiemetic	3.531368	6.42042	-2.025238	3.1646154
antihistamine	3.4746444	6.3310084	-2.0973425	3.0864499
anxiety	5.05452	6.000587	0.5335444	0.3843512
anxiety_about	4.922053	6.729091	1.248763	0.52837026
anxiety_and_depression	5.7167277	6.417675	-0.46753967	0.4460467
anxiety_and_panic	5.6438756	6.641297	0.18141456	-0.056378264
anxiety_and_stress	6.1280947	6.611368	-0.5837416	1.0876583
anxiety_around	5.318726	6.3259077	0.1671378	0.47963718
anxiety_attack	4.765768	6.377994	0.7437257	0.5048663
anxiety_depression	5.98648	5.971166	-0.62747186	0.4190686
anxiety_disorder	6.4058456	6.212843	-0.4535969	0.19221105
anxiety_induce	5.3289747	6.667472	0.5810162	0.4595387
anxiety_level	5.954422	7.071859	-0.77939713	1.4563794
anxiety_medication	3.5596354	6.299028	-2.0890007	3.3074884
anxiety_panic	5.7981935	6.867782	0.024483817	0.5794714
anxiety_panic_attack	5.7334847	6.783974	-0.19636796	0.544766
anxiety_play	6.412533	7.363319	-0.6368679	1.170284
anxiety_response	6.364751	6.0477257	-0.4441939	0.18671763
anxiety_stress	6.614146	6.4057713	-0.46951422	0.60573155
anxious	4.4420495	6.5443287	1.1165028	0.8175238
anxious_about	4.74986	6.7487416	1.4898733	0.6081559
anxious_await	6.243103	9.205144	0.14962888	1.6423993
anxious_person	5.7789125	6.8684707	-0.06827369	0.7401992
anxiousness	6.320478	6.844191	-0.561448	1.0150537
any_abnormality	8.511812	7.6291847	-2.0267322	0.7068123
any_advise	7.1904526	8.59889	-0.51429313	0.6445274
any_alcohol	2.5399516	7.108974	-0.7225656	2.063322
any_carbonate_beverage	3.7401247	7.090919	-1.0129483	2.117461
any_complication	7.092862	9.150859	-0.7412787	1.91612
any_correlation	6.495224	5.883869	-0.47167706	0.11813967
any_exercise	6.523169	6.703673	0.88406694	3.618643
any_food	2.419795	6.6946945	-0.8023042	2.6672843
any_information	7.4074373	9.021756	-0.018773139	0.21864775
any_issue	5.111844	7.039191	0.4160927	0.65225416
any_knowledge	8.015872	8.681158	-1.4578803	0.59657973
any_liquid	2.558279	6.8696227	-0.7514437	2.7388182
any_medication	3.4239147	6.286845	-2.0405939	3.3565097
any_other_suggestion	6.529862	8.570963	0.30560333	0.8769867
any_problem	5.100545	6.9909396	0.51097375	0.5623832
any_progress	6.6158814	9.199532	0.42515522	0.72904634
any_regurgitation	5.27934	8.439522	0.09189402	1.925287
any_relation	6.5613236	6.732845	-0.9956078	0.9653638
any_relief	5.2199254	8.02597	1.6098456	2.4881854
any_side_effect	6.758217	9.36459	-0.36181843	1.9681596
any_solution	6.671328	7.9871016	-0.29467374	0.25601578
any_specialist	8.211821	8.626928	-1.3914847	0.38435218
any_test	8.709999	7.596159	-2.1027715	0.63893086
any_tip	7.206561	8.87856	0.3286855	0.13659996
any_update	7.219786	9.391172	0.19161785	0.35733992
any_weight	3.8707643	6.8371005	-0.95595515	1.4681683
anyone_experience	5.530942	5.689258	-0.2463134	0.78074026
anything_carbonate	2.3983717	7.056168	-0.7339276	2.122543
anything_different	6.150793	8.984203	0.73265845	2.0874436
anything_similar	6.8044505	7.8523893	-0.1951887	0.1696834
anytime_soon	6.478982	8.827162	0.33418363	0.7121459
apartment	5.745793	7.2500086	-1.0095922	2.0856826
apd	6.8373055	6.0964117	-0.9649349	0.32889193
appeal	8.970187	9.591684	-2.127735	1.4453934
appetite	3.4388087	6.611336	-0.66891414	1.622746
apple	2.3006551	6.582135	-1.2658361	2.5094602
applesauce	2.3225045	6.807941	-0.87500036	3.0986571
applicable	7.0349226	7.6340365	-0.91911286	1.0692137
apply_pressure	5.596263	6.0572724	0.37246868	3.5811248
appointment_book	7.9740334	9.9815445	-1.2991472	1.203538
appointment_schedule	7.960021	9.900988	-1.3356775	1.1858177
appointment_with_doctor	8.289883	9.929037	-1.4990114	1.1424723
appointment_with_doctor_bastian	8.236749	9.967348	-1.4488815	1.1529067
appointment_with_her	8.1836405	9.8484745	-1.4668012	1.131796
appointment_with_lucy	7.9149814	9.934809	-1.295084	1.2212752
appreciative	6.0246673	7.933159	-0.24068505	0.31232995
approach	8.587877	8.236389	-1.3522514	0.087129556
approach_them	7.8662095	8.088387	-1.3641824	0.62807304
approval	8.9209585	9.394928	-2.0392509	1.2326934
approve	8.886726	9.681395	-2.1526587	1.6385452
apt	8.399888	9.731419	-1.6131356	1.089186
arbitrary	7.607754	7.6360564	-1.0706415	0.44848606
arc	7.5069385	8.362084	-1.4425259	0.8913577
arch	5.4044485	6.1835175	0.20192532	3.8830135
arch_my_back	5.553495	6.496049	0.5576126	3.4980772
archive	7.333038	8.418608	-0.25984013	0.23207752
are_not_alone	6.5377903	8.9008875	0.3959005	0.64361066
are_not_even	6.3569155	7.1772585	-0.46885076	0.88432765
are_not_just	5.031417	7.171489	0.43363255	1.9844632
are_not_like	5.0119166	7.5872617	0.5848943	2.2941713
are_not_many	7.34639	8.571184	-1.0779904	0.83558184
are_not_that	6.192662	7.623065	-0.4023236	1.119311
are_not_uncommon	6.3144784	6.5897684	-0.8602463	0.66590387
area_of_expertise	7.549899	8.381437	-1.2934743	0.7262288
argh	6.288136	8.145737	0.05226615	0.982451
arizona	7.820408	8.864717	-1.4503706	0.832823
arm	5.4515533	5.6600637	0.37951255	3.7756343
arm_injection	6.4520354	7.634557	-1.0547808	3.0275695
around_18	5.2690024	7.058665	-0.03821847	-0.10322901
around_250	8.024851	9.543764	-1.6735195	2.1271334
around_3_month	6.0166726	9.428323	0.55794996	2.462621
around_4000	8.710352	9.590943	-2.1189046	1.7919226
around_5	5.600704	8.493378	-0.06903503	1.5929724
around_600	8.319227	9.633441	-1.954932	2.0057428
around_80	7.4884562	9.624546	-0.7557282	2.2325497
around_day_5	5.4791374	9.014252	0.582469	2.447172
around_people	4.38704	7.2620606	0.7414823	1.6447434
around_the_world	8.062852	8.359826	-1.3057946	0.37115917
arrange	8.486716	9.790885	-1.6944273	1.124585
artery	5.653972	5.6232724	-0.34570643	2.4266996
article	8.3437395	8.512338	-0.8675135	-0.24871701
article_about	7.6619782	8.398823	-0.57530063	-0.06915724
articulate	6.0157585	7.231301	0.29133755	0.7219953
artificial_sweetener	3.324892	6.8344755	-1.2836919	2.369784
asap	8.765662	9.654829	-1.7238328	1.0827817
ascend	5.21787	5.387882	-0.4267311	2.3313057
ask	8.9354	8.603013	-1.6964569	0.31544626
ask_for_a_referral	8.709229	8.581726	-1.5416292	0.17840979
ask_how_many	7.6484103	9.488945	-1.0017172	2.128403
ask_them	8.889688	8.8690605	-1.7053635	0.4133065
ask_whether	7.239715	8.433323	-1.1770928	1.0021943
askreddit_thread	6.744123	8.342777	-0.018401423	-0.17600405
aspect_of_my_life	6.505295	7.877237	-0.14257075	0.35833305
asphyxiation	5.9207	5.6619782	-0.38903427	2.40667
aspirate	3.9902644	6.528088	0.3256356	2.8616488
aspirate_into	5.0262604	6.6565533	0.15545702	1.8210809
aspiration	6.4999657	5.8725104	-0.7893042	0.8591646
assertive	6.901703	8.243115	-0.7312536	0.9255776
assess	8.40395	7.98719	-1.4437219	0.25022632
asshole	6.2116127	7.6075625	-0.41859	1.6423072
assistant	8.489106	9.466523	-1.7639524	1.0832891
associate	5.88069	6.268012	-0.2054965	-0.10745906
associate_symptom	5.184146	5.869541	-0.18197396	0.6486823
associate_symptom_due_to_retrograde	7.6166973	7.7132654	-1.2555583	0.5170222
associate_with_r_cpd	4.871237	6.2790403	-0.10410415	1.0686206
association_between	6.4101715	6.7253513	-0.3620039	0.34333643
assume_its	5.9198575	5.4116416	-0.40925574	1.7098659
asthma	6.311542	5.3960695	-0.8625967	0.1724335
asthma_attack	6.0505266	6.404409	-0.34146878	0.47949034
astonish	5.848366	7.9855585	-0.22613177	0.8769271
astound	5.8840947	7.753361	0.14907153	0.12773845
astronomic	6.0939007	8.430618	0.06250215	1.1446767
asymptomatic	5.9749045	7.011558	-0.3659491	0.52301586
atlanta	8.4059925	9.157268	-1.6265285	0.7236369
atlas	6.157246	6.962267	-0.8161896	2.26513
atmosphere	5.7286906	6.216536	-0.52786577	2.4056325
atrocious	5.7923746	7.8059726	-0.019144543	1.3949606
attach	8.1570635	8.391747	-1.0666313	0.1211125
attack	4.416178	5.7876353	0.42027017	0.9080236
attribute	5.9402018	5.610778	-0.37646154	0.20556548
au	6.1720166	7.335593	-2.8778133	2.4225445
audible	4.870254	7.567043	1.6719451	2.1187959
audible_burp	5.2798805	8.314894	1.3178315	2.4529686
audible_sound	4.476616	7.139616	1.1039478	1.5457054
august	7.659071	10.154323	-1.1349251	1.4272134
augustus	6.166133	7.378424	-2.2320375	2.1926181
aujourdhui_concern_le_rcpd	5.989515	7.322026	-1.0271454	1.8418206
aura	6.043892	7.173017	-1.5629663	1.9251674
austin_tx	7.557345	8.889932	-1.2031709	0.810546
australia	8.901748	9.317288	-1.8311352	0.78956866
austria	8.174363	8.633724	-1.4206334	0.45731762
author	7.808364	8.058219	-0.93353426	0.16415264
autism	6.564937	6.2920194	-0.54257953	0.19661734
autoimmune	6.70356	5.92948	-1.1144933	0.50874585
autoimmune_disease	6.3839717	5.817189	-0.8799728	0.63062847
autoimmune_disorder	6.3647795	7.34596	-0.4354241	0.84169805
automatic	5.7798495	6.5198417	1.4387158	3.2995512
autonomic_dysfunction	6.5703516	6.215748	-0.9666087	0.8414018
autonomic_nervous_system	6.481351	5.7308416	-0.48756722	1.8896208
avail	5.980846	7.468192	-1.0465686	1.688608
availability	8.482941	9.705692	-1.6855806	1.0686221
available_in_my_country	7.2619653	8.738895	-0.8864531	1.7360075
avenue	7.4874544	8.260189	-1.0763457	0.8383257
average_person	4.744814	7.3965344	1.4690586	1.6444789
average_weight	5.6091824	7.371899	-0.040151916	0.22678436
averse	6.2264357	8.328364	0.11981315	0.94189954
avocado	2.5498042	6.8634825	-1.0331591	2.8307729
avoid	2.3476048	6.58544	-1.1604712	2.2896147
avoid_acid	2.7859921	6.636386	-1.3899192	2.314205
avoid_alcohol	2.4092004	6.6688223	-1.1876403	2.292552
avoid_any	2.6487424	6.597075	-1.369555	2.2639763
avoid_carbonate_drink	2.468866	6.79029	-1.1161971	2.2212968
avoid_carbonation	2.8632011	6.577088	-1.5216092	2.2440765
avoid_carbonation_alcohol_caffeine	2.9365723	6.4564686	-1.647636	2.3048205
avoid_food	2.6103907	6.6016097	-1.2087926	2.2924979
avoidance	6.5128775	6.3366733	-0.3474594	0.8530077
aw	6.5385265	8.947654	0.49235308	0.60098165
aw_thanks	6.721559	8.65744	-0.40349507	0.90082884
awake	8.06098	9.638649	-1.6472285	2.553179
awaken	5.281112	7.5271735	-0.7675351	1.9989516
aware_of_r_cpd	8.040886	8.007477	-1.1950454	0.23869537
aware_of_rcpd	7.43957	8.424479	-1.1763239	0.7996644
away_from_home	4.196412	7.07756	-0.31384143	1.8008056
awesome	6.8521004	9.410923	0.62190723	0.34871945
awesome_congratulation	6.70702	9.080864	0.008083243	0.87389797
awesome_to_hear	6.675555	9.0488	0.16300009	0.78277963
awful	4.041844	6.170404	0.6219565	1.0911274
awful_symptom	5.3600965	6.581033	-0.08864566	-0.097426966
awh	6.308199	8.65844	0.36404043	0.77904224
awkward	4.936193	7.5142107	1.6999992	1.4822241
aww	6.522492	8.878667	0.40973625	0.6073088
aww_thank	6.5737677	8.388263	-0.4326296	0.9910119
b	6.6855845	5.514573	-0.9134354	1.27044
b1	6.7758408	7.6253624	-1.1251199	1.314145
b12	3.6126995	6.248918	-1.8331734	2.474813
b_vitamin	2.8558745	6.554002	-1.5214444	2.3526542
baby_burp	5.208739	8.204023	1.5708022	2.648623
baby_ibuprofen	3.2234688	6.653399	-1.5010725	3.2535446
baby_step	6.6269846	8.474452	-0.5057065	1.0801802
back_down	5.137932	5.536663	0.69719356	3.2218206
back_in_july	7.219891	9.934702	-0.7379907	1.5885998
back_in_march	6.9205084	9.577454	-0.6860677	1.725769
back_of_my_mouth	5.0360537	5.8957086	0.33709857	3.2059133
back_of_my_throat	4.623907	6.079195	0.8014849	3.0792415
back_of_my_tongue	5.292139	5.975632	0.91002434	3.527724
back_of_your_mouth	5.7449718	6.7222247	-0.40231198	2.5879576
back_of_your_throat	5.420275	5.6668677	0.6439717	3.7749074
back_to_normal	5.272318	9.054791	0.5246966	2.6150298
back_with_a_vengeance	5.6496906	9.038528	0.377949	2.1954582
background_check	7.5394964	8.38096	-1.226912	0.92829955
backward	5.625677	6.460299	0.87782997	3.5687284
baclofen	7.1470814	7.5295944	-1.089206	0.84318346
bacteria	5.0026827	5.048199	-0.40834734	2.2024047
bacterial_infection	6.2023745	6.229905	-0.66537666	0.41137213
bad_acid_reflux	4.931512	5.937826	-0.14069514	0.44215673
bad_breath	4.6246524	5.95833	0.07970586	1.4489237
bad_cold	4.531605	6.9949727	0.20263006	2.4075782
bad_episode	4.786052	6.618638	0.051457707	0.6661094
bad_heartburn	5.033549	6.463178	-0.32456523	1.0058445
bad_posture	6.3790827	5.6802464	-0.47738364	1.8607954
bad_side_effect	6.850899	9.041535	-0.54389715	1.8550723
bad_smell	5.013971	6.806764	0.318785	1.8780553
bad_taste	4.1012373	6.4492636	0.34085366	2.7972598
baffle	7.507782	7.4548783	-0.75654113	0.028627507
baggy	5.832021	7.270088	-1.1864585	1.9972657
ball	5.27411	5.7394977	0.58911604	3.9890423
ball_roll	8.266233	9.815134	-1.4381071	1.1074078
ball_under_your_chin	6.075643	6.3052278	0.59369856	3.7335496
balloon	5.378715	5.212124	0.15582731	2.8928788
balloon_dilation	7.7334547	9.7045555	-0.9776127	2.3694882
bam	5.1482897	7.122082	-0.44906345	2.1950645
banana	2.2626557	6.776088	-0.9839943	2.9610026
bane	5.485445	7.458252	0.11031717	0.15874496
bangkok	7.7693405	8.807	-1.3904102	0.761165
barely_eat	3.897544	6.8771257	0.017756764	1.6243709
barely_fart	5.1131463	7.57251	0.18747579	1.4080153
barf	4.689626	6.5854	1.7856079	1.7388866
barium	8.637583	7.409138	-2.205976	0.7162973
barium_study	7.951026	7.869418	-1.7720636	0.93160546
barium_swallow	8.73184	7.4841366	-2.2053995	0.733486
barium_swallow_result	7.042314	7.204879	-1.1801305	0.7975941
barium_swallow_show	6.6669817	6.3220305	-1.1208439	1.1226127
barium_swallow_study	8.495509	7.754415	-2.050905	0.7812419
barium_swallow_test	8.741361	7.5178895	-2.2040656	0.75451124
barium_test	8.470529	7.7590113	-2.0129	0.7340094
barley	3.363671	7.0550756	-0.580085	2.0532272
barotrauma	5.758587	5.764316	-0.5019144	1.7199614
barret	6.6053886	6.507308	-1.0556384	0.9937396
barrett	6.6505437	5.733967	-0.8979322	0.19131003
barrett_esophagus	6.6748548	5.525326	-0.9001963	0.07340598
barrett_esophagus_which	6.625836	6.4873166	-0.7377443	0.6151329
base_in_london	8.014119	9.377603	-1.6678386	1.645495
base_of_my_neck	5.09714	5.587865	0.14363724	2.7567675
base_of_my_throat	5.0859942	5.753883	0.5894268	3.0776215
base_on_my_own	6.754385	7.5239773	-0.49235183	0.17313503
basic_understand	7.50025	7.8671703	-1.1482631	0.62545663
basically_impossible	4.6909523	7.0895476	-0.03263726	1.900577
basically_tell	8.724863	8.039697	-1.6447449	0.1303806
bastard	6.18471	8.3520975	0.03314262	0.83348835
bastian	8.591675	9.675657	-1.5344543	1.2800936
bastian_article	8.339291	8.6467905	-1.5004361	0.3835153
bastian_himself	7.9269753	9.022134	-1.474026	0.8597047
bastian_institute	8.562109	9.740786	-1.5691116	1.3365172
bastian_paper	8.581514	8.467516	-1.223016	-0.087170966
bastian_research	8.406653	8.625798	-1.5041482	0.3299285
bastian_rw	5.9843493	7.593376	-0.8288129	1.6054608
bastian_voice_institute_publish	7.332275	8.703182	-1.3344332	1.3561966
bastion	7.877706	9.584692	-1.2791361	1.1006912
bathroom	4.5561385	6.1062593	0.49973163	3.821708
bathroom_floor	4.539986	7.0558925	-0.15719515	2.3320937
battery	6.0192885	7.3479595	-1.2376482	2.1015556
battle	6.020363	7.140493	-0.25988945	0.031210333
bbq	3.4105537	7.188319	-0.4135496	1.9437355
bc	4.4662294	6.717677	1.3809576	0.89492184
bcbs	8.83442	9.575305	-2.1276007	1.6196766
be_a_breeze	7.844844	9.753477	-1.5518416	2.1855175
be_a_outlier	7.1970572	7.8608994	-1.1033034	0.82190764
be_a_spectrum	6.463609	6.133754	-0.35356513	-0.0213863
be_a_understatement	5.95702	8.167666	0.0077544022	0.5207395
be_afraid	4.7961435	6.6684966	1.6145645	0.57725847
be_at_my_wit	5.6122622	7.655771	-0.11718089	0.39428028
be_aware	8.685309	8.1795	-1.4440527	0.05218543
be_born	5.5415406	6.9103413	0.48907253	-0.43069747
be_careful	3.0745187	6.5950575	-0.26916656	3.2907763
be_lactose_intolerant	2.8395653	6.431984	-1.5446917	2.1282046
be_not_alone	6.6601815	8.809537	0.6381591	0.004513078
be_so_grateful	6.66954	9.006235	0.62960494	0.14889494
be_the_worst	4.067799	6.1642213	0.6042793	1.0945297
bean	2.313473	6.51534	-1.3290515	2.4434156
beano	3.1584587	6.2304373	-1.9431692	2.8591712
bearable	4.490072	7.873509	-0.046043154	2.5175352
beat	5.018267	5.858349	0.25869092	3.6254992
because_my_body	4.914574	6.6363454	1.4263567	2.0881696
because_of_r_cpd	5.686761	6.640834	0.32777536	0.4417189
become_a_bit	5.585319	8.51231	0.58380026	2.2019014
become_big	5.6285152	8.504399	0.9528471	2.3433664
become_debilitate	5.479224	6.9917445	-0.2637595	0.08634951
become_easy	5.8233943	8.482666	1.0178461	2.6041963
become_less	4.768992	6.706872	0.23402615	1.1553397
become_less_efficient	6.0225058	5.8438473	-0.7155286	1.1998097
become_less_frequent	5.7731996	8.870865	0.69369364	2.2061312
become_more_natural	5.9317474	8.283994	0.89513934	2.2866766
become_natural	6.02566	7.9683204	1.0088738	2.6691968
become_unbearable	5.2777705	6.936281	-0.14441198	-0.00017947653
become_worse	5.2908993	6.4781556	-0.2513577	0.053406276
bed	4.603639	6.0119	0.36843622	4.067232
bed_riser	3.6406915	6.6561103	-1.5028917	2.6384988
bedtime	3.4334595	7.1022797	-0.24661146	2.2989774
beep	5.381029	7.1143527	-0.2948625	2.2360322
beer	2.1787255	7.074149	-0.5054067	2.0666807
beer_or_soda	2.5713708	7.20392	-0.7808778	2.132346
before_bed	2.642891	6.8074346	-0.48796993	2.6509957
before_bedtime	2.8976867	6.8427086	-0.8626161	2.6187055
before_botox	4.8734517	5.997498	0.1502575	0.44589502
beforehand	7.9810557	9.678742	-1.7222626	2.4952874
begin_to_wear_off	5.979333	9.202722	0.65894693	2.4892132
behind_your	5.538447	5.850869	0.31310678	3.8445742
belch	5.159933	7.689934	1.7326542	2.5982118
belch_disorder	6.8384686	6.9805326	-1.0267696	0.81105286
belch_reflex	7.0295663	5.732917	-0.85804003	0.6488737
belief	6.94301	6.5612087	-0.65315735	0.43533346
belief_that	6.780222	6.744221	-0.94616467	0.49073988
believe	8.525027	7.6813006	-1.3948838	-0.058050044
belly	4.925628	5.1947484	0.24791946	2.4807472
belly_breathe	6.203506	6.203371	0.31751642	3.4615424
belly_button	5.6242285	6.7070365	-0.50134486	2.729032
belong	7.4950585	8.3455105	-0.5706312	0.07440688
belong_here	6.487734	8.208932	-0.06160126	0.61932415
benadryl	3.5262716	6.4019656	-2.0559096	3.1546242
bench_press	5.2915044	6.345699	0.10545126	3.7377017
bend	5.0396686	5.8578506	0.4951447	4.030068
bend_down	4.6412044	6.0572944	0.33761123	3.956217
bend_over	3.835284	6.3805523	0.19083187	3.4017303
bend_over_after_eat	3.6009347	6.272517	-0.33999047	3.7917771
beneath	5.4158063	5.4397564	0.12184931	2.956073
benefit	7.212753	9.239193	-0.59905416	2.1969357
bensoussan_in_tampa	7.206543	8.58759	-1.204282	1.1278585
bentyl	3.5379431	6.3346887	-2.002799	3.3800864
benzo	3.6197846	6.3669033	-1.9964451	3.305028
benzodiazepine	5.7863054	7.453631	-0.4832647	1.0826985
bestie	5.7916923	7.6191673	-0.1526132	0.55767673
betaine_hcl	3.3939695	6.2027698	-2.1821253	3.1972227
better_afterwards	4.3721027	7.0594487	0.50897485	1.5537286
better_understand	7.7564015	7.815689	-1.122967	0.34567598
between_bite	2.6037605	6.8446484	-0.69265586	3.0653186
between_meal	2.7240567	6.7422233	-0.90111107	2.4082181
between_my_shoulder	4.90671	5.850485	-0.05728955	2.0462801
beverage	2.1151886	6.995752	-0.63919437	2.2417376
beyond_frustrate	6.1070533	8.257204	0.1962362	0.7369301
bf	5.463856	7.7192364	0.43048754	0.8958427
bias	8.120355	7.9923725	-0.9870609	-0.004110666
bicycle	5.194214	6.2642283	0.076532856	3.7574854
big_and_big	5.5259867	8.197149	1.3414578	2.7738314
big_bite	2.7830691	6.7544546	-0.93982273	3.4134588
big_breath	3.760392	6.3948526	-1.3289778	3.5968084
big_burp	5.2079167	8.182481	1.7257587	2.7562087
big_change	5.6012077	8.626943	0.6975667	2.2472503
big_concern	6.5784664	8.969313	-0.44058895	1.6075008
big_deal	5.3159957	7.9395876	0.85912293	1.28483
big_dose	6.473897	9.048322	-0.2789638	1.7423187
big_enough	5.3428116	7.8652267	1.1113594	2.2548456
big_event	4.0076847	7.3228164	-0.3019947	1.60267
big_factor	6.1352363	6.8801355	-0.436089	0.66589594
big_fan	5.2662396	7.5111547	-0.2976978	1.1941179
big_fart	4.901252	7.2513185	0.3580756	1.583033
big_fear	4.940198	6.7258034	1.4063145	0.4988996
big_gulp	2.670306	6.7909927	-0.87021714	3.3002858
big_hug	6.534811	8.786464	0.06791312	0.9054006
big_improvement	5.638652	8.625389	0.49465957	1.9288306
big_inhale	3.88106	6.365417	-1.2291441	3.628705
big_issue	5.0488143	6.656234	-0.30045676	1.5108421
big_lump	4.5694275	7.8611546	0.05504797	3.0363736
big_meal	2.701334	6.905679	-0.26274624	2.305625
big_mistake	3.1359017	6.996595	-0.94014	2.2360969
big_mouthful	2.750102	6.7594724	-0.92727387	3.4064965
big_one	5.200086	8.187816	1.7208699	2.7458408
big_pill	3.0352685	6.7655883	-0.8778107	3.1831737
big_trigger	2.5594862	6.707752	-1.2694075	2.2753563
big_yawn	6.433027	6.601289	0.5625068	3.4483278
bij_mij	6.13832	7.3454814	-2.3047533	2.2193155
bile	4.2298717	6.211298	0.38386965	2.8189955
bile_taste	3.8976183	7.057103	-0.9431362	2.1848867
bill	8.7818575	9.792214	-2.1975958	1.865458
billion	5.782583	7.0711555	-0.5064549	2.0569842
billion_time	5.5322185	8.488572	-0.14544491	1.7427707
binge_drink	3.797566	7.1262836	-0.5202259	1.5633146
binge_eat	5.823315	6.702059	-0.32700437	0.6387592
bio	7.797063	7.8098674	-1.0401146	0.21518898
biofeedback	6.433871	5.4500055	-0.17193194	2.5254197
biology	6.7751036	6.5128717	-0.54443365	0.72787726
biopsy	8.63436	7.4004884	-2.2017794	0.7211616
birth	5.6445565	6.842348	0.37769082	-0.43246335
birth_control	5.3715205	6.5656567	-0.7490807	0.96016175
birth_control_pill	3.4827275	6.3782215	-1.9012804	3.4418173
birth_defect	6.8866696	6.167685	-0.91655695	0.60560715
bit_better	4.9355025	8.009657	0.42676234	2.1267166
bit_more	5.054	8.088897	0.52514535	2.2313387
bit_of_air	5.2039676	7.234331	1.1849016	2.6501606
bit_of_relief	6.1550417	8.8597145	0.49263728	1.3217384
bit_sore	4.676269	8.184807	0.029890958	2.9150283
bite	2.512625	6.802002	-0.71932	3.2602532
bite_of_food	2.5427713	6.820123	-0.6812765	3.2834811
black_coffee	2.5610914	6.8921075	-1.1099502	2.2112405
black_out	4.6919065	7.152838	-0.17626488	2.3419034
bladder	5.6942415	5.76936	-0.58793086	1.7957249
blade	5.1197786	5.8053527	-0.12743054	2.542807
blade_back	5.55092	6.1544714	0.24918121	3.707211
blah	4.594384	7.247307	0.042942304	1.945141
bland	2.7849777	6.6676874	-1.3559633	2.244074
blanket	6.347721	7.514982	-1.503794	3.3055136
bless	6.63546	8.901486	0.16157171	0.627524
blink	5.8013415	7.270642	-0.87262684	2.96425
bliss	6.069377	8.844212	0.2099485	1.4854624
blissful	6.0689936	8.208624	0.27145895	0.619686
blister	6.060413	7.080815	-1.583082	2.2263985
bloat	4.2695456	5.638325	0.39534765	0.9449193
bloat_24_7	4.7563586	6.8883257	0.1842359	1.5906938
bloat_a_lot	4.5686936	6.2248816	0.035401653	1.2743948
bloat_and_constipate	5.6155963	7.37538	-0.52273554	1.7014824
bloat_and_excessive_flatulence	5.4757237	6.3032136	-0.28890795	0.55829215
bloat_and_flatulence	5.0471106	6.5428457	-0.22864911	0.9363247
bloat_and_nauseate	4.239922	6.6554832	0.3579263	1.2964903
bloat_and_nauseous	4.0313945	6.8009243	0.36766416	1.4482188
bloat_anymore	4.2009373	6.6333127	0.33827648	1.3761249
bloat_belly	4.576785	6.2493343	-0.05977182	1.2115024
bloat_constipation	4.622934	5.7847853	0.050720103	0.9083635
bloat_cramp	5.078138	6.08904	-0.27191538	1.2754041
bloat_distension	5.9823165	5.9479923	-0.7124637	0.9690307
bloat_etc	4.454302	5.665981	0.2379763	0.8730443
bloat_excessive	4.656496	6.0002685	0.1919905	1.0399394
bloat_excessive_flatulence	4.9386153	6.174702	-0.23777251	1.2162195
bloat_flatulence	4.647507	5.7999125	0.07739471	0.8615613
bloat_gassy	4.532835	6.186273	0.01876417	1.2255229
bloat_go_away	5.751424	8.55363	0.5404403	1.8093287
bloat_nausea	4.4863195	5.6542068	0.21117128	0.8512656
bloat_stomach	4.525167	5.5740175	0.22369884	1.4716293
bloatedness	4.642378	6.1262856	-0.032898836	1.2733656
block	5.896843	5.0257754	0.3997204	3.055057
block_my_airway	3.6153395	6.678291	-0.14314876	3.0462255
block_nose	4.588238	6.285131	0.068246365	1.7473438
blockage	5.877347	5.03735	0.018480914	2.684868
blog	7.554189	8.581413	-0.5750107	0.08582287
blonde	5.869769	7.586585	-0.6868661	1.4190127
blood_flow	5.816006	5.8091335	-0.39870104	2.5043566
blood_test	8.652809	7.370941	-2.235104	0.6806279
blood_vessel	5.385757	5.872037	0.26482752	3.1463132
blood_work	8.587957	7.4172997	-2.1765687	0.74086183
bloodwork	8.403502	7.687251	-2.049343	0.8219368
bloody	4.941846	6.959547	0.23827143	1.5078162
blow_away	6.4369698	8.285543	0.109895125	0.006006921
blow_my_nose	3.8796766	6.6994424	-0.20301704	2.584677
blow_up	5.1181345	5.3831906	0.2853451	2.7613492
blow_up_full_of_air	6.223701	4.866133	-0.06748247	2.3350594
blow_your_nose	4.812861	7.105169	0.2634921	2.1584988
blowjob	6.417694	7.733098	-0.57489085	0.90649563
blue_cross	8.571491	9.493339	-2.0145855	1.716761
blueberry	2.8865154	6.982713	-1.0813476	2.5425782
bmi_alexandra	7.1926465	8.836648	-1.045781	1.432467
bmi_blackheath	7.9416747	9.488742	-1.6156397	1.541737
bodily	6.4847884	6.4910107	-0.3109909	1.0561651
bodily_function	6.160131	7.540683	0.29433417	0.38010845
body_ache	4.727089	7.9942527	-0.1852391	2.6966631
body_image	5.902861	6.267315	-0.61000514	0.3603721
body_position	5.7709384	6.171588	1.096357	3.915422
boer	6.1704593	7.3813353	-2.2373073	2.1971507
boeren	6.160017	7.3417363	-2.6164763	2.336525
bolus	6.1020966	5.393247	-0.1865127	2.788914
bolus_of_food	4.2383685	6.391483	-0.2024169	3.1183193
bomb	5.1385555	6.9444094	-0.7847609	2.2592976
bone_broth	2.772595	6.918241	-1.1459488	2.6765425
bong	3.702304	6.5517955	-1.3523705	3.169691
bonjour_avoir_vous_recut	5.8902082	7.6234627	-0.842567	1.5263616
bonjour_comment_vas_tu	6.071474	7.291449	-1.3190185	1.9508706
boob	5.923984	7.9987373	-0.28237328	1.3719664
book	8.476662	9.877439	-1.6038269	1.1055937
book_with_lucy_hicklin	6.93126	9.140388	-0.6247584	1.184693
boozy	5.5048223	7.9163165	-0.41609383	1.6986676
borderline	5.0716662	6.9583554	-0.025864251	0.9288407
borderline_underweight	5.555953	6.9044905	-0.2869115	0.24708332
borrow	5.3742704	7.675966	-0.55430055	1.7445176
botel	7.1729527	7.556225	-1.254325	0.79397315
both_direction	5.4842134	6.506132	0.06010961	2.6673942
both_of_these	6.8012204	6.609965	-1.0318002	0.7907823
both_r_cpd	6.6481566	6.2706738	-0.6814855	0.29024902
bothersome	4.663402	7.268082	0.15049069	1.6079801
botox	8.158366	10.218104	-1.2452974	1.878492
botox_avoir_vous_recut	6.154314	7.5851345	-1.2569671	1.700415
botox_drift	5.744518	6.70383	-0.64678335	1.4037004
botox_for_dysphagia	8.484076	8.087368	-1.4523175	0.23631607
botox_in_january	7.4637904	9.848918	-0.91959155	1.3673573
botox_inject	7.9492645	9.70811	-1.3589451	2.3566387
botox_injection	8.197898	10.168985	-1.3120568	1.7589794
botox_itself	8.742283	9.802259	-2.141662	1.9790211
botox_journey	6.9530115	9.194799	0.21224834	0.513855
botox_leak	5.785369	5.772739	-0.340927	2.6186378
botox_on_monday	7.649094	9.986228	-1.0701421	1.3264985
botox_on_wednesday	6.3498383	9.157128	-0.15422818	1.6113012
botox_procedure	8.20849	10.195696	-1.3184602	1.6972852
botox_shot	8.128188	10.140677	-1.2820814	1.5838777
botox_spread	6.8571944	8.066393	-1.1857772	3.1221392
botox_surgery	8.199412	10.165386	-1.327277	1.5806922
botox_tomorrow	7.594887	9.912364	-1.0365617	1.3073303
botox_treatment	8.261042	10.167563	-1.2900113	1.6597406
botox_twice	7.487784	10.183783	-0.68098944	2.296433
botox_under_ga	7.530328	9.825334	-1.0379666	1.5420562
botox_wear_off	6.014305	9.430406	0.65230227	2.5169663
botox_with_doctor_bastian	7.752737	10.062539	-1.1448463	1.3526658
bottle	2.1525133	7.0556145	-0.87097424	2.2650409
bottle_of_fizzy	3.59894	7.0802007	-0.92051274	2.1350236
bottom	5.4614105	5.7009716	0.098825894	3.4757066
bottom_line	6.247867	8.398343	-0.53274786	1.3934702
botulinum_toxin	7.7437906	9.241488	-1.1746709	2.3214233
botulinum_toxin_injection	6.6197777	7.402253	-1.1024007	1.1866665
bouncer	5.7327065	7.646627	-0.3634642	1.6535811
bound	6.08533	6.6142526	-0.45667368	0.7374506
bout	4.4166203	5.700158	0.39777583	0.84665537
bowel	5.2715583	4.9682665	-0.2097746	2.175126
bowel_cramp	4.516116	6.3817167	-0.2467488	1.6363424
bowel_issue	5.798453	6.219942	-0.7321014	0.8365548
bowel_movement	4.635245	5.2893867	-0.0070752786	1.8207592
bowel_problem	5.6820016	6.070361	-0.5703573	0.6945133
bowl	2.6184525	6.8695297	-0.94597715	2.6500642
bp	5.574143	6.063159	-0.45504957	2.4044247
brace	5.508912	5.956192	0.04194591	3.340937
brain_fog	5.2393975	5.924777	-0.2786204	0.596819
brand_new	6.5771422	8.25924	0.10899656	0.4413173
brass	5.8335786	7.5875244	-0.37953055	1.7418016
brazil	7.676939	8.610139	-1.1019675	0.45464352
bread	2.257527	6.743075	-0.9349508	3.0195036
break	4.4395857	6.0687914	-0.01981439	3.9233985
break_blood_vessel	5.7402806	7.082495	-0.79160273	2.4954195
break_down	4.6264944	5.2363973	-0.6452471	2.1859174
break_my_heart	6.4811387	8.241874	-0.49532053	0.87666214
break_out	5.1774783	6.39782	-0.17637216	2.1364055
breakfast	2.454194	6.853912	-0.5780033	2.7545924
breast_bone	5.2661834	5.8036094	-0.11791045	2.7870252
breastbone	5.3273945	5.717842	0.10979839	3.3002982
breastfeed	5.5870175	6.919203	-0.33846837	0.2295832
breath	5.05407	5.9298596	0.8347811	3.6514714
breath_test	8.460775	7.4665565	-2.051418	0.6719616
breathe	4.539373	6.2720823	0.5620607	3.2553115
breathe_deep	5.4110603	6.0115514	0.2781877	3.4140017
breathe_difficult	5.771707	7.069955	-0.6395667	1.1354616
breathe_difficulty	5.906616	7.9703765	-0.6236703	1.8709975
breathe_exercise	6.36591	6.4040065	0.6138271	3.6606562
breathe_in_deep	5.2816634	6.124961	0.38811648	2.923526
breathe_issue	5.1191425	5.505483	-0.11278687	0.73552287
breathe_out	5.3578725	5.9012537	1.0283618	3.6398869
breathe_proper	5.74685	7.2939777	0.5234164	0.87158746
breathe_technique	6.1893454	6.3071423	0.47750834	3.6060781
breathe_through	5.5304704	5.8206906	0.6662247	3.858156
breathe_through_my_mouth	4.4668417	6.348672	0.3099762	2.2415717
breathe_tube	4.72067	8.372151	-0.0737982	3.0066607
breathless	4.4509773	5.8212028	0.21473373	1.2761345
breathy	4.784392	7.378677	0.14015469	2.6403368
breeze	5.8308764	7.7316923	-0.26288077	1.6346548
brewery	5.384686	7.6508107	-0.67767835	1.7096249
bridgetown	5.7612805	7.62586	-0.6926876	1.4955156
brilliant_thank	6.239312	8.308472	-0.33824894	1.216588
bring_doctor_bastian	8.414763	8.526801	-1.2569779	0.059386782
bring_myself	5.604635	7.2285395	0.929466	0.85829663
bring_relief	5.492579	7.576496	0.89243066	2.1422534
bring_up_liquid	6.0129037	6.6846232	0.9948238	3.2382517
brisk_walk	3.2876654	6.4687457	-1.5235271	2.991901
brittcurls	7.6754985	8.477803	-0.21179636	-0.4555634
bro	6.096058	8.466205	0.5386478	0.7657201
broad	6.949535	6.605164	-1.0355651	0.88316417
broccoli	2.4577482	6.6527004	-1.2875274	2.4518921
bronchitis	4.767316	6.510366	-0.11405627	1.120199
broth	2.4212222	6.822801	-0.9918782	2.9387612
brownie	3.0344985	6.892686	-1.1915237	2.4942255
browser	7.453154	8.18503	-0.8871781	0.5303753
bruise	4.5654836	7.976959	0.10123917	3.0319195
brunch	3.535994	7.123857	-1.0135522	2.321098
brush_my_tongue	4.9209456	6.6375523	1.52715	2.139607
brush_my_tooth	4.714873	6.5375447	1.6833526	2.0544932
brush_off	7.7889233	7.5125666	-1.0628483	0.016471745
brush_tooth	4.6028214	6.8315415	0.26799342	2.2505484
brussels_sprout	2.9149253	6.689483	-1.424823	2.250376
bsw	7.858204	9.138444	-1.4102288	0.9283626
btx	7.567775	9.485679	-0.9858318	2.2122061
bubble	4.9709177	5.66483	0.8004019	3.073141
bubble_come	5.53543	6.35478	0.61605763	3.882744
bubble_come_up	5.243769	6.1359844	1.0514524	3.409114
bubble_in_my_throat	4.245366	6.120253	0.6357614	1.9294431
bubble_of_air	5.0903807	6.0764275	0.5861747	2.924755
bubble_rise	5.259495	6.2108955	0.40766436	3.109871
bubble_tea	3.0896823	7.1467133	-0.6970403	2.0333211
bubbly_water	2.135124	7.208591	-0.77888805	2.0763457
bucket	4.8713603	7.117424	-0.20659257	2.208145
build_up	5.0499983	5.3136554	0.5710113	2.7436004
build_up_gas	4.9990215	5.9390383	0.04873712	2.1401696
build_up_of_air	5.0242424	5.8602676	-0.00923685	2.130352
build_up_of_gas	4.709301	6.0273676	0.062502265	1.8022768
building_up	5.1007767	5.3816667	0.5117119	2.8218343
buildup	5.097271	5.3094153	0.14809158	2.5222633
buildup_of_air	5.169671	6.414313	0.6111754	2.5326312
bulge	5.8012786	5.697646	-0.28749248	2.660603
bullfrog	5.6408567	7.434713	-0.13481963	1.7344246
bullshit	6.7486777	8.346375	-0.4297408	0.57560325
bullying	5.878178	7.634064	-0.1062766	0.59787315
bupa	8.924682	9.436831	-2.0586345	1.2793907
burn	4.485377	6.0007267	0.394812	2.6428382
burn_my_mouth	3.1752234	6.98314	-0.80755055	2.456034
burn_sensation	4.5745153	5.9697113	0.29019314	2.3890967
burp	5.3248305	7.9530044	1.7203066	2.7729905
burp_a_lot	5.1760826	8.195567	1.6458293	2.707048
burp_a_ton	5.380354	8.958252	0.8138787	2.525417
burp_ability	6.009338	9.312241	0.60208744	2.4024699
burp_as_a_child	5.41519	7.095781	0.7169999	-0.09203541
burp_as_a_infant	5.4129577	7.0554805	0.68915904	-0.11096631
burp_like_crazy	5.3572116	9.079526	0.7645739	2.5732236
burp_machine	6.069768	9.208611	0.37776297	2.0925605
burp_on_command	5.44372	7.6958847	1.6765589	2.87959
burp_out_of_nowhere	5.245708	7.601109	0.84997845	0.96774155
burp_proper	5.4870496	7.844587	1.6326938	2.8030303
burp_reflex	6.3256516	5.0888767	0.31262693	2.9232855
burp_uncontrollable	5.254099	8.400937	1.2263529	2.4979897
burpee	5.0933294	6.4283137	-0.03237452	3.6156545
burper	5.959438	7.7944536	0.88639647	0.48239392
burper_who	7.0984	8.38368	-0.14572604	0.28550798
burpiversary	6.1980987	9.219384	0.20711933	1.732414
burst	5.1168284	5.6253524	0.33812702	3.128116
burst_into	4.962035	7.418984	0.4623877	1.5573882
burst_of_air	5.162415	7.4952097	1.2745912	2.3262668
bury	5.3575363	7.3494987	0.87963456	1.2763591
bus	4.6402802	7.0680165	-0.17347418	2.505396
but_alas	6.5095897	8.200146	-0.12320015	0.61347985
but_fruitless	6.913418	7.5989013	-0.60512394	0.17343305
but_my_dad	6.302695	7.3978233	-0.027751368	0.21582893
but_nothing_unmanageable	5.4528894	8.108552	-0.561446	2.16865
but_rather	6.5903206	5.5075803	-0.68198335	1.2828199
but_they_are	5.3622494	7.960473	1.1003791	2.2569265
butt	5.222381	5.8805265	0.1512495	3.5939057
butter	2.3774908	6.774887	-1.0655954	2.787435
button	5.524184	5.9408436	0.14930013	3.7225027
bvi	8.546731	9.766366	-1.5986983	1.4431481
bvi_use_75	7.662917	9.498897	-0.9733316	2.2468145
by_accident	5.086282	7.820338	1.6578262	2.4709268
by_bastian	7.4177876	9.65586	-0.8760147	1.7182436
by_comparison	5.946652	6.941689	-0.5977095	0.4880198
by_contract	5.7188344	5.710727	0.89664644	3.5676098
by_doctor_verma	7.384113	9.049752	-1.1220516	1.0621338
by_flex	5.787505	6.223094	0.95997304	3.4111984
by_insurance	8.837293	9.515941	-2.0987427	1.5459329
by_lucy	7.6448617	9.797774	-1.0945876	1.5621269
by_my_gp	8.027028	8.343791	-1.5012798	0.45288914
by_stick_my_finger	4.7858305	6.5401964	1.7688949	2.0298328
by_surprise	3.7514894	6.4454627	-1.2790579	3.5754786
by_the_nhs	7.6677494	7.8631835	-1.2360455	0.5870339
by_themselves	5.3609266	7.712217	1.3390408	2.6620746
by_tilt	5.5421157	6.257649	0.89087206	3.9991202
by_turn	5.701098	6.1755433	0.9635222	3.992104
by_turn_my_head	5.5560584	6.2831187	1.2348424	3.9482045
bye_bye	3.8208923	7.0946174	-0.91403407	2.0020986
byproduct	6.3348703	5.926243	-0.62848204	1.3229387
c_red	6.5751905	7.958592	-0.3437351	0.3233768
c_section	6.0453553	7.1060176	-0.63814044	0.82936436
cabbage	2.748131	6.583977	-1.4990342	2.3022985
cable	6.61031	7.0657954	-1.2216178	3.5952094
cafeteria	3.9794166	7.1842985	-0.6748104	2.028069
caffeinate	2.457535	7.057092	-1.0394462	2.1613698
caffeine	2.2876303	6.5445495	-1.2459096	2.3918126
caffeine_alcohol	2.8841066	6.5941133	-1.4703705	2.264348
cage	5.6117425	5.8272915	-0.38522494	2.3482912
calcium	3.2034304	6.43351	-1.5329177	2.3684547
calcium_carbonate	2.9775474	6.252434	-1.7808868	2.5939488
calculation	6.10476	7.426832	-1.1234728	1.6565492
calendar	7.9099364	9.456154	-1.7036605	1.7818252
calf	5.80464	6.4479613	-0.6746615	2.5584407
calgary	8.369837	8.6406355	-1.4457103	0.2949671
california	8.806393	9.317227	-1.7823412	0.7559226
call_a_ambulance	5.025222	7.139801	0.62589693	1.349389
call_a_few	8.1754875	9.1041	-1.5939418	0.7647212
call_back	8.407147	9.693033	-1.6170264	0.9913104
call_botox_for_dysphagia	7.375397	7.504443	-1.3368783	0.71961075
call_r_cpd	7.51124	7.6212587	-0.66559327	-0.13317175
call_retrograde	7.6338234	7.310627	-0.9919862	0.19581346
call_their_office	8.095019	9.376426	-1.5715982	1.0218908
call_to_schedule	8.265368	9.607752	-1.6115156	1.0449173
call_your_insurance	8.845886	9.381489	-2.0494578	1.3450295
calm_down_a_bit	5.682515	8.540252	0.6041018	1.859517
cam	8.414595	7.644003	-2.0167065	0.79836017
camera	6.7221007	7.0855618	-1.3256094	3.6902251
camera_down	6.7589498	7.102376	-1.3521388	3.6573722
camera_down_my_throat	6.688335	7.147322	-1.3244908	3.572954
camera_through	6.717466	7.1139855	-1.3298961	3.6255662
camera_up	6.710146	7.1015215	-1.3245546	3.6678183
camera_up_my_nose	6.82973	7.102845	-1.3986583	3.6048565
can_attest	6.048768	7.9950147	-0.3338586	0.5808768
can_cause	6.08356	5.294562	-0.43125722	0.65724003
can_contribute	6.5704427	5.7243814	-0.81517035	0.38194698
can_hear	4.894508	7.4336686	1.628171	1.5242137
can_identify	7.667229	8.030049	-1.1234119	0.6433178
can_lead	5.8256025	5.13992	-0.36522934	1.1548704
can_not_believe	6.4316344	8.800039	0.7733015	0.14872903
can_not_burp_on_command	5.352755	7.986282	1.3504121	2.4437137
can_not_chug	2.8989837	7.0465407	-0.7713379	2.3661063
can_not_control	5.0118217	7.4876394	1.5575632	2.4495609
can_not_escape	4.9951935	5.7394276	0.53800535	2.4894812
can_not_imagine	6.185541	8.653359	0.79405075	0.31744778
can_not_stand	5.1498866	7.4078197	1.1360109	1.2470441
can_not_wait	6.8525653	9.44248	0.6018204	0.38662177
can_recall	5.2217765	7.2710657	0.5853493	0.1971059
can_relate	6.651968	8.720449	0.5592251	0.0057826405
can_remember	5.5437593	6.938779	0.47909585	-0.50249
can_taste	4.865288	7.306339	1.1599302	2.3784678
canada	8.988609	9.336787	-1.8832651	0.8475415
canadian	8.927317	9.310654	-1.8486584	0.8025896
cancel	8.618154	9.805954	-1.7308965	1.1269073
cancel_plan	4.101136	6.5846715	0.39399472	1.4050218
cancer	6.743214	5.6107492	-0.90059143	0.08233043
candida	6.478025	5.7804885	-1.1676067	0.5641019
candida_overgrowth	6.177161	5.969577	-0.9183538	0.94704825
candy	2.417603	6.732555	-1.2085601	2.5123513
cannot_afford	8.825257	9.496923	-2.0903795	1.5548524
cannot_believe	6.482939	8.31712	0.17922544	-0.009038237
cannot_breathe	4.648825	6.4749317	0.3364765	2.4662998
cannot_burp	6.3373766	6.2080984	-0.21404925	-0.39936352
cannot_control	4.97286	7.39888	0.3598514	1.5132406
cannot_swallow	5.50665	7.231406	-0.47886413	2.4929695
cannot_vomit	5.1948853	6.9026337	0.84960526	0.45506054
cannot_wait	6.742823	9.407918	0.36220378	0.6379978
cannula	6.366162	7.451986	-1.4705529	3.2841215
cantaloupe	3.1589193	6.8849297	-1.146198	2.3514242
capable_of_burp	5.4482174	7.901926	1.2527137	2.1181698
capillary	5.2734356	5.5682554	0.19244547	3.2050436
capsule	2.7069077	6.6541457	-1.2484319	3.0247047
car_ride_home	4.7858586	7.8001556	-0.33656904	2.1890821
car_sick	4.957252	6.8911343	0.5544373	0.917996
car_sickness	5.5181813	7.072855	0.42471346	0.31622157
carafe	3.4524539	6.335323	-2.0955431	3.2680597
carbohydrate	2.4112797	6.4464664	-1.4129306	2.3923244
carbohydrate_and_sugar	3.2670069	6.7553015	-1.2236423	2.1390707
carbohydrate_heavy	3.4229476	6.84184	-1.0845878	2.1548343
carbon_dioxide	5.0835266	5.2579775	-0.40272602	2.3476565
carbonate	2.0799785	7.0032496	-0.7333473	2.1832883
carbonate_alcoholic	2.3460655	7.1036716	-0.7909675	2.060679
carbonate_beverage	2.0300632	7.0757957	-0.5551689	2.141404
carbonate_drink	2.0558093	7.0419135	-0.5375025	2.1135037
carbonate_drink_alcohol	2.6071093	6.6989846	-1.3195678	2.2280815
carbonate_drink_and_alcohol	5.098824	7.0927324	-0.3673596	0.96339095
carbonate_seltzer	4.1881504	7.279959	-0.47748274	1.9619199
carbonate_soda	2.314442	7.138227	-0.9045193	2.102979
carbonate_water	2.0033054	7.1286945	-0.5833461	2.137774
carbonation	2.0302358	7.0855246	-0.5368235	2.1338706
card	8.853273	9.401795	-2.0204692	1.2542956
cardiac	6.449382	5.877135	-0.9381279	0.93296605
cardiologist	8.132625	8.205755	-1.568403	0.3651302
care_about	7.733056	7.462128	-0.74635595	-0.075350486
care_doc	8.761241	8.52622	-1.6815243	0.22218262
care_doctor	8.762454	8.348214	-1.7517139	0.20156282
care_physician	8.755309	8.462683	-1.7078043	0.21741474
carroll	7.717927	9.547729	-1.3732291	1.2228135
carrot	2.4946644	6.745837	-1.206924	2.5860958
carry_away	6.7135086	8.393712	-0.5354395	0.51235026
carry_out	8.226749	9.33391	-1.7392584	2.0031388
carsick	5.080101	6.9650307	0.87727416	0.4042385
cartilage	5.594297	5.539762	0.3213314	3.5327039
cartoon	5.2093377	7.450721	1.1473496	1.7578832
cascade_stomach	6.7972426	6.5343447	-1.0482332	0.75014704
case_anyone	7.1204596	8.615059	-0.53098917	0.7014406
case_of_r_cpd	6.5571747	7.027411	-0.6137566	0.64729345
case_study	8.0039625	8.452247	-0.78918046	-0.09969264
case_where	6.9929433	7.859717	-0.435369	0.5117903
casein	2.7741897	6.477275	-1.6186404	2.2611115
cash_pay_rate_on_their	7.8729377	8.852419	-1.5430819	1.0003086
catalyst	5.7819395	7.538853	-0.28392836	0.4308974
catch	4.845936	7.398602	1.7042001	2.3243616
catch_in_my_throat	4.393466	6.494677	0.30290836	2.6437378
catch_my	4.7668586	6.1625237	0.5366155	3.3425324
catheter	6.5286756	7.1054716	-1.2180352	3.4834619
cattle	5.543407	7.369788	-0.4674143	1.9164273
cauliflower	2.9450593	6.635492	-1.5019991	2.283971
causality	6.6154633	6.40974	-0.43960655	0.5118121
causation	6.816444	6.1082506	-0.6006059	0.16856489
cause	6.2631836	5.388709	-0.4198102	0.36916313
cause_a_lot	5.070779	5.8414884	-0.16312031	0.67368156
cause_barrett	6.8389187	5.88872	-1.0129467	0.48609245
cause_by	6.3105044	5.429116	-0.4432539	0.30006135
cause_by_r_cpd	6.5461493	5.7622538	-0.75231165	0.08609289
cause_constipation	5.611264	5.118251	-0.31549203	2.0874524
cause_damage	6.0307107	5.3200226	-0.39600345	1.9783753
cause_excess	4.8169966	5.246566	-0.4382363	2.09017
cause_inflammation	6.2520285	5.9390345	-0.91079694	1.3194908
cause_r_cpd	6.711626	6.1651325	-0.64239055	0.3649918
caustic	2.6496592	6.737969	-0.9772949	3.032228
cautious	5.431365	7.995912	-0.18042623	1.84317
cbd	4.344718	6.6834974	-1.4789882	2.4170315
cbd_oil	3.4926972	6.332866	-2.009198	3.3824148
cbg	5.5485535	7.2796187	-0.72288615	1.5024235
cc	7.7820387	9.50751	-1.1622251	2.36702
cc_of_botox	7.6768274	9.517656	-1.0261307	2.221124
cd	6.143654	6.187741	-0.79016083	1.4379817
ce_que	6.0867314	7.36641	-1.3895421	1.9326655
celebrity	6.3586855	7.831346	-0.43335226	0.8561506
celery	2.7115035	6.606269	-1.436002	2.359017
celiac	6.6429977	5.6490483	-1.181521	0.16978431
celiac_disease	6.5940733	5.753949	-1.1839046	0.20559779
cell	6.8069673	5.716666	-1.0436345	1.1743909
celsius	2.2256937	7.193815	-0.84684515	2.0624928
censor	5.4071794	6.8272223	0.8616794	0.34639677
cereal	2.3785388	6.743839	-1.1669564	2.5627897
certain_food	2.2900333	6.600825	-1.0751045	2.3275945
certain_point	5.1546583	6.48225	0.4193951	2.6590946
certain_position	5.5971785	6.0869904	0.8820387	3.935423
certain_thing	2.4928896	6.597117	-1.1819416	2.266367
certain_way	5.410961	6.0151935	1.0997798	3.85215
certainly_seem	6.5864935	6.7856817	-0.51518965	0.85093945
cervical	6.4177837	5.8617396	-0.7613644	2.0523934
cervical_spine	6.1553116	7.2140408	-1.1572264	1.8342823
chalk_up	5.4479628	7.1276965	-0.2981502	0.99774325
challenge_physio	6.3213882	6.367417	0.3625829	3.3934996
chamomile	3.195607	6.4367356	-1.5387701	2.5794337
champion	5.6899595	7.8517017	0.080485664	0.7161234
chance	7.322698	9.553579	-0.56834763	2.417267
chance_of_develop_a_hiatal	6.6362247	5.643469	-0.8921302	0.4582527
change_in_diet	5.709401	6.2858434	-0.8997985	0.9662447
change_into	6.425128	7.693938	-1.6408181	3.2807467
change_my_life	6.4411163	9.630251	0.17022136	1.2199671
change_my_quality	6.3213797	9.5164585	0.21970686	1.0685176
change_position	4.7543917	6.8087316	0.1582558	2.413363
chapter	6.4904623	8.950603	0.33618495	0.4988493
characteristic	6.2826104	6.0096602	-0.7091429	0.5100254
charcoal	3.3521297	6.3271427	-1.8565152	2.784769
charge	8.853763	9.761792	-2.2287173	1.8325211
charite_berlin	7.419545	9.126336	-1.0806937	1.0783509
chase_each	2.7800596	6.9316487	-0.84620464	3.0009835
chase_with_water	2.620451	6.8017836	-0.6072646	3.2342925
chat	8.830426	9.076557	-1.6732787	0.52689064
cheap	8.798711	9.778034	-2.1832252	1.8971056
cheap_option	8.83878	9.463621	-2.0518968	1.4170331
cheap_than	8.740325	9.7484865	-2.1160848	1.9394088
check_my_vocal	8.498459	7.4769263	-2.1426048	1.014756
check_out_the_wiki	7.817119	8.396004	-0.7874303	0.07071993
check_the_wiki	8.042284	8.503832	-0.9440944	0.06818669
check_up	8.270331	9.6746435	-1.5849384	1.0521877
checkup	7.8884215	9.546997	-1.4244826	1.087709
cheer_cheer_dance	6.7848	6.0278325	-0.82609653	0.28926557
cheer_cheer_dance_syndrome	6.908257	6.5079722	-0.87061626	0.36332145
cheese	2.19446	6.706021	-1.0594783	2.901971
cherry	2.8271115	6.9509387	-1.0583514	2.3586552
cherryhill	7.7383294	8.972572	-1.5300175	1.1159527
chest	5.0539756	5.382341	0.26176155	2.8319647
chest_and_stomach	5.2417655	6.075196	-0.42912486	1.412952
chest_and_throat	5.0005264	5.791805	0.11691725	2.2261963
chest_cavity	5.37318	5.146115	0.12941295	2.7672222
chest_discomfort	4.6376095	6.153348	0.013340074	1.1621277
chest_gurgle	4.744848	7.074188	1.0182022	1.9600211
chest_pain	4.4165354	5.558904	0.36050954	0.87735754
chest_pressure	4.3713613	5.655546	0.35142338	0.9661207
chest_throat	4.8958063	5.884127	0.024341825	1.7678545
chest_tightness	4.5627813	5.866512	0.124639675	1.2721417
chest_x_ray	8.512553	7.324877	-2.1527188	0.74940085
chest_xray	8.375057	7.394362	-2.0895512	0.8035825
chew	2.4608798	6.769973	-0.6287368	3.2238038
chew_chew	2.9317029	6.899348	-0.8668006	2.8822365
chew_food	2.9815245	6.801666	-0.57378215	3.0634491
chew_gum	2.3432016	6.64717	-0.990009	2.3754768
chew_them	2.8803673	6.845042	-0.727493	3.009034
chew_very_thorough	2.6579118	6.840999	-0.6728577	3.1492233
chew_well	2.55904	6.794574	-0.6162177	3.2301426
chewable	3.2558763	6.2648587	-1.9618515	2.9671447
chewy	2.6518035	6.737787	-1.2252997	2.5387783
chiari	6.046671	6.476044	-0.69283503	1.9742398
chicken	2.2034752	6.704958	-1.0496577	2.8883765
chicken_tender	3.462503	7.11931	-0.91539615	2.3203082
chief	7.678048	8.4633875	-1.352796	0.7193347
child	5.5615454	6.9130173	0.4891957	-0.48671085
child_hospital	7.787221	8.706393	-1.4542443	0.8040911
child_liquid	3.4921093	6.5242147	-1.7929387	3.223262
child_liquid_ibuprofen	3.260252	6.5706024	-1.621725	3.4398975
child_pose	5.277185	6.2122774	0.07232641	3.8407123
childhood	5.5726285	6.8631525	0.4763854	-0.48555425
childhood_trauma	6.3707004	6.216442	-0.4748733	0.28890204
chime	7.156232	8.626062	-0.07468448	0.2936114
chin	5.470031	5.7340283	0.7226004	3.9756145
chin_down	5.6638627	6.230872	0.68696946	3.9214218
chin_forward	5.5187097	6.294239	0.52142715	3.8802383
chin_tuck	5.9978323	6.226287	0.64803684	3.804626
chip_my_tooth	6.475934	8.367753	-0.91820085	1.6447302
chipotle	3.45573	7.1600676	-0.77701366	2.3111665
chiropractic	7.4172893	7.6935973	-1.0943034	0.6381704
chocolate	2.2601774	6.623142	-1.1768585	2.5183413
chocolate_factory	5.191308	7.4089885	-0.5902774	1.7996832
choke	3.8909867	6.5023413	0.38775948	2.9535947
choke_on_food	4.014565	6.6102514	0.28359678	2.8426232
choke_on_liquid	4.570608	7.2903867	0.50750065	1.8448181
choke_on_my_own	4.0584135	6.533772	0.30716905	2.812437
choke_on_saliva	4.5513644	7.188637	0.20308681	2.3567622
choke_sensation	4.7553415	6.41359	-0.011100996	1.8994306
chore	3.066628	7.0082116	-0.9083382	2.2543461
christchurch	7.1613445	8.673485	-1.0659593	1.0996931
chronic	5.3769984	5.2950683	-0.17627594	0.9170447
chronic_acid_reflux	5.2850404	6.2357283	-0.3398849	0.36369428
chronic_bloat	5.359152	6.072795	-0.36034554	0.81853753
chronic_constipation	6.1204295	5.8641415	-0.83091855	0.34530014
chronic_cough	5.80393	6.265246	-0.8199169	1.0856324
chronic_fatigue	5.5508227	6.051128	-0.34113118	0.3349476
chronic_gastritis	6.4897676	5.884185	-1.0774814	0.27525777
chronic_hiccup	5.3573885	6.6372857	-0.23897484	0.7963059
chronic_ill	6.005843	6.6582937	-0.20508263	0.083945036
chronic_illness	5.708278	6.7696624	-0.5035032	0.44592834
chronic_inability	6.506212	6.21478	-0.7560905	0.9369984
chronic_nausea	4.756746	5.618439	0.13065012	0.59833026
chronic_pain	5.3057833	6.1426787	-0.2650227	0.53836375
chronic_sinusitis	6.168466	6.780409	-0.876962	0.6418376
chronic_stomach	6.3881774	6.681906	-0.9276755	0.7232637
chug	2.053477	7.06822	-0.58026093	2.2180717
chug_a	2.0288086	7.123742	-0.62497085	2.137293
chug_anything	3.1919827	6.984729	-0.47708228	2.4351366
chug_liquid	3.2106328	6.8814125	-0.61970544	2.8259037
chug_sprite	5.321956	7.5288677	-0.32541305	1.5725589
chug_water	2.6987975	6.9023056	-0.38492966	2.6913424
chunder	5.147673	6.8973274	0.2808436	2.3589683
chunky	3.214298	6.9042764	-0.74918985	2.903603
churn	4.9368076	6.2391915	0.4347112	2.2569711
chyme	5.325859	5.288444	-0.37074932	2.3475723
cider	2.096696	7.101514	-0.72891295	2.1286845
cigarette	3.7849433	6.9396243	-0.9538305	2.015164
cigna	8.809377	9.62562	-2.145625	1.6950607
cincinnati	8.063523	9.055079	-1.5344521	0.7956412
cinema	4.862534	7.475494	0.37827924	1.1684309
cinnamon	2.8177834	6.719475	-1.360056	2.3229783
circular	5.7990456	6.226945	-0.52189183	2.2955632
circular_motion	5.475035	6.1233106	0.46436077	3.8521187
circulate	5.9528127	5.5893807	-0.35506094	2.442951
circulation	5.7987022	5.8525558	-0.3053866	2.740875
circus	7.5210257	8.4176235	-1.2126254	0.69401276
citrus	2.7530713	6.656823	-1.4206567	2.2264676
claim_that	7.8010645	7.119518	-1.0349673	-0.003110256
classic_case	6.6263247	7.9026256	-0.4611579	0.5003126
classic_gurgle	5.104992	7.3659973	1.0887544	1.7735225
classic_symptom	6.1589193	6.601557	-0.6138652	0.38604048
classmate	5.395766	7.2977552	0.5530632	0.15050457
claustrophobic	5.180391	6.755557	0.3422779	1.79306
clavicle	5.554754	5.7181783	-0.10522545	3.1846297
clean	4.586667	6.0338826	0.18733706	3.9192014
clean_my_tongue	4.854193	6.583511	1.6255478	2.1317358
clear_my_throat	4.1759105	6.46875	0.5703209	2.8409991
clearance	6.6240687	7.3936386	-1.3913188	1.5262061
clench	5.661523	5.346717	0.6513824	3.3736303
clench_my	5.477435	5.6785736	0.31699112	3.1463518
clench_my_ab	5.3950267	5.38147	0.3925677	3.139752
clench_my_jaw	5.276762	6.954461	0.0236155	1.8284055
clench_my_stomach	5.619817	6.0360413	1.0725378	3.6921868
clench_up	5.5483317	6.7063904	-0.064759925	2.8012195
cleveland	7.9976854	8.820871	-1.473849	0.6997502
cleveland_clinic	8.266498	8.533301	-1.5748631	0.4988003
clinic	8.843703	9.219875	-1.7360346	0.6546842
clinical	8.228518	7.887643	-1.2490789	0.11775783
clinical_trial	7.7011704	7.6820154	-1.0701782	0.33913976
clock	5.7314706	7.906085	-0.76800156	1.6695888
clonazepam	3.52524	6.341322	-2.0840118	3.3419607
close_mouth	5.2974153	7.066423	1.1683416	2.821721
close_my_mouth	5.390363	6.9691467	1.1804745	2.5293489
close_proper	6.2485576	4.988042	-0.0112700965	2.6895196
close_specialist	8.394213	8.69552	-1.3461084	0.27179676
close_your_mouth	5.6138883	6.178358	0.5704932	3.8367345
cloud	5.2887516	7.2179704	0.13225509	1.9325058
club_soda	2.080404	7.1829276	-0.72729105	2.0990517
clue_how	6.1967683	7.637779	-0.38594538	1.1026734
clueless	7.8662353	7.894491	-1.1424966	0.13030782
co	7.996264	8.359954	-1.3909652	0.48452067
co2	5.0949955	5.215357	-0.22858652	2.54448
co_insurance	7.8687844	9.424125	-1.7837175	1.8721381
co_pay	8.716848	9.790682	-2.1948388	1.9590505
coat	4.1815634	6.159772	-0.14820236	3.2884266
coax	5.5573907	6.3493795	0.7816709	3.8057392
cobra	5.4529037	5.961383	0.11140221	3.663961
cobra_pose	5.728734	6.3314953	0.1439344	3.653065
cocktail	2.2027688	7.0532627	-0.950693	2.1881936
coconut_oil	3.032812	6.916665	-1.2061534	2.564873
code	8.936402	9.404845	-2.0668821	1.2680672
codeine	3.4074404	6.5076375	-1.8962092	3.3054578
coffee	2.1774209	6.746918	-0.90800464	2.2941713
coffee_etc	2.9653907	6.601366	-1.5351965	2.2138398
coffee_tea	2.5953045	6.801612	-1.2251911	2.3080745
cognitive	5.986845	7.3322372	-0.8457928	1.506628
cognitive_behavior_therapy	7.1984296	7.9229164	-0.80405843	1.0620707
coincide	5.569233	6.3841233	-0.15495098	0.085658625
coinsurance	8.190606	9.578193	-1.9901737	1.9849353
coke	2.0389788	7.086562	-0.66187054	2.164538
cola	2.4780772	7.182351	-0.78233194	2.1362977
cold	4.2109714	6.132879	0.27223	1.8672984
cold_brew	2.9288726	6.6895647	-1.3525019	2.2104464
cold_water	2.813344	6.897603	-1.1852247	2.4859018
cold_weather	4.9055815	5.9783726	-0.120668754	2.0614986
coldness	3.9132004	6.7798176	-0.13048202	2.8896248
colic	5.5541472	6.9490395	0.46100122	-0.41000867
colic_as_a_baby	5.639729	7.2410035	0.10362032	0.16137479
colic_baby	5.486011	7.0357003	0.4920381	0.7540425
colitis	6.5862107	6.498344	-1.1214505	0.47862318
collaborate	7.135018	8.426898	-0.44046634	0.6124666
collapse	5.7643437	5.336074	-0.27250043	2.4536023
collapse_in_excruciating_pain	4.8326006	6.7282124	1.0419825	1.6172518
collar_bone	5.327365	5.610676	0.080350526	3.178271
collection	7.45887	8.2823925	-0.67473644	0.28732708
colon	5.350696	4.9716	-0.17950158	2.305971
colon_cleanse	5.7910724	7.2565517	-0.65012324	1.4430358
colon_stretch	5.341011	6.0726066	-0.41448075	1.4541216
colonic	6.5340357	6.033422	-1.1669376	1.2820847
colonoscopy	8.673329	7.434828	-2.2136583	0.7282454
colonoscopy_endoscopy	8.192876	7.62913	-1.9027773	0.7615929
columbia	7.7823114	9.430664	-1.3775486	1.1565061
combat	3.452723	6.229837	-1.8193394	2.6313612
combien_unite_avoir_vous	6.1103888	7.3513227	-1.8646139	2.0804112
combination	5.6310687	5.3978305	-0.60325545	1.7405058
come_across	7.542197	8.645963	-0.0097343875	-0.5097701
come_across_this_sub	6.611369	8.340557	0.07015698	-0.1703851
come_back_normal	8.674572	7.4279466	-2.1824214	0.7126648
come_back_up	3.8932066	6.438348	0.3887721	3.026301
come_here	7.505394	8.685443	-0.2641639	-0.19939987
come_home	3.5277958	7.1018376	0.02126434	2.0940037
come_natural	5.7483296	7.270108	1.4468141	3.1411862
come_on_suddenly	5.813808	6.9270625	-0.506278	0.29286277
come_on_their_own	5.314594	8.031507	1.3276827	2.4611385
come_out_involuntary	5.3886776	7.137406	1.1607609	2.7947474
come_out_my_nose	4.598788	6.629162	1.472698	1.8267163
come_out_of_my_mouth	5.095941	7.2882743	1.1858147	2.3979099
come_out_of_nowhere	5.003746	7.613409	0.94359946	1.802052
come_to_term	5.7543497	6.6509137	-0.038309425	-0.037438482
come_true	6.2987223	8.507806	0.17894287	0.49059784
come_up_into	4.290559	6.2179236	0.37316662	2.8825617
come_up_my_throat	4.746905	5.8220787	0.81268954	2.713354
comfort_know	6.482671	8.751235	0.3966574	0.4798192
comfort_of_my_own	4.378449	7.231502	-0.015714608	1.9732587
comfort_to_know	6.535214	8.799989	0.4872052	0.47400746
comfortability	6.0296626	7.1246834	-0.63924605	1.3440418
comic	6.323558	8.010073	-0.28727797	0.90282756
command	5.3871236	7.5779786	1.6776979	2.8376768
commend	7.3935533	8.339044	-0.93927366	1.0776284
comment_here	7.320885	8.469628	-0.34166616	0.12439715
comment_section	7.386414	8.451099	-0.45814666	0.09805651
commiserate	7.123003	8.545385	-0.13302381	0.21611933
common	6.48858	6.0499787	-0.36897135	-0.11757635
common_misdiagnose	6.7744894	5.9257298	-1.1554714	0.27591553
common_misdiagnosis	6.773887	6.3279643	-0.9550279	0.16839254
common_symptom	6.415545	5.9387555	-0.5024887	-0.060667597
common_theme	5.759833	6.9762287	-0.09509903	-0.057463106
common_trigger	6.0663233	6.746849	-0.6740224	0.67947626
community_of_people_who	6.5156264	8.453276	0.16214573	0.46520263
comorbidity	6.5580025	6.3713074	-0.59341407	0.29797885
companion	8.02158	9.553428	-1.8651721	1.9967663
company	8.930199	9.36159	-2.051696	1.2398757
compare_to_before	5.227305	8.117206	0.31409812	1.9008106
competent	8.206997	8.893058	-1.5718347	0.66737235
complain	5.545493	6.9665384	0.5154981	-0.031132778
complain_about	5.6506295	6.935936	0.41392308	-0.31561166
complete_agree	6.4593754	7.862319	-0.3813728	0.51991963
complete_change	6.318603	9.53615	0.19368868	1.1669683
complete_change_my_life	6.632071	9.627112	-0.08636736	1.4015276
complete_destroy	5.529976	7.4885926	-0.089118384	0.27994052
complete_disappear	5.432252	7.3522854	-0.25095904	0.66437984
complete_empty	5.056306	5.993371	-0.035880286	2.5467396
complete_fine	4.582622	8.360721	-0.08736152	2.8084443
complete_flat	4.825422	6.289726	-0.12100515	3.6588972
complete_go	4.633938	6.246555	-0.051902473	0.6712532
complete_go_away	4.7380443	6.3584013	-0.10314555	0.63382655
complete_life_change	6.540188	9.5154505	-0.004848695	1.3287553
complete_lose	5.5247073	8.709223	-0.060201146	2.1183784
complete_new	6.3165913	8.3366165	0.24062027	0.72188544
complete_painless	6.6788754	9.025652	-0.8387733	1.9804332
complete_random	5.2245026	8.121435	1.3801442	2.4122684
complete_relax	5.709076	5.9854302	0.8157064	3.6525443
complete_relief	5.199355	7.859909	0.59143835	1.6532526
complete_understand	6.21111	8.131875	0.35899496	0.43928656
complete_unexpected	5.1572466	7.437375	0.98466396	1.8854568
complete_unrelated	6.4544683	6.519991	-0.46000892	0.2822647
complete_wear_off	6.108677	9.451982	0.5701669	2.5139139
complication	7.1885004	8.948733	-0.81979907	2.1210225
component	6.6085215	5.9319444	-0.6200374	0.83442247
compose	7.496965	7.8589935	-1.0240684	0.5616305
comprehend	5.856752	7.430539	0.68518937	0.7830998
comprehensive	8.2066145	8.45817	-1.1222279	0.081612155
compress	5.431343	5.112852	0.2614171	2.8647695
compressible	5.199765	5.1853504	-0.2652878	2.3656392
compression	5.719894	5.4529467	-0.32966468	2.5148613
compromise	6.1517134	5.247438	-0.30673468	2.2129722
compulsive	6.0245137	6.455783	-0.19029318	0.54393816
concave	4.377668	6.6157494	-0.22831453	1.884898
concern_about	7.3669395	9.0442705	-1.0526335	2.252761
concert	3.1163921	7.171135	-0.21051912	1.7963012
concise	6.7616787	8.0073185	-0.343501	0.8001294
condition	6.8377566	5.8352613	-0.6723822	-0.3622488
condition_call	6.7619686	5.931894	-1.0464683	0.37024134
conduct	8.075287	8.012346	-1.3119323	0.3359961
conduct_a	7.7032313	8.050291	-1.2191241	0.5107828
confirm	8.758902	7.545378	-2.1358974	0.6142242
confirm_diagnosis	7.874341	8.865038	-1.6175811	1.1317061
confirm_rcpd	8.39798	7.726443	-1.9992148	0.74654764
confront	6.4794216	7.7163386	0.0306748	0.7198975
confuse	5.728327	7.922735	1.16735	0.75330335
confusion_about	5.6992316	7.6716743	0.3468246	1.2600714
congenital	6.8707657	6.5599766	-0.93736255	0.6968089
congested	4.334942	6.1927176	0.30125335	1.6913762
congestion	4.7477436	5.8900385	-0.057599183	1.05507
congratulation	6.9171214	9.448537	0.58903635	0.3744232
congratulation_and_good_of_luck	6.67108	8.75514	-0.15555754	0.9651065
congratulation_on_your	6.711219	9.343949	0.35956782	0.7487688
conjunction	6.5619516	6.2385125	-0.91040885	0.9322615
connect	6.5014043	5.627736	-0.3793428	0.16499752
connect_the_dot	6.2390385	7.9675407	0.119748265	-0.26315224
connect_to_r_cpd	6.361324	7.411922	-0.44521278	1.0679762
connection_between	6.576305	5.789589	-0.53763336	0.0751807
connective_tissue	6.4787974	6.203199	-0.61449236	1.3977019
connective_tissue_disease	6.3099484	6.0216737	-0.8210025	1.1877195
connective_tissue_disorder	6.752363	6.1753683	-0.77768946	0.42312416
conscious	5.782865	6.442883	1.4437987	3.2508192
conscious_control	6.084031	7.007414	0.43857482	2.133579
consensus	7.1428113	7.3214254	-0.9258644	0.73054993
consequently	5.4999914	6.443165	0.26580724	2.7631273
conservative	7.4786754	9.365153	-0.994721	2.002934
consider_whether	6.637268	8.297654	-0.5546487	1.3159236
consistent	5.4016404	8.195004	1.4493123	2.6943371
console	6.954763	7.960372	-0.8220737	1.0142428
constant	4.213338	5.8612466	0.50280964	1.1725178
constant_bloat	4.3872204	5.7072406	0.3023555	0.93189776
constant_discomfort	4.8468566	6.9049606	0.09111417	0.7248849
constant_flow	5.137203	6.994832	1.0023674	2.4748602
constant_gurgle	4.345235	5.7683783	0.33218485	1.0200789
constant_lump	4.544564	7.8017235	0.08344104	3.0514247
constant_nausea	4.5526967	5.7505264	0.21721792	0.7574172
constant_pain	4.577345	5.8385925	0.091887504	1.0433811
constant_pressure	5.348275	5.0506535	0.09943787	2.5734446
constant_swallow	4.433546	6.234175	0.35479236	2.3652425
constipate	4.4743056	5.4633975	0.28439984	1.0570138
constipation	4.8019805	5.4379306	0.08627524	0.66222024
constipation_diarrhoea	5.0459523	6.1871753	-0.3052963	1.3852284
constipation_etc	5.92943	6.0246224	-0.6697579	0.6372862
constrict	5.452491	5.492338	0.25229952	2.9972017
constriction	5.4849997	6.1721644	-0.019230261	2.7822504
construction	5.912965	7.421058	-1.0710939	1.8513849
consult_with_doctor	8.176234	9.68409	-1.5652446	1.0893127
consultant	8.858681	9.014214	-1.6619909	0.46704823
consultant_who	8.5549555	8.724358	-1.5322973	0.3505025
consultation	8.610323	9.816342	-1.9992762	1.6259357
consultation_appointment	8.106705	9.957824	-1.4189245	1.2193835
consultation_tomorrow	6.870425	8.252518	-1.1038904	0.98541516
consultation_with_doctor	7.983937	9.881223	-1.3654604	1.2084154
consume	2.223471	6.6515884	-0.98051274	2.3331027
consume_a_lot	2.5565464	6.9116473	-1.0062033	2.313493
contact	8.860698	8.980794	-1.6807505	0.4465677
contact_detail	8.161531	8.641894	-1.1796685	0.2182463
contact_lucy	6.3665824	8.486366	-0.42552236	1.2001275
contact_med	6.1574664	7.3623686	-2.2118795	2.1992838
contagious	6.084304	8.175679	0.3540424	0.8326449
contain	2.7627423	6.34696	-1.5733223	2.390509
content	5.2818294	5.0234103	-0.035559453	2.5749488
content_of_my_stomach	4.8341203	6.7533107	0.7239381	2.0084338
contest	4.4137197	7.2202196	-0.71028095	2.0581496
continue_to_develop	5.8421493	9.116596	0.49301758	2.28128
continue_to_practice	5.959486	8.474609	0.7591632	2.1407895
contort	5.5925164	5.94299	1.0786165	3.6664326
contort_my_body	5.597107	6.366321	0.76210976	3.5930285
contort_my_throat	5.5312967	6.4777436	0.8404289	3.7705119
contortion	5.490775	6.2232313	0.8147893	3.6958652
contract	6.1114707	5.0472426	0.43428755	3.1318052
contraction	6.1385355	5.03152	0.027133452	2.803215
contribute	6.359965	5.451726	-0.42297706	0.28843704
contribute_to_constipation	6.249719	5.8091407	-0.81595206	1.0753362
contribute_to_develop	6.317374	6.0437064	-0.6263536	0.5411375
contribute_towards	6.6140566	5.672359	-0.8462453	0.40730372
contributor	6.5252767	6.2427425	-0.45505813	0.3860092
control	5.5311956	7.5374937	1.6294769	2.9803886
control_my_life	5.259646	7.291813	0.05986359	0.30132118
control_over	5.337678	7.777476	1.6099365	2.762554
control_them	5.4175205	7.728335	1.6697716	2.8917632
controllable	5.3081784	7.798359	1.5884922	2.69401
controversial_but	3.4763014	7.126279	-1.0066614	2.1452248
conversation	5.2890573	7.7675533	1.518069	1.0892154
convince_my_parent	7.7953386	8.656114	-1.0096117	0.515152
cook	2.2346137	6.720317	-1.0783159	2.7985375
cool_thanks	6.5279026	8.774908	0.20842592	0.7724835
coordinate	6.3314857	5.8487825	-0.048094418	2.8716977
coordination	6.5533032	5.9186645	-0.42829698	1.8923312
copay	8.717491	9.801137	-2.175604	1.9498518
cope	5.6613803	6.485081	-0.13374072	-0.13276903
coping_mechanism	6.2237196	6.6672416	-0.16068245	1.7656565
cord	6.5320363	6.901696	-1.1413839	3.361995
core	5.744157	5.479217	0.63016576	3.613039
core_exercise	6.324791	6.474912	0.5595602	3.5648487
core_muscle	6.1859016	6.1042986	0.26599655	3.336323
core_strength	5.9061894	7.097169	-0.7803541	1.9947028
core_strengthen	6.4641337	6.6702557	0.45587817	3.3034625
correct_muscle	6.6063056	7.06779	-1.124908	3.5256388
correct_tongue	6.243097	6.3614407	0.5769723	3.684254
correlate	6.36356	5.902113	-0.34122604	0.009187671
correlation	6.817421	5.854835	-0.63592464	0.08554839
correlation_between	6.5309014	5.8337135	-0.49674937	0.05608136
correlation_between_r_cpd	6.5708456	6.493017	-0.6359456	0.3045588
correlation_there	6.538068	6.904491	-0.36321706	0.4008204
cos	5.968961	7.2260466	-1.4672642	1.9426605
cost	8.860376	9.807739	-2.2510824	1.8851314
cost_850	7.9333553	9.452708	-1.5261838	2.1385028
cost_around	8.15006	9.551248	-1.7641299	2.0348904
cost_estimate	8.379862	9.543605	-1.9163835	1.757816
cost_save_and_protection	6.6029196	7.3645315	-1.053599	0.9179233
costly	7.306525	8.60961	-0.9192475	1.640865
cough	4.618305	6.5482917	1.377879	2.6253796
cough_a_lot	4.64522	6.5751987	0.6417908	2.0264406
cough_drop	3.4840553	6.656839	-1.4890512	2.994474
cough_fit	4.5092735	6.5720315	1.2833648	2.0034995
cough_gag	5.6409607	7.2444563	0.61089534	2.0600164
cough_hard	4.8798223	6.537716	1.6702076	2.2184393
cough_medicine	3.7752562	6.4648495	-1.7458214	2.6448772
cough_or_clear	4.5494347	7.8809114	0.06804052	3.076747
cough_or_sneeze	4.903681	7.6900353	1.241388	2.2260873
cough_really_hard	4.860361	6.5433674	1.6214887	2.1762178
cough_up	4.166341	6.3725758	0.38830933	2.7876077
could_potential	6.9998655	6.778398	-0.86676276	0.52039695
counseling	6.5758867	7.301104	-0.53924286	0.700122
counter_intuit	5.6553955	6.830038	-0.05458513	2.8299513
counteract	6.0255146	6.049822	-0.15576775	2.5943527
counterintuitive	5.895125	7.0915093	-0.2792152	2.0652819
countless_doctor	7.1303186	7.526515	-0.8334513	0.09746875
countless_post	7.364358	8.299188	-0.6656233	0.2676817
country	8.929527	9.291468	-1.8577776	0.8137801
cover_anything	8.9001	9.604943	-2.1299446	1.5529145
cover_by	8.926305	9.683428	-2.1941829	1.6902345
cover_by_insurance	8.896665	9.693656	-2.1816974	1.7217014
cover_by_your_insurance	7.8432007	8.700899	-1.3848418	1.0290318
cover_my_mouth	5.1737223	6.902593	1.2863454	2.2301047
cover_under	8.8339815	9.601499	-2.1401563	1.6789241
coverage	8.9648	9.53374	-2.1081777	1.389879
covid_test	7.97994	9.71482	-1.9022253	2.0815513
cow_milk	3.6285725	6.898143	-1.0821009	2.1040432
cp	6.4232855	5.0539293	-0.018036049	2.719597
cp_muscle	6.4295073	4.856398	0.09751246	2.7922454
cpd	8.636408	8.173153	-1.4355564	0.05429913
cpd_symptom	5.990701	6.828722	-0.49330688	0.31054178
crack	5.406376	5.6519327	0.63638073	3.8042836
cramp	4.431613	5.5715494	0.32759652	1.2912489
cranberry	2.4270678	7.101388	-1.0269076	2.192407
cranberry_juice	2.5345	6.943978	-1.1675488	2.227098
crane	5.6005964	6.252764	0.589688	3.919861
crank	5.5544305	6.2524757	0.51847345	3.8791926
crap_insurance	8.154332	9.516741	-1.8518578	1.9965954
craving	2.46691	6.6747885	-1.1948807	2.4427092
crazy	5.518486	7.9255123	1.3554864	0.81748414
crazy_flatulence	5.0637665	7.169978	0.44110334	1.4676125
crazy_how	6.436481	8.152738	0.21608892	0.5832168
crazy_lol	6.2330117	8.588605	0.44552076	0.8919222
crazy_loud	4.8915715	7.2234087	1.0665977	1.9197131
creamer	2.9626145	6.824756	-1.3330215	2.2005024
creamy	2.620538	6.78729	-1.1612492	2.6033626
create_anxiety	6.349108	6.930584	-0.3081088	0.5922127
create_gas	4.5600677	5.279058	-0.7224655	2.1534925
create_more	4.879995	6.212876	0.2934974	2.5076013
create_more_stomach	4.8013253	5.247	-0.481536	2.0252557
create_pressure	5.4834437	6.390581	0.576538	3.3882265
create_space	5.811457	6.73976	-0.16722481	2.338556
creation	6.6908097	6.631956	-0.9560594	0.91875166
credence	6.6071477	6.698048	-0.7958654	1.072216
credible	7.748282	7.6186996	-0.97519404	0.16997007
creep_back	5.664379	8.734472	0.56684756	1.9513716
cricoid	5.7959933	5.851228	0.33444318	3.633581
cricoid_cartilage	5.827556	5.9565773	0.27687326	3.6267185
cricoid_massage	6.509782	6.570374	0.91647816	3.7992418
cricoid_muscle	6.1969047	5.216615	0.28166485	3.1535077
cricopharangeal	6.3131657	6.108324	-0.7369297	1.8051734
cricopharyngeal	6.5465884	5.073144	-0.14411409	2.5350604
cricopharyngeal_achalasia	6.569122	7.3188844	-0.8177172	0.6654028
cricopharyngeal_bar	6.3967233	6.688485	-1.1681566	1.3450788
cricopharyngeal_dysfunction	7.1357937	6.082548	-0.90957695	0.6219489
cricopharyngeal_muscle	6.4271836	4.8802123	0.07169719	2.769665
cricopharyngeal_muscle_be	6.3712053	5.200282	-0.057238527	2.79574
cricopharyngeal_myotomy	7.6230955	9.401174	-1.0257914	2.255579
cricopharyngeous	6.5158086	5.5826797	-0.31362572	2.478245
cricopharyngeus	6.5321193	4.984116	-0.033816744	2.6599212
cricopharyngeus_dysfunction	7.5565405	7.2242813	-1.0902206	0.3557303
cricopharyngeus_muscle	6.466118	4.8682466	0.08042605	2.7946532
cricothyroid_muscle	6.3330336	6.192345	0.32896385	3.201358
cripple	4.5206084	5.8947444	0.22391216	0.81300193
cripple_pain	5.0427365	7.5774684	-0.6194106	1.6633184
criterion	6.8281856	6.156303	-0.9408296	0.15334363
croak	4.5204234	7.234171	1.6812385	1.8038261
croak_and_gurgle	4.9061036	7.2520385	0.568291	1.5327284
croak_frog	4.9249787	7.3315535	1.2859794	1.7554319
croak_gurgle	4.669794	7.1702266	1.4535208	1.7701792
croak_noise	4.46886	7.158629	1.5643501	1.7139617
croak_sound	4.601277	7.107345	1.4990908	1.8555486
croaker	6.672639	7.9441986	-0.11567639	0.48726657
crohn	6.552853	5.873919	-0.96677923	0.1145061
crooked	6.1644793	6.1734266	-0.6026527	2.0575476
crossover	6.4163384	7.4018536	-0.10968614	0.9607649
croydon	7.970598	9.481427	-1.7272722	1.7381148
cruciferous_vegetable	2.7982004	6.459868	-1.5797435	2.2804666
crud	7.269576	8.152298	-1.242314	0.7541573
crunch	5.244771	5.971939	0.3493548	3.7684228
crunchy	3.1139026	6.9324565	-1.0930676	2.574458
crural_diaphragm	6.4218793	5.6649785	-0.41152143	2.0264206
crush	3.1522653	6.7867517	-0.67023337	2.9517577
crust	3.055716	6.9398565	-1.04018	2.6747656
cry	5.1665354	7.7212243	1.6574972	1.085018
crystal_clear	7.9345098	7.711388	-1.1738644	0.2590379
cs	6.922047	7.3662868	-1.2512405	1.0385042
ct_scan	8.615317	7.3655887	-2.1985362	0.7176066
cubicle	5.0646567	7.458871	1.0112221	1.525999
cucumber	2.2933803	6.7934494	-1.1388831	2.361664
cue	5.6511064	5.9770827	1.0863065	3.6505408
cuff	5.9977584	6.4559307	-0.6350632	2.122786
curable	6.729522	6.864451	-0.5812768	0.22639231
cure_myself	6.363427	7.1939545	1.1390109	3.1407986
cure_no_burper	6.4556103	8.298493	0.12575302	0.6651152
cure_r_cpd	7.1428003	7.3601604	-1.0667797	0.794433
cure_rate	7.5990405	9.228266	-0.94854134	2.1567872
cure_themselves	6.585773	7.182064	0.9065833	2.9794083
cure_yourself	7.0480046	8.57546	0.11715834	0.6737405
curious_about	7.2634506	8.8042965	0.13581026	0.035850793
curious_if_anyone	6.986488	7.5445824	-0.7092295	0.24877493
curious_if_anyone_else	6.71266	7.7783856	-0.35003608	0.1744438
curious_if_there	7.0878882	6.9791718	-0.92932105	0.46448043
curious_to_hear	7.270025	8.776899	0.06053675	0.0945879
curious_to_know	7.2610693	8.71543	-0.0026949216	0.11214146
curious_to_know_if_anyone	6.5781655	7.9879045	-0.26578927	0.3104379
curious_what	7.2630577	8.773597	0.07234457	0.08522179
curl	5.4843893	5.88721	0.20520252	3.3689647
current_deal	6.652059	8.201853	-0.3776237	0.3398922
current_suffer	5.6418133	7.51656	-0.3014868	0.28678975
current_wait	7.9121575	9.536462	-1.432968	1.1255039
curry	2.5663586	6.69782	-1.2352605	2.4612944
cus	4.610914	7.284208	0.17451279	1.641415
customer_service	6.197079	7.460857	-1.1106191	1.7274852
cut_back	2.667599	6.4353533	-1.530836	2.2966115
cut_dairy	6.6728315	7.6067224	-1.0983007	1.1494455
cut_down	2.8571808	6.663533	-1.4167242	2.2843597
cut_in_my_mouth	5.321327	7.750771	-0.20683596	2.3941228
cut_out	2.3074174	6.4575324	-1.3391405	2.3620822
cut_out_carbonation	3.1923842	6.7224307	-1.2242783	2.1073701
cut_out_coffee	2.9506285	6.6407576	-1.4906079	2.2117274
cut_out_dairy	3.062912	6.5588603	-1.591473	2.2882907
cutter	3.3611603	6.630895	-1.3493042	2.916076
cvs	5.819618	7.589969	-0.8206491	1.7211471
cycle	5.179722	5.241389	0.03346944	2.2574239
da	6.1736374	7.338056	-2.8747127	2.4233615
dae	5.324906	7.4592643	0.09373866	1.4478533
daily_discomfort	5.670354	6.589361	-0.4549683	0.44777486
daily_life	5.285714	6.263138	-0.067825906	0.12661265
daily_medication	3.4681485	6.37201	-1.8746072	3.5066233
daily_nausea	4.8565207	5.913983	0.11081089	0.44508713
daily_occurrence	5.1793523	7.228475	0.7075852	1.3047338
daily_stomach_ache	5.4405003	7.712179	0.02374013	1.466051
daily_update	7.212646	9.024892	-0.86033124	1.0610154
dairy	2.316916	6.458527	-1.330651	2.3702009
dairy_free	2.9507754	6.4323387	-1.7174584	2.2797565
dallas	8.219063	9.23299	-1.6006161	0.8812954
dallas_area	7.104875	8.541523	-0.9947373	0.9129326
damage	6.216534	4.8496623	-0.07462649	2.2855005
damper	5.9683213	7.2909184	-0.8268814	1.5142823
dang	6.406691	8.86193	0.56731373	0.6212224
danger	5.960089	7.3069735	-0.43356317	1.4790483
dans_la_gorge	6.126456	7.28558	-2.122677	2.1870863
dat_je	6.1594315	7.3557916	-2.4450486	2.2821515
database	7.497294	7.7952247	-1.0031548	0.51933205
datum	8.358925	8.105149	-1.0858157	-0.091789566
daughter	5.673706	7.312203	0.31517282	-0.31623417
day_0	7.5581403	9.875394	-1.4501451	1.885908
day_1	5.165395	9.028382	0.48277053	2.690665
day_10	5.3559794	9.096376	0.6912583	2.5938032
day_11	5.4072394	9.072988	0.68708485	2.522067
day_13	5.7768283	9.030245	0.392648	2.0854306
day_14	5.6067796	9.053411	0.6053406	2.365151
day_2	5.19439	9.048831	0.59291357	2.6945066
day_21	5.6718297	8.921823	0.57948667	2.2077484
day_3	5.248024	9.065903	0.6831393	2.6694658
day_4	5.266403	9.073386	0.7000061	2.6584203
day_5	5.2881947	9.093476	0.70030314	2.6497366
day_6	5.3027134	9.091971	0.70332044	2.637424
day_7	5.3027267	9.080701	0.73423004	2.630612
day_8	5.3052955	9.081187	0.7070681	2.621737
day_9	5.2955356	9.103105	0.7227939	2.6376874
day_five	5.6725316	8.924935	0.5074359	2.1613758
day_four	5.731211	8.848788	0.4098608	2.0808022
day_surgery_center	7.752727	9.44616	-1.7914524	1.9181615
day_three	5.3388143	8.897822	0.4506209	2.4264605
daytime	4.62582	6.152816	-0.07727461	1.1163135
db	6.8592987	6.7671967	-1.0386562	0.7951841
dbr	7.563215	7.3221035	-1.0634458	0.4113141
dc	8.1156845	9.574376	-1.5555866	1.1086322
de_friar_um_instagram	6.061443	7.2563567	-1.4781754	1.9826298
de_gas	3.3774786	6.34912	-1.9295213	2.9106443
de_que	6.1240563	7.1390414	-1.8136799	2.0287662
de_whatsapp	6.0297155	7.176047	-1.361251	1.8777831
deaden	6.4631047	5.341779	0.07290836	2.7976985
deal	5.668711	6.468834	-0.12857887	-0.16457023
deal_with_this	6.548151	8.668998	0.64454955	-0.014498821
debilitate	4.5525107	5.7873263	0.2556537	0.60151714
debilitate_condition	5.7830276	7.523822	-0.10592521	0.119238324
debilitate_pain	5.2943993	7.582919	-0.66065425	1.4594922
debunk	7.69335	8.519119	-0.8850843	0.38511896
decaf	2.7757602	6.8286004	-1.2730006	2.242885
decaf_coffee	3.0654697	6.8127255	-1.2043347	2.1804492
december	7.7338204	10.128191	-1.1645983	1.4075918
december_2021	6.7182326	9.200873	-0.54296017	1.5671357
decent_burp	5.3052053	8.423235	1.2663157	2.507138
decent_size	5.487033	8.473568	1.0632805	2.335525
decide_to_google	6.606899	8.358138	0.18950693	-0.23166758
decide_whether	8.24649	8.618818	-1.5425416	0.9087221
decompress	5.468103	5.813397	-0.42897674	2.0823512
decompression	4.9072337	6.9593964	-0.27558395	1.4619616
decongestant	3.6281683	6.5647187	-1.58272	2.9318657
decrease	4.627776	5.859223	-0.09828928	0.7894291
dedication	7.0333314	7.917479	-0.6682839	0.81322616
deductible	8.740999	9.80444	-2.2120934	1.9422442
deep	5.1592636	5.9556694	1.0689607	3.3726454
deep_breath	3.8570843	6.3461914	-1.2087574	3.6416101
deep_breath_and_hold	3.629194	6.413669	-1.5075039	3.5458236
deep_breathe	5.889018	5.994727	0.65744066	3.8037734
deep_cough	5.634371	7.4314795	-0.30408546	1.8411971
deep_in_my_chest	5.105238	7.418817	1.2122476	2.457125
deep_inhale	4.045498	6.421093	-1.0883781	3.5798862
deep_sound	4.6320715	7.1704125	1.0538809	1.8554971
defect	6.823146	6.685294	-0.76888245	0.6564254
defective	6.816072	6.130769	-0.8225015	1.2031537
deficiency	6.5197124	5.6616826	-1.1284752	0.6628281
define	6.660961	6.2505345	-0.59933954	-0.14001524
definitely_not_alone	5.742956	7.63949	0.16121571	0.69903195
definitely_notice	4.766064	6.5364046	0.0296674	0.9829857
definitely_worsen	5.048544	6.3142233	-0.1475208	0.2954291
definitive_test	6.5516877	6.912103	-1.0953616	0.83730996
deflate	4.8849487	5.4210324	0.45875996	2.751692
deflatine	3.5049386	6.38549	-1.8468798	2.7004263
deformity	6.323577	6.1105623	-0.67220914	1.8861507
dehydrated	2.8997219	6.9536653	-0.61731637	2.3444805
dehydration	4.6336284	5.7926474	-0.20282046	1.4660745
delaware	6.930485	8.54941	-0.98243266	1.1576849
deliberate	5.330812	7.0070486	1.0854697	2.8510537
delicate	5.8265595	6.8831677	-0.44183302	2.4493282
delt	5.7288094	6.5423455	-0.10964837	-0.08559501
dementia	6.3199463	6.2841997	-0.6422039	0.322987
demographic	6.564057	6.4153366	-0.54970545	0.19292298
demon	4.910261	7.305807	1.5781856	1.7638168
demonic	5.0916333	7.363356	1.3563265	1.9399656
demonic_sound	5.083541	7.0644536	1.2849869	2.0522113
deny	8.948294	9.633289	-2.187648	1.6290121
deny_coverage	8.367725	9.352363	-1.8543452	1.6530385
department	8.649048	8.930409	-1.6048673	0.46012396
department_of_otolaryngology	6.886536	8.163985	-1.1731219	1.1345998
depend_on_your_insurance	8.504031	9.530353	-2.0104117	1.806083
depressed	4.8143	7.1553087	0.43687212	0.8318386
depression	5.8181977	5.9375134	-0.5536819	0.26738745
depression_anxiety	5.8236823	6.420021	-0.40064368	0.5810838
derail	6.784697	8.060224	-0.8924032	1.0830374
descend	5.2451797	6.334156	-0.011183392	2.6389928
design	6.1311336	5.3333554	-0.48879582	1.9767861
desire	6.240713	8.2315035	0.62649566	1.7521014
desperate_want	6.020783	8.069942	-0.3099606	0.99835104
despise	5.5343604	7.305281	0.54357207	0.7882292
despondent	6.587706	8.944302	-0.16098441	1.0428275
destroy_my	5.039522	6.112584	-0.31083515	1.2372931
det	6.177607	7.3420615	-2.9013999	2.436684
detail_post	7.078875	8.868876	-0.092284575	0.38942578
deteriorate	5.8154683	7.239027	-0.39172518	0.44212973
determination	6.901265	8.569674	-0.4227837	0.8782659
determine	8.416554	7.8945103	-1.5118033	0.30443573
determine_whether	6.1428447	6.386859	-0.61063826	2.3915708
determine_whether_there	7.595708	7.4765286	-1.1205024	0.35953504
detrimental	6.52215	6.446791	-0.40827388	0.20292716
detroit	7.9123096	8.932807	-1.4812266	0.79617417
deutsche	7.1815343	8.37182	-1.1294906	1.0079601
develop_a_hiatal	6.618684	5.6100545	-0.8571968	0.33979607
develop_acid_reflux	6.4541035	5.8420315	-0.48029593	0.1785231
develop_emetophobia	5.35482	6.8784833	0.60547864	-0.14626817
develop_gerd	5.9880686	6.818628	-0.5127489	0.35957614
develop_hiatal	6.5107183	5.801203	-0.89931595	0.5323756
develop_severe	5.481508	6.6651244	-0.07470329	0.01878237
development	6.7287474	5.683671	-0.6532031	0.39533323
development_of_a_hiatal	6.667502	5.6757283	-0.83262795	0.5443004
development_of_other	6.555316	5.6029186	-0.79854685	0.3692475
development_of_other_issue	6.339307	6.0720997	-0.8052417	0.60516953
developmental	5.918621	7.354847	-0.27849346	0.48174232
deviate_septum	6.477736	6.5975266	-1.1257129	1.2663026
devoir	6.1006145	7.2137275	-1.6587625	2.0312622
dexilant	3.38904	6.1266236	-2.318424	3.1901827
diabetic	6.3638086	6.449029	-0.7068141	0.5740962
diagnose	8.537272	7.55662	-1.5286144	-0.016288716
diagnose_and_treat	8.138483	8.054587	-1.3063272	0.26188403
diagnose_by	8.229685	7.5767455	-1.6931815	0.4594911
diagnose_myself	6.836503	8.030315	-0.39727765	-0.03984668
diagnose_r_cpd	8.510838	7.773753	-1.6919789	0.34964833
diagnose_rcpd	8.5410795	7.845686	-1.6393127	0.274491
diagnose_themselves	7.104951	7.3480735	-0.5996664	0.28507584
diagnose_with_a_hiatal	6.642059	5.982091	-1.2148229	0.4786606
diagnose_with_gastroparesis	5.726333	6.921227	-0.30585217	0.20061833
diagnose_with_gerd	6.3416758	5.6653767	-0.9342583	-0.0041076057
diagnose_with_ibs	6.0264616	5.715033	-0.64487916	-0.10037624
diagnosis	8.756214	7.9202714	-1.6977755	0.12647852
diagnosis_and_treatment	8.46323	8.35902	-1.3176314	0.14217238
diagnosis_of_r_cpd	7.9085503	7.8561726	-1.5610213	0.6125727
diagnostic	8.480549	8.017719	-1.5377811	0.35417002
diagnostic_criterion	7.349409	7.107133	-0.8446993	0.086536966
diagnostic_test	8.597461	7.885999	-1.673801	0.27821293
diagonal	5.8782253	7.0415483	-0.77457803	2.228091
diagram	6.11977	6.0538483	0.22357085	3.393167
dial	5.2696943	6.2888274	0.18689242	3.957767
diaphragm	5.989112	5.1003966	0.40034458	3.148023
diaphragm_breathe	6.2094297	6.2869897	0.48960042	3.597302
diaphragm_rehabilitation	6.6902537	6.334737	-0.695316	1.2802029
diaphragmatic_breathe	6.4522967	6.4493623	0.76804703	3.7239459
diaphragmatic_breathe_exercise	6.6777816	6.7982736	0.6123111	3.2010157
diarrhea	4.389343	5.567598	0.32535657	0.8786351
diarrhoea	4.5521636	5.660599	0.11993795	1.0374602
dictate_my_life	6.060615	8.249364	-0.38828874	1.0648972
dicyclomine	6.764939	6.4423614	-1.0395018	0.5944034
diet	2.7452521	6.300255	-1.70085	2.3218935
diet_change	3.014268	6.293653	-1.782091	2.3339515
diet_coke	2.0733714	7.1371417	-0.725785	2.136176
diet_low_fodmap	3.243259	6.3774824	-1.8549117	2.4153805
diet_soda	2.330692	7.202133	-0.86094856	2.0716884
dietary	2.9529188	6.2845616	-1.6710382	2.1835558
dietary_change	3.801898	6.4562235	-1.2953466	2.0099163
differ_from_person_to_person	6.5447464	8.323128	-0.57257825	1.394956
different_angle	5.753683	6.2743726	0.45689684	3.7813313
different_country	7.534411	8.421144	-1.2199682	0.7441392
different_diet	6.29911	6.854718	-1.1788093	1.0983847
different_doctor	8.99256	8.63271	-1.7174433	0.19257028
different_for_everyone	5.7095633	8.975984	0.7586655	2.2361398
different_kind	5.2261972	7.296806	0.7947846	2.0686014
different_location	7.7465625	9.246444	-1.302131	2.4140084
different_part	5.6589565	5.664905	-0.16772553	2.9195113
different_position	5.6313815	6.071335	1.0116876	4.050159
different_posture	6.484261	6.615787	0.73331946	3.6379519
different_story	6.2268205	7.520695	-0.3785375	1.1253241
different_technique	6.4927664	6.6899357	0.90899336	3.6804276
different_way	5.6934257	5.9296236	1.0749329	3.6785965
difficult_swallow	5.1167674	8.521167	0.034670435	2.3034039
difficult_to_explain	5.556547	7.282576	0.59881663	1.7865314
difficult_to_swallow	2.7913506	6.958179	-0.8287395	3.0122359
difficulty	5.3212357	6.2818813	-0.012742121	0.2499191
difficulty_breathe	4.6002035	5.827243	0.075488634	1.237978
difficulty_burp	6.1476235	6.1997356	-0.40005404	0.0034427978
difficulty_eat	5.0374856	7.6635175	-0.05763931	1.9261302
difficulty_swallow	5.033966	8.596045	0.098018356	2.4571652
difficulty_swallow_food	5.1024847	8.632518	0.20663136	2.4062088
difficulty_vomit	6.071655	6.4196157	-0.13103297	0.17810507
diffuse	6.3307247	5.367246	-0.12276144	2.716803
dig_into	6.166766	7.422023	-0.3816697	1.2050245
digest	4.531674	5.2524323	-0.62445575	2.1960366
digestion	4.83024	5.088305	-0.50763834	2.1075637
digestion_process	5.3629155	5.9255896	-0.658122	1.8299634
digestive	5.2159815	5.040701	-0.40267852	2.0099804
digestive_enzyme	3.1474156	6.231248	-1.9675101	2.8870566
digestive_issue	6.125757	5.5482574	-0.6812892	-0.11009331
digestive_problem	6.3454905	5.947533	-0.67876124	0.21731612
digestive_process	5.215988	5.967926	-0.5964485	1.5899858
digestive_symptom	6.068864	6.4496636	-0.6337732	0.5605645
digestive_system	5.5544257	5.10628	-0.30216616	2.1415598
digestive_tract	5.396451	5.110578	-0.1971106	2.3568797
digital	7.737234	8.605541	-1.0709555	0.47622997
dilate	6.168834	4.850766	0.02326497	2.6259239
dilate_esophagus	6.7493343	5.781874	-0.9818192	1.3381739
dilation	6.4894557	4.854113	0.017894203	2.7064683
dilemma	7.000417	8.615889	-0.4957318	0.82014453
diligent_about	3.458729	7.0503263	-1.1818411	2.1799686
diminish	4.6816206	5.979299	-0.105427556	0.7684006
dine	4.5627813	7.614307	-0.8386265	2.0686781
dinner	2.796727	7.00186	-0.28576678	2.3557243
dinner_date	3.4805262	7.1874657	-0.28068408	1.8537307
dinner_party	3.3737812	7.1845	-0.4288716	1.9540861
dinner_with_friend	3.527661	7.215352	-0.42091957	1.8645575
dinosaur	4.966556	7.401193	1.5121131	1.7414354
dinosaur_noise	4.621106	7.2546644	1.2251868	1.5080317
dinosaur_sound	4.5766273	7.224877	1.1870074	1.463735
direct_into	6.535094	7.0550294	-1.0751201	3.4495528
direct_or_indirect	6.789117	6.547209	-0.56491977	0.73222643
dirty	4.6797705	7.2407312	-0.46037686	2.0757926
disability	6.541322	6.3661976	-0.8131064	0.061265875
disagreeable	6.220753	7.146736	-1.533845	1.8115364
disappear	4.565989	6.1479216	-0.02040515	0.7178426
disappoint	6.5876822	9.249432	0.5870683	0.8769756
disappoint_and_frustrate	6.471187	8.9934025	0.36198106	0.9557797
disappointment	6.6495047	9.004957	-0.050196953	0.96126366
disbelief	6.4020467	8.231201	0.10056758	-0.068731874
disc	6.0746493	6.79143	-1.0609444	2.074299
discard	6.9012647	6.8702154	-0.8950544	0.68236375
discharge	7.6989536	9.543586	-1.8782282	2.0736334
discipline	7.0733075	7.5066757	-0.60162586	0.64431995
discomfort	4.318047	5.577269	0.41297114	0.97351164
disconcerting	5.086846	7.5601683	0.29217994	2.3940368
discord	7.4583507	8.406536	-0.45433706	0.08818786
discourage	6.598574	9.355801	0.56243986	1.1037619
discourage_anyone	6.7469654	9.290393	0.10707032	1.1719062
discussion	8.311474	8.208266	-1.0005531	-0.11554936
disease	6.8172364	5.709213	-0.7905757	-0.14315386
disease_may	7.458257	7.3338313	-1.1272439	0.44057763
disgust	4.8022747	7.2314115	1.5993538	1.5788909
disheartened	6.4871984	9.15337	0.36486027	0.9980509
disheartening	6.5905075	9.040338	0.45741692	0.838646
dismiss	8.639648	7.8769307	-1.439703	-0.06949917
dismissive	8.606742	8.05223	-1.3879849	-0.019543512
disorder	6.838187	5.764319	-0.7310754	-0.23191793
disorder_eat	6.067993	6.136751	-0.6919469	0.5507074
disoriented	4.4802933	7.2396736	0.18350796	2.1694202
display	6.134572	6.227499	-0.89590865	1.7709796
disregard	7.1305866	7.596284	-0.99206233	0.81050134
dissolvable	3.1029966	6.9023476	-1.21963	2.6735923
distal	6.556523	5.8202987	-1.0373873	1.5176184
distant	6.45792	8.424176	-0.5767686	0.9903223
distend	5.089144	5.1221385	0.14428708	2.464709
distend_esophagus	6.5908103	5.823581	-0.9206377	1.5165884
distend_stomach	5.0641155	6.0843997	-0.29453728	1.3602206
distension	5.3483253	5.0790095	-0.17621705	2.0893548
distention	5.4032583	5.002716	-0.15565655	2.0786004
distinct	5.3515496	6.9019017	0.42555717	1.5282068
distinct_remember	5.3300557	7.264368	0.46469682	0.17852683
distract	4.1984177	6.834688	0.33276358	2.0498161
distract_by	4.696786	5.901332	0.010151071	0.96395874
distress	5.64219	5.8403025	-0.13561627	0.26384217
distribution	6.0841193	6.768196	-0.9137234	2.2554374
distrust	6.728011	7.2970695	-0.5235992	0.62334394
diver	5.9362082	6.729565	-0.79779184	2.3449194
diverticulum	6.4562364	6.283344	-1.0748981	1.2285635
dizziness	4.4986343	5.6372604	0.25212407	0.9675253
dizzy	4.1308875	6.5885124	0.4898913	2.0093584
dmv	7.2729445	8.544072	-1.1273968	0.7872324
do_inversion	3.6548963	6.2596016	-0.3112609	3.8074863
do_shaker	6.504542	6.5947447	0.9308211	3.8183918
doc	9.062915	8.537845	-1.7569202	0.12442729
doc_suggest	7.101961	8.228777	-0.98171014	1.161779
doctor	9.083396	8.533342	-1.7646616	0.115467824
doctor_adam_rubin	6.9093733	8.467775	-1.0806625	1.1030799
doctor_anderson	8.764728	9.386744	-1.6533197	0.7925243
doctor_anderson_in_toronto	7.5037656	9.115051	-1.2359971	1.1058694
doctor_andrew_tkaczuk	7.9790087	8.858229	-1.5172398	0.87317574
doctor_anil	7.1000752	8.384078	-0.99394006	0.930827
doctor_appointment	8.332023	9.944239	-1.4974899	1.1120019
doctor_ashli_orourke	7.4954104	8.313221	-1.1953231	0.71304554
doctor_bastian	8.7214775	9.457582	-1.5701889	1.0654198
doctor_bastian_article	8.482901	8.674801	-1.3275946	0.13491006
doctor_bastian_paper	8.550627	8.255263	-1.2289827	-0.09069091
doctor_bastian_research	8.43129	8.590383	-1.5325415	0.32685113
doctor_bastian_website	7.725312	7.877739	-1.0826405	0.3015707
doctor_bastion	8.76618	9.365663	-1.5747973	0.9536924
doctor_bielamowicz	7.769736	9.620786	-1.2776722	1.2066818
doctor_born	7.5844893	9.64853	-1.1256933	1.308978
doctor_chad	7.4338603	8.923134	-1.0833074	0.9391218
doctor_craig_villari	7.739542	8.775613	-1.3285501	0.80413735
doctor_daniel	6.8765497	8.352206	-1.052992	1.0564325
doctor_debry	7.843628	9.231868	-1.5082635	1.153343
doctor_fink	7.5320835	9.278934	-1.1214079	1.0142977
doctor_friedman	7.129797	8.51248	-1.1519686	1.0458035
doctor_hicklin_in_the_uk	7.5990343	9.412936	-0.95196855	2.1866775
doctor_hoesli_at_bvi	7.486179	9.796342	-1.0058718	1.5136297
doctor_holmes_in_raleigh_nc	7.6235037	9.563376	-1.1379304	1.2848195
doctor_hus	7.802396	9.592882	-1.3546779	1.170078
doctor_in_toronto	7.8928013	8.927979	-1.3744293	0.7788156
doctor_james	7.2159452	8.442879	-1.2031099	1.0074338
doctor_javier_oloriz	7.697224	8.632551	-1.2751247	0.67421216
doctor_jennifer	7.341952	8.418007	-1.2023498	0.9836017
doctor_jennifer_anderson	8.528254	8.9918995	-1.6492064	0.5769934
doctor_jennifer_anderson_at_st	8.105785	8.956677	-1.555248	0.76563567
doctor_jennifer_anderson_in_toronto	7.473497	8.618799	-1.2496303	0.8682266
doctor_joseph_spiegel	7.562587	8.706318	-1.2568902	0.8779013
doctor_karagama	8.698645	9.577295	-1.5992802	1.0891588
doctor_karagama_in_manchester	8.095796	9.361608	-1.712719	1.500214
doctor_kirk	7.219964	8.767234	-1.1505476	1.1878995
doctor_kuderer	7.6270304	9.493378	-1.1033244	1.0415549
doctor_lin	8.42207	9.77129	-1.631651	1.1096168
doctor_lindsay	7.6888013	8.473069	-1.1271601	0.4702104
doctor_mchugh	8.267476	8.990754	-1.5376304	0.6603882
doctor_mi	7.559578	8.893593	-1.382979	1.070855
doctor_michael	7.7803	9.535938	-1.3433326	1.1822263
doctor_mortensen	7.573723	9.165864	-1.1805753	0.9426047
doctor_mortensen_welch	7.4251747	9.151887	-1.1092803	1.2232261
doctor_near	8.84997	8.835759	-1.6287305	0.33024943
doctor_nearby	7.9539037	8.761886	-1.372274	0.6086963
doctor_noah_parker	7.526205	8.686819	-1.2481738	0.8626877
doctor_odell	8.436088	9.733952	-1.570458	1.1866784
doctor_office	8.901979	9.521108	-2.0779312	1.4111303
doctor_orourke	7.8050933	9.239749	-1.3916485	1.0040122
doctor_paddle	8.410229	9.453874	-1.6336036	0.9034676
doctor_pepper	2.109025	7.1735907	-0.74999994	2.1021883
doctor_peter	7.7803125	8.462059	-1.3415909	0.62516356
doctor_pitman_in_nyc	7.7834067	9.7463255	-1.2125204	1.3879671
doctor_pittman	8.260047	9.726141	-1.4322718	1.2431438
doctor_prescribe	3.4707346	6.3026247	-2.07894	3.0037158
doctor_richard_mchugh	7.7231264	8.684354	-1.3202026	0.80354506
doctor_robert	8.317492	8.446709	-1.3136234	0.20980409
doctor_sanjay	8.260008	9.086602	-1.5890131	0.72555465
doctor_say	8.707861	7.493627	-2.1793187	0.7154738
doctor_schiffer	7.876621	9.514	-1.418172	1.1330515
doctor_schindler_in_portland	7.0445743	8.811229	-1.0911711	1.3219947
doctor_schulte	6.711326	8.547479	-0.43822396	0.62253857
doctor_seth_cohen	7.5659432	9.012475	-1.1739037	0.99586767
doctor_seth_kaplan	7.2026324	9.029805	-1.0902088	1.1759267
doctor_snelleman	8.289225	9.774602	-1.5661927	1.2311528
doctor_spiegel	8.390719	9.8260765	-1.5004374	1.266738
doctor_spiegel_in_philly	7.7730107	9.667128	-1.2943361	1.2132628
doctor_stinnett	7.02464	8.562358	-1.1283147	1.1656915
doctor_suggest	6.938292	6.994729	-1.2188419	0.8745407
doctor_sunil	7.2846007	8.591436	-1.2637395	1.086551
doctor_sunil_verma	8.046663	8.912826	-1.4484802	0.67284346
doctor_t	7.5636516	9.5887985	-1.0889486	1.3966687
doctor_teng	7.3644543	9.098268	-1.0417098	0.98108536
doctor_thomas	7.528246	8.560304	-1.2863691	0.7960336
doctor_thomas_carroll	7.667762	9.227622	-1.2965543	1.0026674
doctor_thomas_carroll_at_brigham	7.212038	8.378911	-0.87153	0.6578594
doctor_tritter	7.763055	9.130457	-1.2238343	0.7889093
doctor_tritter_in_houston	7.4524026	9.10383	-1.0931429	0.91346174
doctor_verma	8.393009	9.770002	-1.5237004	1.195399
doctor_verma_in_irvine	6.6671157	8.441649	-0.60496134	0.9879234
doctor_villari_in_bellevue_wa	7.6327796	9.408652	-1.2595538	1.131218
doctor_wang	7.4224224	9.302698	-1.0413059	1.1275979
doctor_wasserman	7.67487	9.027895	-1.4391227	1.0944506
doctor_weissbrot	7.5248337	8.733182	-1.2757273	0.95302856
doctor_who	9.031543	8.5564165	-1.731034	0.13487513
doctor_who_specialize	8.063323	8.216896	-1.5052135	0.55949414
doctor_worldwide	7.8073964	8.88577	-1.3144011	0.7301805
doctor_yael	7.0695405	8.566537	-1.0286835	1.1335595
doctor_yael_bensoussan	8.02596	8.895881	-1.5529765	0.7413709
doi_10_1177	5.9663887	7.8068457	-0.6034183	1.1344091
dollar	8.715093	9.785661	-2.2009237	1.9585851
dolor	6.0917206	7.1684012	-1.6728868	1.9938997
dosage	7.6790805	10.035507	-0.81557107	2.445876
dose	7.670142	10.081316	-0.79409784	2.4546056
dose_2	7.2065406	9.879863	-0.59702647	2.0504558
double_action	5.93174	7.240656	-1.0506133	2.0944445
double_action_gaviscon_tablet	3.5621126	6.099104	-1.5097986	3.1287239
doubt_myself	5.6310053	7.506254	-0.09588508	1.2242126
down_into	5.5456276	5.7375646	0.15372384	3.5718644
down_my_nose	6.7052836	7.09375	-1.3231277	3.614452
down_my_throat	4.7609234	6.494122	1.8056016	2.090015
down_with_water	2.5948544	6.805495	-0.6066544	3.2431633
downer_grove	7.964762	9.654559	-1.9048288	1.8309108
downright	4.7492547	7.2392554	0.34170988	1.5937237
downstairs	5.1109176	6.3963766	-0.08181943	3.512979
downward	5.3864822	5.588015	0.7374218	3.681245
downward_dog	5.268722	6.155714	0.22937095	3.8404384
downwards	5.473068	5.670183	0.8109412	3.793216
dozen_of_time	4.830791	7.335451	1.000271	1.6782664
dozen_of_us	6.507424	7.7094517	-0.32665473	0.62579006
dozen_of_us_dozen	6.453511	8.734117	0.22068916	0.7412474
dragon	5.1795955	7.4081645	1.1532824	1.763564
drain	5.060023	5.602319	0.30682737	2.7998154
drainage	4.4628854	6.249662	0.25093013	2.1705377
dramamine	3.4263017	6.4480104	-1.7385571	2.8499477
drastic_improve	5.649822	7.41782	-0.29923296	0.3649686
draw_board	5.2344956	6.206563	0.23089196	4.0112143
dread	3.7709866	6.772848	0.55665517	1.358714
dread_croak	5.7346663	6.5364213	-0.4995641	1.4089358
dread_gurgle	4.8681	6.4633365	-0.12737595	1.9114654
dream	6.217918	8.690394	0.7731201	0.30856702
dressing	5.738612	7.115141	-1.035394	3.0646553
drink	2.0515544	7.0487328	-0.53461635	2.1603575
drink_a_bunch	2.0223901	7.1317058	-0.60895586	2.143584
drink_a_few	2.1366365	7.1534433	-0.7080851	2.1081896
drink_a_lot	1.989157	7.137889	-0.5484767	2.1127245
drink_a_ton	2.0668259	7.127276	-0.6618179	2.120762
drink_alcohol	2.4315434	6.881146	-0.42935443	2.138823
drink_anything	2.5089593	6.814525	-0.36831856	2.4434187
drink_anything_carbonate	2.5243406	6.832654	-0.46847695	2.172813
drink_beer	2.4458303	7.0432963	-0.34415242	1.9951876
drink_carbonate	2.024628	7.125962	-0.6399472	2.140686
drink_carbonate_beverage	2.302754	6.984369	-0.3226398	2.2627344
drink_carbonate_drink	2.2330232	7.030208	-0.33048776	2.2028039
drink_carbonation	2.2980363	7.0313787	-0.28438458	2.225905
drink_coffee	2.3691225	6.8220363	-0.5727388	2.2555313
drink_enough	2.3880427	7.0187283	-0.743449	2.2812147
drink_fizzy	2.0262606	7.1036496	-0.6184759	2.1581018
drink_fizzy_drink	2.1642213	7.051587	-0.36380926	2.184302
drink_fluid	3.2529545	6.933951	-0.6305513	2.4449124
drink_hot	2.4647868	6.734611	-1.1684588	2.326827
drink_liquid	2.6874306	6.795161	-0.48719758	2.929888
drink_lot_of_carbonate	2.0749109	7.2018127	-0.7107643	2.0784311
drink_non_carbonate	2.4181826	7.111229	-0.93881756	2.133983
drink_peppermint_tea	3.1752038	6.612698	-1.3762698	2.5863855
drink_soda	2.1972222	7.002274	-0.42664206	2.1499975
drink_something	2.5247953	6.844425	-0.40412772	2.4518118
drink_something_carbonate	2.6438453	6.9973664	-0.2495925	2.3497477
drink_sparkle_water	2.0273874	7.201221	-0.6164294	2.082032
drink_tea	2.6813586	6.879786	-0.81323755	2.2357347
drink_too_much	2.5042346	7.0600586	-0.34205773	1.9411701
drink_vodka	2.348535	7.125195	-1.0115328	2.1561759
drink_water	2.441349	6.77204	-0.41356152	2.7269692
drink_wine	2.6328795	7.054167	-0.79516727	2.080424
drink_with_friend	3.3825362	7.159046	-0.1597272	1.7185796
drinker	2.3362534	6.9724793	-1.0064726	2.1568706
drip	4.614612	6.191761	0.097331256	1.8896276
drive_10_hour	8.048905	9.518642	-1.8145175	2.043666
drive_home	4.5024877	8.420467	-0.26032716	2.841453
drool	4.4295425	6.641825	0.44017205	2.080855
drop_out	4.207577	7.189028	-0.10268382	1.4961154
drown	4.221691	6.520399	0.47441998	2.8048666
drowsy	4.554111	8.320667	-0.35488188	2.892366
drug	3.2890973	6.067007	-2.3937988	3.1328814
drum	5.179591	5.925775	0.13215512	3.4825773
drunk	2.5707445	7.0715585	-0.22267035	1.8789494
dry	2.4124258	6.6906905	-0.80440784	3.0400972
dry_cough	4.5191293	6.380083	0.13643172	1.7712092
dry_food	2.4010878	6.744025	-0.79185665	3.0958636
dry_fruit	3.431239	6.802764	-1.2623807	2.248538
dry_heave	4.663558	6.509423	1.8503046	1.7914425
dry_heave_into	4.852461	6.8267694	0.938394	1.9327232
dry_mouth	4.6530623	5.5920377	0.16432223	0.9476012
dry_retch	5.0819	6.793503	0.5912641	1.5880193
dry_throat	4.7429705	7.503183	-0.022083478	2.5120325
dryness	5.2321754	6.0496554	-0.2421864	2.18677
du	6.1788874	7.3413105	-2.9092088	2.4387162
dub	5.058259	7.3300776	0.9186283	0.54226905
duck	5.1561704	7.52649	1.3374621	1.5693945
due_to_anxiety	6.1193914	6.2436986	-0.34530553	0.37928876
due_to_noburp	6.3723297	6.1362367	-0.5138738	0.5141219
due_to_rcpd	5.83125	6.1022563	-0.4630226	0.25940838
due_to_trap	4.8785853	5.437515	0.54085505	2.442646
dull	5.027095	5.7535734	0.052622482	2.2332633
dumb_question	6.6349726	7.712128	-0.29582956	0.5734128
dunk	3.27822	7.0422497	-0.9685192	2.5138512
dunkin	4.3431444	7.3140435	-0.7389932	2.0035493
duodenal	6.4780054	6.376954	-1.1933548	1.1762787
duodenum	6.4164886	5.6930933	-0.9854706	1.457874
during_class	5.3353376	7.439042	0.58765066	1.1738273
during_meal	2.780473	6.862891	-0.70668477	2.6734447
during_pregnancy	5.0588803	6.414549	0.34273005	0.2555517
during_school	4.3290405	7.3026304	-0.10816543	1.6843858
during_sleep	6.36832	5.9567432	-0.65505797	1.8555862
during_this_phase	6.2829165	8.246642	0.48961174	1.6575948
dynamic	6.1611724	6.254494	0.5130071	3.66272
dysautonomia	6.6016717	5.9775705	-0.8367641	0.24799791
dysbiosis	6.4165926	6.1998043	-1.1032141	0.6391627
dysfunction	6.946911	5.592419	-0.7485126	0.30489466
dysfunction_and_abdomino_phrenic_dyssynergia	6.8096457	6.1219277	-0.97596776	0.5352936
dysfunctional	6.3499207	4.9177465	0.025443625	2.6412826
dysfunctional_breathe	6.823447	6.645743	-1.001261	0.7819268
dysfunctional_muscle	6.3203993	5.690108	-0.41615468	2.0339096
dysmotility	6.642201	5.941971	-1.0061059	0.2987792
dysmotility_issue	6.565657	5.7906127	-1.1116242	1.3245405
dyspepsia	6.638512	5.865437	-1.1907177	0.38099432
dysphagia	7.174905	5.9130025	-0.9468023	0.6842585
dysphagia_difficulty_swallow	7.1065454	5.987564	-1.0232891	1.1592712
dysphasia	6.8990283	6.428399	-1.0773345	0.6614764
dyspnea	5.4013534	6.304153	-0.4761645	1.1086649
dyssynergia	6.8869224	6.1774464	-0.98538923	0.43544653
dyssynergia_and_pelvic_floor_dysfunction	6.7690616	6.4938693	-1.0118126	0.75392663
dystonia	6.760123	6.875527	-0.9347931	0.81655633
e_cigarette	3.6861014	6.470154	-1.4898914	3.3974264
e_coli	5.7395062	7.5752835	-0.6139495	1.5652782
each_bite	2.5179527	6.800067	-0.64479697	3.2773883
each_day	5.3879075	9.108816	0.7546134	2.5990105
each_night	3.8557768	7.014024	-0.29402748	2.3710558
each_side	6.144084	6.376851	0.49753258	4.02348
ear	5.2131476	5.391778	0.2001723	2.995513
ear_canal	6.2077622	5.964229	-0.72995687	1.6996198
ear_fullness	5.1223125	6.116152	-0.32101774	1.4375643
ear_issue	5.4670815	6.5956955	-0.5190813	1.6882669
ear_nose_and_throat	8.725173	8.485088	-1.6211292	0.218307
ear_nose_throat	8.393909	8.446469	-1.5883555	0.3777957
ear_pain	4.6017947	6.6553736	0.050591428	1.9869627
ear_pressure	4.9659915	6.7484355	-0.10616761	2.3279748
eardrum	5.257477	6.050162	-0.17384017	2.5796082
earliest_memory	5.4041476	7.385866	0.2695682	0.40149623
early_20s	5.341726	6.772688	-0.1267472	-0.14336862
early_age	5.6790156	6.7756333	0.2148471	-0.019560084
early_august	7.219596	9.719599	-0.8575271	1.7019718
early_childhood	5.701338	6.7916274	0.27950922	-0.2719093
early_day	5.7449665	8.947297	0.8187208	2.2562323
early_satiety	4.55568	5.646787	0.13946041	0.98930126
early_stage	5.751527	8.442778	0.8316715	2.2378018
early_teen	5.3606243	6.891108	0.07913541	-0.123652905
earth_shatter	5.1249003	7.4416385	1.1505886	2.3006494
ease_off	5.324432	8.918876	0.46844858	2.4596694
eastern	8.061108	8.740135	-1.4674106	0.56605935
easy_peasy	7.2916884	9.356874	-1.6825762	2.0165632
easy_to_deal	5.479664	6.62822	-0.13696793	0.13244757
easy_to_digest	2.7528257	6.6376414	-1.4024456	2.2453687
eat	2.4165955	6.7648797	-0.44362563	2.5880542
eat_a_few	2.4696653	6.868022	-0.8080956	2.9272394
eat_a_little	2.5860312	6.869711	-0.6814877	2.9834352
eat_a_lot	2.4129107	6.7170043	-0.5827459	2.4421666
eat_and_drink	2.4231951	6.778928	-0.40333602	2.6079943
eat_and_stay_hydrate	5.7760224	8.91041	0.7007508	2.3936775
eat_anything	2.448623	6.768308	-0.4214845	2.620763
eat_bread	2.6009405	6.870062	-1.0619245	2.8018343
eat_breakfast	3.7882323	7.6796417	-0.31558782	2.4763992
eat_cereal	3.304367	7.1087523	-0.9317379	2.4598217
eat_chocolate	2.9133675	6.665231	-1.3218318	2.1846466
eat_dairy	3.4291103	6.6863565	-1.0689144	2.0632582
eat_dinner	3.4510653	7.18271	-0.0965398	2.1379786
eat_disorder	6.1158657	5.926492	-0.3644087	0.021035587
eat_drink	2.42433	6.7808185	-0.39420283	2.5569139
eat_enough	3.302314	6.6381664	-0.8145652	1.6711563
eat_fast	2.7794483	6.8878307	-0.65946853	2.477124
eat_food	2.4287956	6.767903	-0.39415434	2.550021
eat_gluten	5.2399206	7.072992	-0.58983827	0.9646575
eat_less	2.4534125	6.523311	-1.1722567	2.3203928
eat_much	2.5343835	6.76572	-0.42350867	2.4687047
eat_normal	2.5013313	6.8193793	-0.60607934	3.0825553
eat_or_drink	2.4171927	6.789402	-0.36691445	2.47949
eat_raw	3.1065364	6.7082453	-1.4686975	2.2194438
eat_slow	2.43475	6.7802534	-0.66318035	3.228354
eat_small_meal	2.5441227	6.5878325	-1.0773722	2.3410103
eat_small_mouthful	2.4881992	6.8110976	-0.7065927	3.2088783
eat_small_portion	2.6572974	6.8049264	-0.81686544	2.454906
eat_solid	2.564122	6.816877	-0.6126312	3.160929
eat_something	2.4791236	6.7953286	-0.39218023	2.501795
eat_soup	2.5665596	6.8332505	-0.7311325	3.1925392
eat_too_fast	2.5370007	6.667886	-0.8055835	2.3777459
eat_too_much	2.618258	6.7516546	-0.3497869	2.2763166
eater	3.1688123	6.860791	-1.210855	2.3724804
ebb	4.808168	8.043583	0.003932531	2.7953005
ecg	8.538487	7.3244696	-2.1728616	0.77860576
ecstatic	6.303312	8.628607	0.30072853	0.7120613
eczema	6.609087	6.269576	-1.1929139	0.79068464
ed	6.7252073	5.751122	-0.71519125	-0.17600532
edema	6.0558696	6.472146	-1.060585	1.7108555
edible	2.9830482	6.5537014	-1.3360252	2.4906023
edmonton	7.8541293	8.6019125	-1.38364	0.6303023
educate	8.413095	8.180492	-1.1562715	-0.025262278
educate_themselves	7.5020604	7.5260367	-0.75557923	0.2137665
eek	6.17904	8.657153	0.2606049	1.1053182
een	6.1707935	7.33839	-2.8563266	2.4173625
een_doorverwijzing	6.154357	7.3538847	-2.2700799	2.2209916
effect	6.8409476	9.298846	-0.27088425	2.4136238
effective	7.350634	9.511486	-0.6088928	2.393761
effectiveness	7.439371	9.57245	-0.72257125	2.3209064
efficacy	7.4972234	9.134446	-0.9130798	2.1812532
effortless	5.4118214	7.784738	1.4012067	2.7579682
egd	8.543752	7.58228	-2.1098866	0.76618385
egg	2.1891904	6.697207	-1.0754011	2.8533978
eight_month	5.7966337	8.886807	0.2120467	2.0052164
ekg	8.529537	7.3971953	-2.145174	0.74634075
elbow	5.448969	6.2862496	-0.08304121	3.5597076
electrode	6.5686703	7.059264	-1.1819308	3.5439007
element	6.548625	5.794774	-0.50948745	1.6997426
elementary_school	5.336452	7.211	0.5540105	0.06845545
elephant	4.931836	6.742622	0.17098421	2.1303725
elevate	4.1074247	6.1100836	-0.1495934	4.0074835
eleven	6.135318	7.551895	-1.8149058	2.0081675
elicit	5.972563	8.321713	0.63111424	1.7976174
elimination	6.225079	6.090613	-1.1332343	0.90756315
elimination_diet	2.9765024	6.2668567	-1.8997065	2.432508
elk	6.0300765	7.623478	-0.6007253	1.7944767
eller	6.161786	7.343299	-2.644424	2.3473327
elongate	5.678464	6.1956587	0.41819325	3.4596906
else_experience	7.161952	8.687302	0.21823128	0.10852156
elsewhere	8.5054245	8.64861	-1.3580158	0.22352378
email	8.746713	9.360144	-1.6876223	0.76344514
email_her	8.129394	9.56446	-1.5907537	1.1290393
emanate	5.0683923	6.358074	0.07230884	2.24698
embarrass	4.9691253	7.5094185	1.6526994	1.3667278
embarrass_by	4.975267	7.302928	0.8467447	1.4496071
embarrass_especially	5.404773	7.7175965	0.1578801	1.098626
embarrassment	5.1533036	7.1408734	0.8323626	0.6569259
emergency_situation	5.3198366	7.47298	-0.18083398	1.6420332
emet	5.228406	6.726226	0.7985591	0.24788406
emetophobe	5.0812545	6.685865	1.2651061	0.32063282
emetophobe_here	5.3350863	6.7941236	0.6567841	0.37324885
emetophobia	4.978138	6.6452675	1.3698952	0.34814295
emetophobia_fear	5.353987	6.7969646	0.739994	0.24411054
emetophobia_too	5.0396705	6.8545604	1.2110202	0.55499816
emg	7.9273252	9.3297	-1.4752995	2.611799
emg_guide	7.961496	9.420514	-1.5263714	2.3565621
emg_machine	7.919137	9.287161	-1.5127686	2.6840613
emg_procedure	7.828233	9.344879	-1.4358912	2.1436296
emir	6.7348166	6.525723	-0.6458558	1.1120503
emit	5.2253428	7.358474	0.9402798	1.7543887
emory	8.189869	8.959677	-1.5790719	0.7384447
emotional	6.1464944	8.0279045	0.6538814	0.1947638
empathy	7.678163	8.012221	-0.67031693	0.05474197
emphasis	6.3239937	5.75906	-0.05470278	2.6724703
employ	6.2955866	6.693576	0.08612283	3.115762
employer	8.350408	8.857427	-1.5296756	0.7598324
empty	4.7427096	5.4207635	0.38055715	2.7877886
empty_stomach	2.4624019	6.7285094	-0.6047713	2.3710723
en	6.1683154	7.3325887	-2.8839557	2.4279938
enable	6.485965	5.3702936	0.025257302	2.740686
enamel	5.8804307	7.0942736	-1.1996639	1.924577
end_of_january	7.6113524	10.047252	-1.1162233	1.2998321
end_of_july	7.7108	9.67768	-1.3185588	1.3111767
end_of_october	7.6462946	9.800906	-1.1428518	1.3368438
end_up_be_able	6.5570135	9.05846	0.37466785	0.73259777
end_up_choke	4.0083094	6.631791	0.20401028	2.8603415
end_up_dry_heave	4.6059637	6.609916	0.53746665	1.9686373
end_up_gag	4.951723	6.753545	1.2287074	2.070113
end_up_in_the_er	4.622204	6.4312806	-0.082898244	1.1972555
end_up_pay	8.646254	9.75631	-2.1658354	1.9678518
end_up_puke	4.6630616	6.7773695	0.8461456	1.747245
end_up_vomit	4.796196	6.5618367	1.6669579	1.971802
endless_cycle	5.067765	6.8472495	-0.16380376	1.4018809
endoflip	6.7674904	5.727262	-1.0171502	1.4308726
endometriosis	6.5110965	5.863328	-1.0584939	0.2876351
endoscope	8.629896	7.6466703	-2.2016907	1.1080123
endoscopy	8.760568	7.476012	-2.2490265	0.7618672
endoscopy_and_colonoscopy	6.819427	6.2694	-1.3476027	0.49221542
endoscopy_colonoscopy	8.338238	7.538114	-1.9872757	0.7323658
endoscopy_show	6.661536	5.8872433	-1.1362104	0.7351568
energy_drink	2.204858	7.18024	-0.7975079	2.0563931
engage	5.780334	5.567221	0.74554574	3.6786432
engage_your_core	6.1009817	6.2954345	0.58316416	3.7170153
engine	5.982705	7.861047	0.08792411	1.015625
england	8.892468	9.324595	-1.8591624	0.8580628
enjoy	2.7211738	7.101954	-0.26573032	1.8982385
enlarge	6.0895143	5.0040927	-0.18588482	2.3959234
enlarge_cp_muscle	6.8516665	6.4642353	-1.05042	0.97861904
enlarge_stomach	5.98666	6.356639	-0.8880373	1.577635
enough_air	5.0546384	5.576101	0.6846782	3.0679722
enough_pressure	5.2842655	5.5320454	0.73371917	3.280277
enough_to_allow	5.285719	6.1318445	0.24790008	2.6508021
ent	9.069828	8.534265	-1.7560066	0.11990933
ent_center	7.2753224	8.631573	-1.1863903	1.1101271
ent_clinic	8.507905	8.7894335	-1.5882344	0.41369033
ent_consultant	8.555764	8.689558	-1.5577401	0.39543816
ent_department	8.408568	8.704725	-1.5837746	0.46402553
ent_doc	8.644258	8.612461	-1.5912765	0.26668382
ent_doctor	9.063009	8.55115	-1.7687615	0.14152215
ent_ear	8.434451	8.366644	-1.5831457	0.32147402
ent_in_saskatoon	7.6642613	8.970454	-1.4592004	1.0714161
ent_in_toronto	8.178121	8.662995	-1.4744998	0.51601154
ent_referral	8.82127	8.525221	-1.7663101	0.3096211
ent_specialist	9.022157	8.611951	-1.7029717	0.1596213
ent_surgeon	8.719871	8.866239	-1.6119627	0.423097
ent_who	9.0507	8.580908	-1.7234576	0.1427861
enter	5.631377	5.0492945	0.2550529	2.9146967
entertain	6.6312904	8.397793	0.069555365	0.33499998
entire_body	6.469087	5.775341	-0.50441325	1.7873005
entire_community	6.506659	8.150735	0.07381898	0.354722
entire_life	5.696965	7.249095	-0.01715448	0.044444744
entire_process	7.3963323	9.133251	-1.1789389	1.1823086
entirely_different	6.1352015	7.782661	-0.3299189	1.18099
enzyme	2.8991976	6.2422643	-1.8200693	2.612615
eoe	6.6101556	5.7952375	-1.1798886	0.22230001
eosinophilic_esophagitis	6.7403083	6.170814	-1.28288	0.47565925
epigastric	5.2108054	5.9449253	-0.24560589	2.3136296
epiglottis	6.1895337	5.4286513	-0.13688438	2.863882
epilepsy	6.6872635	8.51853	-0.6941964	1.42577
episode	4.443649	5.7327437	0.40598094	0.8089215
equalize	5.6196175	6.5972857	-0.189694	2.3863864
equate	5.5199394	7.5387	-0.4293163	1.4222307
equipment	8.109992	9.533124	-1.6714354	2.442983
erection	5.1784105	7.021425	-0.42784324	2.2282224
erg	6.149208	7.3298273	-2.551802	2.3108578
erosion	6.587493	5.6047087	-1.0108936	1.1167244
erratic	5.448834	7.6172585	0.28964975	1.5636351
erupt	5.196446	7.0155635	1.2811716	2.3533628
es	6.1643534	7.3276668	-2.864008	2.4164605
escape	4.9898376	5.6135554	0.91095686	2.7879834
esomeprazole	3.3410466	6.071451	-2.3257768	3.1391933
esophageal	6.807373	5.5867186	-0.9812814	1.2611558
esophageal_cancer	6.6493797	5.828471	-0.857361	0.3136171
esophageal_dysmotility	6.807408	6.4366717	-1.27182	0.49771643
esophageal_issue	6.594267	5.8248158	-0.9162358	0.099163815
esophageal_manometry	8.673093	7.5282865	-2.2088606	0.84440356
esophageal_motility_test	7.44351	8.668058	-1.4607911	1.2579277
esophageal_muscle	6.4297714	5.130341	-0.03203199	2.7219312
esophageal_sphincter	6.3206167	4.921801	0.15891151	2.8552496
esophageal_web	6.2314095	6.3145723	-0.6200639	2.0788176
esophagitis	6.5973573	5.499756	-1.0781493	0.20860574
esophagoscopy	8.57169	7.9200654	-2.1186023	1.1364979
esophagram	8.467407	7.606933	-2.076352	0.7617364
esophagus	6.0614276	4.845978	0.031013308	2.6027474
esophagus_manometry	8.2880945	7.653678	-1.9947623	0.8485515
esophogram	8.0620985	7.6291137	-1.8680744	0.8424851
especially_after	2.3877587	7.0656505	-0.7141503	2.0684524
especially_after_eat	3.6411984	6.858555	-0.07380732	1.8863949
especially_after_meal	4.185503	6.2835236	-0.18958072	1.5309707
especially_at_night	4.5645876	6.164856	0.1009262	1.2835997
especially_bad	4.412161	6.397771	0.16626489	1.0721617
esque	5.642865	6.4927573	-0.12445135	2.8911076
essayer	5.9790907	7.273766	-1.3775084	1.9304771
establish	8.250984	7.9778767	-1.2322388	0.14844027
estimate_cost	7.4872713	8.8665695	-1.212743	1.2278465
et	6.1701126	7.3343434	-2.8928192	2.4308639
et_al	7.073766	7.873801	-1.3064677	1.0377446
et_combien	6.063898	7.195458	-1.616085	2.0875547
et_effect_secondary_acre	6.1088915	7.4313445	-1.0787987	1.804618
eternal	6.063395	7.375522	-1.1741264	1.791211
eternal_grateful	7.1181326	8.756656	-0.17252013	0.4104642
euphoric	6.030992	8.173467	0.3266907	0.91822207
euro	8.696724	9.772909	-2.2183611	1.9849383
europe	8.891379	9.293103	-1.8410151	0.80645186
eustachian_tube	6.406483	5.608058	-0.77040255	1.053818
evacuate	4.6868486	5.327806	-0.08996538	2.3056307
evaluate	8.55791	8.045621	-1.5611585	0.2725846
evaluation	7.968638	9.265436	-1.8035545	1.621316
even_as_a_baby	5.398207	7.1107135	0.7542701	-0.044743314
even_more	4.0999036	6.483498	0.68519354	1.37188
even_worse	4.0897446	6.3768735	0.654407	0.97782695
evening_meal	2.9023914	7.033896	-0.29829866	2.3523946
event	3.1018896	7.175439	-0.17626786	1.7681307
eventual_go_away	5.6138678	8.735005	0.36000007	2.123843
eventual_your_body	5.3803463	7.06926	-0.52825505	2.3168895
ever_be_able	5.379602	7.136198	0.78194606	-0.015301515
ever_experience	4.548289	6.0453978	0.09438498	1.0390124
ever_heard	7.4197235	7.538227	-0.6019036	-0.051598422
ever_make	6.4365606	9.660895	0.11716769	1.2919668
ever_since	4.997145	7.4375	0.73543036	0.11577948
every_2_minute	5.032632	7.440497	1.0867528	1.8862176
every_aspect	6.2578535	7.1089797	-0.3460884	0.6142438
every_bite	2.5052216	6.7904935	-0.6033633	3.2894733
every_doctor	8.600722	8.253479	-1.698361	0.17351031
every_evening	4.4967613	6.4782147	0.0027497201	1.1223294
every_few_minute	4.3780293	7.214216	0.84214944	1.9239535
every_few_second	4.4483013	7.0375204	0.91088426	1.8700552
every_hour	3.796693	7.0827956	-0.0761206	1.9394348
every_night	3.4116497	7.0169916	0.18422094	2.1118653
every_now	4.9507494	7.6742496	1.4958571	2.4555295
every_opportunity	5.9928064	7.8407726	0.8185773	2.5496967
every_single_day	4.178736	6.3056645	0.35072896	1.0672395
every_single_person	6.472751	8.139471	-0.13498467	0.69067734
every_single_time	4.86239	7.366226	1.5098286	1.6221548
every_symptom	6.274284	5.9372706	-0.7916602	0.009508247
every_test	8.492791	7.4251432	-2.1140766	0.7308819
everybody	6.5525727	8.862182	0.58084536	0.49870124
everyday	3.6528509	6.822716	0.56149024	1.7020234
everyone_around	5.2131395	7.6022763	1.374328	1.1874
everyone_else	6.6897674	8.3973255	0.5787826	-0.075519174
everyone_here	7.2212815	8.763032	0.28967327	-0.31872198
everyone_on_this_sub	6.327217	8.474414	0.42205456	0.6806581
everything	2.525059	6.4656987	-0.6735624	2.9409933
everything_go_well	7.5470624	9.940936	-1.1362501	1.4623852
everything_include	7.1479235	8.805888	-1.161331	1.4079975
everything_make_sense	6.270053	8.060148	0.122351415	-0.2746495
everything_worse	4.1540346	6.839804	0.83018464	1.0003073
evidence	8.403892	8.090286	-1.1382813	-0.0897139
evidence_that	6.926747	6.06909	-0.80245364	0.30064058
ew	4.905037	7.242202	1.0257386	2.2743998
exacerbate	6.189723	5.463923	-0.46825558	0.3025804
exacerbate_by	6.126204	5.7467613	-0.65254855	0.39932695
exacerbate_my	4.9071355	5.950056	-0.17039938	0.69820446
exact_thing	6.320288	8.093434	-0.17368765	0.399836
exactly_sure	6.5929737	7.9599876	-0.3816522	1.2161179
examination	8.562104	7.654371	-2.16154	0.97853404
exasperate	5.786152	6.0328035	-0.44309738	0.26612362
exceed	6.93763	8.447555	-0.82934004	1.2894819
excellent	7.662195	8.960615	-0.45658854	0.2003711
except	4.608989	6.7781043	1.185037	1.0592963
excess_air	5.0914474	5.035267	0.113046914	2.4312763
excess_flatulence	4.947977	6.076286	-0.176499	1.1565896
excess_gas	5.0942545	5.026065	-0.0055097616	2.1646943
excess_pressure	5.3865123	6.0170627	0.116517186	2.453598
excess_saliva	4.544263	6.1618004	0.14489995	1.7131267
excess_wind	4.732691	6.132061	-0.1308454	1.2848967
excessive	4.3342223	6.1697803	0.75725305	1.1429414
excessive_air_swallow	6.4242845	5.773679	-0.738425	0.26202664
excessive_amount	5.299991	5.827625	-0.18867698	2.0957136
excessive_bloat	4.5313325	5.71553	0.16681188	0.8990807
excessive_burp	5.423551	8.93019	0.5501434	2.386079
excessive_fart	4.8766274	6.8245254	0.562808	1.232883
excessive_flatulence	4.489189	5.6271667	0.24141203	0.8579005
excessive_gas	4.6203976	5.5726905	0.12498548	1.1126574
excessive_saliva	4.66563	6.224437	-0.049160052	1.1500939
excessive_salivate	4.429888	6.692296	0.35467112	1.510396
excessive_salivation	4.595198	6.1518645	0.030842487	1.4216669
excessive_wind	4.835851	6.2068267	-0.21575119	1.1711134
excite	6.869114	9.462273	0.6081056	0.3676636
excite_about	6.5092387	8.923896	0.46666676	0.6121932
exclude_other	6.750196	5.8543262	-1.2499903	0.5404313
exclusion	6.9747305	6.523223	-1.3044568	0.59479856
excruciating	4.3809175	5.879633	0.27534363	0.99880564
excruciating_pain	4.541317	6.221504	0.17760539	1.569647
exercise	6.4881296	6.556451	0.8950402	3.794711
exercise_on_youtube	6.5324464	6.6225615	0.8274566	3.6741192
exercise_search	6.513053	6.5810995	0.85910624	3.736393
exert	5.988345	5.939786	-0.049951088	2.7025287
exert_myself	5.056097	6.73694	-0.22399452	1.9637944
exhale	5.350441	5.8633347	1.0539408	3.6498554
exhaust	3.8372202	6.6621842	0.63428235	1.3882546
exhaustion	4.912804	6.0776386	-0.07832855	1.8254703
existence	6.6819158	6.5378437	-0.78532356	0.04365343
exit_through	5.117206	5.9722443	0.4760029	2.5982587
exorcise	5.1906424	7.4542313	1.1855139	1.7108997
exorcism	4.9833155	7.177535	1.4080284	1.8184069
exorcist	5.172593	7.3290696	1.1560374	1.8200278
expand	5.4417653	5.0658903	0.27026886	2.8661761
expansion	5.5961523	5.4369097	-0.31518185	2.4568183
expect	5.2151613	8.875561	0.27973694	2.5554087
expect_to_pay	8.294427	9.4990015	-1.9436638	1.8707367
expel	4.934512	5.5295744	0.8018228	2.665406
expel_air	5.3193064	6.8202877	1.2907252	2.5834627
expel_gas	5.192405	6.360011	0.5617161	2.4030728
expense	8.789995	9.764523	-2.1940286	1.8848329
expensive	8.902003	9.713094	-2.188051	1.7274947
experience_a_lot	4.6914253	6.3269644	-0.03248509	0.9104041
experience_so_far	6.891135	9.049429	0.028258322	0.71293163
experience_something_similar	7.0432706	8.570003	0.0836151	0.29061764
experiment_evidence	7.338076	7.360378	-1.1065172	0.6862318
experiment_prove	8.024432	7.770316	-1.6026461	0.5513341
experiment_result	7.913182	7.753736	-1.1012888	0.20522828
experiment_with_different	6.2748275	6.4382663	0.5993711	3.686373
experiment_with_posture	6.276101	6.457649	0.81766903	3.7185326
expert	8.5704975	8.357296	-1.3405674	0.043157373
explain	8.746185	8.009031	-1.5001142	-0.012067506
explain_a_lot	5.6346583	7.246693	-0.26271573	0.15352255
explanation_for_and_relief	6.82551	7.5614295	-0.49314842	0.11985337
explicit	7.8333893	8.070827	-1.4542952	0.66572493
explore	8.591518	8.273318	-1.3910869	0.12268999
explosion	5.3569474	6.9780707	0.23266426	2.3931456
explosive	4.8615384	7.2079782	1.2162781	1.7365191
expose	6.4701223	6.0874205	-0.31472814	0.9867744
exposure_therapy	4.9908094	6.6714854	1.3917948	0.3710836
express_how	5.9476175	7.6347528	0.6121932	0.67319167
expulsion	5.0213313	5.812617	0.5617172	2.5352414
extend_my_neck	5.545472	6.360825	0.8655024	3.9168875
extend_period_of_time	4.7453213	6.6677656	-0.15087059	2.043214
extensive_test_many	6.7907577	7.3958325	-1.400475	1.3048576
external	7.9515057	9.41872	-1.436892	2.5983574
external_injection	7.9192944	9.40862	-1.4553281	2.4406555
external_through	7.907326	9.314113	-1.456516	2.7007694
extra_air	4.87293	5.1630654	0.23799507	2.5006227
extra_bloat	4.679945	6.4232473	-0.004361263	2.1919448
extra_gas	5.5231056	5.1678677	-0.27174458	2.0562186
extra_pressure	5.31026	5.691612	-0.018867422	2.496254
extra_saliva	5.0581684	6.3916554	-0.28527024	1.8756847
extra_sensitive	4.9753594	6.950735	-0.41887113	1.4097813
extra_strength	3.4028206	6.407591	-1.9210038	3.1286702
extra_test	7.625647	8.092379	-1.3427749	0.8415176
extract	6.4747777	7.501471	-1.2345669	1.5735415
extreme_annoy	5.89822	7.736327	-0.33758157	1.0579923
extreme_bloat	4.2865605	5.6609025	0.41978538	0.9083569
extreme_easy	5.4917364	7.7483177	-0.42284292	2.1790922
extreme_emetophobia	5.0762224	6.815876	1.0950736	0.33805442
extreme_flatulence	4.555515	5.9323125	0.1778901	1.0278498
extreme_happy	6.707841	9.01796	0.066339046	0.7588221
extreme_hard	4.7956524	7.139302	1.1628805	1.7842984
extreme_helpful	6.897607	8.849222	0.095027715	0.33991063
extreme_loud	4.8444157	7.2686763	1.5296572	1.632726
extreme_low	6.612393	8.354649	-0.64259565	1.6053163
extreme_nauseous	4.0787635	6.778152	0.31568524	1.4788923
extreme_pain	4.321006	5.9519153	0.4327502	1.1482893
extreme_pain_hiccup	4.9869084	6.6182795	-0.09226083	1.1517701
extreme_pressure	4.8921404	6.4751873	0.2866455	2.177102
extreme_sore	4.7638063	7.6959143	-0.02379972	3.1751597
extreme_uncomfortable	4.1237483	6.3960433	0.49697447	1.5755967
extreme_unpleasant	5.8404984	6.7565823	0.24097557	0.39135212
extreme_violent	5.001626	7.241724	0.97705156	1.4496831
extremity	5.652093	5.441042	-0.32085586	2.050272
eye_open	6.662312	8.388407	0.04476174	0.41440055
fab	6.509417	8.86945	0.2407276	0.74823433
face_down	5.4694657	6.2598114	0.101628214	3.682641
face_forward	5.5838275	6.264766	1.1281573	3.9883287
facebook	7.6452875	8.664897	-0.11674977	-0.4566815
facebook_page	7.656767	8.359457	-0.61128694	-0.033075295
facial_muscle	5.755463	5.7764807	-0.34787568	2.6281383
facilitate	6.200501	6.253352	0.7109303	3.4905326
facility	8.501672	9.744961	-2.0328345	1.7816168
facility_fee	8.492639	9.660088	-2.0741162	1.9629579
factor	6.8289003	5.6652246	-0.68213207	0.32621562
factory	5.3351874	7.049515	-0.4923291	1.963171
fade	5.925194	9.3705	0.60504115	2.4645152
fade_away	5.928241	9.331112	0.6029025	2.4329007
fade_quick	5.357063	8.368751	-0.3368566	2.2485797
fail_to_relax	6.2984796	5.082824	-0.070065245	2.649035
failure	7.575136	9.660697	-0.8161569	2.2930038
failure_to_thrive	6.3473606	6.0807595	-0.80912447	0.60571086
faint	4.176775	6.5396233	0.53218096	2.0130394
fair_enough	6.7533646	8.549806	-0.15646632	0.7070799
fair_point	5.8871613	7.75536	-0.6556147	1.2969615
fairlife	6.136104	7.6301208	-1.0176327	1.657856
fairly_common	6.4374065	6.269601	-0.4314267	0.019896429
fairly_new	8.037763	8.165798	-1.0693768	0.16380236
fairly_sure	6.0316353	6.899414	-0.5908909	0.5012863
fairly_well	5.684157	8.858744	0.61283857	2.2265875
fairy	5.7808027	7.2027063	-0.8285319	1.8546265
fake	4.994648	7.4357786	1.54872	1.4049771
fake_burp	5.2725897	7.12067	1.1710202	2.1221986
fall_asleep	4.5790987	6.0879707	0.3397185	3.9971044
falsetto	6.1694736	6.930855	-0.67839986	0.9876576
familiar_with_doctor_bastian	8.404637	8.449	-1.5130483	0.27793154
familiar_with_r_cpd	8.683949	8.462617	-1.5566623	0.18695603
familiar_with_rcpd	8.693879	8.512089	-1.60305	0.23325346
familiar_with_this_condition	8.033663	8.647368	-1.4622244	0.5694154
family_doctor	8.836319	8.540765	-1.6455098	0.18393444
family_history	6.8840714	7.1855235	-1.1554824	0.9646643
family_history_and_saliva_sample	7.6712513	7.82866	-1.0785694	0.36084855
family_member_who	7.149136	6.82506	-1.0335641	0.44576117
famotidine	3.2613838	6.007225	-2.361376	3.1091013
fantastic	6.841715	9.434401	0.6246803	0.3569178
fantastic_news	6.787016	9.150702	0.28747207	0.63692343
faq	8.021246	8.526231	-0.92692965	0.07601252
faq_document	7.192388	8.535334	-0.14288563	0.33813122
faq_video	7.850073	8.259381	-0.9542938	0.17006287
far_as_possible	5.5633907	6.2613745	0.63082606	3.9523282
far_less	4.711203	6.2435164	0.062244654	0.97564
fart	4.7364254	7.3109136	1.6478963	1.5684061
fart_a_lot	4.767703	7.337607	1.5863578	1.4747243
fart_a_ton	4.466357	6.82128	0.1431635	1.4412735
fart_lol	5.2626286	7.265787	0.87809587	1.4042907
fart_more_than	5.2224436	7.4995594	1.150242	1.0981139
fart_so_much	5.237082	7.541728	1.1750902	1.0230207
farty	5.009613	7.4772935	0.89100456	1.2833831
fascia	6.0214396	5.6260014	-0.3169321	2.6273355
fashion	6.4044967	6.6219993	-0.5451495	1.3630722
fast_food	2.5497186	6.7599616	-1.1169692	2.3638294
fast_rep_shaker	6.243525	6.5095944	0.8744504	3.753913
fasten	6.077224	7.283114	-1.8724692	2.2006416
fat	2.3810365	6.4325876	-1.3631055	2.392118
fatigue	4.5855513	5.6328087	0.17029919	0.9091264
fatigue_brain	5.785948	7.230261	-0.9368154	1.7176805
fatty	2.8355906	6.6291137	-1.4655012	2.2899616
fatty_food	2.5646975	6.6515985	-1.3025243	2.2565126
faucet	4.34026	6.53524	0.32200426	2.8558252
fault	6.4614024	5.1169925	-0.13898602	2.386654
fear	4.9122066	6.6360335	1.4798765	0.42460534
fear_of_puke	5.0806937	6.937575	0.8123824	0.4697264
fear_of_throw_up	5.013508	6.6512327	1.3306725	0.34298265
fear_of_vomit	5.0154448	6.6502805	1.3020436	0.3101295
fear_vomit	5.389333	6.9418516	0.6553772	0.515914
feat	5.8370237	7.716336	-0.5354588	1.2867591
feature	7.823412	8.379508	-0.7627814	0.002374853
federal	7.3151526	8.767507	-1.2326635	1.4328651
fee	8.6201105	9.782063	-2.1526995	1.9606351
feed_off	5.9896264	5.9438343	-0.5989792	1.2003586
feel_a_bit	4.6042457	8.266107	0.1562825	2.9527256
feel_a_little	4.5940638	8.2976	0.11003323	2.9259744
feel_amazing	5.42287	8.999375	0.8615364	2.3850944
feel_anxious	4.3334594	6.8753815	0.7618749	1.2064884
feel_ashamed	6.5400743	8.418528	0.05073185	0.5788312
feel_awful	3.5429206	6.798709	0.39549816	1.5104785
feel_better	3.7985642	6.622174	0.7360054	1.3257109
feel_bloat	3.6640275	6.551524	0.671952	1.5161502
feel_crappy	4.3595505	7.07262	0.10685353	1.4782183
feel_dumb	6.200441	7.9943323	-0.0069299615	0.5323717
feel_fine	4.5825944	8.471747	-0.07941374	2.8826883
feel_full	3.5690222	6.4947824	0.40889853	1.7178359
feel_horrible	3.6214557	6.7224097	0.4873758	1.4886239
feel_hungry	3.6401298	6.6714425	0.19789542	1.6772498
feel_like_a_balloon	4.4684997	6.776837	-0.107128285	2.3316276
feel_like_a_lump	4.592253	7.9039345	0.041962158	3.008667
feel_like_crap	4.195534	7.2101064	-0.07200993	1.7436762
feel_like_garbage	4.179881	7.1904707	0.07897791	1.5739764
feel_like_my_body	4.897655	6.582581	1.432589	2.2385495
feel_like_shit	3.5753133	6.969307	0.22120874	1.5329859
feel_miserable	3.4866445	6.8843517	0.30331928	1.532947
feel_nauseate	4.0795994	6.6986065	0.36726213	1.2473499
feel_nauseous	3.7915928	6.511174	0.83893883	1.3723489
feel_of_a_lump	4.5378766	7.896147	0.089176945	3.0780106
feel_of_fullness	4.5866523	5.7668724	0.092048325	1.1642879
feel_ok	4.5077167	8.407698	-0.23845306	2.8223677
feel_okay	4.245633	8.169712	-0.3241463	2.7228577
feel_optimistic	6.537222	8.977007	0.34210068	0.9002458
feel_overly	4.824126	7.0699577	0.19710268	1.4697984
feel_pretty	4.5858502	8.392166	0.06626756	2.8788924
feel_queasy	4.6774335	6.8129153	0.50618756	1.6395229
feel_sick	3.6588027	6.56937	0.70940894	1.4331684
feel_stuck	4.163355	6.4899125	0.28412116	2.8817835
feel_terrible	3.7854948	6.7915125	0.40943596	1.4432467
feel_the_exact	6.065803	8.311564	-0.041130923	0.9016435
feel_tight	4.4896493	6.197632	0.4630959	2.819268
feel_tired	4.2534933	6.904942	0.20818552	2.042948
feel_uncomfortable	3.8222854	6.4622135	0.64050347	1.6099846
feel_unwell	4.362531	7.064537	0.10897929	1.8629272
feel_validate	6.780712	8.70629	0.16742066	0.09491085
feel_weak	4.6489005	7.898396	0.03675136	2.6486564
feel_weird	4.5246644	8.044456	0.13535249	3.0470147
feel_worse	3.9873147	6.5737147	0.7477066	1.1088861
fees	8.718905	9.757355	-2.1445942	1.8467467
fellow_frog	6.1380963	8.126702	-0.59126186	1.3042557
female	5.6152945	7.0414643	0.36975637	-0.42072457
feminine	5.8206215	7.422036	-0.4307249	1.6159785
fennel	3.1467447	6.517302	-1.661117	2.5541024
fentanyl	6.259733	7.4548087	-1.4299966	3.1807983
ferment	4.5257306	5.251343	-0.695636	2.2084463
fermentable	2.7554734	6.467421	-1.6037977	2.2928603
fermentation	4.4873257	5.2628264	-0.7126141	2.1764662
ferrous_fumigate	3.5307233	6.36875	-1.9416231	3.444146
fetal_position	4.8279595	6.1135764	0.1590849	3.9824626
fever	4.533734	6.5657167	0.09416219	2.182818
few_people	6.4713187	7.813995	-0.74369496	0.8701094
few_second	4.962586	6.889441	-0.33253893	1.6623528
few_time	4.75561	7.175492	1.3182986	0.9602501
fiber	2.6661234	6.325676	-1.610355	2.4314048
fibre	2.7062693	6.452607	-1.5797244	2.3478281
fibromyalgia	6.473778	6.147525	-0.92262256	0.40911365
fibrous	5.7358994	5.6876726	-0.5202631	2.0713196
field	8.518163	8.21698	-1.2281209	-0.06254144
fifteenth	7.650122	10.099499	-1.0970796	1.4269413
fight_against	4.985728	6.5751786	0.6532191	2.4559479
fight_or_flight_response	5.222343	6.565517	-0.08861982	1.6566052
figure_id_share	7.0901747	8.841039	0.1116355	0.22535989
figure_out_how	5.6722074	7.3076224	1.5344659	3.0511003
figure_out_why	5.8032727	7.3263144	0.7084518	0.6837643
file	8.856711	9.392465	-2.0169656	1.2244196
fill_up_with_air	4.8043394	5.970688	0.25804436	2.4399316
fill_with_air	4.9259553	5.5916424	0.19729118	2.4347084
fill_with_gas	5.130041	6.6518273	-0.17278631	2.0625768
final_update	6.867419	9.147552	-0.6118574	1.332181
finally_decide	6.7306275	8.426446	-0.09270716	-0.07104904
finally_get	6.8961744	9.556035	0.42618302	0.4685454
finally_realize	5.793604	7.1857395	0.12207052	-0.048362028
financial	8.954479	9.559888	-2.0724108	1.3709949
find_a_couple	6.666959	8.257772	-0.009504402	0.6998431
find_a_hiatal	6.605338	5.4474506	-1.0850482	0.19516617
find_myself	3.7612102	6.8696675	0.772735	1.9289672
find_on_youtube	6.504038	6.5769067	0.77511954	3.7524993
find_relief	6.970339	9.105682	0.3859067	0.4879596
find_some_relief	6.941759	9.2154	0.39762294	0.52216405
find_somewhere	7.3120847	8.5772505	-0.8056114	0.7019637
find_this_community	6.780719	8.673557	0.48802966	-0.16433483
find_this_forum	6.401379	8.15931	0.10750851	-0.2334407
find_this_page	6.63621	8.519733	0.33760157	-0.18324164
find_this_thread	6.645329	8.405545	0.17023936	-0.24493188
find_you_guy	6.607164	8.563315	0.41901147	-0.12511887
find_yourself	5.1919055	7.0764585	-0.1126458	2.1918638
finger_cross	6.9073358	9.485385	0.588326	0.49693853
finger_cross_for_us	6.2039742	8.58425	0.11146844	1.2227966
finger_cross_it	6.8216786	9.457695	0.546881	0.65208256
finger_down_my_throat	4.801633	6.5328956	1.7728529	2.1330032
finger_down_throat	5.157332	6.6677175	1.403332	2.3413053
finger_in_my_throat	4.919235	6.674491	1.5025177	2.0948424
finger_in_your_throat	5.6131177	7.0190997	0.26294628	2.1530285
finger_method	4.8600845	6.592109	1.7029786	2.0093217
finger_x	6.7184057	9.356132	0.495408	0.82313955
finish_meal	5.2094398	7.2838287	-0.1750579	1.016753
firm	5.5712385	5.7433033	0.34322083	3.737162
firm_believe	6.228493	6.9749217	-0.60956967	0.45621547
first_appointment	8.38668	9.905936	-1.5520216	1.1305475
first_appointment_with_doctor_spiegel	7.087548	8.857887	-1.0627003	1.1937762
first_consultation	8.089622	9.728001	-1.498528	1.1531491
first_day	5.1271253	8.967108	0.45324367	2.6915882
first_dose	7.6280723	10.312163	-0.6863247	2.4368398
first_grade	5.299597	7.0819845	0.6662315	0.080594674
first_injection	7.640855	10.313631	-0.70416194	2.4357285
first_instance	8.034636	8.581685	-1.3238109	0.58255005
first_micro	5.5379696	9.042623	0.66967845	2.4246652
first_month	5.486696	9.16372	0.6781552	2.5808742
first_one	7.6461573	10.333698	-0.6917542	2.4447625
first_person	7.722504	9.033923	-1.1414083	0.6755297
first_round	7.6238937	10.316338	-0.6829475	2.4327977
first_shot	7.516588	10.131488	-0.7412089	2.266138
first_sign	5.7258596	8.03127	0.88459986	2.1326933
first_time_around	7.500546	10.161235	-0.6483518	2.2942576
first_time_poster	6.07214	7.86776	-0.028350048	-0.11405924
first_time_round	7.388432	10.007195	-0.6591036	2.1738183
first_trimester	5.267562	7.4129744	-0.1368524	1.1108367
first_visit	8.226227	9.240866	-1.629441	0.8925833
first_week	5.339116	9.048905	0.72700214	2.639927
fish_oil	3.4414954	6.4319706	-1.8042521	3.4410107
fish_oil_supplement	3.4799647	6.369327	-1.9030302	3.4772294
fissure	6.0454473	6.977126	-1.0963668	1.6874027
fit_better	4.5582714	6.8411117	-0.16012515	1.7591313
five	5.5678477	8.851977	0.0924597	2.0320466
five_day	5.797162	9.055424	0.31233904	2.1256204
five_time	4.8408065	7.3562307	1.1470349	0.8544472
five_year	5.57959	7.545356	-0.014460476	-0.16398053
fix_r_cpd	6.517865	7.0133076	-0.90844446	0.6158543
fix_the_root	6.3821483	6.0635366	-0.95349675	0.8919416
fizz	2.0348766	7.092201	-0.63831156	2.2002273
fizzy	2.012395	7.064118	-0.6534004	2.1733506
fizzy_drink	2.0361018	7.0849085	-0.52449584	2.1333866
fizzy_water	2.041834	7.134769	-0.5222933	2.137404
fl	7.9973044	8.900645	-1.5124154	0.77649933
flaccid	6.2900515	5.4351654	-0.26015773	2.6414187
flair	7.3956337	8.582763	-0.43362823	0.23024116
flair_up	4.7562823	6.5650454	-0.14577599	1.2335901
flap	5.987085	5.0794477	0.24262258	3.0249925
flare	5.451389	5.8400655	-0.36790222	0.60020936
flare_up	4.3996654	5.7402525	0.37320763	0.8000424
flat	4.580827	5.987052	0.36291417	4.0120573
flat_belly	4.5206494	6.6840096	-0.16083509	1.3528439
flat_tummy	4.4226546	6.8498883	-0.268876	1.6128021
flat_water	2.7458034	6.9822335	-0.76055086	2.4205353
flatten	4.917328	6.137719	0.11461541	3.7732759
flatulence	4.3612695	5.5980263	0.34190777	0.89311296
flatulence_decrease	4.95054	6.6254067	-0.10019512	1.1654946
flatus	5.535531	6.046019	-0.5239019	1.7364892
flex	5.706959	5.620699	0.86408365	3.6782134
flex_my	5.4042325	5.50245	0.76499546	3.5086699
flex_my_ab	5.580092	6.2581525	0.53554547	3.5215032
flex_my_stomach	5.5721364	6.2952147	0.6782713	3.9299366
flex_your	5.72417	5.6143374	0.7732254	3.683589
flexible	6.755188	7.131306	-1.3486675	3.5681584
float	4.8720045	5.478891	-0.005114653	2.7025692
flonase	3.4664881	6.308855	-2.1633344	3.0901988
flood	5.6641555	7.642917	-0.060090087	1.463743
floppy	6.130871	5.1644626	-0.13967393	2.6737673
florida	8.628218	9.206866	-1.7110716	0.70041996
flower	5.4578295	7.184053	-0.6497674	1.6625507
flu	4.4302373	6.087007	0.195927	1.2902778
fluctuation	5.8115745	7.1509886	-0.7849072	1.7587271
fluid	3.0322993	6.458275	-0.4013831	3.087795
fluoroscopy	8.516193	7.713895	-2.0546622	0.7681095
flush	4.1177883	6.2809095	-0.040643286	3.2501962
flutter	4.8937607	5.708547	0.11534095	2.3081334
fly_back_home	7.3529534	9.330963	-1.5363547	1.7585245
fly_to_chicago	8.741399	9.703184	-1.8409437	1.1779803
foam	5.03043	6.0613737	0.13424788	3.8081703
foamy	4.176918	6.358262	0.4497966	2.7773147
focus_on_breathe	5.8331733	6.3144	0.7700303	3.8397682
focus_on_stay_hydrate	5.2397113	7.8093166	-0.416191	1.9446187
fodmap	2.7540748	6.279424	-1.738882	2.343647
fodmap_diet	3.013473	6.2570424	-1.905462	2.423567
fog	5.3287563	7.053935	-0.5576246	2.7608085
folate	6.170387	6.3159328	-1.0146949	1.5120105
fold	5.433364	5.560153	0.09622951	3.2863288
folk_on_here	7.0748997	8.120402	-0.9460725	0.9536643
folk_who	7.083852	8.264808	-0.28587675	0.37034738
follower	6.881904	8.187427	-0.3080758	-0.009860971
food	2.301413	6.655405	-0.6578789	2.9421449
food_allergy	6.4737763	5.672296	-1.2046043	0.2685229
food_and_drink	2.4812596	6.680554	-0.772495	2.658426
food_and_liquid	4.209887	6.7055902	-0.3632751	3.0122938
food_diary	3.4549363	6.345832	-1.9832835	2.717027
food_down	2.5433247	6.7402844	-0.5460002	3.2335079
food_elimination	3.1566331	6.4116416	-1.7919633	2.3483195
food_get_stuck	4.3898396	7.5334883	0.11981583	3.0429976
food_go_down	2.6134372	6.764718	-0.5697014	3.2762952
food_hang	4.563577	7.883571	0.066923924	3.0369496
food_in_my_mouth	3.2412791	6.8441978	-0.6090538	2.927754
food_intake	2.9624038	6.50789	-1.5216794	2.1945925
food_intolerance	6.417705	5.525485	-1.0307056	0.13902456
food_liquid	4.740912	5.7070613	-0.015019533	2.6815479
food_or_liquid	4.057238	6.5466924	0.17763777	2.9654064
food_poison	4.918739	6.599214	0.9742435	0.33111146
food_stuck	4.46177	7.693588	0.12507153	3.0869994
fool	6.0656853	8.197198	0.3712172	0.38684696
footage	7.986608	8.481457	-0.93176013	0.09634514
force	5.478325	6.2921505	1.3801789	3.4631984
force_air	5.5084534	6.1584487	1.0475503	3.7786775
force_behind	5.4161463	7.1497035	0.7753379	2.644498
force_myself	4.69767	6.505075	1.8265295	1.9552737
force_myself_to_gag	5.0411916	6.867806	1.3566008	2.0800452
force_on_colon_wall	5.693431	5.6898394	-0.37029004	2.5388515
force_out	5.1998334	6.7476	1.5031579	2.993698
force_them	5.5324607	6.521032	1.3780862	3.626236
force_them_out	5.542678	6.460864	1.3512245	3.7472708
force_yourself	5.0006385	6.590749	1.6177529	2.1573632
forcefulness	6.3395095	6.5962625	-0.21061744	0.3322346
forehead	5.891766	6.764848	-0.41502658	2.339968
forever_grateful	6.770906	8.689963	0.13085483	0.25844172
formation	5.777073	5.96467	-0.67219347	1.6192704
former_noburper	6.3825765	7.7950816	-0.29772475	0.41279885
forum	7.6524377	8.682226	-0.06781122	-0.5049273
forward	5.501571	5.8930674	0.90256846	4.0200577
forward_a_bit	5.6286736	6.1666617	0.7757637	3.9341598
forward_head	6.3332257	6.31014	-0.82307595	1.2322054
forward_head_posture	6.428088	6.0697246	-0.5082956	1.7361678
foundation	7.698207	8.45497	-1.3244201	0.6823634
four_day	5.8206177	9.114934	0.31300178	2.171218
four_week	5.8302507	9.085467	0.35317853	2.16326
fourth_grade	5.3416896	7.0990148	0.5366134	0.33787346
fourth_try	6.4541864	9.082548	-0.111820094	1.5425689
frail	7.022383	6.4168434	-1.0125115	0.7474437
france	8.777747	9.1970625	-1.7674359	0.71779233
frantic	5.980317	7.7046623	-0.5101573	1.4574506
freak_love	3.3066843	6.972456	-1.1018214	2.1706445
freak_out	4.755558	6.7052946	1.5755526	0.7453934
freak_out_by	5.757847	7.779071	0.6756693	0.9048932
frequent	4.3419023	6.0909634	0.73936206	1.0993936
frequent_diarrhea	5.161422	6.005326	-0.2508038	0.7692439
frequent_urination	5.827584	6.203721	-0.6243	1.0268908
frequently	4.3042655	6.504034	1.0030856	1.2413299
friday	7.6571064	10.154767	-1.2839303	1.5821869
friend_house	3.3484228	7.2277384	-0.36518523	1.8445312
friendly	8.555722	9.50865	-1.8120381	1.1620405
frig	6.1499753	8.207051	0.18374607	0.80714315
frighten	5.124791	7.362273	0.463617	1.8035234
froedert	8.174141	9.165884	-1.577481	0.82445174
frog	4.894094	7.384459	1.6085738	1.6782119
frog_croak	4.845594	7.275382	1.3183852	1.7720773
frog_croak_noise	4.2893496	7.017498	0.97483844	1.1796342
frog_noise	4.520501	7.1841125	1.6196549	1.7250448
frog_noise_in_my_throat	5.0659237	7.3699884	0.6326172	1.3797652
frog_sound	4.627134	7.1985645	1.3670636	1.7049073
frog_throat	4.82883	7.319628	1.1623944	1.5273281
front	5.2990623	5.735379	0.5495776	3.9731534
front_face	5.581512	8.510541	0.9926559	2.3390868
front_of_my_neck	6.5336595	7.183347	-1.1217079	3.4746165
front_of_your_neck	6.693894	7.3208966	-1.1863418	3.4697292
frothy	4.2049866	6.6835995	0.0755343	2.8324811
fructose	3.1441972	6.6409307	-1.5411156	2.3925345
fruit	2.2185955	6.5967555	-1.2141874	2.6003585
fruit_and_vegetable	2.7156289	6.530049	-1.5507694	2.2714047
fruit_juice	2.2827382	7.067873	-1.0009497	2.1613476
fruity	2.7958262	6.9792237	-1.091661	2.314862
fry	2.2545362	6.73823	-1.033854	2.8626966
fry_food	2.456104	6.653653	-1.2838717	2.3666673
fuck	5.2835937	7.8077326	1.4512129	0.94592565
fuck_my_life	5.3363843	7.5390754	-0.8491684	1.952389
fuck_suck	5.8933	7.2795835	-0.3512624	0.77275884
fulfil	5.6165385	7.674018	-0.12968802	0.72156113
full_anesthesia	8.164247	9.5527935	-1.7475636	2.2402942
full_breath	3.7648523	6.3646407	-1.3355701	3.616139
full_cover	8.879171	9.6106205	-2.1509078	1.6513193
full_deep_breath	3.705471	6.404114	-1.454563	3.5625224
full_extent	5.9129443	7.620287	0.10636407	1.0284549
full_fledge	6.0262017	8.365503	0.8358347	2.2208211
full_go_away	5.0597243	7.262491	-0.30404925	1.2883447
full_of_air	4.837409	5.2544637	0.34174928	2.5156507
full_of_gas	4.8905334	5.267126	0.2880985	2.5185585
full_price	8.389037	9.447916	-1.9141444	1.8059825
full_recover	5.7060885	8.848739	0.1156641	2.2236078
full_relief	5.6243906	8.303918	0.80992454	1.9261124
full_spectrum	5.48463	7.3095293	-0.6550752	1.4539921
full_stomach	2.879585	6.8075633	-0.6427468	2.5027952
full_term	5.5882535	7.7333927	-0.094949014	0.82794297
full_wear_off	6.146896	9.488214	0.51891285	2.4883773
fullness	4.4253993	5.7069283	0.28418025	1.1132101
fun	3.0214324	7.1633487	-0.14232348	1.7832323
fun_fact	5.4671817	7.035457	0.2059436	-0.12538368
function_correct	6.4098244	4.899762	0.12271332	2.8353555
functional	6.574565	5.7742233	-1.1413459	1.0022627
functional_dyspepsia	6.5923076	5.9527965	-1.1983604	0.2980896
functional_medicine_doctor	7.390794	7.2961555	-1.3870946	0.58171976
fund	9.002018	9.345796	-1.9242988	0.92922384
fundamental	6.838767	8.213791	-0.06492635	0.6720855
funding	8.841129	9.127773	-1.8860984	0.9171511
fundoplication	6.7898006	6.502118	-1.1955932	0.65277743
funny	5.1485457	7.6924176	1.6257346	1.1800804
funny_noise	4.449519	7.1810417	1.2093816	1.4225112
furniture	5.3851275	6.2431755	-0.005231572	3.6816196
fusion	6.4766965	6.9428377	-1.2602047	1.7410399
fuzzy	4.934897	7.235133	-0.25566235	2.654321
ga	8.1767435	9.808917	-1.6453174	2.4431674
ga_procedure	7.599448	9.441108	-0.9928425	2.1290538
gad	5.8415437	5.958244	-0.6299283	0.32873192
gag	4.692434	6.4790754	1.8716109	1.8923247
gag_a_lot	4.6185546	6.827252	0.34638092	2.0530708
gag_and_dry_heave	4.8867135	6.767969	1.0848082	1.9153851
gag_fit	4.7805743	6.952327	0.70228577	1.4098544
gag_method	6.1458945	6.9659114	0.8014029	2.7944207
gag_myself	4.7455444	6.4895267	1.8641362	2.0200424
gag_reflex	4.7336316	6.4962573	1.8263175	1.985581
gag_reflux	4.9122252	6.4004006	0.5548044	2.3257837
gag_sensation	4.6135397	6.3708897	0.17091808	1.996564
gag_trick	5.401045	7.11546	0.8630062	0.77410287
gag_yourself	5.0319014	6.4871154	1.5888959	2.4148262
gain_weight	3.3393085	6.688042	-0.77333	1.6386806
gall_bladder	6.4758487	6.8181596	-1.2011532	1.3273047
gallbladder_issue	6.4100866	6.2336817	-0.8736983	0.3875551
gallbladder_remove	5.6483226	7.170308	-0.6278263	0.9315386
gargle	4.488003	7.103713	1.6001742	1.7644247
gargle_sound	4.6399846	7.184776	1.0499347	1.5353361
gargouillement	6.093822	7.2068076	-1.8412485	2.0849595
garlic	2.3012989	6.7524686	-1.173747	2.3743298
garlic_onion	2.849946	6.5982423	-1.5180216	2.1913352
gas	4.9020996	5.1767282	0.38949317	2.5308008
gas_bubble	5.015826	5.4183187	0.5834171	2.9621956
gas_build_up	4.710724	5.3108983	0.38996127	2.1726046
gas_buildup	4.631223	5.4091134	0.24330834	1.6110536
gas_cramp	4.669563	6.3449306	-0.06702859	1.1787361
gas_escape	5.2752156	6.08034	0.4044816	2.741659
gas_in_colon	5.5393777	5.5421915	-0.4581106	2.220531
gas_in_my_stomach	4.75368	5.3629394	0.3248224	2.2838635
gas_induce	2.837349	6.6588845	-1.379412	2.2358842
gas_inside	5.1498637	5.9333615	0.30045012	2.3866768
gas_move	5.084068	5.5411587	0.6039115	3.1097286
gas_pain	4.310912	5.595162	0.4011298	0.9475223
gas_pass	5.0774584	6.192637	0.028764246	3.8781826
gas_pressure	5.7881584	4.9562817	-0.16559112	2.2336538
gas_produce	2.8471448	6.5332537	-1.4245425	2.2031069
gas_production	4.6556883	5.584932	-0.8620833	1.9372306
gas_release	5.057203	7.209067	0.98148376	2.260557
gas_rise	5.068486	5.72292	0.6651747	3.0649006
gas_stuck	4.934147	6.414484	0.18662235	2.2622294
gas_trap	4.8069906	5.352304	0.15914121	1.9339786
gas_trap_inside	5.619549	5.631339	-0.44547823	2.0454586
gas_x	3.1313825	6.1536684	-2.070529	2.9239368
gaseous	5.149261	5.234958	-0.48238954	2.2298956
gaseous_distension	6.482444	6.4729714	-1.1356825	1.29862
gaslight	8.132517	7.7294455	-1.2040011	-0.0093171215
gaslight_by	7.828743	7.575054	-1.0620168	0.05307372
gasp	4.6243806	7.190581	1.4214443	1.9296623
gasp_for_air	4.0619125	6.4995775	0.3313896	2.8532119
gassy	3.5653863	6.5052958	0.48850572	1.6151161
gassy_food	2.3425531	6.4703584	-1.2524284	2.3164713
gastric	5.619878	5.011117	-0.3257723	1.9268668
gastric_burp	5.1536055	7.7232723	0.93315256	2.3484824
gastric_empty_study	8.298107	7.6169415	-1.9713492	0.7734124
gastric_empty_test	8.49396	7.437175	-2.1205833	0.7549192
gastric_sleeve_surgery	5.63456	7.4900866	-0.22567429	0.112065166
gastritis	6.395197	5.441266	-0.8694329	0.008637862
gastro	8.971642	8.223776	-1.817186	0.12335224
gastro_doctor	8.667364	8.172792	-1.7956834	0.29042205
gastro_issue	6.518412	5.7384915	-0.9466524	0.031388078
gastro_specialist	8.512648	8.217419	-1.7501619	0.2697412
gastro_symptom	6.832245	6.7346263	-1.0089669	0.5964612
gastro_who	8.172612	8.08829	-1.7905849	0.6609845
gastroenterologist	8.942447	8.180146	-1.7731652	0.086180955
gastroenterologist_who	8.386099	8.155839	-1.6262882	0.3155713
gastroenterology	8.53433	8.867965	-1.5967424	0.45433357
gastroesophageal	5.9305224	6.465343	-0.9663728	1.9457366
gastroesophageal_reflux	6.8437614	6.8625855	-1.2051586	0.8876074
gastroesophageal_reflux_disease	6.3690987	6.537086	-1.1471034	0.8813878
gastrointestinal	6.772541	5.882679	-1.2127664	0.41039607
gastrointestinal_issue	6.464213	5.893323	-0.91973525	0.11017374
gastrointestinal_system	5.639245	7.054728	-0.7028075	2.1073449
gastroparesis	6.6156335	5.494529	-0.91240865	-0.014110551
gastroptosis	6.944772	7.572576	-0.96530867	0.865811
gastroscopy	8.698504	7.4959826	-2.2286003	0.769134
gasx	3.151667	6.170288	-2.03191	2.8807106
gatorade	2.386808	6.9907727	-0.95654243	2.4538674
gaviscon	3.1965077	6.0311794	-2.3193064	3.0764403
geez	6.401179	8.591824	0.23480599	0.6898597
gel	2.6820002	6.7979894	-1.1565765	2.8144016
gen	6.149125	7.3550053	-2.2128613	2.2025077
gender	6.672184	6.847215	-0.6807307	0.40903032
general_anaesthesia	7.9244637	9.540475	-1.6445917	2.2144616
general_anesthesia	8.132121	9.759272	-1.6310672	2.4753184
general_anesthetic	8.173665	9.748492	-1.6436627	2.456854
general_anxiety	5.685228	6.1821847	-0.21473105	0.21533392
general_combien_unite_de	6.0896177	7.56916	-1.1907847	1.6226681
general_discomfort	4.6459556	5.9625072	-0.0063609583	1.0214759
general_physician	8.266656	8.396351	-1.5467752	0.36925757
general_population	6.710515	6.2772555	-0.6049517	0.058464322
general_practitioner	8.640844	8.480904	-1.7016718	0.30577594
general_public	6.476554	7.2490125	-0.5572301	0.387769
generalize_anxiety_disorder	6.0805326	6.8242292	-0.65415907	0.31303918
generate	5.7838416	6.1151185	-0.017674748	2.7310958
generic	3.39816	6.375211	-1.8759979	2.8545148
generous	7.076174	8.519791	-1.1574306	1.2232788
genet	6.1437154	7.3783765	-2.000686	2.1091902
genetic	6.694434	6.029075	-0.4438975	0.02065828
genetic_analysis	7.618023	7.745916	-1.0513334	0.35014975
genetic_factor	7.5591083	7.414525	-1.1018399	0.37460768
genetic_test	6.930294	7.0805044	-1.1983472	0.9330542
genetic_thing	6.3462415	7.1936803	-0.2636036	0.29858378
genetics	6.7295523	6.1443524	-0.7415844	0.48964846
gentle	5.438925	5.7786345	0.7715499	3.9506807
gentle_press	5.6988597	6.102345	0.42110816	3.5768166
gentle_rub	5.4648743	6.08672	0.34946656	3.9246798
gentleman	6.9718533	8.397844	-0.6576959	0.88628083
genuine	6.2176003	8.416682	0.8377992	0.18483075
genuine_believe	6.470054	6.524595	-0.4124421	0.62491626
george_washington_university_hospital	7.5074253	9.549226	-1.1492925	1.2926483
gerd	6.4396863	5.3732214	-0.89595115	0.05438565
gerd_acid_reflux	6.6700406	5.7517166	-0.94266987	0.2855975
gerd_and_ibs	6.111428	6.8172293	-0.49523798	0.4429237
gerd_and_r_cpd	6.313479	5.912962	-0.96397036	0.2273157
gerd_lpr	6.599603	5.9557962	-1.1371202	0.40907314
gerd_symptom	6.063239	5.543422	-0.745619	0.44680372
germany	8.918534	9.32709	-1.842218	0.8040584
get_100_unit	7.635318	10.196027	-0.8005497	2.3283403
get_a_cold	4.24048	6.3763285	0.28159449	1.7396477
get_a_referral	8.916119	8.758492	-1.7066439	0.32756934
get_a_wedge	3.9670787	6.1418633	-0.22008166	3.9649124
get_catch	3.917995	6.6001425	0.13343824	2.977992
get_diagnose	8.533553	7.752076	-1.4799415	-0.001111566
get_discourage	6.5554852	8.846862	0.34714714	0.93419033
get_drunk	2.4303663	7.0852947	-0.38606313	1.9636829
get_mine	7.940565	10.125651	-1.2744603	1.4228656
get_nauseous	3.8935454	6.4475102	0.8735119	1.3841153
get_old	5.326225	6.4833117	-0.013616525	-0.21093886
get_pregnant	5.223777	7.268766	0.623723	0.47450525
get_refer	8.845821	8.612256	-1.6476972	0.27901217
get_rid	4.8555913	5.5303006	0.7301605	2.45076
get_sick	4.5515275	6.5398436	1.614201	1.1682763
get_stomach_ache	4.468148	6.477319	0.22249895	0.95996064
get_stuck	4.1469793	6.2924724	0.48687264	3.0377858
get_tired	4.4374466	7.2095313	0.024708087	2.767122
get_trap	4.998465	5.391321	0.6645502	2.68403
get_up_and_microwave	4.2217913	7.280952	-0.5301838	2.0500684
get_use	5.671845	7.6066914	1.4641593	3.0588458
get_worse	4.7461658	5.9736304	0.043040387	0.35877723
get_worse_with_age	6.2389874	6.133781	-0.42631054	-0.12310179
gi	8.971309	8.185148	-1.814141	0.114942126
gi_doc	8.996649	8.286627	-1.8149474	0.112178504
gi_doctor	8.995565	8.229754	-1.8102648	0.09853803
gi_issue	6.11837	5.5250034	-0.63812613	-0.17770454
gi_problem	6.4633975	5.8935704	-0.93881387	0.13430634
gi_referral	8.096083	7.930968	-1.5372831	0.43894374
gi_specialist	9.006349	8.291543	-1.8266094	0.115056
gi_symptom	6.4191346	5.9071145	-0.82289904	0.055191506
gi_system	5.9637647	5.651225	-0.62802106	1.5604706
gi_test	8.402038	7.713287	-1.7945775	0.46977314
gi_tract	5.4148126	5.1010857	-0.31837335	2.2239285
gi_who	8.290516	8.544433	-1.6102828	0.44734633
giant_burp	5.2577357	7.7780657	1.2255521	2.15456
giddy	6.633177	9.1283	0.26242512	0.8338493
gigantic	5.1562643	7.3908625	1.1674323	2.3581572
gin	2.3101275	7.119522	-0.9986197	2.1676145
ginger	2.8756747	6.3066864	-1.7588774	2.7077367
ginger_ale	2.0763	7.068269	-0.683516	2.2835112
ginger_beer	3.241958	7.0315223	-0.89933306	2.2041936
ginger_chew	3.4241655	6.457531	-1.7676445	2.6332097
ginger_tea	3.0629218	6.2960024	-1.8094387	2.7596316
gird	6.6255465	5.9609494	-1.1332375	0.45907512
girl	5.252601	7.7747993	1.5791916	1.0121254
gis	8.68658	8.267857	-1.4905056	0.04614748
give_your_body	6.039113	7.351588	1.1512192	3.0448709
glad_to_hear	6.9152536	9.456526	0.58692175	0.4661119
glad_you	6.8451476	9.325554	0.61097497	0.33347857
gland	5.71483	5.607146	-0.1811788	2.9731042
glass	2.1289458	7.0586762	-0.86689633	2.256648
glass_of_water	2.9243932	6.9219046	-0.7705205	2.850644
globus	5.3632226	5.4720864	-0.23076239	0.99706167
globus_sensation	4.6517916	5.6907544	0.1304473	1.1207321
gluten	2.6508565	6.3998837	-1.5511693	2.2301607
gluten_and_dairy	3.2906594	6.379661	-1.8385282	2.3109796
gluten_dairy	2.9215965	6.483699	-1.6470385	2.2659147
gluten_free	2.9608238	6.43152	-1.734178	2.2886262
gluten_free_diet	5.1848836	6.889417	-0.8533981	1.0083863
gluten_intolerance	6.504062	5.8909583	-1.0657609	0.1446207
gluten_intolerant	6.461262	5.7838287	-1.1833897	0.41754353
glycerin	5.2632217	6.9492345	-0.79602206	2.4411108
glycinate	5.8274903	7.494817	-1.1187608	1.8237962
gnarly	5.1294394	7.0384264	0.4533957	2.1140273
gnaw	4.543538	6.023837	0.079919145	1.412645
go_along	6.6620035	7.9135528	-0.4797297	0.16868946
go_down	2.6296167	6.7161183	-0.49301502	3.2410567
go_keto	3.258145	6.733896	-1.2378316	2.2552016
go_private	8.988268	9.4836445	-1.9154187	1.0541435
go_strong	6.084624	9.399274	0.35378975	2.201222
go_swim	4.379965	7.22957	-0.063506186	1.6253356
go_to_a_gastroenterologist	8.629186	8.02244	-1.8036293	0.30900165
go_to_bastian	8.684429	9.626251	-1.8693933	1.2313994
go_to_bed	3.300227	7.0923233	0.03650278	2.2943559
go_to_burst	4.6969748	6.2617674	0.41168132	2.213072
go_to_bvi	8.80316	9.634951	-1.9068354	1.2447201
go_to_chicago	8.841045	9.689358	-1.8898726	1.1899333
go_to_doctor_bastian	8.836904	9.670237	-1.863586	1.139448
go_to_doctor_spiegel	7.4987082	9.071236	-1.2079235	1.2442168
go_to_sleep	3.4320335	7.133229	0.025463542	2.3531094
go_to_the_bathroom	4.6880603	6.5334864	1.8004341	2.059202
go_to_the_restroom	4.641539	7.1756997	0.1683966	2.0293365
go_to_the_toilet	4.6707907	6.584002	1.7225937	1.9590482
go_under	8.108995	9.739865	-1.6551152	2.4993215
go_vegan	5.677408	6.9707885	-0.6962363	0.7927682
go_wrong	7.220693	7.3294153	-0.78737277	0.8040145
god_awful	4.924548	7.200643	0.7934715	1.780027
god_forbid	5.6839514	7.8812094	-0.69894445	1.665414
goddamn	5.6066704	7.6252127	0.45681438	1.3011982
godzilla	5.0845857	7.37247	1.2273148	1.8178022
good_alternative	3.6507666	6.959175	-1.087706	2.088112
good_chance	7.4061913	8.01016	-1.0895169	0.94986045
good_decision	6.4487424	9.670488	0.10295166	1.2910715
good_lord	6.1972036	8.517331	0.26291865	0.92420316
good_luck_on_your_journey	6.851964	8.636153	0.08146677	0.6224825
good_money	8.552979	9.774818	-2.0524883	1.9297541
good_news	6.7703333	9.222658	0.37362394	0.66828036
good_outcome	6.796519	9.269473	0.404621	0.7296703
good_posture	5.8536835	6.1598864	0.6576839	3.8462086
good_resource	7.6196785	8.302217	-0.60226357	0.25083068
good_samaritan	7.7264357	9.093773	-1.6044697	1.3941863
good_success_rate	7.732848	9.276385	-1.0309521	1.8922809
good_to_hear	6.838515	9.32935	0.5597038	0.45243022
good_to_know	6.7977896	9.226069	0.56261224	0.42631504
good_vibe	6.906948	9.043495	0.013335339	0.58813137
goodbye	6.4619565	8.469563	0.09171917	0.50264007
goodness	6.5220065	8.934132	0.37852952	0.70618683
goods	3.185895	6.988305	-1.1561482	2.297014
goody	5.3817945	7.4033647	-0.64537686	1.9883732
gord	6.6099873	5.802389	-0.88181025	0.12672096
government	8.801019	9.240661	-1.9704833	1.162925
gown	6.429473	7.6368966	-1.5979192	3.2895594
gp	9.008958	8.507451	-1.7702193	0.14866135
gps	8.763384	8.257712	-1.4891856	0.010856421
grab	4.6920867	6.007379	0.33463457	3.9876876
grab_something	4.990937	6.6130443	1.1474769	2.5889063
grace	5.362151	7.127174	-0.7023562	2.267324
gracias	6.079931	7.1715794	-1.5487081	1.9757715
grade_school	5.3085284	7.3247952	0.2635016	0.42541555
gradual	5.7334037	8.95634	0.66428417	2.3057885
gradually_get_better	5.5816846	8.813402	0.27119216	2.150569
gradually_get_worse	5.489326	7.085695	-0.32016802	0.20289902
gradually_over	5.5276246	8.69148	0.14852536	2.0702724
gradually_worse	5.3883452	7.2915955	-0.4198242	0.8536043
grain	2.802738	6.5218434	-1.5689106	2.2913725
granola_bar	3.1690378	7.0206485	-0.89224744	2.3993797
graphic	7.3056006	8.323937	-0.6448001	0.4043141
grasp	5.722887	7.326695	0.70105827	0.9399456
grateful	6.5971255	8.871385	0.6792968	0.087672606
gratitude	6.915715	8.849147	0.18124239	0.21644211
grave	6.680103	6.9746532	-1.225963	1.2626022
gravelly_voice	4.7515073	6.415388	0.003072314	1.702199
gravity	5.4043155	5.722485	0.75153255	3.8502424
gravol	3.448588	6.3322325	-1.9686979	3.3381057
grease	2.3822386	6.6129303	-1.286908	2.4615877
greasy	2.5893564	6.6931963	-1.2736802	2.3025472
greasy_food	2.3352242	6.6284914	-1.1716945	2.3505013
great_choice	6.431166	9.010133	-0.3012855	1.7894229
great_community	7.062392	8.5723	-0.18731338	0.3641911
great_deal	5.704751	7.6887436	-0.6190468	1.4280273
great_difficulty	5.9888015	6.7581167	-0.31403172	0.1719325
great_improve	5.3986287	7.2588954	-0.2209602	0.4806297
great_news	6.912485	9.299707	0.40975657	0.4840089
great_ormond_street	6.3125916	7.7121468	-0.7874664	0.85321355
great_point	6.4230313	8.567509	0.29765883	0.6476054
great_shape	5.1088114	6.8698673	-0.07834702	1.425524
great_sign	5.7229853	8.620303	0.85078984	2.2803123
great_so_far	7.5027366	9.529279	-1.1100289	1.5050797
great_success	7.247813	9.703214	-0.78081214	1.8658855
great_to_hear	6.984393	9.38403	0.52153575	0.36029038
greek_yogurt	2.7491226	6.916264	-1.1443465	2.6329682
green_tea	2.4795434	6.8202286	-1.2162887	2.3590958
greet	5.9807825	7.718221	-0.62594074	1.7573857
greeting	7.179209	8.414645	-0.38590178	0.3062039
grief	5.9130497	6.8033094	-0.32499126	0.51259285
grill_cheese	2.3728309	6.8208566	-0.83586943	3.0534558
grimes	6.452288	7.9965363	-0.291032	0.7027668
grin	5.517038	7.1176248	-0.07080183	2.3163555
grind	5.4310937	6.4421253	0.08956025	2.9879982
grind_my_tooth	5.998786	6.6166253	-0.19350503	1.2453792
grip	5.505198	6.281178	-0.07829005	3.491802
grip_sock	6.372105	7.5926175	-1.5803988	3.2219698
groan	4.609134	7.1262703	1.535244	1.8268634
groggy	4.6306663	8.474086	-0.10847222	2.887633
gross	4.7917295	7.298641	1.6374049	1.5677059
gross_but	4.706022	7.0660024	1.3958347	1.7832986
gross_out	5.290716	7.4971404	1.2098951	1.0708584
ground_beef	3.4325297	6.9707756	-1.172218	2.356664
group	7.6617923	8.694104	-0.058007892	-0.51673514
group_chat	7.268558	8.089746	-0.60378695	0.2565291
grow_old	5.688026	6.74483	-0.43444908	0.30356753
grow_out	5.617118	6.879895	0.43793002	-0.39656216
grow_up	5.520748	6.9099617	0.5163515	-0.44421247
growl	4.6033893	7.215841	1.646716	1.8054781
growl_noise	4.631365	7.2258887	1.1959479	1.6417949
growth	6.4696674	6.1078434	-1.163479	1.5399829
grumble	4.588895	7.0770674	1.415295	1.8142205
grunt	5.097268	7.3480897	1.2369428	2.0060332
grupo	6.005984	7.07747	-1.2088536	1.7989668
guardian	7.2661633	7.9948697	-1.1027696	0.8002166
guest	6.080254	7.6835747	-0.73154545	1.720314
guide_injection	7.5480742	8.886836	-1.326596	2.104181
guinness	2.1853807	7.1505394	-0.8872546	2.105028
gulp	2.4167674	6.8925953	-0.6214499	3.0330765
gum	2.4127073	6.5773573	-1.326976	2.4428375
gummy	3.1524327	6.711839	-1.4952286	2.6267803
gurgle	4.44355	7.158217	1.5970955	1.7721454
gurgle_a_lot	4.606936	7.3020415	0.6991353	1.7993679
gurgle_and_croak	4.768967	7.2455044	1.0615586	1.7106534
gurgle_attack	5.0112123	6.9691086	0.21079914	1.5318819
gurgle_croak	4.5450826	7.1402926	1.5849956	1.783605
gurgle_episode	4.8218727	6.9784374	-0.06893977	1.8660011
gurgle_frog	4.7578797	7.230104	1.3946637	1.6635145
gurgle_like_crazy	4.7439227	7.0761313	0.5359962	1.8178921
gurgle_noise	4.473125	7.155062	1.630625	1.725852
gurgle_sound	4.487497	7.159089	1.6310382	1.7494984
gurgler	5.7977204	7.728684	-0.023589604	0.37991315
gurgly	3.9575746	6.6039515	0.8817954	1.554433
guru	8.191131	8.6885805	-1.5076221	0.48848674
gut	5.232192	4.9960666	-0.2904248	2.1522448
gut_flora	5.1371756	5.692515	-0.84522676	2.08948
gut_health	6.44257	6.5432854	-0.82800835	0.91077685
gut_issue	6.3175974	5.7181845	-0.8024818	0.35625485
gut_microbiome	6.7048235	6.5820675	-0.6764997	0.8735404
gut_motility	3.5174837	6.29673	-1.6103941	2.4118896
guttural	5.142642	7.462433	1.1227579	2.2397063
gwu	8.037948	9.611702	-1.5091345	1.1590997
gwuh	7.454406	8.987403	-1.3006059	1.1097033
gymnast	5.5580525	7.0472603	0.119616136	0.02258447
gynecologist	6.7788606	6.668766	-1.0368946	0.6049341
h2_blocker	3.3337545	6.0606894	-2.3674862	3.135398
h_pylori	6.646133	5.569462	-1.1257452	0.08653961
h_pylori_test	8.310647	7.4776826	-2.0072615	0.7486658
habit	5.669106	6.365187	1.3637	3.2223334
hagen	6.1528525	7.3576374	-2.3418663	2.249325
hahaha	5.360295	7.8553743	1.4738883	0.99229825
hahahaha	6.3315024	8.579768	0.3895208	0.641136
hair_net	6.3911977	7.597734	-1.5642791	3.2173994
hairnet	6.342469	7.5659103	-1.5496455	3.2066977
half_way	5.3609095	6.785866	0.45313466	2.9612072
half_way_through	3.673314	7.2169437	-0.33046985	1.8054717
halfway	5.533873	6.787747	-0.48484385	2.8143508
hallmark	6.156845	7.043695	-0.57633567	0.69506043
hamah	5.874126	7.6913567	-0.50874084	1.7082418
hamilton	6.7405753	8.287874	-1.0183142	1.1897111
hamstring	5.750888	5.715875	-0.31302205	2.6963515
hand_and_knee	5.7124004	7.2415094	-0.9897188	2.0350204
hang	5.4201975	5.7494445	0.5380371	3.9649982
hang_in_there	6.849111	9.514657	0.57604796	0.6686499
hang_out_with_friend	3.8641596	7.3386517	-0.25150537	1.5862664
hang_over	4.627922	7.0013146	0.0032605361	2.4027104
hangover	4.137404	6.838537	0.057838675	1.2334745
hank_green	7.0144744	8.315386	-0.27202308	0.08904836
happen_a_lot	4.730118	7.279014	0.62622863	1.8609897
happen_automatic	5.66642	7.1762214	0.7040507	1.9908543
happen_natural	5.8826942	7.3673024	1.3627417	3.101968
happen_on_its_own	5.6037607	6.8250985	0.9713541	3.2313375
happen_on_their_own	5.2423053	7.4567814	1.2276049	2.620671
happen_spontaneous	5.099575	7.3637486	0.886549	2.0592754
happy	6.749354	9.313066	0.66604465	0.3027852
happy_cake	5.494857	8.518707	-0.13290726	1.8186648
happy_tears	5.9408603	8.139606	0.4319159	0.38120842
happy_to_answer_any_question	7.0810356	9.42085	0.43614444	0.36133638
happy_to_hear	6.9449253	9.406622	0.525782	0.42531765
happy_to_share	7.1518292	8.766768	-0.032593537	0.3566642
har	6.174836	7.3396153	-2.8966055	2.432991
hard_liquor	2.3304646	7.1475363	-0.95682687	2.1307216
hard_time	3.1547408	6.801331	-0.20531991	3.095925
hard_time_breathe	4.6348763	6.3500934	0.10278854	2.0663006
hard_to_breath	4.28493	6.851107	0.8854293	1.1656353
hard_to_breathe	4.1277905	6.490177	0.7108546	1.2488176
hard_to_control	5.058867	7.567614	0.31537953	2.4611595
hard_to_describe	5.209023	7.322416	0.6999462	2.1994402
hard_to_swallow	2.4602394	6.8056655	-0.69903225	3.1685297
hard_to_talk	5.234745	8.224384	0.36702088	2.1532226
hardly_any	5.532766	8.792028	0.17355622	2.1052716
hardly_eat	3.5529594	6.9870687	-0.8144187	2.1881526
hardly_ever	4.510682	6.7251563	0.869253	1.2833369
harness	6.008981	8.103058	0.94000596	2.4994352
harrowing	4.8742247	6.494751	-0.07851333	1.302697
harsh	5.3108068	6.4767675	-0.26125208	1.9052135
hashimoto	6.7552795	5.952308	-1.2328125	0.4536647
hate	5.1860995	7.650157	1.4402611	0.984274
hate_my_body	5.039503	7.075958	0.012531103	0.85432565
hate_throw_up	5.210347	7.0290456	0.98987514	0.7040787
hate_vomit	5.1980786	6.905248	1.0040636	0.52888834
have_a_cold	4.240987	6.2510304	0.31563428	1.7272518
have_a_egd	8.35197	7.653388	-2.024911	0.8154634
have_a_handful	5.5530148	8.807716	0.4428636	2.0292373
have_a_hiatal	6.576169	5.4148726	-0.9919616	0.13670203
have_a_hiatus	6.6036606	5.438034	-1.0097095	0.13378401
have_a_lump	4.5185595	7.827532	0.101921365	3.067335
have_abdomino_phrenic	6.6705413	6.5159726	-0.99702895	0.7296158
have_bcbs	8.7389145	9.534768	-2.0589776	1.561072
have_be_able	5.507737	8.094645	1.4662222	2.4932518
have_food_poison	4.977611	6.91408	1.0630707	0.59856653
have_no_clue	8.610071	7.8685474	-1.4366995	-0.052141123
have_r_cpd	6.6301985	5.9323473	-0.50737363	-0.4189175
have_the_ability	5.5348673	7.8744063	1.4528042	2.3193727
have_trouble	3.256618	6.7846637	-0.1720059	3.0877593
havoc	5.153595	5.5073757	0.011790022	2.3869193
hawaii	6.602026	8.541227	-0.88805735	1.2881317
hay	6.1287155	7.249522	-2.073622	2.150436
hca	8.172028	9.508924	-1.8517538	1.7816181
hca_shard	7.737128	9.20402	-1.5319536	1.4221497
hcl	3.3059936	6.168748	-2.1704745	3.0228848
he_immediately	8.208853	8.221098	-1.5941435	0.33085433
he_inject	7.8058767	9.549937	-1.2102934	2.3384135
he_mention	8.7092285	9.161519	-1.5834068	1.0385208
he_offer	7.747787	9.234314	-1.3286575	1.5244465
he_prescribe	3.338569	6.04168	-2.4090207	3.1780813
he_put	8.615523	7.6227665	-2.1963022	1.0886589
he_recommend	8.209186	9.352415	-1.6488587	1.0776836
he_refer	8.831288	8.4222975	-1.721762	0.2331969
he_require	8.14013	8.950887	-1.5929381	0.897573
he_spray	6.556825	7.1257257	-1.2162646	3.6005692
he_suggest	8.613527	7.7203956	-2.1194355	0.82394063
head_and_torso	3.8372662	6.218415	-0.3631322	3.8153043
head_cold	5.1521616	7.0895367	-0.28265473	1.0286465
head_forward	5.764815	6.3071084	0.6464091	3.8554316
head_left	5.637887	6.098862	0.84105784	4.006301
head_movement	6.0024114	6.306887	0.8168104	3.8839293
head_neck	6.130745	6.1331234	0.3693414	3.533855
head_position	5.861884	6.2024093	1.0341994	3.9760447
head_shake	5.2953076	7.075023	0.323165	1.8270652
head_sideways	5.6325083	6.4170794	0.7282768	3.6701014
head_slightly	5.534431	6.225811	0.65315354	3.973476
head_tilt	5.67396	6.1642327	1.0764614	3.9733121
head_turn	5.7556977	6.31448	1.2153554	3.9006796
headache	4.5185237	5.5548267	0.26706508	0.89115596
headache_fatigue	5.770451	6.492567	-0.9092604	1.7023735
healing_process	6.3224607	8.741032	0.006401031	1.3222697
health_anxiety	5.655393	6.0355964	-0.06404046	0.15901391
health_care	8.874989	9.277189	-1.9779924	1.114967
health_condition	6.738231	6.10444	-0.82470644	0.5302229
health_insurance	9.001004	9.513665	-2.0646622	1.2743987
health_insurance_cover	8.13418	9.513579	-1.7571485	2.0604208
health_insurer	7.4067516	8.8646345	-1.0970888	1.0596749
health_issue	6.744041	5.8631024	-0.6583779	-0.26115453
health_problem	6.8414426	6.740246	-0.6399662	-0.003938417
health_related	6.0307903	6.8128757	-0.6439379	0.51865315
health_risk	6.7568455	7.9513426	-0.7664842	1.1407707
healthcare_professional	7.394883	7.508739	-0.90259624	0.32998893
healthcare_provider	8.01647	8.489144	-1.3656805	0.49397245
healthy_person	5.4109325	6.3913794	-0.412065	1.9184557
healthy_weight	5.151935	6.9410276	-0.3142373	0.19020894
hear_about	7.258384	9.035162	0.26539913	0.072417244
heart	5.717037	4.995021	-0.04060204	2.5563686
heart_burn	4.686795	5.5222907	0.1167534	0.7331985
heart_issue	6.842326	6.432006	-1.1954085	0.52656674
heart_monitor	8.492418	7.3574986	-2.1358783	0.76947325
heart_palp	6.1743093	7.178987	-0.40586632	0.583266
heart_palpitation	4.55493	5.5386543	0.22009821	0.8268652
heart_problem	6.0589705	6.417625	-0.42463046	0.4211139
heart_race	5.2307963	6.3175383	-0.29645982	1.7469515
heart_rate	5.6634254	5.7838635	-0.41977862	2.3508036
heart_related	6.684471	7.3519692	-1.3787327	1.408563
heartbeat	4.899463	5.8306413	0.029238997	2.1558938
heartburn	4.756343	5.4777527	0.082832366	0.6600782
heartburn_acid_reflux	5.086294	6.6627865	-0.33634824	1.0874273
heartburn_and_reflux	5.513436	6.356223	-0.7217651	0.8684561
heartburn_indigestion	5.9025593	6.911618	-0.5989609	0.6168531
heartburn_medication	3.5129879	6.21896	-2.1917832	3.251071
heartburn_reflux	5.485922	6.3802204	-0.69733095	0.93189824
heat_pad	5.054127	6.2047815	-0.048304226	3.8373363
heat_therapy	5.8645864	6.2355037	-0.050078265	3.4565926
heave	4.6792626	6.5533037	1.8209459	1.8225456
heave_gag	5.3695326	7.094691	-0.19739294	1.4799365
heaven	6.0028872	8.312624	0.19114059	0.79389685
heaviness	5.2099414	5.972429	-0.27029616	2.3176231
heavy_exercise	3.4427369	6.8497744	-1.1510546	2.1485758
heavy_meal	2.728089	6.883563	-0.44326946	2.3798158
heds	6.7700696	5.935007	-0.722349	-0.17076924
heel_drop	6.599674	6.60059	0.3300849	3.0795743
hehe	6.0206995	8.015941	-0.041701254	0.9693268
heighten	5.0485644	5.9634295	-0.054661036	0.73900133
hella	5.9877076	8.607689	0.4425988	1.0758038
hello_everybody	6.384239	8.311987	-0.06926136	0.7606731
hello_fellow_no_burper	6.7209063	8.365216	-0.027716083	-0.18235023
hello_fellow_noburper	5.9843254	7.796428	-0.14308403	0.09684436
hello_friend	6.1626835	7.964998	-0.4942034	0.51683825
help_a_bit	3.0775704	6.215589	-1.859467	2.8031392
help_a_little	3.0947766	6.2191525	-1.8079699	2.7573493
help_a_lot	2.9941592	6.2051606	-1.8284291	2.808007
help_loosen	6.2253942	6.2932086	0.507428	3.5389853
help_prevent	3.5447843	6.290656	-1.7934674	2.599398
help_reduce	4.776714	5.3480425	-0.57079554	1.775882
help_relieve	4.5698776	5.63223	-0.08047174	1.2567507
helpful	7.8449697	8.553628	-0.30021134	0.15092693
helpful_response	6.5727005	8.510756	-0.2745396	0.9378088
helpful_tip	7.117232	8.6335335	-0.17165263	0.3977639
hence	6.951935	5.6904187	-0.9382226	1.0596145
her_clinic	8.072349	9.184068	-1.5689056	0.9399296
her_office	8.411491	9.701468	-1.6341983	1.0770092
her_own	7.6314254	7.804082	-1.0784258	0.31491894
her_patient	7.79333	9.646942	-1.0066797	2.220914
her_receptionist	7.0607843	8.74051	-0.6153083	0.7800594
her_room	4.393003	7.156693	0.022437066	2.0547354
her_stomach	4.980509	5.864828	0.18100591	2.3251755
her_website	8.043827	8.562564	-1.0059835	0.12983842
herb	3.3903747	6.434866	-1.8489007	2.67674
herbal	3.189293	6.355256	-1.8659928	2.4999468
herbal_tea	2.6706953	6.950167	-1.2079908	2.1960285
here_in_canada	8.148907	8.81436	-1.5928497	0.7290003
here_who	7.58077	8.63169	-0.2583532	-0.113532394
hereditary	6.7455015	6.2832375	-0.5237004	0.0055719586
heritable_the	7.5431848	7.395422	-1.1279271	0.392084
hernia	6.597288	5.404898	-0.929248	0.074471205
hernia_and_gerd	6.6571846	5.7752204	-0.9305866	0.25962752
hernia_gerd	6.5325923	5.7324963	-0.86992	0.475827
hernia_repair	6.6721234	6.5723767	-1.0196539	0.64610416
hernia_which	6.607775	5.669905	-0.8792049	0.34248847
hesitant	7.473068	8.833578	-1.0135186	1.9030463
hey_there	7.357586	9.060282	-0.058672853	0.104795665
hh	6.6659384	5.7643366	-0.9418307	0.37025648
hi_op	7.203949	9.316756	-0.87136	1.2084168
hi_sorry	7.1009035	8.917759	-0.09365689	0.3073589
hi_there	7.414227	9.180553	-0.088158324	0.19681194
hiatal_hernia	6.6570005	5.45695	-0.8659107	0.057322003
hiatal_hernia_and_no_burp	6.245591	6.7489433	-1.0053405	0.78035945
hiatal_hernia_be	6.6856585	5.742521	-0.8429599	0.3681831
hiatal_hernia_etc	6.7795124	6.2367268	-0.86579	0.4719667
hiatal_hernia_gerd	6.268053	5.968992	-0.85374814	0.8322047
hiatal_hernia_repair	5.7675614	7.287442	-0.4955023	0.25811428
hiatal_hernia_so	6.573561	6.6291914	-0.9685645	0.69710445
hiatal_hernia_which	6.312306	5.945854	-0.85378593	0.78823715
hiatus_hernia	6.664253	5.9702783	-1.2054777	0.42568943
hiccup	4.5713854	7.255958	1.6348187	1.8329607
hiccup_a_lot	4.8177843	6.8608007	0.16693354	1.1909201
hiccup_attack	4.6888022	7.0346403	0.6406163	1.4854035
hicklin	8.419229	9.797905	-1.4204942	1.5704043
hicklin_in_wimbledon	7.789817	9.354345	-1.4325905	1.9637591
hida_scan	6.811643	6.18295	-1.3628609	1.0614945
hide	4.7779484	6.938069	1.256072	1.8615845
hier	6.1592336	7.360155	-2.2767034	2.2160206
high_amount	7.2391686	8.605491	-1.072455	1.693804
high_blood_pressure	6.5701003	6.610711	-0.8720135	0.9020936
high_deductible	8.503892	9.585475	-2.0270839	1.9108305
high_dosage	7.664987	9.760391	-0.9083426	2.4084096
high_dose	7.64541	10.060413	-0.7755653	2.4386067
high_end	7.3324347	8.835171	-1.0412426	1.8628126
high_fat	2.8583446	6.610664	-1.4528482	2.182153
high_fiber	2.8639896	6.546828	-1.5060248	2.1565595
high_fibre	2.8353362	6.5969963	-1.4747658	2.2218919
high_five	6.1649246	8.407434	0.26021183	0.51099414
high_fodmap_food	2.8627315	6.549817	-1.6112115	2.2583432
high_heart_rate	5.2630415	6.3996544	-0.5171558	1.1815931
high_hope	6.754448	9.180525	0.009927202	0.88345224
high_incidence	6.76	6.719268	-1.039155	0.71860844
high_likelihood	6.829495	7.2858267	-0.7849158	0.79729
high_metabolism	5.8023567	7.0520124	-0.27595302	0.47045812
high_note	5.089248	7.3895373	0.010481672	2.5492816
high_percentage	6.7416377	6.5844073	-0.51886684	0.5595785
high_pressure	6.2242856	5.0330763	-0.02434264	2.7280972
high_protein	2.8828652	6.6965313	-1.346634	2.2650442
high_resolution_esophageal_manometry	6.8057313	6.713529	-0.9877179	0.99825245
high_risk	6.8230314	6.2184186	-1.1140585	1.1587214
high_success_rate	7.9952993	9.618203	-1.3051147	2.3519204
high_unit	7.0986347	8.991689	-0.8058386	1.6151038
high_waist	4.4076924	6.7241364	-0.28530848	1.7702975
highlight	7.677767	7.945071	-0.8606133	0.19106708
highly_consider	6.9799542	8.753764	-0.95285064	1.0099798
highly_suggest	6.011834	7.9181166	-0.53034484	1.1413084
highmark	7.4398623	8.825563	-1.2711786	1.3299551
hilarious	5.2932496	7.8104506	1.5383787	1.049755
hinder_my	5.2153625	7.0709014	-0.19323948	0.88939375
hip	5.4638314	5.6896	0.29806858	3.6953924
hippie	5.7185707	7.1784925	-0.661092	2.0190184
hirschsprung	6.7143745	6.6791487	-1.1302361	0.72074616
his_chest	5.31341	5.7142816	0.01455466	2.876311
his_name	8.603905	8.728213	-1.3797761	0.14110805
his_nurse	8.096162	9.443244	-1.5253445	0.9868775
his_office	8.495495	9.790144	-1.663207	1.112511
his_opinion	7.2021785	8.2839365	-0.95319027	1.0444884
his_pa	8.279893	9.428431	-1.6073895	0.9438037
his_patient	7.8224254	9.645446	-1.0045856	2.1799417
his_success_rate	7.699892	9.586779	-0.9594646	2.2113698
his_throat	5.1849065	5.7064724	0.456282	2.9957018
his_video	7.836745	8.46909	-0.652409	-0.11075365
his_website	8.299495	8.61592	-1.1435858	0.062124368
hispania	5.850938	7.2764473	-1.1066444	1.9410713
histological_abnormality	6.1732874	7.0700088	-1.2306318	1.5859805
history	6.8229065	5.7752604	-0.8128921	-0.18621306
hit_my_throat	5.063324	6.212382	0.42561153	2.8180692
hive	5.4417973	6.3789186	-0.6044985	0.9576839
hm	6.329345	8.613638	0.25039434	0.88833004
hmo	8.895386	9.326988	-2.0181267	1.2058418
hoarse	4.6819854	8.063098	0.12108154	2.8247898
hoarse_voice	5.030841	8.35332	0.06372466	2.214865
hoarseness	5.1738906	6.6838303	-0.43168294	1.7581539
hock	5.649994	6.70802	-0.30336547	2.5847769
hoesli	7.4660034	9.608985	-1.122906	1.4885598
hola	6.0921693	7.1962543	-1.6257904	1.9633452
hold_your	5.286623	5.8905954	0.75456166	3.6963224
holdgraf	6.408443	7.68805	-1.1670825	1.6240398
hollow	5.575982	6.0431542	-0.008918755	3.2324414
holmes	8.055136	9.6208315	-1.5318532	1.2066014
holy_cow	6.1800327	8.614541	-0.10829669	1.2799978
holy_crap	6.1242414	8.263392	0.30189624	0.28275403
holy_shit	6.0549355	8.198507	0.42517176	0.36047056
holy_shit_i	6.234777	8.237849	0.21777031	0.20566888
home_remedy	6.6341715	6.7638545	0.68543553	3.3666198
homeopathy	7.292492	7.6729374	-1.127344	0.7070563
homie	6.637762	8.305306	-0.19128293	0.4593769
hone	6.051426	8.099762	0.87837076	2.3866563
honor	7.223462	8.781737	-1.0937421	1.1015593
hook_up	6.5991473	7.142258	-1.2814442	3.5596795
hoop	8.906348	9.170921	-1.9418955	0.9464035
hope_everything	6.8921003	9.501382	0.6083134	0.5007562
hope_ill	6.823231	9.32593	0.54368806	0.41356936
hope_someday	6.4473677	8.8742285	0.30845916	0.55344456
hopeful	6.902923	9.479688	0.5893509	0.51545125
hopeful_that	6.805322	9.265971	0.46862295	0.64416164
hopeless	6.195764	8.632046	0.40039775	0.79242194
horizontal	4.990272	6.0938106	0.16045746	3.9581923
hormonal	5.617823	6.8801126	-0.511925	0.49245375
horrendous	4.1351223	6.1347413	0.6157261	1.046199
horrible	4.1031213	6.072433	0.57889557	0.99115443
horrible_condition	6.6147485	8.522684	0.13556574	0.41238907
horrible_experience	5.4014535	6.768206	0.7390119	0.33502996
horrible_hypersalivation	4.791259	6.240068	-0.101097725	1.1369965
horrible_pain	4.714127	6.2672315	-0.004284685	1.4863309
horrid_symptom	5.6136484	6.4692173	-0.2325594	0.22277626
horrific	4.2870007	5.9224186	0.41530684	1.097625
horror_story	7.154486	8.592714	-0.1560033	0.18933974
horse_pill	3.1014335	6.8486843	-0.5814581	2.9369988
hospital	8.585758	9.725302	-1.9944135	1.5934974
hospital_fees	8.438321	9.6567955	-2.0677059	1.9290183
hospital_gown	6.439146	7.6766357	-1.6279154	3.2623336
hospitalize	4.532479	6.705492	-0.14731476	1.2702008
hot	2.3726196	6.6490154	-0.93755907	2.70942
hot_bath	3.77207	6.40351	-1.396663	3.54075
hot_beverage	3.108619	6.887511	-1.1560347	2.1721456
hot_drink	2.6883485	6.783385	-1.2038752	2.2898185
hot_flash	5.3010516	7.0368996	-0.048854727	0.8724091
hot_shower	3.6040177	6.4206367	-1.5719436	3.3997629
hot_soup	2.859364	6.658227	-1.4278549	2.2646616
hot_tea	2.8511724	6.9317493	-1.1173526	2.4722471
hot_water	2.5612478	6.796551	-1.2101605	2.4421246
hot_water_bottle	5.02479	6.17489	-0.05116461	3.7849815
hotel	7.846284	9.662834	-1.9672185	2.046092
hotel_stay	8.044372	9.5472355	-1.9686944	1.9231035
hour_after_eat	2.6933095	6.869578	-0.4267353	2.5859578
hour_and_hour	4.125564	6.8585596	0.2715793	1.6479279
hour_before	2.6568007	6.8481283	-0.49652436	2.6438904
hour_on_end	4.712823	6.8629303	0.7157223	1.5281106
household	5.6863194	7.1688805	0.027923377	0.58140284
hover_over	4.687929	6.929272	0.8944405	2.08611
how_effective	7.2454143	8.086276	-0.9977403	0.9823326
how_excite	6.49566	8.771578	0.261498	0.47319695
how_grateful	6.5166817	8.647431	0.3400842	0.14830345
how_many_unit	7.6837554	10.290888	-0.7757278	2.283488
howdy	6.3338704	8.283923	-0.039407797	0.28873932
hug	5.968233	7.6790814	-0.41446725	1.6893921
huge_burp	5.2165027	8.234426	1.5428023	2.6284068
huge_discomfort	5.301928	6.041235	-0.22968942	1.6205655
huge_relief	5.8728347	7.3474855	-0.1827869	0.31157354
huge_relieve	5.571061	8.823672	0.5049656	2.041447
hum	5.8177075	6.259667	0.532758	3.7428544
humanity	6.588951	7.791619	-0.13906331	0.73005044
humiliate	4.495637	6.9180126	0.17981105	1.8177179
hummus	2.6721668	6.851748	-1.1374266	2.6755958
hunger	4.2798357	5.8554215	0.44707125	1.4427427
hunger_pain	4.6416287	6.840199	0.05086376	1.2124077
hungry	3.5814788	6.519314	0.5626674	1.5673374
hungry_again	3.63171	7.1736407	-0.48902965	1.9728119
hurl	4.870859	7.007502	1.2541156	2.025207
hurt	4.331144	6.349133	0.5087177	2.7120917
hurt_a_little	4.6198297	8.188929	0.026111294	3.00199
hurt_my_chest	4.941418	6.9101334	0.52831113	1.9454244
hurt_my_neck	6.54693	6.8102217	0.79038316	3.526019
hurt_my_throat	5.104054	7.138997	0.45551795	1.7516673
hurt_so_bad	4.054722	6.610589	0.7846661	1.5473528
hurt_yourself	5.825827	7.204597	0.05962884	2.2297516
hus	8.23661	8.815519	-1.404617	0.49231285
hyatt	6.174164	7.687078	-1.2447337	1.947486
hydrate	2.7484677	6.873491	-0.7162273	2.9248054
hydrogen	6.08922	6.4552965	-1.1564164	1.7347089
hydrotalcite	7.0226426	7.3757815	-0.96733236	0.9979283
hyoid_bone	6.157521	5.640626	-0.31436107	2.7783618
hyper_mobility	6.6344995	6.346306	-0.6188208	0.2588704
hyper_salivate	4.3717346	6.455054	0.437367	1.7960476
hyper_salivation	4.402121	6.110538	0.2584592	1.3670535
hyperemesis	5.3449616	7.085707	0.4127211	0.10140178
hyperhidrosis	5.619968	7.2978144	-0.6675192	1.4555646
hypermobile	6.7821145	5.9706984	-0.7032498	0.17924726
hypermobility	6.805361	6.112944	-0.7477007	0.23256855
hypersalivate	4.320901	6.4817867	0.4055269	1.762045
hypersalivation	4.42856	5.6214395	0.31927642	0.9168743
hypersensitive	5.8464007	5.7792563	-0.59351057	1.4904699
hypersensitivity	6.6557503	6.021901	-1.1112832	0.8180347
hypertensive	6.7230916	5.610519	-0.91900575	1.4737822
hypertonia	6.532068	5.26491	-0.4975786	1.6324944
hypertrophy	6.135394	6.374005	-0.75382686	2.1401093
hyperventilate	4.6327233	6.5288424	0.31102538	2.4237719
hypnosis	7.5796294	8.034224	-1.0439842	0.6194134
hypnotherapy	6.726048	6.72085	0.38287657	2.9573681
hypothesis	6.951991	5.7605996	-0.86960614	0.7080496
hypothesize_that	6.637298	6.3471107	-0.845184	0.8902751
hypothyroidism	6.6244226	6.1051645	-1.0746497	0.36492783
hysteria	5.8790107	7.1863985	0.034514736	0.8104106
i_off_guard	5.0002637	7.7178345	1.1235514	1.9502245
ibd	6.717535	5.8782525	-1.1520818	0.2489817
ibs	6.382316	5.475679	-0.88116866	-0.08085962
ibs_and_gerd	6.419307	5.952976	-0.8862616	0.21607994
ibs_c	6.016515	5.961055	-0.8403303	0.6346533
ibs_d	5.650912	6.1191735	-0.6432782	0.39880186
ibs_etc	6.4646773	6.2551365	-0.9542453	0.25491494
ibs_gerd	6.6408534	5.864203	-1.22403	0.37121722
ibs_medication	3.3197975	6.0539393	-2.383163	3.1394455
ibs_sibo	6.7274203	6.0985336	-1.2462581	0.46600744
ibs_symptom	5.7710776	5.5498557	-0.46874556	-0.13766085
ibs_which	6.3355975	6.0053596	-0.9102879	0.22427724
ibuprofen	3.1564233	6.6535716	-1.6019962	3.323843
ice_chip	3.2084193	6.950145	-1.1597788	2.6717758
ice_coffee	2.603684	7.017842	-1.0274345	2.5359051
ice_cream	2.287356	6.8033442	-0.91206074	3.0646522
ice_tea	2.3208303	7.1064453	-0.9910194	2.152159
ice_water	3.4047532	6.981943	-1.0974452	2.6445131
ich	6.1726055	7.335381	-2.88849	2.429206
icky	4.5060925	7.139749	0.35771558	1.5947278
icky_feel	5.3832765	7.0271406	-0.273421	1.7500359
id_argue	6.532239	7.158005	-0.7575376	1.0153465
id_assume	6.0127754	7.5641737	-0.30015942	1.1695981
id_estimate	5.535023	7.622264	-0.46019584	1.4944128
id_highly_recommend	7.4447684	8.423437	-1.0871825	1.0128253
id_imagine	6.7555695	6.258712	-0.67920303	0.8919547
id_love_to_be_able	7.0008073	8.482518	-0.7877405	0.74030083
id_love_to_hear	7.2260017	9.096597	0.2893664	0.1379052
id_say	5.451334	9.03073	0.6513712	2.511932
identify_trigger	3.361838	6.826572	-1.3162831	2.26506
identity	6.704244	7.6999393	-0.3504193	0.8707482
idiopathic	6.628192	6.6980457	-0.8663003	0.61314714
idiot	7.0520787	8.177908	-0.40783018	0.24356884
if_left_untreated	6.566285	5.66826	-0.8288547	0.4090885
if_you_be_able	8.777817	8.9749975	-1.6514246	0.49415135
if_you_click	8.084293	8.494915	-0.9599709	0.037058
ignorance	6.823534	6.840863	-0.43560565	0.5833073
ignorant	7.53743	7.5226903	-0.7258407	0.0602304
ignore	8.449059	7.7383475	-1.3290097	-0.083913095
ike	5.9317126	7.6770864	-1.1187071	1.8079793
ileus	6.375634	5.849324	-0.917559	0.9136525
ill_admit	5.952094	8.012653	-0.021138327	1.2865481
ill_continue	6.966567	9.303722	0.33657375	0.5710405
ill_message	6.719074	8.833926	-0.42718473	1.1320128
ill_post	7.1346664	9.478664	0.39787132	0.3978092
ill_update	7.0727043	9.457449	0.42960557	0.41207403
illinois	8.837355	9.506394	-1.8677461	0.98704606
illness	6.387012	5.7877326	-0.46264866	-0.060148846
illustrate	7.409175	7.6590886	-1.0980375	0.6678417
illustration	5.9954934	7.178198	-0.8691115	1.9661546
image	8.21897	8.245001	-1.0715166	0.059977975
imagine_what	5.7175627	7.351239	0.6727865	0.8909085
imaging	8.604142	7.3516183	-2.186492	0.7075455
imbalance	6.2550216	5.81268	-0.8122579	0.9152505
immediate_relief	5.1985674	7.606258	1.4629033	2.2765195
immediately_after_eat	3.286278	6.755791	0.023908455	1.9524713
immediately_after_surgery	5.3477716	8.274701	-0.40495965	2.140757
immediately_afterwards	5.140882	7.4462824	0.06712893	1.6363078
immense	4.611658	6.2559977	0.24012847	0.8776633
immense_better	6.429212	9.12717	-0.14581497	1.7024331
immobility	6.159976	6.274294	-0.89448535	1.1516196
immune	6.571804	6.394005	-0.48860797	0.48903924
impact_on_my_life	5.584892	7.3698893	-0.1628653	0.08045145
impairment	6.4406304	5.639205	-0.7338682	0.9563305
impatient	6.5251594	9.298848	0.6160168	1.0481651
implant	6.6139083	6.558373	-1.2119026	1.3868402
implication	6.790823	6.956116	-0.72442055	0.58673245
imply	6.9243183	6.6814065	-0.5272522	0.5855335
imply_that	6.8507686	6.379627	-0.52359515	0.674241
important_event	4.7909555	7.1672106	-0.19317965	1.24445
important_factor	6.8370967	7.655696	-0.8491348	1.1513106
improper	6.393705	5.507463	-0.3440653	2.1545062
improve_a_lot	5.2747574	7.3091135	-0.19572955	0.66053873
improve_drastic	5.683681	7.5071225	-0.27418995	0.3445759
improve_my_quality	6.329651	9.5893955	0.17931502	1.127207
improve_so_much	6.2531085	9.50297	0.18257481	1.0716971
improve_your_quality	6.3160243	9.543393	0.18363006	1.0771382
improvement	5.729652	8.851056	0.5730322	2.103175
inability_to_belch	6.819583	5.9100437	-1.0480528	0.19924682
inability_to_burp	6.7028613	5.837635	-0.6079058	-0.36401248
inability_to_burp_but	6.459795	5.9948864	-0.6077615	-0.08195972
inability_to_burp_cause	6.1083436	6.220292	-0.70660436	0.6901812
inability_to_burp_since	5.9628572	6.678683	-0.45359898	0.0035605484
inability_to_pass	4.853242	5.5589495	-0.047293644	1.4290998
inability_to_relax	6.452821	5.4258466	-0.17798042	2.4891
inability_to_swallow	6.5377746	6.509005	-0.8978052	0.7855847
inability_to_vomit	6.130218	6.2039604	-0.2707833	0.12575638
inaccuracy	6.6563425	7.851928	-0.8609875	1.2816293
inadvertent	5.298579	7.7200546	1.1120054	2.370494
inappropriate	6.046781	7.1960363	0.07751306	0.67713207
inc	7.539104	8.953129	-1.7115971	1.7028458
incapacitate	5.2939777	6.9457784	0.012028389	0.9711337
incessant	4.8351755	6.6383734	0.2720969	1.2529632
incidence	6.5719595	5.87141	-0.7807197	0.4786271
incident_where	3.8011107	6.8159266	-0.21401699	2.9343839
incline	4.6424055	6.146916	-0.10908893	3.8731806
incompetent	7.641869	7.403568	-0.92161417	0.10409746
incompetent_doctor	8.069569	7.977358	-1.3232211	0.3684782
incomplete	5.344801	5.8311896	-0.4104595	1.6437861
inconsistent	5.5100126	8.486514	0.92373484	2.2668245
inconvenient	5.7882032	8.604531	0.41361204	1.3818425
increase	4.6839476	5.797925	-0.16177915	0.78465545
increase_abdominal	5.734367	5.605869	-0.40886298	2.1712317
increase_awareness	7.471769	7.7340956	-0.97486556	0.6318097
increase_flatulence	5.081888	6.0331297	-0.11275586	0.670122
increase_gas	5.9220643	5.7420454	-0.87330073	0.8431796
increase_in_severity	5.400629	6.6547174	-0.23510987	-0.13949606
increase_pressure	5.5318418	5.257684	-0.35605812	2.19623
increase_reflux	5.9776363	6.541436	-0.8438474	0.89321935
increase_risk	6.865541	6.6584067	-1.0494393	0.54967463
increase_stomach	4.8486953	5.2833185	-0.5324215	1.8741276
increase_worse	4.9430995	6.47231	-0.11250973	0.31737325
increase_your	6.61378	5.608787	-0.86056316	0.47641543
incredible_bloat	4.284183	6.7912045	0.043922573	1.5960784
incredible_common	6.487198	6.998278	-0.56681806	0.50780416
incredible_hard	4.4153423	7.151949	0.93984824	1.1362096
incredible_helpful	7.3164234	8.672617	-0.4197731	0.38354644
incredible_nauseous	3.9122279	6.771936	0.35137153	1.6218169
incredible_pain	4.866514	6.69309	0.5599174	1.4885756
incredible_rare	6.3011513	7.7693863	-0.4711991	1.077637
incredible_sore	4.627181	7.910238	0.011901385	2.972877
incredible_tight	5.3010488	5.863764	0.23858562	2.9794068
incredible_uncomfortable	4.1121974	6.950683	-0.2562875	1.7935483
incremental	5.7483163	8.461572	0.8057926	2.1454604
indent	5.5969467	6.2661567	-0.5257036	2.3599317
independent	7.8929296	7.674092	-1.1285002	0.21276109
index_finger	5.591923	6.4183235	-0.21287622	3.3770323
indiana	7.8921447	8.942611	-1.40562	0.7583647
indianapolis	7.8644724	9.076506	-1.44621	0.9068669
indicate	7.153568	5.922388	-0.8735356	0.66529846
indicate_that	7.371002	7.1092534	-1.3038367	0.7705458
indication	6.5918603	6.2631774	-0.7156409	0.86030453
indication_that	6.715966	7.4998455	-0.72949207	1.1819285
indigestion	4.5236535	5.510412	0.24230176	0.80106694
indirect	6.630862	6.333777	-0.4721907	0.95628566
individual_funding_request	7.8205395	8.315261	-1.3080169	0.6980296
induce	4.8279686	6.438371	1.7722459	2.1725109
induce_air_vomit	4.949959	6.9527626	0.59460753	1.7445692
induce_vomit	5.0163546	6.6757426	1.3981075	2.1206582
indulge	3.1966648	7.0446806	-0.9957466	2.483343
ineffective_esophageal_motility	6.850685	5.7234483	-1.0397408	1.2372264
inefficient	5.4688087	5.8802857	-0.5065026	1.7688909
infancy	5.605226	6.8712234	0.3992573	-0.4179199
infect	5.788831	6.6304297	-0.8987421	1.6642252
infection	6.6120806	5.3845987	-1.0466751	0.34775174
inflame	6.078451	5.029938	-0.23513979	2.2182355
inflammation	6.4639425	5.2861633	-0.9249573	0.691921
inflammatory	5.966621	5.7868943	-0.8273751	0.92019933
inflate	5.3604555	5.0917478	0.18278605	2.797982
inflate_like	4.762483	6.4944234	-0.21116036	2.3809617
influence	6.6895685	5.809158	-0.4909927	0.6671045
information	8.376165	8.388035	-0.9806777	-0.13160469
information_about	8.330395	8.319736	-1.0020872	-0.11359388
infuriate	5.9996686	7.854529	-0.28209606	0.98474455
ingest_air	3.443826	6.768561	-1.112609	2.1315203
ingest_more_air	3.1679447	6.7109265	-0.4559438	2.5035298
ingredient	2.6470373	6.443136	-1.5631357	2.3745017
inguinal	6.3643084	6.412987	-0.89048535	1.0299848
inhale	5.186304	5.9338217	1.085342	3.4950106
inhale_deep	5.6015677	6.3008466	0.81359	3.7110229
inherently	6.590636	6.6731553	-0.6166428	0.552782
inhibitor	3.3203886	6.047695	-2.4172802	3.1806235
initial_appointment	8.377985	9.877927	-1.6116172	1.1781331
initial_consult	8.284473	9.748279	-1.6704242	1.30644
initial_consultation	8.433867	9.800791	-1.8068222	1.4227494
initial_contact	7.085918	8.858802	-1.0278355	1.1590266
initial_deny	8.6960125	9.52917	-2.0568008	1.6258233
initial_dose	7.29435	9.930334	-0.5268885	2.136106
initial_visit	8.232205	9.625647	-1.6946834	1.2912505
initiate	5.6122417	6.195952	1.0216432	3.504474
initiative	3.7081087	6.4631524	-1.881897	3.48798
inject	7.9478207	9.368062	-1.4629087	2.6933591
inject_100_unit	7.8360844	9.47731	-1.3124486	2.310163
inject_botox	6.5564632	4.969199	-0.033527333	2.68008
inject_into	7.920835	9.314657	-1.4419878	2.6994576
injection	8.029558	10.057832	-1.2406336	2.3225086
injection_into	7.8981924	9.283862	-1.445332	2.7072203
injection_itself	7.038881	8.372667	-1.2930961	2.900151
injection_site	6.7983546	7.79598	-1.1812168	3.2705748
injection_through	7.9937234	9.439853	-1.5142473	2.640964
injection_under	7.8690195	9.419304	-1.4825246	2.2128022
injector	6.9664063	8.763316	-0.8954793	1.5395896
injury	6.1083403	5.0823374	-0.20930251	2.3278196
inner_ear	5.2136903	6.044103	-0.2876057	1.1820902
insane	3.9593878	6.4670973	0.65368056	1.190554
insane_amount	4.396633	6.2203627	0.1708201	1.2506292
insane_bloat	4.4147887	6.191774	0.08811809	1.1948433
insecure	4.9166746	7.351986	0.44947517	1.1427438
insensitive	5.9807057	7.9439287	-0.2036702	1.2655294
insert	6.678596	7.0693893	-1.2787305	3.7201426
insert_into	6.6189265	7.16897	-1.2057117	3.5369904
insertion	6.5430384	7.263857	-1.2571806	3.523205
inside_my_body	5.100095	6.2936087	0.019615514	1.8619896
inside_my_mouth	5.690012	6.605905	-0.5597112	2.744936
insightful	6.940252	8.495922	-0.2838858	0.5261982
insist	8.819581	8.164043	-1.6839932	0.13715276
insist_that	8.153605	8.142282	-1.4515337	0.40412474
insomnia	5.598935	6.029198	-0.33554834	0.30030525
inspiration	6.850453	8.657959	0.09086249	0.4538357
inspire_by	7.5952554	7.804668	-1.0359447	0.40850294
instability	6.775075	6.739955	-1.1440394	0.8944597
instagram	7.5296807	8.49206	-0.4182942	-0.11405888
instant	4.5823455	6.578303	1.649456	2.013926
instant_relief	5.1170707	7.4774733	1.5631561	2.3040166
instinctual	4.919033	6.6403675	1.4506572	2.020655
instructor	5.817721	7.325839	-0.6566303	1.9468757
instrument	6.591152	7.034699	-1.1508285	3.5602558
insufficient	6.159684	6.5710354	-0.47472188	0.3404872
insurance_approve	7.470614	9.268781	-1.1135437	1.0991371
insurance_company	8.972254	9.483967	-2.1067913	1.3549045
insurance_cover	8.831514	9.765783	-2.210342	1.8585168
insurance_cover_everything_except	7.961084	9.511755	-1.6487262	2.0115535
insurance_plan	8.276195	9.472632	-1.9730419	1.8571372
insurance_will_cover	8.808233	9.551699	-2.1157782	1.6609654
insure	8.72438	9.369061	-2.020208	1.424553
insurer	8.896343	9.439593	-2.079199	1.3714712
intel	6.964667	8.657542	-0.1378391	0.46111155
intend	6.4385486	6.0082355	-0.467179	2.437849
intense	4.2496014	5.831721	0.5252307	1.0745449
intense_anxiety	4.4550414	7.254484	0.03837339	1.520909
intense_bloat	4.707464	6.242988	-0.10097536	1.1730886
intense_chest	4.896036	5.990464	-0.1488802	1.4086998
intense_fear_of_vomit	5.326464	6.9025373	0.5844238	0.05682379
intense_nausea	4.497106	5.81389	0.27311513	0.9162114
intense_pain	4.439938	6.1581283	0.25797698	1.4385973
intensity	4.710739	5.95609	-0.123800196	0.8482321
intentional	5.3108683	7.474528	1.582151	2.6752074
interconnected	6.1894627	6.379736	-0.47112978	0.71692795
interest_in_hear	7.22993	8.0926895	-0.64604324	0.7150325
interest_in_learn	7.3853474	7.769598	-1.0388802	0.6475221
interest_to_hear	7.260533	8.789629	0.048614897	0.1537802
intermit	5.2283173	7.0841904	-0.060778446	1.7183248
internal	6.202953	5.005645	0.19135256	2.9541326
internal_injection	7.885281	9.381469	-1.391398	2.5246055
internal_pressure	5.6663866	5.7309184	-0.27675453	2.5719483
international	8.566669	9.0493965	-1.6825508	0.6561077
interrupt_my	4.805644	6.627946	-0.17396948	1.0722663
intervene	5.275399	7.6047206	-0.4986564	1.416946
intestinal	5.448331	5.0103974	-0.27718902	1.999231
intestinal_gas	4.7627063	5.984066	-0.0032035578	1.3859702
intestine	5.2742	5.0111995	-0.08402687	2.3151188
intestine_and_colon	5.585998	5.3000174	-0.43236697	1.9803853
intimate	4.9594293	7.2709785	0.9079237	1.412476
into_action	5.837503	6.1291842	0.19015594	3.4835947
into_adulthood	5.5968356	7.420597	-0.13975564	0.080722705
into_colon	5.249884	5.4099917	-0.31307685	2.3316712
into_my_chest	5.530021	5.924147	0.33656922	3.4106846
into_my_mouth	4.1207066	6.2608337	0.41178834	2.9852057
into_my_nose	6.4027085	7.04909	-1.1085931	3.5738595
into_my_stomach	5.3449607	5.4393578	0.52109855	3.321752
into_my_throat	5.5721855	5.4541907	0.22944756	3.3799884
into_perspective	5.7805586	7.4708433	-1.0096713	1.896498
into_place	5.6749983	5.9970064	0.22261472	3.7085333
into_the_bathroom	5.8784003	7.2197514	-0.25974327	2.1220832
into_the_toilet	4.9976006	7.0778637	1.3193725	1.9853352
into_your_neck	6.6218796	7.2360067	-1.174628	3.477205
intolerance	2.8777952	6.2679043	-1.6313701	2.116238
intolerant	2.7764914	6.383606	-1.614888	2.194904
intoxicate	4.954746	6.9333997	0.65419334	1.0548687
intra_abdominal_pressure	5.999145	5.66924	-0.39435512	2.3213062
intrusive_think	5.3067374	6.880241	0.78531444	0.46102905
intubate	7.359171	9.038906	-1.2328217	2.591809
intubation	6.609904	7.84687	-1.0917715	3.2564392
intuit	6.129301	7.378128	-0.49055278	1.2613627
invalid	5.792901	6.9820924	-0.40777478	2.3282244
invasive	7.2802596	9.122308	-0.9266334	2.0214202
invasive_procedure	7.274448	8.477676	-0.92262584	1.4150501
investigate	8.60199	7.8703732	-1.6014673	0.18362008
investigation	8.343359	7.8902884	-1.2556676	0.03114182
invoice	8.616309	9.708485	-2.1111221	1.8228023
involuntary	5.010566	7.4528875	1.6849633	2.5087748
involuntary_air_vomit	4.848911	6.9219494	0.7081036	1.4906536
involuntary_burp	5.1957374	8.225389	1.5607289	2.639336
involuntary_dry	5.2146864	6.6505237	-0.194618	1.5188516
involuntary_gag	5.151957	6.3506336	-0.27827272	1.4333047
involuntary_microburp	5.5142555	8.87685	0.6385067	2.3325167
involvement	6.478482	5.9710402	-0.8096941	1.0158827
inward_burp	5.033941	7.1984625	0.5243113	1.9196296
inwards	5.375939	5.9245176	0.8886339	3.428519
iowa	7.844003	8.949923	-1.3768436	0.74453205
ipa	2.346884	7.17784	-0.9847307	2.1183496
iqoro	7.1962085	7.6520576	-1.2728719	0.94452065
iron_pill	3.4976764	6.3708587	-1.8800902	3.466086
iron_supplement	3.464422	6.360547	-1.9096961	3.4607332
irrational	5.877494	6.744616	0.16048978	0.5126771
irrational_fear	5.469111	6.7685995	0.67688525	0.31809992
irregular	5.5796304	6.142758	-0.6454792	1.522884
irregularity	5.7627454	6.086932	-0.7113428	1.6905459
irreversible	6.6200852	5.91591	-0.86516786	0.5972602
irritable	4.652069	6.787664	0.28373685	1.0525086
irritable_bowel	5.886616	6.6682553	-0.7031983	0.6005776
irritate	4.5231943	5.91466	0.28660044	2.629715
irritate_by	5.1214023	6.049115	-0.22170015	1.7168214
irritate_my_throat	4.88056	7.1899867	-0.23724034	1.630068
irritate_throat	5.1288385	7.8779035	-0.22037344	2.4431458
irritation	4.7581015	5.926335	0.19518757	2.6503017
irritation_in_my_throat	5.6561913	7.23562	-0.5445368	1.3150613
irvine_ca	7.8638453	9.426227	-1.4316522	1.1377144
issue_e_g	6.900057	6.7545037	-1.1303644	0.832321
it_in_the_meantime	7.6268396	8.589982	-0.8955129	0.5082409
it_make_sense	6.2477756	4.8627224	-0.01453236	2.3155956
it_suck	5.818572	8.215176	0.97373617	0.53485286
its_a_combination	5.8868985	7.9454713	0.9791677	2.4318104
its_a_mixture	6.244023	7.732563	-0.42095554	1.017082
its_amazing	6.3196826	8.936189	0.78733015	0.37686396
its_awful	3.997979	6.6206665	0.69024706	1.3288776
its_existence	7.3749485	7.4842196	-0.72675717	-0.0016625854
its_frustrate	6.561262	8.691738	0.38797438	0.6672757
its_horrible	4.1835613	6.6584024	0.6253365	1.4044894
its_impossible	5.635711	7.3276343	0.53031915	1.4635283
its_insane	5.292053	7.3586717	-0.10723042	0.41411614
its_mainly	5.56407	8.23242	0.68563193	2.245376
its_not_necessitate	6.3342853	6.5927887	-0.71468586	0.5833883
its_not_pleasant	4.8968797	6.6948543	1.0952213	1.9985802
its_not_uncommon	5.953909	7.6910496	-0.32559562	1.0069026
its_own	6.0998135	5.5431623	0.7648875	3.1775239
its_possible	6.693462	5.5787454	-0.5002086	0.25232756
its_pure	6.6501107	6.4338336	-0.39874652	0.39272666
its_rare	5.4149914	7.902906	0.506348	1.4207731
its_related	6.535549	5.7698393	-0.29605272	0.1484001
its_ridiculous	5.1640544	7.305886	0.9516855	1.1326742
its_so_frustrate	6.10717	8.354947	0.6431874	0.6521823
its_suppose	5.889503	5.5614495	0.8317143	3.5105917
its_the_worst	4.1462345	6.6751704	0.53958553	1.4190049
its_unbelievable	6.1023474	8.536446	0.09073486	1.396551
its_worst	4.21028	7.1829863	0.115722686	2.070052
its_worth	8.841278	9.536302	-1.7388928	1.2123191
iu_health	7.5499935	8.5166855	-1.295142	0.8840721
iud	4.0285215	6.498604	-1.1494403	1.923562
iv_for_dehydration	5.772526	8.993815	0.13151228	2.1235876
iv_sedation	7.8245387	9.148283	-1.5885842	1.7239101
jab	7.717613	9.811402	-1.2057995	2.2171593
jacket	4.9810553	6.5394077	-0.18915857	2.421605
jag	6.171163	7.3385057	-2.894416	2.4338908
jai	6.1845355	7.3465576	-2.897618	2.4381742
jan_2025_1	5.784997	7.9847083	-0.44415617	1.7015222
jar	3.5756204	6.916789	-1.231121	2.4345186
jaw	5.606891	5.3982	0.55462873	3.6652145
jaw_forward	5.6326747	6.0894833	0.5677913	3.8764353
jaw_pain	4.8885064	5.9540577	-0.05608717	2.0082757
jaw_surgery	5.951747	7.7138405	-0.8118206	1.0892905
je_faisal	6.143737	7.326081	-2.299052	2.242764
je_pense	6.1413727	7.326128	-2.155562	2.1691618
jealous	5.4806967	7.791623	1.1878003	0.84514636
jealous_of_people_who	5.716522	7.3899636	0.64359266	0.7396826
jealousy	6.157555	7.9869723	0.3230225	0.7572787
jeans	4.3253846	6.7004914	-0.1840138	1.8317274
jeff	7.086151	8.097006	-1.1061047	0.8191399
jefferson_health	8.1315975	9.505221	-1.6058308	1.1241655
jefferson_hospital	7.5269017	9.657057	-1.0867155	1.3695583
jeg	6.1875463	7.352147	-2.8971252	2.4392982
jello	2.35405	6.8212447	-0.8743664	3.079766
jester	6.1537533	7.192546	-1.660722	1.9370208
jitter	5.6011205	7.2941794	-0.56892323	1.6845511
jog	4.881858	6.1975613	0.078088984	3.7817283
john_hopkins	8.270268	8.672407	-1.2407397	0.20230576
join_reddit	6.5750527	8.302959	0.118296005	-0.24883369
join_this	6.719708	8.346398	0.027547535	-0.2048564
join_this_sub	5.867444	7.779803	0.04369973	-0.2442088
joke	5.248787	7.7480965	1.5657065	1.0002645
joke_about	5.323987	7.6871524	1.2635242	0.9551857
joke_around	5.5054774	7.6242137	-0.48472837	1.45178
joker	5.6747417	7.017163	-0.2640033	2.4649837
jolt_awake	4.155411	6.4300137	0.34100717	2.6488016
journal	8.1005125	8.530452	-0.93126297	-0.002567596
joy	6.5239344	8.781932	0.6628452	0.1080962
judge	6.401465	7.8936243	0.47405687	0.5227925
jug	4.5012965	7.166525	-0.8178259	2.231099
juice	2.1626883	6.8284307	-1.0320928	2.380474
july	7.6592193	10.151951	-1.1191193	1.4570745
july_2023	7.285357	9.902902	-0.8037206	1.8737713
july_25th	7.3791175	9.672448	-0.8821056	1.5731337
july_twentieth	6.778295	9.154646	-0.45203248	1.2437265
jump_through	8.934829	9.196483	-1.9254471	0.90842885
junk_food	3.096303	6.751723	-1.2829716	2.1407886
just_a_bit	4.7213597	8.468438	0.13373923	2.7538552
just_a_little	4.6372075	8.355182	0.13089402	2.8954573
just_a_weirdo	6.3236413	8.083514	0.14577544	0.0867928
just_below	5.5608363	5.5864177	0.317547	3.550683
just_curious	7.238093	8.85707	0.24542992	0.06028608
just_dismiss	7.6262894	7.4048033	-0.83472556	-0.007833654
just_dry_heave	4.796099	6.6722035	1.5694376	1.6352774
just_join	6.5670114	8.329915	0.11021703	-0.17549497
just_saw	7.2801347	9.109069	0.0041218633	0.20423096
just_sit	4.5715566	5.785944	0.50108474	3.1568713
just_stumble	6.6916413	8.365581	0.06754323	-0.19260414
just_to_clarify	5.782006	7.544197	0.05596296	1.129318
just_want_to_share	7.1613636	9.198948	0.37089932	0.14457358
just_wonder	7.2205076	8.810201	0.23674552	0.078539796
justify	8.698501	9.476801	-2.0376687	1.6661556
jut	5.6072664	6.260231	0.6700058	3.9412599
jut_out	5.720768	6.1446114	0.64156806	3.8876426
k	6.3991337	7.9967375	-0.9461311	1.163964
kaiser	8.885887	9.399753	-1.8140984	0.8346738
kaiser_doctor	7.9235754	8.649071	-1.3026807	0.5703874
kaiser_insurance	8.060375	9.053144	-1.4953165	0.7500362
kaiser_mid_atlantic	7.273222	8.811244	-1.0485015	0.97740614
kamloops	7.0276346	8.41403	-0.882935	0.8128659
kansas_city	7.446199	8.650804	-1.2333733	0.85276186
karagama	8.521215	9.776934	-1.4927484	1.4204808
keep_in_touch	6.962948	9.204456	0.29356053	0.50352716
keep_my_head	5.340712	6.1097746	0.6102389	4.042533
keep_my_tongue	5.5936284	5.882361	0.5912166	3.8764443
keep_practice	5.781595	7.577379	1.4161427	3.109669
keep_stomach_content	5.821505	6.2114515	-0.35197437	2.482935
keep_the_ability	6.0604405	9.191547	0.74249434	2.4926052
keep_update	7.0462227	9.4099455	0.38960746	0.4695013
keep_us_update	7.003067	9.437096	0.46001893	0.46394932
keep_yourself	5.162775	7.106347	-0.17372106	2.3012464
keeper	6.3835835	8.337027	0.049872193	0.8195486
kefir	2.6660419	6.530665	-1.533782	2.4134338
kelowna	8.01435	8.779859	-1.3862369	0.58274055
kentucky	7.678821	8.876863	-1.4040246	0.90227026
keratosis	5.7775793	7.4590597	-0.54428643	1.5533772
ketchup	3.0290573	6.7113414	-1.4151016	2.3069947
keto	3.0261428	6.551894	-1.6265026	2.2570035
keto_diet	3.4147518	6.4117494	-1.8131102	2.599317
kicker	5.7097397	7.612395	-0.56075764	1.4810678
kickstart	5.7971764	8.210102	0.9595708	2.3948102
kid_who	5.600791	7.2856865	0.6025395	0.41299197
kill	4.3836284	5.7692313	0.19801499	1.8946998
kill_two_bird	7.0333805	8.572484	-1.2228	1.1457405
kind_of_funny	5.9566407	8.02095	0.54792255	0.8763415
kind_of_like	5.064309	5.939207	0.96166867	3.2583976
kind_of_make_sense	5.8902416	6.9756246	-0.06244143	1.8741522
kinda_hard	5.6582794	7.7916064	-0.36835322	1.9090574
kinda_like	5.2888637	5.9614296	0.8665147	3.3712502
kinda_weird	5.260373	7.559586	0.30350226	1.9958435
kink	5.587442	5.5276093	-0.0631693	2.9284232
kiss	5.127341	7.5919876	1.3548707	1.3000045
kiss_the_ceiling	6.5163465	6.574688	0.817453	3.7459233
kitchen	4.56173	6.9650397	-0.02285033	2.4847877
kitkat	3.2788155	6.844378	-0.9835293	2.1405175
klonopin	3.5992057	6.379643	-1.9832325	3.2382736
kneel	5.3848686	6.2165723	0.010038673	3.7070215
knife	5.476088	6.3735747	-0.20445074	3.3185115
knock_out	7.933071	9.588417	-1.6423109	2.413783
knot	5.2011366	5.607885	0.080034025	2.8145697
know_about	8.612349	7.9400525	-1.3659971	-0.08563528
know_doctor_bastian	8.112427	8.167271	-1.290398	0.31928307
know_specialist	8.574912	8.602129	-1.2920411	0.056751244
know_to_treat_r	8.3051605	8.381571	-1.4235799	0.2783187
know_what_to_expect	6.6985297	9.296583	0.3821763	0.8715802
knowledge	8.426984	8.076125	-1.1436465	-0.111776434
knowledgeable_about	8.217735	8.50326	-1.459831	0.46919006
knuckle	5.3657465	6.0083513	0.03760716	2.8804736
ktc	6.485722	6.5710325	0.890881	3.775022
ky	7.5396523	8.996901	-1.2964894	1.0384578
kyphosis	6.1161323	6.5783467	-0.69895333	2.0365465
l_theanine	3.494412	6.3508925	-1.9978094	3.3703036
la	6.168171	7.3321743	-2.9095676	2.441716
la_croix	2.1715944	7.2113624	-0.81154865	2.0742288
lab	8.455426	7.5079904	-2.0764432	0.7483234
labor	4.619823	6.685111	0.20368004	2.2901943
lace	5.4305344	6.987238	-0.6434924	2.2520542
laceration	5.6165166	6.1875553	-0.41999343	3.201091
lack_of_ability	5.763047	6.8965387	0.28016993	0.20366286
lack_of_appetite	5.113784	6.0238814	-0.31481075	0.8465043
lack_of_burp	6.4338856	5.831242	-0.5093629	0.018942507
lack_of_information	7.0790772	7.622239	-0.9599293	0.7714458
lack_thereof	6.2258067	8.0302	0.24274477	1.4469615
lacroix	2.3603363	7.170644	-0.94089276	2.1357145
lactaid	3.4587429	6.3350573	-2.0119624	3.1180866
lactase	2.7474155	6.5206747	-1.5340067	2.3228817
lactose	2.6819968	6.422525	-1.5776583	2.2187371
lactose_free	2.6269872	6.836985	-1.3098495	2.211785
lactose_free_milk	2.4603276	7.1169972	-1.0125186	2.1297116
lactose_intolerance	6.3008676	5.6114273	-0.9937739	0.17028667
lactose_intolerant	2.7566533	6.4628177	-1.5716525	2.15051
lakeshore	6.7455807	8.476668	-0.9044534	1.1219754
landscape	5.9026375	7.1741853	-0.8956683	2.0772228
lansoprazole	3.3300836	6.033637	-2.397408	3.1749136
laparoscopy	6.6996813	6.338805	-1.325863	1.0692221
large_amount	2.593332	6.7927914	-0.9456004	2.5040996
large_amount_of_air	5.17354	6.5566635	0.6386808	2.7630734
large_belch	5.2586536	7.513046	1.0720675	2.3786082
large_bowel	6.3296585	5.690582	-0.9421139	1.6757963
large_bubble	5.4507084	5.394037	-0.09402429	2.672203
large_burp	5.2144194	8.174798	1.7112169	2.7526298
large_dose	7.351242	9.85368	-0.6342022	2.1296844
large_gulp	3.4154456	6.4724083	-1.545355	3.5163882
large_intestine	5.4986987	5.143661	-0.29995212	2.3510773
large_meal	2.6783876	6.89239	-0.34566957	2.4094632
large_pill	3.0799887	6.695304	-1.0614802	3.3207846
large_scale	7.5607257	7.842059	-0.9147744	0.34002748
large_volume	4.985905	5.9460464	0.13489819	2.3580523
laryngeal	6.6617255	6.085132	-1.0622877	1.4520029
laryngeal_spasm	7.1730633	8.11127	-1.0875508	0.9546378
laryngeospasm	6.749382	7.072687	-0.64426845	0.75916964
laryngitis	6.3306556	6.4434705	-1.050389	1.0335313
laryngologist	8.581872	8.47216	-1.4456509	0.16832064
laryngology	8.463168	8.873609	-1.5620655	0.46026734
laryngopedia	8.187044	8.517875	-1.0023999	-0.011267594
laryngopedia_com	7.49986	8.153399	-0.88365847	0.38733214
laryngopharyngeal_reflux	6.5545096	5.985675	-1.1309692	0.46330297
laryngoscope	8.638622	7.599909	-2.2158687	1.0832195
laryngospasm	5.135769	8.593598	0.14141174	2.291925
laryngospasm_which	5.5254526	8.682434	0.071714535	1.9049342
larynx	6.1898127	5.289869	0.023345025	2.9896595
larynx_lower	6.4424906	6.5323563	0.8799264	3.7679124
larynx_lower_exercise	6.4733152	6.5928884	0.9377969	3.7702582
larynx_lower_exercise_search	6.582117	6.6670756	0.8464629	3.6393986
larynx_soft	5.764463	6.028971	0.32700893	3.679957
laser	7.96116	9.478213	-1.4097067	2.4845355
last_april	6.404308	7.5097547	-0.9588622	0.7134456
last_august	7.1866527	9.86865	-0.6938229	1.7585634
last_december	7.014053	9.609839	-0.6988389	1.6985201
last_effect	6.715034	7.5864673	-0.76342016	1.0735447
last_for_hour	4.3557987	6.3215737	0.39842775	1.5201576
last_meal	3.4351075	7.1168056	-0.3469446	2.349262
last_month	7.434299	9.990848	-0.9997042	1.4290111
last_september	7.157006	9.665825	-0.7597754	1.7720102
last_summer	5.5527377	7.731724	-0.09404416	-0.04434465
last_tuesday	6.988986	9.598515	-0.683887	1.7616191
last_year	5.4626446	7.700612	0.20807892	-0.2490743
late_20s	5.291757	6.747691	-0.1024081	-0.12826003
late_at_night	3.2633173	6.839974	-0.8743373	2.1917615
late_august	7.0093713	8.873356	-0.9940621	1.3173242
late_in_life	5.7498927	6.7145486	0.26314256	-0.39097294
late_march	7.7521963	9.872968	-1.2097535	1.2170331
late_response	6.606089	8.967651	0.30074155	0.6915307
late_teen	5.410618	6.738953	-0.21629104	-0.15847452
late_teen_early_20s	5.459525	6.749268	-0.24696906	-0.081646025
late_twenties	5.429569	6.946505	-0.2798143	0.17406568
lateral	6.1698837	6.26677	-0.5082102	2.543693
laugh	5.2133765	7.758688	1.6324421	1.074621
laugh_really_hard	4.7202373	7.451326	1.0911129	2.0252721
laughter	5.02399	7.401111	1.3125571	1.668133
lax	6.3331056	4.8724475	0.037875418	2.7031493
lax_les	6.653974	5.9615793	-1.1478295	0.44368666
laxative	3.0933366	6.1714635	-2.0355952	2.9135354
lay	4.610491	6.0033607	0.36896014	4.083685
lay_down	4.687241	6.048837	0.25003797	4.107105
lay_down_flat	4.8233247	6.107446	0.13711613	4.0585904
lay_down_in_bed	4.3223414	7.2430553	-0.005258685	1.7141395
lay_down_to_sleep	4.676506	6.683675	0.20472838	2.3111393
lay_flat	4.775823	6.059424	0.1947158	4.114673
lay_in_bed	3.8068438	7.0067577	0.07336562	1.9999758
lay_on_left_side	5.1373734	7.2267866	-0.58411014	1.8726829
lay_on_my	4.742876	6.038278	0.18769467	4.144487
lay_on_my_stomach	5.1435575	6.215465	0.041834313	3.8913844
lay_on_the_bathroom	4.743713	7.314509	-0.37631276	1.85856
lay_on_the_couch	3.4508042	7.1775126	-0.29988462	1.9325122
lay_on_their	5.1883454	6.1854057	0.10069264	3.9150214
lay_on_your	5.004257	6.1161447	0.17628123	4.096743
le	6.1581974	7.3217444	-2.8681648	2.4141603
le_27_fever	6.12193	7.32024	-1.9481091	2.1415582
le_botox_sous_anesthesia	5.92379	7.69703	-0.9626081	1.5933379
le_botox_tu_avail	6.1894064	7.414441	-1.0763766	1.724746
lead_to_colon	5.7746115	5.728734	-0.35205665	2.5922456
lead_to_sibo	6.2094746	6.0597663	-0.87134653	0.63738054
leafy_green	2.891203	6.732812	-1.3901862	2.2737494
leak_gut	6.1153584	6.148963	-0.901394	0.8146182
leak_into	6.4410233	5.0021715	-0.06111641	2.694634
leak_out	4.8890405	5.7275414	0.7378596	2.579245
lean	5.3156133	5.8484454	0.7448043	4.071952
lean_back	5.2253704	5.907388	0.7383307	4.094544
lean_down	4.459525	6.721122	-0.0035138836	2.5604393
lean_forward	5.1425476	5.9141316	0.72682965	4.0197954
lean_my_abdomen	5.7863955	6.6866994	-0.47910672	2.790831
lean_over	4.6312294	6.036358	0.38096422	3.9197948
learn	5.928403	6.9049897	1.4434663	3.221981
learn_about	7.3568187	8.485646	-0.0042216033	-0.4699011
learn_behavior	6.7170906	6.570174	-0.44404304	1.0273678
learn_how	5.8522263	6.8731766	1.4587091	3.226353
learn_how_to_burp	6.142368	7.159539	1.3073406	3.1751552
learn_how_to_control	5.8162827	8.39551	0.9711007	2.434168
learn_more	7.5141134	8.808614	-0.02910843	-0.1035941
learn_skill	6.1978674	7.326239	0.8349534	2.6836357
learn_to_burp	6.223715	7.103805	1.255483	3.2330184
learn_to_control	5.8208036	7.677034	1.3476149	3.0232387
learn_to_deal	5.805809	6.9157386	0.043820675	0.16325697
learn_to_live	5.6849027	6.560499	-0.12769175	-0.1260986
least_50	5.648349	8.785472	-0.011067926	1.9135772
least_a_little	5.821701	8.208874	0.47144014	1.4015237
least_once	4.543659	7.5836062	1.3189739	1.1069272
leave_early	3.8118806	7.0720034	-0.03863562	1.5780593
leave_r_cpd	6.557431	5.9076138	-0.7993579	0.45484516
ledge	5.8192477	7.213794	-1.1631378	2.117453
lee	7.123357	8.392536	-0.5537867	0.66546917
left_arm	5.166516	5.9955745	-0.14918748	2.8737745
left_ear	5.3433647	5.9383383	0.004103323	3.309415
left_leg	5.636945	6.938807	-0.5003558	2.3121445
left_nostril	6.153364	6.9549255	-1.135283	2.354712
left_or_right	5.544773	6.135303	1.0876281	4.023284
left_rib	5.0778236	5.8039675	-0.108448796	2.6206086
left_rib_cage	5.2875967	6.070582	-0.307128	2.6500463
left_side	4.766316	6.013369	0.18454672	4.1217113
leg	5.3683615	5.839275	-0.035701305	3.354849
legitimate	6.1146636	7.919096	0.4352945	0.46748847
lego	6.1053305	7.255396	-1.8302139	2.0601642
legume	3.0586312	6.7241035	-1.4315815	2.304748
lemon_juice	2.5361216	6.391111	-1.5022477	2.4379451
lemonade	2.1389909	6.9983335	-0.9410232	2.2011867
lend	7.2395015	7.5951567	-0.9593683	0.78012663
length_of_time	6.760888	8.546071	-0.64488006	1.4794183
lentil	2.7184398	6.7202477	-1.3473501	2.4319103
les	6.2484	4.9516397	-0.17757928	2.368839
les_dysfunction	6.637893	5.9475746	-0.59622645	1.5140321
les_function	6.4281764	6.0663037	-0.66545033	1.4247459
les_lower_esophageal_sphincter	6.1461163	5.8578053	-0.43387467	2.5162249
les_open	6.0081334	5.391057	-0.22209784	2.5852246
les_problem	6.700131	6.2006993	-1.0302407	1.2859462
lesbian	6.4787154	8.183518	-0.19672957	0.7349016
less_accurate	7.940455	9.428541	-1.4163133	2.5399554
less_acid	4.2955914	5.717625	-0.97968286	2.0575192
less_air	4.7270393	5.8519387	0.20149525	2.5015094
less_anxious	4.2481947	6.952717	0.8100385	1.0101002
less_bloat	4.6034355	7.6938424	0.50024986	1.9108763
less_common	6.4176106	6.550851	-0.5069433	0.16239157
less_effective	6.8825507	7.4368978	-0.8717086	1.154605
less_flatulence	5.7136	8.443309	0.5340767	1.6964058
less_frequent	5.321533	8.128067	1.4599503	2.642531
less_frequently	5.625448	8.45947	0.79979557	2.0862772
less_gassy	3.972003	6.315026	-1.2280525	1.9494299
less_invasive	7.8031054	9.355945	-1.2469771	2.3465316
less_nauseous	4.2735353	6.903342	0.6712947	1.3753563
less_often	4.7486267	7.268382	0.47765073	1.567553
less_pain	4.7420683	7.7043324	0.44488257	2.0181377
less_precise	7.9814343	9.435572	-1.533993	2.451945
less_risk	6.1712003	7.230743	-1.0746605	1.96092
less_risky	7.189092	8.502724	-1.0109705	1.2060215
less_scared	6.186817	8.760354	0.3517586	1.0676587
less_scary	4.2640457	7.006574	0.8017617	1.0612037
less_traumatic	5.2262273	7.0410266	0.8913203	0.7652312
less_uncomfortable	4.815322	6.690789	0.3957762	2.2931464
less_universal	6.123324	6.5569487	-0.5720931	0.2880251
lessen	4.678668	5.8689694	-0.15011942	0.67072105
lesser_know	7.0415697	7.8693914	-0.76581985	0.79190403
let_out	5.0695443	7.576422	1.7070241	2.606144
let_out_a_few	5.597117	8.5756035	0.91217387	2.2861073
lethargic	4.6318274	7.3313723	0.075931504	1.8664812
lethargy	5.67051	7.1832294	-0.7459315	1.2548338
letter	8.751677	9.24517	-1.7097627	0.71309227
level_of_pain	5.3365893	6.3945856	-0.391011	1.1024113
liable	6.0658526	7.524169	-1.0648896	1.7785051
lidocaine	6.6277385	7.1525526	-1.2820575	3.629062
lidocaine_spray	6.41556	7.2093825	-1.2353135	3.2419615
lie_down	4.7065616	6.038072	0.23547058	4.1174746
lie_down_after_eat	3.5759602	7.0086846	-0.6529409	2.0586107
lie_down_flat	4.887598	6.1184816	0.13614023	4.048303
lie_down_to_relieve	4.7553134	7.0284843	-0.2582255	1.5262841
lie_flat	4.777032	6.0637584	0.16593915	4.1448946
lie_flat_on_your	5.2563396	6.1991544	0.23601198	3.9950387
lie_in_bed	4.3596816	7.02627	-0.06491932	2.2405117
lie_on_my	4.7752485	6.056101	0.15784559	4.1433625
lie_on_my_stomach	5.318652	6.279277	0.01020754	3.7782562
lie_on_your	4.9962153	6.0976377	0.13426824	4.050344
life_change	6.4216037	9.635331	0.2097505	1.2004455
life_long	6.5038857	6.2916746	-0.37615865	-0.34813756
life_threaten	6.6908092	6.249876	-0.49126247	0.16843654
life_without	5.856027	7.74748	0.16480221	0.11823298
lifelong	6.387122	5.9660826	-0.61278784	-0.14389117
lifelong_inability_to_burp	6.017187	6.3087716	-0.63967174	0.40625173
lifelong_no_burper	5.7185683	7.681105	-0.040705524	-0.18336241
lifelong_non_burper	6.2899365	7.7701783	-0.35170308	0.20278937
lifelong_r_cpd	6.532786	7.182577	-0.7504299	0.58388853
lifelong_suffer	7.0055847	7.9631085	-0.45129153	0.13041866
lifesaver	3.56247	6.9519076	-1.2484425	2.3928688
lifestyle	2.9629607	6.250895	-1.758328	2.2842493
lifestyle_change	3.1976633	6.218462	-1.7771101	2.3086894
lifetime_no	6.233781	7.9547625	0.09308168	-0.18083802
lift	5.1934996	5.779759	0.5842068	4.062922
lift_my_chin	5.51314	6.3779144	0.48235053	3.5771523
lift_up	5.588067	5.933618	0.59226424	3.9702716
lift_your_head	5.5650663	6.205751	0.28047422	3.9405096
lift_your_soft_palate	5.649215	6.20229	0.4957111	3.7946458
ligament	6.4275627	5.7134156	-0.42597142	2.0575228
light	4.532259	6.0315623	0.33868527	4.0404305
light_cough_or_laugh	6.2616696	6.43052	0.81249666	3.8195932
light_head	4.202808	6.7248254	0.37198067	2.0388033
light_push	6.139968	5.411059	-0.1801239	2.8552313
lightbulb_moment	6.9978666	7.9092126	-0.5574245	-0.00048332967
lightheaded	4.160808	6.580437	0.40615794	1.9459156
like_20	5.5845456	8.813754	0.18184927	1.9435648
like_90	5.8055515	8.942487	0.20929772	2.082474
like_a_baby	5.1580033	6.1989756	0.6268578	3.906984
like_a_balloon	4.874711	5.5861816	0.20712294	2.6114116
like_a_champ	5.992982	9.3826	0.5053441	2.2583675
like_a_lump	4.6922174	7.1228523	0.14680997	2.635575
like_bean	3.0295172	6.5060873	-1.478186	2.16504
like_bread	2.444186	6.775172	-0.84970325	3.0309472
like_clockwork	5.1228676	7.405218	-0.23049472	1.2708961
like_crazy	3.9950993	7.0423007	0.9094923	1.9671526
like_many	5.8300986	7.153924	0.3054471	-0.5292715
like_my_body	4.8635325	6.6572056	1.3808842	2.16005
like_strep	4.6878176	7.995794	-0.02244888	2.8466742
like_the_rest	5.799992	7.6880574	0.044143744	0.046395592
like_tums	3.3585467	6.247223	-2.0421531	2.904471
lime	2.3014293	6.982762	-1.0496554	2.2823243
limonene	3.383271	6.3788495	-1.8545715	2.7073534
linger	4.46707	6.496038	0.14895588	1.9863175
linger_side_effect	6.009976	8.582863	0.3225572	1.4634193
lining	6.0321245	5.067998	-0.30069932	2.10863
link_between	6.6182065	5.7646604	-0.51172745	0.10096778
link_somehow	6.5833626	6.536255	-0.55683655	0.28366756
link_to_r_cpd	6.307663	6.254829	-0.4287805	0.44139868
linx	7.173614	6.8133926	-1.2492709	0.9185273
linzess	3.4352617	6.1771646	-2.242413	3.2279088
liquid	2.5262308	6.6807	-0.50059795	3.1625526
liquid_baby_advil	3.3026857	6.339269	-1.793179	3.1434817
liquid_baby_ibuprofen	3.0025518	6.8249497	-1.208008	3.070956
liquid_come_up	4.433061	6.635357	0.7763663	2.5396616
liquid_diet	2.4335546	6.7926636	-0.6868212	3.1994953
liquid_gaviscon	3.3330762	6.2287593	-2.055923	3.0407171
liquid_ibuprofen	3.0628579	6.8059	-1.319016	3.003124
liquid_in_my_mouth	3.3546069	6.7814493	-0.49777633	2.9607153
liquid_tylenol	3.270378	6.7714252	-1.4700886	3.2467804
liquor	2.24576	7.1464667	-0.9338813	2.1215856
list_here	7.9451947	8.415604	-1.2239766	0.35847807
list_in_the_wiki	7.9393315	8.601481	-1.3117911	0.48883215
list_in_wiki	7.9497313	8.445056	-0.9176337	0.071241714
list_of_doctor	8.393783	8.57011	-0.9912991	-0.13854204
list_of_provider	8.066639	8.601714	-1.0997516	0.20512335
list_of_specialist	8.334897	8.547924	-1.0768507	-0.024475843
list_of_symptom	6.8970094	6.3344274	-1.0787017	0.3262945
list_on_the_wiki	7.9903145	8.552076	-1.2800509	0.38252735
list_version	7.5140705	8.317978	-1.0220944	0.6125656
listen	8.704136	7.9939055	-1.4556657	-0.06069097
literally_change	6.311971	9.468448	0.17826264	1.0362892
literally_dry_heave	4.6614857	7.1402016	0.04922473	2.0884836
literally_everything	3.3253784	6.7541046	-1.326257	2.1922388
literature	8.380457	8.095946	-1.1282941	-0.07661025
little_and_often	2.886518	6.762535	-1.2991784	2.2710865
little_baby	5.1817827	7.244986	1.0329031	2.50581
little_burp	5.1979737	8.1506605	1.7274022	2.772227
little_community	6.7807894	8.385425	-0.034314062	0.2220774
little_hiccup	4.9276276	7.3934374	0.7616992	1.9674169
little_microburp	5.241119	8.531707	1.2227427	2.5873897
little_one	5.2348967	8.161079	1.394221	2.4893072
little_pop	5.0232477	7.4443603	1.2770586	2.5886464
little_quirk	6.5098176	7.1628475	-0.104289286	0.20616788
live_in_fear	5.288222	7.1910176	0.39947665	0.48880422
live_in_north	8.663497	9.183233	-1.7069213	0.6683038
live_like	5.9868054	8.077693	0.7729309	0.45111632
live_memory	5.321824	7.0787206	0.79664636	0.025905663
live_near	8.479173	9.054061	-1.6286925	0.62630606
live_with_r_cpd	5.768368	7.5204277	-0.19137558	0.29176345
live_with_this_condition	5.8912272	6.8760724	-0.4109432	0.20165619
lmfao	5.4714456	7.4752364	0.6299104	1.3923076
load_of_air	5.190159	6.474875	0.4294179	2.72154
local	8.931666	9.296722	-1.8508846	0.76277995
local_anaesthesia	7.918689	9.513841	-1.5535305	2.2934444
local_anesthesia	8.110174	9.647153	-1.6023151	2.5532756
local_anesthetic	8.0525465	9.543011	-1.5769722	2.5712187
local_doctor	8.950062	8.80124	-1.7029684	0.32143307
local_ent	8.945998	8.750699	-1.6835002	0.27840963
local_hospital	8.192783	8.836257	-1.5478764	0.68287665
localize	4.9885883	7.8431635	-0.32447186	2.221938
location	8.897642	9.223526	-1.795954	0.78053683
lodge_in_my_throat	4.5661273	6.1589336	0.38640139	2.8071203
log	7.1204743	9.461103	0.40198174	0.39061263
logical	6.629176	5.9013443	-0.37161684	0.21960752
logical_sense	4.249848	6.984413	0.9043072	1.0551035
logo	5.8528585	7.0925326	-1.0167793	2.0863523
london	8.639072	9.733738	-1.8369421	1.3360902
london_manchester	7.8558893	9.355031	-1.5519989	1.3463058
london_uk	7.607217	9.438417	-1.1600918	1.189425
london_who	7.8530107	8.542032	-1.3988525	0.74330133
lonely	6.314421	8.464664	0.47382608	0.38690993
long_ago	6.543771	8.756452	-0.054072116	0.89766246
long_car_ride	4.2104964	6.7604017	0.19844297	1.5328201
long_covid	5.8274465	6.775819	-0.49341145	0.3610647
long_drive	5.7443395	7.509223	-0.8904777	1.8226779
long_haul	4.4675064	7.845646	-0.5870253	2.2383757
long_last	5.5657616	8.521301	0.0028015885	1.8088002
long_term	7.1634173	9.304935	-0.5168195	2.3507452
long_term_effect	7.2445617	8.479878	-0.85212225	1.5653384
long_time_lurker	6.389808	8.172551	0.09232607	-0.28316233
look_at_my_foot	5.422639	6.173691	0.16446193	3.8369534
look_at_my_vocal	6.349786	6.9282956	-1.0915171	3.1046252
look_down	5.5591555	6.042035	1.0671196	4.037693
look_for_advice	7.225004	8.712339	-0.06119007	0.16415821
look_forward	6.92428	9.490597	0.58896077	0.4198205
look_pregnant	4.275349	5.7260914	0.3655159	1.0073218
look_straight	5.5023375	6.4119654	0.6646526	3.8528962
look_straight_ahead	5.545884	6.382129	0.9034247	3.8774242
loop	6.5715513	7.6308346	-1.0800576	1.3786209
loopy	4.592241	8.432084	-0.2684287	2.857576
loose	6.0358953	5.023402	0.44187024	3.1153233
loose_stool	4.694565	6.055822	-0.08147112	1.0785356
loosen	6.243966	5.033277	0.38596034	3.081959
loosen_up	6.063722	5.2766337	0.6741021	3.32292
los_angeles	8.063217	8.916552	-1.5166651	0.72947437
lose_10_pound	5.6130056	7.4509416	-0.44252813	1.2154766
lose_a_lot	3.7348788	6.8077416	-0.9070719	1.5155797
lose_hope	6.5981994	9.389324	0.57744807	1.159233
lose_my_appetite	4.108834	6.7497797	0.2571927	1.5509038
lose_my_voice	5.169596	8.879243	0.291701	2.560401
lose_the_ability	6.0359974	9.452264	0.6684183	2.5430348
lose_voice	5.518588	8.619056	-0.06059344	2.0284088
lose_weight	3.3873794	6.632409	-0.7783742	1.6060607
loss_of_appetite	4.7801433	5.917349	-0.09892748	0.8927954
loss_of_control	4.772431	6.4438705	0.32351264	2.1034427
loss_of_voice	5.2432313	8.598352	0.025478316	2.1948981
lot_less	4.884299	6.374666	0.1640804	1.9080491
lot_of_air	4.6787753	5.9555097	0.2477966	2.608528
lot_of_different	6.2637987	6.440144	0.58402765	3.6977484
lot_of_fart	4.956034	7.050889	0.44028118	1.3456845
lot_of_flatulence	4.959653	7.191177	0.37822786	1.3141896
lot_of_gas	4.724123	5.881415	-0.03965146	1.209845
lot_of_gurgle	5.166482	8.868784	0.6599012	2.5940697
lot_of_microburp	5.3225303	8.825049	0.76663077	2.4953814
lot_of_practice	6.0503755	8.27284	0.8993693	2.41817
lot_of_regurgitation	5.33717	8.572023	0.028454684	1.9956306
lot_of_saliva	4.452351	6.468878	0.5855186	2.3109527
lot_of_water	2.3978693	6.834397	-0.74333876	3.1083984
lottery	6.1409116	8.469351	0.10650556	1.1186152
loud	4.864705	7.53146	1.7674161	2.1343799
loud_af	5.0268006	7.3060923	-0.13896102	1.1788086
loud_and_embarrass	4.695877	6.8834176	0.5832319	1.6337005
loud_and_proud	5.4486837	7.2317057	1.1184251	2.4465635
loud_and_violent	5.811479	7.7997813	0.42108443	1.036688
loud_belch	5.1592755	7.494832	1.3894503	2.2197106
loud_croak	4.9122767	7.2784686	0.82085013	1.5844058
loud_enough	4.964263	7.4524965	1.541953	1.5683693
loud_gurgle	4.514447	7.197605	1.6138052	1.7116108
loud_hiccup	4.8761616	7.269019	1.1615294	1.8806343
loud_music	4.916264	7.198606	-0.1937418	1.8947546
loud_noise	4.5058126	7.197316	1.2962606	1.5704952
loud_sound	4.8993835	7.32645	1.1687618	1.9418474
loud_stomach	4.9662213	6.188811	-0.15619113	1.1931102
louis	6.2015533	7.771416	-1.0842489	1.7923801
love_hear	6.5554066	8.978108	-0.052351415	1.0300914
love_her	6.6870093	8.894475	-0.14534146	0.9749384
love_this_sub	6.0605245	7.8802886	-0.046411574	0.7107989
lover	3.282815	6.965251	-1.1603044	2.079015
low_acid	6.451325	5.865162	-1.0294569	0.89924115
low_acid_diet	5.824594	6.92339	-1.0879872	1.0852971
low_amount	7.071874	8.864764	-0.8602675	1.5607911
low_appetite	5.180397	6.1084347	-0.19648434	0.43486366
low_carbohydrate	3.0559032	6.4725204	-1.7158015	2.3466432
low_dose	7.66362	9.65577	-0.92738557	2.3292325
low_end	7.2478004	9.452373	-0.81063306	1.936917
low_energy	4.504118	6.9207897	-0.16251945	1.6438949
low_fodmap	2.9236283	6.301816	-1.8153484	2.3342836
low_fodmap_diet	3.1085892	6.29733	-1.8841501	2.4213712
low_income	8.7977295	9.353081	-2.027986	1.3419576
low_level	4.740863	5.9503846	-0.11480584	1.137281
low_risk	7.30012	8.495974	-0.9171859	1.5655128
low_stomach_acid	6.477712	5.5171247	-0.78317714	0.32757688
low_success_rate	7.7411046	9.36952	-1.1634128	2.28136
low_swallow	5.698406	6.1214404	0.9396235	3.7682862
lower	5.90948	5.2276387	0.44419342	3.3747683
lower_abdomen	4.924876	5.9915276	-0.121785715	1.6315271
lower_abdominal	4.897049	6.0050755	-0.16526121	1.3632793
lower_back	5.6320567	5.7201667	-0.2393096	2.802616
lower_dosage	7.595489	9.35383	-0.99636096	2.1204903
lower_dose	7.727912	9.827858	-0.93616	2.4212916
lower_esophageal_sphincter	6.549724	5.5900784	-0.7651317	1.0835454
lower_esophagus	6.186397	4.810767	0.011515902	2.5089405
lower_gi_tract	5.7359905	6.8432455	-0.57439667	1.6678106
lower_part	6.152751	5.166679	-0.119854346	2.7169344
lower_rib	5.0962014	5.767553	-0.1169576	2.0536308
lower_right	5.166621	5.9167666	-0.20273668	2.5621338
lower_sphincter	6.246295	4.8431396	0.0031804095	2.551955
lower_success_rate	7.8975215	9.527323	-1.2778292	2.4424636
lower_your_larynx	6.1908545	6.379413	0.6916194	3.734645
lowkey	5.4681334	7.6967654	0.31609732	1.2110509
lozenge	3.4847791	6.674834	-1.4209218	2.9227993
lpr	6.573103	5.4086714	-0.93065286	0.10528381
lpr_reflux	6.514408	5.4721265	-0.88675624	0.1032058
lpr_silent_reflux	5.1309366	6.2033896	-0.33248347	0.56434363
lpr_symptom	5.5165935	6.1649227	-0.5802142	1.1064774
lubricate	3.6381407	6.751549	-0.46881536	2.9488845
lucy_hicklin	8.467079	9.814421	-1.4792594	1.4579898
lucy_hicklin_in_london	8.281503	9.813854	-1.3487067	1.6361274
lucy_hicklin_she	7.523152	9.34306	-1.1201948	1.2170645
lucy_hickling	7.5851	9.813632	-1.1237433	1.4191455
lucy_inkling	7.9720073	9.453241	-1.6680245	1.8827702
lump	4.490707	7.5799193	0.17780359	3.0348277
lump_feel	4.8113203	7.6024566	-0.07125562	2.5605097
lump_in_my_throat	4.5846276	7.902678	0.26782784	2.836005
lump_in_throat	4.7791567	8.210036	0.22680908	2.6081052
lunch	2.632066	6.907774	-0.40404916	2.57135
lunch_today	3.670045	7.1321936	-0.54903376	2.0646691
lunchtime	4.4287505	7.1068134	-0.2526055	1.5228679
lung	5.671822	4.950813	0.06544723	2.6491363
lung_heart	5.8137417	5.35303	-0.3217635	2.4066644
lung_issue	5.813706	5.856326	-0.5694231	1.6707953
lurker	6.6518006	8.321876	0.054808963	-0.2670779
lurker_here	6.33572	8.149011	0.03483269	-0.15622444
lye	5.394873	6.221199	0.3479521	3.9995453
lyme_disease	5.680525	7.652423	-0.37274936	0.39937475
lymph_node	5.2843776	5.9522667	-0.2970579	2.5195324
maar	6.164343	7.3336973	-2.8265793	2.4046667
mac_and_cheese	2.64197	6.9423	-0.9506224	2.8879802
machine	6.6715183	7.1279025	-1.2473562	3.6240556
machine_gun	5.0686994	7.355339	1.2835437	1.8866855
machinery	7.618781	8.707978	-1.4473611	1.2688419
mad	5.774249	8.2293625	0.943779	0.65207344
magnesium	3.028475	6.2248178	-1.9129556	2.7027771
maiden	6.173536	7.2995195	-1.4789737	1.8489373
mail	8.623248	9.132577	-1.6529812	0.70811576
main_cause	6.2220025	6.0365696	-0.6361783	0.46719763
main_concern	6.5149255	7.0291696	-0.9164254	0.63084656
main_issue	6.377711	5.6814184	-0.87678504	0.45028424
main_side_effect	5.366145	8.500311	-0.12300891	1.9420673
main_symptom	6.2284274	5.8467093	-0.48609233	-0.065506384
main_symptom_of_r_cpd	6.0679874	7.093871	-0.4791706	0.73478585
maine	7.104957	8.7463455	-1.1101347	1.1060834
maintain_weight	3.5145557	6.799739	-1.1697385	1.9913343
maintenance	6.1563916	7.3594594	-2.2311687	2.2203422
major_difference	6.3226194	8.131315	-0.5391007	0.9541624
major_discomfort	5.0377636	7.0572987	0.06869036	0.7350405
major_relief	5.8019342	8.239904	0.35940447	1.3013097
major_symptom	5.786166	6.7043476	-0.4749861	0.5582546
majority_of_people	7.169294	7.6742134	-0.7617672	0.7537863
make_fun	5.265441	7.692847	1.4748113	0.9694481
make_myself	4.734418	6.484647	1.8641648	1.9632778
make_progress	6.7739906	9.273275	0.6781254	1.0430644
make_yourself	4.9134517	6.4919763	1.7502134	2.2066703
makeup	5.3714986	6.9332776	-0.8929934	2.5840852
mal	6.1693397	7.330445	-2.891882	2.4264536
malabsorption	6.122255	5.808895	-0.8688093	0.9664793
malaise	4.8276486	6.0254903	-0.14064847	1.4356793
malfunction	6.3018703	4.9600806	-0.07306099	2.529908
malfunction_les	6.350084	6.697339	-0.75886464	0.9862454
malign	6.4684086	5.829744	-0.66593885	1.973151
malnutrition	5.3942156	5.9794183	-0.356565	0.51660687
manage_to_teach	6.144129	8.006496	0.076240584	0.10711285
manchester	8.646859	9.725312	-1.8042557	1.2585845
mandatory	7.844354	9.337659	-1.8504088	1.808258
maneuver	5.815381	5.7283816	0.84527457	3.7383547
maniac	6.094511	7.874255	-0.43404743	1.053945
manifest_itself	6.3094673	6.2342887	-0.35865578	0.19452666
manipulate	5.81975	5.573526	0.8527723	3.5270212
manipulation	5.8560767	5.92124	0.11196874	3.3084767
manometry	8.757837	7.4748588	-2.2287512	0.7553807
manometry_ph	8.079157	7.6112328	-1.7345663	0.63212144
manometry_show	6.60177	5.7947917	-0.99019164	1.5178722
manometry_test	8.744394	7.5373173	-2.1840615	0.7100715
manual	5.7047954	5.951401	1.111688	3.5946698
manual_burp	5.1631804	7.1943164	1.3325198	2.2329655
manual_open	5.8309913	5.658091	0.7630533	3.5958846
many_doctor	8.712021	8.151034	-1.487626	-0.034976278
many_of_us	6.469464	6.1767993	-0.3790898	-0.29254606
many_patient	7.52448	8.526009	-1.1906589	0.81764364
many_people_with_r_cpd	6.202628	6.6607857	-0.7013149	0.82263124
many_test	7.0038805	6.409697	-1.3415709	0.48088545
many_time	4.5821185	7.500876	1.3473638	1.1062669
many_unit	7.694333	9.529957	-1.104832	2.1313133
map_of_specialist	8.304441	8.593323	-1.0941592	0.044196233
march_2023	7.1019135	9.687188	-0.659437	1.7306896
marfan	6.872141	6.7923856	-0.680617	0.26175478
marijuana	3.3021173	6.418477	-1.7201413	2.5222034
marino	7.047249	8.055131	-1.1668012	0.9870319
mark_hess	7.9329586	8.552361	-1.4408202	0.58472663
marker	6.7253265	6.501048	-1.3505285	1.2141092
marriott	7.5375233	9.203545	-1.7390249	1.765632
marvel	6.365241	7.475695	-0.35915107	0.79817444
mash_potato	2.3236108	6.8006916	-0.9149839	3.0450745
mask	5.133752	6.111203	0.012258011	3.659825
massage	5.8493233	5.6116586	0.82422304	3.7535021
massage_my_stomach	5.146108	6.193319	0.13374126	3.914869
massage_my_throat	5.651525	6.2935886	0.8022659	3.8284693
massage_therapist	5.756808	6.9855175	-0.40553483	2.0497885
massive	4.4506445	5.7200522	0.22995457	0.8967365
massive_belch	5.023095	7.1220593	1.3427689	1.9627473
massive_burp	5.1610947	7.5426393	1.2685583	2.2445831
massive_difference	4.1470466	6.8711934	0.83356166	0.9964422
massive_fart	5.2879276	7.54498	0.015843997	1.226944
mast_cell	6.747203	5.685047	-0.8222099	0.60771275
match	6.401476	6.038868	-0.68870836	-0.06747449
match_up	6.993409	7.0485883	-0.94015425	0.51656
may_be_able	8.348743	8.705537	-1.476878	0.41586286
may_contribute	6.3109927	5.915928	-0.66107637	0.37399077
may_help	6.773002	6.751262	0.5590039	3.139575
may_ninth	7.1667776	9.176554	-0.97060144	1.192733
maybe_a_little	5.116306	7.8252325	0.532728	2.3367958
maybe_once_or_twice	4.611547	7.56888	1.3273315	1.040528
maybe_twice	4.6895194	7.5356107	1.2768983	0.92379284
mcas	6.6321	5.846541	-0.8548764	0.10651775
md	8.505421	8.979652	-1.6288338	0.57350594
mdma	3.5812514	6.3914127	-1.9135965	3.4642045
mds	7.3997235	7.8060164	-1.0448512	0.6257574
meal	2.550818	6.85417	-0.3945886	2.4950385
meal_replacement	2.4054937	6.902062	-1.0024517	2.771663
meal_replacement_shake	2.6875875	6.838823	-1.1596798	2.64402
mean_by	6.0538683	7.044645	0.72310203	2.038465
meat	2.233143	6.6439457	-1.1663297	2.723263
meat_and_dairy	3.3432784	6.642593	-1.4826202	2.1859903
mechanical	6.5077853	5.4553246	-0.65139854	1.090335
mechanism	6.33591	5.041933	0.31009442	2.9153624
med_student	8.336933	8.53424	-1.4846978	0.3256971
medicaid	8.876637	9.430508	-2.0744863	1.3832208
medical	8.553335	8.195675	-1.2689104	-0.04537506
medical_attention	7.093139	8.105446	-0.98365366	0.9183753
medical_care	8.718604	9.072977	-1.8661796	1.0214705
medical_community	8.326254	7.9727125	-1.1354005	-0.09149894
medical_condition	7.0663195	6.0929494	-0.70773876	-0.34186184
medical_cost	7.947503	9.390845	-1.7103862	1.8134897
medical_gaslight	6.533186	6.404026	-0.8211036	0.2645493
medical_induce_nap	7.6622324	9.440397	-1.6109586	1.9745148
medical_insurance	8.953533	9.444706	-2.1127076	1.3556054
medical_intervention	6.749101	8.078726	-0.56814593	1.0708886
medical_issue	6.94684	6.0472956	-0.7497368	-0.01749444
medical_journal	8.134428	8.490073	-0.9625017	-0.017295986
medical_literature	7.9568744	7.757666	-1.1296341	0.15311386
medical_necessary	8.908817	9.604429	-2.1682498	1.6525743
medical_problem	6.8814025	7.6867514	-0.41475117	0.22741905
medical_procedure	7.3193436	8.620423	-0.9103554	1.6127318
medical_professional	8.378151	8.045702	-1.1350563	-0.1085302
medical_reason	6.330073	7.5826173	0.23446804	0.76740676
medical_recognize	6.3298726	8.095108	0.08687036	-0.030744378
medical_research	6.797985	6.86302	-0.67914927	0.1440112
medical_setting	6.307847	7.7223654	-0.3370419	1.1846924
medical_student	7.598588	7.8827505	-1.0976326	0.48290357
medical_study	7.6574273	7.9165287	-1.2361794	0.5782359
medical_stuff	6.596052	7.894333	-0.23337023	1.0466764
medical_term	7.0327725	6.4061728	-0.79019517	0.3858217
medical_test	7.85626	7.5824895	-1.5286838	0.57018435
medical_train	6.8861847	7.833151	-0.88835806	0.8209652
medical_treatment	7.9515076	7.902157	-1.1687791	0.28604513
medical_world	6.9606504	7.658137	-0.6156087	0.541886
medicare	8.876584	9.694303	-2.1907492	1.7048764
medication	3.275112	6.0067554	-2.4111862	3.1373987
medication_supplement	5.641133	7.4077344	-1.015204	1.7445936
meditation	6.3673563	6.374915	0.62151533	3.6809788
medium	2.9836457	6.9890885	-1.115025	2.3743596
meet	8.694144	9.035037	-1.6479026	0.53590864
meet_anyone	6.6375294	7.5343285	-0.29116398	0.20632932
meet_my_deductible	8.279168	9.508934	-1.9648576	1.8625361
meet_with_doctor_bastian	7.7028794	9.533784	-1.2945915	1.1582668
meet_with_he	8.119318	9.578262	-1.5451888	1.0481628
meeting	8.463004	9.805481	-1.5972387	1.0199854
mega_post	7.240479	8.241056	-0.34696633	0.46647978
megathread	7.456738	8.3277235	-0.3801039	0.23151802
melatonin	3.8239496	7.566537	-0.5439748	2.4981768
melbourne	8.752075	9.282992	-1.7447649	0.71402514
melissa_l	6.902498	7.6795797	-1.6533407	1.4112802
mellow_out	5.812862	8.895357	0.31859156	2.0803347
melon	3.031252	6.8796353	-1.2098442	2.4393923
melt	2.7236583	6.736372	-0.7182441	3.0259206
member_of_this_community	6.6061635	8.211629	-0.34099016	0.24045464
membrane	5.9835777	6.342199	-0.6957776	2.0561466
memory	5.474274	6.9523463	0.590463	-0.40588012
mendelsohn_maneuver	6.2566366	6.4925222	0.5521163	3.6468136
menopause	5.5375443	6.851459	-0.33041453	0.38191625
menstrual_cycle	5.377419	6.5655446	-0.42487046	0.72548383
mental	6.3754964	5.5030704	-0.013025516	1.2887481
mental_aspect	6.2157393	7.6100187	-0.31279933	1.220406
mental_block	6.2660146	6.424553	-0.012925048	1.2952625
mental_health	6.4517493	6.0672083	-0.84578645	0.06656655
mental_health_issue	5.916497	6.7773666	-0.31726626	0.49484083
mental_health_problem	5.7747703	6.4968467	-0.8573285	1.2222561
mental_ill	7.908644	8.013671	-1.3951956	0.33592513
mental_illness	6.9088335	7.1313148	-0.55684274	0.3347015
mental_problem	6.5633097	6.395421	-0.5572676	0.62845
mental_state	5.9915643	6.3932066	-0.47165653	0.7132189
mention_above	5.934248	6.5866475	-0.844036	1.0553997
mention_on_this_sub	7.30281	8.576297	-1.1314784	0.87809914
merry_christmas	6.2716093	8.593724	-0.21286978	1.164494
metabolism	3.3558333	6.601026	-1.3152283	1.9179202
metallic_taste	4.491297	5.91036	0.23897377	1.680399
methane	5.3444905	5.3222327	-0.5236779	2.1428652
method	6.3732805	6.5316343	1.0059296	3.7462723
michael_hospital	8.000524	8.81519	-1.5221226	0.74110574
michael_pitman	7.7566843	9.205436	-1.2514597	0.89685786
micro	5.206157	8.224598	1.6455113	2.7053564
micro_biome	6.7248955	6.0119033	-1.2379687	0.7203463
micro_burp	5.2031813	8.197473	1.7370428	2.7535017
micro_burp_a_few	5.667249	8.95424	0.43593487	2.1179
micro_burp_but	5.212635	8.2857895	1.6269587	2.7144947
micro_burp_out	5.649612	8.758376	0.7176444	2.2602494
micro_burp_since	7.0238056	9.626793	-0.63453597	1.8425044
micro_burp_that	5.29745	7.8141475	1.2964123	2.509759
micro_burp_which	5.3426847	8.4689	1.1646018	2.4344385
microburp	5.2054462	8.224897	1.7660291	2.7752743
microburp_and_a_few	5.572919	9.028926	0.56664574	2.3164089
microburp_so_far	5.661811	8.997262	0.3371799	2.193673
microburp_throughout	5.5389295	8.687771	0.020774122	1.9029908
microburp_today	5.3427434	8.791709	0.57997847	2.4303508
microlaryngoscopy	6.3666224	6.627252	-0.9922223	2.1325176
microphone	5.413867	7.713594	0.50491893	1.1492044
mid_meal	5.1024346	6.8398385	0.05261128	2.988522
middle	5.4152856	5.7554703	-0.19913292	2.7599263
middle_back	5.130357	5.894429	-0.18596314	2.4996831
midsection	5.5921674	6.3381824	-0.27836734	3.3623354
midtown	7.587909	8.869744	-1.4814768	1.1237291
midwest_surgery_center	7.68795	9.033557	-1.5575676	1.2781118
mig	6.153093	7.3476024	-2.4108067	2.2671776
might_help	6.697111	6.6769986	0.60228306	3.2705908
migraine	4.7227354	5.554441	0.1616987	0.65550786
mild	4.7009916	5.981069	-0.012248769	0.6702792
mild_asthma	6.250974	7.1717916	-0.5469326	0.7712316
mild_case	6.4096146	6.218249	-0.31996068	-0.061193347
mild_choke	5.1344533	8.714335	0.2254648	2.4432735
mild_cold	5.495365	8.534611	-0.046476025	2.0634503
mild_discomfort	4.6209936	7.738	-0.2538953	2.194946
mild_form	6.485889	7.11345	-0.44075876	0.61627656
mild_nausea	4.8509235	6.1333084	-0.048370447	0.6565222
mild_side	5.906163	7.1141906	-0.4267421	0.44415694
mild_slow_swallow	5.252317	8.782206	0.18174727	2.3694568
mild_sore	4.573845	7.942294	0.060616534	3.048994
mild_sore_throat	4.7572384	8.539069	-0.024102172	2.81825
mild_symptom	5.9630876	7.3028398	-0.44161892	0.8619839
mild_to_moderate	6.229472	6.7260485	-1.0810095	0.9061592
mild_version	5.442227	7.7435975	0.95218116	1.9972672
mile_away	7.7038	9.402032	-1.7714819	1.7732835
military	7.1650414	8.292301	-1.0053629	1.0990908
milk	2.2269654	6.646127	-1.1980413	2.456361
milkshake	2.3538883	6.828877	-0.87063193	3.035419
miller	5.691748	7.3173933	-1.2447586	2.0217776
mind_body	6.431026	5.6026883	-0.18593623	2.3603392
mindfulness	6.3782015	6.44876	0.6253212	3.6666129
mine_go_away	5.0207844	7.4869533	-0.0019520888	1.5936534
mine_peak	5.5216193	9.023795	0.54743075	2.3585818
mine_with_lucy	7.278656	9.780433	-0.90931296	1.7368793
mine_yesterday	6.50839	9.087007	0.036884297	1.1574967
mini_burp	5.1921773	8.175502	1.7171179	2.7358892
minimal_invasive	7.209979	9.04652	-0.88907266	1.9458266
minimal_result	6.895954	9.438166	-0.5875685	1.7933937
minimize	2.8611286	6.403693	-1.3722754	2.1985965
minneapolis	7.897688	9.125998	-1.5368708	1.1063225
minor	4.784887	6.086593	-0.051821016	0.61400145
minor_inconvenience	6.542884	7.5433254	-0.3971253	0.73627234
minor_regurgitation	5.464009	8.888884	0.4022345	2.2875245
minor_sore_throat	5.0417266	8.616335	-0.00029173662	2.5787494
minority	7.020523	7.7273917	-0.51170087	0.6023769
mint	2.3488932	6.590794	-1.2887657	2.4881682
mint_gum	3.3643491	6.4147496	-1.7338505	2.9125922
minus_the	4.9533772	6.3322005	-0.2771967	1.1719654
mirror	5.947659	7.4414496	-0.64871913	1.8937919
mirtazapine	3.5632963	6.304287	-2.1114829	3.3283832
misconception	6.212028	7.0820937	-0.9498263	2.1142988
misdiagnose	8.465855	7.571442	-1.4421046	-0.059641957
misdiagnose_with_gerd	6.2981057	6.782707	-0.8249016	0.4869759
misdiagnose_with_ibs	6.5219345	7.020239	-0.6124077	0.458809
misdiagnosis	6.6772804	6.2534337	-1.0086473	0.20152575
miserable	3.5817032	6.7085767	0.53163093	1.4217377
misery	5.175675	7.1690993	0.24137768	0.09750962
misinformation	6.85033	7.158802	-0.40219304	0.4546365
misophonia	6.1624	7.560092	-0.31846726	1.1598221
miss_diagnose	6.5588393	6.4804964	-0.9357915	0.34858593
miss_out	5.220652	7.4038434	0.13815089	0.29456034
miss_out_on_so_much	5.263426	7.529831	0.08715643	0.37328407
mission	6.4821963	8.511162	-0.21915436	0.68557775
mitigate	3.0382714	6.2468877	-1.4705347	2.2273312
mitigate_against_by	3.8134649	6.188072	-0.2615207	3.8888416
mix_between	5.091148	7.293251	0.57817847	2.0803444
mix_drink	2.2239163	7.1422534	-0.8808073	2.1280298
mix_with_water	2.462798	6.8679295	-1.2056255	2.4037607
mixer	2.2508714	7.1071067	-0.93405557	2.1281538
moan	4.6879363	6.954413	0.46004456	1.8872446
mob_mentality	6.630577	6.8562336	-0.3410779	0.55586016
mobility	6.6453915	5.855296	-0.9094191	0.96046525
moderate	4.699666	5.930923	-0.05590059	0.82845026
moderate_sore_throat	4.7529087	8.2733345	-0.09458693	2.7853281
moderator	7.949544	8.557359	-0.8152136	0.024413466
modern	6.7300143	6.16485	-1.0424458	1.2483323
modify	6.3856034	6.413566	0.57088643	3.6286027
modify_my	2.909788	6.5573254	-1.5048217	2.1977317
mojo	5.756502	7.4884686	-0.01299659	1.8438023
mom_say	5.3589005	7.239807	0.5751705	0.45905864
moment_where	5.325993	8.149614	1.0970578	2.3828657
momentary	5.252627	6.499233	0.22757554	2.58513
monday	7.6713567	10.1540985	-1.2246394	1.4961585
monday_evening	6.616587	9.3015	-0.5567522	1.7564154
mondino	7.274568	7.8111205	-1.493839	1.0917182
money_to_travel	8.717798	9.118167	-1.8849876	1.0356191
money_together	6.7829742	8.717064	-0.25169063	0.81395775
monitor	6.6897416	7.1382966	-1.3463943	3.6294866
monster	4.9869246	7.3971457	1.420249	1.5853875
month_4	5.7883034	9.106675	0.39914808	2.2239978
month_or_two	4.4699087	7.2711854	0.09508142	1.4164746
month_pregnant	4.4575934	6.761488	-0.25631395	1.4058398
mood_killer	6.3326106	8.555145	0.29005137	0.6430545
more_accurate	7.995516	9.441913	-1.4768947	2.5865812
more_air	4.8876357	5.2078514	0.32966802	2.594309
more_annoy	5.3643403	7.546313	0.1530791	1.9826624
more_anxious	4.188687	6.7497187	0.8226318	1.1567962
more_bearable	4.0914087	6.7777247	0.6768584	0.9555828
more_calorie	2.9501657	6.724811	-1.1411403	2.356067
more_comfy	4.8708906	7.7962713	0.40789917	1.842546
more_common	6.6140757	5.9719234	-0.4189592	-0.027770292
more_complex	6.8562775	7.4681206	-0.83894545	1.0566916
more_complicated	6.8442955	7.555378	-0.8288224	1.076806
more_confident	4.2083898	6.931536	0.8206523	1.0132706
more_consistent	5.531801	8.303178	1.271934	2.6581368
more_control	5.560703	8.074571	1.3714978	2.833459
more_controllable	5.5034523	8.466118	1.0447956	2.3370235
more_easy	5.792002	5.465159	0.8256423	3.255943
more_energy	4.8262444	7.7173915	0.30850464	1.6682993
more_enjoy	4.0383444	6.898083	0.58544666	1.1415464
more_expensive	8.573272	9.706251	-1.9778618	2.1218626
more_frequent	4.561891	7.5379467	1.0348904	2.0346346
more_frequently	5.326401	8.149047	1.4302007	2.6557899
more_gas	4.8581414	5.1860857	0.18625098	2.4004312
more_gassy	4.1643147	6.8027277	0.74186605	0.96507275
more_importantly	5.3847113	7.8796554	0.5760335	1.6906964
more_intense	4.635253	7.7255383	0.536212	2.0468218
more_manage	4.1455927	6.8087025	0.7238217	0.95834684
more_natural	5.6819663	7.7385836	1.4255314	3.0184731
more_nauseous	4.0832367	6.4665837	0.66151625	1.4526155
more_often	3.8686671	6.7599072	0.8354514	1.8160311
more_often_than	4.7326455	7.352498	1.4919832	1.6586212
more_power	5.3224883	7.191158	0.8865355	2.3912165
more_precise	7.954266	9.420322	-1.4511905	2.5815027
more_productive	5.5902944	8.565127	0.93000007	2.2671669
more_progress	6.633272	9.166084	0.38739404	0.69049466
more_prone	5.6963453	5.581591	-0.40388393	1.8067019
more_rare	5.658925	8.327346	-0.14853732	1.6252381
more_relax	5.8342385	5.368484	0.8053953	3.354079
more_satisfy	5.7190757	8.507801	0.93108344	2.3697433
more_sensitive	5.6561875	5.668659	-0.44688228	1.9417217
more_severe	6.007548	5.9393373	-0.3105497	0.0100804055
more_space	5.4849634	6.0023265	0.41350502	3.7443206
more_substantial	5.433852	8.13095	0.9906801	2.2984502
more_subtle	5.3442636	7.0772243	1.1306187	2.7203739
more_traumatic	5.3733788	6.799032	0.7493917	0.35077646
more_uncomfortable	4.668942	7.204889	0.22406149	2.0874465
more_unit	7.574839	10.141437	-0.67740464	2.3885536
more_weight	3.8017344	6.7873745	-1.040431	1.5678998
morning_sickness	4.8927712	6.4183974	0.64359665	0.3058494
moscaritolo	7.7072673	8.936347	-0.6075181	0.23211338
most_critical	5.638822	8.946379	0.3513949	2.1758657
most_disgust	5.2224464	7.5453305	1.2541296	1.446812
most_doctor	8.738714	8.161838	-1.4887501	-0.021287743
most_gps	8.047543	7.985497	-1.3175206	0.28866774
most_importantly	6.4215965	8.349031	0.55195415	1.5136716
most_intense	5.089208	6.7918816	-0.24634525	1.4060911
most_notable	6.381252	7.3876567	-0.5633221	0.66939396
most_of_my_life	5.522451	6.3625274	-0.102491476	-0.12174985
most_of_us	6.4675946	6.2148952	-0.30462122	-0.35251433
most_part	4.259615	7.0269837	0.65417194	1.7839379
most_satisfy	5.610986	7.7470326	0.054343324	1.6600199
most_uncomfortable	4.9931803	7.1013994	0.5235502	1.4675102
mostly_due	5.4648385	7.1040955	-0.23523985	0.48310858
motility	6.469957	5.3556337	-0.88139987	1.0946598
motility_disorder	6.6952825	5.830482	-1.1348181	1.280044
motility_issue	6.6289706	5.671468	-0.9515459	0.63243294
motility_test	8.532301	7.6142526	-2.1185222	0.78410345
motion	5.620892	5.901382	1.1206226	3.6811478
motion_sick	4.583469	7.1813836	0.18239431	1.6610509
motion_sickness	4.8520017	6.1120534	0.47814897	0.50153273
motor	6.5256343	5.852473	-0.28207853	2.1090248
motrin	3.20517	6.6603017	-1.5961308	3.332295
mouth	5.4513316	5.530178	0.54940015	3.7601743
mouth_breathe	5.8718	5.301222	-0.36225846	2.0484285
mouth_breather	5.5044727	6.9121666	-0.32989684	1.9489316
mouth_water	4.467052	5.955143	0.13339455	1.082949
mouthful	2.5408604	6.8430514	-0.7549391	3.297636
mouthful_of_water	3.057833	6.797195	-0.85559773	3.195729
mouthguard	6.3475733	7.569425	-1.5490441	3.2188997
move_around	5.0721073	5.7659817	0.604656	3.7469103
move_down	5.185405	5.1807675	0.19144161	2.7370114
move_my_head	5.4614787	6.1342278	1.1600763	3.897452
move_my_jaw	5.649098	6.1948104	0.7414317	3.911896
move_my_neck	5.4437585	6.1893325	1.025687	3.744183
move_past	5.8161373	7.510507	0.18236747	1.2143883
move_through	4.903912	5.272101	-0.58030266	2.1886282
move_up	5.2131186	5.3465457	0.5240154	3.0343907
move_your_head	5.7303004	6.099652	0.88117874	3.976148
movement	5.801778	5.6228466	0.88363653	3.693619
mr_karagama_who	7.5559707	9.064284	-1.2706577	1.1232678
mr_omar	7.321547	8.377151	-1.0722111	0.9618101
mri	8.567518	7.3791223	-2.1708517	0.72648966
ms_hicklin	8.49651	9.812368	-1.472547	1.4417259
mthfr	6.0250525	7.403817	-0.9993639	1.8638856
mu	6.37974	7.904836	-0.9824419	1.3205879
much_as_possible	5.7278233	6.1724153	1.1951088	3.8548787
much_better	4.820909	8.119131	0.43128067	2.0040784
much_cheap	8.219139	9.591165	-1.6329212	2.3320436
much_improve	5.5972056	7.2948947	-0.3611442	0.49244228
much_less	4.2921762	6.807075	0.58682317	1.4718992
much_relief	5.2241316	8.026071	1.5971953	2.505983
much_worse	4.1638584	6.1789193	0.52275455	0.8328678
mucinex	3.4950368	6.348862	-1.9850901	3.4100034
mucosa	6.1849494	6.118497	-1.0111092	1.5962193
mucous	4.6084995	6.129243	0.055690646	2.2386184
mucus	4.3500643	6.1422853	0.40583816	2.6267948
mucus_in_my_throat	4.514863	6.467867	0.17590573	1.9971777
mucus_in_throat	5.1012435	6.239901	-0.33762562	1.306257
muffin	3.0643902	6.9765105	-1.0488966	2.562281
muffle	5.1140947	7.381585	1.2531393	1.9390159
multi	3.6671276	6.613373	-1.6139729	2.8803704
multiple_injection	7.618847	9.373401	-1.029224	2.2686732
multiple_round	7.3434963	9.328133	-0.74932855	2.1395154
multiple_test	8.44264	7.514047	-2.0562425	0.7165646
multivitamin	3.4088686	6.427622	-1.7628869	3.3848956
mum_and_dad	7.7932854	8.27147	-1.4578938	0.74188817
musc	7.4999514	9.090737	-1.2804731	1.1096857
muscle	6.2434635	5.046311	0.44257638	3.1112163
muscle_around	5.5830326	5.731847	0.24068794	3.2389677
muscle_connection	6.245478	6.2059393	0.5136334	3.2381427
muscle_dysfunction	6.628043	6.1980844	-0.87894034	0.6842853
muscle_group	6.16592	6.8135934	-0.2188626	1.8582579
muscle_in_my_throat	6.284812	5.2968326	0.2133621	2.9352324
muscle_in_your_throat	6.3521457	5.2924175	-0.011124571	2.7695804
muscle_mass	5.078751	6.7952514	-1.1729554	1.8760756
muscle_memory	5.8836865	6.548853	1.3970419	3.2798767
muscle_movement	5.8961954	6.6751747	0.57925844	2.51946
muscle_relaxant	6.58758	7.460905	-1.0827852	1.5134671
muscle_relaxation	6.1961284	6.3642106	-0.59558785	1.7302346
muscle_responsible	6.4266853	5.200376	0.11636861	2.7054446
muscle_spasm	5.646576	5.528116	-0.26067954	2.452763
muscle_tension	5.9306655	5.276544	-0.33276895	2.0814312
muscle_tension_dysphonia	6.9432654	6.5414143	-1.0877573	0.79621434
muscle_tighten	6.0876727	5.7981296	-0.5002605	2.0893877
muscle_weakness	5.664684	6.47039	-0.73508906	1.0527939
musculature	6.3451815	5.326175	-0.040953778	2.7877033
mushroom	2.9430587	6.821044	-1.3679024	2.3705919
music_festival	4.8126845	7.7133956	-0.43215105	1.5560858
musical	5.9545937	7.6466885	-0.9103561	1.53701
my_20s	5.317378	6.679839	0.13171677	-0.26461187
my_30s	5.290562	6.596599	-0.038605206	-0.16901225
my_40s	5.420825	6.82052	0.0015726623	-0.15681209
my_ab	5.5008473	5.6905427	0.9179078	3.651326
my_abdomen	5.169977	5.408167	0.6078931	3.2032082
my_adams_apple	5.5391674	5.5621367	0.5738479	3.63136
my_airway	5.6068435	5.3559184	0.25022566	3.122354
my_anxiety	5.0478764	6.002182	0.48444992	0.36632088
my_apartment	4.6413026	7.077636	-0.2181204	1.8673993
my_appetite	3.9687617	6.6804214	-0.34482807	1.5472716
my_appointment	8.294201	9.976583	-1.4817756	1.1534934
my_armpit	5.520852	6.2990327	0.956778	3.8821344
my_assumption	5.9291496	7.7071104	0.21344344	0.66690075
my_baseline	5.4563937	7.3937607	-0.363311	0.6301287
my_bed	4.6140995	6.03776	0.29191452	4.059063
my_belly	4.8129907	5.3224387	0.39865357	2.6182492
my_belly_button	5.1189985	5.5384054	0.103871755	2.8617976
my_bf	5.1749277	7.723505	1.6034827	1.1311575
my_bladder	5.43785	5.669067	-0.20142287	2.4258125
my_boob	5.4931455	6.947512	-0.35541624	2.359092
my_bowel	5.161238	5.0482244	-0.06795003	2.3177958
my_boyfriend	5.1999707	7.7727017	1.6698164	1.0483565
my_bra	5.215763	6.6747694	0.1497659	1.8858627
my_breath	5.080988	5.813448	0.8387419	3.7089636
my_car	4.5566487	6.1167345	0.43300465	3.8761704
my_case	6.6802955	5.4604645	-0.84229827	0.04793687
my_chest	4.997243	5.44718	0.4576825	2.9562352
my_childhood	5.4021287	6.9423513	0.6146998	-0.29000032
my_chin	5.418715	5.8355603	0.8420645	4.0100875
my_clothes	4.3042016	6.736682	-0.2645432	1.8242
my_collarbone	5.469975	5.7254424	0.067776255	3.2579095
my_consult	8.030689	10.011172	-1.3524146	1.2235188
my_consultation	8.207424	9.991637	-1.4643167	1.2466527
my_copay	8.744382	9.782577	-2.2031188	1.9299836
my_core	5.7470236	5.5047603	0.77939624	3.5565984
my_country	8.964744	9.202383	-1.8428267	0.7615233
my_cousin	5.683872	7.343521	0.39123753	0.117814004
my_deductible	8.736162	9.817246	-2.2259734	1.9631138
my_deviate_septum	6.692534	6.7958913	-1.2186754	1.4327921
my_diaphragm	5.4940243	5.4204903	0.7340361	3.481021
my_diet	2.566383	6.359994	-1.5133078	2.2839057
my_ear	5.062862	5.432133	0.31316298	3.0325112
my_early_20s	5.319045	6.831728	0.17596768	-0.26479375
my_early_30s	5.440274	6.9654136	-0.12610853	-0.08079485
my_elbow	5.35344	6.0638466	0.19614606	3.7848372
my_emetophobia	4.9734907	6.615109	1.367813	0.342583
my_ent	9.058422	8.45192	-1.8147684	0.15078737
my_entire_life	5.509407	7.033263	0.4743344	-0.51442677
my_epiglottis	5.433105	6.605021	-0.18517552	2.8504498
my_esophagus	6.029583	4.8802953	0.24536657	2.9036615
my_experience	7.2510085	9.166211	0.23626053	0.18351948
my_eye	4.6161056	6.028422	0.55603653	3.4080982
my_family	5.2705693	7.7599063	1.5736785	0.95330656
my_fear	4.912057	6.641059	1.4880432	0.41899592
my_fellow	6.903129	8.409484	-0.24163711	0.21238378
my_finger	5.3560057	5.9350457	0.9704921	3.6565058
my_first_dose	7.635841	10.333136	-0.6888825	2.4375231
my_first_round	7.6114244	10.308552	-0.6802665	2.4347804
my_first_trimester	5.3782506	7.367251	-0.3740422	1.1186942
my_fridge	3.4072614	7.0724206	-1.1053274	2.3720381
my_friend	5.2034	7.7685714	1.6590681	1.0449176
my_gag_reflex	4.71278	6.48066	1.845864	1.9567074
my_gastro	8.712302	8.072279	-1.8286628	0.2700748
my_gastroenterologist	8.9440155	8.313436	-1.8127832	0.14919107
my_gf	5.2246	7.7839313	1.6335511	1.0399749
my_gi	8.95119	8.2746525	-1.8216536	0.13977988
my_girlfriend	5.2201967	7.7837486	1.6397057	1.0452803
my_gp	9.022554	8.403308	-1.795881	0.11971677
my_grandfather	6.020158	7.1480994	-0.36897245	0.629187
my_gum	6.006069	6.7443204	-0.8304299	3.249733
my_gut	5.082053	5.0621185	0.0021154995	2.3698688
my_hand	5.2276564	5.7123966	0.5302746	4.006863
my_heat_pad	4.378968	6.8744874	-0.19269778	2.3792307
my_hero	6.8084674	8.636913	-0.63157475	0.803055
my_hip	5.382701	6.0123887	-0.120339386	3.3634155
my_husband	5.205787	7.7722588	1.6631573	1.0491565
my_hypothesis	6.695979	6.4218616	-0.63600785	0.8523833
my_insurance_company	8.859046	9.54323	-2.1088173	1.5121493
my_intestine	5.108534	5.091488	0.11266329	2.4280849
my_iv	6.43837	7.661933	-1.6158231	3.304476
my_jaw	5.541045	5.44348	0.5677412	3.7370777
my_journey	7.150141	9.276079	0.36666003	0.21065168
my_kid	5.408024	7.308835	0.6041087	0.109743476
my_knowledge	7.915306	7.8265915	-1.1776112	0.32140028
my_larynx	5.6318617	5.429153	0.6525535	3.6839483
my_left_side	4.6704383	6.021598	0.17324097	4.1406636
my_les	6.3641157	4.8099546	0.03429592	2.6672683
my_life	5.4963365	7.183898	0.47436553	-0.41455293
my_liver	6.9512377	6.6324787	-1.4911908	1.1445532
my_local	8.461996	8.749297	-1.6046269	0.45526132
my_lower	5.2330976	5.4691343	0.13796233	3.037441
my_lower_abdomen	4.9956264	5.6761603	0.03790842	2.4912152
my_lower_esophageal	6.3929124	4.849029	0.07710617	2.744909
my_lung	5.344632	5.2135296	0.34668198	2.9775622
my_mental_health	5.489431	6.500296	-0.06902045	0.1613355
my_mid_20s	5.294483	6.92788	-0.05222802	-0.14892209
my_mid_30s	5.366734	6.9335876	-0.18349242	-0.030011255
my_mid_sixties	7.131121	9.334605	-0.7219282	1.8246045
my_mid_twenties	5.2879705	6.8025517	-0.10785882	-0.07389324
my_midsection	5.8595214	6.0007696	0.51040095	3.7562587
my_mouth	4.613751	6.0472684	0.7388869	3.2486281
my_nasal_passage	6.5536103	7.1548734	-1.2241715	3.5382993
my_neck	5.532234	5.4621024	0.6008774	3.7424679
my_nerve	5.5374594	6.6831656	-0.37554914	3.016625
my_nose	6.681469	7.0606885	-1.2725459	3.768122
my_nostril	6.5700326	7.0487328	-1.2121618	3.6678133
my_oop	8.284544	9.57288	-1.9467475	2.0321865
my_organ	5.0455623	5.521085	0.21312082	2.5763764
my_pants	4.3174343	6.6769724	-0.20293276	1.8706634
my_pcp	9.007224	8.399373	-1.8227164	0.11319451
my_pediatrician	8.178079	8.146931	-1.5998338	0.36233026
my_period	4.349412	6.247765	0.23070699	1.3812064
my_perspective	6.7342744	7.733401	-0.2490335	0.5783806
my_phobia	4.9830766	6.634102	1.3704175	0.344233
my_poor	5.8262105	7.974464	0.40227306	0.49528712
my_post_nasal	5.1151004	6.3530335	-0.25276223	1.528006
my_posture	6.170479	6.0423927	0.7582901	3.7414367
my_ppi	3.4693446	6.359522	-2.0084498	3.3657312
my_primary	8.8936	8.426173	-1.7574922	0.1755525
my_procedure	8.064265	10.176373	-1.3367958	1.5611633
my_progress	7.098872	9.46192	0.43441194	0.39120346
my_quality	6.2940106	9.5687065	0.20597439	1.1130116
my_r_cpd	6.0746064	5.535008	-0.6042254	-0.15607846
my_rib	5.1833467	5.4397516	0.1788836	3.0193286
my_rib_cage	5.2411637	5.5474677	0.11502472	3.140816
my_ribcage	5.41756	5.72912	-0.16757037	2.7768953
my_saliva	3.9418912	6.5260143	0.2931298	2.9399705
my_second_dose	7.625275	10.342129	-0.6694089	2.4446206
my_second_round	7.5681214	10.295655	-0.66256	2.4196754
my_second_trimester	4.8524513	6.6905704	-0.16583174	1.0426304
my_self	5.181599	6.846611	1.2792501	2.1092753
my_shoulder	5.3735237	5.70403	0.67510223	3.9603434
my_sibling	5.6832237	7.38393	0.17587419	0.29030448
my_sinus	4.9397035	5.9821844	-0.04802618	2.3826087
my_spine	5.921737	5.490736	-0.2219008	2.7535872
my_sternum	5.2086253	5.3979397	0.16132148	2.9482384
my_stomach	4.8080373	5.2930765	0.388539	2.6249547
my_story	7.3864965	8.850264	0.1750343	-0.30619854
my_suspicion	6.3585258	7.706466	-0.61581	0.93715817
my_symptom	5.885265	5.5438766	-0.49821913	-0.21439786
my_teen	5.341513	6.8429847	0.03632109	-0.18284176
my_third_trimester	5.258027	7.124346	-0.07199905	0.7470917
my_throat	4.5796356	6.0436077	0.7321856	3.0224414
my_toe	5.336757	6.2022133	0.12547798	3.7859368
my_tongue	5.44629	5.5029655	0.59544873	3.8272696
my_tonsil	5.308167	5.8657274	-0.2702226	2.508933
my_trachea	5.420032	5.7869163	0.13387911	3.215758
my_tummy	4.8092957	5.335799	0.38563517	2.6023555
my_twin	6.396174	7.566362	-0.12161637	0.3374813
my_twin_sister	5.9167476	7.2698145	0.28008217	0.07881069
my_two_cent	6.8332586	8.517662	-0.3158487	0.6514761
my_ues	6.2996435	4.862849	0.24829032	2.926997
my_upper	5.362243	5.534535	0.14849658	3.242745
my_upper_abdomen	4.811214	5.871665	0.11686115	2.1784406
my_upper_esophageal	6.4032583	4.8343167	0.090592474	2.7691936
my_uvula	5.2118645	5.686763	0.2642079	3.2597067
my_vocal	5.4399257	7.458604	-0.60368913	2.3339102
my_voice	4.6441784	7.9604325	0.1906929	2.8707013
my_waist	4.821181	6.687559	-0.3084966	1.6177163
my_weight	3.7146664	6.781354	-0.9221217	1.4463404
my_whole_life	5.5095882	6.986336	0.4727767	-0.48125908
my_wife	5.216074	7.778804	1.6567812	1.0502902
my_windpipe	5.3927846	6.058708	0.2761383	2.9916391
my_worst_nightmare	5.019592	7.351948	0.040127885	1.8730692
myalgia	5.927406	6.382321	-0.7726052	1.5296046
mylanta	3.3996665	6.3105893	-1.9852437	2.850937
myotomy	7.640746	9.92877	-0.78875446	2.4283996
mystery	6.631432	6.175037	-0.53700024	-0.060864024
myth	6.4641314	7.8661127	-0.5478707	1.1003101
naar	6.135535	7.33868	-2.263138	2.2272046
naive	6.7374687	7.238037	-0.38849396	0.47732583
name	8.470796	8.513223	-1.0381267	-0.1723271
namely	6.0758247	6.10718	-0.69523233	0.66058856
nap	4.4558263	8.388142	-0.27982703	2.823798
narcissist	6.7130055	7.197373	-0.33692557	0.43197516
nasal	6.6710196	7.048254	-1.272589	3.5973651
nasal_breathe	6.1690674	6.090906	-0.5048889	1.9468322
nasal_cavity	5.951824	6.6449437	-0.78851795	3.1470633
nasal_congestion	5.3550878	6.256032	-0.5264451	1.3272127
nasal_endoscopy	8.633111	7.6425314	-2.2082436	1.0938863
nasal_gastric	5.602482	6.8657045	-0.5691954	1.9977002
nasal_passage	6.267337	7.03171	-1.0912656	3.1532683
nasal_polyp	6.3738875	6.384683	-1.0083041	0.48747557
nasal_spray	3.4847283	6.340699	-2.0695791	3.0733962
nasty	4.3817425	6.7586393	1.1514034	1.759607
natural	5.828058	6.6363134	1.4554147	3.250661
natural_reaction	5.6203814	7.5848475	0.61876935	0.9506813
naturopath	7.6917458	7.697931	-1.3614982	0.49087283
naturopathic	6.585553	7.6771927	-1.0413463	1.3046657
nausea	4.3829565	5.605565	0.36373752	0.8928553
nausea_etc	4.5597014	5.7493315	0.1110033	0.90453947
nausea_go_away	5.35386	8.2364	0.31154937	1.9396578
nausea_patch	6.649172	7.2895827	-1.2551507	3.5987413
nauseate	3.7672575	6.475511	0.6729078	1.444311
nauseous	3.7905133	6.50543	0.77156234	1.3776152
nauzene	3.4586778	6.392543	-1.8405286	2.7004247
navel	5.765928	6.5870557	-0.5117227	2.6691506
nbs	5.9752884	6.5120745	-0.1664714	0.22518766
near_constant	4.583332	5.857325	0.06668109	1.0210834
near_the_bottom	5.730802	5.9352193	0.21777008	3.5430331
nearly_as_bad	5.409274	8.226864	0.58764887	1.4218608
nearly_every_meal	4.8658466	6.739688	-0.10519033	0.97474563
nebraska	7.5646873	8.92102	-1.248992	0.87870276
neck	5.558411	5.4775915	0.6094969	3.754727
neck_and_jaw	5.4744067	6.4456487	-0.33801818	2.795215
neck_area	5.5276966	5.7016716	-0.14410213	2.861164
neck_crunch	6.365477	6.473114	0.677806	3.8390124
neck_exercise	6.509569	6.5984764	0.9323259	3.7810616
neck_forward	5.5799527	6.213905	0.78716505	3.924039
neck_lift	6.366609	6.480085	0.6824272	3.7986083
neck_massage	6.5505557	6.6750646	0.7757722	3.6247547
neck_muscle	5.780772	5.4233675	0.5908566	3.6193695
neck_pain	5.090003	5.8550997	-0.18737726	2.5044987
neck_position	6.0405836	6.297857	0.8240997	3.9029005
neck_posture	6.1082544	6.6223583	-0.54142946	1.983364
neck_sit_up	6.4334297	6.498477	0.7487537	3.8468223
neck_strengthen	6.505461	6.5883865	0.6820567	3.5876467
neck_stretch	6.4863987	6.5229807	0.8141301	3.8066034
neck_throat	5.888919	5.9614396	0.38269013	3.403968
need_another	7.434607	9.874066	-0.6337396	2.313599
need_to_be_able	6.1053586	7.454294	0.8501428	2.6679103
need_water	2.53213	6.813711	-0.58475626	3.2474716
needle	7.9726467	9.407428	-1.5467589	2.72365
needle_in_my_neck	6.3120117	8.895763	0.10953136	1.192352
needle_phobia	7.154121	9.206041	-0.9144528	1.9617566
needle_through	7.980252	9.416431	-1.5139827	2.6473465
negative_experience	7.1521516	8.623691	-0.16737841	0.25363186
negative_for_h_pylori	6.581394	6.5390024	-1.106203	0.72410995
negative_impact	6.389445	6.9407415	-0.60664696	0.8904917
negative_pressure	5.888424	5.538414	0.046608854	2.9461136
negative_reaction	6.4969964	7.5031295	-0.69276005	1.0803437
negative_side_effect	6.716769	8.995442	-0.41947007	1.8268638
neglect	6.819795	6.653876	-0.60743606	0.80831933
nerve	6.224815	4.9866357	-0.08003168	2.4600544
nerve_damage	6.4685817	5.992994	-0.96475214	1.2001225
nerve_rack	6.1198893	8.444497	0.24876925	1.0339866
nervous	4.7471924	6.7684517	1.5031099	0.6163195
nervous_about	4.7857265	6.8003583	1.5082085	0.6080948
nervous_system	6.272718	5.295468	-0.36244583	1.8568524
network	8.95698	9.466566	-2.0150495	1.186986
neural	6.4879894	5.580967	-0.1021554	2.5725453
neurodivergent	6.3408976	7.023935	-0.5601072	0.6700713
neurological	6.9554877	5.6685743	-0.8561972	0.66382116
neurological_function	6.2118773	6.2926254	-0.8401109	1.8305365
neurological_issue	6.7633543	5.9670115	-0.89570725	0.4482756
neuromuscular	6.832453	6.090272	-0.8136288	1.2629069
neutral_position	5.729772	6.041132	0.7521686	3.890686
neutralize	4.5797634	5.283476	-0.7555355	2.1709623
nevada	7.3923655	8.72383	-1.2533244	0.9929404
never_bother	5.4012113	6.9600472	0.53328997	-0.33182916
never_connect	5.881974	6.7702336	0.055626813	-0.004204911
never_connect_the_dot	5.138588	7.312707	0.042178724	1.0232619
never_consider	6.3085957	6.244536	-0.37230885	0.19906972
never_go_away	4.6153235	6.292259	-0.009531649	1.2365452
never_heard_of_r_cpd	8.101701	7.8670316	-1.3897165	0.21637043
never_occur	5.741783	7.3735833	0.44759968	0.3434463
never_realize	5.799124	6.9576335	0.32598358	-0.2037831
nevermind	6.155651	7.7035975	-0.80336905	1.8897065
new_ability	6.193203	8.364686	0.81182885	2.131705
new_condition	7.7437754	8.403085	-1.078089	0.3622301
new_doctor	7.725288	8.367776	-1.2629641	0.45701742
new_here	7.452332	8.67524	-0.008993273	-0.40618417
new_information	7.021101	8.078622	-0.48699167	0.52883404
new_jersey	7.7481704	8.841688	-1.3671446	0.78253335
new_mexico	7.9301143	8.504146	-1.4169492	0.62720424
new_pcp	7.426978	8.873289	-1.3426378	1.120431
new_power	6.6535554	9.010236	-0.2373877	1.2027521
new_skill	6.5681477	8.634394	0.2197399	0.79142225
new_to_reddit	6.822217	8.426703	0.019193836	-0.070060946
new_to_this_community	6.7377267	8.355099	-0.042037793	0.017310103
new_to_this_sub	6.62921	8.158991	-0.010310557	-0.107166514
new_treatment	7.442122	7.7687345	-1.0280852	0.59458184
newbie	7.170579	8.555298	-0.1704082	0.37216464
newbie_here	5.6778874	7.665608	-0.30655274	0.45741534
newcomer	7.2241325	8.5324745	-0.1638124	0.29116577
nexium	3.3274434	6.061079	-2.3573864	3.1523173
next_day	4.59805	8.549844	-0.14064184	2.8660052
next_dose	7.142482	9.6231985	-0.4816226	1.8309978
next_monday	7.6678147	9.938835	-1.1568271	1.2847482
next_month	7.748456	10.10549	-1.1755321	1.2819287
next_morning	4.5372143	8.465504	-0.24769732	2.8491895
next_tuesday	7.647333	10.018609	-1.119773	1.290314
next_wednesday	7.66048	9.982371	-1.1377814	1.2626493
next_week	7.7969766	10.091333	-1.1799067	1.2761624
nh	6.149093	7.3590684	-1.8340163	2.0586944
nhs	8.987303	9.242035	-1.8633115	0.7825654
nhs_england	7.865209	8.6041155	-1.3683642	0.6346594
nhs_gp	7.8344007	8.676068	-1.2001662	0.5745921
nhs_group	7.4987373	8.331349	-0.59333324	0.09426373
niacin	4.020621	6.179241	-1.5082967	2.4571733
nibble	3.1513152	6.8859854	-1.139707	2.645489
nice_nap	4.6571617	8.493239	-0.17855202	2.8913784
nice_to_hear	6.5075173	8.9961815	0.2866312	0.90036297
nice_to_know	6.5878315	8.872253	0.5967531	0.2654308
nice_to_meet	6.547616	8.5126095	0.19797267	0.2888283
niche	7.160915	8.400313	-0.29819584	0.16971387
nickname	5.3286743	7.588287	1.0655257	0.8144505
nicole	7.7169075	8.832275	-1.4851134	0.94119525
niet	6.169455	7.338594	-2.8326788	2.4105659
night	3.2864819	7.0593653	0.07076423	2.2317336
night_out	2.8217986	7.12221	-0.22640961	1.8362895
nightly	4.851951	6.5721784	-0.20647374	1.0745074
nightshade	2.6976974	6.478339	-1.5827028	2.2744853
nighttime	4.424212	5.9441547	0.18839893	1.0642735
nissen_fundoplication	7.0170364	6.320864	-1.1663611	0.904877
nitric_oxide	6.359274	6.448813	-0.82566106	1.4477589
nitrogenize	2.2617004	7.144611	-0.93103117	2.0961444
no_abnormality	8.197077	7.702848	-1.944637	0.87143743
no_anesthesia	8.01207	9.446902	-1.501207	2.6156497
no_anesthetic	8.087557	9.571127	-1.5880255	2.5074344
no_appetite	4.4765	6.041342	0.11598323	1.1399595
no_burp	6.4323497	5.7787824	-0.54124063	-0.34150657
no_burp_community	6.6040587	8.30106	0.067815356	-0.19704027
no_burp_syndrome	6.953967	6.1777697	-0.750865	-0.22776973
no_burp_yet	5.0093603	8.8335285	0.35636282	2.723667
no_burpee	6.630203	8.53333	-0.547207	1.1164291
no_burper	6.38757	6.5986214	-0.13782698	-0.49514985
no_difference	4.1140566	6.8457813	0.8423873	0.9629623
no_downside	6.494021	8.924697	0.15848662	1.0420728
no_energy	4.2995534	7.0285587	-0.15393624	1.6299353
no_experiment_evidence	7.941766	7.575155	-1.1859205	0.21659924
no_expert	6.6346016	7.494392	-0.44141313	0.72904146
no_general_anesthetic	8.054251	9.550365	-1.5799168	2.3985643
no_hesitation	6.435075	8.464049	-0.28605437	0.9699615
no_idea	6.527266	7.037493	-0.4249937	0.379833
no_more	4.3904424	5.7907825	0.26184043	0.9288307
no_proof	6.627368	6.762549	-1.0113012	1.0445845
no_regret	6.6101313	9.674556	-0.022038324	1.4647012
no_regurgitation	5.2575293	8.600489	0.08011635	2.1760383
no_relief	5.2302165	8.15376	1.5744009	2.552568
no_sedation	7.9863772	9.470331	-1.5981786	2.3896053
no_stranger	5.4885254	7.347733	-0.4280037	0.6050491
no_sugar	2.6427145	6.8457956	-1.2702188	2.3639574
no_wonder	4.7141128	6.891677	0.7557075	1.4338166
no_worry	6.7976727	9.210367	0.42473236	0.56230354
nobody_can	6.5492535	8.00357	-0.017597828	0.4405175
noburp	6.692174	5.842764	-0.6016006	-0.39515677
noburp_condition	6.5277534	6.029453	-0.78457785	0.92269796
noburp_fam	6.530449	8.544442	-0.060624775	0.4435111
noburp_related	6.3739014	6.408452	-0.49243334	0.31766808
noburp_subreddit	7.372228	8.344702	-0.54439217	0.14604802
noburp_symptom	5.774472	5.5695186	-0.4390392	-0.1727862
noburp_wiki	8.051253	8.52282	-0.9304694	0.034941472
noburper	6.4946914	6.5280013	-0.22850089	-0.46726146
noburps	6.072496	7.669356	-0.44079223	0.9768795
noise	4.5526557	7.2479463	1.7037642	1.7924592
noise_come	4.562233	6.9256697	1.0860443	1.9446448
noise_in_my_throat	4.7869387	7.2214985	1.3407664	1.7164981
nomen	6.100221	7.291379	-1.8232256	2.1103384
non_alcoholic	2.3653145	7.120883	-0.95972186	2.1316824
non_burp	6.002647	6.0264945	-0.4208919	-0.08272878
non_burper	6.098259	6.8707247	0.14034618	-0.5136616
non_carbonate	2.2482946	7.1086335	-0.9329631	2.1281962
non_erode	6.830253	6.4481235	-1.2722759	0.49658394
non_stop	4.0409446	7.1593137	0.9765889	1.8342135
non_surgical	7.376298	8.17508	-0.92258793	0.9412568
nonburper	6.0899453	7.93781	0.04609359	-0.023177974
none_of_those	6.512445	6.4507794	-1.0817388	1.0304472
nonsense	7.2374654	7.4119415	-0.89410317	0.47617674
nonstop	3.9381273	7.09488	0.8943976	1.8240082
nonstop_gurgle	4.540404	6.712483	-0.110507265	1.2350516
noodle	2.334835	6.7828293	-1.0088112	2.87247
normal_burper	5.2004647	7.706598	1.6342531	2.5984344
normal_function	6.6675005	6.227515	-0.80119383	1.2912458
normal_pace	5.0029783	7.3142667	-0.56419235	1.9233114
normal_population	6.6645784	6.1787977	-0.7085711	0.42163676
normal_side_effect	5.4315267	8.805974	0.09932166	2.2276986
normal_size	3.2207053	6.9874372	-0.7392265	2.5498927
normal_weight	5.3403683	7.039682	-0.10378002	0.044631746
norovirus	5.051187	6.913169	0.7796973	0.27631393
northeast	7.2552233	8.449573	-1.0972537	0.995572
northwest	8.009971	8.744476	-1.4631103	0.6584773
nortriptyline	3.475325	6.1948237	-2.232261	3.2461936
norwegian	7.117913	8.063964	-0.99091804	1.0154897
nose	6.711414	7.0457582	-1.2898153	3.7266536
nose_and_down	6.706869	7.1059546	-1.3401289	3.644629
nose_and_throat	8.350963	8.338546	-1.6153338	0.4163744
nose_how	6.5011973	6.538408	0.7724642	3.7941422
nose_scope	7.4433417	8.628781	-1.5570722	1.5524255
nose_spray	6.181194	7.279952	-1.2363656	3.0523186
nose_throat	8.364513	8.306359	-1.6799756	0.47331744
nostril	6.5178204	7.02514	-1.1691263	3.6256187
not_be_able	5.567912	6.8692045	0.4943891	-0.4840605
not_care	5.250182	7.6663914	1.3690804	1.0723485
not_diagnose_r	8.413329	7.900779	-1.5119377	0.26708055
not_fun	4.191	6.5300145	0.7989577	1.3456138
not_get_discourage	6.170768	9.170606	0.5895113	1.8769479
not_hesitate	7.7286882	8.955173	-0.7136843	0.5212045
not_ideal	3.9803264	7.260549	-0.2551503	1.7553859
not_recognize	8.883256	8.784243	-1.6992489	0.532949
not_uncommon	6.2238097	6.2876673	-0.4135366	0.090516046
not_want	4.801864	6.689324	1.5943573	0.5418099
nothing_come_out	4.682489	6.523176	1.809878	1.9140162
nothing_come_up	4.6827908	6.626334	1.6864536	1.7822489
nothing_crazy	5.137177	8.642711	0.3089709	2.5092366
nothing_major	4.9801593	8.548161	0.19984354	2.5416803
nothing_wrong	8.972376	8.237624	-1.8392037	0.12608442
novelty	5.9644275	9.186561	0.5105227	2.177878
november_2021	6.4410563	7.957328	-0.80840445	0.9548688
now_as_a_adult	5.1062603	7.0087233	0.7163671	0.69596726
nowhere_to_go	5.239601	5.090439	0.018280746	2.4918075
np	8.222376	8.488229	-1.579483	0.4493774
nsaid	3.43401	6.301374	-2.031124	3.26122
nsfw	7.245432	8.332545	-0.4513865	0.15945123
nu	6.169353	7.3394976	-2.8500412	2.4166489
numb	6.6708694	7.1504354	-1.2831494	3.7143583
numb_agent	6.3418155	7.0841017	-1.1426607	3.3468926
numb_injection	7.5211973	8.857765	-1.3849205	2.76251
numb_spray	6.6571894	7.160368	-1.2863815	3.6805649
numb_spray_up	6.6598296	7.1350923	-1.2854232	3.6855068
numb_stuff	6.5639067	7.1906075	-1.2388694	3.5543172
number_2	5.8742576	8.733358	0.07319827	1.8750297
number_of_people	7.721767	8.134401	-1.13467	0.87240136
number_of_unit	7.2979074	9.276427	-0.7848321	1.9647284
numbness	5.6439342	6.840891	-0.7751385	3.1192822
numerous_time	6.9340897	7.386321	-0.941614	0.23941222
nurse_come	6.394039	7.629216	-1.5929779	3.2368839
nurse_office	4.321346	7.3970222	-0.29304877	1.6033492
nurse_say	6.1180453	7.236168	-1.1029329	1.8484161
nutrient_deficiency	6.654609	5.964343	-1.1573706	0.7291345
nux_vomica	7.2099514	7.897055	-1.216056	0.8998902
nyc_area	7.538182	8.7691	-1.2250639	1.04109
nye	4.519054	7.486259	-0.4656425	1.6592206
oat	2.6437964	6.8827786	-1.08919	2.7549741
oat_milk	2.7475312	6.794749	-1.3177749	2.2506704
oatmeal	2.3448408	6.8326826	-0.9143316	3.0302927
obese	5.7065763	6.9975967	-0.3642256	0.41879344
object	5.6649776	5.8816175	0.43897316	3.791461
obnoxious	4.970419	7.449514	1.5339409	1.7047508
obnoxious_loud	5.6578517	7.487732	0.30754882	0.6156717
obscene	5.005501	6.9068446	-0.006074304	1.899062
observant	6.1338043	7.14153	-0.5521781	0.64600897
obstruct	6.6100726	5.8871307	-0.78795874	1.0880226
obstruction	6.5970254	5.6622148	-1.0553768	1.0629444
occasional	4.2876244	6.215186	0.79005295	1.1523603
occasional_heartburn	4.838808	6.220758	-0.1993071	0.98776394
occasional_regurgitation	5.026456	7.8259726	0.13868625	1.9620699
occasionally	4.138305	6.7357335	1.0363617	1.5612868
occasionally_ill	4.9533505	7.559663	0.89777845	1.95349
occupational_therapist	7.0316854	8.035797	-1.1686932	0.9277752
occur	4.382728	6.160925	0.7637694	1.101088
occurrence	5.270985	7.0832715	0.27556023	1.0049444
ocd	6.04396	6.0299516	-0.23857905	0.021977512
och	6.173258	7.3381	-2.9001896	2.4346106
october_8th	7.257607	9.811575	-0.855578	1.5922205
october_super_nervous	6.6840477	8.678067	-0.84472495	1.5429189
odd	5.03863	7.771899	1.4337593	2.0061228
odd_noise	5.407031	6.9897404	-0.24999245	1.4161303
odd_occasion	5.223043	7.1694665	0.5433657	1.0187421
oesophagoscopy	6.315425	7.415647	-1.360631	1.8378066
off_limit	2.964763	6.584411	-1.5343667	2.167676
offender	3.1745021	6.7997627	-1.3672571	2.225449
offer_in_office	7.275395	8.657348	-1.1766558	1.1601249
office	8.188978	9.845945	-1.6082975	2.4280443
office_awake	7.8611236	9.400285	-1.4487523	2.243417
office_injection	8.09857	9.897992	-1.2733692	2.0800269
office_instead	8.147363	9.703879	-1.6510298	2.4580576
office_procedure	8.198826	9.884245	-1.5703592	2.3715043
office_through	7.9906993	9.453071	-1.4930353	2.6154175
office_treatment	8.162475	9.826828	-1.3069832	1.8224893
office_version	7.6449747	9.206622	-1.1802149	1.8200018
office_versus	8.115961	9.502648	-1.7027287	2.2244318
office_visit	8.449088	9.783079	-2.0257301	1.9222575
office_while_awake	7.978696	9.448608	-1.5338868	2.2217696
official_diagnose	7.4759784	7.5151334	-0.8184294	-0.0015493646
official_name	7.6238966	7.4107046	-0.85677856	0.021347385
often_find_myself	4.1844625	6.998802	-0.43448478	1.9684842
often_lead	4.948195	6.8033905	0.012330099	1.2792113
often_than_average	4.935209	5.885872	-0.07797073	0.7785605
og	6.183951	7.3465233	-2.9089005	2.436789
oh_awesome	6.3505054	8.457652	-0.012898032	1.043984
oh_boy	5.7610326	8.0383215	0.57368666	0.5697234
oh_god	5.5263133	7.91143	0.36248112	0.9825392
oh_man	6.1060333	8.503238	0.6486916	0.59541935
oh_my_god	5.416562	7.924664	1.4275687	0.9131261
oh_my_gosh	6.161487	8.455478	0.43800634	0.5399903
oh_no	6.424321	8.928049	0.6446248	0.61763966
oh_ok	6.2580056	8.607897	0.37970072	0.8730472
oh_okay	6.3813033	8.703502	0.30526957	0.80780375
oh_shit	5.607839	7.7319727	-0.04584485	1.2204068
ohio	8.552836	9.124793	-1.6552596	0.637854
ohip	8.809243	9.490812	-2.1002727	1.579877
oily	2.6001468	6.659465	-1.362204	2.3854444
ok_thank	6.623466	9.002413	0.35574874	0.69641966
ok_thanks	6.8723226	8.931951	0.14125976	0.63544405
old_age	6.581742	7.64383	-0.6351526	0.89187217
old_boy	5.7829733	7.603184	-0.12700748	0.18264803
old_girl	5.5744553	7.5070953	-0.07425796	0.21345815
old_male	5.708851	7.5051527	0.19611229	-0.3417751
old_man	6.3423142	8.196356	0.14890115	0.07543345
old_patient	7.685142	9.289854	-1.0292289	2.194172
old_person	7.29081	8.639092	-1.2112014	1.1563684
old_son	5.712655	7.418208	0.2168089	-0.2688817
olive	3.54616	6.946782	-1.2744789	2.3711522
olive_garden	3.4993653	7.0779066	-1.069954	2.3375864
olive_oil	2.9076636	6.8949313	-1.224133	2.5410888
olly	6.830231	7.13697	-1.2613553	0.9929875
om	6.175343	7.3399262	-2.886775	2.4289727
omaha	7.7292194	8.982584	-1.3300844	0.83260727
omar_mulla	7.8474135	8.673236	-1.4176452	0.69847274
omeprazol	3.3429053	6.3998356	-1.8627561	2.7503645
omeprazole	3.2799792	5.9952826	-2.4011621	3.137326
omg	5.611801	8.121401	1.373105	0.76816106
omg_same	5.5835996	7.5879216	-0.30172932	1.429151
omg_yes	5.3563356	7.7658334	0.24692862	1.0690528
once_every	4.6175375	7.5785837	1.3061997	0.9652404
once_in_my_life	5.3092113	7.203262	0.8446798	0.07144168
once_or_twice	4.5810485	7.560532	1.3430066	1.0775497
ondansetron	3.4310143	6.271943	-2.1060362	3.0989423
one_dose	7.5803185	9.61389	-0.8360914	2.2742076
one_injection	7.627328	9.689929	-0.8552286	2.279513
one_of_us	6.5239873	8.357138	0.1873241	0.06899002
one_point	4.1940928	6.3801517	0.36347312	1.7452202
one_spot	6.1137867	6.567477	-0.7113183	2.6354582
one_stone	7.0954905	8.552594	-1.240413	1.1010271
one_thing	5.628109	6.359832	1.3163631	3.063014
one_to_develop_r	7.62082	7.678982	-1.1113973	0.3836612
one_who	8.853544	8.539157	-1.5763918	0.10383795
onion	2.2916365	6.573607	-1.2688793	2.3982873
onion_and_garlic	2.9624746	6.6147842	-1.4348278	2.2039099
onion_garlic	2.6795092	6.5330987	-1.5244	2.2706513
online	8.506798	8.565522	-1.0967071	-0.12772033
online_about	6.5636153	7.45758	-0.2874312	0.29841152
only_50_unit	7.33242	9.734824	-0.75085926	2.0147154
only_be_able	4.692328	7.5242434	1.1610773	1.7573627
only_dry_heave	5.0605435	6.998501	0.8722539	0.86839616
only_eat_soft	3.0543964	6.990009	-0.9035271	2.8001146
only_ever	4.750256	7.3012695	1.3307594	1.0144017
only_happen	4.848596	7.3834167	1.6892298	2.401731
only_last	5.1823487	8.963509	0.36294118	2.604402
only_one	6.798501	8.436423	0.41174033	-0.18988687
only_one_in_my_family	5.9981794	7.1504917	0.1687702	0.06566198
only_person	6.7897453	8.35129	0.35614887	-0.1652425
only_recent	5.714222	7.0188704	0.23573881	-0.45272672
only_solution	6.13629	7.520194	0.5755437	1.3431267
only_way_to_get_rid	4.833728	6.5908237	-0.083885856	1.9992207
onset	5.3575754	6.3837185	-0.23496428	-0.009001749
ontario	8.794827	9.227537	-1.7639668	0.70213294
oomph	4.8469863	6.9234624	-0.09906111	2.3673394
ooo	6.4357414	8.612971	0.13487525	0.8846015
oooh	6.3105497	8.581432	0.11855327	1.0200572
open_and_close	6.285441	5.1215787	-0.020788932	2.7922683
open_mouth	5.5545673	6.2189755	0.82958275	3.69711
open_my_mouth	5.33083	6.052869	1.1681956	3.6793907
open_my_throat	5.504137	5.9457717	1.1211554	3.728394
open_proper	6.2698774	5.1091404	0.12047125	2.8845623
open_slightly	5.4738555	5.9429493	0.51328015	3.407408
open_up	6.075117	5.229104	0.6831136	3.3141506
open_your_mouth	5.5569057	5.851343	0.7525	3.918643
open_your_throat	5.67111	5.9576635	0.8575786	3.7221012
opera	5.738254	7.2806253	-0.21731852	1.97467
operate_room	8.210757	9.737633	-1.9191414	2.0606735
operate_room_procedure	7.960548	9.355401	-1.5150287	2.5799193
operate_table	6.378809	7.4508824	-1.4216832	3.356976
operation	8.266961	10.024043	-1.5644001	1.489149
opinion_about	6.9729443	7.6762357	-0.5602874	0.58281094
opioid	3.52177	6.46577	-1.8915548	3.2361953
opt	8.557981	9.720006	-1.9589334	2.187011
optimistic	6.750576	9.323809	0.5440445	0.7418184
orange_juice	2.384535	6.903423	-1.1265812	2.3354151
organ	5.6420684	5.070373	-0.29805914	2.191063
organ_distortion	5.67131	5.5048847	-0.43738714	2.1623476
organization	7.447732	7.923215	-1.029837	0.59828275
orient	6.1471376	6.5345545	-0.37406537	1.717131
origin	6.7935486	6.4658628	-0.57497305	0.043545973
original	7.0349007	8.005734	-0.97774976	0.71467745
original_paper	7.436069	8.322106	-0.624877	0.21611081
original_post	7.4430127	8.7634735	-0.34940302	0.11728156
originate_schedule	7.4020658	9.594876	-1.1258383	1.623869
orlando	7.5284157	9.17057	-1.2682087	1.1143259
orourke	7.603365	9.091226	-1.215298	0.8852563
os	6.106868	7.308162	-1.9693029	2.1320782
osmotic_laxative	3.6208034	6.4053717	-1.8605939	3.4559782
osteoporosis	6.516448	6.161313	-0.9259006	0.78573686
osu	8.011488	8.64063	-1.4875832	0.5960687
otc	3.2335072	6.103084	-2.2457113	3.0623543
other_area	6.2360597	6.181384	-0.63999796	2.1140845
other_complication	6.422705	5.924977	-0.7851842	0.39377388
other_condition	6.84426	5.6453886	-0.8074843	0.07791385
other_country	8.093539	8.437923	-1.3651805	0.53608346
other_digestive	6.1220546	6.115248	-0.7754436	0.286823
other_disorder	7.013882	6.477197	-1.1044949	0.7508345
other_doctor	8.9454565	8.816703	-1.6889404	0.3284279
other_end	5.0236435	5.3919225	0.62473804	2.885393
other_explanation	6.858492	7.5542665	-0.85715926	0.8234238
other_factor	6.6701527	6.085746	-0.762751	0.55436563
other_gi	6.182772	6.205913	-0.6980934	0.33496374
other_girl	5.025218	7.4348273	0.22769746	1.3933234
other_health	6.208954	5.9485097	-0.7859026	0.27091426
other_illness	6.487615	6.6153464	-0.8656112	0.4862709
other_issue	6.655425	5.504169	-0.885253	-0.053384043
other_kid	5.4497604	7.292749	0.572024	0.205461
other_medication	3.4618235	6.361679	-1.9361203	2.7716877
other_member	6.807616	8.495714	-0.8100977	1.0457948
other_method	6.665331	6.8554034	0.6849276	3.2003052
other_muscle	6.4051723	5.1293344	-0.12714504	2.4977815
other_option	8.953204	9.403845	-2.0453694	1.2544918
other_organ	5.6940236	5.2130184	-0.36316285	2.201644
other_post	7.667224	8.704034	-0.10672918	-0.46074837
other_problem	6.608678	5.597588	-0.84708524	0.24982287
other_side_effect	5.2638	8.58154	0.029516283	2.2263138
other_specialist	8.154973	8.506807	-1.3458405	0.40560523
other_symptom	5.8832064	5.542799	-0.48419547	-0.19525945
other_test	8.714551	7.683473	-2.0107753	0.5127769
other_thing	6.7022166	5.5495973	-0.7879209	0.00086550345
other_type	6.60064	7.6153364	-1.0583739	1.4708072
other_underlying	6.1678724	6.0962796	-0.8561547	0.78734505
otherwise_fine	4.702232	7.5807943	-0.058043655	2.8753784
oto_open	6.7396765	7.585906	-1.0225644	0.8353584
otolaryngologist	8.332671	8.442219	-1.3937137	0.2147587
otolaryngology	8.286622	8.522448	-1.5365739	0.47532448
otolaryngology_department	7.692523	8.89676	-1.5026582	1.044766
ou_en_anesthesia_general	6.1496515	7.422193	-1.1061655	1.7613746
our_body	6.145869	5.070021	0.4653343	2.9249218
our_entire_live	6.601831	6.9075866	-0.42303532	0.3970145
our_esophagus	6.161455	4.971437	0.046133097	2.7287269
our_issue	7.911853	7.7182994	-1.0878057	0.16060163
our_medical_system	8.752191	9.2560005	-1.9611833	1.2192632
our_mind	6.946054	6.848678	-0.5196957	0.6597198
our_muscle	6.3622527	5.708792	-0.056160834	2.5775566
our_parent	6.187623	7.3567643	0.12928031	0.06170116
our_problem	7.8066907	7.3739023	-1.0302168	0.13037565
our_society	5.246731	7.607565	0.9652768	1.0464652
our_stomach	5.245935	5.0142956	0.090967774	2.505144
our_struggle	6.5960693	8.600241	0.18987976	0.40562117
our_symptom	6.446853	6.359559	-0.68186903	0.12342155
our_throat	6.1804113	4.9713464	0.29470873	2.935454
our_ues	6.341356	5.027226	0.14833373	2.782006
our_whole	5.8615046	7.94024	-0.17021677	0.6520901
our_whole_live	6.2227473	7.3465586	-0.16024895	0.16889304
out_in_public	4.4879775	7.0504074	0.24538204	2.025694
out_my_mouth	5.0261517	6.014283	0.58697784	2.7961783
out_of_breath	4.018117	6.5274243	0.6278573	1.7372495
out_of_country	7.613839	8.803693	-1.3350095	1.2169453
out_of_my_mouth	4.903488	6.3108826	0.6039961	2.559952
out_of_network	8.970877	9.496528	-2.0658367	1.3446821
out_of_pocket	8.808448	9.797323	-2.214997	1.8784945
out_of_shape	5.77407	6.2710185	-0.7859411	1.5050552
out_of_state	8.912864	9.627014	-1.9769576	1.2352855
out_with_friend	3.7133672	7.2219877	-0.10723879	1.7120357
outdoor	5.4711266	6.9495244	-0.87099975	2.507873
outing	3.809644	7.30169	-0.32222566	1.6602724
outline	7.932636	8.501264	-0.88880485	0.085665025
outpatient	8.1974945	9.628187	-1.8396173	1.9810019
outpatient_procedure	8.189271	9.569852	-1.887451	2.013452
outpatient_surgery	8.704521	9.799622	-2.1986692	1.9759668
outward	5.7079854	6.179165	0.53362614	3.4240332
outwards	5.4824185	5.658083	0.63117194	3.3984478
outweigh_any	4.936635	6.3728995	-0.022072382	0.8627127
ovarian_cyst	6.0757666	6.810924	-0.9471114	1.3837805
ovary	5.5264034	6.847123	-0.6317014	1.6731708
over_18	7.4358306	7.729495	-1.0544657	0.58878666
over_again	6.541557	9.637264	0.079767615	1.4346185
over_the_counter	3.2164357	6.0947223	-2.2449195	3.020582
over_the_toilet	4.7319894	6.548616	1.773869	1.9601852
overall	4.908657	8.524296	0.2474867	2.4317443
overeat	3.4631476	6.5808067	0.08858428	1.7604864
overeating	2.5231485	6.556985	-1.1398746	2.256402
overgrowth	6.280235	5.6424727	-0.9851947	1.2281673
overjoy	6.253578	8.27432	0.23853345	0.14350313
overlap	6.5981016	6.342115	-0.7895577	0.25348654
overload	5.646438	6.474272	-0.6830773	2.1423097
overlook	6.671956	6.5298615	-0.4836749	0.16527998
overly	3.784319	6.4816303	-0.026854657	1.8391434
overly_concern	6.5002227	7.8854218	-0.018453486	0.41039285
overly_tight	6.4670467	5.0850945	-0.12099961	2.551624
overpriced	6.0657096	7.4322405	-0.74120027	1.5623271
overreact	6.3148956	7.936909	0.036179665	0.7981302
overshadow	6.229474	8.430968	0.36113882	0.6714292
oversized	4.638222	6.682994	-0.27281618	1.8322351
overstate	6.42053	7.825935	-0.20057392	0.9360117
overthink_it	6.677194	9.0576	0.06376933	1.1915382
overweight	5.3361983	7.006105	-0.0077639627	-0.025146216
overwhelm	6.55465	8.79041	0.52297854	0.3284645
p_0	6.152382	7.736057	-1.5225909	1.842969
page	8.369961	8.541294	-0.9510005	-0.17636421
pain	4.2724996	5.629263	0.42245764	1.0613168
pain_and_discomfort	5.3013144	6.359448	-0.004589169	0.04519831
pain_bloat	4.3424683	5.648836	0.3480828	0.86493975
pain_cramp	4.490921	6.19423	-0.18639384	1.39412
pain_discomfort	4.8921857	5.829604	-0.11021882	1.426845
pain_episode	4.8349614	6.051047	-0.14677723	1.875715
pain_hiccup	4.301821	5.799489	0.61850643	0.9991479
pain_in_my_chest	4.443319	5.7408066	0.35479015	1.6253682
pain_killer	3.2858899	6.590835	-1.7450387	3.3805883
pain_level	5.3133655	8.364856	-0.32020223	2.2355762
pain_medication	3.2999027	6.5881667	-1.7617573	3.357872
pain_subside	5.158603	7.2732124	-0.8340869	2.3556488
painkiller	3.3001854	6.613525	-1.7280822	3.3422034
painless	7.918326	9.5952015	-1.6952841	2.2853222
palate	5.7187486	5.9461884	0.28754735	3.6622899
pallet	5.8649025	6.0908027	0.13370647	3.515935
palp	5.9155226	6.4690022	-0.43863	0.944384
palpitation	4.5390034	5.5526695	0.2641765	0.8740221
pam	7.074845	7.682336	-1.2121818	1.0189589
pancake	2.5872884	6.872717	-0.9495041	2.9145195
pancreas	5.945035	6.169696	-0.85473305	1.6089983
panda	5.464031	6.8798223	-0.3040652	0.6904966
panera	3.558095	7.5123286	-0.6485366	2.5980606
panic	4.570161	6.5703135	1.6293329	1.2324805
panic_attack	4.65154	6.170357	0.70514566	0.5746168
panic_because	5.027476	7.0297933	0.60893786	0.8744874
panic_disorder	5.5340624	6.3178535	-0.08474174	0.15801002
panic_induce	5.1870947	7.4034147	-0.3090265	1.628127
panicky	4.0978227	6.709486	0.7392998	1.4342518
panini	3.2095313	7.1063957	-0.9314949	2.3625941
pantoprazole	3.3163235	6.029781	-2.3951302	3.1602986
pantoprazole_40mg	5.52152	8.097451	-0.57102346	1.7359389
paper	8.523018	8.351376	-1.1306492	-0.15261784
paperwork	8.582423	9.673922	-1.8869386	1.2709713
paracetamol	3.24444	6.642923	-1.65239	3.3422987
paradox	6.3617516	5.53231	-0.3755831	2.016477
paralyze	6.314813	4.9344244	0.30794114	2.9862142
paralyze_muscle	5.870282	5.4273696	-0.070958786	2.9404671
paranoid	5.841096	8.432567	0.40956074	1.2021484
parasite	6.7627344	6.0757318	-1.3331562	0.87746906
parenting	6.3211684	7.7224097	-0.6144954	0.97875345
parking	7.7647543	9.2855625	-1.8149971	1.8115532
parkinson	6.578409	6.7209425	-0.75627816	0.76734906
parkside	8.419522	9.754705	-1.6860152	1.1716592
parkside_hospital	8.133383	9.686219	-1.6527357	1.3676426
part	6.4223266	5.39545	-0.20983422	1.97871
part_of_my_life	6.2241616	7.367832	-0.1438629	0.24666266
partake	3.908094	7.201924	-0.49203292	1.5393679
particle	5.536682	5.8863177	-0.57293594	2.1403317
particular_loud	4.8784146	7.3791647	1.0685887	1.6081325
partly	6.411659	5.415706	-0.32430747	1.6839296
partly_because	5.9918036	7.283016	-0.33452693	0.82355154
partner	6.3292155	8.23969	0.12648943	0.096079014
partway	5.4032984	6.661235	-0.26668075	2.7364502
party	3.0598748	7.1609635	-0.17313798	1.7750045
party_trick	5.312596	7.3486614	1.4839126	2.445065
pass_away	6.460021	8.454036	-0.74136007	1.1454949
pass_down	5.1670647	5.190377	-0.17585726	2.4005845
pass_gas	4.7329574	5.278637	0.33737352	2.1910346
pass_into	5.238467	5.1834235	-0.005497847	2.6372342
pass_out	4.50601	6.5051265	1.4860992	1.8894126
pass_through	5.1884604	5.136211	0.26579025	2.6754344
passage	5.832846	5.092782	0.033629484	2.7638795
passenger	4.6845784	7.0147176	-0.14287128	2.54291
passer	6.148741	7.3080773	-1.8598398	2.0372326
pasta	2.2117445	6.7434955	-1.0098076	2.9367695
pastry	3.1001453	6.962923	-1.0700346	2.6948426
patch	3.7370963	6.5803976	-2.0001242	3.202308
patchy	6.073104	7.2919197	-1.3513799	1.9118333
pathetic	5.11697	7.347132	0.98226935	1.7807183
pathologist	7.7528286	7.9509377	-1.2596909	0.52750075
pathology	6.967064	5.8433595	-1.0416698	0.86309314
pathophysiology	6.741205	6.2914405	-0.7846214	1.1362847
pathway	6.454419	5.5075493	-0.064930886	2.6715057
patient_for_whom	6.2906113	8.348531	-0.91674805	1.6942103
patient_who	7.7755795	9.692803	-0.9628319	2.2347772
patient_with_yourself	6.0597596	7.5176625	1.0321716	2.8312252
patronize	7.9802628	8.35281	-1.1250284	0.16401073
pay_3k	8.293256	9.5182085	-1.9302611	1.9105603
pay_600	8.342855	9.526914	-1.8792722	2.0348704
pay_700	8.072401	9.502035	-1.7375727	2.0906405
pay_850	7.9837203	9.53606	-1.7106589	1.8567622
pay_close_attention	5.642697	6.4428167	0.5216304	3.3678527
pay_out_of_pocket	8.927008	9.674956	-2.1318622	1.5632547
pay_the_remainder	8.209318	9.53498	-1.8653569	1.9904615
payment	8.822618	9.712273	-2.1742651	1.7103668
pca_muscle	6.3684154	6.8552155	-0.91840065	3.3952184
pcp	8.7671585	8.445311	-1.7006623	0.20714106
pd	6.409746	7.270551	-1.3434167	1.7075369
pdf	7.450983	8.20228	-1.0144358	0.61308867
pea	3.312193	6.8380337	-1.3790134	2.488218
peaceful	6.219522	7.55008	-0.2972665	0.7596784
peach	2.78738	6.911753	-1.2076257	2.395416
peak	5.6111917	9.234536	0.64301634	2.5465047
peak_at_1_2_week	5.7814484	9.146094	0.4245056	2.345179
peak_effect	5.722119	9.04306	0.35883987	2.2677405
peak_ent	7.5403185	8.996417	-1.2627712	1.0073818
peanut_butter	2.27842	6.718738	-1.1043367	2.7330613
pectus_excavatum	6.1427836	6.746296	-0.7833666	0.90189266
peculiar	6.5461087	7.5925484	-0.30300787	0.4957606
pediatric	8.247943	8.337836	-1.5409182	0.41394204
pediatrician	8.637037	8.2055435	-1.7556509	0.25656995
pee	4.467033	6.554601	0.3289977	2.028925
peer_review	7.7194047	7.755853	-1.0243857	0.31092542
pelvic_floor_dysfunction	6.7083583	5.8652997	-0.97300786	0.37316647
pelvic_floor_issue	6.194173	5.7862625	-0.74913603	0.40910882
pelvic_floor_muscle	6.1572466	5.344278	-0.31250685	2.2756898
pelvic_tilt	6.342561	5.9231577	0.076029606	3.0354009
pelvis	5.714782	5.5901294	-0.12643103	2.9592738
pendant	6.15353	7.3049936	-2.346467	2.2696805
penetration	6.0698895	6.4451895	-0.93021846	1.6342602
pennsylvania	8.116474	8.838593	-1.5060313	0.6495881
people_around	5.100415	7.5959992	1.5456285	1.2326468
people_describe	6.170716	7.2437735	-0.07137506	0.8892095
people_in_this_group	6.994553	7.9196105	-0.43194675	0.26284707
people_report	6.121963	7.4706135	-0.42613623	0.8676798
people_with_r_cpd	6.714182	5.8264747	-0.59260046	-0.063665204
people_with_rip_d	7.1017466	7.091305	-0.94979995	0.7812692
pepcid	3.2355354	6.0254364	-2.3510036	3.09762
pepcid_ac	3.482185	6.3433175	-2.0076337	3.2811027
pepper	2.5830595	6.644021	-1.3897909	2.4523115
peppermint	3.0162678	6.2263794	-1.8709723	2.7603893
peppermint_oil	3.349234	6.467979	-1.5537136	2.8590899
peppermint_oil_capsule	3.4690683	6.3182206	-2.0245981	3.0673032
peppermint_tea	3.002554	6.4416523	-1.5877806	2.6414335
pepto	3.2997122	6.304829	-1.8980103	2.9763157
perceive	6.3786516	6.8790946	-0.28440508	0.53544074
percentage	7.7107916	9.343702	-0.97709686	2.1540403
percentage_of_people	6.546279	7.252334	-0.697473	0.5268784
perfect_position	5.630788	6.34777	0.83480936	3.785705
perfect_storm	3.5229294	6.779014	-1.1670837	2.012538
perform	8.52234	8.216272	-1.5198389	0.4084337
peristalsis	5.878507	5.151405	-0.2943089	2.4060533
peristaltic_motion	5.3435116	5.1636815	-0.24048653	2.4415414
permanent	7.122776	9.4262495	-0.4184484	2.453536
permanent_cure	7.537531	9.676193	-0.7637733	2.3094845
permanent_effect	7.3755693	9.400128	-0.73788095	2.1602247
permanent_fix	7.313034	9.39971	-0.68262196	2.2147381
permanent_open	6.1880774	5.1892743	0.01657916	2.8595443
permanent_result	7.392745	9.4651375	-0.7506758	2.179298
permanent_success	7.4687934	9.469665	-0.7776855	2.1606567
perpendicular	5.404932	6.2450514	-0.08569999	3.5751033
perpetuate	6.189273	7.0512466	-0.30764845	0.4771412
perrier	2.1299336	7.230979	-0.8355556	2.059748
persistent_cough	5.1498613	8.62031	0.08717361	2.3190641
personality	6.656779	6.9417973	-0.3089957	0.3887653
perspective	7.84145	8.457833	-0.50454354	0.032208476
pertain	6.5603347	7.900389	0.03457042	0.4422255
peso	6.169629	7.3714547	-1.3267934	1.7724152
pester	6.0337415	8.218391	-0.05596068	1.2642602
pet	6.371901	6.678	-0.75082946	0.95355755
petit	6.0955873	7.212052	-1.5997322	1.9751644
pfd	6.2515683	6.350354	-0.72524804	0.5226185
ph_monitor	8.375233	7.6490526	-2.0126588	0.7704874
ph_test	8.668536	7.5005317	-2.1636808	0.74657404
pharyngeal	6.2510796	5.7025723	-0.4904701	2.596861
pharynx	6.4925413	5.7080636	-0.8995734	1.8215963
phase	5.448573	8.833158	0.9083839	2.6512415
phase_where	5.9258585	8.70435	0.34786	1.3806851
phenergan	5.335781	7.622138	-0.7250012	1.7376245
phenomenon	6.9078517	6.7633185	-0.5677339	0.13083364
phew	6.411245	8.764944	0.32917187	0.7730883
phlegm	4.2320647	6.3884993	0.5482226	2.6754916
phlegm_stuck	4.5344605	7.750305	0.08288391	3.0306334
phobia	4.988163	6.62437	1.3927023	0.3306467
phobia_of_throw_up	5.50187	7.085085	0.44784355	0.16277973
phobia_of_vomit	5.204232	6.825137	0.87995505	0.2075266
phone_appointment	8.130453	9.626337	-1.5279101	1.051656
phone_call	8.418132	9.812788	-1.6137395	0.9909622
phoniatrics	8.177922	8.513408	-1.4449272	0.42708972
phoniatrie	8.117366	9.443291	-1.6184646	1.1051613
photophobia	5.638942	6.7769785	0.45273468	0.40980294
phrase	7.792076	8.444283	-0.6700106	-0.044280328
physical_and_mental_health	5.9072175	7.152909	-0.5426767	0.36345425
physical_cannot	5.465732	7.281911	0.7809966	1.2684219
physical_condition	6.2957573	7.0200295	-0.38569996	0.53425837
physical_discomfort	5.738261	6.524816	-0.18385889	0.56046355
physical_health	6.468264	7.149776	-0.7021972	0.87417954
physical_manipulate	5.919951	5.9587564	0.2293977	3.4965847
physical_symptom	5.8254256	5.942444	-0.33805454	0.19449298
physical_thing	6.4389844	6.479944	-0.28740996	1.0360084
physician	8.766499	8.481516	-1.4011099	-0.0013047177
physio	6.512699	6.5124416	0.57696587	3.4915154
physiological	6.6239767	5.605629	-0.3826925	0.77620643
physiotherapist	6.662631	6.709463	0.5627344	3.291283
physiotherapy	6.697321	6.8055034	0.58641344	3.1598628
picture	8.205712	8.323048	-1.0494572	0.075561166
pie	3.1880674	6.9130745	-1.1669961	2.4883845
piece_of_food	4.0046763	6.810794	-0.05483816	2.90997
piece_together	6.191482	7.885821	-0.14614871	0.5646929
pierce	6.339794	7.3546724	-1.5420259	2.970136
pilaris	5.710724	7.413292	-0.43804824	1.6114349
pill	2.8146517	6.5967894	-1.2974533	3.1532075
pill_stuck	4.5574355	7.6441183	0.0865982	2.9992585
pillow	4.081599	6.1150007	-0.14980197	3.997672
pillow_of_air	4.3049955	7.332254	-0.16808116	2.8085945
pillow_under	5.1771007	6.1621804	0.06835659	3.8364198
pin_post	8.078702	8.542047	-0.9620644	0.052835893
pinch	5.4292183	5.48433	0.2821378	3.4019613
pineapple	3.3146632	6.9567037	-1.2102	2.33508
pinpoint	5.850313	7.3175416	0.5806663	0.83447963
pioneer	8.226655	8.306391	-1.3997025	0.4711702
pitch	5.038935	7.4107537	0.15469417	2.5696323
pitman_in_nyc	7.8787465	9.653086	-1.3689494	1.150198
pittman	8.132649	9.6004095	-1.5854175	1.1487836
placebo	7.365202	7.5590634	-1.1111412	0.70140344
placement	7.930245	9.337765	-1.4602109	2.6934686
plague	5.827576	6.960561	-0.14338383	-0.01924845
plague_by	5.643334	7.469708	-0.015458831	0.10676901
plank	5.892888	6.257137	0.36202052	3.9922938
plant_base	2.7412448	6.487209	-1.5687301	2.1897078
plastic	6.2141175	7.1806407	-1.2299904	3.3219962
plateau	5.801423	8.985887	0.6692926	2.2692525
plausible	6.719994	6.0267076	-0.51642674	0.5457634
play_a_role	6.46142	5.7220154	-0.4893044	0.22294272
play_into	6.361881	6.218602	-0.42601267	0.2576581
play_sport	4.169638	7.301011	-0.29589957	1.6341432
player	5.8295307	7.3178678	-0.85893166	1.6737792
please_keep	7.0698233	9.436395	0.42586657	0.40929782
please_keep_us_post	6.958754	9.203075	0.15302485	0.58765453
please_keep_us_update	6.956802	9.27468	0.29489666	0.51455164
pleasure	6.432613	8.528898	0.10790328	0.7494443
plenty_of_microburp	5.450859	8.952802	0.648471	2.4422054
plight	7.006311	7.8215632	-0.7682922	0.84082425
plug	5.15909	5.91186	0.24649638	3.3149629
plus_side	5.5650487	8.506369	0.5549447	2.124278
pneumonia	6.415272	5.7376156	-0.82064396	0.5882738
pocket_of_air	5.095011	5.5371356	0.6606375	3.0701945
podcast_about	7.5941043	8.398796	-0.80354935	0.009280849
point_of_view	7.4909577	8.064859	-0.5817173	0.25928012
point_towards	6.440278	6.3136454	-0.7703173	0.61291164
poison	6.5424533	6.3550224	-0.38514644	0.85219204
police	6.122362	7.7293186	-0.74404114	1.5089161
policy	8.948829	9.513381	-2.1384337	1.4243922
politics	6.8694296	7.794513	-0.5214445	0.8842551
ponder	6.433986	8.37495	0.03952615	0.5344756
poo	5.1074314	6.653944	-0.43767667	2.072524
pooch	6.099611	7.202231	-1.5956441	1.9569263
pool	4.6143355	6.038825	0.47377464	3.460211
poop	4.82776	5.171344	0.20358603	2.2505639
poor	6.3140883	5.9731855	-0.4617284	0.1088291
poor_baby	6.2736197	8.545221	0.42598632	0.66436505
poor_diet	6.0708084	6.9894285	-0.38826808	0.9383789
poor_digestion	5.866121	5.724035	-0.72451174	1.410661
poor_posture	6.378212	5.7815614	-0.5019587	1.8291844
poor_thing	6.0611625	8.433294	0.564593	0.65548545
poor_tongue_posture	6.443591	5.726535	-0.4834745	1.9763043
poor_understand	6.6490016	6.277992	-0.45658126	0.111187875
pop	5.040163	5.8524227	0.9700325	3.235481
pop_blood_vessel	5.162322	6.0921354	0.27253336	2.9098167
pop_in_my_throat	4.972793	7.339412	1.1661224	2.443513
pop_out	5.102961	6.938794	1.3076315	2.9143772
popsicle	2.4465046	6.8956175	-0.88930887	3.0032516
pork	2.9964283	6.917401	-1.2065622	2.5689611
porridge	2.332891	6.8583155	-0.9371522	3.00199
portable	3.393945	6.81182	-1.3126131	2.5444815
portal	8.350101	8.932462	-1.5916852	0.7042091
portion_size	2.8390372	6.6534915	-1.4691116	2.2484822
portland	8.601752	9.262595	-1.7005719	0.72283465
portland_oregon	6.8317046	8.912803	0.10250832	0.52201134
portrait	6.136318	7.3138885	-2.0490744	2.164326
pose_in_yoga	5.5980954	6.3039823	-0.06263216	3.556479
posit	6.303206	6.539226	-0.6147016	1.7888432
position	5.702353	5.9671497	1.0624588	3.979274
position_myself	5.668566	6.211596	0.82418096	3.898145
position_yourself	6.0142894	6.996145	0.94153714	3.090944
positive	7.0263615	9.2683735	0.47911027	0.24485813
positive_experience	7.007862	9.19529	0.22235866	0.45808572
positive_impact	5.904809	7.042239	-0.44993684	0.81562257
positive_or_negative	6.6902823	8.076797	-0.575812	0.8959049
positive_outcome	6.936525	8.923769	-0.6675988	1.4845909
positive_result	7.030804	8.509055	-0.5288094	0.74253094
positivity	6.624124	8.695684	0.22313988	0.6327385
possess	5.141416	7.3582945	1.2552881	1.8101296
possibility	7.120547	6.519282	-0.88223726	0.49817905
possible_lead	7.2410016	7.550534	-0.96398574	0.67242867
possible_side_effect	7.1778803	9.098345	-0.8671575	1.888121
possible_solution	6.809145	8.06086	-0.08670943	0.48988912
post_above	7.075473	8.921351	-0.10037421	0.39625365
post_and_comment	7.4911485	8.377321	-0.44992355	0.10828864
post_botox	5.2947154	9.1052065	0.60334337	2.6231487
post_botox_diary	7.3060584	8.56321	-0.30651227	0.25806877
post_botox_journey	6.795917	9.146112	0.30386543	0.6181369
post_botox_update	5.932596	9.162585	0.31799072	1.9836555
post_covid	6.154506	6.05367	-0.81501806	0.8463453
post_in_this_subreddit	7.290798	8.404538	-0.55721235	0.28505445
post_injection	5.552397	9.130454	0.42154709	2.31604
post_meal	4.8618574	6.0938272	-0.24032778	1.1985058
post_nasal_drip	4.5795794	5.6167464	0.23498467	0.983877
post_op	5.231464	9.088191	0.5186787	2.6518672
post_partum	6.1256695	8.460897	0.20124096	0.6290201
post_procedure	5.254213	9.104916	0.56209606	2.6494577
post_surgery	5.2216706	9.071165	0.4952929	2.6334095
post_update	7.0478945	9.4466505	0.3971945	0.44667733
posterior	6.0823574	6.462461	-0.7539965	2.4706616
postnasal_drip	4.583555	6.030306	0.07571938	1.6648905
postnatal_drip	6.1473513	5.8266306	-0.6632188	1.3936609
postoperative	5.446936	7.872379	-0.26490778	1.1530333
postpartum	5.528432	7.6710653	-0.23000266	0.8911538
postural	6.38265	6.303276	0.44272223	3.3888028
posture	6.142547	5.938653	0.7872432	3.7295763
pot	6.6376576	5.691136	-0.79235995	-0.114081
pot_as_well	6.269381	6.670813	-0.8026473	0.7231647
potato	2.1917472	6.737264	-1.0353589	2.9410467
potato_chip	3.9935145	7.1492133	-0.66057867	2.560522
potential	6.795375	5.543953	-0.6785878	0.2922284
potential_cause	6.4856963	5.7308307	-0.7716419	0.87925047
potential_complication	6.6076646	8.429026	-0.6456381	1.4038274
potential_side_effect	7.091887	9.014461	-0.7831555	1.919911
pour_out	4.0889688	6.2945275	0.424443	2.9452422
powder	2.4672308	6.6875954	-1.3327844	2.5931025
power_eructate	6.0785017	7.199529	-1.5880433	1.972402
ppi	3.314497	6.01553	-2.4202766	3.1764896
ppi_medication	3.3958294	6.160451	-2.2413933	3.2138438
ppi_use	6.712353	7.4633427	-0.8530461	0.9973582
ppis	3.286685	5.995686	-2.438052	3.1542785
ppis_for_35	5.969235	7.0753393	-0.9434134	0.562983
ppo	8.825404	9.440749	-2.0656362	1.4795417
practice	5.8430505	7.306777	1.4253117	3.2008417
practice_a_lot	5.818473	7.5957384	1.3751235	3.1160889
practice_enough	7.402395	9.979637	-0.66706	2.1763885
practice_with_fizzy_water	6.016954	9.315995	0.63779527	2.413896
practise	5.8322167	7.49812	1.4016776	3.146087
practitioner	8.464684	8.681711	-1.4213786	0.2830602
pre_auth	8.407793	9.463303	-1.9625148	1.7795264
pre_botox_symptom	5.3753357	7.773474	0.21507609	1.4665262
pre_exist_condition	8.96366	9.4954195	-2.1187775	1.4065837
pre_op	8.065332	9.796023	-1.9013145	1.9316621
pre_op_appointment	7.6942086	9.491114	-1.7180521	1.7536138
pre_op_room	6.435116	7.6651177	-1.6172266	3.2709076
pre_operative	7.4540367	8.804741	-1.4919722	1.2932283
pre_pregnancy	5.4894876	7.4884324	-0.15278856	0.5315184
pre_test	7.9057274	9.515015	-1.6233017	1.9957905
pre_vomit	5.8597727	7.5174217	0.61791223	0.7715123
precision	7.9332495	9.398487	-1.4015627	2.5757186
precursor	5.8797884	6.8772306	0.32414797	0.41889817
predate	6.283619	7.0208364	-0.75856715	0.7494374
predominantly	5.9065175	6.6808147	-0.5234224	0.52520096
pregnancy	4.9269743	6.2719812	0.43378806	0.2675453
pregnancy_test	6.464814	7.7209997	-1.644147	3.2809162
preliminary	7.6313066	8.883944	-1.4363071	1.050355
preliminary_test	8.004191	8.989518	-1.5791234	1.084571
premier	5.9274607	7.3048816	-1.098103	2.0443287
preop	7.661765	9.446755	-1.723645	1.7454774
prepare	7.9561152	9.711006	-1.7551285	2.4025812
prepare_room	6.442192	7.6670322	-1.6113418	3.2527635
prescribe	3.3084064	6.0130453	-2.433451	3.1677237
prescription	3.2993746	6.0340123	-2.3958442	3.1647406
prescription_medication	5.40341	6.6693	-1.1158634	1.4339272
present	7.181539	6.0572376	-1.0962629	-0.121416494
press	5.4979506	5.492007	0.68033177	3.7121294
press_against	5.6351857	5.5365148	-0.07964291	3.0362315
press_on_my_stomach	5.2429466	6.444193	0.11993896	2.810638
pressure	4.918076	5.2464886	0.43241352	2.552142
pressure_build_up	5.1354723	5.378317	0.5521099	2.902021
pressure_buildup	4.8890853	6.746505	0.11260381	2.3023822
pressure_in_chest	4.720736	6.1486697	-0.082343616	1.2649838
pressure_in_my_chest	4.3635726	5.7366977	0.5022111	1.6309526
pressure_in_my_stomach	4.67964	5.8613377	0.365889	2.106843
pressure_in_my_throat	4.2337394	6.0672107	0.63954073	1.8288528
pressure_inside	5.3419485	5.1909037	0.18013947	2.7777283
pressure_on_my_chest	5.064322	5.899089	0.12353015	2.7210693
pressurize	5.374299	5.169145	0.10006779	2.718508
pretty_bad	4.348801	6.0668445	0.30682462	0.90222734
pretty_clear	6.7038817	5.8869233	-0.91884273	1.3070222
pretty_common	6.409509	6.3086715	-0.35788226	-0.0005719788
pretty_confident	6.5957613	7.7006836	-0.3274883	0.8114522
pretty_convince	6.3557997	6.743067	-0.7456927	0.32249373
pretty_debilitate	5.9358044	7.630821	-0.46946454	0.9751066
pretty_frequently	4.7415533	7.241021	0.4364865	1.5337622
pretty_funny	5.438424	7.797597	1.101206	1.1587366
pretty_grim	5.62376	7.748678	0.23845993	1.1926416
pretty_gross	5.646709	8.276191	0.91083014	2.2606845
pretty_intense	5.17445	8.596566	0.12623818	2.2621348
pretty_loud	5.1262665	7.5781927	1.1648371	2.0753384
pretty_mild	5.282211	8.616578	0.04981391	2.1093993
pretty_much_go_away	5.2454047	8.623575	0.05919379	2.269316
pretty_nervous	7.3874893	9.794199	-1.0736861	1.4585785
pretty_normal	5.097603	8.3587	0.63629675	2.4459147
pretty_obvious	6.6036363	7.8753757	-0.14460933	0.5066538
pretty_often	4.409642	7.1267133	0.68508595	1.8447808
pretty_quiet	5.1472297	7.702936	1.2948496	2.2031038
pretty_rare	5.5374813	8.278497	0.15896566	1.6476274
pretty_regular	4.886227	7.4346395	0.55628663	1.543271
pretty_scared	6.372534	8.543627	-0.35617834	1.4318016
pretty_severe	5.158347	6.119455	-0.14467633	0.27920535
pretty_significant	5.4401026	7.568327	-0.35403794	0.8161674
pretty_skinny	5.5982575	6.9572754	-0.36200315	0.47923964
pretty_sore	4.5524244	7.93945	0.058812287	3.0869453
pretty_thin	4.8615456	6.978559	-0.12583837	1.6715808
pretty_typical	6.3836846	6.9799485	-0.40908897	0.32883173
pretty_uncomfortable	4.630242	8.080379	0.029347166	2.8326533
pretty_violent	5.1825967	6.905516	0.96712947	0.55907345
pretty_weak	5.4520264	7.579475	0.112051904	2.0153995
pretty_weird	6.2732344	7.484558	-0.499434	1.1815518
prevalence	6.592842	6.464015	-0.65913415	0.36054218
prevent	5.860218	5.180136	0.4584904	2.79923
prevent_myself	5.254425	6.959266	0.76193297	0.89072335
prevent_us	6.41607	5.717935	-0.34314436	1.8642865
previous_meal	4.748109	7.088497	0.76082313	1.9526016
previous_thread	7.028495	8.751828	-0.4231804	0.6329703
price	8.817403	9.7817745	-2.2081714	1.8647543
price_difference	8.27039	9.523076	-1.8548592	2.0091121
pricing	8.7986355	9.475901	-2.0402153	1.433792
prilosec	3.3024673	6.020969	-2.4090545	3.1609347
primary	7.0051703	5.757666	-0.9410687	0.51511675
primary_care	8.55193	8.534384	-1.6799636	0.3973681
primary_care_doctor	8.41247	8.20208	-1.7163208	0.37427607
primary_symptom	6.1500545	6.5015473	-0.6574657	0.5359262
princess	5.753031	7.569025	-0.46285477	1.7876164
principle	7.2690725	8.215514	-0.7945261	1.4377419
print	8.635429	8.60948	-1.3266766	0.012087092
print_off	8.555653	8.597497	-1.2796263	0.009578503
print_out	8.663798	8.639885	-1.387606	0.054394323
print_this	7.535468	8.584472	-0.8548883	0.50869197
prior_authorization	8.857478	9.542107	-2.1176195	1.5257814
prior_to_botox	5.077269	5.800106	-0.42532772	0.4418497
prior_to_surgery	7.4735894	8.945455	-1.5317549	1.4458708
privacy	5.447542	7.194253	-0.3038218	2.183002
private	9.011011	9.421086	-1.944676	0.999043
private_health	8.915478	9.4631605	-2.1044974	1.4268833
private_health_care	7.506037	8.945303	-1.2666136	1.3554814
private_health_insurance	8.864259	9.492209	-2.0969596	1.4712715
private_healthcare	8.709415	9.355613	-1.9948039	1.4076847
private_hospital	8.420109	9.443211	-1.8789682	1.4213991
private_option	7.998836	9.366168	-1.6348294	1.7398248
privileged	6.1176963	8.253779	0.2229898	0.9415754
prize	6.0996366	7.530657	-1.040419	1.7473515
probable	6.3382497	6.2802243	-0.58529794	0.5105538
probably_why	6.1425	7.1585503	0.026484767	0.65381986
probe	6.641367	7.1080036	-1.267024	3.6535146
probiotic	3.2136002	6.3486147	-1.8453052	3.0662403
probiotics	3.10456	6.167542	-2.0648012	2.9107962
problem	6.659357	5.765949	-0.65290445	-0.32214653
procedure	8.212105	10.187679	-1.3603761	1.909471
procedure_a_few	5.5579414	8.815389	0.18625505	1.9751478
procedure_code	8.883034	9.310199	-2.0050423	1.1521307
procedure_cost	8.075739	9.433419	-1.8716437	1.914657
procedure_itself	8.221556	9.892941	-1.7788374	2.1408024
procedure_schedule	7.970658	10.070306	-1.2916839	1.2932453
procedure_tomorrow	7.8002753	9.969293	-1.2437853	1.2954679
procedure_under_ga	7.506391	8.954723	-1.3808969	1.1950659
procedure_under_general	8.123628	9.576642	-1.6652657	2.312217
process_food	2.575494	6.4599276	-1.5208601	2.3616316
produce_a_lot	4.649593	5.3236685	-0.050633486	2.0771036
produce_gas	4.6294417	5.1982937	-0.6641858	2.1758196
produce_more_gas	4.499919	5.419316	-0.72112876	2.0672357
produce_more_saliva	4.292723	6.2540436	0.46576512	1.8081982
producer	6.116559	7.1064205	-1.5840499	1.9192804
product	2.8553343	6.302547	-1.757905	2.527506
production	5.5601897	5.141784	-0.40553004	2.1264176
professional	8.572498	8.216251	-1.2610629	-0.067520864
professional_life	5.7248154	7.7874227	-0.49793956	1.2675272
professor	8.593749	8.962346	-1.6217644	0.4897861
professor_novakovic	7.49428	9.21763	-1.1175567	1.0057137
profound_slow_swallow	5.3383846	8.538282	-0.020130826	2.0509074
profuse	5.035117	6.948382	-0.016797688	1.6385022
progress_get_worse	5.402431	7.0983276	-0.21939848	-0.006828995
progress_worse	4.891073	6.4797397	-0.034578353	0.21860406
projectile	4.7725005	6.746793	1.6364871	1.7838997
prolific	5.6164603	7.6673656	0.08527093	0.4627449
prom	5.0886645	7.558038	0.17183386	0.68562627
promise	6.792143	9.4752035	0.5445361	0.7282444
promote	5.9269433	6.19148	-0.079438515	3.3251588
prone	5.2054944	6.138199	0.22234498	0.4956243
prop_myself_up	4.0055537	6.1374497	-0.20163459	3.9779353
prop_up	4.122891	6.1092935	-0.1323891	4.0171537
prop_yourself_up	3.94911	6.1753955	-0.3364264	3.8834155
proper_burp	5.225003	8.181819	1.7464932	2.7722237
proper_digest	5.0236583	5.4057784	-0.50980586	2.2560844
proper_posture	6.124406	6.311223	0.13564889	3.4223778
property	5.81259	5.972634	-0.75987893	1.5910438
propofol	8.14008	9.583298	-1.6967828	2.440709
propose	7.947542	8.249203	-1.497128	0.6701552
propranolol	3.5215766	6.3227215	-2.075724	3.3616867
protect_mechanism	6.3681974	5.587241	-0.6854548	1.1857531
protein	2.2898676	6.5679936	-1.2855611	2.5957198
protein_drink	2.474941	6.833237	-0.8874412	3.1087024
protein_shake	2.302274	6.7681875	-0.81649524	3.146694
proton_pump	3.344629	6.010246	-2.4365497	3.1897023
protrude	5.568192	5.687304	-0.1440491	2.843884
proud	6.0974593	8.418687	0.8710746	0.3696896
prove	8.511998	7.688407	-1.4987401	0.0821651
prove_by	8.122059	7.7310348	-1.2906876	0.20650713
provide_relief	5.1400137	7.836981	1.5880985	2.5174096
provide_some_relief	5.1840153	7.4474964	1.1417208	2.1717463
provider	8.924818	9.102038	-1.7250084	0.53443533
provider_who	8.335895	8.690476	-1.3654166	0.312561
province	8.863216	9.244669	-1.8588333	0.8397825
proximal_esophagus	6.1745267	6.482258	-0.8168534	2.147723
prs	7.008936	6.8495793	-1.0040886	0.4536773
pseudo	7.4794955	7.5791607	-0.95922047	0.5295012
pseudo_obstruction	6.7602262	5.9415236	-1.2013428	0.42012087
pseudoscience	7.525202	7.4092965	-0.85140365	0.21715514
psoas	6.281777	5.562307	-0.40165782	2.2211592
psychiatric	6.7912316	6.8050284	-0.8011275	0.52549976
psychiatrist	7.579358	8.185047	-1.3329998	0.6084075
psychological	6.6024904	5.563791	-0.38884035	0.3285138
psychological_issue	6.5210743	6.377586	-0.47889763	0.8044109
psychologist	7.2513223	7.591868	-1.2197208	0.6354095
psychosomatic	6.6366105	5.791241	-0.4091061	0.16167918
psyllium_husk	3.3901596	6.344775	-1.8931835	3.2798069
pterodactyl	5.0539117	7.420119	1.331803	1.7161709
ptsd	5.744271	6.120875	-0.20180601	0.20731358
pu	6.1007605	7.159236	-1.6584017	1.9506744
public	4.8347874	7.0950003	1.7031977	1.7428153
public_healthcare	8.897528	9.291517	-1.8813815	0.9084265
public_place	5.045175	7.0456767	0.8696577	1.8811632
public_system	8.836781	9.406541	-2.0619547	1.384777
publication	8.325993	8.405992	-1.0402244	-0.090427406
publish	8.485207	8.439399	-1.2193339	0.0131096
publish_their	8.286657	8.945291	-1.7149936	0.8956739
puff	5.385185	5.8801603	0.33943817	3.673387
puff_of_air	5.155294	7.686482	1.3887472	2.4078264
puke	4.646929	6.5060835	1.8427126	1.5471174
pull_my_shoulder	5.3121834	6.223696	0.24296507	3.9763386
pull_over	4.5378375	7.1068497	0.09353337	2.1961925
pull_trig	5.218521	6.862018	1.1283611	2.0175261
pull_up	5.765141	5.9515896	0.26381332	3.6287699
pulmonary	6.6700697	6.3306327	-1.1448784	0.96828604
pulmonologist	6.263371	7.41938	-0.8184291	1.2510632
pulp	3.219737	6.8455048	-0.6831202	2.9692469
pump	5.1708345	5.242076	0.27750602	2.8314335
puncture	6.4750566	6.8595486	-1.0403204	3.403008
punish	4.459337	7.2945185	-0.40345868	1.7761171
puppy_dog	5.820112	6.4993377	-0.2329684	3.228434
puree	2.548945	6.802333	-1.092471	2.7262635
purple	5.5512347	6.8330197	-0.75022835	2.406003
push_against	5.5817976	5.3332996	0.08626733	2.896406
push_air	5.4885054	6.1150365	1.0985225	3.8366199
push_forward	5.9583015	6.8233113	0.6232864	2.904722
push_my_chin	5.5360603	6.199663	0.8385215	4.001755
push_my_head	5.561058	6.113741	1.0454773	4.040642
push_my_jaw	5.601302	6.2976055	0.5884972	3.9169765
push_my_neck	5.5373015	6.2105374	0.8799191	3.991292
push_out	5.2725196	6.066247	1.2783873	3.2879114
push_them	5.489236	6.1803603	1.2247499	3.7832086
push_too_hard	5.0069723	6.780072	1.2977794	2.4208617
push_up	5.2836514	5.3752837	0.6752973	3.221828
push_upward	5.4139137	6.14891	0.24136588	3.0604804
push_upwards	5.356795	6.0081625	0.15416233	2.8732421
push_with_your_ab	5.9432473	6.3345027	1.0687747	3.4787295
push_yourself	6.029844	6.8570337	1.0749912	3.1555083
put_into_word	5.879004	7.694299	0.053210087	1.0232918
put_my_chin	5.502231	6.186183	0.9098207	3.9942322
put_my_finger	4.763979	6.4952354	1.8330058	2.0730364
put_on_weight	3.831745	7.071211	-0.65219134	1.4949442
put_pressure	5.5322976	4.9768343	0.13213724	2.7119892
put_to_sleep	8.043768	9.645725	-1.6695918	2.357835
put_under	8.130421	9.756302	-1.653904	2.4510887
put_under_general_anesthesia	7.2039504	9.354715	-1.0067221	1.8331249
put_up	5.6702485	6.525762	-0.1572619	-0.123443514
put_your_finger	5.149634	6.4114013	1.4186839	2.7120674
pvc	5.3421316	6.807448	-0.5362239	2.2397633
pylori	6.6174126	6.5079265	-1.1686813	1.0621802
ql	6.278773	5.8083477	-0.46234563	2.189127
quake	5.639095	6.2693	-0.18348108	2.8111382
quantify	6.804702	6.3898277	-0.5715264	0.50242347
quantity	2.9759307	6.565743	-0.9398914	2.394443
que_tender	6.146151	7.2764893	-2.4465156	2.2773485
queasy	4.027653	6.7987843	0.22820686	1.6624762
quebec	8.713908	9.111654	-1.7178417	0.6242381
query	7.3087697	8.434535	-0.64253205	0.40626454
question_and_answer	7.6430774	8.484084	-0.73106146	0.10182377
qui	6.1656566	7.326	-2.8577201	2.4096694
quick_and_easy	8.005036	9.61892	-1.7816558	2.0702004
quick_update	7.6173015	9.647981	-1.1601893	1.2155478
quiet	4.9219522	7.5407786	1.7565958	2.131599
quiet_room	4.850032	7.370889	1.5328585	1.5686425
quiet_space	4.7124033	6.8492064	0.13454835	2.3125665
quirk	6.173838	6.9775214	0.086222626	-0.1777358
quirky	6.691429	7.1453514	-0.2005153	0.28948978
quit_smoke	5.0342917	7.040441	-0.28798252	0.9670812
quite_annoy	5.06433	7.478779	0.22902583	1.5646632
quite_bad	5.1711435	8.600846	0.088635765	2.1967251
quite_common	6.4723067	6.417938	-0.42154673	0.09446529
quite_frequently	4.747501	7.298016	0.4830401	1.5811872
quite_high	5.9930677	7.6910524	-0.35149425	0.9871591
quite_nervous	7.332295	9.648943	-1.0359716	1.5640393
quite_rare	6.481528	7.5176497	-0.41085202	0.703761
quite_severe	5.412065	8.4211855	-0.042817906	1.735801
quite_significant	5.626755	8.761031	0.24360543	2.0854087
quite_sore	4.6809435	7.9431996	-0.02233493	2.914676
quite_sure	6.494935	7.7963815	-0.17340069	0.9783828
quite_the_opposite	5.5604177	7.272156	0.15010555	0.53259987
quote	8.847467	9.721939	-2.171773	1.7688257
r/askreddit	6.7793155	8.414843	0.038980365	-0.10456342
r/dysautonomia	6.80773	6.7397327	-0.9964839	0.78068024
r/fodmap	3.095062	6.484886	-1.6813003	2.2828379
r/noburp	7.664138	8.697049	-0.06922448	-0.50169396
r/noburp_page	7.9437675	8.47996	-0.87685716	0.047195848
r/noburp_wiki	8.122288	8.588294	-1.2118819	0.25239027
r_cad	6.688774	5.7206817	-0.91551524	1.1452166
r_cop	5.732108	7.070282	0.11719528	-0.20063859
r_cpd	6.814611	5.827365	-0.68325996	-0.33605933
r_cpd_also	6.4137416	6.185026	-0.8111025	0.65975046
r_cpd_and_emetophobia	6.426316	6.4325347	-0.5006594	0.24066845
r_cpd_be	6.820937	5.8151436	-0.68596727	-0.32956815
r_cpd_because	6.8570046	6.28465	-0.6683916	0.4831813
r_cpd_before	8.061375	8.357443	-1.4974351	0.5965386
r_cpd_botox	7.6759915	8.089627	-1.2071972	0.5456395
r_cpd_but	6.8595247	5.7625966	-0.7428044	-0.19153495
r_cpd_can	6.61054	5.60588	-0.7268901	0.37176928
r_cpd_cause	6.546152	5.7769766	-0.5997772	0.1918211
r_cpd_community	7.346169	7.6884284	-0.9235305	0.36703926
r_cpd_cure	5.913294	6.8283763	-0.46603742	0.46705118
r_cpd_doctor	8.019799	8.642958	-1.3026291	0.46958378
r_cpd_emetophobia	5.824147	7.7057357	-0.2543409	0.7246159
r_cpd_experience	6.432506	6.44837	-0.907403	0.4508846
r_cpd_from_youth_until	7.6926107	8.46617	-0.87553704	0.16506709
r_cpd_have	6.5984926	5.8859487	-0.66495574	-0.22394142
r_cpd_i	6.7913218	5.880864	-0.68088895	-0.317534
r_cpd_if	6.736495	7.006912	-0.9132872	0.6912804
r_cpd_itself	7.054134	7.289982	-0.86618435	0.78939337
r_cpd_make	5.14039	6.57675	0.0679723	0.94860226
r_cpd_may	6.562475	5.8584223	-0.6246025	0.34070334
r_cpd_my	6.8269663	6.69108	-1.1789958	0.5443685
r_cpd_not	6.796132	6.186479	-0.87284017	0.21802819
r_cpd_page	7.4680204	8.283541	-1.2202753	0.6369215
r_cpd_patient	7.9833927	7.6331844	-1.2595949	0.26429614
r_cpd_provider	7.2034874	8.464599	-1.0944943	0.9088773
r_cpd_related	6.406899	6.6653976	-0.663931	0.26629522
r_cpd_serious	3.554246	6.360154	-1.9342151	3.4821787
r_cpd_so	8.014068	8.162662	-1.2558846	0.372217
r_cpd_specific	7.944167	7.9370837	-1.3128409	0.428813
r_cpd_suffer	6.7204003	5.8094735	-0.6866802	-0.015186804
r_cpd_symptom	5.9000244	5.5294633	-0.51083475	-0.1914033
r_cpd_tend	6.3302016	6.3592887	-0.40086785	0.3995409
r_cpd_the	6.559966	5.6659317	-0.9014558	0.46281058
r_cpd_through	7.2323704	8.607809	-1.1763755	1.0296274
r_cpd_treatment	8.533235	8.628684	-1.4375149	0.38272265
r_cpd_uk	7.5070553	8.393066	-0.52353996	0.028535245
r_cpd_when	6.757756	6.5875134	-0.9425976	0.50595826
r_cpd_which	7.002826	6.257217	-0.9337298	0.47229213
r_cpd_will	6.516098	5.9610724	-0.7767682	0.45905736
r_cpd_would	6.9922667	7.427846	-0.90970284	0.7745207
r_cpders	6.140179	6.780719	-0.76519585	0.93163145
r_pod	6.1842384	7.6826377	-0.6716176	0.8590044
rabeprazole	3.5167754	6.235819	-2.216994	3.2938225
race_heart	5.1378164	6.9008813	0.03367161	1.1118804
racist	7.0946984	7.4347987	-0.6227053	0.6559793
radiate	5.1439757	5.825227	-0.15941985	2.6603692
radiate_to_my	5.187573	5.901365	-0.22959451	2.6234467
radio	7.525717	8.3940525	-0.54328513	-0.05452563
radiology	7.7671323	8.712809	-1.613467	1.0961072
raft	3.6826842	6.2874327	-1.930654	2.6344297
rain	5.6064563	7.583118	-0.47960603	1.7120692
raise_awareness	8.1547365	8.191901	-0.8868951	-0.055476196
raise_your	5.6987643	5.945286	0.33049375	3.7945278
raleigh_nc	7.636674	9.541578	-1.2652614	1.2575493
ramification	6.292744	6.8441644	-0.6083315	0.8646412
randall	6.4368615	7.6711774	-1.2228082	1.6832505
random	4.9590545	7.6991873	1.7069596	2.418666
random_bout	4.7155147	6.412109	0.044521935	0.747631
random_burp	5.1652365	8.141207	1.6198211	2.6449082
random_hiccup	4.6899595	7.1738453	1.0097163	1.7807732
random_moment	5.139623	6.942504	1.1267956	1.9235564
random_question	6.724329	8.594781	-0.66709983	1.2362634
random_start	5.528104	8.701553	0.6027425	2.0198054
range_of_motion	6.186239	6.1334743	0.3365123	3.4520361
ranitidine	3.4719372	6.315437	-2.0683544	3.2243803
rapid_gastric_empty	6.1668863	6.053164	-1.0018351	0.80164653
raptor	5.423576	7.5235815	0.7889545	1.719774
rare	6.4193177	6.198358	-0.27078083	-0.13172483
rare_condition	6.9988246	7.5200715	-0.49617234	0.1704258
rare_condition_suggest	7.436387	7.2394905	-1.147964	0.47061604
rare_occasion	4.700889	7.171769	1.3551126	1.1322078
rarely_fart	6.030715	7.676049	0.17763364	0.1574415
raspy	4.8715777	7.591237	0.18017325	2.577943
rate_of_success	8.262832	9.600622	-1.6654848	2.2481408
rather_than_rely	6.15099	7.519896	0.96030694	2.8251586
rational	6.361063	6.728477	-0.03887069	0.30396816
raw	2.492692	6.6456356	-1.2738558	2.5337565
raw_onion	2.747044	6.820602	-1.2552304	2.2507858
raw_vegetable	2.6726062	6.624424	-1.4092805	2.2623959
rcpd	6.74632	5.809367	-0.62562436	-0.4079171
rcpd_exist	7.6219363	8.213631	-1.0475976	0.2655938
rcpd_patient	7.669105	8.669453	-1.2707938	0.9364535
rcpd_related	6.5464897	5.8614964	-0.34897265	0.111504614
rcpd_specialist	8.220561	8.644128	-1.4659737	0.40909484
rcpd_suffer	6.7804623	6.59556	-0.5207845	0.14130175
rcpd_symptom	5.7877035	5.555513	-0.4340519	-0.21328668
rcpders	6.064513	6.835632	-0.64616567	0.7184795
read_on_this_sub	7.212998	8.540273	-0.50816387	0.46780616
read_through	7.5880404	8.749584	0.015626766	-0.4770499
real_bad	4.4386706	6.4615126	0.17700362	1.3313835
real_burp	5.213354	8.157065	1.7514229	2.7666926
real_condition	7.5427012	7.691395	-0.6680873	-0.1327785
real_life	6.82346	7.9704595	0.04100884	-0.23144102
real_medical	7.167151	7.4864616	-0.6025632	0.070971414
real_problem	6.6747518	7.0645666	-0.46216223	0.11573648
real_quick	5.7157707	7.5933237	-0.45445207	1.6817969
real_relief	5.79085	8.227035	0.63113225	1.6365523
real_thing	7.4530926	7.967513	-0.34361088	-0.28644493
real_vomit	4.910844	6.750179	1.0300448	1.8529931
realize_how_often	5.175378	7.040953	0.92881465	0.6129393
really_affect	5.247901	7.3700213	0.054981112	0.25903085
really_annoy	4.3850155	6.6713324	0.4596609	1.6998801
really_anxious	4.4482145	6.9733114	0.9005556	1.0276469
really_awful	4.8594155	6.895946	0.11305264	0.8016485
really_bad	4.1311455	6.0242715	0.5181842	0.8853048
really_bother	5.126055	6.971972	0.79167217	0.43515435
really_busy	7.079098	9.283008	-0.74091756	1.1748793
really_dry	3.6862273	6.809571	-0.3434314	2.93598
really_embarrass	5.0657024	7.5377126	1.5361845	1.3069291
really_excite	6.883652	9.391172	0.47839925	0.46140993
really_frustrate	6.175464	8.479646	0.3801194	0.8518918
really_glad	6.6740117	8.883204	0.41841117	0.3049715
really_gross	4.8936834	7.077868	1.1393639	1.9936156
really_happy	6.75758	9.0125065	0.39270717	0.30706835
really_help	3.0195878	6.132441	-1.8906634	2.8809168
really_hope	6.848222	9.45346	0.63663626	0.49318314
really_hopeful	6.5793533	9.076576	0.30606303	0.81540215
really_hungry	4.341761	7.125367	0.034549266	1.8564252
really_impact	5.4705186	7.423128	-0.21581078	0.2969613
really_intense	4.7046814	6.5093923	-0.027502054	1.0537362
really_loud	4.7575636	7.358459	1.6471121	1.7031162
really_nauseous	3.9750392	6.5977473	0.6150944	1.5328418
really_quick	5.1215906	8.760784	0.36997813	2.5454652
really_sick	3.9610016	6.7316904	0.4897956	1.4597864
really_sore	4.550728	7.9652905	0.07441399	3.070661
really_struggle	5.482315	6.509185	-0.10008522	0.0746118
really_suck	5.9977555	8.428203	0.8590248	0.52718663
really_thirsty	3.0700746	6.9998083	-0.71682155	2.493426
really_tough	5.906965	8.9268265	0.28171584	1.7275244
really_uncomfortable	3.9243987	6.4158764	0.7213803	1.5579671
really_unpleasant	5.4694653	7.281346	0.63773245	1.0064945
really_vary	5.787273	8.337393	-0.1805893	1.6392529
really_want	8.825863	9.585428	-1.7272696	1.1761739
really_wide	5.521148	6.2239156	0.85608387	3.6435747
realm	6.975139	7.4795976	-0.764185	0.8663256
rear_end	5.5078077	7.70521	-0.5528519	1.5719063
rearrange	5.310873	6.4506946	0.05734012	2.6218536
reason_behind	6.7371697	7.892405	-0.098953485	0.42523083
reassure	6.8231773	9.271734	0.5250625	0.511524
reassure_thank	5.8075247	7.954397	-0.620613	1.556518
reassure_to_hear	6.7383213	9.104841	0.36612976	0.6268308
reassure_to_know	6.53177	8.988733	0.3264755	0.7928079
recall	5.532097	6.957691	0.53576446	-0.4221098
recap	7.065591	9.14139	0.16664517	0.34747562
recede	5.8792353	6.387404	-0.71786684	2.4110336
receive_100_unit	7.1224055	9.65527	-0.79830325	1.7526016
receive_50	7.498619	9.782533	-0.9319746	2.0621638
receive_80	7.1926117	9.704763	-0.85743695	1.8001744
receive_botox	7.83776	9.920507	-1.2397631	1.3273656
recent_discover	6.7004924	8.026631	0.07706262	-0.37402102
recent_discover_this_sub	6.645795	8.261185	0.0044421563	-0.15810774
recent_learn	5.8419538	7.203455	-0.10214027	0.0057968823
recent_post	7.350432	8.3730955	-0.40304542	0.102599494
recent_realize	5.7146735	7.6355524	0.075636245	0.06886195
recent_year	5.3473835	6.5272365	-0.11349248	-0.0418219
receptor	6.1931715	5.4314466	-0.29058826	2.2831643
recline	4.705962	5.9987535	0.36010984	4.0775313
recognize	8.558593	7.8770547	-1.311843	-0.1290784
recognize_condition	7.729346	7.939534	-1.1825104	0.46041736
recover	6.3725824	9.490782	-0.033571996	1.8543239
recovery	6.3916936	9.450614	-0.015139675	1.8107601
recovery_process	6.4523096	9.344776	0.11177669	1.4502411
recovery_room	4.5588155	8.457621	-0.28035298	2.87525
recovery_time	7.9646897	9.63256	-1.6330215	2.1501873
recreate	5.8553896	6.3214865	0.5049476	3.5894663
recurrent	6.0640397	6.4431286	-0.64240056	0.5755487
recut_linjection_en_cabinet	6.123102	7.430169	-1.0933636	1.8256781
recycle	5.56701	6.652615	-0.26790848	2.5483088
red_bull	2.2651918	7.2143993	-0.8127048	2.0559177
red_meat	2.644357	6.5969524	-1.415263	2.2572296
red_wine	2.5399327	6.967122	-1.1088296	2.1861846
reddit	7.6351004	8.701373	-0.038094763	-0.5061904
reddit_account	6.807553	8.446661	0.0010264504	-0.1514106
reddit_app	7.522552	8.210551	-1.033122	0.5663261
reddit_user	6.7505713	7.5734653	-0.44558755	0.08294143
redo	7.2846766	9.164	-0.8217469	1.9639432
reduce	4.617917	5.717999	-0.23695508	0.9479311
reduce_bloat	3.6783948	6.355234	-1.754315	2.553814
reduce_by	4.646725	5.9518886	-0.0393229	0.8722852
reduce_gas	4.6549215	5.249777	-0.70459443	2.140859
reduction	4.6365294	5.801509	-0.10622448	0.83073777
refer	8.909534	8.221354	-1.708355	0.106368184
refer_to_a_gastroenterologist	6.7909546	8.188792	-1.0803989	1.022427
referral	8.960632	8.758438	-1.7588134	0.32600892
refine_carbohydrate	3.0864117	6.6225147	-1.4375975	2.1094275
refine_sugar	3.0588894	6.643002	-1.4982935	2.1713758
reflect	6.393835	7.075478	-0.33280373	0.620967
reflex	5.773486	6.2354703	1.3687953	3.2329516
reflux	6.0218725	5.339946	-0.7916511	0.21365528
reflux_and_regurgitation	5.7278666	6.5793447	-0.82480454	0.9734365
reflux_disease	6.5406194	5.9156685	-1.15383	0.22388463
reflux_gourmet	3.4386356	6.2470837	-2.0769784	3.0608509
reflux_issue	5.7226176	5.803234	-0.6548655	0.52250993
reflux_medication	3.3765259	6.107613	-2.3192804	3.2192845
reflux_regurgitation	4.938532	7.76646	0.11621142	2.122995
refuse_to_believe	7.479187	7.3550167	-0.7573102	0.0017966124
regimen	3.3571088	6.2934303	-2.0385969	2.916491
regional	6.4911857	7.969962	-0.7841672	1.1907436
reglan	3.4988425	6.2654276	-2.133457	3.2767177
regress	6.262561	9.143005	0.50614136	1.694278
regret	6.462729	9.597043	0.1253659	1.4125756
regret_it	6.4942784	9.554497	0.15329868	1.4597918
regular_doctor	8.866957	8.4038	-1.7046604	0.15721552
regular_occurrence	5.0020933	7.0116816	0.6912317	1.147695
regular_people	5.1862607	7.751298	1.2851255	2.191399
regulation	6.370283	5.8734627	-0.50350064	1.6599374
regurgitate	3.9265893	6.576371	0.4561445	2.9776742
regurgitate_a_little	4.299525	6.897854	0.68846995	2.4794853
regurgitate_food	4.1969795	6.8776617	0.5060183	2.4451115
regurgitation	4.2027245	6.9420457	0.5736775	2.6994398
regurgitation_issue	5.632522	6.556827	-0.74830467	0.972398
reintroduce	2.7558708	6.476838	-1.6094712	2.2762294
relatable	6.567314	7.7035837	-0.01821881	0.36449745
relate_to_this	5.996571	7.742989	0.096903354	0.28689605
related_issue	6.402767	5.6986995	-0.73842824	0.2813952
related_somehow	6.526795	6.4500747	-0.36958456	0.42894688
related_to_noburp	6.434779	6.053545	-0.3761469	0.2002219
related_to_r_cpd	6.521366	5.8093495	-0.366091	0.14830346
related_to_rcpd	6.5547643	5.8079658	-0.31871772	0.17021507
relation	6.7025356	5.9927917	-0.6131429	0.15545304
relationship	6.264215	6.08138	-0.3328625	-0.015003578
relationship_between	6.480192	6.904284	-0.6471468	0.57657796
relationship_with_food	5.535738	6.1643915	-0.26170123	0.26203552
relative_new	8.097259	8.098481	-1.1398042	0.20867808
relative_recent	6.781438	8.150776	-0.17510049	0.5181648
relax	6.083846	5.254395	0.7224173	3.2979374
relax_and_let	5.737498	6.3452663	1.3086407	3.701469
relax_and_open	6.1551523	5.098179	0.21742158	3.010582
relax_enough	6.037064	5.5392942	0.73346096	3.3163655
relax_my_shoulder	5.885898	6.874811	0.2618263	2.7278767
relax_my_throat	5.6427097	5.957056	1.1131707	3.6378987
relax_to_allow	6.444884	5.402776	0.019554421	2.7485723
relax_your_body	5.768723	5.9242935	0.7843701	3.763547
relax_your_throat	5.785473	5.821374	0.88184315	3.6897936
relaxation	6.2718387	5.0560694	0.34204283	3.0431204
relaxation_technique	6.4024425	6.4297175	0.57658565	3.6029718
relearn_how	4.550573	7.2346807	-0.24811341	2.481817
release	5.0257635	5.830502	1.09303	2.8482974
release_air	5.2724643	6.465253	1.4911242	3.0526235
release_any	4.8727055	5.5474744	0.7637304	2.5754802
release_gas	5.1410675	6.3848896	1.520393	2.721147
release_of_air	5.137244	7.5633817	1.5441506	2.6357436
release_some	4.8982434	5.589851	0.8066643	2.6156442
release_them	5.5237794	6.3748384	0.9553122	3.6533847
reliable	6.5079803	8.003914	-0.16885927	1.5597528
reliant	5.932329	7.2622175	0.5158176	2.0424058
relief	5.231364	7.8075237	1.6231668	2.4004564
relief_soon	6.8631186	9.211699	0.39539155	0.5602641
relieve	5.1427274	7.7296343	1.6411449	2.513893
relieve_gas	5.588011	6.2555013	-0.26216272	3.4591806
relieve_myself	4.8697195	6.5764866	1.558363	2.1321366
relieve_pressure	5.002666	5.894786	0.4039053	2.333785
rely	6.009359	7.2164187	1.3628644	3.182977
remain_the_same	5.5830064	7.5270014	-0.2921072	0.8177744
remedy	3.1694307	6.164033	-1.9925827	2.7546804
remember_ever	5.4366794	7.117286	0.74516255	-0.0043612444
remember_exactly	5.9284186	7.4073763	0.532163	0.76371443
rennie	3.35074	6.2646146	-2.0647144	3.1431174
rennie_deflatine	3.5154977	6.3325286	-2.019642	3.1993444
rep	6.171073	6.391675	0.51099885	4.0041385
repair	6.859666	5.8965106	-1.0715973	0.6404068
repair_before	6.8606744	7.1044016	-1.2041452	0.64440733
repeat_injection	7.508555	9.584043	-0.83444697	2.1683967
repeat_until	5.1090584	7.3517876	0.99351364	2.436927
repercussion	7.291052	8.0711355	-0.93486035	1.2109501
repetition	6.296919	6.446532	0.6100371	3.9407897
repetitive	5.2262354	7.3874445	1.0581787	1.9259882
replicate_it	5.9075108	7.125795	0.5914322	2.114727
repost	7.455725	8.419852	-0.5079221	0.0881389
represent	7.61397	7.814553	-1.0347364	0.41197002
reprieve	5.4367466	8.181877	-0.39361307	1.7187893
reproduce	5.9299107	7.130436	0.55284655	2.1274736
reputable	8.121205	8.549252	-1.2670264	0.27238277
request	8.946675	8.936831	-1.7865098	0.4486912
require_a_lot	5.5274386	6.8509564	-0.40199086	2.395876
require_a_referral	8.86853	9.080424	-1.8310522	0.70135504
require_manometry	7.6643577	9.07885	-1.4560319	1.2067935
research	8.423888	8.236895	-1.0390809	-0.20745777
research_into	7.7811956	7.749608	-1.0570703	0.29947084
research_paper	8.598374	8.554551	-1.2991815	0.004553018
research_r_cpd	7.5757713	7.462393	-0.7930981	-0.031329755
research_study	7.9729953	8.309638	-1.0719523	0.20846072
research_team	7.329339	8.253292	-0.9682426	0.5974138
researcher	7.7383933	7.6815095	-1.0335664	0.27139685
resemble_a	5.6760745	7.5759873	-0.1454762	1.6238196
resident	8.501582	9.238146	-1.7027576	0.83188343
residual	4.9549065	7.4180884	-0.14470409	2.4163752
residue	2.9582317	6.768624	-0.7462134	2.9919722
resource	8.307874	8.446944	-0.9454453	-0.115618445
respiratory	6.7740912	6.1113305	-0.9813898	1.3013234
respiratory_infection	5.206291	8.512861	0.027066074	2.121102
respond_well	7.2190275	7.9824133	-1.1056796	1.1697061
rest	5.2456226	5.753679	0.5184025	4.0226097
restaurant	2.9541452	7.147831	-0.31863454	1.8785399
restful	5.2878966	8.156306	-0.5116634	2.1548774
restless	4.8041344	6.142215	-0.1610378	1.5001234
restrict_my	3.316781	6.5259414	-1.3553295	1.94684
restrictive	2.7652948	6.475803	-1.5634863	2.1766436
restrictive_diet	3.1237981	6.592103	-1.5777785	2.1804729
restrictive_eat	6.623727	6.1056423	-0.78205687	0.48997658
result_so_far	6.5167756	9.026615	0.01147078	1.2156961
retain_the	6.112045	8.067225	0.8174318	2.251058
retain_the_ability	6.0800467	9.278285	0.6895571	2.4654803
retain_the_ability_to_burp	6.081331	9.392967	0.64873594	2.4608624
retch	4.6905875	6.475234	1.9015049	1.859493
retch_sound	5.2996926	7.484317	0.6714642	1.3862581
retention	4.896434	5.2975154	-0.5543146	1.9871838
retrain	6.338825	5.1314907	0.40059432	3.0696073
retrograde	6.491559	4.97261	-0.05937242	2.6035545
retrograde_cricopharyngeal	6.8433957	6.7364335	-1.0384717	0.6180723
retrograde_cricopharyngeal_dysfunction	8.01883	7.7766085	-1.1356982	0.11303672
retrograde_cricopharyngeus_dysfunction	8.010096	7.6372156	-1.2535996	0.19064258
retrograde_direction	6.384073	5.056515	-0.07050324	2.6745298
retrograde_only	6.588142	5.112029	-0.25862485	2.303823
retrograde_only_neurological_dysfunction	6.5101457	5.929269	-0.7128487	1.0736963
return_to_work	7.2491612	9.538768	-1.0071884	1.5707141
reverse_burp	5.1922474	6.386625	1.1805087	3.2601225
review	8.775686	8.975143	-1.5588248	0.38819247
revision	6.845954	8.487338	-0.8943422	1.4434237
revolutionary	5.7568936	7.3167086	-0.22234389	1.8674326
rex	7.464759	9.592971	-1.1288619	1.4137315
reynard	6.207572	6.9382777	-0.5878781	0.53332305
rheumatoid_arthritis	6.3522835	6.6882243	-0.76802605	0.4537554
rhinitis	5.6903777	6.7278867	-0.5563408	0.5897959
rib	5.268731	5.4364944	0.08598122	2.9826548
rib_cage	5.2510095	5.6187577	-0.060800135	2.7821155
rib_flare	6.048291	6.336839	-0.7119779	1.2099952
ribcage	5.4039006	5.6973	-0.10993534	2.801194
rice	2.2250874	6.736378	-1.0076506	2.9210615
rice_cake	3.0267904	6.675112	-1.4815767	2.3735983
rich_food	4.0242367	7.122249	-0.7618953	1.8826616
richard	7.267364	8.236213	-1.1661804	0.92882127
ricola	5.8936553	7.198526	-1.0126623	2.0088618
rid	5.7493386	7.086283	-0.30928782	0.24883145
ridicule	6.53068	7.471808	-0.071011886	0.3485979
ridiculous	5.1914353	7.637259	1.4130356	1.0664035
ridiculous_amount	4.582826	6.205217	-0.0031697014	1.1580193
rifaximin	3.362682	6.161432	-2.240716	3.2214158
right_above	5.630886	5.660705	-0.16829687	2.906231
right_arm	5.565253	6.286685	0.50670844	3.8599806
right_before_bed	2.9767911	6.865865	-0.7346719	2.4610734
right_behind	5.64991	6.529688	-0.3603349	3.1222851
right_below	5.411294	5.7096515	0.100312404	3.130942
right_ear	5.4591794	6.901942	-0.70973444	2.129254
right_muscle	6.3071694	6.425398	-0.57606107	3.5332503
right_on_track	5.53492	8.735259	0.33776358	2.062163
right_or_left	5.6198177	6.1292624	1.0189512	4.0333323
right_side	4.729732	6.0260897	0.16062248	4.1401873
right_under	5.600759	5.689975	-0.14189416	2.9552283
rigid	6.2138834	6.5209417	-0.8174385	2.8468575
ring_around	7.5667896	8.704143	-1.286603	1.0187255
rip_apart	5.1706257	5.6877236	0.054153834	2.8526895
rip_d	6.828984	5.820273	-0.7249994	-0.32439825
rip_jack	6.524119	8.408588	0.038833994	0.66451806
rip_open	4.953832	6.6654916	0.18886708	2.1857922
rise	5.179259	5.3690567	0.5724971	3.0494733
rise_in_my_throat	4.500088	6.0965204	0.6239417	2.40981
rise_up	5.114992	5.4193993	0.6226018	2.9584877
risico	5.8972077	7.3321753	-1.0836207	1.7993422
risk	7.2305884	9.018612	-0.8048871	2.1579514
risk_of_develop	6.5750027	5.53267	-0.8220976	0.43869105
risk_of_esophageal	6.7494903	5.9386816	-0.9336726	0.62774646
risky	7.400552	8.76611	-0.9788286	1.7539943
ritalin	3.4825375	6.3687844	-1.9073489	3.487952
riyadh	7.7609477	8.656606	-1.3950051	0.7078991
roadblock	6.4794726	7.584198	-0.7149315	1.3158149
roar	4.9751573	7.380429	1.5183233	1.7404637
robert_bastian	8.035495	8.5198	-1.3802433	0.56214166
robert_w_bastian_md	6.8639917	7.695516	-1.6371593	1.446043
robust	5.5789695	8.587933	0.88543946	2.3011024
rochester_ny	7.0166826	8.529063	-0.8804109	0.99727577
rock_back_and_forth	5.551155	6.2629504	0.72362846	4.003419
roemheld	6.8644943	6.3115063	-0.80282116	0.37789533
roemheld_syndrome	6.379872	6.6843853	-0.6306781	0.44427782
rolaids	5.0456886	7.0150404	-1.0732415	2.1871037
role	6.5455217	5.751606	-0.4982391	1.8874586
roll	4.939716	5.8873997	0.4776573	3.9649007
roll_my_rs	5.8445735	7.412708	0.49342078	0.9517609
roll_over	4.589788	6.11212	0.30893305	3.9057655
roller	5.445785	6.1846976	-0.06010236	3.5991116
room_temperature	2.7674358	6.941781	-1.0088631	2.6584578
room_where	6.4549236	7.691019	-1.6287616	3.291394
rope	5.582235	6.9019394	-0.45006254	2.481395
rosacea	6.3630214	6.3784595	-0.8281947	0.7101105
rotate_my	5.4679537	6.288162	0.31031507	3.9051108
rough	5.160598	8.974316	0.37485474	2.6374223
rough_patch	6.4150224	8.882084	-0.0948104	1.3104274
roulette	5.566925	7.3638453	-0.03666326	0.9068638
round_1	7.5251846	10.232879	-0.6738735	2.3629742
round_2	7.618062	10.328009	-0.66732335	2.420526
round_trip	8.241303	9.669293	-2.0156736	1.978004
round_two	7.458065	10.137302	-0.6236698	2.1989572
routine	6.439947	6.5020413	0.69121784	3.788797
rub	5.47597	5.6539073	0.35639954	3.7339623
rude	5.7844524	8.006022	1.1641663	0.7010329
ruin	3.3609116	7.122035	-0.07135284	1.6027836
ruin_by	5.2279596	7.4497366	0.0049449024	0.5384108
ruin_my	5.218742	7.2885556	0.076327294	0.23083314
ruin_my_life	5.2709327	7.2679048	0.058919553	0.13114691
ruin_so_many	5.4607954	7.61388	-0.14205919	0.7863815
rule_out	8.575012	7.647161	-1.6045681	0.10232402
rule_out_anything	7.181221	7.0312014	-1.3183144	0.5526319
rule_out_other	8.494621	7.7054214	-1.6133938	0.2406013
rule_out_r_cpd	6.5505066	6.9179764	-0.7299597	0.6927285
rum	2.4703984	7.137218	-1.0313978	2.1635742
rumble	4.5540805	7.077263	1.5905453	1.8702915
run_around	5.100533	7.568616	-0.4293561	1.6080405
run_down	5.0136375	6.971715	-0.22402939	2.8349578
run_in_family	6.1196804	7.123953	-0.12564501	0.3212012
run_in_my_family	5.9914203	6.7981925	-0.5076848	0.24698761
run_joke	5.277821	7.5361233	1.140276	0.8030307
run_to_the_bathroom	4.7086735	6.6278634	1.6922183	1.9149076
run_to_the_toilet	4.8147244	6.7565436	1.201142	1.7267264
runny_nose	4.508261	5.9116263	0.15323362	1.3460115
rush_to_the_bathroom	4.7689695	6.695148	0.65932715	1.9665487
russia	6.1575913	7.3682203	-2.0938213	2.105684
rx	3.337285	6.2300177	-2.1688178	3.0839288
sa	6.187985	7.34915	-2.9194226	2.4502683
saber	6.157333	7.2159805	-1.5700202	1.8872367
safe_bet	5.256545	7.7197204	-0.3863622	2.0345824
sag	5.881867	5.9139886	-0.37045038	2.623744
sake	6.8922477	8.97917	0.120265715	0.54189235
saline	7.8542347	9.288806	-1.4129717	2.606921
saliva	3.9452908	6.401913	0.36327687	2.9786706
saliva_mucus	4.111537	6.6437354	-0.36069158	2.7675061
salivate	4.1075287	6.34969	0.59074986	1.6486477
salivate_a_lot	4.7203994	6.807372	0.6353666	1.4697945
salivation	4.5045757	6.086702	0.14521448	1.5430018
salt	2.6699579	6.489034	-1.5496912	2.4038389
salt_lake_city	7.618333	8.810186	-1.422387	0.9682363
salty	3.1294339	6.8443165	-1.1318213	2.3526654
salty_food	2.8512309	6.8560386	-1.2099947	2.2930498
salvia	4.471474	6.4493265	0.34196314	2.5125072
same_day	7.6501603	9.837042	-1.589529	1.8602871
same_experience	6.0028872	8.183663	-0.07413494	0.46878868
same_problem	5.9968925	7.831552	-0.3332359	0.34479707
same_situation	6.65544	8.467696	-0.14583898	0.2087723
same_time	5.699447	7.658001	-0.4301455	1.7747326
sample	8.3201275	7.9635253	-1.1641827	-0.02110506
sample_size	7.470575	9.068922	-0.92545867	2.0414307
sampling	7.4401994	7.683564	-0.9832228	0.58205825
san_diego	8.073364	8.80827	-1.4695737	0.607917
san_leandro	8.321391	9.385159	-1.688738	1.027376
sandwich	2.3469822	6.852316	-0.87484413	3.09534
sanity	6.624696	8.575492	0.0056472328	0.6041777
sarah	7.22636	7.918783	-1.1694257	0.9303152
sarcasm	5.7895174	7.667967	0.16765083	0.8088506
satan	5.193251	7.4220457	1.1251291	1.727314
satisfaction	5.349478	7.826113	0.47631696	1.5278388
satisfy	5.1734	7.792149	1.6203635	2.5902047
satisfy_burp	5.292687	7.8167586	1.2457163	2.3316948
sauce	2.2974458	6.680376	-1.1576321	2.7027764
sauna	6.019346	7.3470736	-0.93566275	1.7250259
savant	6.1508374	7.3376346	-2.2774456	2.2363923
save_my_life	6.593874	9.041567	-0.042460833	0.82292044
saw_doctor	8.455857	9.538988	-1.6436625	0.9543406
saw_doctor_villari	6.8603454	8.614275	-0.68459034	0.91917646
say_excuse	5.3152957	7.3835506	1.4135263	2.4304981
say_nope	5.3172903	6.861262	1.1133078	2.2347126
sc	8.022015	8.947886	-1.5368437	0.8639642
scam	7.936954	8.348257	-1.2215549	0.4535245
scan	8.648798	7.382545	-2.225057	0.7014456
scare	4.7848163	6.6948743	1.5898364	0.5835314
scared	4.772499	6.685691	1.5982738	0.5890004
scared_of_vomit	5.2244816	7.0420184	0.99826926	0.72677815
scary	4.71825	6.7261186	1.5469549	0.7001825
scary_at_first	5.829862	8.6125965	0.33901364	1.4082971
scary_part	5.8749824	7.744228	-0.8281167	2.1088316
schatzki_ring	6.899293	6.552727	-0.9302843	0.6958589
schedule_for_april	7.597641	9.986045	-1.068693	1.3496395
schedule_for_august	7.420046	9.854895	-0.9301867	1.3410933
schedule_for_june	7.589305	9.697087	-1.1779301	1.335224
schi	7.5519686	9.017457	-1.3431599	1.0588768
science_behind	6.861514	8.448681	-0.28947166	0.6131016
scientific	8.281114	8.001786	-1.0799408	-0.0648929
scientific_argument	7.95888	7.7712274	-1.0875939	0.15556166
scientific_evidence	7.86348	7.740711	-1.0896872	0.23900971
scientific_paper	7.7807827	8.09668	-1.070526	0.30543733
scientific_prove	6.624805	7.3561487	-0.4448357	0.73095375
scientist	8.024238	7.809002	-1.0154243	0.04424104
scleroderma	6.6803346	6.363818	-0.8007191	0.7563093
scope	8.679346	7.582993	-2.2268903	1.0307125
scope_down	6.725636	7.102236	-1.3290865	3.662652
scope_down_my_nose	8.564077	7.6150537	-2.1667657	1.1034802
scope_through	6.729098	7.1038823	-1.3318956	3.6217642
score	5.477708	7.4163966	-0.92690986	1.7679935
scotland	8.889817	9.36697	-1.9517186	1.0693165
scottish	7.5150795	8.005157	-1.1777626	0.6393688
scramble_egg	2.3819418	6.8363853	-0.9051893	3.0416834
scratch	4.542849	8.071019	0.101854056	3.0828085
scratch_throat	4.6945066	8.223455	-0.0138677545	2.8160024
scream	4.8076787	6.9782343	1.7419833	1.7474471
screech	5.7104416	7.731065	-0.2186394	1.6312457
scrunch	5.2489586	5.6967726	0.058721766	2.8682594
scuba	5.8604593	7.1916833	-0.95500267	2.1590626
scuba_dive	5.6988997	7.540091	-0.17404456	1.3527249
seafood	5.7339225	7.391042	-0.93115586	1.7269694
search_on_here	6.642322	6.8996396	0.7741292	3.2326934
search_this_sub	7.6782136	8.437866	-0.5206472	0.14198372
seasonal	5.881593	6.741186	-1.074186	1.8126215
seat	4.6589475	5.9859395	0.37971237	4.0654144
second_appointment	8.299575	9.649896	-1.8934941	1.8746359
second_attempt	7.49593	10.014208	-0.81156653	2.1121294
second_botox_shot	6.976467	8.94437	-0.8696405	1.5396789
second_dose	7.6243014	10.336854	-0.670343	2.4319227
second_injection	7.6409917	10.363505	-0.6674992	2.4161813
second_jab	6.118695	9.355135	0.3604979	2.2129986
second_one	7.637246	10.334301	-0.68436104	2.4472127
second_opinion	7.1578603	8.625488	-0.6683504	0.7204952
second_pregnancy	4.9996414	6.922007	0.76023495	0.39874765
second_procedure	7.620774	10.332741	-0.66244835	2.42123
second_round	7.625601	10.328957	-0.67576176	2.4282317
second_shot	7.6362634	10.339661	-0.67219275	2.4123018
second_time	7.64224	10.338801	-0.6835919	2.450954
second_time_around	7.3904223	10.08588	-0.6007725	2.239309
second_treatment	7.5394416	10.101068	-0.6588981	2.2947922
second_week	5.480315	9.027491	0.64202064	2.4582047
secondary	6.5584116	5.872282	-0.84011745	0.45195472
section	8.158478	8.4427805	-0.99208814	0.005053781
sedate	8.119305	9.673621	-1.6751692	2.459985
sedation	8.115607	9.663689	-1.6737901	2.494339
see_doctor_hicklin	7.319742	9.563388	-0.8589687	1.2424926
see_doctor_schindler	7.5316315	8.979897	-1.3592782	1.0742944
see_doctor_spiegel	7.625231	9.435788	-1.2142557	1.0954365
see_he	8.6650915	9.787504	-1.7109715	1.0382897
see_her	8.589094	9.804415	-1.6456397	1.0343993
see_result	6.345418	9.447355	0.573537	2.1189408
seed	2.732931	6.5980654	-1.4934945	2.3980172
seek	8.690924	8.413416	-1.4938534	0.18322119
seek_help	8.05134	8.02089	-1.0373441	0.0960962
seek_out	8.6835785	8.377729	-1.4683223	0.14408706
seek_treatment	8.48224	8.438299	-1.3104947	0.19389412
seem_to_be_able	5.2961793	6.9491324	1.2169565	2.4157753
seem_to_fit	6.6998854	6.868345	-0.85788554	0.37602714
seem_to_get_worse	5.363885	6.4736695	-0.258104	-0.07183196
seem_to_help	3.057421	6.167722	-1.8988864	2.8761034
seem_to_trigger	2.6810844	6.7913036	-1.2395808	2.3462355
seem_to_vary	5.625439	8.4425	-0.15175703	1.768955
seem_to_worsen	5.5143375	6.3835273	-0.303264	-0.086184755
seep	5.2868	7.7464437	0.47658658	2.210109
segment	6.291141	7.7192426	-0.91228515	1.4695907
seize	6.225085	5.1999893	-0.04373477	2.7792532
seldom	5.9220443	7.6797166	0.39420006	0.84269077
self_advocate	7.0902133	8.384398	-0.6546724	0.828629
self_confidence	5.9774103	7.004746	-0.38061765	0.610482
self_conscious	4.149733	6.778261	0.7860957	1.2773429
self_conscious_about	4.6007624	7.1120176	0.58093065	1.5028228
self_cure	6.4313965	7.168476	1.0949008	3.1469285
self_cure_method	6.645069	6.8415217	0.65637875	3.2077937
self_diagnose	8.482421	7.728015	-1.3385032	-0.10367529
self_diagnose_myself	6.6775713	7.9945397	-0.41940773	0.09950524
self_esteem	5.9250875	6.79688	-0.39819717	0.5217762
self_massage	5.904534	6.2056227	-0.07579312	3.3652189
self_pay	8.8659115	9.654967	-2.1591697	1.6573836
self_refer	8.628557	8.511531	-1.59932	0.2762404
self_teach	6.5254292	7.3257804	0.9839829	2.969602
self_train	7.021406	8.221325	-0.2659785	0.5635064
selfish	6.6837907	8.578159	-0.4430999	0.9478139
seltzer	2.001702	7.145815	-0.6199468	2.1158962
semaglutide	5.7842245	7.35355	-0.6559663	0.7830891
semester	5.2446556	7.6639767	-0.8901535	1.7954873
sen	6.1425853	7.36766	-2.3235497	2.2282186
send_a_referral	8.152727	8.690532	-1.6336486	0.69469994
send_he	8.286114	8.598394	-1.1873257	0.10310472
send_them	8.666576	8.831865	-1.4623953	0.22522138
sensation	4.7821546	6.045874	0.86724424	3.0045161
sensation_in_my_throat	4.500273	6.1018677	0.39618933	2.5989356
sensitive	3.993054	6.2602715	-0.10554057	1.8136349
sensitive_enough	5.9901085	8.2652855	-0.21511556	1.5130694
sensitive_gag_reflex	5.098884	6.9650474	0.678782	1.2471707
sensitive_stomach	5.1355357	7.145184	0.16798475	0.901251
sensitivity	6.2580657	5.555587	-0.9148455	0.43903032
sensitivity_to_botox	6.6086836	8.410004	-0.59407836	1.6561695
sensory_issue	6.2109056	7.493628	-0.44721293	1.1601207
sentence_without	4.350896	7.1682377	0.083133884	2.8268692
separate_issue	6.655513	6.2930746	-0.7430074	0.62906724
septoplasty	6.691684	6.241576	-1.1850803	0.8404771
serious_life_change	5.9885106	8.005192	-0.30273166	0.8479613
serotonin	6.464245	6.27144	-0.902922	1.1743531
service	8.946628	9.355452	-2.0279768	1.1613952
set_of_symptom	6.31161	7.06288	-0.7488483	0.64781094
set_off	4.3682942	6.30221	0.3055574	1.7336109
several_doctor	8.371541	8.311731	-1.6860771	0.44855952
several_hour	2.8714325	6.96137	-0.40867126	2.57101
several_other	8.020815	8.322642	-1.3102685	0.44579288
several_time	4.5186133	7.5577374	1.3210567	1.0978427
several_year_ago	7.610027	7.676081	-1.6028547	0.86134374
severe	4.692947	5.681094	0.13210286	0.5894226
severe_anxiety	5.2936106	6.2309136	0.2088164	0.37381774
severe_bloat	4.3810635	5.6193733	0.32008106	0.90515363
severe_case	6.4168415	6.484294	-0.3497486	0.030447384
severe_constipation	5.124556	5.957134	-0.234206	0.6580678
severe_emetophobia	4.990951	6.6640205	1.2969356	0.33448982
severe_end	5.8131475	7.380219	-0.4225509	0.5875091
severe_gerd	6.4180503	5.828859	-0.9266495	0.3580247
severe_heartburn	5.0014496	6.739715	-0.20497866	1.2425462
severe_impact	5.499204	7.0827312	-0.06918005	0.052992046
severe_nausea	4.5561466	6.324671	0.036337413	1.1496552
severe_pain	4.4896927	5.792282	0.1603205	0.96305305
severe_reflux	6.6569	5.7890286	-1.1759126	0.34596145
severe_regurgitation	5.227828	8.637836	0.06153066	2.2025733
severe_side_effect	7.0992355	9.029918	-0.7522056	1.9803395
severe_underweight	4.538022	6.849035	0.0005526909	1.0666136
severity	5.7568946	5.9750786	-0.32330412	0.01672117
sex_life	5.6852484	7.32709	-0.34555933	0.41370276
shadow	7.0006247	8.525023	-0.33393458	0.52288836
shake	2.4698257	6.5865445	-0.8165947	2.8511055
shake_my_head	5.574764	6.2635417	0.6506677	3.7626908
shake_up	4.7636495	7.2887278	0.027510693	2.029079
shaker	6.511491	6.592419	0.9868875	3.8175004
shaker_exercise	6.473849	6.62659	0.97134525	3.7872672
shaker_exercise_and_larynx_lower	6.4868183	6.5950212	0.8237138	3.7013135
shaker_exercise_cricoid_massage	6.553567	6.5882483	0.7580077	3.6934116
shaker_exercise_help	6.4406605	6.5139856	0.7038381	3.7035434
shaker_exercise_search	6.5884647	6.7014203	0.8448099	3.5965633
shaker_larynx_lower	6.50519	6.604842	0.824805	3.7029064
shaker_method	6.4770722	6.9348593	0.6538748	3.0193121
shaky	4.2397885	6.5856543	0.3681827	2.049111
shallow_breath	3.9139194	6.4093437	-1.2057492	3.5844376
shame	6.1373105	7.8794446	0.46575877	0.5036203
shape	5.392284	5.1851883	0.10921022	2.8802433
shape_my_life	5.596461	7.438512	-0.07669462	0.0520941
share_their	7.1817636	8.645835	-0.08645078	0.10627614
share_your_story	7.029139	8.936297	0.18458195	0.25963068
sharma	8.210331	8.766331	-1.598027	0.6139719
sharp	5.059781	5.442948	0.22585127	2.8991416
sharp_pain	4.944454	5.577371	0.14053321	2.5536041
she_ask	6.823265	7.123699	-1.3924042	3.547474
she_inject	6.7820745	7.5138416	-1.1978527	3.4316719
she_put	6.650456	7.116482	-1.3181882	3.5902505
she_refer	8.810686	8.553117	-1.8027228	0.40628943
she_send	8.424955	7.999928	-1.8881395	0.61485434
she_suggest	6.723907	7.629039	-1.1196679	1.3581507
sheer	5.725682	6.795002	0.31596026	0.80048007
sheet	7.7629566	8.479974	-1.3726026	0.6555383
shepherd	5.704863	7.4480867	-1.1969159	1.9870956
shift_my_head	5.542537	6.213804	0.734577	3.9375856
shirley_oak	8.363968	9.764038	-1.7442139	1.3146988
shit	5.392818	7.878639	1.3731753	0.8553418
shit_suck	6.6325927	8.719148	0.24874663	0.5645062
shit_ton	3.8655555	7.0598474	-0.78116643	2.0402818
shiver	4.347168	7.0677276	0.09891328	2.160877
shock	5.68977	8.155312	1.2959281	0.67242056
shock_by	5.9043274	7.7562966	0.20825295	0.60948807
shoe	5.509406	6.482692	-0.32399258	3.4544225
shoot_pain	5.1623654	5.7862725	-0.14154285	2.6761057
shoot_up	5.01746	6.563024	0.062289592	2.253239
short_answer	5.9813094	7.7218547	-0.6025254	1.1475784
short_flight	5.541047	7.7773476	-0.35921168	1.8860686
short_live	5.5069137	8.550486	0.025042245	1.8871444
short_of_breath	4.2696114	6.105807	0.4263741	1.6275653
short_while	3.8577344	7.458475	-0.49270552	2.5109277
shortly_after_eat	3.8298676	6.9574857	-0.62433875	2.0486073
shortness_of_breath	4.4863205	5.5601773	0.26733705	0.902402
shortness_of_breath_and_heart_palpitation	4.669795	6.491374	-0.08709357	0.9396141
shortness_of_breath_be	5.444209	6.2795267	-0.41612455	0.6145525
shortness_of_breath_etc	4.58968	6.053364	0.025100483	1.1354716
shortness_of_breath_i	4.988444	6.2455792	-0.25660518	1.3003756
shot_of_vodka	2.860018	7.1861067	-1.0134488	2.2392359
shotgun	3.9586837	7.196551	-0.8505353	2.0881772
should_subside	5.6130853	8.797643	0.257152	2.1618834
shoulder	5.494867	5.5339017	0.5021805	3.7563887
shoulder_blade	5.2194633	5.7463984	-0.11771453	2.8072066
shove	5.042548	6.104302	1.0631495	3.2568674
shove_my_finger	4.8210297	6.5553327	1.7514174	2.0427613
shovel	3.1086612	6.9995365	-0.71591413	2.4992816
show	8.66588	7.364951	-2.1566334	0.65527004
show_anything	8.706062	7.533321	-2.1412487	0.6617622
show_he	8.519008	8.460178	-1.2788401	-0.009238994
show_nothing	8.600129	7.386931	-2.178014	0.7126044
show_r_cpd	8.123285	7.5618625	-1.7253435	0.55710113
show_them_doctor_bastian	8.270993	8.471572	-1.2305696	0.12180757
shrink	5.154486	5.7894053	-0.04789483	2.5976343
shudder	5.4044895	6.908764	-0.57042384	2.4454188
shut_down	6.3640428	6.162797	-0.28466842	0.9048563
sibo	6.55405	5.4852257	-0.9689795	-0.024400428
sibo_and_h_pylori	6.342533	7.2838726	-0.58248585	0.7135381
sibo_h_pylori	6.77755	5.9157825	-1.2994944	0.4179999
sibo_test	8.300913	7.503434	-1.9507636	0.6710148
sick	3.9519908	6.5001025	1.1427085	1.3415341
sick_and_tired	5.5922403	7.7913413	-0.05397712	0.6741763
sick_to_my_stomach	4.0733814	6.65822	0.45644125	1.4914594
sick_with_a_cold	4.315151	6.460432	0.23857448	1.845947
sickness	4.487338	5.728448	0.37692326	0.82259136
side_affect	6.943465	9.123563	-0.62120265	1.8810036
side_effect	6.5145926	9.203147	-0.22601356	2.2574248
side_shaker	6.465552	6.5585976	0.6997753	3.6935484
side_stitch	4.7461796	6.6341314	-0.038903352	1.2440225
side_to_side	5.5740747	6.030936	1.0288872	4.0465183
sideways	5.6041036	6.068817	0.85328925	4.0338335
sideways_shaker	6.506142	6.5627484	0.6842057	3.6374087
sigmoid_colon	6.535155	7.209533	-1.1852797	1.1413043
sign_off	7.267459	8.396953	-1.012058	0.9190193
significance	7.475259	7.5393696	-1.0891474	0.5980694
significant	4.6873856	5.9061866	-0.110464156	0.70937306
significant_cheap	8.249139	9.531516	-1.8219564	2.041545
significant_improve	5.3917966	7.4915066	-0.222814	0.31983873
significant_increase	6.376152	7.4599957	-0.96149194	1.3943672
significant_progress	5.7925334	8.736585	0.36324444	1.8107884
significant_worse	4.6698155	6.2734103	-0.02621108	0.4859261
sil	6.115134	7.3165174	-2.0038064	2.053152
silent	4.985315	7.5421767	1.7341312	2.332925
silent_fart	5.897129	7.9366784	-0.20417914	1.346655
silent_hiccup	5.199025	7.4005713	1.0077605	2.1537461
silent_migraine	5.1678243	6.1017385	-0.17011684	0.45879692
silent_one	5.097821	7.641361	1.1997937	2.1343737
silent_reflux	6.3685355	5.35375	-0.90258235	0.08900593
silly	5.774428	7.9514685	1.1682405	0.6934006
simethicone	3.1228993	6.164548	-2.0557442	2.8772888
similar_condition	6.723952	6.918355	-0.81925833	0.57171875
similar_experience	7.2086754	8.829215	0.2469567	0.090563715
similar_issue	6.797099	6.4283605	-0.60758364	0.04656389
similar_situation	7.1547184	8.7231	-0.019079367	0.19632675
similar_story	7.085232	8.516431	-0.13307627	0.12265338
similar_to_mine	6.8002987	8.360993	0.0007688468	-0.050513107
similarity	6.676094	7.826803	-0.07594049	0.36558166
simultaneous	5.460043	5.9546475	0.61739016	3.3384902
since_august	5.753563	7.696992	-0.62029064	0.7919615
since_birth	5.595479	7.0035634	0.43290073	-0.37521896
since_childhood	5.678418	6.7092385	0.10399576	-0.20457652
since_forever	5.7440457	7.6170816	0.077625595	0.15980189
since_infancy	5.7372184	6.859702	0.21425256	-0.28887302
since_then	4.9036694	7.4933677	0.80850875	0.2554679
sing	4.535862	7.45055	0.19828083	2.8692293
sing_voice	5.478034	8.421563	-0.12205865	2.0926695
single_bite	2.9064457	6.8366356	-0.6725894	3.1146116
single_hiccup	4.749243	7.239399	1.31984	1.7565881
single_person	6.6964765	8.022695	-0.13719119	0.38629723
single_time	5.212002	7.203312	0.7170942	0.32281497
singular	5.1543794	7.094836	0.6323408	1.8881778
sinus	5.2937193	5.6939793	-0.24856801	2.3251307
sinus_drainage	4.7760973	6.229433	0.02074243	1.6954064
sinus_infection	5.7666264	6.7634172	-0.6475068	0.8864777
sinus_issue	5.4635525	6.232166	-0.51603055	0.8417734
sinus_pressure	4.8620944	6.312321	-0.109968506	1.4841595
sip	2.4189174	6.8629	-0.65436566	3.137475
sip_after_each	2.7764416	6.759257	-0.9477946	3.4217234
sip_of_liquid	2.7135634	6.767871	-0.88782525	3.4270344
sip_of_water	2.5464263	6.7775855	-0.68183476	3.345209
sip_of_water_after_every	2.6769643	6.780419	-0.8382951	3.3946207
sip_water	2.5456173	6.7787232	-0.607509	3.242856
sip_water_after_every	2.6892753	6.8949175	-0.64908445	3.1446166
sister	5.7781677	7.183567	0.42095283	-0.24765229
sister_both	5.7758403	7.0835037	0.38574532	-0.36175922
sit	4.6527987	5.9642835	0.42922667	4.071358
sit_around	3.9459515	7.149727	-0.5794793	1.9860182
sit_down	4.6898527	5.9586225	0.43684936	4.064053
sit_in_my_chest	5.3553195	6.390442	-0.1710826	2.6586947
sit_in_my_throat	4.493788	6.269409	0.3949539	2.652309
sit_on_the_couch	4.3179564	7.1377087	0.02085121	1.7439154
sit_or_stand	5.362701	6.1891084	0.36950728	3.9419165
sit_right	5.1181197	6.838651	0.39556712	1.8827033
sit_stand	5.451431	6.1978583	0.40336633	3.9722967
sit_straight	5.4297733	6.1462836	0.6046294	3.941236
sit_there	4.5757585	5.8807874	0.6064819	3.1494517
sit_up	4.739717	5.96228	0.41811818	4.123862
sit_up_in_bed	4.350536	7.048277	-0.052888546	2.27384
sit_up_straight	5.4924293	5.979548	0.8921864	3.9738503
sit_upright	4.7686477	6.041201	0.25935772	4.022285
situation	6.3656807	5.9665403	-0.11986666	0.0033448974
six	5.562997	8.8699255	0.24176925	2.0284286
six_day	6.644469	8.998695	-0.4308359	1.5057083
six_month_pregnant	4.3616166	6.840184	-0.19679435	1.3416709
six_pack	5.6564355	7.1997256	-1.191934	1.9793024
six_year	5.4871044	7.2953396	-0.056760777	-0.07211575
sjogren	6.525808	6.068076	-0.800082	0.46883807
skeptical	7.734372	8.034796	-1.0738893	0.86973983
skinny	5.093163	6.897269	-0.022972595	0.011847479
skinny_guy	5.0941973	7.1499133	0.31680566	1.523464
skip_breakfast	4.0017076	7.111986	-0.17669925	1.9582578
skip_dinner	3.3957705	7.189249	-0.51296926	2.1194375
skip_meal	3.7896116	6.987715	-0.7967126	2.0225782
skirt	4.999203	6.454771	-0.27882683	2.0798125
sky	6.3272433	7.497311	-1.0456477	1.5813559
slam	5.0664706	6.4447985	0.10018163	3.5687342
slap	6.799891	6.0954185	-1.2465622	0.48216155
sleep_apnea	6.5331626	5.489805	-1.03268	0.22789495
sleep_at_night	4.3136277	6.9042783	-0.16157065	2.5172653
sleep_elevate	3.7071202	6.219776	-0.32762048	3.8540761
sleep_last_night	4.4695115	7.223326	-0.1265978	2.1550522
sleep_on_a_incline	3.6628225	6.2414804	-0.32342893	3.83556
sleep_on_a_wedge	3.8168108	6.164118	-0.23427549	3.9174545
sleep_on_my_stomach	5.1880417	7.0977173	-0.53510255	1.9856718
sleep_position	5.4428835	7.2270927	-0.73399127	1.4862723
sleep_prop_up	3.7292905	6.216193	-0.29448462	3.8600924
sleep_quality	5.329427	6.164381	-0.52678883	1.0308868
sleepy	4.582423	8.463666	-0.16893494	2.8782387
slight_burn	4.8133726	6.259742	0.078408785	2.0804477
slight_difficulty	4.613423	7.3501706	-0.21598347	2.5700004
slight_discomfort	4.673647	7.885597	-0.10306892	2.9568408
slight_lump	4.6290264	7.8985324	0.020035656	2.938689
slight_pain	4.71341	7.9028625	-0.059142396	2.828609
slight_regurgitation	5.2333646	8.716161	0.12764962	2.319128
slight_slow_swallow	5.3227477	8.851667	0.2931228	2.3255987
slight_sore_throat	4.844971	8.595192	0.026069347	2.7583358
slightly_better	5.0574822	7.9858136	0.17612897	2.1509
slightly_different	6.568132	7.4705753	-0.18405081	0.3482894
slightly_forward	5.6127405	6.1842	0.513813	3.8853767
slightly_high	7.46602	9.095024	-0.9294561	2.1123543
slightly_lower_success_rate	7.1918664	8.660341	-0.926321	1.5884247
slightly_nauseous	4.063423	6.772622	0.44901264	1.5034899
slightly_overweight	5.56216	7.2638283	-0.11885424	0.20772092
slightly_sore	4.6369743	7.9793534	-0.025003778	3.0265658
slightly_sore_throat	4.7528257	8.504408	-0.078323014	2.7996824
slightly_worse	4.7585135	6.3046103	-0.1626926	0.8968468
slim	5.3080354	7.000681	-0.07333765	0.05614404
slime	4.5594797	7.049753	0.18095629	2.674592
slip_out	5.0501623	7.780712	1.7172228	2.6213026
slouch	4.982164	5.944309	0.5245192	4.092028
slow_and_gentle	5.576602	5.966828	0.39949474	3.6122057
slow_but_surely	5.7074227	8.692272	0.8757516	2.426737
slow_digestion	6.0867505	5.8836927	-0.6653544	1.1152542
slow_eater	3.330049	7.1110644	-0.968746	2.321844
slow_get_better	5.3871036	8.985563	0.4389429	2.4259248
slow_motility	6.5814066	5.7387676	-1.0832617	0.6351907
slow_move	5.317201	6.3649645	-0.27129552	2.6116836
slow_progress	5.715177	8.859366	0.51850766	2.103417
slow_release	4.8803077	5.666494	0.7056079	2.5410259
slow_sip	2.7357051	6.84474	-0.76432675	2.6093543
slow_starter	6.303172	9.132246	0.3787554	1.3862084
slow_swallow	5.1522384	8.8754425	0.3564542	2.6180294
slow_swallow_begin	5.148695	8.817819	0.3117324	2.548804
slow_swallow_etc	5.4554086	8.739718	0.15438204	2.0159504
slow_swallow_kick	5.167954	8.801763	0.3094493	2.528742
slow_swallow_last	5.422743	9.115489	0.3703832	2.453675
slow_swallow_regurgitation	5.3969464	8.529346	-0.09171043	2.0020297
slow_swallow_side_effect	6.9250855	9.387326	-0.5655794	1.9293791
slow_swallow_start	5.131572	8.917945	0.34147215	2.6397421
slow_swallow_which	5.1338477	8.850162	0.3358069	2.580246
slump	5.2077045	6.2709684	0.1381639	3.7168684
slurp	2.4820569	6.890511	-0.993065	2.3212295
sm	6.5230966	8.553641	0.16557473	0.7249877
small	5.148272	8.129279	1.701785	2.6854851
small_amount	3.971167	6.269651	0.40269348	2.8861225
small_and_quiet	5.1640706	8.016617	1.644343	2.6145163
small_bite	2.4648464	6.7828965	-0.619001	3.3047416
small_bite_chew	3.2364607	6.9959493	-1.0084336	2.6772594
small_bowel	6.6524434	5.8192286	-1.1698996	1.2401372
small_bubble	5.319604	5.809801	0.49145886	3.1857383
small_burp	5.197408	8.182161	1.7458134	2.7602913
small_camera	6.574774	7.1323104	-1.2528505	3.5563393
small_dose	7.6472797	9.506498	-0.9433891	2.287043
small_group	7.1060104	7.756468	-0.7243301	0.6714485
small_hiatal_hernia	5.95452	6.784134	-0.58133966	0.47133654
small_intestine	5.319721	5.023858	-0.26160562	2.298379
small_intestine_bacterial_overgrowth	6.5584908	5.76565	-1.2023058	0.6453647
small_meal	2.5614216	6.826418	-0.76145434	2.6444206
small_micro	5.35658	8.224384	1.3395233	2.5370662
small_mouthful	2.6949022	6.7802067	-0.87853223	3.3798463
small_one	5.1925626	8.175745	1.740375	2.7554955
small_pill	3.0606759	6.8160057	-0.69181365	3.0700917
small_portion	2.5746915	6.8179793	-0.9197706	2.6638858
small_silent	5.4639797	7.575922	0.9586044	2.188833
small_sip	2.7220814	6.766616	-0.90870637	3.3967605
small_sip_of_water	2.720555	6.772077	-0.88149345	3.4123576
small_snack	2.86785	6.9715543	-0.6234943	2.2782717
smell	4.76207	7.337984	1.678682	1.5968659
smell_bad	5.0147743	7.127586	0.59494305	1.2227473
smell_fart	5.1132793	7.1457143	0.73390305	1.2535914
smell_taste	5.254608	7.2251525	0.834583	1.2963845
smile	5.2483454	7.759444	1.5528532	1.1265994
smoke	2.4247823	6.680376	-0.79479146	2.2560995
smoke_cigarette	5.324541	6.647613	-0.81450427	0.8947398
smoke_salmon	3.1874983	7.0290956	-0.99068975	2.5648417
smooth_muscle	6.3475237	5.3501515	-0.2592143	2.3303335
smooth_recovery	6.8725605	9.187767	0.35784945	0.56708616
smoothie	2.2913384	6.771431	-0.83363414	3.1014347
snack	2.532086	6.8309627	-0.500477	2.5939465
snake	5.7760878	6.5717382	-0.49948508	3.3363976
sneak_off	4.540731	7.225849	0.40026274	1.9786053
sneeze	4.8563685	6.864826	1.5028458	2.826925
sneeze_cough	4.6134577	7.3030457	0.92749554	2.072311
sneeze_or_cough	4.7113514	7.412469	1.0785897	2.1044714
sniff_and_swallow	6.589302	7.067972	-1.1321266	3.5377405
sniffle	4.4086256	6.1672764	0.2859253	1.8840368
snorkeling	4.4015718	6.812425	-0.13206865	1.6855882
snorkelling	5.41976	7.376837	-0.42460346	1.6135405
snort	4.3271947	6.3691773	0.35281327	1.9781569
snot	5.8539305	7.244759	-0.89985675	2.9973497
so_annoy	4.074513	6.712846	0.7304964	1.3453649
so_annoyed	6.294353	8.6353245	0.108275704	0.9391798
so_bad	3.9847422	6.2105637	0.63743037	1.0689037
so_confuse	6.3960414	8.27651	0.112333566	0.6188188
so_cool	6.500527	8.825743	0.42477113	0.43235612
so_debilitate	5.2171726	7.262027	0.11622211	0.3223012
so_desperate	6.690863	8.855409	0.11635166	0.60102785
so_disappoint	6.661906	9.1130085	0.21998185	0.6888626
so_discourage	6.4376793	8.899503	0.50119275	0.69157666
so_embarrass	5.074723	7.6186337	1.6112846	1.2090734
so_excite	6.8721933	9.453287	0.5998381	0.3519603
so_foreign	5.362549	7.455836	0.52734953	1.7430245
so_frustrate	6.0360622	8.422621	0.8564613	0.5211182
so_funny	5.423684	7.8881307	1.3802454	0.9417744
so_glad	6.687445	9.106118	0.6959371	0.20850162
so_grateful	6.58358	8.936596	0.56787384	0.16008589
so_gross	4.8314734	7.1471505	1.1412019	1.9230146
so_happy	6.710418	9.195303	0.69268614	0.2419109
so_hard	4.7363067	6.5274434	1.7899556	1.9663156
so_hopeful	6.774549	9.179517	0.13917425	0.74271667
so_hopeless	4.500979	6.9866805	0.47579986	1.5232178
so_long	6.039749	8.2987385	0.8166812	0.21895938
so_loud	4.8594117	7.4108443	1.6601402	1.5618545
so_lucky	6.5208316	8.628655	0.37688333	0.16132796
so_miserable	3.837914	6.7171445	0.5918768	1.2722626
so_much_better	6.295962	9.567979	0.22537273	1.1399642
so_nervous	7.4333143	9.846625	-1.06805	1.4302244
so_nice	6.683455	9.07165	0.552004	0.28383517
so_overwhelm	6.502562	8.515229	0.084295504	0.78969616
so_proud	6.110866	8.382257	0.31381607	0.47319603
so_reassure	6.52933	8.633568	0.35711497	0.38748947
so_refresh	6.5052686	8.486666	0.21278955	0.26512837
so_relatable	5.4323936	7.669671	0.121126406	0.94688517
so_relieve	6.525431	8.828205	0.72524923	0.10459069
so_sad	6.315001	8.439171	0.34283075	0.47517845
so_satisfy	5.1829896	7.660458	1.3143964	1.9956288
so_scared	4.7827854	6.692275	1.5714747	0.588316
so_sorry	6.56617	8.937561	0.71277833	0.24242637
so_sweet	7.0956326	8.883773	-0.9738842	1.1779526
so_thankful	6.6233063	8.945003	0.6349407	0.11051234
so_thrill	6.704947	9.081451	0.08868504	0.782368
so_tight	5.4677114	5.32612	0.34862065	3.014125
so_tired	3.8905737	6.669804	0.650998	1.2641997
so_uncomfortable	3.8234396	6.5250807	0.7213542	1.4338621
so_validate	6.420015	8.519683	0.3309674	0.16995154
so_weird	5.3211007	7.8655987	1.5179658	1.0786436
so_your_mileage	6.993201	8.801064	-0.8929201	1.5352991
soak	3.3429406	6.9109626	-1.1858022	2.6837924
soap	5.85643	7.414997	-1.0630398	1.9290353
soar_throat	4.8394656	8.370049	-0.1282664	2.6759632
sober	2.542217	7.100754	-0.43709803	1.9377017
social_acceptable	5.40607	7.292144	0.8825019	1.3142624
social_anxiety	5.438774	6.11816	0.02130298	0.13532083
social_event	3.223032	7.1623	-0.16456668	1.7579296
social_gather	3.7539828	7.218178	-0.18861783	1.6916751
social_life	5.2214217	6.543339	0.038058165	0.061084516
social_media	7.676401	8.48371	-0.48131087	-0.17510366
social_occasion	3.6705399	7.211325	-0.4159707	1.6698658
social_setting	3.898476	6.778452	0.3719052	1.6387886
social_situation	3.7027998	6.5380487	0.46929586	1.5792729
socialize	3.3870754	7.171924	-0.19197112	1.746819
socialize_medicine	8.734941	9.011246	-1.8162433	0.91335994
sock	6.187251	7.350282	-1.3529019	3.2221346
soda	2.0548527	7.074222	-0.5395715	2.1431358
soda_beer	2.3377395	7.101492	-0.91160876	2.1527836
soda_etc	3.4250283	7.0710588	-0.8634327	2.0316002
soda_water	2.1257772	7.221663	-0.7997984	2.0764656
sodium	2.8829753	6.5329723	-1.5682659	2.3772905
sodium_alginate	3.5066125	6.3603754	-1.9538871	2.7785103
soft	2.2515655	6.7493176	-0.9585226	2.9950843
soft_drink	2.2444308	7.101129	-0.8371891	2.0884085
soft_food	2.4130042	6.7766366	-0.66482586	3.2524025
soft_food_like	2.5097716	6.8514194	-0.88471967	3.0637448
soft_palate	5.779125	6.071869	0.34810615	3.8122647
soft_pallet	5.675795	6.012234	0.21071924	3.5685747
soft_speak	6.242486	8.092815	0.12384917	0.923772
soft_tissue	5.7361712	5.7154875	-0.358093	2.5615914
solar_plexus	5.503432	5.774669	0.05999992	3.2135024
solid_food	2.491845	6.778305	-0.6391842	3.2853496
soluble	2.7806222	6.675943	-1.3870276	2.3748028
solve_nothing	6.777779	6.6591663	-1.3697534	1.0596749
some_advice	7.274178	9.09425	0.12065564	0.2628799
some_answer	6.8665767	9.17597	0.39768207	0.52230245
some_encouragement	6.8144803	8.839538	0.03409757	0.7456834
some_extent	5.4733067	6.075971	-0.8404812	1.0374051
some_extra	3.4488928	6.316596	-2.063233	3.1493237
some_food	2.3731852	6.6761827	-0.70772684	2.87572
some_ibuprofen	3.3979943	6.449189	-1.768	3.480554
some_ice_cream	2.7539203	7.021444	-0.90016717	2.9110177
some_improvement	6.38141	8.202778	-0.5293518	1.0216084
some_irritation	4.5594964	8.085459	0.08030072	3.164097
some_level	6.3982935	6.6387553	-0.41838372	0.34427443
some_medicine	3.4976387	6.2322397	-2.2071972	3.2725632
some_microburp	5.2590685	8.830314	1.0972362	2.685528
some_mild	4.933348	6.224209	-0.27935952	1.2050233
some_numb_spray	6.397844	7.177804	-1.2545168	3.2781086
some_of_us	6.464305	6.0549655	-0.26949	-0.07831066
some_paperwork	6.4714627	7.685058	-1.6261365	3.2460613
some_progress	6.6213994	9.204858	0.4477882	0.63223356
some_regurgitation	4.2705126	6.9835105	0.7130937	2.5274622
some_relief	5.234746	7.891142	1.6128261	2.4137259
some_research	8.460122	8.422038	-1.0809902	-0.16751708
some_soreness	4.6279607	8.015937	0.013183564	2.97499
some_soup	2.667143	6.9472775	-0.84331787	3.0549548
some_trouble	6.8173447	8.188218	-1.130143	1.1633016
some_tums	3.6759574	6.340397	-1.739753	2.5456667
some_tylenol	4.9603143	8.098693	-0.39686114	2.2932105
some_water	2.4210818	6.7832847	-0.6554658	3.2208395
some_yoga	5.393492	6.2647142	0.20723301	3.937421
somebody_who	6.4303904	7.47459	-0.60245734	0.339021
somehow_related	6.16313	6.313723	-0.28482726	0.31107363
someone_tell	6.2384105	7.750286	0.2858788	0.8956983
something	5.7245483	6.2814007	1.3933179	3.0951567
something_call	6.975089	6.9068193	-1.3125594	1.1116078
something_stuck	4.4948125	7.747753	0.121540725	3.0783641
sometimes_a_little	5.0985737	7.3298182	1.0949919	2.4038048
sometimes_accompany	4.837	6.970947	0.79578733	1.8225
sometimes_ill	4.0725965	7.0341926	0.94491225	1.9837495
somewhat	4.6559644	6.7933803	0.46174663	1.2997909
somewhat_manage	5.203575	7.077795	-0.3963012	0.6785822
somewhat_relieve	4.9581604	7.364707	0.68857914	1.6779236
somewhat_similar	6.168627	7.843385	0.36901528	1.0620357
somewhere_along	5.918817	7.017778	-0.34299263	1.9688
soothe	3.6084044	6.5431113	-1.2943041	2.9800262
sore	4.5645742	8.129578	0.096823245	3.0531147
sore_neck	4.735778	8.562121	-0.10094314	2.7992225
sore_spot	5.5189424	6.755118	-0.4325702	2.524712
sore_throat	4.8024416	8.566894	0.111269	2.7901967
sore_throat_after	7.0484614	9.4433	-1.1084313	2.0246253
sore_throat_afterwards	6.2405677	7.9180875	-0.9638903	2.5217297
sore_throat_go_away	5.52353	8.493078	-0.26447794	2.0989907
soreness	4.668373	8.318937	0.051775504	2.9479697
sorry_in_advance	7.125425	8.516633	-0.2398354	0.30632466
sort_of_like	5.168126	5.943119	0.8778931	3.293312
sort_of_thing	7.067899	8.613754	-0.55968666	0.84119326
sort_soon	6.921354	9.243054	0.40339792	0.52535504
sortie	5.3952575	6.877035	-0.60059994	2.4659965
soul	6.9228683	8.405899	-0.30789387	0.49187973
sound	4.7067122	7.333779	1.7029275	1.883882
sound_a_bit	5.096858	7.5647874	1.0704635	2.3552883
sound_a_little	5.058279	7.5353365	0.5677503	2.3501751
sound_amazing	6.5081763	8.909846	0.31748274	0.634952
sound_awful	6.372798	8.826675	0.55363923	0.6527945
sound_crazy	5.271607	6.880305	1.1363133	2.0821333
sound_different	5.245622	7.802176	1.0735768	2.164914
sound_disgust	5.248126	7.528971	1.0745614	1.0929712
sound_fantastic	6.5216694	8.986994	0.36619267	0.7964459
sound_gross	4.964422	7.217125	0.9596742	2.0897176
sound_horrible	6.2225375	8.509364	0.46639892	0.7442425
sound_insane	5.6059647	6.8203936	-0.37599275	2.685711
sound_more	5.0537724	7.5122747	1.3577801	2.3195162
sound_normal	5.3367786	8.1243105	1.2057437	2.372467
sound_rough	6.4918423	8.746325	0.23890464	0.7789577
sound_scary	5.8368874	8.570548	0.25950488	1.3982011
sound_terrible	6.318981	8.626965	0.36884215	0.72834516
sound_very_familiar	5.730936	7.549731	-0.02634802	-0.018480642
sound_wave	6.133661	6.323992	-0.412718	3.5377495
sound_weird	5.3942585	7.210997	1.2617947	2.5528603
soundless	4.839007	7.334142	1.1841599	1.7766666
soup	2.3008263	6.774234	-0.82060146	3.1359093
soup_and_protein	3.1160917	7.0812416	-0.8865677	2.3930933
soup_smoothie	2.3773544	6.840252	-0.8938805	3.0624306
sour	2.357413	6.637502	-1.2223959	2.4982648
sour_stomach	5.5843296	6.9192033	-0.4156318	0.78165096
sour_taste	4.294787	6.2153635	0.3436021	2.7119439
source	8.413025	8.385258	-1.114765	-0.0710674
sourdough	2.9100814	6.7500253	-1.4159166	2.383173
southern_california	8.597853	9.289634	-1.7226976	0.7563127
southern_indiana	7.1828613	8.504696	-1.1524851	1.0597345
space_above	5.4097495	6.573757	-0.25022134	2.295987
space_between	5.6550226	6.505657	-0.40763837	2.8209772
spain	8.581251	9.095677	-1.7020617	0.6937934
span	6.162454	7.867311	-1.6637424	1.9658082
sparkle	2.269998	7.1914554	-0.8709069	2.0901344
sparkle_water	2.003625	7.1328797	-0.5724585	2.127758
spasmodic_dysphonia	7.697203	7.3788896	-1.337478	0.6626791
spat	4.954486	6.8830466	0.8459441	1.7828934
speak	8.899241	8.41646	-1.6008208	0.18994801
speak_voice	5.428912	7.3945594	-0.48516354	2.3437197
specialist	9.042078	8.551897	-1.7109603	0.10286662
specialist_who	8.893075	8.621791	-1.6319841	0.17914236
specialize	8.643382	8.373551	-1.5086199	0.17632535
specialize_in_medical_anxiety	7.6844563	8.684198	-0.99045986	0.5898316
specific_ask	8.30806	8.633372	-1.67115	0.58312416
specific_design	8.043853	7.708196	-1.6152251	0.5089965
specific_food	2.91069	6.568583	-1.492466	2.127902
specific_name	7.526693	8.268026	-1.2372332	0.7868316
speculate	6.829034	5.674641	-0.7203605	0.51063824
speech	6.5110993	5.850179	-0.6857685	2.092421
speech_language_pathologist	7.5762105	8.207056	-0.97681594	0.43601087
speech_pathologist	8.160756	8.44741	-1.4750735	0.4983142
speech_therapy	8.314704	8.596255	-1.4910123	0.47343072
spend_year	5.8848124	7.2547827	-0.106340565	0.08031225
spew	4.9255414	6.8991275	0.9274581	1.9146336
sphincter	6.362124	4.849802	0.12796704	2.8017154
sphincter_between	5.713136	6.5175157	-0.42458093	2.4195418
sphincter_les	6.354573	5.101562	-0.17116372	2.513266
sphincter_muscle	6.288878	5.1265554	-0.01698476	2.8064868
sphincter_ues	6.390587	4.9760356	-0.0013237238	2.722507
spice	2.6409528	6.724712	-1.2734008	2.3461444
spicy	2.2995825	6.600759	-1.1100305	2.4608462
spicy_fatty	2.854767	6.5929685	-1.4610771	2.2748349
spicy_food	2.3180141	6.5808253	-1.1593367	2.3642786
spicy_stuff	2.792399	6.7587957	-1.2857225	2.3705873
spill_into	6.7490664	6.127877	-0.69154227	0.8496069
spindrift	2.2194405	7.185584	-0.8545011	2.0834548
spine	5.8468575	5.461222	-0.18527466	2.7804265
spirit	2.1823404	7.120004	-0.96786314	2.1366332
spit	3.9385676	6.4142127	0.36257982	2.9997938
spit_constant	3.8853583	6.736939	-0.12995245	2.8816164
spit_out	4.040216	6.4157286	0.3286846	2.950823
spit_up	4.746595	6.837833	1.44809	1.1199018
split_second	4.8944483	6.688662	1.1986479	2.8178294
splutter	4.076733	6.6586637	0.09789085	2.8687904
spoiler_alert	6.1330433	8.447334	-0.07346914	1.1521099
spontaneous	5.15207	7.840063	1.628482	2.5205262
spoon	4.927969	6.3288507	-0.22666949	3.6570623
spot	6.49993	6.8599725	-0.9927376	3.623989
spot_where	5.64191	5.6228375	-0.008556412	3.351649
spray	6.6803102	7.1378894	-1.3153771	3.704403
spread_awareness	7.629894	8.569622	-0.41281298	0.0016894466
spread_throughout	5.4693713	7.8055677	-0.53058267	1.9294049
sprite	2.0520644	7.139202	-0.7018741	2.1175418
spurt	5.5953627	7.0518146	-0.65637195	1.90717
squash	2.764852	6.907749	-1.056523	2.6179454
squat	4.7733994	5.978439	0.31004342	4.0202174
squat_down	5.1426244	6.3626685	0.16947709	3.7344975
squat_instead_of_bend	3.69853	6.2412333	-0.32547328	3.8267787
squat_instead_of_bend_over	3.5822148	6.2860627	-0.3242904	3.7812788
squeak	5.131353	7.3281856	1.1157894	2.1713262
squeamish	7.0625916	8.793746	-1.0463703	1.3180422
squeeze	5.465772	5.550133	0.7663302	3.7190568
squeeze_my_stomach	5.734178	6.167158	0.77995193	3.6371858
squish	5.18005	6.3035154	-0.06329393	2.6729472
squishy	5.7152805	6.5233684	-0.21613826	2.9736369
ssri	3.4305778	6.11119	-2.3237808	3.2192168
st_louis_park_mn	7.2488546	8.824837	-1.2355038	1.1727453
stab	4.850688	5.67276	0.10938707	2.2283373
stab_pain	4.7473745	5.91246	0.06636369	1.751374
staff	8.502234	9.613471	-1.8255336	1.3083347
stage_where	5.988361	8.40599	0.8751955	2.4743326
stalk	6.868698	8.468606	-0.0028850108	-0.17604072
stance	6.103737	7.1575975	-1.304106	1.9366083
stand	4.6919303	5.951255	0.44279155	4.097571
stand_for_retrograde	7.1865134	6.722825	-0.9801263	0.41711476
stand_or_sit	5.337469	6.220287	0.25967005	3.9547894
stand_to_reason	5.884282	5.9091177	-0.5368736	1.5802964
stand_up	4.6857758	5.976948	0.42662963	4.072227
standard_amount	7.295802	9.614397	-0.7489626	2.0015945
standard_dose	7.632487	9.56573	-0.97694856	2.2298648
standpoint	6.6191835	6.2091756	-0.41381538	1.0059447
staple	3.5373263	6.748177	-1.4307358	2.5419197
star	6.174734	7.3389235	-2.885985	2.4265296
starbucks	5.020334	7.4861803	-0.75817597	1.9105804
starch	2.8195682	6.5337706	-1.5582079	2.226322
start_dry_heave	4.5369506	6.6823034	0.67874223	1.974063
start_microburp	5.372768	9.113283	0.6571095	2.5856907
start_salivate	4.5691714	6.5915003	0.37791958	2.3137188
start_shaker	6.563569	6.82562	0.7966032	3.5203784
start_to_finish	7.621899	9.482701	-1.7555585	1.8426057
start_to_subside	5.511008	8.737121	0.28869084	2.1096153
start_to_wear_off	6.087956	9.422923	0.59242123	2.5280108
startle	4.9719963	7.5057616	1.1604989	1.8630729
starve	3.1274648	7.0173907	-0.31335443	2.185172
starve_myself	4.1875634	7.139552	0.051220726	1.6582967
stat	7.7404084	9.531909	-0.9414063	2.2075782
statement	8.194566	7.9372253	-1.0534179	-0.032994196
statistic	8.406372	8.132515	-1.1170776	-0.08313104
stay_away	2.1704445	6.752701	-0.924224	2.2805676
stay_calm	2.6797378	6.766155	-0.66749954	3.30395
stay_healthy	6.489938	8.51164	-0.58880335	1.1555538
stay_home	3.5092435	7.1015396	-0.18084407	1.7901415
stay_hydrate	2.502044	6.831182	-0.7077951	3.1746483
stay_in_touch	6.9058366	9.194648	0.26002294	0.5688513
stay_inside	4.848112	5.6250286	0.7130758	2.5217202
stay_open	6.1636333	6.103821	-0.5130686	2.4182262
stay_overnight	7.770891	9.563044	-1.8413713	1.8703307
stay_the_same	5.8458652	6.8611436	-0.60237956	0.4704482
stay_upright	4.552964	6.791022	-0.17919903	2.5983405
stem	6.4686613	5.7174845	-0.5274095	0.19361424
stenosis	6.164256	6.8015175	-0.6662524	0.6716167
step_3	5.1924176	6.3814936	0.24257506	3.6658177
step_to_address	3.4746034	6.362789	-1.8887633	3.500029
sternum	5.318823	5.7086654	-0.12686215	2.7342074
sternum_area	5.162971	5.6816726	0.031775948	2.5258088
steroid	3.4410868	6.26673	-2.2131681	3.1317906
stewart	7.6616397	8.568307	-1.4034691	0.7930242
stick_my_finger	4.767393	6.4956665	1.8438607	2.030502
stick_my_tongue	5.530028	6.398483	0.71794736	3.8555028
stick_to_liquid	3.074239	6.915313	-1.0825318	2.526627
stick_two_finger	4.814613	6.4608445	1.7683012	2.2017663
stick_your_finger	4.9940815	6.433909	1.5677227	2.5208468
stick_your_neck	5.591361	6.2811646	0.6301964	3.928191
sticker	6.5682735	7.1062713	-1.2071579	3.5186508
sticky_pad	6.4266667	7.1953745	-1.2316124	3.4608843
stiff	5.5266457	5.5515785	0.0039523523	2.9803524
stiffness	5.193553	5.8139453	-0.19727832	2.5751102
stifle	5.662056	7.210194	0.48968896	1.5203277
still_a_little	4.6625557	8.41096	0.05648012	2.9144917
still_able	5.3259673	8.048276	0.982101	2.1656208
still_active	6.1802073	9.484306	0.52764475	2.5302627
still_present	4.736831	6.186498	-0.12112606	0.77667624
still_recover	5.803065	8.951638	-0.10687511	2.1274579
still_sore	4.555283	7.9027667	0.0687293	3.0695922
still_struggle	5.3567395	8.994739	0.7107821	2.497636
still_suffer	5.468831	6.4489746	-0.24493833	-0.025746817
still_unsure	6.991211	7.2991614	-0.98638	0.7494543
stimmklinik	7.5407267	8.506862	-1.2295895	0.8232194
stimulant	3.214105	6.3839207	-1.6134291	2.448823
stimulate	5.7426124	5.331812	0.6794308	3.4217997
stimulation	6.3080497	5.4346433	-0.2720798	2.3670173
stimulus	6.3999424	5.1339955	-0.13557468	2.5756865
sting	6.52943	7.0469866	-1.1979015	3.6665256
stitch	6.043117	6.3880196	-1.051179	1.6398625
stoke	6.3235	8.84651	0.40383857	1.0263156
stoma	6.8456616	6.1580634	-1.3323098	0.5831206
stomach	5.2097716	5.001102	0.18832232	2.5691085
stomach_ache	4.3207765	5.634045	0.40245035	0.8606312
stomach_acid	5.0922	5.209367	0.122591324	2.6890943
stomach_acid_production	5.684017	6.0816813	-0.87568945	0.9460771
stomach_and_esophagus	5.6292014	5.1299486	-0.33625028	2.238327
stomach_area	4.900534	5.8332644	0.123486385	2.3501318
stomach_bug	4.885879	6.6414013	0.9909724	0.36990932
stomach_cancer	6.418204	6.412182	-1.0291336	0.9675086
stomach_churn	5.102989	6.3000174	-0.13290872	1.8096913
stomach_content	5.439959	5.254812	0.26176804	2.9754364
stomach_contraction	5.2357025	6.9093275	0.9679869	1.8586204
stomach_cramp	4.4036927	5.649025	0.29163575	0.9890652
stomach_discomfort	4.6583114	6.135899	-0.06138818	1.2904817
stomach_distension	5.093565	6.029882	-0.38168824	1.3954676
stomach_expand	5.397588	5.1984477	-0.21305278	2.3911726
stomach_flu	4.9909787	6.7852383	0.8650957	0.2947828
stomach_fluid	5.7042584	5.1227455	-0.1833441	2.475891
stomach_gas	4.598948	5.3677087	-0.23128438	1.8752915
stomach_hurt	4.178263	6.8033223	0.18599813	1.3982546
stomach_infection	6.6297636	5.97309	-1.1708472	0.34162548
stomach_issue	5.981469	5.5995092	-0.5773016	-0.1592903
stomach_lining	6.4330254	5.841606	-0.96802974	1.157758
stomach_muscle	5.7532277	5.4965963	0.73003227	3.5529363
stomach_nausea	4.7809796	5.8484473	0.003518729	1.3369703
stomach_noise	4.493298	5.9119453	0.1421574	1.1644653
stomach_pain	4.316333	5.5623894	0.38890502	0.86617553
stomach_problem	5.8869133	5.788924	-0.5594049	-0.05324543
stomach_rumble	4.6231637	7.139594	1.413722	1.756988
stomach_ulcer	6.5325046	5.722413	-1.1834497	0.34103224
stomach_vacuum	6.464511	6.552085	0.6095006	3.554251
stomach_virus	5.0726113	6.956722	0.83826697	0.35098997
stomach_wall	5.6572485	5.636082	-0.4446895	2.255025
stomachache	4.1901636	6.3410063	0.23194256	1.3541957
stool	5.2715197	4.9795504	-0.22775519	2.282118
stool_sample	8.459773	7.4458976	-2.0920854	0.7346818
stool_softener	3.5246143	6.3429904	-2.0354068	3.4053597
stool_test	8.513025	7.377058	-2.1294506	0.71342075
stop_altogether	6.35688	8.487008	-0.5992946	1.4140794
stop_eat	2.513952	6.811804	-0.5080086	2.6422808
stop_myself	4.8250484	6.5836706	1.6412727	1.8450123
stop_smoke	5.1700397	7.0701337	-0.051818896	0.79243785
stop_take	3.3480425	6.026627	-2.3480866	3.1123586
stop_work	6.104476	9.516713	0.56838936	2.5512774
story	7.480638	8.794264	0.109313875	-0.413519
story_here	7.1339984	8.611117	-0.11556076	0.12772107
stout	2.3230329	7.1570816	-0.9906311	2.1107924
straight_into	6.5400987	7.1588097	-1.1701069	3.5219417
straight_shoulder	5.4049854	6.2124267	0.29625678	3.934384
straighten	5.6460257	6.194114	0.59112877	3.8828347
straighten_my	5.704782	5.9325037	0.9419249	3.8002837
strain	5.6058416	5.5821333	0.92183745	3.479977
strange_noise	4.51182	7.211138	1.2185998	1.497136
strange_sensation	4.6215496	7.0623903	0.15883473	2.544293
stranger	6.234033	8.019212	0.36627728	0.5967703
strangle	5.00587	7.304206	1.1004418	1.8560865
stream_of_air	4.0077634	6.496901	-1.1370176	3.4901617
strength	6.0624304	5.3265076	0.56700546	3.4196837
strengthen	6.1780343	5.266641	0.5481523	3.3084831
strengthen_muscle	6.3743143	6.458164	0.42938253	3.3492327
strep	5.0157766	8.196	-0.17080645	2.3036826
strep_throat	4.6734095	7.9639883	-0.044309177	2.792316
stress	5.0884595	5.9639864	0.46806028	0.4034522
stress_about	5.2163	7.9880795	0.76005703	2.147865
stress_and_anxiety	5.9535546	6.0664687	-0.50635266	0.8152548
stress_anxiety	6.0767565	5.9785967	-0.5812705	1.0927879
stress_enough	5.9108257	7.455841	0.6495598	0.7502092
stress_or_anxious	4.966057	7.173257	0.115122646	1.457939
stress_situation	5.08459	6.9838123	0.62613	1.3058395
stressor	6.4822683	7.600618	-0.71863216	0.9559204
stretch	5.8652554	5.4215894	0.69162023	3.6093736
stretch_colon	5.6266303	5.860757	-0.56743145	1.6586313
stretch_exercise	6.341634	6.3076816	0.483992	3.5109963
stretch_my_neck	5.5238295	6.0794163	1.0645398	4.0207014
stretch_out	5.8937798	4.8593316	0.13247393	2.6958435
stretch_out_esophagus	6.479362	6.2570186	-0.4655549	1.6615996
stretch_your_neck	5.634461	6.193473	0.6282262	3.9997287
strip	5.152835	6.998352	-0.7511543	2.3371372
strive	5.9030213	7.366051	-1.1386435	1.8838009
stroboscopy	8.146262	9.277821	-1.802243	1.4903044
stroke	6.7519116	6.6761208	-1.1808987	1.1116815
strong_link	6.6693645	6.581063	-0.53352576	0.23498377
strong_reaction	4.3883395	7.0479336	0.90981483	1.0197874
struggle	5.599749	6.441244	-0.09935795	-0.13911636
struggle_a_bit	6.116227	8.908239	0.2715727	1.5337371
struggle_a_lot	5.642815	6.490535	-0.16072257	-0.015286704
struggle_to_breathe	4.2743163	6.4614644	0.54166806	1.7362988
struggle_to_swallow	3.0008254	6.9278746	-0.7171906	3.002815
struggle_with_emetophobia	5.7500644	7.130179	-0.13972467	0.14716846
struggle_with_the_same	6.5974298	7.514317	-0.2821843	0.18846895
stuck	4.2574053	6.263041	0.58927387	3.0151117
stuck_air	5.079695	6.036051	0.24979028	2.3207452
stuck_around	5.849995	8.760129	0.5299804	2.0363524
stuck_in_my_chest	4.7330327	6.220238	0.3910063	2.4375913
stuck_in_my_esophagus	4.7525396	6.1754184	0.3408757	2.4405725
stuck_in_my_throat	4.2790537	6.309969	0.5506132	2.8427591
stuck_in_your_throat	4.0799828	6.647102	0.15828106	2.845043
stuck_my_finger	4.7709107	6.51774	1.8145092	2.0455923
stud	6.724208	7.153603	-1.2659426	1.2555969
study	8.466274	8.167884	-1.141832	-0.12752749
study_and_potential_participate_please	7.3973947	7.791554	-1.059122	0.657262
stuff	2.34902	6.6419325	-0.8195579	2.936923
stuffy	4.749876	6.285561	0.07255851	2.1393483
stuffy_nose	4.3708086	6.386354	0.2866784	1.9493635
stumble	6.6762695	8.338897	0.101330884	-0.28346986
stumble_across_this_subreddit	6.5463214	8.289602	0.10958462	-0.23893085
stumble_upon	6.9786835	8.398569	0.09171967	-0.44905078
stumble_upon_this_sub	5.894709	7.801323	0.008171636	-0.16321683
stupid	5.670801	7.9602923	1.2422754	0.74370193
stutter	5.9135904	7.414513	-0.020441748	1.7545644
sub	7.6178164	8.674654	-0.023369813	-0.53785765
sub_reddit	6.7020764	8.342349	0.0039304756	-0.18512061
sub_wiki	8.134301	8.522312	-1.0359491	0.08396705
subconscious	5.782224	6.3380733	1.4302683	3.1971495
subject	8.372472	8.112731	-1.1045133	-0.089556776
subjugation	6.619516	6.8887568	-1.2481693	1.3139427
submit	8.955656	9.457416	-2.0990512	1.306609
subreddit	7.624667	8.690093	-0.0277149	-0.5225191
subreddit_wiki	8.092142	8.535469	-0.93806434	-0.0058533396
subsequent	6.280868	8.402092	-0.8577074	1.753372
subsequent_injection	7.517024	9.475229	-0.96571904	2.0266044
subside	4.5395656	6.137822	-0.030287825	0.76064557
subside_a_lot	5.2567225	7.307669	-0.1620206	0.8769482
substantial	5.611318	8.482211	0.66792274	2.1172724
subtle	5.3594613	7.2461524	0.9000172	2.4146144
succeed	6.469004	7.272201	1.0284642	3.0176551
success	7.4378586	9.602238	-0.6399224	2.4073296
success_appeal	7.4973755	8.829405	-1.2998569	1.0703596
success_rate	7.6867294	9.891898	-0.8519897	2.4211168
success_so_far	7.1237044	9.746877	-0.6338692	1.8866483
success_with_shaker_exercise	6.6866317	7.004046	0.67866063	2.9983785
succession_of_microburp	5.587673	8.543272	1.0397141	2.370171
succinylcholine	6.0978165	6.442835	-0.89321315	1.2393045
such_a	6.277354	8.377801	0.75460553	0.13733089
such_a_bummer	6.1848726	8.670098	0.40378702	0.9794546
such_a_nice	6.2110286	8.374493	0.3457267	0.2752054
such_a_novelty	5.5550814	8.59993	0.45306718	1.8357579
such_a_relief	6.501977	8.8295555	0.707591	0.12778339
such_a_shame	6.689822	9.024675	0.366618	0.6327358
such_a_strange	6.5118384	7.8578854	0.10021766	0.43070382
such_a_weird	5.9528084	7.8194704	0.43818554	1.0463431
such_bad	4.4263043	5.9365187	0.2314033	0.9238051
such_discomfort	5.935969	7.031042	-0.2981209	0.66475976
such_severe	5.0315022	6.016226	-0.13858132	0.6312556
suck_in_air	5.4445295	6.3731594	1.0654846	3.4188378
suck_so_bad	5.7836437	7.7986794	-0.35744402	1.0555329
sucralfate	3.3887708	6.2552276	-2.1246831	3.1484854
sudafed	3.5346	6.8144016	-1.4002403	2.8029761
sudden_onset	5.502444	7.0726256	-0.5116073	0.7839066
suddenly_develop	5.748972	7.3483977	-0.12723354	0.37049127
suffer	5.696106	6.346004	-0.08388267	-0.29142955
suffer_a_lot	6.0389953	6.9651375	-0.5000243	0.14233229
suffer_from_constipation	5.9360633	7.140671	-0.44671324	0.29077825
suffer_from_emetophobia	5.2029696	6.84606	0.90703326	0.21721818
suffer_from_r_cpd	6.837046	6.833087	-0.53497875	-0.14990932
suffer_from_severe	5.603279	7.0918574	-0.009052562	0.19202389
suffer_my_entire	5.902815	7.6690392	-0.039252046	-0.13589786
suffer_the_same	6.478207	8.141572	-0.15818542	0.77194405
suffocate	4.3641386	6.316249	0.54783463	2.4967287
sugar	2.2703338	6.4833865	-1.313191	2.4020166
sugar_alcohol	2.9009535	6.5463347	-1.5505809	2.1998231
sugary	2.2377946	6.8332095	-1.0301751	2.2622397
sugary_food	2.903683	6.731068	-1.3990619	2.2220159
sugary_stuff	3.4525733	6.8911085	-1.0270196	2.1988971
summon	5.2327104	7.4622936	1.0624825	1.7419815
sunday	7.560479	10.154311	-1.2837726	1.6260822
super_annoy	4.6907754	6.937636	0.47807556	1.8829923
super_anxious	5.7331166	8.739969	-0.058773413	1.6424586
super_bad	4.2695847	6.346203	0.296894	1.3379834
super_bloat	3.7474422	6.492498	0.7099386	1.4932522
super_early	6.1502757	8.839069	0.0069404426	1.4852883
super_embarrass	5.089991	7.5633936	1.4586844	1.2655395
super_excite	6.9177437	9.470251	0.49743378	0.45256418
super_fast	4.0534673	7.238484	-0.65001255	2.1814651
super_frustrate	6.6540413	8.81183	0.022879291	0.7342964
super_full	4.0263743	6.7888474	0.28017882	1.5695431
super_gassy	4.691612	6.9641786	0.519493	1.5761528
super_gross	5.214006	7.151612	0.99224085	1.0816636
super_hopeful	6.359682	8.806503	0.2401182	0.9907049
super_hungry	4.1154766	7.059548	-0.0037822828	1.9456491
super_loud	4.723894	7.309788	1.5241886	1.734371
super_low	5.746253	6.918121	-0.72189146	1.6774603
super_nauseous	3.86742	6.5163608	0.71221095	1.4992188
super_nervous	7.5561824	9.91036	-1.1688583	1.4200795
super_pain	4.385554	6.4517646	0.5628646	1.652049
super_power	6.295126	8.3535795	0.19892403	0.69400734
super_quick	7.8968906	9.531365	-1.7716837	2.1102192
super_rare	5.5913134	8.220095	0.063289076	1.5731502
super_relieve	5.2635427	7.831486	1.2610097	2.2532961
super_scary	5.9464912	8.566954	0.35291678	1.2451684
super_sensitive	4.893667	6.760208	0.76956993	1.8294473
super_skinny	5.3282895	7.0109377	0.04205733	0.01723435
super_strict	5.4297037	7.2514896	-0.4755494	0.61571544
super_thin	5.631347	7.5198774	-0.61149246	1.5255879
super_tight	5.373476	5.811771	0.21953389	3.025861
super_tiny	5.3921294	7.3255234	0.1397596	1.9061618
super_tired	4.857525	8.514776	-0.12485845	2.7044363
super_uncomfortable	3.8769846	6.553561	0.7105321	1.4342884
super_weird	5.285445	7.475938	0.49794388	1.9515384
supermarket	3.3042157	6.908979	-1.2029437	2.5336933
superpower	6.1922665	8.023064	0.31387383	0.58326495
supplement	3.1426952	6.116502	-2.1812775	2.970893
support_community	6.6138787	8.515625	0.23466049	0.18763193
support_each	7.0655103	8.735603	-0.011318399	0.40975237
support_evidence	6.86047	7.404375	-1.129075	0.7389912
support_group	7.49353	8.377936	-0.47473633	0.013461246
suppository	5.315275	6.929145	-0.8528411	2.5371737
suppress	5.667026	6.378317	1.4855053	3.0933652
suppress_it	4.8950796	6.597629	1.6950699	1.7393706
sure_as_hell	5.778684	7.389047	-0.5194905	1.372664
sure_what	6.200666	8.556743	0.5931254	0.9445828
surface_area	6.169988	7.1291113	-1.0707586	1.9142023
surface_tension	5.5645695	5.477555	-0.3431945	2.6343002
surfactant	5.2818427	6.2981324	-0.22906539	3.6576772
surge	5.155672	7.4067464	-0.31975538	1.291002
surgeon	8.899009	9.006574	-1.698742	0.5117971
surgeon_who	8.68368	8.698402	-1.569855	0.31129324
surgery	8.219181	10.192064	-1.3855095	1.8875874
surgery_center	8.1260805	9.492478	-1.7679689	2.142606
surgery_itself	8.248893	9.640298	-1.9310288	2.0512733
surgery_on_wednesday	7.031892	9.075732	-0.99543756	1.2941054
surgery_room	6.5203753	7.805329	-1.6518738	3.238904
surgery_schedule	7.9897776	10.039797	-1.346562	1.2642478
surgical	8.659829	9.408659	-1.9672856	1.3081974
surgical_center	8.2237625	9.628897	-1.9489595	1.8889071
surgical_option	7.2418375	8.823853	-1.009155	1.694966
surprise_by	5.684027	7.8105702	0.6513007	0.99819005
surreal	6.221166	8.723809	0.3988571	0.9090874
surround_area	7.6415443	8.521257	-1.4106636	0.78888255
survey_here	6.7640023	7.3335156	-0.54361373	0.23020022
suspect	6.608651	5.4234834	-0.8891084	0.103384115
suspect_r_cpd	8.286305	8.057365	-1.8019594	0.58269024
suspect_that	6.6599445	5.55956	-0.7095652	0.41865638
suspicion	6.434867	6.215533	-0.86785704	0.4105491
suspicion_that	6.378379	6.2671046	-0.593603	0.3443434
swallow	2.704808	6.7334614	-0.40696487	3.2552807
swallow_a_lot	4.677911	5.616373	0.6604926	2.49323
swallow_a_ton	4.7510796	5.5772176	0.6790277	2.4945211
swallow_air	2.3707385	6.8343716	-0.396213	2.3126612
swallow_and_sniff	6.7239265	7.318383	-1.2295107	3.5217872
swallow_difficult	5.3470783	8.4298115	-0.13815743	2.1143148
swallow_difficulty	5.2171535	8.5870905	-0.011763671	2.23975
swallow_disorder	8.305336	7.883827	-1.3585079	0.37773353
swallow_food	2.5785325	6.784782	-0.54470265	3.2597108
swallow_issue	5.5670314	8.544013	-0.2450337	2.2032213
swallow_less	4.769088	5.558713	0.6788546	2.4981427
swallow_liquid	3.0480714	6.8077016	-0.53598386	3.1039677
swallow_more	4.6621475	5.6287084	0.6253115	2.4516368
swallow_my_own	3.868869	6.5884805	0.17761706	2.8979838
swallow_pill	3.3687088	6.816999	-0.33690074	2.735773
swallow_problem	7.1603637	6.2635765	-0.9957035	0.75291723
swallow_proper	3.6241925	6.8011546	-0.2115198	2.7989714
swallow_reflex	5.028575	7.0567174	-0.41837355	2.3562992
swallow_saliva	4.2324505	6.496493	0.28605554	2.715854
swallow_solid	2.7738476	6.8201637	-0.5766684	3.1116586
swallow_study	8.683347	7.5570188	-2.2213473	0.95786035
swallow_technique	5.9765697	6.853354	0.4237114	2.7149656
swallow_test	8.731057	7.516446	-2.2229118	0.82626873
swallow_water	2.9663298	6.7887645	-0.50087565	3.145201
sweat	4.1192164	6.45106	0.50729036	2.006414
sweat_shake	4.5752907	6.246291	0.33749637	1.4656703
sweater	5.4280987	6.3800592	-0.17960262	3.356212
sweatpants	4.3708606	7.084238	-0.3667823	1.8176346
sweet_potato	2.564154	6.8179097	-1.109075	2.7115035
swell	4.5644226	7.9784036	0.113258	3.0761523
swell_throat	4.841455	8.54768	0.07896449	2.7792625
swig	3.0708516	6.836031	-0.735775	3.0389235
swig_of_water	2.8835115	6.804621	-0.83904105	3.2936597
swim_competitive	5.151547	7.416478	-0.7429666	1.6013212
swish	3.168067	6.876826	-0.6719604	2.8670783
switch_side	5.3004465	6.8903165	-0.38984028	2.4672563
sydney	8.789993	9.272906	-1.7466758	0.7034091
sydney_australia	7.751516	8.843742	-1.3296572	0.7515814
sympathy	6.6805124	8.586794	0.08135488	0.58644134
symphony	5.1778436	7.154614	-0.60825914	2.2051842
symptom	5.8745723	5.5362945	-0.48412567	-0.21256448
symptom_associate	6.1885886	6.841124	-0.55262756	0.19361235
symptom_disappear	5.3770957	7.4011784	-0.1826226	0.1303795
symptom_free	6.300137	9.565641	0.21702108	2.1373363
symptom_get_worse	5.457765	6.4980035	-0.25498033	-0.16717985
symptom_include	4.90124	5.675114	-0.07543642	0.8124661
symptom_of_r_cpd	6.0355806	5.636585	-0.5177816	-0.15476537
symptom_vary	6.0763035	7.6722717	-0.26668248	1.0387602
symptom_wise	5.4167757	7.170816	-0.42332837	0.5238732
symptom_worse	4.120269	6.84214	0.83284396	0.9931517
symptom_worsen	5.427137	6.548581	-0.22871086	-0.13825218
symptomatic	6.1600733	6.1881795	-0.65737116	0.52248436
syndrome	6.828885	5.7735643	-0.795951	-0.20964262
syracuse	7.716	8.539932	-1.30116	0.65377146
syringe	7.8192387	9.265849	-1.3762248	2.587151
syrup	2.8543646	6.86068	-1.2798971	2.4961114
systemic	6.578594	5.9927955	-0.9430254	1.0981063
t_rex	5.057708	7.402741	1.3787427	1.6961548
tabla	5.9933	7.2050185	-1.5227427	1.9971181
tablespoon	2.9332674	6.859073	-1.2986461	2.5076776
tablet	3.006581	6.336547	-1.8107221	3.0148647
tabletop	5.717243	6.5771074	-0.19014762	2.996802
taboo	5.173849	7.50859	1.1835371	1.1189113
tachycardia	6.1935515	6.187783	-0.7578903	0.65997416
tack	6.0665917	7.394661	-1.506556	2.0132895
take_a_ppi	3.5794258	6.0807443	-2.063145	2.8302526
take_adderall	4.9854794	6.9121847	-0.3617209	0.9241728
take_amitriptyline	5.4511547	7.4333405	-0.6579686	1.5077006
take_antacid	3.48045	6.0871673	-1.8370162	2.888054
take_antibiotic	5.2208843	7.0670357	-0.5426295	1.0332918
take_big_gulp	3.115043	6.9037704	-0.650455	2.4597113
take_deep_breath	5.043794	5.813302	0.6139313	3.7990143
take_digestive_enzyme	3.2967782	6.5285325	-1.6658955	2.462947
take_effect	6.080358	9.460421	0.5803015	2.5241895
take_gas_x	3.3416557	6.2186966	-1.8952172	2.9145658
take_gaviscon	3.400963	6.1144247	-2.0386372	3.0423608
take_ibuprofen	3.4493144	6.6179705	-1.4320766	3.0298085
take_into_account	7.08444	8.826771	-1.0708858	1.5281157
take_magnesium	3.7208416	6.534128	-1.7009983	2.6297672
take_medication	4.9555836	5.8325677	-0.5078752	0.5455191
take_more_effort	4.736149	7.506697	0.057212774	2.6241739
take_omeprazole	3.3415992	5.9836955	-2.3821619	3.1043935
take_pepcid	3.3507795	6.0726	-2.1535187	3.0538967
take_pill	3.3969328	6.801631	-0.36049393	2.7606761
take_ppis	4.9811954	5.8909082	-0.51885587	0.5095547
take_prilosec	3.3950405	6.074524	-2.3604014	3.1693764
take_probiotics	3.2890046	6.266347	-1.9480164	2.6597183
take_serious	8.676738	8.021278	-1.4208347	-0.058985498
take_shot	3.1730552	6.9665265	-0.5832732	2.4992788
take_small_bite	2.492431	6.7875996	-0.63292485	3.2655165
take_small_sip	2.5228612	6.8458676	-0.614964	3.0404804
take_some_tylenol	3.3634992	7.1045637	-0.95696086	2.7093673
take_tums	3.3386762	6.1055665	-1.9559085	3.0146334
take_tylenol	4.8668485	8.21115	-0.22825272	2.6511915
take_xanax	3.6339576	6.348914	-2.0497892	3.323185
tale	6.586564	8.26939	-0.25145546	0.15690194
talk_a_lot	4.020401	6.8890615	0.16122922	2.7825944
talk_laugh	3.0882552	6.8284354	-0.4677711	2.6749005
talk_loud	4.2740326	6.971179	0.21320695	2.788296
talk_to_doctor_bastian	7.809538	9.566592	-1.3372294	1.1202743
talk_to_her	8.134771	9.628996	-1.5407172	1.0606723
talk_to_my_pcp	7.5986724	9.1082945	-1.2988353	0.9949121
tan	5.9719944	7.1500773	-1.3974074	1.991254
tangle	5.6622863	5.675024	-0.21634685	2.8359919
tap	5.278793	5.8693933	0.44305786	3.9317155
tap_water	3.4765575	6.9517326	-1.0619042	2.1245785
tar	5.40329	6.9258327	-0.63228214	2.2314222
target	6.2539964	5.2301664	0.2953825	3.1654243
taste_acid	4.753505	7.1000514	0.24491246	2.1672
taste_anything	5.2223673	7.4808874	1.3047545	2.194796
taste_awful	3.5059319	6.7330136	-1.3774582	2.803131
taste_bad	4.7622275	7.1728663	0.88753885	2.053903
taste_delicious	5.718754	8.963139	0.3734854	2.1205552
taste_great	3.12473	7.000202	-1.1047133	2.6326337
taste_gross	4.64467	6.8271837	0.6643378	2.3643384
taste_horrible	5.1554384	7.762985	-0.538178	1.8708266
taste_in_my_mouth	4.4826856	6.806706	0.42920828	1.8141717
taste_like_bile	4.864268	6.990757	0.82457894	1.8781213
taste_like_vomit	4.8808904	7.133927	0.9269931	1.8941605
taste_or_smell	5.196867	7.492068	1.2646282	2.2049172
tea	2.1622415	6.6972184	-1.1276212	2.395997
teach_my_body	6.0752316	8.300489	0.9142851	2.2580488
teach_myself	6.314038	7.2764816	1.1578759	3.0819912
teach_myself_to_burp	6.345356	7.2797756	1.1366748	3.0425644
teach_themselves_how	6.4930267	7.2338343	0.9836222	2.9914076
teach_your_body	6.077331	7.3266344	1.221428	3.0511522
teach_yourself	6.2008677	7.2132854	1.1662635	3.1139092
teach_yourself_how	6.151001	7.5219407	1.174578	2.9325085
teach_yourself_to_burp	6.556325	7.2685256	0.9516622	2.971686
teach_yourself_to_squat_instead	3.604972	6.2680717	-0.3372503	3.794726
teammate	5.7425857	7.568126	-0.5951337	1.4331726
tear_up	4.378293	7.108469	1.0737027	1.398979
tears_of_joy	5.894281	7.687608	-0.46272412	1.5039078
teary_eye	4.4071183	7.203203	0.8460711	1.4388552
tech_neck	5.824497	5.8170114	-0.32634476	2.7551534
technical_possible	6.7856483	7.805003	-0.6955876	0.90805507
technique	6.3360095	6.4859195	1.0279928	3.7852826
tee	6.1085057	7.249699	-1.4640956	1.8779763
teen	5.4000044	6.9996715	0.23730302	-0.19064417
teen_and_early	5.619462	7.2603307	-0.24414425	0.08122197
teen_year	5.274199	7.012201	0.27683264	-0.014636956
teenage	6.112152	7.3538337	-0.30236766	0.13125911
teenage_year	5.570016	7.547796	0.58135897	1.0236099
teeny	5.3249655	8.102485	1.2691407	2.4222314
telehealth_visit	8.0548525	9.596446	-1.5711457	1.2134372
telemed	7.7336836	9.591964	-1.4076494	1.291421
tell	8.807385	8.078057	-1.5619065	0.029220594
tell_he	8.842746	8.148339	-1.6090076	0.023169318
tell_my_primary	7.889905	7.9697633	-1.2687149	0.15231627
tell_myself	4.775642	6.6299343	1.733367	1.1869246
tell_people	5.3626733	7.6769123	1.4356867	0.88853997
tell_them	8.812576	8.128328	-1.5764583	0.03722288
temple	6.092524	6.851543	-0.8938221	2.321202
temporary	6.9708962	9.289294	-0.3561512	2.4271984
temporary_relief	5.6501594	7.764271	0.8448199	2.0780094
temporary_side_effect	7.0725894	9.081937	-0.71518576	1.9787576
temporary_worse	5.7484827	6.633252	-0.82915217	0.8454416
tend_to_get_worse	5.4335713	6.4777036	-0.278421	-0.16241919
tend_to_happen	4.7216806	6.7574406	0.23954664	2.3279355
tend_to_swallow	4.5159664	5.7436614	0.5799651	2.3802602
tend_to_worsen	5.5098	6.2836947	-0.30819213	-0.05796181
tend_to_worsen_with_age	5.7766967	6.57508	-0.5503954	0.3973739
tender	5.2275677	5.908908	-0.21002741	2.7260458
teng	7.6568794	9.192216	-1.2874424	0.98612875
tennessee	7.840237	8.774987	-1.4274619	0.7075558
tennis	5.125447	7.1185665	-0.9175316	2.1683547
tennis_ball	6.045844	6.2889533	0.614136	3.8707082
tense	5.950584	5.172577	0.63018566	3.2621598
tense_muscle	6.36334	5.781889	-0.08075416	2.5344048
tense_my_abdomen	5.3016706	7.427087	1.0373569	2.448699
tense_my_stomach	5.553987	6.3599586	0.6579568	3.6647308
tense_my_throat	5.7176323	6.0943527	0.26582223	3.063974
tense_up	5.9109144	5.217136	0.66599923	3.2513692
tension	6.0194736	5.0156627	0.4095835	3.067624
tequila	2.3046718	7.15324	-0.98950356	2.1341565
terrible	4.1032143	6.0367393	0.5538109	0.95266926
terrible_bloat	4.5869865	6.2874637	-0.08994217	1.1011617
terrible_emetophobia	5.2071147	6.8606358	0.7712976	0.27458236
terrible_heartburn	3.6319273	6.409439	-1.9531778	3.2812226
terrible_hiccup	5.1820474	7.257758	-0.09301386	1.257583
terrible_pain	4.5190864	6.1593685	0.13021402	1.4764687
terrify	4.7887397	6.6827884	1.5703375	0.57260007
terrify_of_throw_up	5.184078	6.994811	0.9849332	0.73662835
terrify_of_vomit	5.148392	6.9545765	0.95999897	0.57856154
test	8.741301	7.493797	-2.2043433	0.72687167
test_for_celiac	6.5290723	5.9032717	-1.2522545	0.49672753
test_negative	6.6119866	6.0546474	-1.2247264	0.38871315
test_result	8.49427	7.734759	-1.9930828	0.65553635
test_to_confirm	7.1930733	7.1421866	-1.2846451	0.6202947
testimony	7.1343107	8.612988	-0.14558487	0.18237057
testosterone	5.6440134	7.233719	-0.69344074	1.4827859
texas	8.729208	9.234376	-1.7392929	0.6924711
textbook_rcpd	6.221346	7.2591043	-0.39955643	0.5730756
texture	2.345559	6.7094045	-0.94135493	2.9507372
than_before	4.17861	6.96978	0.6231747	1.8613508
than_late	6.5701475	8.353166	-0.4591119	1.0042758
than_normal	4.132563	6.190058	0.55051035	2.2498517
than_regular	5.1374283	6.858253	-0.32803547	1.2551765
than_the_rest	7.0856547	7.3589416	-0.58461267	0.68615294
than_usual	3.9511454	6.644428	0.6457585	2.0709448
than_yesterday	4.8708425	8.240015	0.19395153	2.701077
thank_u	6.847682	8.8122635	0.18275332	0.52228415
thank_you_also	6.8178387	8.3296585	0.13165677	1.0960778
thank_you_and_congratulation	6.4544935	8.953165	0.14194041	1.046798
thank_you_definitely	6.5372944	8.520858	-0.2652937	0.99645936
thank_you_everyone	6.7011285	8.991008	0.11676352	0.7895732
thank_you_for_post	6.992739	8.996724	0.017779216	0.44026098
thank_you_for_read	6.9878283	8.928989	0.20265187	0.38493937
thank_you_for_respond	6.5853395	8.452313	-0.17925544	0.8351801
thank_you_for_share	6.8520107	9.107872	0.46844432	0.30848104
thank_you_for_this	7.1796784	9.149249	0.2634416	0.1125931
thank_you_for_your_feedback	6.5538316	8.949977	0.3845137	0.6964316
thank_you_for_your_input	6.766804	8.289634	-0.35625547	0.8078874
thank_you_for_your_reply	6.6545067	8.936136	0.34225816	0.60974354
thank_you_for_your_story	6.417095	8.736907	0.4489027	0.60065544
thank_you_good_luck	6.6195555	8.797323	-0.14620319	0.85118836
thank_you_how	6.4074736	8.732142	0.20085865	0.9728367
thank_you_ill_definitely	6.70419	8.510575	-0.4003866	0.9664966
thank_you_its	6.399175	8.684322	0.3167834	0.6764763
thank_you_r/noburp	6.5842147	8.45984	0.10510614	0.5005929
thank_you_so_glad	6.4603205	8.767947	0.13411213	0.8805546
thank_you_thank_you	6.6936326	8.594059	0.18126695	0.33712277
thank_you_this	6.751449	9.015698	0.33091444	0.6016065
thank_you_to_everyone_who	7.0677648	9.006545	0.13824712	0.23671071
thank_you_to_whoever	6.653521	8.407066	0.09397087	-0.16851321
thank_you_what	6.4419594	8.78854	0.29017404	0.7768083
thank_you_x	6.1229434	8.222926	0.22278723	0.9645364
thank_you_you	6.4391484	8.584398	0.20260663	0.66704065
thanks_for_reply	6.543266	8.968543	0.4205826	0.6835911
thanks_for_share	7.106393	9.288695	0.44133794	0.22845614
thanks_guy	6.7377453	8.858211	-0.023980118	0.72608507
thanks_man	7.083628	8.660485	-0.6576925	0.80770767
thanks_so_much	7.071446	9.281171	0.4288806	0.25838396
that_make_sense	5.1055818	6.438449	1.2414476	3.019947
that_specialize	8.55102	8.431915	-1.5413157	0.23825455
thc	3.3203688	6.425383	-1.7162645	2.5516326
the_absence	5.672593	6.078089	-0.481486	0.63228214
the_acid_reducer	3.682479	6.335761	-2.1053545	3.258956
the_aftermath	4.744876	7.856631	-0.44459748	2.3459861
the_airway	5.9977093	5.260744	0.024851091	2.9825616
the_anesthesiologist	8.393066	9.733167	-2.0121248	1.8052576
the_bathroom	4.6820626	6.569692	1.7382034	2.1550412
the_beginning	5.451818	7.8502865	1.5502819	3.011426
the_body	6.202065	5.0150027	0.3776688	2.9724169
the_botox_migrate	6.1060085	6.2530704	-0.67323774	2.373736
the_botox_wear	6.0622497	9.43073	0.6781516	2.536877
the_brain	6.320861	5.0336227	0.30458546	2.9418628
the_camera	6.739412	7.0745816	-1.3333311	3.7701757
the_charm	6.8981857	9.417198	0.33125958	0.8015748
the_condition	6.968807	5.9803176	-0.69803655	-0.43348494
the_contrary	6.121626	7.1551332	-0.5894522	0.9825063
the_couch	4.592089	6.016356	0.39202252	4.021402
the_cp	6.440618	5.1537027	-0.1372131	2.5885284
the_cpm	6.200787	6.354739	-0.7789694	2.404972
the_cricoid	5.808731	5.973508	0.42051953	3.7605937
the_cricopharyngeus	6.421825	4.8894696	0.08508229	2.793749
the_culprit	6.327465	6.1497355	-0.67736465	0.5472747
the_development_of_hiatal	6.4987493	5.6839385	-0.7851678	0.36461836
the_diaphragm	6.144639	5.014907	0.3389614	3.0212476
the_earliest	7.807713	9.822559	-1.3267238	1.2922263
the_edge	5.002315	6.0700426	0.14584996	3.6246815
the_equation	6.225189	5.9368024	-0.039050892	2.6961617
the_er	8.606134	7.403288	-2.1883826	0.7134372
the_esophagus	6.239356	4.8328304	0.16439354	2.821384
the_evening	3.2029545	7.043074	0.063122794	2.2642505
the_first_trimester	4.730827	6.6249714	0.10685723	0.92722774
the_floor	4.6232157	5.9909067	0.39372203	4.0483346
the_founder	7.666792	7.255056	-1.1082436	0.26271084
the_fridge	2.9016073	7.1040587	-0.93747586	2.3142588
the_gist	6.577401	7.318745	-0.4664223	0.75603306
the_good_decision	6.431065	9.66944	0.12082578	1.2849582
the_guardian	7.6196456	8.412288	-0.57167655	-0.055172138
the_hang	5.666676	7.658666	1.4636046	3.0801766
the_hospital	8.162352	9.781399	-1.9747231	1.9269565
the_idea	4.847552	6.65857	1.5634196	0.5221256
the_infamous	4.949325	7.1409044	0.8985645	1.4103492
the_injection	8.151686	10.079312	-1.3834565	2.1585913
the_internet	7.6666093	8.666577	-0.07467142	-0.5063666
the_intestine	5.2277265	5.0549793	0.06738322	2.5496497
the_intubation	4.9428306	8.401361	-0.050754946	2.928222
the_key	5.9189773	6.186286	1.1541928	3.4755893
the_larynx	6.2097735	5.189188	0.2316337	3.111676
the_les	6.318489	4.8435526	0.0956437	2.7159233
the_lower_esophageal	6.3589873	4.8841023	0.061816826	2.729073
the_lump	4.5486083	7.9225607	0.1392253	3.009041
the_majority	6.824325	6.695845	-0.47638956	-0.2376599
the_military	6.813427	8.33894	-0.591385	0.37439582
the_mirror	5.4977274	6.15733	0.24464785	3.7927089
the_morning	3.1084547	7.0537977	-0.046085607	2.3618712
the_muscle	6.2807665	4.9755936	0.3730604	3.0466413
the_netherlands	8.869688	9.420242	-1.8443599	0.891934
the_nhs	9.032232	9.292265	-1.8904582	0.8427843
the_nose	6.7224703	7.0799537	-1.3044559	3.7706196
the_numb_agent	6.0728755	7.1675777	-1.06596	3.1808767
the_operation	8.262072	10.042799	-1.6603657	1.7906493
the_phone	8.403462	9.704786	-1.6159048	1.0112054
the_pnw	7.5268297	8.969133	-1.1857506	0.9439875
the_price	8.824798	9.7774725	-2.1898315	1.8331546
the_private_sector	8.021742	8.685649	-1.418585	0.6267776
the_procedure	8.216347	10.200509	-1.3772888	1.8704922
the_progression	7.677421	8.456777	-0.8813516	0.17104593
the_right_direction	7.102194	8.888965	0.17997171	0.60117567
the_roof	5.4172316	5.7026157	0.50051886	3.9459734
the_same_boat	6.8113556	9.337225	0.5329535	0.45153567
the_scheduler	8.212149	9.313712	-1.5921118	0.86916524
the_scope	6.760534	7.100308	-1.333728	3.7364826
the_sensation	5.113242	6.3136544	1.2176728	3.0715752
the_shard	8.138497	9.495092	-1.7810329	1.9647682
the_shower	4.577377	6.073567	0.4902776	3.8162518
the_side	5.574114	6.108618	1.1484174	3.9843445
the_sink	4.5865383	6.0875006	0.5040937	3.5923712
the_sixteenth	7.764674	9.618068	-1.3999295	1.2652962
the_sole	6.475885	6.3529325	-0.5287663	0.3052034
the_spectrum	6.126363	7.3551	-0.41820574	0.45564508
the_sternum	5.26246	5.5669374	0.031613898	3.0108905
the_subreddit	8.267391	8.564778	-0.79603916	-0.22880055
the_surgery_center	8.295622	9.829849	-1.9915909	1.8787546
the_tik_tok	7.149733	8.34366	-0.21360698	0.26099023
the_title	7.6451445	8.620693	-0.43981564	-0.18654104
the_toilet	4.6694584	6.5537705	1.748871	2.153885
the_trachea	6.2164946	5.232777	-0.026210368	2.879163
the_ues	6.3248954	4.881551	0.22756931	2.907904
the_uk	8.998367	9.360773	-1.8791815	0.86339635
the_upper_esophageal	6.4607496	4.881333	0.049473196	2.7735624
the_urge	4.600901	6.493552	1.6461846	1.9586889
the_usa	8.622052	9.169885	-1.7641668	0.8044299
the_vast	7.236757	7.5876365	-0.82860845	0.696095
the_vast_majority	6.41824	7.144435	-0.32684967	0.49320146
the_verge	4.391642	6.6616116	0.76037335	1.6745344
the_waist	4.5517006	6.040264	0.112230904	3.9743729
the_waitlist	7.92302	9.736461	-1.3960452	1.1676152
the_wiki	8.434728	8.550882	-1.0260077	-0.14259963
the_windpipe	6.183331	5.3096266	-0.14683102	2.84745
the_worst	4.1020446	6.082588	0.5662448	0.9972282
the_wrong_pipe	3.3318918	6.6909637	-0.26162967	3.0756814
the_x_ray	8.600456	7.402163	-2.141432	0.6764494
theatre	6.5763206	7.882126	-1.6709875	3.1919162
their_20s	5.7593102	6.826536	-0.22324444	-0.08800813
their_chest	5.249115	5.723294	0.08592367	2.7520924
their_condition	6.905898	8.165404	-0.14251234	0.18195675
their_emetophobia	5.92086	6.8537	-0.44218504	0.12795837
their_experience	7.300424	8.742275	-0.09346379	0.12184848
their_journey	7.1587553	8.631549	-0.1787214	0.20352846
their_life	5.834667	7.0187984	0.19699164	-0.3274332
their_name	8.1371355	8.624113	-1.1999884	0.23231632
their_parent	6.548623	7.7058372	-0.48673263	0.76023555
their_r_cpd	6.613563	6.692277	-0.62050396	0.017164301
their_stomach	5.5146127	5.4409027	0.4424999	3.2726743
their_story	7.2573686	8.557252	-0.23942338	0.06180271
their_success_rate	7.8230147	9.550023	-1.0713562	2.2116613
their_symptom	6.4335012	6.4550242	-0.5886665	0.011696269
their_system	7.3400774	8.560964	-1.134009	1.174882
their_tongue	5.9467874	6.649823	-0.4353584	2.3243363
them_direct	7.8656425	8.693876	-1.3856243	0.6639115
them_out	5.5331197	6.4927564	1.390349	3.7607415
theme_park	4.5496535	7.4266787	-0.37211233	1.7178459
then_gradually	5.700746	8.878673	0.6427354	2.3171544
then_insert	6.534372	7.129917	-1.2078037	3.5077593
then_suddenly	4.9758635	7.7030625	0.9074319	1.4633204
theorize	6.669933	6.1956964	-0.5209525	0.89206135
theorize_that	6.611489	5.8579693	-0.67055833	0.44624883
theory	6.8510494	5.545682	-0.63076794	0.3068986
theory_that	6.5276394	5.3452086	-0.5229959	1.0622087
there_a_lot	6.2298985	7.231018	0.21200824	1.2912929
there_a_lump	4.5443196	7.810788	0.070910096	3.0498729
these_air_bubble	4.913772	6.1001067	0.5470761	2.853262
these_drug	3.5624278	6.3584843	-2.0106544	3.4239633
these_episode	4.6271114	6.4062843	-0.020745564	1.3726131
these_exercise	6.5366616	6.644216	0.8942429	3.7035208
these_factor	6.1730633	6.525151	-0.5021374	1.6277163
these_hiccup	5.0494533	7.3692865	1.2745012	1.9924592
these_horrible	5.25081	6.9940147	-0.065125	0.8094011
these_issue	5.963201	5.588875	-0.51863074	-0.20362864
these_noise	4.4614716	7.1815267	1.0983214	1.3846385
these_post	6.9566364	8.456531	-0.049917888	-0.24931593
these_side_effect	6.5911655	9.039712	-0.28132293	1.7712926
these_symptom	5.8293357	5.583879	-0.44594496	-0.23405565
these_test	8.656508	7.8025937	-1.7659746	0.2852194
these_thing	6.6596193	5.963602	-0.4025176	0.011164185
these_tip	6.7660613	8.567852	0.02597283	0.72508734
these_weird	4.593898	7.2565465	1.6162384	1.7710574
they_are	5.282864	7.722933	1.2961113	2.1413596
they_cover	8.863664	9.657621	-2.1722362	1.6946949
they_give	6.621009	7.2707076	-1.4449074	3.6273904
they_inject	7.9519324	9.360276	-1.4748173	2.7118666
they_insert	6.4711623	7.1259217	-1.1809528	3.53213
they_numb	6.6624074	7.1242146	-1.2867465	3.708822
they_prescribe	3.4317145	6.2234316	-2.222686	3.0675392
they_put	6.69117	7.133292	-1.3312821	3.706469
they_sell	3.56419	6.620934	-1.5982875	2.6396747
they_spray	6.6472964	7.158924	-1.2853303	3.6646776
thiamine	6.761995	7.019247	-1.1393576	1.1891149
thick_food	3.0394888	6.9611444	-0.8790632	2.9288616
thick_mucus	4.8490987	6.4034615	0.14609739	2.3467646
thick_saliva	4.5583487	6.4183893	0.26731592	2.0831597
thicken	5.7488384	6.8028803	-0.9844552	2.0059698
thigh	5.4424253	6.118975	-0.0058824285	3.6451468
thin_liquid	2.8158422	6.894253	-0.97122675	2.779595
thing_move	6.3277245	6.4858665	0.846993	3.767331
third_attempt	7.3358407	9.746118	-0.7702957	1.9308641
third_dose	7.376286	9.944103	-0.61863977	2.099687
third_grade	5.317057	7.098035	0.63132834	0.17821184
third_injection	7.540403	10.265326	-0.6631811	2.3624837
third_one	7.366312	9.956424	-0.6221136	2.1086683
third_or_fourth	5.595995	8.686541	-0.020727048	1.8498249
third_procedure	7.597457	9.698517	-1.0472226	1.4021862
third_round	7.477094	10.177919	-0.62601256	2.1955974
third_time	7.616579	10.335096	-0.6610019	2.4205441
third_trimester	4.215496	6.750598	-0.2521326	1.6625081
third_week	5.6401615	9.041686	0.65737444	2.4074075
thirsty	2.9918325	7.0214257	-0.7097751	2.32438
thirties	5.630193	7.2751555	-0.07848374	-0.003435963
this_article	7.989298	8.4705105	-0.7492888	-0.10511493
this_community	7.360473	8.782293	0.19061941	-0.3749036
this_condition	6.838996	5.9270763	-0.6370611	-0.4530297
this_disease	7.657772	7.841288	-0.8062316	-0.029122893
this_disorder	7.0055304	6.0316944	-0.6948227	-0.4386834
this_forum	7.5629916	8.770049	0.03568721	-0.44325975
this_friday	7.6207805	9.98538	-1.1018028	1.2837214
this_group	7.57064	8.732627	0.028957004	-0.48567754
this_information	7.586513	8.729042	-0.31606233	0.12407128
this_method	6.3926835	6.6144342	1.0220618	3.6947327
this_page	7.652401	8.706514	-0.052614987	-0.50045764
this_problem	6.6610093	6.0198455	-0.49744743	-0.4928664
this_reddit	7.583763	8.708837	-0.018199671	-0.47813395
this_reddit_page	6.962733	8.140622	-0.26792186	0.18746726
this_shit	6.1244802	8.190216	0.49834073	0.48416877
this_stage	5.8935266	8.515636	1.0196736	2.4269667
this_stupid	6.0825863	7.4998646	0.13100411	0.34822583
this_sub_wiki	8.071473	8.695384	-1.4663001	0.55289125
this_subedit	6.474819	8.325727	0.14067654	0.5319382
this_subreddit	7.6102943	8.726597	-0.0025656933	-0.49822718
this_technique	6.356742	6.5610123	1.0408775	3.7518003
this_thread	7.5406623	8.787444	0.06370633	-0.43196663
those_bubble	5.072484	6.306368	0.5893563	2.7204595
those_mini	5.501731	7.79571	1.1040686	2.365782
those_muscle	6.0464783	5.548515	0.7838345	3.4101062
those_noise	4.5710096	7.2097983	1.2264731	1.5980338
those_of_us	6.6545353	6.44502	-0.60152787	0.035197668
those_symptom	5.9163823	5.5503273	-0.50372046	-0.2179617
those_test	8.696927	7.836485	-1.9148126	0.45952097
those_thing	2.8496873	6.3717422	-1.5167322	2.1543128
those_with_r_cpd	6.7898407	6.668912	-0.75710917	1.0175055
thousand_of_dollar	8.842223	9.152156	-1.9507949	1.0136738
thread	7.631121	8.746634	-0.024546094	-0.47246087
thread_about	7.430077	8.432224	-0.42088056	0.07270777
three_hour	3.695687	7.494978	-0.4756778	2.4074163
three_month	5.931243	9.451261	0.61170226	2.4776928
three_time	4.5992064	7.614438	1.3330419	1.0818758
three_week_ago	7.002717	9.660915	-0.55242026	1.8494042
thrill	6.635065	8.982933	0.50234365	0.2510251
throat_area	5.680554	5.4428687	0.113799594	3.0228243
throat_chest	4.92935	5.933123	0.34529307	2.2176301
throat_clear	4.522895	6.1811	0.16326271	2.193851
throat_croak	4.607094	6.485215	0.5021019	1.1652006
throat_disorder	7.7886257	7.8851285	-1.3288504	0.6473794
throat_gurgle	4.3149347	5.8392262	0.6944265	1.0273075
throat_infection	5.7254844	7.0034375	-0.47549	0.92436945
throat_massage	6.558341	6.6919675	0.8094232	3.6309128
throat_movement	5.584927	6.840594	0.9128943	2.630702
throat_muscle	6.1899395	5.1005197	0.49288097	3.1845396
throat_nausea	4.3783875	5.624857	0.40003037	0.87599504
throat_noise	4.59242	7.190275	1.6216619	1.6774724
throat_numb_spray	3.6063614	6.5843425	-1.6949266	3.0305357
throat_pain	4.807418	8.53089	0.09379056	2.7627895
throat_pressure	4.674093	6.1846533	-0.008025063	1.101609
throat_punch	6.486273	6.5463476	0.78988177	3.7621548
throat_region	6.2195435	6.0273204	-0.5792041	1.938302
throat_soreness	5.0636024	8.22501	-0.36481872	2.3759127
throat_tightness	4.6991577	5.902251	0.03694759	1.4128699
throatox	7.8752856	10.041173	-1.2188212	1.2460063
throaty	5.093048	7.678496	0.78582203	2.330053
throb	4.879444	5.7629776	-0.06262761	1.8237655
through_insurance	8.762218	9.64096	-2.1286788	1.8387725
through_my_nose	6.6592584	7.047383	-1.260683	3.770685
through_the_nhs	8.815714	9.152719	-1.769898	0.7598505
through_various	6.59727	6.8279066	0.2555841	2.716693
through_your_nose	5.520927	5.722216	0.35503885	3.9233055
throughout_childhood	5.4928617	7.1733823	-0.07287232	0.24859308
throughout_my_20s	5.3362045	6.961379	-0.09533773	-0.028382959
throughout_my_entire	5.4719324	7.6058145	0.16600887	0.24404372
throughout_the_day	3.6136363	6.8596673	0.63935035	1.9338816
throughout_the_evening	4.72926	6.953115	0.21115437	2.274747
throughout_the_night	4.416673	6.900156	0.07485228	2.081268
throughout_the_process	6.8224792	8.375879	-0.9599092	1.0305408
throughout_the_year	5.743856	7.625179	-0.63619477	1.2673817
throw_off	5.8624053	6.0748515	-0.68999165	1.9526163
throw_up	4.6225066	6.4909444	1.84105	1.5105138
throw_up_a_couple	4.757628	7.0808268	1.2434634	0.8310891
throw_up_a_little	4.726252	7.1151524	0.88950205	2.3045552
throw_up_again	5.1226554	7.022077	0.98169965	0.49832538
throw_up_air	4.7346425	6.503283	1.8675686	1.8955985
throw_up_at_all	5.1602163	6.947308	0.8993187	0.31955066
throw_up_be	4.7130423	6.571873	1.6548295	1.0828936
throw_up_because	4.7483463	6.584637	1.7473862	1.4743273
throw_up_but	4.648527	6.515843	1.8321475	1.5823407
throw_up_due	5.411823	7.0989237	0.21629427	0.6812403
throw_up_either	5.683495	7.2769313	0.8314448	0.69562083
throw_up_even	5.1448336	6.9930124	0.9348463	0.53422904
throw_up_even_though	5.37737	7.1587496	0.7745825	0.82438177
throw_up_feel	5.2413945	6.893187	1.1759324	2.1589253
throw_up_i	4.6080365	6.4930935	1.8041472	1.4942124
throw_up_in_my_mouth	4.5810175	7.1619883	0.9802895	2.0975907
throw_up_in_year	5.265965	7.0499883	1.0274765	0.8004302
throw_up_it	4.6925173	6.5470138	1.759324	1.3959494
throw_up_its	4.696982	6.582675	1.7299173	1.6230555
throw_up_just	4.7000966	6.5698047	1.7432574	1.8974448
throw_up_like	4.9673457	6.8344426	1.1698544	0.6072652
throw_up_lol	4.781838	6.629408	1.6485492	1.601466
throw_up_more	5.2327585	7.0110598	0.90188235	0.6932987
throw_up_most	5.0158043	7.18825	0.5954914	1.3248724
throw_up_once	5.0117664	6.8660483	0.9945323	0.3848974
throw_up_since	5.074418	6.8282194	1.0549508	0.24869998
throw_up_so	4.7170196	6.5445414	1.7864428	1.4449914
throw_up_though	5.006563	6.970864	0.74878454	1.1926514
throw_up_when	4.725986	6.6253524	1.7144723	1.4473717
throw_up_which	4.998394	6.82325	1.1468292	0.7551208
throwaway_account	7.3031893	8.409235	-0.4649913	0.19025248
thrush	3.5540612	6.1420116	-2.3089542	3.2781672
thunder	5.276309	7.489568	0.9520577	1.3726937
thursday	7.6845484	10.173612	-1.2799296	1.5312991
thursday_night	5.8016024	8.796646	-0.17989323	2.0482016
thus	6.2832074	4.964415	0.013038432	2.6896331
thus_far	6.545005	9.022477	0.25772837	0.8853835
thyroid	6.9011116	5.7686687	-1.0284051	1.0219486
thyroid_issue	6.6238766	6.4726353	-0.96203375	0.9220697
thyroid_problem	6.614028	7.255116	-1.08757	1.0692134
tickle	4.4757004	6.1399794	0.4370759	2.802255
tickle_in_my_throat	4.2623234	6.5290976	0.4496321	2.084898
tif	6.588794	6.8179374	-1.0433197	0.64989793
tif_procedure	6.6019807	6.524288	-1.1027324	0.70965123
tight	6.0144596	5.057398	0.46368542	3.1668525
tight_chest	4.7379503	5.9262385	-0.01846836	1.3728788
tight_clothes	4.876451	7.285194	-0.0046939394	1.5304102
tight_muscle	6.427722	5.7134485	-0.338561	2.0841885
tight_neck	6.4131675	5.740434	-0.35749248	2.0714378
tight_pressure	4.8518515	5.8265886	-0.005953133	2.0240383
tight_ues	6.648292	5.506008	-0.6732372	1.8286235
tighten	6.0852075	4.999655	0.4226796	3.102431
tighten_my_throat	4.9473553	6.3514266	0.7916041	2.6891382
tighten_up	5.9101253	5.0585375	0.42571896	3.0769558
tighten_your_ab	5.6672444	6.1393085	0.5350355	3.8472693
tightness	5.1512923	5.3875437	0.1730185	2.8719008
tightness_in_chest	5.1348543	6.4689026	0.41024035	0.5317046
tightness_in_my_chest	4.5121055	5.9121523	0.22461331	1.696741
tightness_in_my_throat	4.457023	5.979345	0.24057828	1.593206
tik_tok	6.835893	8.388323	-0.033000432	-0.21521972
tiktok	7.580482	8.696041	-0.008780484	-0.50229293
till_so_far	7.865985	7.5989733	-1.114887	0.21600673
tilt	5.4363503	5.904519	0.9228712	4.0621057
tilt_my	5.543875	6.265465	0.60990787	3.994051
tilt_my_head	5.503252	6.13396	1.1516157	4.031181
tilt_my_head_down	5.5382023	6.2058053	1.0049964	4.0366664
tilt_your	5.571864	5.8842654	0.54189557	3.9465365
tilt_your_head	5.6777296	6.155615	0.79965264	4.0454783
time_and_money	8.854329	9.084592	-1.9346057	0.9391598
timeframe	6.8618007	8.744829	-0.4182776	1.0952152
timing	5.740203	6.4303374	1.3439753	3.710741
tingle	4.929192	5.8229465	-0.07008414	2.0212235
tinnitus	5.6464014	5.9261928	-0.4853313	0.56926316
tiny	5.126127	8.029973	1.6822164	2.652704
tiny_bit	4.4417458	6.366648	0.82890457	2.9679432
tiny_bit_of_relief	5.4622507	7.746428	0.97438216	2.2947555
tiny_bite	2.7197325	6.7761507	-0.90902936	3.4293525
tiny_burp	5.1779556	8.159568	1.7266468	2.7246282
tiny_little	5.100227	7.8963366	1.5684913	2.5452623
tiny_microburp	5.268933	8.358659	1.3221163	2.5367362
tiny_one	5.186813	8.064351	1.4852622	2.482746
tiny_pop	5.0481434	7.3718	1.228516	2.5601258
tiny_sip	2.8734946	6.7083673	-1.0465649	3.4629395
tiny_tiny	5.2271566	8.053199	1.3995461	2.5063581
tip_of_your_tongue	5.683737	6.5792403	-0.43784633	3.30591
tire	5.013692	7.5122337	0.22957939	2.548128
tired	4.549335	8.44583	-0.043919344	2.870111
tissue	6.2416267	5.002437	0.04830217	2.7896905
tit	5.959934	7.918306	-0.58859086	1.4073489
title	8.033563	8.507637	-0.912696	0.022188567
tmi_but	5.0730004	7.3447533	1.0159504	1.4661298
toast	2.303	6.8224163	-0.9043317	3.0245225
tobacco	4.388315	6.903151	-1.3544638	2.296089
toddler	5.5105786	7.1506615	0.6087995	-0.0044616032
tofu	3.1761494	7.0394707	-1.0466099	2.5944462
toilet_paper	3.646037	6.4087853	-1.5420542	3.447381
tolerance	3.3857174	6.4850802	-1.3674654	1.9883778
tolerate	2.492992	6.789276	-0.5238388	2.8415458
toll_on_my	3.5036843	6.3596063	-1.8596814	3.5499432
tomato	2.3143187	6.5638323	-1.3068365	2.512698
tomato_sauce	2.6122422	6.6977634	-1.2210847	2.402371
tomorrow_mark	6.2087827	9.230563	0.28533813	1.6117535
tomorrow_morning	7.705432	10.025481	-1.1942756	1.2825247
ton_of_microburp	5.671269	9.00216	0.4712599	2.223075
ton_of_post	7.2129464	8.453793	-0.25631025	0.0677285
tongue	5.4943237	5.483509	0.52037555	3.7692592
tongue_cancer	6.368447	6.3766756	-0.9130554	1.163523
tongue_placement	6.4753847	6.6361146	0.47329625	3.1514
tongue_position	6.4019756	6.146466	0.26395357	3.1409295
tongue_posture	6.3562956	6.2591987	0.45429197	3.399245
tonsil	5.527162	6.234223	-0.47088128	3.0438201
tonsil_stone	5.852827	6.498972	-0.772925	1.1991302
tonsillitis	4.708165	6.4219947	-0.07849159	1.7246516
too_bad	4.895448	8.62742	0.2085615	2.6517067
too_big	2.7147489	6.854522	-0.6910518	3.056904
too_drunk	5.139509	7.089215	0.8267352	1.104587
too_hungry	3.2815354	7.189625	-0.57951623	2.2535076
too_loose	6.4548545	5.0397	-0.13487563	2.5827312
too_much_alcohol	4.9987173	6.965649	0.97615075	0.563714
too_scared	4.8749046	6.6842275	1.5932684	1.334872
too_tight	6.227686	4.955886	0.3066181	2.99367
too_weak	6.265047	5.6865005	-0.26339546	2.4336877
too_wide	6.2356415	5.5641785	-0.2909647	2.7792459
too_young	6.562404	7.8274946	-0.40412524	0.56092536
tooth_brush	5.20998	6.5933795	1.2295758	2.4328015
tooth_grind	5.9370627	6.6336126	-0.7233565	0.7874583
tooth_remove	6.8493266	9.045361	-1.1336355	1.735673
toothbrush	5.4526663	6.0322866	0.84652185	3.7056468
top_of_my_stomach	5.7542934	6.599237	-0.51273155	2.618854
top_of_my_throat	5.367307	6.523944	-0.26607552	2.869468
toronto	8.791665	9.36936	-1.7479186	0.73464143
toronto_canada	6.9885077	8.870196	-0.997908	1.2775042
toronto_ontario	8.073046	8.8072605	-1.4808065	0.6303648
torso	5.4713707	5.742087	0.47484282	3.7196121
torture	4.338954	6.633628	0.7484534	1.4401443
total	8.582816	9.795624	-2.1116545	2.0088317
total_anesthesia	7.901988	9.41677	-1.3765337	2.4969096
total_change	6.2939506	9.502305	0.19136779	1.0830612
total_convince	5.374977	6.043663	-0.4054653	1.026703
total_cost	8.644092	9.797571	-2.1280444	1.9319099
total_doable	5.2516494	8.055664	-0.5374984	2.2556114
total_fine	4.5677257	8.472124	-0.15119277	2.8746307
total_make_sense	6.2494936	8.600208	0.27239066	0.99333185
total_manage	5.222169	8.753514	0.14089938	2.3495314
total_sense	4.19278	6.9211426	0.8814737	1.0075377
total_worth	6.520088	9.581012	0.04070655	1.5329274
touch_my_throat	5.395597	7.1022973	0.47061592	1.8085933
tower	7.05828	8.290215	-0.988493	0.79714596
trachea	6.032042	5.535514	-0.031475805	2.959143
tract	5.5501337	5.147523	-0.29820114	2.2338731
traction	7.467005	7.6995707	-1.0007584	0.64434135
trade	6.0740104	7.425202	-0.42680627	0.9953101
trader	6.197071	7.992884	-0.88916427	1.4351242
train	5.9429717	6.642723	1.3472321	3.2772586
train_themselves	6.317979	7.260756	1.1095767	3.03078
train_your_body	6.0491166	7.512987	1.2578584	3.0332527
train_your_brain	6.1168184	7.311505	1.0454584	2.8820815
train_yourself	6.2049947	7.335924	1.1905285	3.0628932
trainer	5.90857	7.3423166	-0.9824997	1.9427458
trait	6.767237	6.560533	-0.46687356	0.15300676
trans	6.5366726	7.9162107	-0.38424486	0.46087524
transit	6.096139	6.2245946	-0.97145945	1.6065308
transition	5.7608013	7.6870604	1.4147202	3.0495665
transition_into	6.1185064	8.630287	0.2767733	1.2035187
transition_period	6.268474	8.86218	0.36122304	1.1355989
transnasal	8.333519	7.581852	-2.0201235	0.8549616
transport	8.018066	9.406839	-1.8552073	1.9423269
transportation	8.239707	9.56519	-1.9773823	1.9777447
transverse_colon	6.2024856	6.701795	-1.134039	1.488725
trap	5.01533	5.3173685	0.6004445	2.6966462
trap_air	4.8530574	5.2115974	0.4045234	2.4375503
trap_air_gas	5.4916077	5.7809443	-0.4837515	1.6664373
trap_gas	4.805144	5.2125072	0.3432038	2.2348533
trap_gas_pain	5.0377827	6.4107985	-0.26842958	1.1777871
trap_in_my_stomach	4.9594293	5.350737	0.42347825	2.4643662
trap_in_my_throat	4.9241962	5.7388287	0.63683295	2.7067263
trap_inside	4.9369507	5.466502	0.5545675	2.4816666
trap_wind	4.38496	5.7748194	0.25395003	1.05166
trapezius	5.9570594	5.540399	-0.22492231	2.6052039
trash_can	4.609888	7.0601687	0.02141524	2.3010898
tratamiento	6.1523457	7.046169	-1.5002362	1.9159722
trauma	6.580068	5.536371	-0.5452117	0.2791833
traumatic	4.9379063	6.6653504	1.2811329	0.41632903
traumatic_experience	5.162809	6.802374	0.98287606	0.21714285
traumatic_vomit	5.5438704	6.9453354	0.47866517	-0.4519852
traumatic_vomit_episode	5.5803823	6.9955087	0.3987855	-0.40391275
traumatize	4.9527044	6.742262	1.1853406	0.42512527
travel_alone	7.9267845	9.582797	-1.8167452	2.1126978
travel_through	5.0166955	5.844469	0.36445072	2.4033415
travel_to_chicago	8.866463	9.671637	-1.959628	1.2460197
travel_to_london	7.9478054	8.860747	-1.3765707	1.0591395
travel_up	5.112086	5.4620194	0.63621086	3.0729866
tray	4.3312907	7.359851	-0.72820073	1.9395753
treadmill	5.206521	7.0226107	-0.7293218	2.386431
treat	8.7025795	8.201958	-1.4569741	0.09046338
treat_achalasia	6.7156067	5.3523545	-0.3380867	2.3080764
treat_by	8.67804	8.570155	-1.4732829	0.18578027
treat_dysphagia	7.97132	7.9766607	-1.3641427	0.6461937
treat_patient	7.9924226	7.742891	-1.2958173	0.28234977
treat_r	7.7508416	8.447152	-1.3283446	0.83732164
treat_r_cpd	8.6797695	8.376003	-1.4961414	0.16752486
treat_rcpd	8.768845	8.37225	-1.5139607	0.091315515
treat_soon_rather	6.546681	8.354709	-0.45089683	0.96935385
treat_swallow_disorder	7.7881503	8.178348	-1.3273976	0.7147805
treatment	8.310204	10.124203	-1.3096646	1.648262
treatment_for_r_cpd	8.573774	8.93563	-1.7059252	0.78292936
treatment_option	8.369118	8.355996	-1.293275	0.21645117
tri	6.5283923	8.146945	-0.76761377	1.2555758
trial	7.9950943	8.346731	-1.4881272	0.6491966
triathlete	5.6617765	7.6009793	-0.8339692	1.630284
tricare	8.579224	9.53475	-2.0182395	1.6400226
trick	6.1537247	6.3939967	1.1494632	3.7742946
trickle	5.2798343	6.4642615	0.22872905	2.7181556
trigger_by	4.6489253	5.914976	0.38058412	0.8658251
trigger_food	2.2648818	6.4792967	-1.2659018	2.3480523
trigger_my	4.694741	6.475584	1.7493424	1.9744178
trip_home	5.0948234	7.5540867	-0.95655257	2.5159612
tritter	7.6869006	9.193908	-1.329986	1.000659
trivial	6.2097626	7.631772	0.22693305	0.52727276
trouble	5.1424284	6.1982427	0.056066263	0.47021326
trouble_swallow	5.022636	8.55169	0.06815623	2.4440625
trouser	5.981885	7.23813	-1.2945756	2.0274947
true	6.6006727	5.8465657	-0.32393974	0.08014727
true_relief	5.197093	7.521504	1.0713347	1.6724833
truly	6.146791	8.419543	0.84290886	0.19293167
truly_change_my_life	6.3326025	8.406563	0.21458775	0.094714634
truly_life_change	6.5164485	9.602501	0.038953487	1.3947337
truly_understand	6.4445996	8.28175	0.3051081	0.55307794
trunk	5.636788	5.732327	-0.19882584	2.964696
try_a_bunch	6.469243	6.581605	0.7302717	3.6984026
try_again	7.583958	10.354356	-0.615198	2.379015
try_everything	6.61303	6.9101305	0.70158726	3.066852
try_fodmap	6.2681623	6.407743	-1.4650259	0.8121179
try_shaker	6.5898275	6.756589	0.92372483	3.5683465
try_shaker_exercise	6.54126	6.7291846	0.9369197	3.6161578
try_to_avoid	2.3128388	6.590062	-1.1774008	2.302443
try_to_convince	8.703976	8.0195675	-1.4722997	-0.028500242
try_to_determine	6.6407714	6.7269382	-1.054584	0.7156576
try_to_escape	4.956675	5.5073285	0.725546	2.73785
try_to_explain	7.8755283	7.6265917	-0.7452603	-0.12289911
try_to_fall_asleep	4.6618214	6.7860374	0.15735179	2.2152586
try_to_fight	4.893384	6.705919	0.65589625	2.1304348
try_to_force	5.4900246	6.215562	1.3034606	3.6823118
try_to_ignore	4.934244	7.0491953	0.32799008	1.7087779
try_to_push	5.474196	6.1460414	1.2412562	3.823989
try_to_relax	5.7406955	6.241873	1.2874124	3.826043
try_to_replicate	5.6109014	6.260338	0.95706636	3.6254566
try_various	3.512147	6.4013414	-1.6013432	2.3116615
tu_faire	6.0792317	7.220035	-1.6659329	2.0928628
tuba	5.322801	7.5166373	0.98750544	1.6126996
tube_down_my_throat	6.3659616	7.2020307	-1.2385232	3.292753
tube_down_your_throat	6.6260185	7.1594653	-1.2679801	3.6223326
tube_insert	4.984133	8.037314	-0.647843	2.5423508
tube_place	5.5952764	6.477749	-0.3963818	2.4761798
tube_up	6.6895776	7.0909476	-1.3146771	3.6446204
tuck	5.378072	5.8793154	0.33544305	3.8833861
tuck_my	5.5582385	6.2689385	0.7025088	3.9836361
tuck_my_chin	5.5006657	6.091168	0.96309173	3.9423485
tuck_your	5.792881	6.2715096	0.68039423	3.8246555
tuesday_morning	7.636566	9.774689	-1.5650285	1.8179315
tug	5.65297	6.1346893	0.20392227	3.036123
tummy	4.5138283	5.495749	0.23882255	1.3895519
tummy_ache	4.2660584	6.632762	0.2235858	1.4466258
tummy_pain	4.766896	6.3057218	-0.18295728	1.053802
tums	3.1807258	6.0809054	-2.2115905	3.0169222
turmeric	3.4092844	6.3754363	-1.842864	2.6519036
turn	5.5086827	6.1275945	1.1389871	4.0632224
turn_19	5.53788	7.295211	-0.11584097	0.15169019
turn_40	6.213338	8.874535	-0.2829977	1.5314481
turn_away	6.660824	7.805081	-0.46917745	0.4641132
turn_head	5.637169	6.160331	1.093196	4.0504465
turn_my	5.543789	6.1141043	1.033018	4.056976
turn_my_head	5.543263	6.3281546	1.2940035	3.8892868
turn_my_head_down	5.55198	6.2904463	0.9024608	4.002724
turn_my_neck	5.5428753	6.254065	0.9493182	3.9959738
turn_out	6.6108866	5.570081	-1.1290808	0.18464991
turn_point	5.745216	8.732828	0.71134263	2.224952
turn_them	5.375067	8.13267	1.2776469	2.486496
turn_your	5.788459	6.195913	0.74871194	3.9489386
turn_your_head	5.694858	6.1780157	1.1485677	3.9985375
tutorial	6.5786867	6.6651034	0.8288364	3.6398594
tw	5.41681	6.782595	0.72960585	0.2729316
tweed	6.1582527	7.3620954	-2.3461227	2.2413785
twenties	5.3952193	6.8613	-0.1876538	-0.02946214
twenty_minute	5.345102	7.636657	-0.79011554	1.7232448
twinge	5.2538967	6.007396	-0.31336048	2.3645961
twist	5.4689116	5.558688	0.6644977	3.7861664
twist_my_body	5.602266	6.247691	0.6984134	3.9535134
twist_my_head	5.5000305	6.1879344	1.1052089	4.0150595
twist_my_torso	5.6047273	6.3402267	0.7510769	3.902559
twist_your	5.8632555	6.145195	0.6529806	3.8009934
twist_your_head	5.8196115	6.3333297	0.65635353	3.8091483
two_and_two_together	6.157641	7.843913	-0.15503405	0.46635312
two_beer	2.2652347	7.160427	-0.69653636	2.0331004
two_dose	7.199419	9.685529	-0.6172156	1.8900968
two_endoscopy	8.353838	7.56254	-1.9987625	0.7291399
two_finger	5.479103	6.1596904	0.9502379	3.5658028
two_injection	7.583539	10.006006	-0.87112874	2.2508104
two_minute	4.030403	6.5505424	-1.0968374	3.4240432
two_month_ago	6.6320868	9.62917	-0.16320941	1.4663461
two_separate	7.938576	9.421319	-1.5692042	2.0710814
two_shot	7.3436832	9.801011	-0.7094799	1.9972792
two_specialist	8.076147	8.582702	-1.3927077	0.48579863
two_week_late	6.0738096	9.118086	0.068603	1.9693832
two_week_mark	5.865556	9.031848	0.36656702	2.0571525
two_week_post_op	5.879625	7.822269	-0.86763793	1.5571966
two_year	5.5720515	7.771171	0.2127755	-0.25178626
tylenol	3.2093918	6.659913	-1.6333797	3.345244
type_noise	4.7363534	7.2069225	1.295067	1.6873928
type_of_food	2.8854413	6.6781235	-1.4050146	2.2030857
type_thing	5.0071626	7.300726	0.83270806	2.1288455
typical_symptom	5.791626	6.675846	-0.4543205	0.18083899
u_k	7.6309433	8.615986	-1.2963948	0.89205927
u_s	8.878336	9.276545	-1.9016751	0.9423867
uber	7.8395786	9.579896	-1.9509095	2.046422
uci	8.302528	9.500647	-1.7136478	1.1874893
ues	6.401678	4.8461566	0.10709164	2.7891634
ues_and_les	6.419832	5.3296375	-0.28456858	2.4721057
ues_muscle	6.471983	4.9976325	0.02270113	2.7651463
ues_open	5.8660245	5.63847	0.79040563	3.5140483
ugh	6.0675516	8.49123	0.882855	0.50576174
ugh_yeah	4.840157	7.3308177	0.052084025	1.4419199
ugh_yes	5.8659062	7.8686285	-0.3153566	0.6877961
ugly	5.34153	7.4590344	0.66699946	1.322277
uh	5.29721	7.5261273	1.0274137	1.4208916
uhc	8.788496	9.563319	-2.1134324	1.6547824
ulcer	6.5775647	5.419497	-1.0654777	0.35622856
ulcerative_colitis	6.198903	6.0658207	-0.629966	0.26708058
ultimate_lead	5.7432914	5.6064796	-0.5247708	2.1889203
ultrasound	8.587357	7.3583837	-2.2072098	0.7339394
umbrella	6.9216475	6.467494	-1.0596147	0.83244973
umm	6.3189235	7.7463055	-0.35726812	1.2567749
ummm	5.6353455	7.913999	-0.40956548	1.6761127
un_grupo	6.074317	7.185215	-1.6172339	1.9777174
unable_to_burp	5.613699	6.855141	0.4504057	-0.52684575
unable_to_swallow	5.551071	7.6452613	-0.42116636	2.010328
unable_to_take	4.6652365	6.627761	0.25885832	2.1387277
unable_to_throw_up	5.502511	6.8840036	0.3841851	0.53599197
unable_to_vomit	5.21563	6.787686	0.75537026	0.20371518
unaware	7.743312	7.282486	-0.9144518	-0.058984354
unbearable	4.2119975	5.8675933	0.45430395	0.8334353
unbelievable	4.772993	6.904856	0.17004445	0.92378014
unbutton	4.1436896	6.760162	-0.30371028	2.049594
unbutton_my_pants	3.7168841	7.0134063	-0.22703269	1.848216
uncertainty	6.614581	8.13058	-0.57582617	1.0840713
uncomfortable	3.8917701	6.445146	0.7819401	1.503665
uncomfortable_sensation	4.935768	6.6347547	0.39473093	2.0794106
uncommon	6.532563	6.0870323	-0.3817396	-0.05851943
uncontrollable	5.0422173	7.791798	1.6794521	2.5728574
uncontrollable_burp	5.260264	8.717685	0.96774554	2.6186588
uncontrollable_microburp	4.985199	8.06058	-0.059137985	2.1210296
uncontrolled	5.3819237	8.424508	1.1588498	2.466784
uncontrolled_burp	5.3454003	8.522707	1.1488228	2.451289
uncoordinated	6.3191414	5.5463066	-0.33920428	2.2236733
under_anesthesia	8.1241455	9.782772	-1.5852263	2.4732342
under_control	4.842853	5.9918213	-0.33271077	0.4464059
under_ga	8.0701275	9.921195	-1.4206164	2.458464
under_general	8.095826	9.756033	-1.5616262	2.4415653
under_general_anaesthesia	8.070921	9.576603	-1.5516136	2.3711793
under_general_anesthesia	8.132294	9.803236	-1.5581007	2.4587262
under_general_anesthetic	8.18624	9.671429	-1.599292	2.3692846
under_local	8.037043	9.515241	-1.5086379	2.4683156
under_local_anesthesia	8.113518	9.541782	-1.6579903	2.2342198
under_my_rib	5.1873198	5.8008294	-0.15575781	2.680864
under_my_tongue	5.439693	6.4481187	-0.3596718	2.7343378
under_narcose	6.1432314	7.360749	-2.1089427	2.172502
under_the_nhs	8.15501	8.507929	-1.4804893	0.5198511
underdeveloped	6.4128885	5.904616	-0.44806054	2.0448651
undergo	8.351022	8.13155	-1.483493	0.44530302
underlying	6.595448	5.6680903	-0.56712055	0.29633802
underlying_cause	6.5202084	6.5024724	-0.66760373	0.31680465
underlying_issue	6.480317	5.9607534	-0.91772467	0.74545866
underneath	5.6522517	5.6076055	-0.09529232	2.8953469
underside	5.465758	5.440451	0.3800954	3.4756505
understand_correct	6.7005153	7.0649753	-1.1641726	1.3029056
understand_how	5.928938	7.5332966	0.7981436	0.67781293
underweight	5.0757666	6.858781	-0.10226472	0.047382154
undetectable	5.5856323	6.6255803	0.8931299	3.447055
undiagnosed	6.485897	5.9820337	-0.7866982	0.0311243
undigested_food	5.0068407	6.008747	-0.25096673	2.003002
uneven	5.776003	5.9844995	-0.4858856	2.5569084
uneventful	5.642108	8.80801	0.030330684	2.0857642
unexpected	5.051153	7.832472	1.6332902	2.508707
unexpected_burp	5.3235655	8.4327345	1.2167429	2.4789011
unexplained	5.536193	6.163917	-0.29134366	0.14428139
unexplained_nausea	5.5953455	6.950821	-0.11064588	0.04425332
unhappy	5.8957686	7.1689305	-1.1191931	1.5630319
unhealthy	2.9985814	6.6398134	-1.4459325	2.1131706
unhelpful	7.361935	7.41342	-0.60229784	0.10211104
unicorn	6.693178	7.996427	-0.18699946	0.42908055
unimaginable	6.2957397	9.107929	0.24316947	1.126726
unit	7.707211	10.023233	-0.8734073	2.4239924
unit_concentrate_dose	5.684568	8.869514	0.037592813	2.1183462
united_healthcare	8.816086	9.587536	-2.1522782	1.7133842
universal	6.6208634	6.2189307	-0.44880813	0.010468797
university_of_south	7.6829696	8.472655	-1.3579278	0.7153095
university_of_utah	7.8208776	8.3645735	-1.5336529	0.62565285
university_of_utah_hospital	7.721282	9.472415	-1.3935525	1.1864018
unknowing	6.1248384	6.6823926	-0.25565222	0.3697463
unknown	6.7432923	6.057638	-0.62743586	0.14049624
unleash	4.857157	7.2462773	1.28674	1.6999887
unless_there	7.092471	7.3161273	-0.74432296	0.8018124
unless_they	7.5168104	7.231492	-0.861831	0.103275046
unlikely	6.9417176	6.28291	-0.94758	0.5262898
unlucky	6.60802	8.206587	-0.41497672	1.3254442
unmanageable	5.5983434	7.308882	-0.38552946	0.592191
unnatural	5.3998795	7.109765	0.76611984	2.4731777
unnecessary_gi	8.13194	7.885678	-1.5795107	0.43311384
unnecessary_test	8.896058	9.115885	-1.9530797	0.9453358
unnerving	5.223301	7.4122763	0.0015058684	2.4858682
unnoticeable	4.8999844	7.4328475	0.8008935	1.8964598
unorthodox	6.2012954	7.099547	0.73831797	2.6904705
unpleasant	4.2817817	6.6640444	1.1344383	1.5817399
unpleasant_but	4.772684	8.346313	0.23648944	2.6567023
unpredictable	5.541804	8.690899	0.42403772	2.0811439
unreal	4.8816495	7.1451287	0.05262119	1.068477
unrealistic	6.232064	7.018146	-0.3956273	0.77160513
unrecognized	6.7090845	8.013287	-0.093737036	0.29195935
unrelated	6.459215	5.5630484	-0.52686685	0.15727726
unrelated_condition	7.2704268	6.7301044	-1.6849256	1.1700382
unrelated_to_noburp	6.4561143	7.773654	-0.9900428	1.2485181
unrelenting	5.0740027	7.2758565	0.35546187	1.4897745
unsatisfying	5.1692677	7.764011	1.4239794	2.4706557
unscientific	7.1228004	7.376891	-0.5616557	0.41914764
unsettled	5.6962295	6.6677494	0.23183157	0.59608006
unsettling	4.9366064	7.3532224	-0.10129909	2.532503
until_my_mid	5.3274965	7.002502	-0.14036016	-0.0368787
until_recent	5.444815	6.9887776	0.56706744	-0.36129525
untreated	6.592855	5.6355944	-0.80872804	0.34444305
untreated_r_cpd	6.6477165	5.618496	-0.77981186	0.32243165
unusual	6.40925	6.186587	-0.3455775	-0.03215335
unwell	4.6837435	6.817689	0.8535038	0.86162364
unzip	4.291021	6.762852	-0.2201517	2.1138618
up_against	5.343219	5.862043	0.14480954	2.9420037
up_in_the_middle	3.6303375	7.0552726	-0.047675304	2.0917313
up_inside	4.94965	6.0354156	0.6622849	2.4674528
up_into	5.343193	5.399188	0.4454021	3.2046766
up_my_esophagus	4.972605	5.6505804	0.60709816	2.8945456
up_my_nose	6.645137	7.118785	-1.2817785	3.6886425
up_my_throat	4.8618917	5.6411834	0.6999064	3.0437713
up_online	5.165154	7.2772193	-0.4239175	1.3651835
up_until	4.9740133	7.4326916	0.7541746	0.13561748
up_your_nose	6.6446824	7.0860634	-1.2752194	3.7030537
update	7.1073685	9.459322	0.43545428	0.38490033
update_here	7.0237055	9.244384	0.20874472	0.47028655
update_on_how	7.0608144	9.458494	0.41770738	0.44556764
upfront	8.396552	9.624912	-2.0128868	1.985466
upgrade	7.627215	9.048877	-1.509543	1.3414468
uplifting	6.561647	8.929741	0.3782935	0.6619102
upon_this	6.7327795	8.34303	0.00582036	-0.20314522
upon_wake_up	6.009403	7.1353655	-1.4146273	2.2650206
upper	5.9806285	4.977635	-0.052697703	2.632097
upper_ab	5.8848333	5.625869	0.13941553	2.98097
upper_abdomen	5.027949	5.6425138	0.029786253	2.527778
upper_airway	6.601188	6.0972667	-1.0997133	1.4002057
upper_back	5.3026695	5.4582524	0.14951818	3.0717769
upper_back_muscle	5.5745025	5.557705	-0.017261824	2.9267607
upper_back_pain	5.7426963	5.7667146	-0.3353585	2.6291425
upper_body	5.522375	5.628966	0.5933089	3.8549557
upper_chest	4.9392962	5.5499134	0.20665929	2.560065
upper_chest_area	5.0204663	6.1569443	-0.20169301	1.5411739
upper_cross	6.8820424	6.354834	-1.1085684	0.7767241
upper_endoscopy	8.702671	7.4643264	-2.2143047	0.7321906
upper_esophageal_sphincter	6.429297	4.9625487	0.022094492	2.7254765
upper_esophagus	6.4954195	4.984044	-0.22349893	2.2852085
upper_gi	6.54321	5.645767	-1.0864893	1.1378901
upper_gi_endoscopy	8.35445	7.613527	-2.0064156	0.7620684
upper_part	6.178645	5.439067	-0.24338575	2.7040334
upper_sphincter	6.3896365	4.8376746	0.07052483	2.739558
upper_stomach	5.0142927	5.4853	0.14907235	2.4991157
upper_stomach_pain	4.9052796	5.8934193	-0.038491562	1.7426223
upper_throat	5.7462635	5.33215	0.1389504	3.0810754
upright	4.852362	5.952807	0.44319656	4.082219
upright_position	5.672366	6.540049	0.6829498	3.434847
upset	3.6618	6.485986	0.36121905	1.6088465
upset_my_stomach	3.3352747	6.685726	-1.1453958	2.225143
upset_stomach	4.37748	6.172317	0.081606716	1.4559915
upside_down	4.7072306	6.003492	0.3473951	3.9924204
upvote	6.755014	8.301985	-0.39227468	0.7858968
upwards	5.439396	5.4460745	0.77180815	3.500642
ur_mouth	5.47124	6.481453	0.351133	2.832945
ur_stomach	5.1443334	5.229936	-0.011348018	2.6800113
ur_throat	5.223873	6.006949	0.29282364	3.0124998
urge	6.795191	8.208962	0.23372665	1.1887594
urge_to_burp	4.2865987	6.1101246	0.6639792	1.975398
urge_to_vomit	4.7790604	6.8554454	0.8276217	0.9949571
urgency	5.5493655	5.8799505	-0.45971748	1.3204545
urgh	6.0256495	8.141996	0.0643256	1.3180954
urinary	6.0794106	6.2636137	-0.81711257	1.1404171
urination	5.162488	6.0220757	-0.4212466	1.3582307
urine_sample	6.456948	7.7057767	-1.6550924	3.2991905
usa	8.572708	9.303079	-1.711719	0.8124918
usd	8.710421	9.776986	-2.1829276	1.954909
use_100_unit	7.8218927	9.697055	-1.0621512	2.2304192
use_50_unit	7.7351527	9.6451235	-0.97851807	2.2379856
use_75	7.6650004	9.457146	-1.010358	2.1746173
use_75_unit	7.7106795	9.88233	-0.8939572	2.3398638
use_a_spoon	5.7688212	7.0231366	0.41987294	2.3809946
use_a_toothbrush	5.367235	6.7104197	1.244855	2.4920304
use_a_wedge	4.002179	6.145441	-0.23328343	3.9595802
use_finger	5.3529124	6.850208	1.2325473	2.321264
use_general_anesthetic	8.035296	9.527435	-1.5644854	2.3691163
use_my_finger	4.988257	6.6910706	1.4579972	2.1111479
use_straw	2.967785	6.6958594	-1.2945926	2.1996205
use_to_be_able	5.287113	7.1432323	0.8508153	0.044497117
useful	7.948998	8.517145	-0.4478777	0.06752121
useful_information	7.159466	8.557047	-0.2819659	0.42028743
user_flair	7.402252	8.109439	-0.956053	0.604603
usf	8.066245	8.824713	-1.4602227	0.612141
usually_a_few	5.1007476	7.276055	-0.5230081	2.3035686
usually_able	5.3362865	6.693809	0.67607045	3.1745532
usually_accompany	4.786843	7.0667963	0.63536626	1.65529
usually_only	4.0204387	7.115657	0.93629825	1.7588804
uti	3.567479	6.38087	-1.9217316	3.4059696
uvula	5.7303276	6.3953433	-0.57059073	3.261363
v_ing	5.3415313	6.905149	0.6565977	0.64873916
vaginismus	6.5321045	6.3363447	-0.6050389	0.27758095
vagus_nerve	6.260225	5.048627	-0.19383271	2.174479
vagus_nerve_be	5.7467775	6.1055865	-0.5486537	2.1765342
validate	6.9090476	8.742294	0.42430106	-0.11734915
validation	6.952673	8.891331	0.3416266	0.069032125
validity	7.1670103	8.412611	-0.8243223	0.81605744
valuable	7.552718	8.574756	-0.43186724	0.2338784
value	7.972573	7.918589	-1.021623	0.115290225
valve	6.1832047	4.931509	0.21186808	2.9180717
van	6.1585975	7.335503	-2.8204925	2.3960238
vanderbilt	8.005881	8.511197	-1.5575467	0.6315272
vanilla	3.2310936	7.0358753	-1.1611862	2.3230982
vanish	4.775397	6.342631	-0.09511932	0.49634725
vape	2.7560697	6.5271015	-1.1458739	2.3809557
variability	6.9658203	7.913527	-0.9709454	1.2427775
variation	6.457432	6.535032	0.8042256	3.7780676
various_exercise	6.4805317	6.968931	0.7580361	3.1052082
various_position	5.281031	6.7208476	0.089647695	3.1772368
various_test	7.9392853	8.395062	-1.5382993	0.68614876
vary_a_lot	6.1084275	8.382296	-0.3718728	1.6199315
vary_between	6.023194	8.27264	-0.31823233	1.5378971
vary_from_person_to_person	6.2267246	8.138451	-0.33252922	1.3579867
vascular	7.972418	8.223257	-1.533577	0.66538066
vasovagal	6.1221614	6.705185	-0.8210142	1.0958388
vast_improve	5.579284	7.470287	-0.21596432	0.2553872
vcd	6.731349	7.717091	-1.1925522	1.2440182
vegan	2.65158	6.487312	-1.5519689	2.2779067
vegetable	2.2231712	6.571205	-1.2334676	2.596902
vegetarian	2.7704217	6.4716926	-1.574788	2.1900356
vehicle	5.784725	7.841575	-0.33214894	1.4459591
vein	6.475103	7.301829	-1.3579758	3.423112
velociraptor	5.188914	7.4672794	1.1068323	1.6928914
verbatim	7.589124	8.511433	-0.5512777	-0.070085876
verify	8.471016	8.85246	-1.7479596	0.7976519
version_of_shaker	6.0770044	6.389183	0.50409067	3.6838555
versus_in_office	8.100472	9.524293	-1.6015971	2.34242
vertebrae	5.8694277	6.1851125	-0.5500421	2.5909994
vertigo	4.9355626	5.8559813	-0.12282178	1.5136846
very_anxious	4.89573	6.837482	1.2584242	0.5562393
very_bad	4.1944213	5.927756	0.46799532	0.8751181
very_beneficial	5.9620667	6.192456	-0.025271438	3.3748
very_careful	3.003318	6.612278	-0.4086184	3.3401337
very_comfort	7.156631	8.576999	-0.6021059	0.750676
very_complex	6.3246355	6.887899	-0.2831361	0.51582336
very_curious	7.231144	8.768172	0.07103488	0.11839363
very_debilitate	5.5484657	7.476223	-0.026863448	0.39004794
very_deep	5.200758	7.147993	1.0126909	2.0997615
very_dehydrated	4.5741096	7.341399	0.11051915	1.6756713
very_discourage	6.0319543	8.556064	0.17845996	1.3013114
very_drunk	5.1475935	6.926765	0.97681355	1.8449976
very_dry	3.205112	7.0120864	-0.7927215	2.8685088
very_effective	7.2613626	9.209044	-0.8335544	2.0081222
very_embarrass	4.839673	7.296882	1.343392	1.6065519
very_excite	7.044114	9.656688	0.32716796	0.55974823
very_fast	4.8176084	7.9148855	-0.318425	2.3684723
very_frequent	5.0461535	7.425959	0.80140597	1.7665181
very_frequently	4.649282	7.4451423	1.1955229	1.9907544
very_gassy	4.263143	6.8443213	-0.3105573	1.9428473
very_gentle	5.6879654	6.155381	0.7224783	3.8587751
very_glad	6.823589	9.189711	-0.057559684	0.83926183
very_gradually	5.586165	8.756147	0.29651368	2.1662903
very_grateful	7.1008615	8.828991	0.094423234	0.21379232
very_gurgly	4.990871	7.4863257	0.5610327	1.7986844
very_happy	6.956898	9.444631	0.5646204	0.351269
very_hungry	3.3206606	7.051816	-0.80469507	2.3072977
very_important	6.342889	6.2712264	0.4698326	3.368164
very_infrequently	5.4554167	7.224987	0.20699151	0.23097862
very_intense	4.764347	6.157365	-0.026662705	1.3450593
very_interest	7.4707236	8.899112	0.0742233	-0.07684432
very_little	4.3226304	6.8236785	0.5634408	1.4658539
very_loud	4.7485294	7.360857	1.6190428	1.7169346
very_manage	5.1427603	8.667771	0.08724035	2.2699487
very_mild	4.9412313	8.589615	0.1220419	2.5505183
very_mindful	3.0651302	6.8667912	-1.1174114	2.2475004
very_minor	5.002964	8.601446	0.10564409	2.4620032
very_narrow	6.2221694	7.006206	-1.0550822	3.1478336
very_nauseate	4.4198074	7.1501303	0.11425727	1.6275538
very_nauseous	3.9378667	6.679443	0.48021954	1.5492034
very_nervous	7.336332	9.7934065	-1.0124168	1.4783009
very_nice	8.477831	9.603776	-1.6876031	1.117898
very_noisy	4.9146595	6.602762	0.5772431	2.0980258
very_occasional	4.8816676	7.4463325	0.64839524	1.5427833
very_occasionally	4.787229	7.440076	1.1870632	1.719474
very_odd	5.544052	6.847263	-0.31578413	2.4710255
very_often	4.36322	6.727117	1.0614111	1.2941017
very_pain	4.2852507	5.9779854	0.55780226	1.320597
very_promise	6.5488453	9.107714	0.34450746	0.899362
very_quick	4.69639	8.507852	-0.14762619	2.9352636
very_rare	5.446132	8.032753	0.36284283	1.5201125
very_rarely	4.5864787	7.1276407	1.3220515	1.2770566
very_real	6.6173882	6.31389	-0.403467	0.24235131
very_relieve	5.252096	7.8192067	1.2648998	2.3019621
very_satisfy	5.1843925	7.6372023	1.1890606	2.1660955
very_scared	5.785872	8.743212	-0.10921974	1.9925122
very_scary	5.189974	7.4121504	0.5112634	2.0622854
very_self_conscious	5.2582746	7.418079	0.096308224	0.9704266
very_sensitive	7.271108	9.068596	-1.00926	2.0993955
very_severe	5.2538085	6.4299245	-0.22505106	0.036092263
very_shallow	4.913543	6.8320246	-0.07517105	1.3195084
very_sick	4.006408	6.748756	0.4738836	1.4663717
very_skeptical	7.868629	8.374899	-1.463231	0.49299812
very_skinny	5.2989216	6.971162	0.034317482	0.006001007
very_slight	4.8226748	8.119541	0.16752996	2.6725318
very_slightly	5.700084	8.799436	0.50578606	2.1974778
very_slim	5.807908	6.9886837	-0.34983987	0.48029658
very_small	5.164435	8.117603	1.6827787	2.6706622
very_small_bite	2.805028	6.7623677	-1.003825	3.3794525
very_smooth	7.8104205	9.6776085	-1.66592	1.9344616
very_soft	4.8506546	7.594734	0.22458406	2.5784686
very_sore	4.5662904	8.036957	0.07650432	3.063497
very_subtle	5.0920353	7.4987	0.6970232	1.8786075
very_thick	5.4033937	6.300136	-0.11082578	3.4294944
very_tight	5.4324923	5.49558	0.032905415	2.917996
very_tired	4.57535	8.362477	-0.17694554	2.835798
very_tough	5.6274652	7.6656632	-0.3199989	1.0842566
very_true	6.310121	7.979343	-0.40160912	0.9550899
very_typical	6.3743024	7.0635676	-0.5346932	0.4974733
very_uncomfortable	3.9360745	6.372067	0.72412187	1.5342885
very_unpredictable	5.775744	7.1544194	-0.40636542	0.8965905
very_violent	4.937208	7.1810207	0.86526495	1.4304922
very_weak	4.7683253	7.5530143	0.14586826	2.6846917
very_welcome	6.620928	8.796847	0.23189019	0.7295809
very_young	5.4436874	6.915148	0.550697	-0.35453665
vess	8.502607	7.91284	-1.5981845	0.32318705
vfss	7.377761	8.212233	-1.3326421	0.97725767
vial	7.9397736	9.509211	-1.4243295	2.2279677
vibrate	5.2330356	6.1796823	0.78099734	3.1615953
vice	5.13839	6.6445136	-0.12748526	2.4054942
vice_versa	6.5631194	6.409542	-0.5762835	0.6417208
vicious_circle	6.026286	6.683003	-0.43640578	1.1440966
victim	6.489572	7.1951556	-0.094275385	0.42906496
video_endoscopy	7.2725267	8.67886	-1.2776599	1.2778958
video_from_doctor_bastian	8.063459	8.658534	-1.1320614	0.30938226
video_please	6.59524	8.450233	-0.41917813	0.98581606
video_scope	7.2990427	8.662163	-1.2629722	1.2579842
videoendoscopy	8.235222	9.451111	-1.9168088	1.8248839
videoscope	8.537246	7.582669	-2.1708345	1.1932348
view	8.248731	8.125675	-1.0632567	-0.016266663
villari	6.9644537	8.849438	-0.91382724	1.1431446
vinegar	2.707123	6.700303	-1.3714052	2.2976208
violent	4.667352	6.5491343	1.860531	1.8007737
violent_and_pain	4.69438	6.576091	1.789986	1.6442217
violent_cough	4.7522283	7.0785546	0.47304365	1.9340268
violent_hiccup	4.3428955	6.5204477	0.3879783	1.4561583
violent_sick	5.0000734	6.9595547	0.80880797	1.1286482
viral_infection	5.3709903	6.445317	-0.4405028	0.8264189
virtual_appointment	8.135682	9.71738	-1.525426	1.109541
virtual_consult	7.2960706	8.941392	-1.2011006	1.1932459
virus	6.4246697	5.6781907	-0.87223697	0.3223684
vision	5.288988	6.022954	-0.32103583	2.416624
visit	8.854998	8.695019	-1.7215445	0.34045532
visualize	6.242136	5.569956	0.18224359	3.1545959
vital	6.426827	7.631199	-1.6016959	3.2834558
vitality	8.925706	9.445622	-2.0766401	1.3273075
vitamin	3.2254312	6.4215565	-1.8107809	3.179876
vitamin_c	3.4699414	6.485883	-1.8410549	2.7697642
vivid	6.0694847	7.232578	-1.7485043	1.9833522
vocal	6.5748477	5.7631164	-0.58678293	1.9789636
vocal_chord	6.3417096	5.3847027	-0.20649858	2.9179916
vocal_coach	6.114178	6.342464	0.6876298	3.7362957
vocal_cord	6.364323	5.0479617	-0.037380956	2.7569137
vocal_cord_dysfunction	6.812587	6.4798512	-1.0680877	0.77481073
vocalize	6.0428705	7.148343	0.22553222	0.70534766
vodka	2.1625304	7.0543056	-0.93907	2.1953824
vodka_and_cranberry	2.473227	7.077709	-1.0772095	2.2016897
vodka_cran	3.4526153	7.0838795	-1.071995	2.3075194
vodka_cranberry	2.3165565	7.1317606	-0.9709673	2.113939
vodka_soda	3.3955612	7.050568	-0.95684415	2.2566087
voice_and_swallow	8.4813595	8.818672	-1.5672308	0.43004185
voice_box	6.3267417	5.319946	-0.09598679	2.9468873
voice_change	5.6081886	8.467761	-0.10066806	1.8184817
voice_disorder	7.240384	5.8934336	-0.9552848	1.0541476
voice_doctor	8.50687	8.375307	-1.5184594	0.22142759
voice_exercise	6.4829893	6.596817	0.8128233	3.6953375
voice_issue	6.453817	8.117448	-0.48701632	1.3938853
voluntary	6.1378384	7.0558176	0.6074451	2.167244
volvulus	6.4950266	5.6659184	-0.97136563	1.0866807
vom	4.7678194	6.570434	1.7484136	1.7472461
vomit	4.6507936	6.5037804	1.822515	1.4654158
vomit_a_lot	5.1228805	6.9955196	0.86058843	0.66404396
vomit_air	4.7383876	6.4883194	1.86543	1.9484596
vomit_as_a_child	5.2455745	7.0086904	0.8529017	0.16410296
vomit_episode	5.142234	6.7592573	-0.049538936	0.8603861
vomit_phobia	5.3985023	6.722032	0.6731015	0.267378
vomit_reflex	5.0984883	6.712017	1.3512272	2.235216
vyvanse	3.4812784	6.320189	-1.9871947	3.3841891
wachtlijst	6.1224685	7.319522	-2.0671506	2.1462042
wack	5.8663955	7.1164613	-0.18343388	2.088972
wake_up	4.485195	8.423086	-0.18231566	2.8633428
wake_up_at_night	5.042553	6.095505	-0.3388794	1.4266425
wake_up_choke	4.3961535	6.325869	0.24275875	1.7498974
wake_up_cough	4.2290564	6.6144767	0.15676033	2.835705
wake_up_feel	4.477682	8.375893	-0.19315496	2.8195565
wake_up_from_anesthesia	4.7049437	8.471798	-0.17674057	2.831399
wake_up_in_recovery	4.6449065	8.48682	-0.29559594	2.8708425
wake_up_in_the	4.4754663	8.413024	-0.21134116	2.858347
wake_up_nauseous	4.2793016	6.2621126	0.25545046	1.3835676
wake_up_this_morning	4.915767	8.376971	0.18580438	2.6239357
wake_up_today	4.713298	8.055084	-0.017122777	2.8419828
wake_up_with_a	4.6965027	8.421533	0.0046699573	2.863017
wake_up_with_a_bit	5.4536676	8.338702	-0.58014	2.4556694
wake_up_with_my_throat	4.769417	8.238253	-0.031637423	2.787356
wake_up_without	4.492323	7.1150208	-0.039614867	1.6527961
walk	4.587513	6.0046263	0.39164495	4.077751
walk_around	4.6154604	5.97629	0.440556	4.103552
walk_in_clinic	8.4924	8.537735	-1.6258428	0.3568845
walmart	3.538001	6.5737076	-1.7647275	2.9116914
want_a_referral	8.576551	8.464495	-1.6563133	0.30325955
want_detail	6.1155996	7.864607	0.61670923	0.6658146
want_to_ask	7.2617817	8.786638	0.07742774	0.082773514
want_to_cry	6.2938766	8.435924	0.38221464	0.41661942
want_to_escape	5.022897	6.308232	0.22619757	2.3861742
want_to_hear	7.1146336	8.838453	0.10218971	0.24907984
want_to_share	7.2858734	9.0311365	0.24941848	-0.03279913
want_to_thank	6.9663544	8.783449	0.09358262	0.13189179
warm_blanket	6.3836136	7.6224465	-1.5772393	3.2965236
warm_liquid	5.5372605	7.6257024	-0.7158843	1.7404174
warm_water	3.0186713	6.8851595	-1.2934595	2.548527
warmth	6.0361843	5.2910166	-0.15903233	2.7481964
warn	7.559991	9.234175	-1.2939383	2.455296
warn_about	5.720538	8.765961	0.38995588	1.7960463
warn_people	6.0057845	7.6561885	-0.8799892	1.3888091
warrant	7.1926937	6.6761127	-0.8896834	0.58483654
wary	7.4703865	7.835673	-0.94669	0.95989245
wash	2.920056	6.691808	-0.49682245	3.150454
wash_down	2.6557434	6.776401	-0.61429995	3.1850176
wash_food_down	2.4524624	6.785136	-0.61970747	3.2571397
wash_it_down	2.524256	6.7733774	-0.6061119	3.2406616
washington_dc	7.6993566	8.88123	-1.4345717	0.93916124
wasserman	7.7613916	9.218599	-1.3192271	0.92683476
waste_a_lot	8.752167	9.040853	-1.9080927	0.93604416
waste_of_time	8.815732	8.120828	-1.7024499	0.1386835
waste_of_time_and_money	8.628732	7.9417434	-1.7350595	0.27444482
waste_your_time	8.794512	8.274048	-1.5267205	0.04182273
watch_video	7.1883035	8.364967	-0.1640205	0.42287442
watch_youtube_video	6.22448	6.394055	0.5506598	3.6656344
water	2.4554505	6.76209	-0.5408627	3.2064734
water_nearby	2.580094	6.7838845	-0.59706974	3.2542052
water_on_hand	2.5829027	6.793596	-0.6420059	3.3075476
water_ready	2.827885	6.8615575	-0.70186657	3.020122
wave_of_nausea	4.1725774	6.600697	0.31243372	1.4751056
wax	5.1026063	5.81032	-0.22331423	1.7446249
way	5.994514	6.2323756	1.1885297	3.6786296
way_better	5.2186546	8.495877	0.3186379	1.7725937
way_less	4.2155437	6.785516	0.6225293	1.4791002
way_more	4.1866703	6.685776	0.6434146	1.5553671
way_worse	4.1378565	6.158684	0.5050012	0.8181291
we_be_able	7.355733	8.545536	-1.2366335	0.8892382
we_die	5.711963	7.5130434	-0.65730846	1.8092709
we_discuss	8.345642	8.325936	-1.9385428	0.9378763
we_tend	5.217314	6.731193	-0.32923657	2.0142875
weak_drug	3.392157	6.186017	-2.2389357	3.1390016
weak_esophagus	6.5849733	6.439621	-1.0437897	1.2293913
weak_les	6.7160363	6.1184907	-1.1492487	0.5785495
weak_muscle	6.541382	5.9177465	-0.4258044	1.866718
weak_neck	6.0987453	6.657483	-0.44410855	1.9491203
weak_voice	5.197251	8.641085	0.0603464	2.2279334
weaken	6.392432	4.835161	0.18281694	2.8472083
weakness	5.757421	5.437192	-0.31720597	2.2559316
wear_maternity	4.3926673	6.6780972	-0.28815916	1.711813
wear_off	6.0881786	9.4700775	0.6297803	2.5559812
wear_off_but	6.117376	9.504855	0.5803705	2.5212457
wear_off_complete	5.794102	9.202854	0.4454575	2.3424513
wear_off_eventual	6.460082	9.3990345	0.10757239	1.715053
wear_off_gradually	5.6763806	8.942999	0.45528653	1.9869735
wear_off_slow	5.797821	9.105291	0.28715873	2.276766
wear_off_so	6.2327986	9.53002	0.4762844	2.5033438
wear_tight	4.565688	6.793002	-0.31939322	1.611815
wear_tight_clothes	4.4681177	7.2183166	0.14589313	1.6180823
wear_tight_clothing	4.405229	7.0148697	-0.1830616	1.8081813
web	7.696815	7.658062	-1.0452461	0.26084116
webinar	8.301441	8.706152	-1.3237927	0.265318
website	8.560623	8.66933	-1.1927608	-0.029335931
wedding	3.0697281	7.1729403	-0.20351128	1.7787176
wedge	3.9806032	6.1442766	-0.22464956	3.966175
wedge_pillow	3.9250045	6.1516147	-0.3113065	3.9279377
wednesday	7.659122	10.142409	-1.2848533	1.55387
wednesday_with_doctor_bastian	6.836291	9.243796	-0.5232004	1.3868377
week_2	5.4050436	9.083354	0.63342744	2.5364852
week_3	5.429645	9.078156	0.6838275	2.5241764
week_4	5.6322584	8.973134	0.54736525	2.3116658
week_5	5.651751	9.002969	0.501591	2.2220764
week_pregnant	5.498483	7.6856036	0.102985755	-0.13613138
weigh_up_whether	7.12758	9.044415	-0.7724791	1.8596216
weight	3.6338713	6.7256575	-0.92071843	1.4595352
weight_due	5.3421974	7.3991237	-0.5316511	1.0533748
weight_gain	5.4288087	6.0646734	-0.8498937	0.74268836
weight_lift	5.202263	7.106049	-1.0149223	2.0256493
weight_loss	5.3414783	6.052008	-0.60100806	0.52714574
weight_off	3.8019502	6.3433022	-1.3149979	3.6185231
weight_train	5.460366	7.092405	-0.5631201	2.0654647
weird_af	5.618292	7.5398254	0.40961307	1.7517793
weird_enough	4.7936845	7.557765	-0.4619397	1.7983843
weird_gurgle_noise	4.5919228	7.2252645	1.1453722	1.5713197
weird_hiccup	4.8791137	7.3441906	1.3995843	1.738279
weird_noise	4.472492	7.1950045	1.5354681	1.6584518
weird_position	5.377205	6.196929	0.83006614	4.006562
weird_sensation	4.6661544	7.0819263	0.28021005	2.678506
weird_sound	4.503235	7.1766553	1.3480561	1.6545812
welcome	7.281849	8.864793	0.25634912	-0.26933104
welcome_home	6.5132957	8.414778	0.043937184	0.5581983
welcome_to_our	6.530332	8.33765	0.09076739	0.0386521
well_aware	6.9184556	7.331441	-0.81004256	0.43042865
well_hydrate	3.361276	6.7789927	-1.407759	2.3305411
well_inform	7.7962275	8.529878	-1.2269368	0.56072825
well_worth	6.5890174	9.661182	0.024735209	1.4597111
wellbeing	7.507322	7.809037	-1.025476	0.5180811
wendy	5.0842423	7.8351746	-0.8958586	2.069222
west	7.97922	8.948474	-1.5069188	0.76033205
wet	4.384695	6.608611	0.9061888	2.6559973
wet_burp	4.5145006	7.0653768	0.9654673	2.431211
wet_gurgle	5.1972075	7.4648113	1.0896999	1.7718673
wet_sound	5.417726	8.252588	1.1490803	2.312503
whale	4.834353	7.2005897	1.002977	1.7818747
what_dosage	6.9880314	9.303583	-0.54864514	1.5905849
what_dose	7.3544564	9.85924	-0.64870465	1.9987891
what_to_expect	7.3208547	9.170796	0.13920255	0.23869759
what_wrong	6.7234187	7.9425654	-0.46848014	0.10272642
wheat	2.6797335	6.5042644	-1.5446291	2.2946749
wheel	6.4998846	7.7671895	-1.6418393	3.260727
wheel_into	7.612979	9.448678	-1.7896857	2.020883
wheeze	4.7015433	7.5179257	0.14063002	2.6840465
when_in_reality	3.892574	7.0233717	-0.8278119	2.0885923
whenever_possible	5.4726963	7.0406275	-0.9614665	2.0855126
where_they_inject	7.9659486	9.417761	-1.4770699	2.5592215
whereabouts	6.274285	7.822844	-0.6373056	1.3842916
wherever	7.633799	8.827142	-1.3881836	0.8911587
which_cause	5.5601573	5.1287756	-0.22931011	1.2354465
which_in_turn	5.6857934	5.3802423	-0.29095533	2.0044956
while_awake	7.971606	9.461512	-1.5283945	2.4485974
while_brush	5.646736	6.9750776	-0.4516126	2.3082154
while_eat	2.4462185	6.8376427	-0.5806924	3.077733
while_sit	5.189619	6.02821	0.6640151	4.086245
while_swim	4.5141993	6.171331	0.009709732	1.404151
while_talk	5.09778	7.92416	1.6052341	2.5599368
while_yawn	5.285367	8.102778	1.3707016	2.5009682
whilst_awake	8.047316	9.495468	-1.5552874	2.5086176
whine	5.857426	8.257572	0.10082447	1.3844249
whiskey	2.2048008	7.085984	-0.950768	2.18117
whisky	2.323114	7.1505876	-0.98133945	2.1420026
whisper	4.722321	7.4115763	0.13909872	2.6749823
whistle	5.957956	7.107702	0.15562828	2.0526414
white_in_austin	6.7455845	8.868765	-0.39721352	1.0510437
who_cannot	6.3583674	7.825096	0.11478997	-0.11092135
who_specialize	8.618391	8.4276705	-1.5051385	0.20355356
who_treat_r_cpd	8.671573	8.729471	-1.6478562	0.36398432
who_understand	6.634585	8.487205	0.32863194	0.07157927
whoa	6.4498005	8.779134	0.33868274	0.70232683
whole_host	6.095536	6.1283913	-0.7902909	0.8902965
whole_life	5.5969257	7.1568704	0.21307687	-0.2995683
whole_new	6.0347776	8.424538	0.33603546	0.29372874
wholesome	6.5906787	8.982934	0.26765528	0.62281245
whoop	5.367498	7.6366706	0.51034147	1.700224
whoosh	4.909534	6.163073	0.82657737	2.381564
whoosh_sound	4.5820985	6.992938	1.5366062	1.9568558
wide	5.5750265	5.614933	0.69311017	3.7716687
wide_as_possible	5.7151966	5.975396	0.613157	3.833436
wide_awake	7.6975746	9.315289	-1.5681776	2.0183723
wide_open	6.0908847	4.992953	0.2795481	3.0121832
wide_range	6.6747813	7.7391357	-0.66648287	0.8713497
widely_available	6.9920826	7.961428	-0.8906673	1.1588254
widespread	6.9415326	6.430223	-0.6404824	0.38142422
wiggle	5.574379	5.966279	0.8714267	3.8494365
wiki	8.365494	8.564836	-0.98218054	-0.13500728
wikipedia	7.3455377	8.11437	-0.7911787	0.446867
will_admit	4.758067	7.6408505	-0.25597954	1.781363
will_continue	6.9197392	9.365796	0.63104856	0.7730849
will_cover	8.940894	9.657232	-2.189762	1.6592951
will_def	6.804862	8.703501	-0.29764947	0.87250423
will_help	6.6622972	6.610123	0.5648245	3.213396
will_involve_collect	7.607283	7.767589	-1.0707113	0.35513863
will_update	7.0770607	9.508131	0.45391896	0.4134356
willing_to_refer	8.733412	8.357484	-1.5577182	0.11792461
willingness	7.438749	8.548923	-0.93845063	1.074056
wimbledon	8.444622	9.737482	-1.7601533	1.2630861
wince	4.2841997	6.945532	-0.19358666	2.7925048
wind	4.81642	5.225326	0.3125733	2.3258193
wind_eze	3.0993087	6.241554	-1.8117156	2.8516874
wind_pipe	6.0125513	6.4754367	-0.5758364	2.909729
wind_relief	3.2840834	6.369711	-1.7809324	2.9362528
windeze	3.276644	6.2676935	-1.9399552	2.8233624
windy	6.397623	8.589743	-0.0073036365	1.020275
wine	2.063255	7.009747	-0.76078796	2.1941013
winter	4.2165174	7.3496375	-0.26620156	1.9397798
wipe_out	5.6233644	7.7372775	-0.20712076	1.6007603
wire	6.633849	7.084067	-1.246353	3.624072
wish_you_luck	7.0236506	9.3305235	0.33153126	0.483401
wish_you_many	6.589968	9.262488	0.4272774	0.8995303
within_second	4.3966866	6.9817786	0.040403966	2.2285416
without_anaesthesia	7.980254	9.420932	-1.4918014	2.531018
without_anesthesia	8.046923	9.537789	-1.5368518	2.4342604
without_choke	2.561841	6.7999005	-0.5730882	3.2433226
without_effort	5.570804	7.273273	1.1620958	2.9130876
without_fail	4.3638916	6.675259	0.18482125	1.3483176
without_feel_sick	3.1898074	7.189832	-0.3455396	1.8599418
without_ga	8.1028385	9.519731	-1.6321324	2.3505044
without_general_anesthesia	7.990938	9.491191	-1.4709008	2.504005
without_insurance	8.761074	9.771805	-2.197991	1.9112681
without_turn_my_head	5.561176	7.599176	1.4280717	3.0098882
without_water	2.646361	6.830303	-0.570721	3.2654796
withrow	7.001809	8.679864	-1.0772363	1.132603
witness	5.120787	7.0502234	0.80977964	0.51972336
wonder_about	6.547799	6.5226297	-0.5211579	0.22187883
wonder_how	7.15305	8.702919	0.16127822	-0.008046425
wonder_if_anyone_here	7.638407	8.847796	-1.2801893	0.882111
wonder_if_it	6.458069	5.4736195	-0.37382522	0.43854627
wonder_if_its	6.3692474	5.501757	-0.34537274	0.46480033
wonder_if_its_worth	7.2677183	8.701911	-0.99195844	1.235492
wonder_if_maybe	6.298617	6.002278	-0.50975615	0.27000508
wonder_if_rcpd	6.3080354	5.9734383	-0.56186754	0.23785752
wonder_if_these	6.2025337	6.9677415	-0.6660339	0.6062864
wonderful	6.823828	9.378038	0.6384132	0.31351203
wonderful_news	6.8780746	9.119383	0.24809124	0.55972993
wonderful_to_hear	6.684983	8.582649	-0.033021215	0.73691326
woo_hoo	6.339895	8.836261	0.07432195	1.167428
woohoo	6.7036195	9.204019	0.22242661	0.7936346
woozy	4.5980606	8.466765	-0.22468513	2.871857
word_for_word	6.4265823	8.365053	0.07461743	0.53598684
word_of_advice	7.11346	8.678178	-0.23441531	0.48846537
work_amaze	7.0146184	9.617028	-0.6002887	1.8361038
work_brilliant	7.1010695	9.711948	-0.69586545	1.7732667
work_long_term	7.2534914	9.368269	-0.69698334	2.045342
work_proper	6.35441	4.9187136	0.22975887	2.920638
work_towards	6.6628866	6.966658	0.66451687	3.0611641
work_with_a_psychologist	6.686227	7.835046	-0.049819335	0.69883496
workday	4.300337	7.070196	0.03585325	1.8012495
workout	4.6977158	6.1400027	0.13805205	3.9284363
world_map	8.026672	8.436523	-1.1344811	0.21828029
world_map_of_specialist	7.186739	8.139544	-0.92988324	0.6926761
worm	5.8980227	7.421284	-0.22743025	1.9127908
worry	4.7631793	6.776461	1.6360399	0.67110544
worry_about	4.7491207	6.7166743	1.6364031	0.60986114
worry_about_lose	6.0034027	8.098786	0.9168352	2.370352
worry_that	4.7699285	6.7515364	1.659602	0.6448128
worry_too_much	6.5193806	9.308601	0.45569935	1.2979429
worse	4.091497	6.307458	0.63371736	0.88602334
worse_than_ever	4.660274	6.265172	-0.034095157	0.5442934
worsen	4.871169	5.859607	-0.10131672	0.38444006
worsen_by	6.009947	5.946763	-0.6349557	0.64401776
worsen_symptom	5.9482327	6.807367	-0.5460292	0.19186272
worsen_with_age	6.163804	6.101593	-0.5391527	-0.021926206
worst	4.0781865	6.1217213	0.5693841	0.893822
worst_symptom	4.441845	5.76285	0.20174634	0.9657945
worth_ask	7.264674	7.6019964	-0.88359576	0.88404816
worth_consider	6.9019275	7.0697236	-0.8628201	0.6979427
worth_it	6.53119	9.6111765	0.13789883	1.4417882
would_appreciate	7.137894	8.721529	-0.026776852	0.34824234
would_cover	8.913161	9.653796	-2.1877112	1.6849561
would_go_away	4.289342	6.689203	0.33606264	1.4234768
would_hesitate	6.968585	9.199691	-0.5709859	1.5611948
would_love_to_hear	7.2610064	9.109894	0.2961734	0.111675136
would_say	5.285119	8.803328	0.86651766	2.5224862
wound	6.31371	7.0558968	-1.2216315	3.0371346
wow	6.6087713	8.925377	0.71018946	0.16962379
wow_congratulation	6.5936747	8.8177185	-0.06403966	1.054297
wow_that	6.656779	9.070586	0.60178787	0.4296372
wrap_around	6.1612415	6.261661	-0.7180224	2.4606078
wrench	5.12041	7.0187244	0.49323356	1.6264157
wretch	4.9950547	6.7470136	1.3501933	2.1344757
wrist	5.577589	5.8253045	-0.0831856	3.0359173
write_a_referral	7.2172847	8.567311	-1.2127057	0.99786675
writhe_in_pain	4.048136	7.0640225	-0.18101214	2.0346391
wrong_muscle	6.2873545	5.837339	-0.0010479972	2.7773962
x	7.052805	9.400656	0.36934674	0.4680308
x2	7.0230055	9.154506	-0.82465017	1.687147
x200b_edit	6.864741	9.201845	-0.13378018	0.8746204
x_2	6.8906455	6.5794353	-1.4443945	1.0908575
x_ray	8.642226	7.354041	-2.2099571	0.68130016
xiphoid_process	5.0059824	5.8262076	0.015627833	2.2720199
xo	6.5991125	8.634511	0.09169767	0.5121935
xr	3.8894122	6.5451536	-1.7088286	3.0096002
xray	8.649283	7.4110184	-2.2103317	0.7006004
xxx	6.619045	9.182459	0.46107477	0.76906824
xxxx	6.541124	8.672507	0.2080116	0.7931036
y_o_male	5.6116853	7.530335	0.08194915	0.054387253
yah	6.2264338	8.590312	0.32845554	0.93233824
yale	8.531537	8.877281	-1.5071205	0.38793942
yale_medicine	7.719371	7.898816	-0.99099356	0.19733943
yale_medicine_condition_summary	8.224187	8.5200615	-1.0427799	0.01754318
yawn	5.3283644	6.4282393	1.3750614	3.5646572
yawn_a_lot	4.8807144	7.152767	0.4675278	2.0008712
yawn_cough	5.0586567	7.423042	1.5277107	2.8133368
yay	6.8589983	9.488083	0.5996186	0.4035519
yay_congratulation	7.1671977	9.251877	-0.669686	0.9934676
yay_so_happy	6.791547	9.221953	-0.3191017	1.1605685
yeah_same	5.242482	7.546896	0.024228942	1.5724144
year_late	6.024708	9.483237	0.4725232	2.2591734
year_or_two	5.577037	7.7538257	-0.22678873	0.20133385
yearly	7.6898665	9.183086	-1.5382595	1.5129534
yell	5.1947293	7.625575	1.3305339	1.305942
yelp	5.2766542	7.5786996	1.1152997	1.3904229
yes_100	5.4425163	8.196889	-0.42344508	1.7199081
yes_burper	6.4384036	7.418734	0.056016404	0.86790806
yes_exactly	5.5529532	7.585564	0.35934314	1.7781963
yesterday_and_today	5.2199726	8.752451	0.4949555	2.495307
yet_but	6.5909157	9.387772	0.6209749	1.1242384
yikes	6.376242	8.718692	0.23755096	0.85989255
yoga	6.2998395	6.3214498	0.66895324	3.75104
yoga_pose	5.4465437	6.2332716	-0.106409855	3.7085729
yoga_position	5.369464	6.276736	-0.0585407	3.758628
yoga_stretch	5.6100082	6.2211375	-0.14520855	3.5509667
yoghurt	2.275522	6.8049583	-0.9337541	3.0483806
yogurt	2.2958853	6.798167	-0.86127144	3.0835106
you_deserve	6.5552483	8.804657	0.3063852	0.47915152
you_will_regret	6.628118	9.320835	-0.002968252	1.1586548
young_adult	5.530677	7.1752057	0.15604268	-0.14107159
young_age	5.7879863	6.6750455	0.21841604	-0.40659833
young_brother	5.7337537	7.416048	0.07483454	0.27188116
young_child	5.548909	6.898866	0.5240946	-0.3809833
young_kid	6.2933702	7.421279	-0.35240284	0.4146181
young_people_age_12	5.486107	6.189516	-0.3396575	0.411861
young_person	7.070258	8.437698	-1.0921798	1.0339123
your_ab	5.775293	5.8291216	0.96387047	3.6861236
your_abdomen	5.5611053	5.4960876	0.7545269	3.6048121
your_adams_apple	5.614416	5.8435025	0.5399481	3.8823876
your_appetite	5.077827	6.699931	-0.2495279	0.9700979
your_belly	5.4299817	5.6462855	0.74857724	3.892204
your_body	5.8298426	6.338537	1.4045689	3.250743
your_bowel	5.3204546	5.0210266	-0.0012567107	2.5127885
your_case	6.8590417	5.84261	-0.65049434	0.103373304
your_cheek	5.635388	5.950622	0.18653777	3.5917265
your_chest	5.4238334	5.5021095	0.7353346	3.6403773
your_chin	5.559576	5.9330983	0.55771166	3.9804225
your_claim	7.884486	7.7664175	-1.17188	0.30721474
your_colon	5.447127	4.977268	0.09629441	2.6531477
your_comment	7.326242	8.948443	0.18670003	-0.14668725
your_concern	8.632768	8.581751	-1.6538944	0.416677
your_consultation	7.5912995	9.432909	-1.2669466	1.2220974
your_core	5.8258944	5.6650815	0.7410425	3.6345336
your_cricopharyngeus	6.2938194	5.0753884	0.016076965	2.8103986
your_daughter	6.848581	9.012314	0.39093846	0.28738728
your_diaphragm	5.780734	5.418966	0.74850804	3.51341
your_diet	2.6665385	6.3510137	-1.5748076	2.323278
your_digestion	5.7536077	6.065722	-0.8466274	1.025937
your_digestive_system	4.773028	5.154479	-0.5908611	2.153885
your_doc	8.739512	8.9744005	-1.7168287	0.6472338
your_ear	5.3270717	5.742956	0.64205134	3.4659986
your_esophagus	6.036111	4.870651	0.21499993	2.94024
your_exact	5.730259	7.9337726	-0.03762199	0.43939012
your_experience	7.198284	9.230025	0.32785413	0.22456017
your_father	6.737684	7.4522376	-0.84725446	0.98147887
your_favorite	3.1810868	7.0938263	-1.0601132	2.295148
your_fear	6.6343513	8.038761	0.10687096	0.6594997
your_feedback	7.0725594	8.998668	0.119016215	0.3883823
your_foot	5.5456586	6.195952	0.22757037	3.859813
your_gag_reflex	5.189468	6.4930544	1.4181148	2.523725
your_gf	7.020206	8.326794	-0.93104655	1.0912744
your_gi_tract	6.1907454	5.9885626	-0.5687097	1.7408217
your_good_bet	8.573596	8.573725	-1.3429018	0.10544371
your_gp	9.037746	8.699027	-1.8013476	0.2750818
your_gut	4.9909644	5.055167	-0.39937955	2.2742927
your_head	5.471939	5.7936883	0.7442008	4.0337687
your_health	6.982821	7.9244165	-0.5581739	0.718743
your_hip	5.4297037	6.1371236	0.061911408	3.7486296
your_insurance	9.001433	9.527385	-2.1322777	1.3885158
your_insurance_company	8.792368	9.270776	-1.9707733	1.1981605
your_intestine	5.2621527	5.0532804	0.082138225	2.5906367
your_jaw	5.7184076	6.071388	0.64169663	3.834049
your_knee	5.0882163	6.001213	0.17845501	3.8147464
your_left_side	4.5294666	6.0860023	-0.022558318	4.0746646
your_leg	5.4916997	6.1429286	0.37051588	3.9635632
your_location	7.7914166	8.532736	-1.2960348	0.5474703
your_lower_esophageal	6.331524	4.9754944	-0.037202016	2.6379025
your_message	7.1939125	9.028214	-0.010864754	0.23112506
your_mileage_may_vary	7.1820292	8.650568	-0.94199425	1.1214254
your_neck	5.5699954	5.602293	0.63822335	3.8339849
your_nose	6.683567	7.022361	-1.2565993	3.8043919
your_nostril	6.218352	6.792168	-0.89588106	3.3483777
your_out_of_pocket	8.321697	9.418437	-1.8873945	1.8124028
your_palate	5.662817	5.836843	0.22874089	3.702493
your_pcp	8.616775	8.514309	-1.6482254	0.3156454
your_personal	7.046394	7.524886	-0.6667545	0.83103365
your_perspective	6.9981947	9.036326	0.022231588	0.47938386
your_phobia	6.665274	7.7120976	-0.036776774	0.644855
your_posture	6.160415	6.245971	0.7207297	3.8076093
your_primary	8.66985	8.53133	-1.7534744	0.3307225
your_progress	7.062211	9.46867	0.49169973	0.37913424
your_recovery	7.067374	9.419138	0.43611214	0.4127152
your_shoulder_blade	5.509086	5.859452	0.41990393	3.8636205
your_stomach	5.3850055	5.023345	0.22930461	2.7709177
your_story	7.1575894	9.018145	0.32171217	-0.013264843
your_symptom	6.029298	5.5311394	-0.5620176	-0.21252218
your_theory	6.717046	6.160922	-0.43583795	0.4557929
your_throat	5.547813	5.431056	0.52593184	3.593602
your_thumb	5.6377177	5.9253554	0.50319	3.89172
your_tongue	5.4645257	5.755155	0.5953954	3.9737196
your_trachea	5.917202	6.5541167	-0.5533023	2.9043038
your_ues	6.216359	4.9335046	0.33312663	3.0144997
your_upper	6.1494927	6.09801	-0.5263388	2.5186713
your_upper_esophageal	6.4483213	4.9141417	0.05806182	2.7777388
your_uvula	5.677198	6.6093116	-0.40657243	3.052897
your_vocal_chord	6.045549	6.5144296	-0.4705768	2.5254593
your_vocal_cord	6.520026	6.847881	-1.066211	3.500846
your_voice_box	6.2387958	5.1955733	0.014216337	2.9385395
your_wife	6.594477	8.460362	-0.0001661241	0.42751354
youth	6.110088	7.074771	-1.5488619	1.8109524
youtube_video	8.067038	8.493437	-0.7025713	-0.13489103
yuck	4.761178	7.1914587	0.27005947	1.6154039
yucky	4.605292	6.9746103	-0.028242024	1.4853839
zantac	3.3695362	6.2118807	-2.1457987	3.1433353
zebra	7.565476	7.4202166	-0.8178292	0.042540636
zen	6.1494894	7.358176	-2.2240565	2.2090783
zero_control_over	5.424818	8.275162	1.153657	2.3490522
zero_slow	5.122798	8.601077	0.09095595	2.3343892
zinc	3.5891647	6.2897525	-1.5717553	2.597845
zip	5.3499055	7.2954574	-0.5409511	1.9424347
zofran	3.245027	6.1048093	-2.304335	3.080321
zombie	5.233361	7.466955	1.1379466	1.7315322
zoom_appointment	7.95121	9.879021	-1.3777323	1.2170999
zyrtec	3.5132153	6.343129	-2.0304732	3.3679676
