token,cluster,sim_to_centroid
00,7,3.422055
00am,7,3.141978
01,7,2.835243
07,7,2.728197
08,7,3.058907
10000,8,1.080513
100_and_150,7,3.102150
100_iu,7,3.180957
100_percent,11,0.881602
100_unit,7,3.282176
100_unit_in_office,7,2.551127
100_unit_of_botox,7,3.179491
100_unit_under_general,7,2.948967
100_worth,10,1.728740
100cc,7,2.675322
100k,7,2.927832
100mg,7,3.193540
100ml,7,2.941442
100u,7,3.264516
100u_under_ga,7,2.700651
100x_worse,4,1.932164
105,5,1.407391
108,5,1.532329
10_10_would_recommend,6,1.234642
10_15,6,1.483831
10_hour,7,3.156011
10_month,6,1.943620
10_month_ago,6,1.421959
10_year_ago,8,2.529805
10_year_old,8,2.621675
10x_worse,3,1.996567
11_00,6,-0.032404
11_11,11,1.110159
11_year_old,8,1.919092
1200,7,3.741622
121,11,1.404200
125_unit,7,2.937282
126,7,2.281739
12_21,6,1.165996
12_hour,6,2.025307
12_month_wait_list,11,1.644414
12_year,8,2.507315
1300,7,3.482299
140,7,2.760901
14_month_ago,11,1.048766
150,7,4.045284
1500,7,3.698608
150_unit,7,3.182006
150mg,11,0.722615
15_30_minute,4,0.880399
15_month_ago,11,1.297982
15_year_old,8,2.047305
15mg,1,3.647984
160,5,1.539001
16_ounce,4,1.790448
16_week,6,1.558212
16_year,8,2.372577
17_day,11,1.121829
17_year,8,2.442812
17th,7,3.000523
185,5,1.802272
18_hour,6,1.202938
190,5,1.218751
19_year,8,2.876745
19_year_old_son,6,1.492817
19m,8,1.461339
1_000,7,3.883807
1_2_month,6,1.968290
1_30pm,11,1.718139
1_500,7,3.474325
1_5_month,6,1.606616
1_800,11,1.587821
1_day,6,1.978654
1_injection,7,2.268838
1_minute_hold,2,2.713071
1_year_ago,10,1.631239
2000,7,4.050813
200_unit,7,3.225205
2014,9,1.610145
2018,7,2.544410
2025,7,2.914423
20_mg,1,3.681207
20_year_old_male,8,1.372590
20k,7,3.256374
20s,8,2.460203
212_305,11,1.357459
21_year_old,8,2.727992
21f,8,2.293719
21st,7,2.749801
22_year,8,2.708723
22f,8,1.628806
2300,6,0.079185
23_year,8,2.769469
23f,8,1.714366
240,7,3.264961
2400,7,2.999632
24_7,4,2.197994
24_hour_test,11,1.849925
24_now,8,2.154010
24_year,8,2.731812
24_year_old,8,1.983564
24_year_old_female,10,2.157725
24f,8,2.150582
24h,6,1.531613
24h_ph,6,-0.378783
250,7,4.082858
25_unit,7,3.194114
25_year,8,2.789101
25_year_old,8,2.187599
25m,10,2.303823
26_year,8,2.691406
26_year_old,10,2.253578
26th,7,2.901496
2700,7,3.228184
27f,10,2.277601
27m,8,1.841740
27th,7,2.944676
28f,10,2.133449
28th,7,2.945280
28th_of_august,7,2.262349
29_now,8,2.479389
29_year,10,2.105220
29_year_old,8,2.210962
29m,10,2.210371
2_3_hour,4,1.378941
2_3_month,6,1.955124
2_3_week,6,1.995189
2_beer,4,1.909088
2_day_post_op,6,1.353636
2_dose,7,2.674800
2_injection,7,2.854115
2_month_post_op,6,1.435516
2_round,7,2.770945
2_week_post_op,6,1.196813
2_year_ago,8,2.432553
2am,4,1.300637
300,7,4.089800
3000,7,4.098030
30_60_second,2,0.808797
30_min,4,0.821357
30_minute_before,1,3.614797
30_rep,2,2.728513
30_unit,7,3.207755
30_year,8,2.907430
30f,7,2.181181
30m,8,2.015307
30s,8,2.077122
30th,7,3.015625
31_now,8,2.546498
31st,7,2.948914
3200,7,3.531180
32_year,8,2.791541
32_year_old,8,1.966524
350,7,3.602277
3500,7,3.870272
35_year_old,8,2.107590
3600,11,1.564981
3800,7,3.560711
38_year_old,10,2.355465
3_000,7,3.972532
3_1,11,1.446925
3_4_day,6,1.958380
3_4_month,6,1.996271
3_5_month,6,1.904706
3_6_month,6,1.942347
3_beer,4,1.486847
3_bite,1,2.792060
3_injection,7,3.100244
3_month,6,2.034332
3_month_mark,6,1.799974
3_month_post_op,6,1.392475
3_set,2,2.721414
3_week_post_op,6,1.456181
3_year_ago,8,2.449536
3am,4,1.318239
3k,7,4.060176
3pm,4,1.115772
400,7,4.090159
4000,7,4.043682
40_unit,7,3.213405
40_year,8,2.562873
40_year_old,10,2.029795
40mg,1,3.833393
40s,8,1.605131
42,8,2.384968
43,8,1.326101
43_year,10,2.142201
450,7,3.479363
4500,7,3.930787
45_degree_angle,2,2.485932
48,8,1.937061
48_hour,6,2.102072
4_000,7,3.612666
4_5_hour,4,0.844100
4_5_inch,2,2.557535
4_day_post_op,10,1.646352
4_month,6,2.020559
4_month_post_botox,6,1.639241
4_month_pregnant,6,-0.226035
4_week_post_op,6,0.944424
4_year_ago,8,2.444967
4k,7,4.079914
4pm,4,0.826280
50,7,3.257048
500,7,4.110992
5000,7,4.085158
5000_cad,7,3.500631
500mg,1,3.498597
50_100,7,2.931848
50_100_unit,7,2.850469
50_75,7,2.652005
50_time,6,1.153391
50_unit,7,3.283690
50_unit_in_office,7,2.572399
50_unit_injection,7,2.260732
50_unit_of_botox,7,3.245329
50_unit_with_lucy,6,1.323974
50cc,7,2.872269
50mg,7,3.216117
50ml,7,2.951209
50u,7,3.205926
50u_in_office,7,2.753142
5289,11,1.374840
52_year,10,2.346236
53_year,10,2.101705
54,8,1.818221
55,8,2.556420
550,7,3.520048
5500,7,2.987020
55_unit,7,2.720530
55_year,8,2.039680
575,7,3.317785
5_day_post_botox,6,1.509947
5_hop,1,3.648125
5_hour_away,7,3.029638
5_hour_drive,7,3.049562
5_month,6,2.000638
5_month_fifth_150,6,1.475549
5_month_late,6,1.594836
5_month_out,6,1.754820
5_month_post_op,6,1.245087
5_month_pregnant,4,1.315313
5_year_old,8,2.660998
5am,4,1.212544
5k,7,4.092065
5pm,4,1.357745
5x,6,0.304689
600,7,4.132010
63,8,1.982011
65,7,2.847732
65_unit,7,2.764404
6_day_post_botox,6,1.447884
6_month,6,2.036959
6_month_ago,10,1.546360
6_month_late,6,1.579436
6_month_mark,6,1.932732
6_month_post_botox,6,1.643563
6am,7,3.173876
6pm,4,0.762295
6th,7,2.960379
6th_grade,8,1.897135
70,7,2.981319
700,7,4.053600
70_year_old,10,2.075396
70_year_old_lifetime,8,1.198174
75,7,3.278862
750,7,3.761470
75_100,7,2.713107
75_cc,7,2.745745
75_or_100,7,2.971692
75_unit,7,3.306111
75_unit_of_botox,7,3.046507
75_unit_under_general,7,3.230708
75_unit_with_doctor_bastian,7,3.295646
75_unite,5,1.963083
75u,7,2.781249
7_45,7,3.060997
7_5_month,6,1.455731
7_day_post_op,11,0.734030
7_month_ago,10,1.269445
7_month_pregnant,4,1.321791
7_week_ago,7,2.146753
7am,7,3.289155
7th,7,2.949780
80,7,3.198468
80_100,7,2.766752
80_90,7,2.632968
80_of_patient,7,2.806615
80_success_rate,7,2.941645
80_unit,7,3.262579
80_unit_of_botox,7,2.936636
80u,7,3.015835
81,5,1.717666
816,7,3.166540
820,7,3.358014
850,7,4.071814
85_90,7,2.522061
85_unit,7,2.622062
87_unit,7,2.464358
87_unit_of_botox,7,3.113658
8_14,11,1.997220
8_5,7,2.383123
8_hour,4,1.505568
8_month_late,6,1.585759
8_month_pregnant,4,1.154017
8_pound,6,0.238948
8_year_old,8,3.059914
8k,7,3.295761
8th,7,3.018762
90,7,2.896079
900,7,3.863761
90_100,6,0.188511
90_percent,10,0.998634
90_success_rate,7,2.935244
90_unit,7,2.640328
99_9,10,1.395750
9_day_post_botox,6,1.368201
9_day_post_op,6,0.699664
9_hour,4,0.629881
9_month,6,1.927390
9_month_ago,10,1.622750
9_month_pregnant,4,1.310149
9_or_10,6,0.092007
9_year_ago,4,0.878625
9am,7,3.424344
a_acid_reducer,1,3.701479
a_adult,8,3.266099
a_airplane,2,0.779413
a_allergist,11,2.857774
a_appointment,7,3.355965
a_believer,11,1.776776
a_blender,1,2.881844
a_blessing,10,1.726009
a_breeze,11,1.521631
a_bucket,4,1.126343
a_bummer,10,2.480715
a_byproduct,2,1.664065
a_camera,5,3.353605
a_chair,2,2.942786
a_charm,7,2.470596
a_chaser,1,3.217409
a_child,8,3.259816
a_chiropractor,11,2.545162
a_coincidence,9,2.349969
a_cold,4,1.688695
a_colonoscopy,11,2.473715
a_concert,4,1.841318
a_connection,9,2.439014
a_consult,7,3.342966
a_consultation,7,3.391192
a_correlation,9,2.426786
a_croaker,10,1.955294
a_cup,1,3.279394
a_daily_basis,4,1.723636
a_demon,3,2.290599
a_diagnosis,11,3.039503
a_discount,7,2.778942
a_egd,11,2.465072
a_ekg,11,2.286183
a_emetophobe,8,2.578028
a_endoscopy,11,2.615814
a_ent,11,3.431641
a_esophagram,11,2.757961
a_exorcism,3,2.116959
a_fast_eater,1,3.272333
a_frog,3,2.444936
a_fundoplication,9,1.995272
a_gastroenterologist,11,3.301805
a_gastroscopy,11,2.601463
a_genetic_component,9,1.988012
a_gi,11,3.306630
a_giant,4,1.432486
a_gig,4,1.056886
a_gigantic,3,1.623374
a_glass,1,3.260819
a_good_sign,6,1.397192
a_gown,5,3.142087
a_gp,11,3.348109
a_gradual,6,1.448690
a_h2_blocker,1,3.720420
a_heat_pad,2,2.777905
a_hh,11,0.955912
a_hiatal,9,1.478014
a_hiatal_hernia,9,2.528905
a_hiatus,9,2.347632
a_high_dose,7,3.232392
a_hmo,11,3.114563
a_incline,2,2.817710
a_infant,8,3.177144
a_laryngologist,11,3.227149
a_laryngoscope,11,2.399787
a_learn_behavior,9,1.303042
a_letter,11,3.190448
a_lifesaver,11,1.042065
a_literal,3,1.819265
a_little_bit,4,1.462471
a_low_fodmap,1,3.289063
a_lump,6,1.703533
a_major,4,0.890379
a_marathon,3,0.936413
a_medical_bankruptcy,11,2.280932
a_mini,4,1.017694
a_minor,9,2.072725
a_misdiagnosis,9,2.368016
a_monster,3,1.846270
a_myriad,9,1.858066
a_name,10,3.209166
a_narrow,2,1.090565
a_neurologist,11,2.990636
a_nightmare,8,1.184666
a_no_burper,8,3.265907
a_noburper,8,3.201990
a_normal_person,3,1.823227
a_numb_agent,5,2.921486
a_otolaryngologist,11,3.078131
a_panic_attack,4,1.904365
a_peer_to_peer,11,2.442680
a_piece_of_cake,7,2.822902
a_possibility,9,2.360115
a_ppi,1,3.945557
a_precaution,1,3.632965
a_probiotic,1,3.690841
a_psychiatrist,11,2.936672
a_red_bull,1,2.934101
a_referral,11,3.327839
a_revelation,10,2.575960
a_row,3,1.824349
a_scope,11,2.393899
a_second_dose,7,3.240670
a_second_opinion,11,3.272813
a_second_round,7,3.222704
a_singer,6,0.978508
a_slight,4,1.404024
a_small_hiatal,9,2.394046
a_smoker,9,1.154035
a_smoothie,1,3.507675
a_soda_stream,1,2.969236
a_specialist,11,3.409923
a_spectrum,9,2.379139
a_speech_language,11,2.326662
a_speech_pathologist,11,2.722045
a_speech_therapist,11,2.829712
a_stomach_ache,4,1.847103
a_stomach_bug,8,2.575062
a_teaspoon,1,3.204572
a_tendency,4,0.754405
a_tennis,2,3.054337
a_toddler,8,2.481940
a_toilet,3,2.257729
a_ulcer,9,2.146805
a_ultrasound,11,2.406226
a_vicious,2,1.659759
a_viscous,4,1.668225
a_wedge,2,2.662018
a_wedge_pillow,1,3.634800
a_weird_quirk,8,2.193930
a_weirdo,10,2.349831
a_whisper,6,1.186281
a_x_ray,11,2.465011
aa,6,0.027088
aaah,10,2.180992
abd,9,1.076981
abdomen,2,2.254721
abdominal,2,2.008397
abdominal_area,2,1.089264
abdominal_bloat,4,1.642883
abdominal_cramp,4,1.117031
abdominal_discomfort,4,1.534820
abdominal_distension,4,1.114503
abdominal_distention,4,1.552031
abdominal_massage,2,2.292658
abdominal_muscle,2,2.849405
abdominal_pain,4,2.114675
abdominal_pain_and_nausea,8,1.163296
abdominal_pressure,2,1.016455
abdominal_x_ray,6,-0.408312
abdomino_phrenic,9,1.646906
ability_to_burp,6,1.922143
ability_to_sing,11,0.994081
ability_to_swallow,11,0.392419
abit,6,1.038706
able_to_burp,3,1.688215
able_to_burp_on_command,6,1.092480
able_to_control,3,1.102719
able_to_eat,1,3.347456
able_to_release,2,1.835044
able_to_vomit,8,2.125902
abnormal,2,1.986469
abnormality,9,1.396317
about_2000,7,3.683339
about_25,6,1.374476
about_2k,7,3.674754
about_30_minute,7,2.898036
about_3500,7,3.319801
about_4k,7,3.325782
about_800,7,3.575134
about_850,7,3.557571
about_doctor_bastian,11,2.360854
about_r_cpd,11,3.149211
about_rcpd,11,2.970972
about_section,11,2.670379
about_this_condition,11,2.731707
above_average,8,1.470062
above_liquid,6,-0.167453
above_my_head,2,2.602547
absent,2,0.638245
absolutely_awful,8,1.160787
absolutely_change,10,1.976137
absolutely_insane,6,0.049424
absolutely_life_change,10,1.663339
absolutely_love,11,1.672473
absolutely_miserable,4,1.713972
absolutely_terrify,8,2.595181
absolutely_worth,10,1.465983
absorb,2,1.811203
abstract,6,-0.587344
abuse,9,1.667029
academic,11,2.063668
academic_research,11,1.986258
accept,11,3.271454
accident,3,2.031157
accident_burp,3,1.847181
accident_microburp,3,1.676010
accident_swallow,2,1.471785
accident_throw_up,3,2.267779
accident_vomit,3,2.030565
accompany_by,4,1.892841
accompany_by_a,4,1.168304
accomplish,2,0.840986
accumulate,2,2.032332
accumulation,2,0.993332
accuracy,7,2.986209
acetaminophen,1,3.531346
achalasia,9,1.978881
ache,4,1.199149
achieve,2,1.323051
acid,2,2.063378
acid_blocker,1,3.816709
acid_burn,2,1.745915
acid_come_up,4,1.520293
acid_damage,9,1.871669
acid_food,1,3.325270
acid_medication,1,3.715235
acid_production,2,1.349434
acid_reduce,1,3.689599
acid_reduce_medication,2,1.087433
acid_reducer,1,3.822585
acid_reflex,4,0.751554
acid_reflux,9,2.370865
acid_reflux_gerd,9,1.535484
acid_reflux_issue,9,2.261771
acid_reflux_medication,1,3.894559
acid_reflux_medicine,1,3.739441
acid_reflux_symptom,4,1.154778
acid_reflux_which,9,2.421195
acidity,2,1.679628
acknowledge,11,2.878342
acne,1,3.529009
acquire,8,2.433965
across_this,10,2.649000
across_this_subreddit,10,2.301020
act_of_vomit,8,2.229269
act_up,4,2.051891
action,2,2.811848
activate,2,2.772832
activate_charcoal,1,3.628506
activation,2,1.618229
active,2,1.537798
active_ingredient,1,3.208968
active_try,3,1.292927
actual_burp,3,1.878198
actual_diagnosis,11,1.192955
actual_medical,11,2.300211
actual_name,10,2.199936
actual_physical,9,1.849385
actual_procedure,7,3.812559
actual_relief,3,0.918764
actual_vomit,3,2.398438
actually_enjoy,4,1.914078
actually_puke,3,1.831103
actually_throw_up,3,2.474941
actually_vomit,3,2.474759
acupuncture,2,1.683897
acute,4,1.268756
adamant_about,6,-0.135045
adams_apple,2,2.976777
adams_apple_area,2,2.310446
adams_apple_but,2,1.497065
adaptation,6,-0.297086
add_sugar,1,2.931933
adderall,1,3.318312
additional_information,11,2.184787
address,11,2.873131
adenoid_remove,6,0.066802
adhd,9,2.598460
adhd_medication,1,3.641736
adjustment_period,10,1.525499
admission,7,3.008360
adolescence,4,1.040786
adrenaline,4,1.119389
adult_life,8,2.676933
adulthood,8,2.824479
adverse,11,1.194217
adverse_reaction,11,1.200729
advertising,11,1.862079
advice_and_support,11,1.541070
advil,1,3.660623
advocacy,10,2.161342
advocate,11,2.895737
advocate_for_yourself,11,3.126760
aerobic,2,0.896876
aerophagia,9,2.501297
aetna,7,3.758928
af,6,0.001053
afab,8,1.647806
affect,9,2.384079
affect_by,9,2.166515
affect_my,8,2.196973
affect_my_life,8,2.339486
affect_my_voice,6,1.238227
affect_your_life,11,1.439225
affect_your_voice,11,1.199599
affiliate,11,1.701566
afflict,8,1.905871
affliction,11,1.513459
afraid,8,2.579642
afraid_of_throw_up,8,2.329042
afraid_of_vomit,8,2.567591
afrin,5,2.440485
after_botox,6,1.940171
after_breakfast,3,1.425422
after_dinner,4,2.099443
after_eat,4,2.193577
after_every_bite,1,3.399259
after_every_meal,4,2.007249
after_food_poison,8,1.587986
after_meal,4,2.123207
after_surgery,6,2.060893
aftermath,7,2.168984
afterward,6,2.138237
age,8,2.923638
age_10,8,2.623266
age_27,8,2.240268
age_30,8,2.444674
age_50,10,1.575132
age_8,8,2.686165
age_9,11,0.820110
age_of_12,8,2.308279
age_of_15,8,2.290070
agency,11,2.195173
aggravate,4,0.969068
aggressive,3,2.211394
agh,10,1.841902
agonize,4,1.751084
agonize_pain,4,1.034849
agony,4,2.031960
agoraphobic,8,1.409211
agreement,11,1.963882
ah_man,10,1.980638
ah_thank,10,2.124641
ah_thanks,11,1.223018
ah_yes,8,1.397853
ahh_interest,11,1.175575
ahh_thank,11,1.402848
ahh_thanks,11,1.235613
ahhh,10,2.374010
ahhhh,11,0.801203
ahhhhh,10,1.525197
ahmed_geneid,11,2.579479
ailment,9,2.012299
air,2,2.170193
air_bubble,2,2.274255
air_bubble_rise,2,2.134997
air_buildup,4,1.094326
air_come,2,2.432463
air_come_out,3,1.664746
air_come_up,2,2.080723
air_escape,3,1.458455
air_flow,2,1.898148
air_hunger,4,0.939175
air_in_my_stomach,2,1.775807
air_intake,4,2.038612
air_move,2,2.373080
air_pocket,2,1.983060
air_pressure,2,2.316104
air_release,3,1.653249
air_rise,2,2.276303
air_stuck,2,2.078507
air_trap,2,2.036234
air_travel,2,1.930247
air_try_to_escape,3,1.689690
air_vom,3,1.442150
air_vomit,3,2.415468
air_vomit_technique,6,-0.115538
airbnb,7,3.386179
aire,5,2.421387
airway,2,2.291860
airy,3,1.390481
aisle,4,1.053408
alan,11,1.567060
albany,7,2.689776
albany_ny,11,2.129158
alberta,11,2.845058
albuterol_inhaler,6,-0.318752
alcohol,1,3.223903
alcohol_caffeine,1,2.748509
alcohol_coffee,1,2.879761
alcoholic_beverage,1,2.855217
alcoholic_drink,1,3.070136
ale,1,3.012615
alert,6,0.055870
alexander,11,1.835186
alexandra_hospital,7,3.061713
alignment,2,1.068914
alkaline,1,2.638047
all_connect,9,2.343073
all_four,2,2.397870
all_honesty,10,1.607585
all_make_sense,10,2.582308
all_my_life,8,3.248183
all_of_a_sudden,3,1.670329
all_three,11,1.934002
allege,6,-0.155831
allergen,6,-0.079857
allergic,1,2.833454
allergic_reaction,6,-0.167607
allergy,9,2.378661
allergy_medication,1,3.678959
alleviate,4,1.740174
allow_acid,2,2.340692
allow_air,2,2.529440
allow_myself,3,1.396327
allow_us,2,1.944310
almond_milk,1,3.047906
almost_choke,4,1.571083
almost_constant,4,1.827607
almost_cry,10,2.738154
almost_daily,4,1.930417
almost_die,6,-0.052418
almost_everyone,6,0.902894
almost_exclusive,4,1.038277
almost_feel_like,2,2.200638
almost_instant,3,1.260191
almost_like,2,2.218176
almost_nonstop,3,1.195874
almost_silent,3,1.387156
almost_the_same,6,0.980395
almost_unbearable,4,1.535936
almost_zero,6,0.337650
aloe_vera_juice,6,-0.091350
alone_anymore,10,2.873515
already_know,11,3.098264
also_add,6,-0.353276
also_contribute,9,1.767878
also_notice,4,1.986808
also_struggle,8,2.168669
also_suffer,9,2.633458
alternative_medicine,11,1.965838
although,4,1.220656
always_accompany,4,1.202396
always_associate,8,2.252627
always_assume,8,2.476207
always_joke,10,2.137816
always_struggle,8,2.072389
always_the_worst,4,1.066672
always_think,8,3.131835
always_wonder,8,2.760372
alzheimer,9,1.041095
amanda_hu,11,2.795910
amazement,10,1.642676
amazing,10,3.098822
amazing_community,10,2.101464
amazing_good_luck,10,1.784985
amazing_news,10,2.194501
amazing_thank,10,2.440277
amazing_to_hear,10,1.969593
amd,11,0.574108
america,7,3.428891
american,7,3.529664
american_healthcare_system,11,1.371265
amitriptyline,1,3.807776
amnesia,6,0.013509
among_friend,10,1.589683
among_those,11,1.666788
among_us,9,1.993651
amount_of_acid,4,1.205869
amount_of_air,2,2.158512
amount_of_botox,7,2.956252
amount_of_gas,2,1.967429
amount_of_pressure,2,1.336640
amount_of_relief,10,1.604480
amount_of_unit,10,2.297637
amplify,4,1.293241
amuse,3,2.278466
anaesthesia,7,3.650848
anaesthetist,7,2.757916
anal,2,0.476434
analogy,6,-0.127436
analysis,11,1.930090
anatomical,9,1.170613
anatomy,2,2.484370
anecdotal_but,8,1.155511
anemia,9,1.949262
anemic,4,0.772341
anesthesia,7,3.675639
anesthesiologist,7,3.718153
anesthetic,7,3.713952
anesthetic_spray,5,3.114806
anesthetize,7,3.503892
angle,2,3.109496
angry,3,2.408807
angst,5,1.190356
anguish,6,-0.044880
animal_product,1,2.770606
announce,11,1.426881
annoy,4,2.121487
annoyance,8,1.336436
annoyed,10,2.145753
anomaly,8,1.684259
anonymity,10,2.211763
anonymous,11,2.121088
anorexia,8,2.222304
anorexic,8,1.754955
another_attack,6,0.117254
another_condition,9,2.189693
another_country,7,3.586584
another_dose,7,3.157201
another_ent,11,3.289860
another_factor,11,1.015362
another_injection,7,3.200443
another_note,6,-0.137722
another_nurse,1,3.317062
another_person,10,2.536863
another_round,7,3.128617
another_shot,7,2.789255
another_specialist,11,2.920103
another_thread,10,2.441942
another_update,10,2.923987
answer_1,10,1.357983
antacid,1,3.896831
antacid_medication,6,-0.276861
antacid_tablet,1,3.671306
antegrade,2,1.975952
anterograde,2,1.223355
anthem,7,3.604361
anti_acid,1,3.895431
anti_acid_medication,1,3.513158
anti_anxiety_med,1,3.701446
anti_anxiety_medication,1,3.662467
anti_depressant,9,1.317559
anti_gas,1,3.423930
anti_gas_pill,1,3.619098
anti_inflammatory,1,2.908216
anti_nausea,1,3.695960
anti_nausea_medication,1,3.675902
anti_reflux,2,1.421455
antibacterial,4,0.576069
antibiotic,1,3.942249
antibody,9,1.780556
anticipate,6,1.282585
antiemetic,1,3.573443
antihistamine,1,3.647014
anxiety,4,1.581973
anxiety_about,8,2.388855
anxiety_and_depression,8,1.465213
anxiety_and_panic,8,2.588208
anxiety_and_stress,9,1.006879
anxiety_around,4,1.214511
anxiety_attack,4,1.744884
anxiety_depression,9,1.880241
anxiety_disorder,9,2.139917
anxiety_induce,8,2.158672
anxiety_level,6,-0.368034
anxiety_medication,1,3.643792
anxiety_panic,8,1.676602
anxiety_panic_attack,8,1.551249
anxiety_play,6,-0.423819
anxiety_response,9,2.181070
anxiety_stress,9,1.699514
anxious,3,2.086021
anxious_about,8,2.459419
anxious_await,6,1.107742
anxious_person,8,1.364461
anxiousness,9,0.917731
any_abnormality,11,2.476802
any_advise,11,1.760980
any_alcohol,1,2.688307
any_carbonate_beverage,4,1.333629
any_complication,7,1.993247
any_correlation,9,2.402019
any_exercise,2,2.201148
any_food,1,3.271094
any_information,10,2.749668
any_issue,6,0.132669
any_knowledge,11,2.572456
any_liquid,1,3.204945
any_medication,1,3.788355
any_other_suggestion,10,1.923109
any_problem,6,-0.077562
any_progress,10,2.512437
any_regurgitation,6,0.918802
any_relation,9,1.113102
any_relief,3,1.746467
any_side_effect,11,1.097707
any_solution,11,1.413661
any_specialist,11,2.769705
any_test,11,2.673863
any_tip,10,2.930939
any_update,10,2.872293
any_weight,4,1.533946
anyone_experience,4,1.175305
anything_carbonate,1,2.842411
anything_different,6,1.264924
anything_similar,11,1.527287
anytime_soon,10,2.162325
apartment,6,0.082930
apd,9,2.106306
appeal,7,3.843960
appetite,4,2.007070
apple,1,3.557680
applesauce,1,3.735300
applicable,11,1.241653
apply_pressure,2,2.545257
appointment_book,7,3.124390
appointment_schedule,7,3.092138
appointment_with_doctor,7,3.306664
appointment_with_doctor_bastian,7,3.302316
appointment_with_her,7,3.231526
appointment_with_lucy,7,3.058961
appreciative,8,1.625859
approach,11,3.005975
approach_them,11,2.202846
approval,7,3.560501
approve,7,3.946370
apt,7,3.293836
arbitrary,11,1.959108
arc,11,1.929302
arch,2,2.731414
arch_my_back,2,2.132027
archive,11,1.993115
are_not_alone,10,2.386972
are_not_even,8,0.882863
are_not_just,3,1.056446
are_not_like,3,1.076475
are_not_many,11,1.925380
are_not_that,11,0.557057
are_not_uncommon,9,1.330770
area_of_expertise,11,2.061836
argh,10,1.467930
arizona,11,2.373109
arm,2,2.913656
arm_injection,5,2.298740
around_18,8,2.395603
around_250,7,3.364070
around_3_month,6,1.934581
around_4000,7,3.821315
around_5,6,0.940465
around_600,7,3.730636
around_80,7,2.765075
around_day_5,6,1.803331
around_people,3,1.644441
around_the_world,11,2.590239
arrange,7,3.436452
artery,2,1.705548
article,11,3.057745
article_about,11,2.427931
articulate,8,1.612476
artificial_sweetener,4,1.591400
asap,7,3.464277
ascend,2,1.789957
ask,11,3.252971
ask_for_a_referral,11,3.175330
ask_how_many,7,2.809826
ask_them,11,3.329316
ask_whether,11,1.692209
askreddit_thread,10,2.694874
aspect_of_my_life,11,1.107083
asphyxiation,2,1.657426
aspirate,4,1.613017
aspirate_into,4,1.074486
aspiration,9,1.649416
assertive,11,1.410032
assess,11,2.752469
asshole,6,-0.152229
assistant,7,3.286173
associate,8,2.217175
associate_symptom,4,1.433018
associate_symptom_due_to_retrograde,11,2.012179
associate_with_r_cpd,4,1.386620
association_between,8,1.678376
assume_its,2,1.208742
asthma,9,2.428828
asthma_attack,8,1.619676
astonish,11,0.534103
astound,10,2.061387
astronomic,10,1.275120
asymptomatic,8,1.479161
atlanta,11,2.963593
atlas,6,-0.167623
atmosphere,2,1.321786
atrocious,11,0.214548
attach,11,2.790587
attack,4,2.081799
attribute,9,2.274843
au,5,2.803885
audible,3,2.347180
audible_burp,3,1.511553
audible_sound,3,2.235302
august,7,3.085762
augustus,5,2.189354
aujourdhui_concern_le_rcpd,6,-0.082654
aura,5,1.370892
austin_tx,11,2.196861
australia,11,3.361128
austria,11,2.742552
author,11,2.350158
autism,9,2.147024
autoimmune,9,1.957392
autoimmune_disease,9,1.858937
autoimmune_disorder,8,0.908673
automatic,2,1.980095
autonomic_dysfunction,9,1.432964
autonomic_nervous_system,2,1.206970
avail,6,-0.066999
availability,7,3.337363
available_in_my_country,11,1.462635
avenue,11,1.878841
average_person,3,2.022197
average_weight,8,2.018575
averse,10,1.516574
avocado,1,3.397903
avoid,1,3.308916
avoid_acid,1,3.106669
avoid_alcohol,1,3.240096
avoid_any,1,3.138687
avoid_carbonate_drink,1,3.097977
avoid_carbonation,1,3.063438
avoid_carbonation_alcohol_caffeine,1,3.152897
avoid_food,1,3.092628
avoidance,9,1.521408
aw,10,2.476134
aw_thanks,11,1.333469
awake,7,3.643301
awaken,6,0.374073
aware_of_r_cpd,11,2.432493
aware_of_rcpd,11,1.974608
away_from_home,4,1.309155
awesome,10,3.089145
awesome_congratulation,10,1.977972
awesome_to_hear,10,2.058283
awful,4,2.205298
awful_symptom,8,2.450195
awh,10,2.007481
awkward,3,2.587318
aww,10,2.335601
aww_thank,11,1.152748
b,9,1.465748
b1,6,-0.475271
b12,1,2.944543
b_vitamin,1,3.104095
baby_burp,3,1.690601
baby_ibuprofen,1,3.532344
baby_step,11,1.170661
back_down,2,2.499991
back_in_july,7,2.617368
back_in_march,7,2.204820
back_of_my_mouth,2,2.275735
back_of_my_throat,2,2.066186
back_of_my_tongue,2,2.538570
back_of_your_mouth,2,1.210592
back_of_your_throat,2,2.961046
back_to_normal,6,2.024666
back_with_a_vengeance,6,1.567535
background_check,11,1.989178
backward,2,2.309678
baclofen,11,1.392178
bacteria,2,1.881424
bacterial_infection,9,1.830150
bad_acid_reflux,4,1.527761
bad_breath,4,1.615639
bad_cold,4,1.111459
bad_episode,4,1.393651
bad_heartburn,4,1.132612
bad_posture,2,1.181301
bad_side_effect,11,1.162015
bad_smell,4,1.046654
bad_taste,4,1.601034
baffle,11,1.991262
baggy,6,0.004416
ball,2,3.097985
ball_roll,7,3.211889
ball_under_your_chin,2,2.544682
balloon,2,2.409172
balloon_dilation,7,3.046947
bam,2,0.635197
banana,1,3.707240
bane,8,2.249939
bangkok,11,2.388424
barely_eat,4,1.744560
barely_fart,6,0.194891
barf,3,2.424528
barium,11,2.465744
barium_study,11,2.066508
barium_swallow,11,2.602754
barium_swallow_result,11,1.251938
barium_swallow_show,9,1.136699
barium_swallow_study,11,2.500742
barium_swallow_test,11,2.589745
barium_test,11,2.473408
barley,4,1.816761
barotrauma,2,0.913773
barret,9,1.222224
barrett,9,2.401850
barrett_esophagus,9,2.569277
barrett_esophagus_which,9,1.574527
base_in_london,7,3.106418
base_of_my_neck,2,2.004470
base_of_my_throat,2,2.242639
base_on_my_own,11,1.405558
basic_understand,11,1.853505
basically_impossible,4,1.054294
basically_tell,11,3.047216
bastard,10,1.525703
bastian,7,3.343246
bastian_article,11,2.858582
bastian_himself,11,2.558541
bastian_institute,7,3.442062
bastian_paper,11,3.174531
bastian_research,11,2.885905
bastian_rw,6,-0.025051
bastian_voice_institute_publish,11,1.741276
bastion,7,2.753709
bathroom,2,2.690965
bathroom_floor,4,1.053741
battery,6,0.011345
battle,8,2.074377
bbq,4,1.793944
bc,3,2.318867
bcbs,7,3.911789
be_a_breeze,7,3.415403
be_a_outlier,11,1.544422
be_a_spectrum,9,2.321259
be_a_understatement,10,1.811841
be_afraid,8,2.586040
be_at_my_wit,8,1.836459
be_aware,11,3.060941
be_born,8,3.202237
be_careful,1,3.102185
be_lactose_intolerant,1,3.130366
be_not_alone,10,3.110499
be_so_grateful,10,3.027136
be_the_worst,4,2.139745
bean,1,3.574803
beano,1,3.504905
bearable,6,1.348994
beat,2,2.652120
because_my_body,3,1.940440
because_of_r_cpd,8,2.072337
become_a_bit,3,0.759066
become_big,3,1.000348
become_debilitate,8,2.008415
become_easy,3,0.926754
become_less,4,1.093917
become_less_efficient,9,1.273107
become_less_frequent,6,1.419379
become_more_natural,3,0.953528
become_natural,3,0.911377
become_unbearable,8,2.296394
become_worse,8,2.115742
bed,2,2.981277
bed_riser,1,2.720358
bedtime,4,1.850954
beep,6,0.095401
beer,1,2.938094
beer_or_soda,1,2.698885
before_bed,1,3.002617
before_bedtime,1,2.977421
before_botox,4,1.667678
beforehand,7,3.693109
begin_to_wear_off,6,1.757785
behind_your,2,2.916501
belch,3,1.969475
belch_disorder,11,1.058455
belch_reflex,9,2.062424
belief,9,1.820629
belief_that,9,1.511788
believe,11,2.787036
belly,2,2.070077
belly_breathe,2,2.314729
belly_button,2,1.413221
belong,11,2.209784
belong_here,10,1.757277
benadryl,1,3.570807
bench_press,2,2.501393
bend,2,3.074526
bend_down,2,2.814838
bend_over,4,1.665818
bend_over_after_eat,2,2.578300
beneath,2,2.303214
benefit,7,2.187989
bensoussan_in_tampa,11,1.688880
bentyl,1,3.659769
benzo,1,3.541111
benzodiazepine,11,0.271543
bestie,8,1.536586
betaine_hcl,1,3.704217
better_afterwards,4,1.465379
better_understand,11,2.186815
between_bite,1,3.500100
between_meal,1,2.985428
between_my_shoulder,2,1.211816
beverage,1,3.188679
beyond_frustrate,10,1.664719
bf,8,1.447886
bias,11,2.590282
bicycle,2,2.549567
big_and_big,3,1.297365
big_bite,1,3.671865
big_breath,1,3.264150
big_burp,3,1.830761
big_change,3,0.750975
big_concern,11,1.089717
big_deal,3,1.523606
big_dose,11,0.992017
big_enough,3,1.463785
big_event,4,1.416040
big_factor,8,1.233013
big_fan,6,-0.123765
big_fart,3,1.180113
big_fear,8,2.615731
big_gulp,1,3.624803
big_hug,10,1.806546
big_improvement,6,1.106570
big_inhale,1,3.134678
big_issue,6,0.514474
big_lump,6,1.730701
big_meal,1,2.717915
big_mistake,4,1.771897
big_mouthful,1,3.683296
big_one,3,1.833073
big_pill,1,3.216954
big_trigger,1,3.195479
big_yawn,2,2.024265
bij_mij,5,2.275028
bile,4,1.594399
bile_taste,4,1.246737
bill,7,4.095998
billion,6,-0.094506
billion_time,6,1.014111
binge_drink,4,1.540998
binge_eat,8,1.338449
bio,11,2.258360
biofeedback,2,1.923469
biology,9,1.538246
biopsy,11,2.489462
birth,8,3.111933
birth_control,4,0.728312
birth_control_pill,1,3.699230
birth_defect,9,1.845285
bit_better,6,1.097680
bit_more,6,1.144056
bit_of_air,3,1.481857
bit_of_relief,10,1.509825
bit_sore,6,1.817167
bite,1,3.609256
bite_of_food,1,3.569771
black_coffee,1,2.988024
black_out,4,0.958568
bladder,2,1.055208
blade,2,1.684824
blade_back,2,2.570097
blah,4,1.067208
bland,1,3.081081
blanket,5,2.991877
bless,10,2.172921
blink,5,1.940331
bliss,6,0.740442
blissful,10,1.869189
blister,5,1.686308
bloat,4,2.228607
bloat_24_7,3,0.998977
bloat_a_lot,4,1.578044
bloat_and_constipate,6,0.087186
bloat_and_excessive_flatulence,4,1.013096
bloat_and_flatulence,4,1.049868
bloat_and_nauseate,4,1.801591
bloat_and_nauseous,4,1.856409
bloat_anymore,4,1.792227
bloat_belly,4,1.599369
bloat_constipation,4,1.789569
bloat_cramp,4,1.236207
bloat_distension,9,1.413427
bloat_etc,4,2.024220
bloat_excessive,4,1.729301
bloat_excessive_flatulence,4,1.290229
bloat_flatulence,4,1.769589
bloat_gassy,4,1.703523
bloat_go_away,6,0.931096
bloat_nausea,4,2.028343
bloat_stomach,4,1.939558
bloatedness,4,1.562583
block,2,2.656766
block_my_airway,4,1.702249
block_nose,4,1.370540
blockage,2,2.324087
blog,11,2.335045
blonde,6,-0.233404
blood_flow,2,1.723918
blood_test,11,2.521138
blood_vessel,2,2.239207
blood_work,11,2.436677
bloodwork,11,2.388328
bloody,3,0.976920
blow_away,10,2.487781
blow_my_nose,4,1.544158
blow_up,2,2.194329
blow_up_full_of_air,2,2.034284
blow_your_nose,4,0.946095
blowjob,11,0.822864
blue_cross,7,3.727021
blueberry,1,3.032581
bmi_alexandra,11,1.636872
bmi_blackheath,7,3.070908
bodily,9,1.268237
bodily_function,10,1.685576
body_ache,6,1.374302
body_image,9,1.706240
body_position,2,2.774386
boer,5,2.172327
boeren,5,2.626541
bolus,2,2.188999
bolus_of_food,4,1.323574
bomb,2,0.815672
bone_broth,1,3.172773
bong,1,3.022033
bonjour_avoir_vous_recut,6,0.025515
bonjour_comment_vas_tu,5,1.107319
boob,11,0.402274
book,7,3.434645
book_with_lucy_hicklin,11,1.596004
boozy,6,0.419488
borderline,4,0.983985
borderline_underweight,8,1.923616
borrow,6,0.149718
botel,11,1.448610
both_direction,2,1.448139
both_of_these,9,1.410458
both_r_cpd,9,1.987881
bothersome,4,1.144937
botox,7,3.566866
botox_avoir_vous_recut,6,-0.002159
botox_drift,4,0.306797
botox_for_dysphagia,11,2.866783
botox_in_january,7,2.602255
botox_inject,7,3.388065
botox_injection,7,3.539011
botox_itself,7,4.116969
botox_journey,10,2.554926
botox_leak,2,1.798372
botox_on_monday,7,2.888834
botox_on_wednesday,11,0.967766
botox_procedure,7,3.562630
botox_shot,7,3.420851
botox_spread,5,2.526035
botox_surgery,7,3.491620
botox_tomorrow,7,2.767755
botox_treatment,7,3.527123
botox_twice,7,3.165010
botox_under_ga,7,2.814245
botox_wear_off,6,1.995557
botox_with_doctor_bastian,7,3.018303
bottle,1,3.280986
bottle_of_fizzy,4,1.414942
bottom,2,2.628108
bottom_line,11,0.754412
botulinum_toxin,7,2.802486
botulinum_toxin_injection,6,-0.505458
bouncer,6,-0.097673
bound,9,1.266496
bout,4,2.113189
bowel,2,1.902981
bowel_cramp,4,1.423601
bowel_issue,9,1.307774
bowel_movement,2,1.438058
bowel_problem,4,0.807076
bowl,1,3.182148
bp,2,1.434899
brace,2,2.376683
brain_fog,4,1.360170
brand_new,10,2.167978
brass,6,-0.150685
brazil,11,2.340072
bread,1,3.745338
break,2,2.704793
break_blood_vessel,2,0.876169
break_down,2,1.782816
break_my_heart,11,1.055226
break_out,4,0.858718
breakfast,1,3.350747
breast_bone,2,1.908452
breastbone,2,2.480644
breastfeed,8,1.913576
breath,2,2.695952
breath_test,11,2.424461
breathe,2,2.240752
breathe_deep,2,2.440277
breathe_difficult,4,0.209759
breathe_difficulty,6,0.487442
breathe_exercise,2,2.434075
breathe_in_deep,2,1.889144
breathe_issue,4,1.602625
breathe_out,2,2.677097
breathe_proper,8,1.569209
breathe_technique,2,2.453916
breathe_through,2,2.910276
breathe_through_my_mouth,4,1.512045
breathe_tube,6,1.985426
breathless,4,1.905843
breathy,6,0.999078
breeze,6,0.083546
brewery,6,0.185739
bridgetown,6,-0.109011
brilliant_thank,11,0.740223
bring_doctor_bastian,11,2.981259
bring_myself,8,1.906148
bring_relief,3,1.297417
bring_up_liquid,2,1.836414
brisk_walk,1,3.272741
brittcurls,10,3.065919
bro,10,2.012791
broad,9,1.243305
broccoli,1,3.373019
bronchitis,4,1.327513
broth,1,3.640294
brownie,1,2.910971
browser,11,1.904198
bruise,6,1.742348
brunch,4,1.371221
brush_my_tongue,3,1.958553
brush_my_tooth,3,2.187830
brush_off,11,2.248019
brush_tooth,4,1.213770
brussels_sprout,1,2.924852
bsw,11,2.487922
btx,7,2.836583
bubble,2,2.318106
bubble_come,2,2.639371
bubble_come_up,2,2.356522
bubble_in_my_throat,4,1.895319
bubble_of_air,2,1.939230
bubble_rise,2,2.031485
bubble_tea,4,1.898818
bubbly_water,1,2.958689
bucket,4,0.774735
build_up,2,2.215792
build_up_gas,2,1.289783
build_up_of_air,2,1.302150
build_up_of_gas,4,1.504011
building_up,2,2.259210
buildup,2,2.013303
buildup_of_air,2,1.344546
bulge,2,1.889304
bullfrog,6,-0.028209
bullshit,11,1.447858
bullying,8,1.532149
bupa,7,3.594506
burn,4,1.479624
burn_my_mouth,4,1.754939
burn_sensation,4,1.454502
burp,3,1.835378
burp_a_lot,3,1.801775
burp_a_ton,6,1.797971
burp_ability,6,1.890628
burp_as_a_child,8,2.965675
burp_as_a_infant,8,2.982815
burp_like_crazy,6,1.986667
burp_machine,6,1.544252
burp_on_command,3,1.725667
burp_out_of_nowhere,3,1.777274
burp_proper,3,1.655401
burp_reflex,2,2.516637
burp_uncontrollable,3,1.386288
burpee,2,2.316033
burper,3,1.858483
burper_who,10,2.160471
burpiversary,6,1.203482
burst,2,2.342216
burst_into,3,1.244585
burst_of_air,3,1.762048
bury,3,1.646192
bus,4,0.972241
but_alas,10,1.751315
but_fruitless,11,1.526784
but_my_dad,8,2.037120
but_nothing_unmanageable,6,0.979888
but_rather,9,1.583342
but_they_are,3,1.437266
butt,2,2.606533
butter,1,3.535984
button,2,2.705541
bvi,7,3.484988
bvi_use_75,7,2.836743
by_accident,3,1.970937
by_bastian,7,2.614378
by_comparison,8,1.192385
by_contract,2,2.735247
by_doctor_verma,11,2.050048
by_flex,2,2.280980
by_insurance,7,3.737725
by_lucy,7,2.866342
by_my_gp,11,2.496396
by_stick_my_finger,3,2.288282
by_surprise,1,3.264680
by_the_nhs,11,2.055652
by_themselves,3,1.496935
by_tilt,2,2.847920
by_turn,2,2.837305
by_turn_my_head,2,2.778268
bye_bye,4,1.305356
byproduct,9,1.289285
c_red,11,1.307657
c_section,8,0.833177
cabbage,1,3.179688
cable,5,3.113895
cafeteria,4,1.238969
caffeinate,1,3.009135
caffeine,1,3.476145
caffeine_alcohol,1,3.086784
cage,2,1.514918
calcium,1,2.918147
calcium_carbonate,1,3.411106
calculation,6,-0.113027
calendar,7,3.138979
calf,2,1.347239
calgary,11,2.933423
california,11,3.303753
call_a_ambulance,3,1.416444
call_a_few,11,2.749717
call_back,7,3.247588
call_botox_for_dysphagia,11,1.687915
call_r_cpd,11,2.126558
call_retrograde,11,1.922336
call_their_office,7,2.796864
call_to_schedule,7,3.086634
call_your_insurance,7,3.437002
calm_down_a_bit,6,1.009244
cam,11,2.377190
camera,5,3.279053
camera_down,5,3.300189
camera_down_my_throat,5,3.173934
camera_through,5,3.242819
camera_up,5,3.305202
camera_up_my_nose,5,3.306723
can_attest,8,1.208820
can_cause,9,2.085657
can_contribute,9,2.246789
can_hear,3,2.530813
can_identify,11,1.938806
can_lead,4,1.027864
can_not_believe,10,2.984831
can_not_burp_on_command,3,1.597737
can_not_chug,4,2.044726
can_not_control,3,1.908314
can_not_escape,2,1.767242
can_not_imagine,10,2.710368
can_not_stand,3,1.998116
can_not_wait,10,3.037284
can_recall,8,2.437043
can_relate,10,3.033111
can_remember,8,3.285677
can_taste,3,1.588228
canada,11,3.366672
canadian,11,3.360612
cancel,7,3.545563
cancel_plan,4,1.933507
cancer,9,2.545430
candida,9,1.943081
candida_overgrowth,9,1.404823
candy,1,3.408448
cannot_afford,7,3.747597
cannot_believe,10,2.590079
cannot_breathe,4,1.326068
cannot_burp,9,2.581066
cannot_control,3,1.185261
cannot_swallow,2,0.841820
cannot_vomit,8,2.349136
cannot_wait,10,2.594278
cannula,5,2.965170
cantaloupe,4,1.750244
capable_of_burp,3,1.574972
capillary,2,2.456499
capsule,1,3.573055
car_ride_home,6,1.046721
car_sick,3,1.553867
car_sickness,8,2.243402
carafe,1,3.647858
carbohydrate,1,3.494671
carbohydrate_and_sugar,4,1.767862
carbohydrate_heavy,4,1.640908
carbon_dioxide,2,1.866400
carbonate,1,3.181268
carbonate_alcoholic,1,2.876626
carbonate_beverage,1,3.107643
carbonate_drink,1,3.090232
carbonate_drink_alcohol,1,3.127838
carbonate_drink_and_alcohol,4,0.836099
carbonate_seltzer,4,1.087454
carbonate_soda,1,2.980808
carbonate_water,1,3.089695
carbonation,1,3.075220
card,7,3.570353
cardiac,9,1.565588
cardiologist,11,2.554174
care_about,11,2.239389
care_doc,11,3.161988
care_doctor,11,3.132877
care_physician,11,3.168801
carroll,7,2.750396
carrot,1,3.359444
carry_away,11,1.499990
carry_out,7,3.349778
carsick,8,2.429092
cartilage,2,2.780263
cartoon,3,1.819576
cascade_stomach,9,1.436700
case_anyone,11,1.754154
case_of_r_cpd,9,1.260999
case_study,11,2.729823
case_where,11,1.477282
casein,1,3.189417
cash_pay_rate_on_their,11,2.336823
catalyst,8,1.494670
catch,3,2.155833
catch_in_my_throat,4,1.416700
catch_my,2,2.295540
catheter,5,2.957684
cattle,6,0.022049
cauliflower,1,3.034345
causality,9,1.806228
causation,9,2.310097
cause,9,2.326309
cause_a_lot,4,1.492917
cause_barrett,9,2.015927
cause_by,9,2.391337
cause_by_r_cpd,9,2.388645
cause_constipation,2,1.718491
cause_damage,2,1.490876
cause_excess,2,1.721168
cause_inflammation,9,1.143097
cause_r_cpd,9,2.061906
caustic,1,3.508249
cautious,6,0.723435
cbd,2,0.697751
cbd_oil,1,3.670840
cbg,6,-0.163590
cc,7,3.026658
cc_of_botox,7,2.890633
cd,9,0.951621
ce_que,5,1.179489
celebrity,11,0.742372
celery,1,3.219535
celiac,9,2.314934
celiac_disease,9,2.291514
cell,9,1.472800
celsius,1,2.955426
censor,8,2.517326
cereal,1,3.507620
certain_food,1,3.298313
certain_point,2,1.435757
certain_position,2,2.842544
certain_thing,1,3.124069
certain_way,2,2.838062
certainly_seem,9,1.241396
cervical,2,1.173774
cervical_spine,6,-0.184957
chalk_up,4,0.592549
challenge_physio,2,2.185189
chamomile,1,3.038692
champion,8,1.365670
chance,7,2.582335
chance_of_develop_a_hiatal,9,2.181200
change_in_diet,9,1.105374
change_into,5,3.118869
change_my_life,10,1.952176
change_my_quality,10,2.030012
change_position,4,1.000011
chapter,10,2.454806
characteristic,9,1.863990
charcoal,1,3.243597
charge,7,4.113479
charite_berlin,11,2.028735
chase_each,1,3.357314
chase_with_water,1,3.524101
chat,11,3.272662
cheap,7,4.093742
cheap_option,7,3.644479
cheap_than,7,4.042604
check_my_vocal,11,2.270565
check_out_the_wiki,11,2.533423
check_the_wiki,11,2.701344
check_up,7,3.169433
checkup,7,2.848116
cheer_cheer_dance,9,2.221652
cheer_cheer_dance_syndrome,9,1.853260
cheese,1,3.744853
cherry,1,2.916304
cherryhill,11,2.222957
chest,2,2.199589
chest_and_stomach,4,1.028626
chest_and_throat,2,1.425659
chest_cavity,2,2.319624
chest_discomfort,4,1.606220
chest_gurgle,3,1.844024
chest_pain,4,2.151346
chest_pressure,4,2.121599
chest_throat,4,1.419294
chest_tightness,4,1.785277
chest_x_ray,11,2.333613
chest_xray,11,2.254789
chew,1,3.606186
chew_chew,1,3.097498
chew_food,1,3.119336
chew_gum,1,3.272866
chew_them,1,3.155947
chew_very_thorough,1,3.391189
chew_well,1,3.574976
chewable,1,3.551462
chewy,1,3.276919
chiari,2,0.801933
chicken,1,3.733609
chicken_tender,4,1.523927
chief,11,2.196255
child,8,3.246996
child_hospital,11,2.297380
child_liquid,1,3.479392
child_liquid_ibuprofen,1,3.675289
child_pose,2,2.674845
childhood,8,3.275426
childhood_trauma,9,2.114216
chime,10,2.414572
chin,2,3.091651
chin_down,2,2.766809
chin_forward,2,2.685337
chin_tuck,2,2.642297
chip_my_tooth,11,0.902925
chipotle,4,1.564913
chiropractic,11,1.700515
chocolate,1,3.563952
chocolate_factory,6,0.101779
choke,4,1.712621
choke_on_food,4,1.553750
choke_on_liquid,3,1.192970
choke_on_my_own,4,1.581613
choke_on_saliva,4,1.135742
choke_sensation,4,1.135933
chore,4,1.864572
christchurch,11,1.697918
chronic,4,1.434652
chronic_acid_reflux,4,1.154057
chronic_bloat,4,1.131583
chronic_constipation,9,2.012486
chronic_cough,4,0.461682
chronic_fatigue,4,1.058879
chronic_gastritis,9,2.080584
chronic_hiccup,4,0.921849
chronic_ill,8,2.121269
chronic_illness,8,1.462788
chronic_inability,9,1.483577
chronic_nausea,4,1.882833
chronic_pain,4,1.197259
chronic_sinusitis,9,1.203869
chronic_stomach,9,1.206032
chug,1,3.121326
chug_a,1,3.102145
chug_anything,4,1.829513
chug_liquid,1,2.680158
chug_sprite,6,0.079618
chug_water,1,2.833934
chunder,4,0.810374
chunky,1,2.813677
churn,2,1.217645
chyme,2,1.833465
cider,1,3.093210
cigarette,4,1.399181
cigna,7,3.898738
cincinnati,11,2.654872
cinema,3,1.335724
cinnamon,1,3.069097
circular,2,1.262238
circular_motion,2,2.717811
circulate,2,1.734854
circulation,2,1.921047
circus,11,2.039454
citrus,1,3.153103
claim_that,11,2.249964
classic_case,11,1.261569
classic_gurgle,3,1.815612
classic_symptom,8,1.568422
classmate,8,2.534108
claustrophobic,3,1.006637
clavicle,2,2.336657
clean,2,2.897314
clean_my_tongue,3,2.047447
clear_my_throat,4,1.579214
clearance,6,-0.183632
clench,2,2.772565
clench_my,2,2.374878
clench_my_ab,2,2.482594
clench_my_jaw,6,-0.121667
clench_my_stomach,2,2.626306
clench_up,2,1.477741
cleveland,11,2.592726
cleveland_clinic,11,2.739014
clinic,11,3.326344
clinical,11,2.571308
clinical_trial,11,2.055176
clock,6,0.250915
clonazepam,1,3.671324
close_mouth,3,1.377520
close_my_mouth,3,1.455165
close_proper,2,2.335365
close_specialist,11,2.971695
close_your_mouth,2,2.693266
cloud,6,0.059463
club_soda,1,3.047415
clue_how,11,0.631937
clueless,11,2.347964
co,11,2.527453
co2,2,2.040839
co_insurance,7,3.259979
co_pay,7,4.102259
coat,4,1.450650
coax,2,2.616566
cobra,2,2.708246
cobra_pose,2,2.443546
cocktail,1,3.107103
coconut_oil,1,3.041664
code,7,3.528631
codeine,1,3.551670
coffee,1,3.321564
coffee_etc,1,2.950497
coffee_tea,1,3.113780
cognitive,6,-0.284504
cognitive_behavior_therapy,11,1.436856
coincide,8,1.978873
coinsurance,7,3.618068
coke,1,3.145982
cola,1,2.771286
cold,4,1.749336
cold_brew,1,2.849893
cold_water,1,3.083288
cold_weather,2,1.188038
coldness,4,1.498439
colic,8,3.159824
colic_as_a_baby,8,2.187667
colic_baby,3,1.308460
colitis,9,1.647843
collaborate,11,1.723085
collapse,2,1.951090
collapse_in_excruciating_pain,3,1.686466
collar_bone,2,2.408300
collection,11,2.057515
colon,2,2.022432
colon_cleanse,6,-0.337001
colon_stretch,4,0.941995
colonic,9,1.131046
colonoscopy,11,2.560669
colonoscopy_endoscopy,11,2.249364
columbia,7,2.689831
combat,1,3.033867
combien_unite_avoir_vous,5,1.750271
combination,2,1.248213
come_across,10,3.313850
come_across_this_sub,10,2.694527
come_back_normal,11,2.529892
come_back_up,4,1.700121
come_here,11,2.433799
come_home,4,1.900057
come_natural,2,1.446649
come_on_suddenly,8,1.639918
come_on_their_own,3,1.544299
come_out_involuntary,3,1.303726
come_out_my_nose,3,2.110769
come_out_of_my_mouth,3,1.638508
come_out_of_nowhere,3,1.552356
come_to_term,8,2.220946
come_true,10,2.112637
come_up_into,4,1.514715
come_up_my_throat,2,1.859630
comfort_know,10,2.427630
comfort_of_my_own,4,1.118342
comfort_to_know,10,2.552028
comfortability,11,0.241468
comic,11,0.801978
command,3,1.768112
commend,11,1.702318
comment_here,10,2.366817
comment_section,11,2.125419
commiserate,10,2.408053
common,9,2.460808
common_misdiagnose,9,2.170385
common_misdiagnosis,9,2.034696
common_symptom,9,2.434268
common_theme,8,2.353558
common_trigger,9,1.261034
community_of_people_who,10,2.156919
comorbidity,9,1.944078
companion,7,3.437206
company,7,3.516931
compare_to_before,6,0.793023
competent,11,2.751410
complain,8,2.733472
complain_about,8,3.039815
complete_agree,11,1.082751
complete_change,10,1.917214
complete_change_my_life,10,1.663383
complete_destroy,8,1.966648
complete_disappear,6,0.024253
complete_empty,2,1.666978
complete_fine,6,1.995014
complete_flat,2,2.373849
complete_go,4,1.470347
complete_go_away,4,1.396009
complete_life_change,10,1.709407
complete_lose,6,1.327223
complete_new,10,1.881773
complete_painless,7,1.887793
complete_random,3,1.647890
complete_relax,2,2.633759
complete_relief,10,0.608073
complete_understand,10,2.088138
complete_unexpected,3,1.529116
complete_unrelated,9,1.874983
complete_wear_off,6,2.000766
complication,7,2.050446
component,9,1.689909
compose,11,1.850417
comprehend,8,1.803303
comprehensive,11,2.824246
compress,2,2.421821
compressible,2,1.947408
compression,2,1.837431
compromise,2,1.745072
compulsive,8,1.669478
concave,4,1.415093
concern_about,7,2.443929
concert,4,2.050509
concise,11,1.208412
condition,9,2.798841
condition_call,9,2.072378
conduct,11,2.501412
conduct_a,11,2.209082
confirm,11,2.643190
confirm_diagnosis,11,2.314467
confirm_rcpd,11,2.466484
confront,10,1.502250
confuse,3,2.022968
confusion_about,8,0.990069
congenital,9,1.495367
congested,4,1.652477
congestion,4,1.624943
congratulation,10,3.062444
congratulation_and_good_of_luck,10,1.587984
congratulation_on_your,10,2.445854
conjunction,9,1.397662
connect,9,2.464842
connect_the_dot,10,2.526425
connect_to_r_cpd,11,0.658696
connection_between,9,2.485995
connective_tissue,9,1.032976
connective_tissue_disease,9,1.187142
connective_tissue_disorder,9,1.912521
conscious,2,1.980668
conscious_control,6,-0.213079
consensus,11,1.327976
consequently,2,1.569727
conservative,7,2.575228
consider_whether,11,1.004661
consistent,3,1.542810
console,11,1.266969
constant,4,2.168043
constant_bloat,4,2.129230
constant_discomfort,4,1.267624
constant_flow,3,1.433841
constant_gurgle,4,2.099841
constant_lump,6,1.664227
constant_nausea,4,1.952579
constant_pain,4,1.842147
constant_pressure,2,2.200053
constant_swallow,4,1.535177
constipate,4,2.089218
constipation,4,1.919197
constipation_diarrhoea,4,1.189034
constipation_etc,9,1.652199
constrict,2,2.320899
constriction,2,1.722897
construction,6,0.053014
consult_with_doctor,7,3.123221
consultant,11,3.318498
consultant_who,11,3.063157
consultation,7,3.808716
consultation_appointment,7,3.256752
consultation_tomorrow,11,1.439783
consultation_with_doctor,7,3.103351
consume,1,3.319862
consume_a_lot,1,2.986327
contact,11,3.327172
contact_detail,11,2.802258
contact_lucy,11,0.941043
contact_med,5,2.141274
contagious,10,1.729862
contain,1,3.378887
content,2,2.233141
content_of_my_stomach,3,1.451743
contest,4,0.849232
continue_to_develop,6,1.700771
continue_to_practice,3,0.849090
contort,2,2.684895
contort_my_body,2,2.370742
contort_my_throat,2,2.512334
contortion,2,2.541228
contract,2,2.719000
contraction,2,2.422427
contribute,9,2.414368
contribute_to_constipation,9,1.511776
contribute_to_develop,9,1.815420
contribute_towards,9,2.236909
contributor,9,2.031095
control,3,1.613315
control_my_life,8,2.110375
control_over,3,1.740275
control_them,3,1.718983
controllable,3,1.743794
controversial_but,4,1.490431
conversation,3,2.382958
convince_my_parent,11,2.417583
cook,1,3.669649
cool_thanks,10,2.019723
coordinate,2,1.964828
coordination,2,1.093408
copay,7,4.118848
cope,8,2.253122
coping_mechanism,6,-0.681681
cord,5,2.723215
core,2,2.897884
core_exercise,2,2.258564
core_muscle,2,2.249680
core_strength,6,-0.187899
core_strengthen,2,1.837225
correct_muscle,5,2.874075
correct_tongue,2,2.450122
correlate,9,2.383507
correlation,9,2.483894
correlation_between,9,2.498598
correlation_between_r_cpd,9,1.877843
correlation_there,8,1.627511
cos,5,1.185198
cost,7,4.104063
cost_850,7,3.231011
cost_around,7,3.439894
cost_estimate,7,3.622631
cost_save_and_protection,11,0.934976
costly,11,1.496011
cough,3,1.666069
cough_a_lot,3,1.256637
cough_drop,1,3.160241
cough_fit,3,1.863978
cough_gag,6,0.053586
cough_hard,3,2.116790
cough_medicine,1,2.759104
cough_or_clear,6,1.751250
cough_or_sneeze,3,1.667845
cough_really_hard,3,2.097806
cough_up,4,1.587086
could_potential,9,1.463614
counseling,11,0.946717
counter_intuit,2,1.448558
counteract,2,1.621879
counterintuitive,6,-0.129946
countless_doctor,11,1.687239
countless_post,11,2.015320
country,11,3.344443
cover_anything,7,3.849228
cover_by,7,3.968735
cover_by_insurance,7,3.972771
cover_by_your_insurance,11,2.263858
cover_my_mouth,3,1.712729
cover_under,7,3.866231
coverage,7,3.749218
covid_test,7,3.669614
cow_milk,4,1.475254
cp,2,2.323653
cp_muscle,2,2.521665
cpd,11,3.030092
cpd_symptom,8,1.671977
crack,2,2.967077
cramp,4,2.078172
cranberry,1,2.990266
cranberry_juice,1,3.065678
crane,2,2.725591
crank,2,2.734310
crap_insurance,7,3.528661
craving,1,3.316282
crazy,3,2.200635
crazy_flatulence,3,1.292332
crazy_how,10,1.886193
crazy_lol,10,1.974679
crazy_loud,3,1.762254
creamer,1,2.864576
creamy,1,3.329171
create_anxiety,8,1.459361
create_gas,2,1.733706
create_more,2,1.481589
create_more_stomach,2,1.664196
create_pressure,2,2.110673
create_space,2,1.067316
creation,9,1.242961
credence,9,1.038502
credible,11,2.168500
creep_back,6,1.250057
cricoid,2,2.705987
cricoid_cartilage,2,2.673032
cricoid_massage,2,2.474340
cricoid_muscle,2,2.661544
cricopharangeal,2,0.877480
cricopharyngeal,2,2.128505
cricopharyngeal_achalasia,11,0.989316
cricopharyngeal_bar,9,0.666391
cricopharyngeal_dysfunction,9,1.924409
cricopharyngeal_muscle,2,2.502438
cricopharyngeal_muscle_be,2,2.309330
cricopharyngeal_myotomy,7,2.795667
cricopharyngeous,2,1.752024
cricopharyngeus,2,2.310722
cricopharyngeus_dysfunction,11,1.816679
cricopharyngeus_muscle,2,2.475575
cricothyroid_muscle,2,2.087129
cripple,4,1.901371
cripple_pain,6,0.236027
criterion,9,2.189820
croak,3,2.689947
croak_and_gurgle,3,1.338846
croak_frog,3,2.251801
croak_gurgle,3,2.414852
croak_noise,3,2.675936
croak_sound,3,2.503820
croaker,11,1.227039
crohn,9,2.281668
crooked,2,1.095870
crossover,11,0.659786
croydon,7,3.175652
cruciferous_vegetable,1,3.193972
crud,11,1.788219
crunch,2,2.787855
crunchy,1,2.871594
crural_diaphragm,2,1.389199
crush,1,2.958724
crust,1,2.975900
cry,3,2.592680
crystal_clear,11,2.292250
cs,11,1.109345
ct_scan,11,2.446349
cubicle,3,1.759856
cucumber,1,3.354260
cue,2,2.659063
cuff,2,0.946423
curable,9,1.758581
cure_myself,2,1.416517
cure_no_burper,10,1.880899
cure_r_cpd,11,1.330838
cure_rate,7,2.517145
cure_themselves,2,1.289935
cure_yourself,10,2.103918
curious_about,10,2.861836
curious_if_anyone,11,1.488926
curious_if_anyone_else,11,1.412118
curious_if_there,9,1.517958
curious_to_hear,10,2.768842
curious_to_know,10,2.661194
curious_to_know_if_anyone,11,1.304277
curious_what,10,2.830755
curl,2,2.447267
current_deal,11,1.413424
current_suffer,8,1.735934
current_wait,7,2.870566
curry,1,3.258157
cus,3,1.081018
customer_service,6,-0.165649
cut_back,1,3.225697
cut_dairy,6,-0.515246
cut_down,1,3.071877
cut_in_my_mouth,6,0.877374
cut_out,1,3.490637
cut_out_carbonation,4,1.892099
cut_out_coffee,1,2.940509
cut_out_dairy,1,2.991531
cutter,1,3.147289
cvs,6,0.071821
cycle,2,1.810448
da,5,2.810945
dae,6,0.001380
daily_discomfort,8,1.544229
daily_life,8,2.284791
daily_medication,1,3.748883
daily_nausea,4,1.734329
daily_occurrence,3,1.505372
daily_stomach_ache,6,0.212497
daily_update,11,1.850053
dairy,1,3.469282
dairy_free,1,3.120513
dallas,7,2.766804
dallas_area,11,1.670398
damage,2,1.989059
damper,6,-0.297989
dang,10,2.420235
danger,6,-0.062908
dans_la_gorge,5,2.026350
dat_je,5,2.394892
database,11,1.850361
datum,11,2.880694
daughter,8,2.876562
day_0,7,3.190691
day_1,6,2.113670
day_10,6,2.004993
day_11,6,1.911573
day_13,6,1.464585
day_14,6,1.783284
day_2,6,2.131097
day_21,6,1.524229
day_3,6,2.121201
day_4,6,2.127780
day_5,6,2.082000
day_6,6,2.097010
day_7,6,2.077704
day_8,6,2.060991
day_9,6,2.060998
day_five,6,1.540550
day_four,6,1.310173
day_surgery_center,7,3.169811
day_three,6,1.763282
daytime,4,1.582143
db,9,1.362093
dbr,11,1.809905
dc,7,3.044294
de_friar_um_instagram,5,1.260823
de_gas,1,3.387800
de_que,5,1.776297
de_whatsapp,5,1.111461
deaden,2,2.224110
deal,8,2.275505
deal_with_this,10,3.016391
debilitate,4,1.989104
debilitate_condition,8,2.115942
debilitate_pain,6,0.105011
debunk,11,2.236166
decaf,1,2.910074
decaf_coffee,4,1.918647
december,7,3.167076
december_2021,11,1.272211
decent_burp,3,1.409097
decent_size,3,1.196812
decide_to_google,10,2.809721
decide_whether,11,2.601302
decompress,2,1.304409
decompression,6,-0.056101
decongestant,1,2.994545
decrease,4,1.660919
dedication,11,1.408753
deductible,7,4.144296
deep,2,2.429016
deep_breath,1,3.156317
deep_breath_and_hold,1,3.435947
deep_breathe,2,2.766988
deep_cough,6,-0.020534
deep_in_my_chest,3,1.626422
deep_inhale,1,2.922474
deep_sound,3,2.088814
defect,9,1.486795
defective,9,1.316189
deficiency,9,1.947897
define,9,2.359634
definitely_not_alone,8,1.579167
definitely_notice,4,1.256919
definitely_worsen,4,1.336948
definitive_test,11,0.837190
deflate,2,2.176877
deflatine,1,3.084603
deformity,2,0.958978
dehydrated,4,2.077142
dehydration,4,1.673622
delaware,11,1.443700
deliberate,3,1.254654
delicate,2,0.985988
delt,8,2.161906
dementia,9,1.876724
demographic,9,2.002477
demon,3,2.349828
demonic,3,2.015073
demonic_sound,3,1.842671
deny,7,3.920440
deny_coverage,7,3.325417
department,11,3.142014
department_of_otolaryngology,11,1.345817
depend_on_your_insurance,7,3.680697
depressed,3,1.483772
depression,4,0.923801
depression_anxiety,8,1.486430
derail,11,1.257725
descend,2,1.533723
design,2,1.495891
desire,10,1.004840
desperate_want,11,0.694409
despise,3,1.323209
despondent,10,1.548850
destroy_my,4,1.182156
det,5,2.831057
detail_post,10,2.404445
deteriorate,8,1.440478
determination,11,1.465830
determine,11,2.723601
determine_whether,2,1.215043
determine_whether_there,11,1.949892
detrimental,9,2.031412
detroit,11,2.469830
deutsche,11,1.655315
develop_a_hiatal,9,2.319005
develop_acid_reflux,9,2.322120
develop_emetophobia,8,3.003606
develop_gerd,8,1.461245
develop_hiatal,9,2.021910
develop_severe,8,2.302114
development,9,2.298100
development_of_a_hiatal,9,2.141457
development_of_other,9,2.265210
development_of_other_issue,9,1.752705
developmental,8,1.460544
deviate_septum,9,0.813338
devoir,5,1.508242
dexilant,1,3.832292
diabetic,9,1.599548
diagnose,11,2.726622
diagnose_and_treat,11,2.541672
diagnose_by,11,2.404518
diagnose_myself,11,1.683288
diagnose_r_cpd,11,2.689471
diagnose_rcpd,11,2.782412
diagnose_themselves,11,1.504187
diagnose_with_a_hiatal,9,1.898138
diagnose_with_gastroparesis,8,1.982663
diagnose_with_gerd,9,2.425990
diagnose_with_ibs,9,2.396552
diagnosis,11,2.939392
diagnosis_and_treatment,11,2.950846
diagnosis_of_r_cpd,11,2.195931
diagnostic,11,2.767546
diagnostic_criterion,11,1.730961
diagnostic_test,11,2.843518
diagonal,6,-0.079843
diagram,2,2.358982
dial,2,2.751465
diaphragm,2,2.697003
diaphragm_breathe,2,2.434419
diaphragm_rehabilitation,9,1.140889
diaphragmatic_breathe,2,2.473583
diaphragmatic_breathe_exercise,2,1.761802
diarrhea,4,2.166878
diarrhoea,4,1.901168
dictate_my_life,11,0.740219
dicyclomine,9,1.622342
diet,1,3.353302
diet_change,1,3.199921
diet_coke,1,3.094366
diet_low_fodmap,1,3.065068
diet_soda,1,2.828264
dietary,1,3.095173
dietary_change,4,1.460826
differ_from_person_to_person,11,0.958180
different_angle,2,2.570632
different_country,11,2.063045
different_diet,9,0.847288
different_doctor,11,3.401194
different_for_everyone,6,1.492948
different_kind,3,1.384695
different_location,7,2.975875
different_part,2,2.165791
different_position,2,3.009279
different_posture,2,2.259779
different_story,11,0.529399
different_technique,2,2.289225
different_way,2,2.711304
difficult_swallow,6,1.350445
difficult_to_explain,6,-0.048344
difficult_to_swallow,1,3.306754
difficulty,4,1.135872
difficulty_breathe,4,1.745629
difficulty_burp,9,2.144127
difficulty_eat,6,0.700160
difficulty_swallow,6,1.599954
difficulty_swallow_food,6,1.606520
difficulty_vomit,8,2.016956
diffuse,2,2.109733
dig_into,11,0.438671
digest,2,1.785927
digestion,2,1.788887
digestion_process,2,0.983504
digestive,2,1.692774
digestive_enzyme,1,3.527306
digestive_issue,9,2.525324
digestive_problem,9,2.130487
digestive_process,2,0.805033
digestive_symptom,9,1.463457
digestive_system,2,1.781382
digestive_tract,2,1.936967
digital,11,2.366445
dilate,2,2.364003
dilate_esophagus,9,1.297628
dilation,2,2.508625
dilemma,11,1.613248
diligent_about,4,1.448938
diminish,4,1.577088
dine,4,0.664229
dinner,1,2.656941
dinner_date,4,1.791155
dinner_party,4,1.784381
dinner_with_friend,4,1.706368
dinosaur,3,2.363181
dinosaur_noise,3,2.328667
dinosaur_sound,3,2.360630
direct_into,5,2.743657
direct_or_indirect,9,1.486222
dirty,4,0.769582
disability,9,2.144704
disagreeable,5,1.203167
disappear,4,1.579740
disappoint,10,2.361368
disappoint_and_frustrate,10,1.932208
disappointment,10,1.865424
disbelief,10,2.502535
disc,6,-0.264948
discard,9,1.296659
discharge,7,3.372885
discipline,11,1.309622
discomfort,4,2.197393
disconcerting,6,0.813080
discord,11,2.182239
discourage,10,2.233482
discourage_anyone,10,1.880505
discussion,11,2.913937
disease,9,2.687138
disease_may,11,1.809317
disgust,3,2.421523
disheartened,10,2.008294
disheartening,10,2.287523
dismiss,11,2.930113
dismissive,11,2.929948
disorder,9,2.746385
disorder_eat,9,1.674284
disoriented,4,1.176449
display,2,0.756504
disregard,11,1.443312
dissolvable,1,3.015784
distal,9,1.050276
distant,11,1.146727
distend,2,2.098744
distend_esophagus,9,1.085065
distend_stomach,4,1.195469
distension,2,1.771426
distention,2,1.827209
distinct,3,1.087568
distinct_remember,8,2.473008
distract,4,1.609006
distract_by,4,1.695626
distress,4,1.184764
distribution,6,-0.167194
distrust,11,1.074389
diver,6,-0.095698
diverticulum,9,1.035946
dizziness,4,1.993507
dizzy,4,1.663174
dmv,11,1.880615
do_inversion,2,2.603745
do_shaker,2,2.506821
doc,11,3.438155
doc_suggest,11,1.506578
doctor,11,3.451516
doctor_adam_rubin,11,1.538551
doctor_anderson,11,3.185882
doctor_anderson_in_toronto,11,2.096832
doctor_andrew_tkaczuk,11,2.531588
doctor_anil,11,1.627824
doctor_appointment,7,3.341123
doctor_ashli_orourke,11,1.994039
doctor_bastian,7,3.212828
doctor_bastian_article,11,3.035506
doctor_bastian_paper,11,3.061291
doctor_bastian_research,11,2.928292
doctor_bastian_website,11,2.212820
doctor_bastion,11,3.121108
doctor_bielamowicz,7,2.807720
doctor_born,7,2.661488
doctor_chad,11,2.056167
doctor_craig_villari,11,2.261474
doctor_daniel,11,1.417890
doctor_debry,11,2.373113
doctor_fink,11,2.223926
doctor_friedman,11,1.682041
doctor_hicklin_in_the_uk,7,2.793339
doctor_hoesli_at_bvi,7,2.785922
doctor_holmes_in_raleigh_nc,7,2.640102
doctor_hus,7,2.798617
doctor_in_toronto,11,2.405845
doctor_james,11,1.729436
doctor_javier_oloriz,11,2.270206
doctor_jennifer,11,1.812287
doctor_jennifer_anderson,11,3.051163
doctor_jennifer_anderson_at_st,11,2.690006
doctor_jennifer_anderson_in_toronto,11,2.044406
doctor_joseph_spiegel,11,2.111430
doctor_karagama,7,3.337194
doctor_karagama_in_manchester,7,3.118780
doctor_kirk,11,1.751185
doctor_kuderer,11,2.327903
doctor_lin,7,3.355437
doctor_lindsay,11,2.263710
doctor_mchugh,11,2.791580
doctor_mi,11,2.092212
doctor_michael,7,2.743831
doctor_mortensen,11,2.234699
doctor_mortensen_welch,11,2.077744
doctor_near,11,3.292018
doctor_nearby,11,2.585862
doctor_noah_parker,11,2.070563
doctor_odell,7,3.284263
doctor_office,7,3.715610
doctor_orourke,11,2.376611
doctor_paddle,7,3.064654
doctor_pepper,1,3.017000
doctor_peter,11,2.273011
doctor_pitman_in_nyc,7,2.893207
doctor_pittman,7,3.207786
doctor_prescribe,1,3.539500
doctor_richard_mchugh,11,2.260846
doctor_robert,11,2.861040
doctor_sanjay,11,2.787363
doctor_say,11,2.595795
doctor_schiffer,7,2.740448
doctor_schindler_in_portland,11,1.533575
doctor_schulte,11,1.448853
doctor_seth_cohen,11,2.141408
doctor_seth_kaplan,11,1.854671
doctor_snelleman,7,3.318127
doctor_spiegel,7,3.368320
doctor_spiegel_in_philly,7,2.799352
doctor_stinnett,11,1.543911
doctor_suggest,11,1.089427
doctor_sunil,11,1.760954
doctor_sunil_verma,11,2.663704
doctor_t,7,2.627530
doctor_teng,11,2.040590
doctor_thomas,11,2.099010
doctor_thomas_carroll,11,2.335328
doctor_thomas_carroll_at_brigham,11,1.736838
doctor_tritter,11,2.468227
doctor_tritter_in_houston,11,2.104563
doctor_verma,7,3.350175
doctor_verma_in_irvine,11,1.256153
doctor_villari_in_bellevue_wa,11,2.299782
doctor_wang,11,2.072048
doctor_wasserman,11,2.254515
doctor_weissbrot,11,2.037568
doctor_who,11,3.422750
doctor_who_specialize,11,2.427616
doctor_worldwide,11,2.385129
doctor_yael,11,1.585939
doctor_yael_bensoussan,11,2.561311
doi_10_1177,11,0.506773
dollar,7,4.110034
dolor,5,1.629576
dosage,7,3.204560
dose,7,3.251537
dose_2,7,2.585471
double_action,6,-0.088026
double_action_gaviscon_tablet,2,2.632290
doubt_myself,11,-0.006402
down_into,2,2.668030
down_my_nose,5,3.249107
down_my_throat,3,2.361517
down_with_water,1,3.540888
downer_grove,7,3.412947
downright,3,1.283382
downstairs,2,2.270764
downward,2,2.896747
downward_dog,2,2.736723
downwards,2,2.945386
dozen_of_time,3,1.754937
dozen_of_us,11,0.991155
dozen_of_us_dozen,10,1.976788
dragon,3,1.876831
drain,2,2.092810
drainage,4,1.478319
dramamine,1,3.203820
drastic_improve,8,1.654022
draw_board,2,2.860324
dread,4,2.116738
dread_croak,4,0.483608
dread_gurgle,4,1.114626
dream,10,2.757621
dressing,5,2.052095
drink,1,3.088538
drink_a_bunch,1,3.085542
drink_a_few,1,3.013166
drink_a_lot,1,3.073872
drink_a_ton,1,3.081159
drink_alcohol,1,2.792122
drink_anything,1,2.905876
drink_anything_carbonate,1,2.814928
drink_beer,1,2.587529
drink_carbonate,1,3.104402
drink_carbonate_beverage,1,2.888617
drink_carbonate_drink,1,2.907100
drink_carbonation,1,2.821388
drink_coffee,1,2.999707
drink_enough,1,3.034434
drink_fizzy,1,3.119254
drink_fizzy_drink,1,2.957157
drink_fluid,4,1.776384
drink_hot,1,3.192100
drink_liquid,1,3.181262
drink_lot_of_carbonate,1,3.005043
drink_non_carbonate,1,2.916951
drink_peppermint_tea,1,3.028882
drink_soda,1,2.936815
drink_something,1,2.898329
drink_something_carbonate,1,2.603479
drink_sparkle_water,1,3.031319
drink_tea,1,2.883800
drink_too_much,1,2.485795
drink_vodka,1,2.977179
drink_water,1,3.186934
drink_wine,1,2.804436
drink_with_friend,4,1.933326
drinker,1,3.080367
drip,4,1.423681
drive_10_hour,7,3.491960
drive_home,6,2.121187
drool,4,1.434401
drop_out,4,1.359093
drown,4,1.545820
drowsy,6,2.047145
drug,1,3.882669
drum,2,2.515466
drunk,1,2.340790
dry,1,3.601435
dry_cough,4,1.448528
dry_food,1,3.644843
dry_fruit,4,1.541512
dry_heave,3,2.454620
dry_heave_into,3,1.510026
dry_mouth,4,1.904208
dry_retch,3,1.295862
dry_throat,4,0.829751
dryness,2,1.235960
du,5,2.841060
dub,8,2.236444
duck,3,2.075543
due_to_anxiety,8,1.774105
due_to_noburp,9,1.824853
due_to_rcpd,4,0.775031
due_to_trap,2,1.876050
dull,2,1.487428
dumb_question,11,1.130127
dunk,4,1.631323
dunkin,4,0.868239
duodenal,9,1.032201
duodenum,9,1.142712
during_class,3,1.351665
during_meal,1,3.031019
during_pregnancy,4,1.468263
during_school,4,1.146270
during_sleep,2,1.011145
during_this_phase,10,1.065964
dynamic,2,2.534203
dysautonomia,9,2.234733
dysbiosis,9,1.616226
dysfunction,9,2.424048
dysfunction_and_abdomino_phrenic_dyssynergia,9,1.836169
dysfunctional,2,2.340400
dysfunctional_breathe,9,1.366454
dysfunctional_muscle,2,1.329924
dysmotility,9,2.075325
dysmotility_issue,9,1.247314
dyspepsia,9,2.057476
dysphagia,9,1.882522
dysphagia_difficulty_swallow,9,1.451629
dysphasia,9,1.543411
dyspnea,4,0.853079
dyssynergia,9,1.902431
dyssynergia_and_pelvic_floor_dysfunction,9,1.425489
dystonia,9,1.161551
e_cigarette,1,3.283195
e_coli,6,0.064151
each_bite,1,3.610807
each_day,6,2.005270
each_night,4,1.538666
each_side,2,2.768078
ear,2,2.368996
ear_canal,2,0.897929
ear_fullness,4,1.141084
ear_issue,4,0.576865
ear_nose_and_throat,11,3.164314
ear_nose_throat,11,2.823166
ear_pain,4,1.081166
ear_pressure,2,0.937600
eardrum,2,1.644631
earliest_memory,8,2.074931
early_20s,8,2.450940
early_age,8,2.575942
early_august,7,2.587988
early_childhood,8,2.896341
early_day,6,1.475617
early_satiety,4,1.925942
early_stage,3,0.929422
early_teen,8,2.565235
earth_shatter,3,1.629030
ease_off,6,1.822812
eastern,11,2.631613
easy_peasy,7,2.848628
easy_to_deal,6,0.077753
easy_to_digest,1,3.074096
eat,1,3.164309
eat_a_few,1,3.500544
eat_a_little,1,3.389679
eat_a_lot,1,3.125196
eat_and_drink,1,3.153809
eat_and_stay_hydrate,6,1.570182
eat_anything,1,3.149594
eat_bread,1,3.353323
eat_breakfast,4,1.468712
eat_cereal,4,1.626890
eat_chocolate,1,2.880272
eat_dairy,4,1.774911
eat_dinner,4,1.866266
eat_disorder,9,2.307646
eat_drink,1,3.125589
eat_enough,4,2.034054
eat_fast,1,2.898819
eat_food,1,3.094763
eat_gluten,4,0.709977
eat_less,1,3.252186
eat_much,1,3.048282
eat_normal,1,3.463491
eat_or_drink,1,3.061759
eat_raw,1,2.768505
eat_slow,1,3.642876
eat_small_meal,1,3.165104
eat_small_mouthful,1,3.651087
eat_small_portion,1,3.035536
eat_solid,1,3.442780
eat_something,1,3.002780
eat_soup,1,3.565776
eat_too_fast,1,3.002738
eat_too_much,1,2.751097
eater,1,2.768737
ebb,6,1.608534
ecg,11,2.338060
ecstatic,10,2.034377
eczema,9,1.479313
ed,9,2.659435
edema,2,0.587488
edible,1,3.034284
edmonton,11,2.413600
educate,11,2.906663
educate_themselves,11,1.927554
eek,10,1.581233
een,5,2.781360
een_doorverwijzing,5,2.151824
effect,7,1.904259
effective,7,2.486470
effectiveness,7,2.683392
efficacy,7,2.407712
effortless,3,1.456885
egd,11,2.505689
egg,1,3.748189
eight_month,6,1.319667
ekg,11,2.373946
elbow,2,2.376358
electrode,5,3.004541
element,2,1.000120
elementary_school,8,2.621616
elephant,4,1.035956
elevate,2,2.867568
eleven,5,1.686523
elicit,10,1.000459
elimination,9,1.357374
elimination_diet,1,3.291297
elk,6,-0.121763
eller,5,2.601379
elongate,2,2.341406
else_experience,10,2.787696
elsewhere,11,3.055520
email,11,3.258732
email_her,7,2.991878
emanate,4,0.993692
embarrass,3,2.575892
embarrass_by,3,1.715963
embarrass_especially,8,1.100213
embarrassment,8,2.185938
emergency_situation,6,0.099862
emet,8,2.611560
emetophobe,8,2.829094
emetophobe_here,8,2.330470
emetophobia,8,2.817034
emetophobia_fear,8,2.556495
emetophobia_too,8,2.415572
emg,7,3.315412
emg_guide,7,3.303229
emg_machine,7,3.347236
emg_procedure,7,3.098734
emir,9,1.153239
emit,3,1.647562
emory,11,2.767226
emotional,10,2.426388
empathy,11,2.260156
emphasis,2,1.862460
employ,2,1.631194
employer,11,2.716810
empty,2,2.181044
empty_stomach,1,3.003184
en,5,2.813045
enable,2,2.150436
enamel,6,-0.168661
end_of_january,7,2.967295
end_of_july,7,2.829267
end_of_october,7,2.828116
end_up_be_able,10,2.348767
end_up_choke,4,1.540269
end_up_dry_heave,3,1.216491
end_up_gag,3,1.761165
end_up_in_the_er,4,1.472627
end_up_pay,7,4.026340
end_up_puke,3,1.594500
end_up_vomit,3,2.188789
endless_cycle,4,0.987632
endoflip,9,1.254050
endometriosis,9,2.194669
endoscope,11,2.360846
endoscopy,11,2.586572
endoscopy_and_colonoscopy,9,1.777533
endoscopy_colonoscopy,11,2.352732
endoscopy_show,9,1.716541
energy_drink,1,2.993229
engage,2,2.896040
engage_your_core,2,2.503513
engine,11,0.448451
england,11,3.313859
enjoy,1,2.304567
enlarge,2,2.040357
enlarge_cp_muscle,9,1.256108
enlarge_stomach,2,0.517358
enough_air,2,2.386923
enough_pressure,2,2.570305
enough_to_allow,2,1.595504
ent,11,3.438229
ent_center,11,1.783224
ent_clinic,11,3.003617
ent_consultant,11,3.003683
ent_department,11,2.908847
ent_doc,11,3.090998
ent_doctor,11,3.423641
ent_ear,11,2.872481
ent_in_saskatoon,11,2.122752
ent_in_toronto,11,2.659000
ent_referral,11,3.152017
ent_specialist,11,3.378893
ent_surgeon,11,3.216508
ent_who,11,3.409248
enter,2,2.506068
entertain,10,2.151635
entire_body,2,1.057875
entire_community,10,2.037184
entire_life,8,2.269549
entire_process,11,2.002796
entirely_different,11,0.598801
enzyme,1,3.468552
eoe,9,2.207282
eosinophilic_esophagitis,9,1.789314
epigastric,2,1.384037
epiglottis,2,2.240093
epilepsy,11,1.131091
episode,4,2.099301
equalize,2,1.112494
equate,6,0.051533
equipment,7,3.572995
erection,2,0.722141
erg,5,2.536639
erosion,9,1.563062
erratic,6,0.151803
erupt,3,1.694981
es,5,2.797379
escape,2,2.079570
esomeprazole,1,3.847840
esophageal,9,1.475679
esophageal_cancer,9,2.223444
esophageal_dysmotility,9,1.643134
esophageal_issue,9,2.302127
esophageal_manometry,11,2.510981
esophageal_motility_test,11,1.820034
esophageal_muscle,2,2.242225
esophageal_sphincter,2,2.551333
esophageal_web,2,1.012996
esophagitis,9,2.354179
esophagoscopy,11,2.422754
esophagram,11,2.431749
esophagus,2,2.317865
esophagus_manometry,11,2.296042
esophogram,11,2.089255
especially_after,1,2.778866
especially_after_eat,4,1.868138
especially_after_meal,4,1.751948
especially_at_night,4,1.661431
especially_bad,4,1.792833
esque,2,1.682947
essayer,5,1.128659
establish,11,2.674172
estimate_cost,11,1.969499
et,5,2.829592
et_al,11,1.417609
et_combien,5,1.555718
et_effect_secondary_acre,6,-0.102404
eternal,6,-0.117184
eternal_grateful,10,2.288296
euphoric,10,1.516757
euro,7,4.150357
europe,11,3.317833
eustachian_tube,9,1.628671
evacuate,2,1.818683
evaluate,11,2.893790
evaluation,7,3.031982
even_as_a_baby,8,2.964157
even_more,4,2.005024
even_worse,4,2.150563
evening_meal,1,2.515342
event,4,2.141548
eventual_go_away,6,1.336773
eventual_your_body,2,0.727887
ever_be_able,8,2.939977
ever_experience,4,1.711842
ever_heard,11,1.969620
ever_make,10,1.854195
ever_since,8,2.287940
every_2_minute,3,1.771736
every_aspect,8,1.362452
every_bite,1,3.567698
every_doctor,11,3.045336
every_evening,4,1.597941
every_few_minute,3,1.588416
every_few_second,3,1.696447
every_hour,4,1.699427
every_night,4,2.056951
every_now,3,1.866920
every_opportunity,3,0.806690
every_single_day,4,1.988987
every_single_person,10,1.644333
every_single_time,3,2.393497
every_symptom,9,2.275662
every_test,11,2.395746
everybody,10,2.576673
everyday,4,2.097178
everyone_around,3,2.265363
everyone_else,10,2.979465
everyone_here,10,3.266853
everyone_on_this_sub,10,2.011850
everything,1,3.424446
everything_go_well,7,2.973544
everything_include,11,1.569543
everything_make_sense,10,2.558229
everything_worse,3,2.208304
evidence,11,2.900170
evidence_that,9,2.201487
ew,3,1.525010
exacerbate,9,2.328393
exacerbate_by,9,2.048528
exacerbate_my,4,1.485700
exact_thing,11,1.115990
exactly_sure,11,0.851397
examination,11,2.403966
exasperate,4,0.898727
exceed,11,1.391448
excellent,11,2.461481
except,3,2.043863
excess_air,2,2.111972
excess_flatulence,4,1.390322
excess_gas,2,1.873972
excess_pressure,2,1.514105
excess_saliva,4,1.543962
excess_wind,4,1.473773
excessive,4,1.949852
excessive_air_swallow,9,2.219768
excessive_amount,2,1.336712
excessive_bloat,4,1.930445
excessive_burp,6,1.669378
excessive_fart,4,1.325010
excessive_flatulence,4,2.047288
excessive_gas,4,1.903577
excessive_saliva,4,1.547214
excessive_salivate,4,1.583201
excessive_salivation,4,1.607301
excessive_wind,4,1.329887
excite,10,3.077730
excite_about,10,2.412379
exclude_other,9,1.962051
exclusion,9,1.606663
excruciating,4,2.000008
excruciating_pain,4,1.637527
exercise,2,2.585018
exercise_on_youtube,2,2.314775
exercise_search,2,2.334065
exert,2,1.811140
exert_myself,4,0.789675
exhale,2,2.744290
exhaust,4,2.112660
exhaustion,4,1.269472
existence,9,2.063855
exit_through,2,1.679712
exorcise,3,1.927831
exorcism,3,2.124854
exorcist,3,1.756021
expand,2,2.442417
expansion,2,1.872170
expect,6,1.835629
expect_to_pay,7,3.533553
expel,2,2.021435
expel_air,3,1.534217
expel_gas,2,1.272622
expense,7,4.062235
expensive,7,4.047028
experience_a_lot,4,1.472612
experience_so_far,10,2.151687
experience_something_similar,10,2.419526
experiment_evidence,11,1.603299
experiment_prove,11,2.262086
experiment_result,11,2.316315
experiment_with_different,2,2.403802
experiment_with_posture,2,2.443589
expert,11,3.064771
explain,11,3.059265
explain_a_lot,8,1.937857
explanation_for_and_relief,11,1.518428
explicit,11,2.202459
explore,11,2.987482
explosion,4,0.566520
explosive,3,1.993628
expose,9,1.515727
exposure_therapy,8,2.725151
express_how,8,1.836932
expulsion,2,1.700564
extend_my_neck,2,2.703300
extend_period_of_time,4,1.083240
extensive_test_many,6,-0.477800
external,7,3.339404
external_injection,7,3.268576
external_through,7,3.311021
extra_air,2,2.107679
extra_bloat,4,1.231977
extra_gas,2,1.671720
extra_pressure,2,1.719237
extra_saliva,4,0.895415
extra_sensitive,6,-0.177846
extra_strength,1,3.536151
extra_test,11,1.943959
extract,6,-0.309102
extreme_annoy,11,0.406247
extreme_bloat,4,2.212398
extreme_easy,6,0.761694
extreme_emetophobia,8,2.644883
extreme_flatulence,4,1.815983
extreme_happy,10,2.001115
extreme_hard,3,1.838888
extreme_helpful,10,2.532398
extreme_loud,3,2.296620
extreme_low,11,0.927683
extreme_nauseous,4,1.820992
extreme_pain,4,2.077283
extreme_pain_hiccup,4,1.107471
extreme_pressure,4,1.163984
extreme_sore,6,1.555300
extreme_uncomfortable,4,1.957370
extreme_unpleasant,8,2.025920
extreme_violent,3,1.865785
extremity,2,1.496897
eye_open,10,2.198100
fab,10,2.016210
face_down,2,2.504181
face_forward,2,2.821660
facebook,10,3.236492
facebook_page,11,2.382490
facial_muscle,2,1.758945
facilitate,2,2.363758
facility,7,3.868397
facility_fee,7,3.828836
factor,9,2.394012
factory,6,0.010010
fade,6,1.916462
fade_away,6,1.827749
fade_quick,6,1.238251
fail_to_relax,2,2.226989
failure,7,2.853211
failure_to_thrive,9,1.702055
faint,4,1.695870
fair_enough,11,1.396756
fair_point,11,0.428651
fairlife,6,-0.079053
fairly_common,9,2.148273
fairly_new,11,2.549355
fairly_sure,8,1.288426
fairly_well,6,1.382010
fairy,6,-0.142965
fake,3,2.434656
fake_burp,3,1.650505
fall_asleep,2,2.874415
falsetto,9,0.865671
familiar_with_doctor_bastian,11,2.832273
familiar_with_r_cpd,11,3.163561
familiar_with_rcpd,11,3.148226
familiar_with_this_condition,11,2.507112
family_doctor,11,3.234232
family_history,11,1.066928
family_history_and_saliva_sample,11,2.091127
family_member_who,9,1.626541
famotidine,1,3.941788
fantastic,10,3.077928
fantastic_news,10,2.474843
faq,11,2.681993
faq_document,10,2.248662
faq_video,11,2.462529
far_as_possible,2,2.773019
far_less,4,1.462549
fart,3,2.559824
fart_a_lot,3,2.520167
fart_a_ton,4,1.487744
fart_lol,3,1.658170
fart_more_than,3,2.112675
fart_so_much,3,2.123779
farty,3,1.715052
fascia,2,1.941527
fashion,9,0.860174
fast_food,1,3.091163
fast_rep_shaker,2,2.440368
fasten,5,1.794991
fat,1,3.482868
fatigue,4,1.923301
fatigue_brain,6,-0.115264
fatty,1,3.066187
fatty_food,1,3.213441
faucet,4,1.378026
fault,2,1.940426
fear,8,2.791347
fear_of_puke,8,2.322687
fear_of_throw_up,8,2.783241
fear_of_vomit,8,2.844279
fear_vomit,8,2.191182
feat,11,0.333697
feature,11,2.575284
federal,11,1.692830
fee,7,4.041356
feed_off,9,1.251626
feel_a_bit,6,1.926364
feel_a_little,6,1.948181
feel_amazing,6,1.762320
feel_anxious,4,1.706310
feel_ashamed,10,1.935641
feel_awful,4,2.188530
feel_better,4,2.209009
feel_bloat,4,2.290693
feel_crappy,4,1.420681
feel_dumb,10,1.698316
feel_fine,6,2.074102
feel_full,4,2.283860
feel_horrible,4,2.210963
feel_hungry,4,2.084718
feel_like_a_balloon,4,1.261680
feel_like_a_lump,6,1.758425
feel_like_crap,4,1.344437
feel_like_garbage,4,1.409687
feel_like_my_body,3,1.934629
feel_like_shit,4,2.034072
feel_miserable,4,2.146409
feel_nauseate,4,1.890946
feel_nauseous,4,2.260082
feel_of_a_lump,6,1.744998
feel_of_fullness,4,1.776237
feel_ok,6,2.070507
feel_okay,6,1.956693
feel_optimistic,10,2.046310
feel_overly,3,1.109318
feel_pretty,6,1.983766
feel_queasy,3,1.328373
feel_sick,4,2.307550
feel_stuck,4,1.507604
feel_terrible,4,2.006932
feel_the_exact,10,1.371778
feel_tight,4,1.357797
feel_tired,4,1.479042
feel_uncomfortable,4,2.180597
feel_unwell,3,1.078301
feel_validate,10,2.711334
feel_weak,6,1.388896
feel_weird,6,1.823279
feel_worse,4,2.148839
fees,7,4.041264
fellow_frog,11,0.672155
female,8,3.062590
feminine,6,-0.209582
fennel,1,3.127823
fentanyl,5,2.792752
ferment,2,1.780052
fermentable,1,3.281965
fermentation,2,1.755757
ferrous_fumigate,1,3.700451
fetal_position,2,2.885906
fever,4,1.120540
few_people,11,1.015256
few_second,6,-0.021798
few_time,3,2.158311
fiber,1,3.406084
fibre,1,3.313842
fibromyalgia,9,1.854123
fibrous,2,1.402820
field,11,2.988127
fifteenth,7,3.032504
fight_against,2,1.187914
fight_or_flight_response,6,-0.223533
figure_id_share,10,2.649455
figure_out_how,2,1.324856
figure_out_why,8,1.920049
file,7,3.444272
fill_up_with_air,2,1.624104
fill_with_air,2,1.810160
fill_with_gas,4,0.842559
final_update,11,1.512162
finally_decide,10,2.569733
finally_get,10,2.804336
finally_realize,8,2.462402
financial,7,3.761341
find_a_couple,10,1.714304
find_a_hiatal,9,2.385512
find_myself,4,2.003007
find_on_youtube,2,2.377392
find_relief,10,2.711726
find_some_relief,10,2.717809
find_somewhere,11,1.939451
find_this_community,10,3.119437
find_this_forum,10,2.651916
find_this_page,10,2.940479
find_this_thread,10,2.809712
find_you_guy,10,2.927712
find_yourself,6,0.110649
finger_cross,10,2.943048
finger_cross_for_us,10,1.379275
finger_cross_it,10,2.719369
finger_down_my_throat,3,2.180899
finger_down_throat,3,1.770093
finger_in_my_throat,3,1.950949
finger_in_your_throat,6,-0.050596
finger_method,3,2.212576
finger_x,10,2.443625
finish_meal,8,1.094066
firm,2,2.839461
firm_believe,8,1.236918
first_appointment,7,3.343286
first_appointment_with_doctor_spiegel,11,1.701449
first_consultation,7,3.131067
first_day,6,2.083388
first_dose,7,3.267523
first_grade,8,2.683438
first_injection,7,3.283765
first_instance,11,2.501227
first_micro,6,1.811150
first_month,6,2.014532
first_one,7,3.319266
first_person,11,2.444532
first_round,7,3.297101
first_shot,7,3.104525
first_sign,3,1.080002
first_time_around,7,3.007480
first_time_poster,10,2.159784
first_time_round,7,2.891533
first_trimester,6,-0.079447
first_visit,7,2.816943
first_week,6,2.011459
fish_oil,1,3.656625
fish_oil_supplement,1,3.720779
fissure,6,-0.311058
fit_better,4,1.262002
five,6,1.443460
five_day,6,1.504210
five_time,3,2.027041
five_year,8,2.301267
fix_r_cpd,11,0.890435
fix_the_root,9,1.493441
fizz,1,3.180292
fizzy,1,3.193288
fizzy_drink,1,3.056850
fizzy_water,1,3.040125
fl,11,2.580839
flaccid,2,1.992067
flair,11,2.144530
flair_up,4,1.227817
flap,2,2.617755
flare,4,1.170941
flare_up,4,2.110060
flat,2,2.944024
flat_belly,4,1.364024
flat_tummy,4,1.323027
flat_water,1,2.848559
flatten,2,2.664870
flatulence,4,2.188530
flatulence_decrease,4,1.089984
flatus,2,0.832659
flex,2,2.877988
flex_my,2,2.807580
flex_my_ab,2,2.327331
flex_my_stomach,2,2.702643
flex_your,2,2.867100
flexible,5,3.158365
float,2,2.072204
flonase,1,3.674901
flood,6,-0.050202
floppy,2,2.204523
florida,11,3.162152
flower,6,-0.191620
flu,4,1.700113
fluctuation,6,-0.228018
fluid,1,3.034197
fluoroscopy,11,2.501274
flush,4,1.468953
flutter,2,1.524073
fly_back_home,7,2.645077
fly_to_chicago,7,3.612079
foam,2,2.751373
foamy,4,1.594739
focus_on_breathe,2,2.655580
focus_on_stay_hydrate,6,0.488125
fodmap,1,3.346400
fodmap_diet,1,3.262577
fog,2,1.140352
folate,9,0.755183
fold,2,2.576455
folk_on_here,11,1.527591
folk_who,10,1.983807
follower,10,2.303103
food,1,3.508255
food_allergy,9,2.219342
food_and_drink,1,3.260132
food_and_liquid,4,1.222310
food_diary,1,3.210286
food_down,1,3.519809
food_elimination,1,3.025837
food_get_stuck,6,1.508234
food_go_down,1,3.547843
food_hang,6,1.649748
food_in_my_mouth,1,2.764554
food_intake,1,3.047561
food_intolerance,9,2.391858
food_liquid,2,1.907065
food_or_liquid,4,1.517550
food_poison,8,2.612534
food_stuck,6,1.613464
fool,10,2.165801
footage,11,2.663459
force,2,2.238457
force_air,2,2.689354
force_behind,3,1.030092
force_myself,3,2.338417
force_myself_to_gag,3,1.862929
force_on_colon_wall,2,1.777164
force_out,3,1.635167
force_them,2,2.319287
force_them_out,2,2.497979
force_yourself,3,2.077814
forcefulness,8,1.755559
forehead,2,0.939702
forever_grateful,10,2.487003
formation,2,0.810425
former_noburper,11,1.115962
forum,10,3.349903
forward,2,3.077809
forward_a_bit,2,2.858393
forward_head,9,1.133046
forward_head_posture,9,0.781207
foundation,11,2.167560
four_day,6,1.632879
four_week,6,1.628959
fourth_grade,8,2.306228
fourth_try,11,1.000893
frail,9,1.401565
france,11,3.253968
frantic,6,-0.277651
freak_love,4,1.643052
freak_out,8,2.304953
freak_out_by,8,1.707716
frequent,4,1.980391
frequent_diarrhea,4,1.337566
frequent_urination,9,1.121211
frequently,4,1.893990
friday,7,3.207398
friend_house,4,1.798951
friendly,7,3.329741
frig,10,1.569790
frighten,3,1.042448
froedert,7,2.674573
frog,3,2.505157
frog_croak,3,2.233328
frog_croak_noise,3,2.276388
frog_noise,3,2.709374
frog_noise_in_my_throat,3,1.365388
frog_sound,3,2.387605
frog_throat,3,2.101286
front,2,3.085251
front_face,3,1.126605
front_of_my_neck,5,2.841619
front_of_your_neck,5,2.955743
frothy,4,1.389524
fructose,1,2.939303
fruit,1,3.648744
fruit_and_vegetable,1,3.183325
fruit_juice,1,3.126190
fruity,1,2.842601
fry,1,3.670538
fry_food,1,3.300643
fuck,3,2.382032
fuck_my_life,6,0.291085
fuck_suck,8,1.135253
fulfil,8,1.290702
full_anesthesia,7,3.586235
full_breath,1,3.278572
full_cover,7,3.906699
full_deep_breath,1,3.354022
full_extent,11,0.322317
full_fledge,3,0.903582
full_go_away,6,0.079093
full_of_air,2,2.062024
full_of_gas,2,2.035370
full_price,7,3.489051
full_recover,6,1.484329
full_relief,3,1.113144
full_spectrum,6,-0.124395
full_stomach,1,2.813942
full_term,8,1.234870
full_wear_off,6,1.969833
fullness,4,2.017425
fun,4,2.194460
fun_fact,8,2.614732
function_correct,2,2.549552
functional,9,1.528507
functional_dyspepsia,9,2.067703
functional_medicine_doctor,11,1.582462
fund,7,3.425567
fundamental,10,1.820897
funding,11,3.163038
fundoplication,9,1.526834
funny,3,2.539785
funny_noise,3,2.448075
furniture,2,2.508106
fusion,6,-0.489086
fuzzy,2,0.960864
ga,7,3.770804
ga_procedure,7,2.752658
gad,4,0.843236
gag,3,2.482127
gag_a_lot,4,1.260250
gag_and_dry_heave,3,1.709095
gag_fit,3,1.532187
gag_method,2,1.256205
gag_myself,3,2.352667
gag_reflex,3,2.448824
gag_reflux,2,1.192816
gag_sensation,4,1.370836
gag_trick,3,1.700047
gag_yourself,3,1.925533
gain_weight,4,1.981765
gall_bladder,9,0.626905
gallbladder_issue,9,1.826544
gallbladder_remove,4,0.306341
gargle,3,2.673017
gargle_sound,3,2.142443
gargouillement,5,1.730219
garlic,1,3.363364
garlic_onion,1,3.058900
gas,2,2.099041
gas_bubble,2,2.350180
gas_build_up,2,1.737266
gas_buildup,4,1.898811
gas_cramp,4,1.446156
gas_escape,2,1.717707
gas_in_colon,2,1.596808
gas_in_my_stomach,2,1.817771
gas_induce,1,3.025109
gas_inside,2,1.503606
gas_move,2,2.376658
gas_pain,4,2.196361
gas_pass,2,2.741640
gas_pressure,2,1.953026
gas_produce,1,3.114914
gas_production,2,1.329495
gas_release,3,1.522693
gas_rise,2,2.255448
gas_stuck,4,1.046933
gas_trap,2,1.429370
gas_trap_inside,2,1.333626
gas_x,1,3.670932
gaseous,2,1.813617
gaseous_distension,9,0.853362
gaslight,11,2.549222
gaslight_by,11,2.308192
gasp,3,2.109752
gasp_for_air,4,1.592344
gassy,4,2.298834
gassy_food,1,3.326119
gastric,2,1.700613
gastric_burp,3,1.291954
gastric_empty_study,11,2.339770
gastric_empty_test,11,2.382095
gastric_sleeve_surgery,8,1.963240
gastritis,9,2.568389
gastro,11,3.261484
gastro_doctor,11,2.971990
gastro_issue,9,2.391297
gastro_specialist,11,2.921558
gastro_symptom,9,1.394613
gastro_who,11,2.352724
gastroenterologist,11,3.229264
gastroenterologist_who,11,2.741658
gastroenterology,11,3.094475
gastroesophageal,6,-0.475704
gastroesophageal_reflux,11,0.961512
gastroesophageal_reflux_disease,9,1.179799
gastrointestinal,9,2.063894
gastrointestinal_issue,9,2.225668
gastrointestinal_system,6,-0.090360
gastroparesis,9,2.589676
gastroptosis,11,1.305052
gastroscopy,11,2.586535
gasx,1,3.617885
gatorade,1,3.231169
gaviscon,1,3.847522
geez,10,1.987236
gel,1,3.375704
gen,5,2.143719
gender,9,1.573306
general_anaesthesia,7,3.333454
general_anesthesia,7,3.758564
general_anesthetic,7,3.738293
general_anxiety,4,0.978549
general_combien_unite_de,6,-0.015819
general_discomfort,4,1.680460
general_physician,11,2.748724
general_population,9,2.180108
general_practitioner,11,3.068013
general_public,8,1.344157
generalize_anxiety_disorder,8,1.432537
generate,2,1.754046
generic,1,3.353230
generous,11,1.544331
genet,5,1.898186
genetic,9,2.424110
genetic_analysis,11,2.052353
genetic_factor,11,1.893053
genetic_test,11,1.089742
genetic_thing,8,1.749827
genetics,9,1.961849
gentle,2,3.055780
gentle_press,2,2.578135
gentle_rub,2,2.803960
gentleman,11,1.468711
genuine,10,2.772567
genuine_believe,9,1.546892
george_washington_university_hospital,7,2.546534
gerd,9,2.599143
gerd_acid_reflux,9,2.307014
gerd_and_ibs,8,1.413673
gerd_and_r_cpd,9,2.078375
gerd_lpr,9,2.009118
gerd_symptom,9,2.107891
germany,11,3.335145
get_100_unit,7,3.265949
get_a_cold,4,1.685633
get_a_referral,11,3.305948
get_a_wedge,2,2.818597
get_catch,4,1.577028
get_diagnose,11,2.817694
get_discourage,10,2.040580
get_drunk,1,2.646819
get_mine,7,3.330925
get_nauseous,4,2.238347
get_old,8,2.654241
get_pregnant,8,2.150708
get_refer,11,3.263878
get_rid,2,1.807915
get_sick,3,2.455545
get_stomach_ache,4,1.683842
get_stuck,4,1.604834
get_tired,6,1.044733
get_trap,2,2.156861
get_up_and_microwave,4,1.107505
get_use,2,1.138077
get_worse,4,1.733864
get_worse_with_age,9,2.377740
gi,11,3.220468
gi_doc,11,3.315607
gi_doctor,11,3.283366
gi_issue,9,2.607855
gi_problem,9,2.285326
gi_referral,11,2.405699
gi_specialist,11,3.313082
gi_symptom,9,2.212850
gi_system,2,0.918006
gi_test,11,2.538583
gi_tract,2,1.854070
gi_who,11,2.751013
giant_burp,3,1.670119
giddy,10,2.156522
gigantic,3,1.596481
gin,1,3.073805
ginger,1,3.516970
ginger_ale,1,3.239733
ginger_beer,4,1.714068
ginger_chew,1,3.065150
ginger_tea,1,3.460040
gird,9,1.924920
girl,3,2.558338
gis,11,3.113417
give_your_body,2,1.238812
glad_to_hear,10,2.960481
glad_you,10,3.025968
gland,2,2.281385
glass,1,3.215137
glass_of_water,1,2.989463
globus,4,1.322332
globus_sensation,4,1.770559
gluten,1,3.320305
gluten_and_dairy,1,2.982630
gluten_dairy,1,3.089304
gluten_free,1,3.118221
gluten_free_diet,4,0.698130
gluten_intolerance,9,2.282762
gluten_intolerant,9,2.088130
glycerin,2,0.999479
glycinate,6,-0.014470
gnarly,4,0.844943
gnaw,4,1.696766
go_along,11,1.369457
go_down,1,3.459220
go_keto,4,1.721908
go_private,7,3.562244
go_strong,6,1.783791
go_swim,4,1.222447
go_to_a_gastroenterologist,11,2.849516
go_to_bastian,7,3.556218
go_to_bed,4,2.054924
go_to_burst,4,1.458657
go_to_bvi,7,3.609313
go_to_chicago,7,3.688105
go_to_doctor_bastian,7,3.617884
go_to_doctor_spiegel,11,2.061723
go_to_sleep,4,1.932093
go_to_the_bathroom,3,2.301667
go_to_the_restroom,4,1.051501
go_to_the_toilet,3,2.283837
go_under,7,3.733901
go_vegan,4,0.412597
go_wrong,11,1.294028
god_awful,3,1.727136
god_forbid,6,0.342197
goddamn,8,1.022511
godzilla,3,1.971264
good_alternative,4,1.448997
good_chance,11,1.672493
good_decision,10,1.900616
good_lord,10,1.598671
good_luck_on_your_journey,10,2.095833
good_money,7,3.950936
good_news,10,2.472423
good_outcome,10,2.530537
good_posture,2,2.709505
good_resource,11,2.179745
good_samaritan,11,2.172219
good_success_rate,11,1.960914
good_to_hear,10,2.825969
good_to_know,10,2.858233
good_vibe,10,2.267653
goodbye,10,2.036291
goodness,10,2.242599
goods,4,1.675227
goody,6,0.271258
gord,9,2.363105
government,7,3.349375
gown,5,3.102689
gp,11,3.404572
gps,11,3.174596
grab,2,2.939629
grab_something,3,1.490937
grace,2,0.701833
gracias,5,1.374109
grade_school,8,2.097846
gradual,6,1.624860
gradually_get_better,6,1.410152
gradually_get_worse,8,1.789432
gradually_over,6,1.308750
gradually_worse,4,0.544846
grain,1,3.211861
granola_bar,4,1.768498
graphic,11,1.872669
grasp,8,1.619830
grateful,10,3.034277
gratitude,10,2.682727
grave,11,0.735566
gravelly_voice,4,1.273886
gravity,2,2.978461
gravol,1,3.671352
grease,1,3.493982
greasy,1,3.194914
greasy_food,1,3.318702
great_choice,11,0.934375
great_community,10,2.169660
great_deal,11,0.215363
great_difficulty,8,1.884137
great_improve,8,1.623893
great_news,10,2.781338
great_ormond_street,11,0.832286
great_point,10,2.021697
great_shape,4,0.893933
great_sign,3,0.929347
great_so_far,7,2.561704
great_success,7,2.535011
great_to_hear,10,3.018522
greek_yogurt,1,3.219638
green_tea,1,3.231678
greet,6,-0.009435
greeting,10,2.071500
grief,8,1.592376
grill_cheese,1,3.609152
grimes,10,1.385306
grin,6,0.086230
grind,2,1.743244
grind_my_tooth,9,0.812493
grip,2,2.379743
grip_sock,5,3.018994
groan,3,2.524176
groggy,6,2.074532
gross,3,2.496421
gross_but,3,2.129558
gross_out,3,2.075560
ground_beef,4,1.546496
group,10,3.352740
group_chat,11,1.885956
grow_old,8,1.650396
grow_out,8,3.103911
grow_up,8,3.253749
growl,3,2.658153
growl_noise,3,2.215117
growth,9,0.877716
grumble,3,2.455771
grunt,3,1.970704
grupo,6,-0.242204
guardian,11,1.657936
guest,6,-0.122007
guide_injection,7,2.568626
guinness,1,3.043968
gulp,1,3.485556
gum,1,3.485806
gummy,1,3.101615
gurgle,3,2.612144
gurgle_a_lot,3,1.405564
gurgle_and_croak,3,1.928089
gurgle_attack,3,0.993905
gurgle_croak,3,2.644159
gurgle_episode,4,0.964994
gurgle_frog,3,2.310465
gurgle_like_crazy,3,1.271900
gurgle_noise,3,2.724190
gurgle_sound,3,2.719002
gurgler,8,1.783618
gurgly,4,2.088629
guru,11,2.727088
gut,2,1.890845
gut_flora,2,1.353865
gut_health,9,1.299305
gut_issue,9,2.151358
gut_microbiome,9,1.327036
gut_motility,1,2.825627
guttural,3,1.605803
gwu,7,2.991831
gwuh,11,2.055713
gymnast,8,2.495059
gynecologist,9,1.475587
h2_blocker,1,3.843730
h_pylori,9,2.462766
h_pylori_test,11,2.270156
habit,2,2.000272
hagen,5,2.309461
hahaha,3,2.403225
hahahaha,10,2.114452
hair_net,5,3.027488
hairnet,5,2.926184
half_way,2,1.556133
half_way_through,4,1.618851
halfway,2,1.377910
hallmark,8,1.086579
hamah,6,-0.064206
hamilton,11,1.158543
hamstring,2,1.907665
hand_and_knee,6,-0.044066
hang,2,3.087710
hang_in_there,10,2.832001
hang_out_with_friend,4,1.499873
hang_over,4,1.034405
hangover,4,1.729276
hank_green,10,2.292905
happen_a_lot,3,1.270815
happen_automatic,6,-0.041545
happen_natural,2,1.353596
happen_on_its_own,2,1.836210
happen_on_their_own,3,1.491194
happen_spontaneous,3,1.448327
happy,10,3.102279
happy_cake,6,1.053151
happy_tears,10,2.218540
happy_to_answer_any_question,10,3.016087
happy_to_hear,10,2.964283
happy_to_share,10,2.457524
har,5,2.814883
hard_liquor,1,2.972653
hard_time,1,2.986303
hard_time_breathe,4,1.296646
hard_to_breath,3,2.212419
hard_to_breathe,4,2.058813
hard_to_control,6,0.879355
hard_to_describe,3,1.112676
hard_to_swallow,1,3.644047
hard_to_talk,6,1.194853
hardly_any,6,1.295536
hardly_eat,4,1.558359
hardly_ever,4,1.601551
harness,3,0.912709
harrowing,4,1.261003
harsh,4,0.686629
hashimoto,9,1.982588
hate,3,2.335208
hate_my_body,4,1.009861
hate_throw_up,8,2.166833
hate_vomit,8,2.360733
have_a_cold,4,1.715214
have_a_egd,11,2.382420
have_a_handful,6,1.395974
have_a_hiatal,9,2.538271
have_a_hiatus,9,2.524729
have_a_lump,6,1.694127
have_abdomino_phrenic,9,1.427194
have_bcbs,7,3.747992
have_be_able,3,1.608567
have_food_poison,8,2.282138
have_no_clue,11,2.890880
have_r_cpd,9,2.807162
have_the_ability,3,1.669621
have_trouble,1,2.867953
havoc,2,1.774737
hawaii,11,1.172580
hay,5,2.045237
hca,7,3.441710
hca_shard,11,2.192696
hcl,1,3.678751
he_immediately,11,2.648540
he_inject,7,3.090333
he_mention,11,2.869304
he_offer,11,2.111684
he_prescribe,1,3.954119
he_put,11,2.357030
he_recommend,7,2.904871
he_refer,11,3.183510
he_require,11,2.550517
he_spray,5,3.167329
he_suggest,11,2.525282
head_and_torso,2,2.660385
head_cold,4,0.797927
head_forward,2,2.647511
head_left,2,2.895758
head_movement,2,2.709267
head_neck,2,2.478357
head_position,2,2.835085
head_shake,3,0.907331
head_sideways,2,2.429299
head_slightly,2,2.779579
head_tilt,2,2.864064
head_turn,2,2.700197
headache,4,2.041189
headache_fatigue,2,0.518923
healing_process,6,0.540132
health_anxiety,4,1.122859
health_care,7,3.353389
health_condition,9,1.879906
health_insurance,7,3.694180
health_insurance_cover,7,3.445359
health_insurer,11,1.911015
health_issue,9,2.743077
health_problem,9,2.004907
health_related,8,1.210117
health_risk,11,1.126703
healthcare_professional,11,1.803750
healthcare_provider,11,2.546860
healthy_person,4,0.632684
healthy_weight,8,1.933366
hear_about,10,3.054198
heart,2,2.189665
heart_burn,4,1.926546
heart_issue,9,1.671061
heart_monitor,11,2.317805
heart_palp,8,1.285495
heart_palpitation,4,2.006281
heart_problem,8,1.622348
heart_race,4,0.937430
heart_rate,2,1.587493
heart_related,6,-0.337961
heartbeat,2,1.348110
heartburn,4,1.889953
heartburn_acid_reflux,4,0.965007
heartburn_and_reflux,4,0.730740
heartburn_indigestion,8,1.131319
heartburn_medication,1,3.725988
heartburn_reflux,4,0.715829
heat_pad,2,2.649620
heat_therapy,2,2.301599
heave,3,2.424494
heave_gag,6,-0.191558
heaven,10,1.610835
heaviness,2,1.316706
heavy_exercise,4,1.592454
heavy_meal,1,2.715917
heds,9,2.557715
heel_drop,2,1.729258
hehe,10,1.307690
heighten,4,1.450902
hella,10,1.644285
hello_everybody,10,1.611460
hello_fellow_no_burper,10,2.717613
hello_fellow_noburper,8,1.957602
hello_friend,8,1.081250
help_a_bit,1,3.492816
help_a_little,1,3.413587
help_a_lot,1,3.522615
help_loosen,2,2.335526
help_prevent,1,2.921477
help_reduce,2,1.423841
help_relieve,4,1.759051
helpful,11,2.425952
helpful_response,11,1.197184
helpful_tip,10,2.134954
hence,9,1.686221
her_clinic,7,2.683116
her_office,7,3.272947
her_own,11,2.141642
her_patient,7,3.031499
her_receptionist,11,1.718590
her_room,4,1.138258
her_stomach,2,1.453598
her_website,11,2.705818
herb,1,3.109599
herbal,1,3.198020
herbal_tea,1,2.977538
here_in_canada,11,2.670929
here_who,11,2.424088
hereditary,9,2.274339
heritable_the,11,1.877386
hernia,9,2.577199
hernia_and_gerd,9,2.267225
hernia_gerd,9,2.076657
hernia_repair,9,1.484935
hernia_which,9,2.299759
hesitant,7,2.118999
hey_there,10,2.767749
hh,9,2.254304
hi_op,11,1.880957
hi_sorry,10,2.504892
hi_there,10,2.745676
hiatal_hernia,9,2.615481
hiatal_hernia_and_no_burp,9,1.102533
hiatal_hernia_be,9,2.227428
hiatal_hernia_etc,9,1.825453
hiatal_hernia_gerd,9,1.626009
hiatal_hernia_repair,8,1.634562
hiatal_hernia_so,9,1.355878
hiatal_hernia_which,9,1.652431
hiatus_hernia,9,1.952138
hiccup,3,2.552070
hiccup_a_lot,4,1.223557
hiccup_attack,3,1.552722
hicklin,7,3.398617
hicklin_in_wimbledon,7,2.942502
hida_scan,9,1.285346
hide,3,1.918979
hier,5,2.169664
high_amount,11,1.477790
high_blood_pressure,9,1.216160
high_deductible,7,3.789418
high_dosage,7,3.060508
high_dose,7,3.193953
high_end,7,2.070810
high_fat,1,2.937141
high_fiber,1,2.988486
high_fibre,1,2.965622
high_five,10,2.065379
high_fodmap_food,1,3.123976
high_heart_rate,4,0.918245
high_hope,10,2.009470
high_incidence,9,1.350875
high_likelihood,11,1.072261
high_metabolism,8,1.592592
high_note,6,0.831729
high_percentage,9,1.686095
high_pressure,2,2.382402
high_protein,1,2.926707
high_resolution_esophageal_manometry,9,1.055626
high_risk,9,1.298407
high_success_rate,7,3.312031
high_unit,11,1.522147
high_waist,4,1.349124
highlight,11,2.219313
highly_consider,11,1.623244
highly_suggest,11,0.577792
highmark,11,1.868884
hilarious,3,2.479849
hinder_my,4,0.821059
hip,2,2.832351
hippie,6,-0.095542
hirschsprung,9,1.316791
his_chest,2,2.059988
his_name,11,3.169096
his_nurse,7,2.837923
his_office,7,3.421170
his_opinion,11,1.558406
his_pa,7,2.938627
his_patient,7,3.034771
his_success_rate,7,2.876334
his_throat,2,2.147755
his_video,11,2.550073
his_website,11,2.936040
hispania,6,-0.001802
histological_abnormality,6,-0.377549
history,9,2.714972
hit_my_throat,2,1.751013
hive,4,0.828206
hm,10,1.769114
hmo,7,3.516663
hoarse,6,1.661914
hoarse_voice,6,0.825438
hoarseness,6,0.549891
hock,2,1.230113
hoesli,7,2.627857
hola,5,1.465495
hold_your,2,2.711573
holdgraf,6,-0.125861
hollow,2,2.233978
holmes,7,3.043211
holy_cow,10,1.163358
holy_crap,10,2.356238
holy_shit,10,2.272737
holy_shit_i,10,2.351050
home_remedy,2,1.895593
homeopathy,11,1.573752
homie,10,1.897597
hone,3,0.874430
honor,11,1.756528
hook_up,5,3.106426
hoop,11,3.211727
hope_everything,10,2.950857
hope_ill,10,2.913722
hope_someday,10,2.207761
hopeful,10,2.914733
hopeful_that,10,2.581208
hopeless,10,1.977958
horizontal,2,2.866664
hormonal,8,1.388697
horrendous,4,2.150508
horrible,4,2.230270
horrible_condition,10,2.256444
horrible_experience,8,2.409145
horrible_hypersalivation,4,1.399445
horrible_pain,4,1.424595
horrid_symptom,8,1.937350
horrific,4,2.084248
horror_story,10,2.470452
horse_pill,1,2.787850
hospital,7,3.795756
hospital_fees,7,3.792001
hospital_gown,5,3.107475
hospitalize,4,1.428294
hot,1,3.415574
hot_bath,1,3.266440
hot_beverage,4,1.895736
hot_drink,1,3.036263
hot_flash,4,0.789856
hot_shower,1,3.371880
hot_soup,1,2.985366
hot_tea,1,2.980278
hot_water,1,3.282063
hot_water_bottle,2,2.610072
hotel,7,3.513369
hotel_stay,7,3.463386
hour_after_eat,1,2.905334
hour_and_hour,4,1.700463
hour_before,1,2.997841
hour_on_end,3,1.581161
household,8,1.699751
hover_over,3,1.579852
how_effective,11,1.609903
how_excite,10,2.313151
how_grateful,10,2.635527
how_many_unit,7,3.171670
howdy,10,2.079718
hug,6,-0.145393
huge_burp,3,1.661927
huge_discomfort,4,1.018811
huge_relief,8,1.925744
huge_relieve,6,1.394729
hum,2,2.538522
humanity,10,1.501893
humiliate,3,1.120448
hummus,1,3.283462
hunger,4,2.066169
hunger_pain,4,1.309113
hungry,4,2.318876
hungry_again,4,1.621397
hurl,3,1.829724
hurt,4,1.430202
hurt_a_little,6,1.890991
hurt_my_chest,3,1.207210
hurt_my_neck,2,2.047846
hurt_my_throat,3,1.168798
hurt_so_bad,4,2.018526
hurt_yourself,6,-0.031606
hus,11,2.772962
hyatt,5,1.045675
hydrate,1,3.195100
hydrogen,2,0.581867
hydrotalcite,11,1.085853
hyoid_bone,2,2.062467
hyper_mobility,9,2.005915
hyper_salivate,4,1.677845
hyper_salivation,4,1.828173
hyperemesis,8,2.483965
hyperhidrosis,6,-0.244166
hypermobile,9,2.339430
hypermobility,9,2.177876
hypersalivate,4,1.677124
hypersalivation,4,2.109368
hypersensitive,2,0.723775
hypersensitivity,9,1.579971
hypertensive,9,1.274263
hypertonia,2,1.115083
hypertrophy,2,1.061575
hyperventilate,4,1.297551
hypnosis,11,1.916790
hypnotherapy,2,1.500099
hypothesis,9,1.969649
hypothesize_that,9,1.460411
hypothyroidism,9,1.955418
hysteria,8,1.369654
i_off_guard,3,1.681271
ibd,9,2.161920
ibs,9,2.606381
ibs_and_gerd,9,2.079248
ibs_c,9,1.746541
ibs_d,4,0.846803
ibs_etc,9,1.966829
ibs_gerd,9,2.072411
ibs_medication,1,3.882197
ibs_sibo,9,1.848007
ibs_symptom,9,2.472315
ibs_which,9,2.097919
ibuprofen,1,3.654050
ice_chip,1,2.878926
ice_coffee,1,3.164767
ice_cream,1,3.758099
ice_tea,1,3.010761
ice_water,1,2.701667
ich,5,2.810687
icky,4,1.270894
icky_feel,6,-0.192685
id_argue,11,0.714143
id_assume,11,0.389029
id_estimate,6,0.115579
id_highly_recommend,11,1.829119
id_imagine,9,1.561248
id_love_to_be_able,11,1.661708
id_love_to_hear,10,2.984523
id_say,6,1.824743
identify_trigger,4,1.628585
identity,11,1.013631
idiopathic,9,1.465885
idiot,10,1.987024
if_left_untreated,9,2.240577
if_you_be_able,11,3.266790
if_you_click,11,2.746160
ignorance,8,1.331422
ignorant,11,1.972531
ignore,11,2.730950
ike,6,0.152663
ileus,9,1.567754
ill_admit,11,0.422920
ill_continue,10,2.710277
ill_message,10,1.345718
ill_post,10,2.994681
ill_update,10,2.980489
illinois,7,3.441739
illness,9,2.548886
illustrate,11,1.670214
illustration,6,-0.152147
image,11,2.742412
imagine_what,8,1.646508
imaging,11,2.419296
imbalance,9,1.611498
immediate_relief,3,1.750919
immediately_after_eat,4,2.154569
immediately_after_surgery,6,1.092755
immediately_afterwards,6,0.162657
immense,4,1.734775
immense_better,11,0.947402
immobility,9,1.110562
immune,9,1.795255
impact_on_my_life,8,2.147155
impairment,9,1.733501
impatient,10,2.227588
implant,9,0.807371
implication,9,1.448143
imply,8,1.192651
imply_that,9,1.696779
important_event,4,0.971204
important_factor,11,1.066214
improper,2,1.564196
improve_a_lot,6,0.212897
improve_drastic,8,1.672061
improve_my_quality,10,1.986713
improve_so_much,10,1.969166
improve_your_quality,10,1.967322
improvement,6,1.282023
inability_to_belch,9,2.340828
inability_to_burp,9,2.816435
inability_to_burp_but,9,2.423886
inability_to_burp_cause,9,1.529422
inability_to_burp_since,8,1.977278
inability_to_pass,4,1.628672
inability_to_relax,2,1.882228
inability_to_swallow,9,1.364856
inability_to_vomit,9,2.075120
inaccuracy,11,1.047377
inadvertent,3,1.440507
inappropriate,8,1.573119
inc,7,2.704555
incapacitate,4,0.859022
incessant,4,1.321483
incidence,9,2.086618
incident_where,4,1.512602
incline,2,2.714473
incompetent,11,2.077491
incompetent_doctor,11,2.411071
incomplete,2,0.875504
inconsistent,3,1.083948
inconvenient,10,1.249600
increase,4,1.642072
increase_abdominal,2,1.503685
increase_awareness,11,1.792527
increase_flatulence,4,1.428720
increase_gas,9,1.594951
increase_in_severity,8,2.344134
increase_pressure,2,1.712371
increase_reflux,4,0.204484
increase_risk,9,1.486516
increase_stomach,2,1.535398
increase_worse,4,1.362636
increase_your,9,2.255250
incredible_bloat,4,1.542602
incredible_common,8,1.229511
incredible_hard,3,2.218068
incredible_helpful,11,2.032086
incredible_nauseous,4,1.931031
incredible_pain,4,1.276240
incredible_rare,11,0.714109
incredible_sore,6,1.634307
incredible_tight,2,2.038275
incredible_uncomfortable,4,1.452358
incremental,3,0.912259
indent,2,1.231541
independent,11,2.265584
index_finger,2,2.138112
indiana,11,2.491048
indianapolis,11,2.482429
indicate,9,1.983735
indicate_that,11,1.387929
indication,9,1.580576
indication_that,11,0.928935
indigestion,4,2.120275
indirect,9,1.415775
individual_funding_request,11,2.314244
induce,3,2.252305
induce_air_vomit,3,1.267829
induce_vomit,3,1.890789
indulge,4,1.688361
ineffective_esophageal_motility,9,1.450365
inefficient,2,0.946232
infancy,8,3.109278
infect,2,0.467092
infection,9,2.326809
inflame,2,1.800454
inflammation,9,2.057713
inflammatory,9,1.688764
inflate,2,2.393379
inflate_like,4,1.108050
influence,9,2.020521
information,11,2.974460
information_about,11,2.933544
infuriate,11,0.549123
ingest_air,4,1.608545
ingest_more_air,4,2.003180
ingredient,1,3.468789
inguinal,9,1.177775
inhale,2,2.559576
inhale_deep,2,2.532870
inherently,9,1.509874
inhibitor,1,3.992428
initial_appointment,7,3.423812
initial_consult,7,3.334748
initial_consultation,7,3.594901
initial_contact,11,1.677904
initial_deny,7,3.728775
initial_dose,7,2.637653
initial_visit,7,3.236217
initiate,2,2.418925
initiative,1,3.572052
inject,7,3.368892
inject_100_unit,7,3.035665
inject_botox,2,2.332381
inject_into,7,3.312062
injection,7,3.580064
injection_into,7,3.299855
injection_itself,7,2.620679
injection_site,5,2.774534
injection_through,7,3.439790
injection_under,7,3.273001
injector,11,1.333146
injury,2,1.938760
inner_ear,4,1.123511
insane,4,2.149296
insane_amount,4,1.760368
insane_bloat,4,1.761285
insecure,3,1.404521
insensitive,11,0.514663
insert,5,3.270019
insert_into,5,3.046236
insertion,5,3.022496
inside_my_body,4,1.025118
inside_my_mouth,2,1.463616
insightful,11,1.627292
insist,11,3.133577
insist_that,11,2.484755
insomnia,4,1.043967
inspiration,10,2.252958
inspire_by,11,2.051369
instability,11,0.858930
instagram,11,2.371226
instant,3,2.208722
instant_relief,3,1.843446
instinctual,3,1.962803
instructor,6,-0.070267
instrument,5,2.948686
insufficient,8,1.664039
insurance_approve,11,2.135220
insurance_company,7,3.686146
insurance_cover,7,4.106541
insurance_cover_everything_except,7,3.297813
insurance_plan,7,3.525317
insurance_will_cover,7,3.821273
insure,7,3.513876
insurer,7,3.622120
intel,10,2.148065
intend,2,1.507518
intense,4,2.170167
intense_anxiety,3,0.972404
intense_bloat,4,1.515760
intense_chest,4,1.415980
intense_fear_of_vomit,8,2.694307
intense_nausea,4,1.944956
intense_pain,4,1.789278
intensity,4,1.527871
intentional,3,1.776706
interconnected,9,1.493221
interest_in_hear,11,1.604044
interest_in_learn,11,1.695564
interest_to_hear,10,2.731862
intermit,6,0.046492
internal,2,2.579289
internal_injection,7,3.228283
internal_pressure,2,1.802209
international,11,3.072194
interrupt_my,4,1.268288
intervene,6,0.001223
intestinal,2,1.728831
intestinal_gas,4,1.520261
intestine,2,2.017242
intestine_and_colon,2,1.543586
intimate,3,1.805525
into_action,2,2.415584
into_adulthood,8,2.118723
into_colon,2,1.772109
into_my_chest,2,2.499074
into_my_mouth,4,1.628311
into_my_nose,5,2.936224
into_my_stomach,2,2.629824
into_my_throat,2,2.664910
into_perspective,6,-0.095262
into_place,2,2.711207
into_the_bathroom,6,-0.051415
into_the_toilet,3,1.958575
into_your_neck,5,2.939629
intolerance,1,3.178427
intolerant,1,3.212648
intoxicate,3,1.601100
intra_abdominal_pressure,2,1.555582
intrusive_think,8,2.274918
intubate,7,2.712434
intubation,5,2.606135
intuit,11,0.329078
invalid,2,0.847904
invasive,7,2.230243
invasive_procedure,11,1.509125
investigate,11,2.855748
investigation,11,2.769520
invoice,7,3.887562
involuntary,3,2.033479
involuntary_air_vomit,3,1.553677
involuntary_burp,3,1.687642
involuntary_dry,6,-0.227553
involuntary_gag,4,0.984511
involuntary_microburp,6,1.560500
involvement,9,1.467434
inward_burp,3,1.156997
inwards,2,2.491495
iowa,11,2.438220
ipa,1,2.959603
iqoro,11,1.473338
iron_pill,1,3.692909
iron_supplement,1,3.719148
irrational,8,1.835378
irrational_fear,8,2.378322
irregular,2,0.588327
irregularity,2,0.782713
irreversible,9,1.861059
irritable,4,1.508352
irritable_bowel,9,1.194952
irritate,4,1.424193
irritate_by,4,1.192396
irritate_my_throat,6,0.037520
irritate_throat,6,1.097542
irritation,4,1.086599
irritation_in_my_throat,6,-0.172428
irvine_ca,7,2.697483
issue_e_g,11,0.977638
it_in_the_meantime,11,2.236990
it_make_sense,2,1.998031
it_suck,10,2.266422
its_a_combination,3,1.014086
its_a_mixture,11,0.695417
its_amazing,10,2.844276
its_awful,4,2.031996
its_existence,11,1.897382
its_frustrate,10,2.322483
its_horrible,4,1.871126
its_impossible,6,-0.274709
its_insane,8,1.790288
its_mainly,3,0.886840
its_not_necessitate,9,1.548116
its_not_pleasant,3,1.689405
its_not_uncommon,11,0.471362
its_own,2,2.403221
its_possible,9,2.485225
its_pure,9,1.870910
its_rare,6,0.384662
its_related,9,2.445986
its_ridiculous,3,1.886241
its_so_frustrate,10,2.147353
its_suppose,2,2.740450
its_the_worst,4,1.853978
its_unbelievable,10,1.241562
its_worst,4,1.243135
its_worth,7,3.420410
iu_health,11,2.046332
iud,4,1.327320
iv_for_dehydration,6,1.475227
iv_sedation,7,2.817280
jab,7,3.180195
jacket,4,0.894667
jag,5,2.815751
jai,5,2.820870
jan_2025_1,6,0.371288
jar,4,1.370654
jaw,2,3.009764
jaw_forward,2,2.821902
jaw_pain,2,1.106692
jaw_surgery,11,0.555815
je_faisal,5,2.216269
je_pense,5,2.067248
jealous,3,2.148519
jealous_of_people_who,8,1.755447
jealousy,10,1.673119
jeans,4,1.432186
jeff,11,1.554336
jefferson_health,7,2.989981
jefferson_hospital,7,2.609000
jeg,5,2.803889
jello,1,3.685658
jester,5,1.452627
jitter,6,-0.169327
jog,2,2.664216
john_hopkins,11,2.881211
join_reddit,10,2.646886
join_this,10,2.719008
join_this_sub,10,2.282673
joke,3,2.532331
joke_about,3,2.218908
joke_around,6,-0.100180
joker,2,0.963684
jolt_awake,4,1.610156
journal,11,2.820077
joy,10,2.968807
judge,10,2.054277
jug,4,0.804518
juice,1,3.370765
july,7,3.107555
july_2023,7,2.705677
july_25th,7,2.575756
july_twentieth,11,1.454694
jump_through,11,3.267439
junk_food,4,1.843534
just_a_bit,6,1.824871
just_a_little,6,1.922750
just_a_weirdo,10,2.346630
just_below,2,2.762320
just_curious,10,2.910024
just_dismiss,11,2.104134
just_dry_heave,3,2.246764
just_join,10,2.701214
just_saw,10,2.775426
just_sit,2,2.335936
just_stumble,10,2.733208
just_to_clarify,11,0.202468
just_want_to_share,10,3.088544
just_wonder,10,2.886127
justify,7,3.648677
jut,2,2.780771
jut_out,2,2.798235
k,6,-0.067316
kaiser,11,3.336353
kaiser_doctor,11,2.485783
kaiser_insurance,11,2.609609
kaiser_mid_atlantic,11,1.907941
kamloops,11,1.586981
kansas_city,11,2.009548
karagama,7,3.426714
keep_in_touch,10,2.510292
keep_my_head,2,2.936230
keep_my_tongue,2,2.923495
keep_practice,2,1.210977
keep_stomach_content,2,1.429407
keep_the_ability,6,1.768751
keep_update,10,2.895411
keep_us_update,10,2.913997
keep_yourself,6,0.180675
keeper,10,1.642894
kefir,1,3.313421
kelowna,11,2.602885
kentucky,11,2.256945
keratosis,6,-0.157698
ketchup,1,2.942338
keto,1,2.950539
keto_diet,1,3.026958
kicker,6,-0.095452
kickstart,3,1.040864
kid_who,8,2.144882
kill,2,1.348074
kill_two_bird,11,1.603692
kind_of_funny,8,1.578927
kind_of_like,2,2.329357
kind_of_make_sense,6,-0.323545
kinda_hard,6,0.493989
kinda_like,2,2.442955
kinda_weird,3,0.771051
kink,2,2.252797
kiss,3,2.235601
kiss_the_ceiling,2,2.373283
kitchen,4,1.061696
kitkat,4,1.759807
klonopin,1,3.479247
kneel,2,2.567499
knife,2,2.112265
knock_out,7,3.521916
knot,2,2.079135
know_about,11,2.948446
know_doctor_bastian,11,2.537962
know_specialist,11,3.140723
know_to_treat_r,11,2.872768
know_what_to_expect,10,2.334305
knowledge,11,2.920640
knowledgeable_about,11,2.707181
knuckle,2,1.953742
ktc,2,2.421811
ky,11,2.162373
kyphosis,2,0.756992
l_theanine,1,3.696025
la,5,2.829172
la_croix,1,2.951632
lab,11,2.372371
labor,4,1.242106
lace,2,0.779129
laceration,2,2.054268
lack_of_ability,8,2.341488
lack_of_appetite,4,1.294550
lack_of_burp,9,2.445293
lack_of_information,11,1.327701
lack_thereof,10,0.953555
lacroix,1,2.863181
lactaid,1,3.520404
lactase,1,3.198899
lactose,1,3.260824
lactose_free,1,3.087909
lactose_free_milk,1,2.850148
lactose_intolerance,9,2.293262
lactose_intolerant,1,3.144783
lakeshore,11,1.313370
landscape,6,-0.086560
lansoprazole,1,3.942828
laparoscopy,9,1.141326
large_amount,1,3.076310
large_amount_of_air,2,1.440339
large_belch,3,1.439386
large_bowel,9,0.922714
large_bubble,2,2.120879
large_burp,3,1.817924
large_dose,7,2.752767
large_gulp,1,3.644746
large_intestine,2,1.915047
large_meal,1,2.771473
large_pill,1,3.426341
large_scale,11,2.029716
large_volume,2,1.508401
laryngeal,9,0.999453
laryngeal_spasm,11,1.579307
laryngeospasm,11,0.898652
laryngitis,9,1.095788
laryngologist,11,3.046770
laryngology,11,3.015753
laryngopedia,11,2.865115
laryngopedia_com,11,2.022180
laryngopharyngeal_reflux,9,1.932183
laryngoscope,11,2.374793
laryngospasm,6,1.391505
laryngospasm_which,6,1.169902
larynx,2,2.434788
larynx_lower,2,2.438574
larynx_lower_exercise,2,2.400682
larynx_lower_exercise_search,2,2.228752
larynx_soft,2,2.650741
laser,7,3.279454
last_april,11,0.956206
last_august,7,2.505729
last_december,7,2.279875
last_effect,11,0.999344
last_for_hour,4,1.769967
last_meal,4,1.799462
last_month,7,2.786324
last_september,7,2.448344
last_summer,8,2.176438
last_tuesday,7,2.262144
last_year,8,2.539233
late_20s,8,2.465143
late_at_night,4,1.814694
late_august,11,1.572877
late_in_life,8,3.010248
late_march,7,2.916780
late_response,10,2.296098
late_teen,8,2.383906
late_teen_early_20s,8,2.226557
late_twenties,8,1.971294
lateral,2,1.503702
laugh,3,2.589496
laugh_really_hard,3,1.695218
laughter,3,1.986798
lax,2,2.385567
lax_les,9,1.956725
laxative,1,3.646203
lay,2,3.016725
lay_down,2,2.999509
lay_down_flat,2,2.931844
lay_down_in_bed,4,1.265266
lay_down_to_sleep,4,1.183112
lay_flat,2,3.016852
lay_in_bed,4,1.789697
lay_on_left_side,6,0.093279
lay_on_my,2,3.046453
lay_on_my_stomach,2,2.725532
lay_on_the_bathroom,4,0.793043
lay_on_the_couch,4,1.783560
lay_on_their,2,2.794583
lay_on_your,2,2.961982
le,5,2.850908
le_27_fever,5,1.887158
le_botox_sous_anesthesia,6,0.078471
le_botox_tu_avail,6,-0.174312
lead_to_colon,2,1.812595
lead_to_sibo,9,1.620121
leafy_green,1,2.920128
leak_gut,9,1.450146
leak_into,2,2.359656
leak_out,2,1.800197
lean,2,3.100533
lean_back,2,3.096274
lean_down,4,1.178660
lean_forward,2,3.045852
lean_my_abdomen,2,1.449451
lean_over,2,2.853466
learn,2,1.697678
learn_about,10,3.159619
learn_behavior,9,1.268023
learn_how,2,1.702344
learn_how_to_burp,2,1.519739
learn_how_to_control,3,0.996865
learn_more,10,3.044459
learn_skill,2,0.903863
learn_to_burp,2,1.600522
learn_to_control,2,1.032905
learn_to_deal,8,1.976150
learn_to_live,8,2.186960
least_50,6,1.272092
least_a_little,10,1.096006
least_once,3,2.018200
leave_early,4,1.755485
leave_r_cpd,9,2.060166
ledge,6,0.077554
lee,11,1.670297
left_arm,2,1.942339
left_ear,2,2.380714
left_leg,2,0.851303
left_nostril,5,1.565538
left_or_right,2,2.948261
left_rib,2,1.776391
left_rib_cage,2,1.671374
left_side,2,3.047082
leg,2,2.483462
legitimate,10,2.001291
lego,5,1.652243
legume,1,2.888055
lemon_juice,1,3.483517
lemonade,1,3.259761
lend,11,1.460692
length_of_time,11,1.148996
lentil,1,3.215294
les,2,2.107928
les_dysfunction,9,1.062663
les_function,9,1.015760
les_lower_esophageal_sphincter,2,1.616533
les_open,2,2.018325
les_problem,9,1.084109
lesbian,10,1.552281
less_accurate,7,3.296135
less_acid,2,1.355527
less_air,2,1.680443
less_anxious,3,2.078082
less_bloat,6,0.786309
less_common,9,1.901386
less_effective,11,1.054971
less_flatulence,10,0.922913
less_frequent,3,1.549180
less_frequently,3,0.993904
less_gassy,4,1.419119
less_invasive,7,2.943808
less_nauseous,4,1.747826
less_often,3,1.149223
less_pain,6,0.830823
less_precise,7,3.392129
less_risk,6,-0.073147
less_risky,11,1.622217
less_scared,10,1.699386
less_scary,3,2.019550
less_traumatic,8,2.037737
less_uncomfortable,4,1.139357
less_universal,8,1.558496
lessen,4,1.642091
lesser_know,11,1.444943
let_out,3,1.976013
let_out_a_few,3,1.020833
lethargic,4,1.043962
lethargy,6,-0.192758
letter,11,3.228914
level_of_pain,4,0.896581
liable,6,-0.012943
lidocaine,5,3.185785
lidocaine_spray,5,2.677732
lie_down,2,3.019070
lie_down_after_eat,4,1.554003
lie_down_flat,2,2.937170
lie_down_to_relieve,6,0.076614
lie_flat,2,3.030090
lie_flat_on_your,2,2.842357
lie_in_bed,4,1.244124
lie_on_my,2,3.042930
lie_on_my_stomach,2,2.562808
lie_on_your,2,2.901001
life_change,10,1.986292
life_long,9,2.530256
life_threaten,9,2.199703
life_without,10,2.043214
lifelong,9,2.473231
lifelong_inability_to_burp,9,1.733990
lifelong_no_burper,8,2.330782
lifelong_non_burper,8,1.696803
lifelong_r_cpd,11,0.996807
lifelong_suffer,11,1.720370
lifesaver,4,1.358787
lifestyle,1,3.193789
lifestyle_change,1,3.077893
lifetime_no,10,2.415684
lift,2,3.139679
lift_my_chin,2,2.281855
lift_up,2,2.915524
lift_your_head,2,2.794924
lift_your_soft_palate,2,2.638434
ligament,2,1.308186
light,2,2.962180
light_cough_or_laugh,2,2.516449
light_head,4,1.514377
light_push,2,2.227628
lightbulb_moment,11,1.769919
lightheaded,4,1.645800
like_20,6,1.330918
like_90,6,1.478242
like_a_baby,2,2.758088
like_a_balloon,2,2.023197
like_a_champ,6,1.765127
like_a_lump,6,0.860596
like_bean,1,2.902540
like_bread,1,3.599481
like_clockwork,6,0.046989
like_crazy,4,1.766332
like_many,8,3.027548
like_my_body,3,1.888360
like_strep,6,1.647151
like_the_rest,10,1.962844
like_tums,1,3.495619
lime,1,3.214142
limonene,1,3.217243
linger,4,1.259034
linger_side_effect,10,1.142573
lining,2,1.718021
link_between,9,2.436930
link_somehow,9,1.884390
link_to_r_cpd,8,1.583671
linx,11,1.156747
linzess,1,3.724583
liquid,1,3.439147
liquid_baby_advil,1,3.546434
liquid_baby_ibuprofen,1,3.393647
liquid_come_up,4,1.452001
liquid_diet,1,3.653256
liquid_gaviscon,1,3.607920
liquid_ibuprofen,1,3.382102
liquid_in_my_mouth,4,1.642483
liquid_tylenol,1,3.408084
liquor,1,3.046709
list_here,11,2.517773
list_in_the_wiki,11,2.518641
list_in_wiki,11,2.571567
list_of_doctor,11,3.042195
list_of_provider,11,2.712581
list_of_specialist,11,2.960063
list_of_symptom,9,1.883466
list_on_the_wiki,11,2.566511
list_version,11,1.962919
listen,11,2.999376
literally_change,10,2.060604
literally_dry_heave,4,0.948827
literally_everything,4,1.745352
literature,11,2.882530
little_and_often,1,2.916503
little_baby,3,1.491032
little_burp,3,1.801270
little_community,10,2.282709
little_hiccup,3,1.385101
little_microburp,3,1.428763
little_one,3,1.586348
little_pop,3,1.621142
little_quirk,8,1.881181
live_in_fear,8,1.994054
live_in_north,11,3.201217
live_like,10,2.191440
live_memory,8,2.885848
live_near,11,3.058344
live_with_r_cpd,8,1.834573
live_with_this_condition,8,1.883988
lmfao,3,1.328907
load_of_air,2,1.552311
local,11,3.335115
local_anaesthesia,7,3.344159
local_anesthesia,7,3.587562
local_anesthetic,7,3.592430
local_doctor,11,3.410489
local_ent,11,3.379215
local_hospital,11,2.765109
localize,6,1.011473
location,11,3.252307
lodge_in_my_throat,4,1.327615
log,10,3.017936
logical,9,2.340105
logical_sense,3,2.284893
logo,6,-0.095709
london,7,3.644004
london_manchester,11,2.371612
london_uk,11,2.269640
london_who,11,2.347335
lonely,10,2.422948
long_ago,10,1.549974
long_car_ride,4,1.634882
long_covid,8,1.492755
long_drive,6,0.021268
long_haul,4,0.742481
long_last,6,0.878216
long_term,7,2.164205
long_term_effect,11,1.408543
long_time_lurker,10,2.623461
look_at_my_foot,2,2.674119
look_at_my_vocal,5,2.390968
look_down,2,2.999687
look_for_advice,10,2.595757
look_forward,10,3.018041
look_pregnant,4,2.185612
look_straight,2,2.661040
look_straight_ahead,2,2.652690
loop,6,-0.307163
loopy,6,2.093813
loose,2,2.738460
loose_stool,4,1.609389
loosen,2,2.703608
loosen_up,2,2.758885
los_angeles,11,2.704421
lose_10_pound,11,0.117448
lose_a_lot,4,1.657286
lose_hope,10,2.204943
lose_my_appetite,4,1.769419
lose_my_voice,6,1.943403
lose_the_ability,6,1.993507
lose_voice,6,1.184110
lose_weight,4,1.996321
loss_of_appetite,4,1.576379
loss_of_control,4,1.317804
loss_of_voice,6,1.320487
lot_less,4,1.249725
lot_of_air,2,1.689438
lot_of_different,2,2.409998
lot_of_fart,3,1.312590
lot_of_flatulence,3,1.199089
lot_of_gas,4,1.558627
lot_of_gurgle,6,1.879492
lot_of_microburp,6,1.745691
lot_of_practice,3,0.874401
lot_of_regurgitation,6,1.133081
lot_of_saliva,4,1.523530
lot_of_water,1,3.602493
lottery,10,1.428277
loud,3,2.366525
loud_af,4,0.813440
loud_and_embarrass,3,1.354798
loud_and_proud,3,1.496255
loud_and_violent,8,1.268343
loud_belch,3,1.870882
loud_croak,3,1.651073
loud_enough,3,2.352552
loud_gurgle,3,2.697050
loud_hiccup,3,1.860614
loud_music,4,0.785198
loud_noise,3,2.459915
loud_sound,3,1.964236
loud_stomach,4,1.342537
louis,6,0.083484
love_hear,10,1.660197
love_her,10,1.647658
love_this_sub,10,1.474838
lover,4,1.714564
low_acid,9,1.614358
low_acid_diet,9,0.612673
low_amount,11,1.496402
low_appetite,4,1.313844
low_carbohydrate,1,3.076063
low_dose,7,2.939459
low_end,7,2.423450
low_energy,4,1.257661
low_fodmap,1,3.251044
low_fodmap_diet,1,3.215346
low_income,7,3.511403
low_level,4,1.580927
low_risk,11,1.469522
low_stomach_acid,9,2.387540
low_success_rate,7,2.919479
low_swallow,2,2.689550
lower,2,2.840451
lower_abdomen,4,1.313057
lower_abdominal,4,1.405831
lower_back,2,1.994687
lower_dosage,7,2.675232
lower_dose,7,3.158355
lower_esophageal_sphincter,9,1.656448
lower_esophagus,2,2.222432
lower_gi_tract,6,-0.476836
lower_part,2,2.283465
lower_rib,2,1.233044
lower_right,2,1.610117
lower_sphincter,2,2.299632
lower_success_rate,7,3.242971
lower_your_larynx,2,2.504420
lowkey,8,1.050691
lozenge,1,3.063579
lpr,9,2.560281
lpr_reflux,9,2.557272
lpr_silent_reflux,4,1.177824
lpr_symptom,4,0.784729
lubricate,4,1.547196
lucy_hicklin,7,3.433163
lucy_hicklin_in_london,7,3.299873
lucy_hicklin_she,11,2.157514
lucy_hickling,7,2.817543
lucy_inkling,7,3.260520
lump,6,1.385338
lump_feel,6,1.117865
lump_in_my_throat,6,1.527918
lump_in_throat,6,1.499096
lunch,1,2.981492
lunch_today,4,1.568136
lunchtime,4,1.206693
lung,2,2.308815
lung_heart,2,1.855158
lung_issue,2,0.904675
lurker,10,2.768576
lurker_here,10,2.480740
lye,2,2.809798
lyme_disease,8,1.542842
lymph_node,2,1.565528
maar,5,2.763080
mac_and_cheese,1,3.362255
machine,5,3.082922
machine_gun,3,2.013324
machinery,11,1.987176
mad,10,2.188341
magnesium,1,3.488475
maiden,5,1.173160
mail,11,3.120127
main_cause,9,1.857793
main_concern,11,0.921634
main_issue,9,2.005411
main_side_effect,6,0.878724
main_symptom,9,2.411718
main_symptom_of_r_cpd,8,1.074671
maine,11,1.688290
maintain_weight,4,1.588441
maintenance,5,2.203435
major_difference,11,0.891836
major_discomfort,4,1.040611
major_relief,10,1.119127
major_symptom,8,1.438421
majority_of_people,11,1.476634
make_fun,3,2.424976
make_myself,3,2.421534
make_progress,10,2.396480
make_yourself,3,2.175340
makeup,2,1.135611
mal,5,2.827700
malabsorption,9,1.521627
malaise,4,1.414202
malfunction,2,2.195387
malfunction_les,9,1.004839
malign,2,1.133541
malnutrition,4,1.207798
manage_to_teach,10,2.189715
manchester,7,3.523030
mandatory,7,3.147436
maneuver,2,2.899919
maniac,11,0.697389
manifest_itself,9,2.026403
manipulate,2,2.771009
manipulation,2,2.360901
manometry,11,2.592968
manometry_ph,11,2.214286
manometry_show,9,1.093074
manometry_test,11,2.671991
manual,2,2.612008
manual_burp,3,1.785873
manual_open,2,2.807375
many_doctor,11,3.105744
many_of_us,9,2.564671
many_patient,11,2.000727
many_people_with_r_cpd,9,1.261078
many_test,9,1.720789
many_time,3,2.080616
many_unit,7,2.968741
map_of_specialist,11,2.928545
march_2023,7,2.303855
marfan,9,1.764148
marijuana,1,3.061256
marino,11,1.418743
mark_hess,11,2.434814
marker,9,0.963419
marriott,7,2.826221
marvel,11,0.768943
mash_potato,1,3.708209
mask,2,2.548064
massage,2,2.984160
massage_my_stomach,2,2.790224
massage_my_throat,2,2.631390
massage_therapist,6,-0.158443
massive,4,1.973439
massive_belch,3,1.929100
massive_burp,3,1.768178
massive_difference,3,2.227358
massive_fart,6,-0.091229
mast_cell,9,2.106258
match,9,2.314736
match_up,9,1.419846
may_be_able,11,2.819524
may_contribute,9,2.053475
may_help,2,1.677137
may_ninth,11,1.795954
maybe_a_little,3,0.860607
maybe_once_or_twice,3,2.036498
maybe_twice,3,2.035750
mcas,9,2.340985
md,11,3.058018
mdma,1,3.647366
mds,11,1.760063
meal,1,2.971609
meal_replacement,1,3.476920
meal_replacement_shake,1,3.259969
mean_by,6,-0.125838
meat,1,3.705899
meat_and_dairy,1,2.731477
mechanical,9,1.743213
mechanism,2,2.548639
med_student,11,2.805578
medicaid,7,3.679709
medical,11,3.042668
medical_attention,11,1.485374
medical_care,11,3.088246
medical_community,11,2.790741
medical_condition,9,2.754975
medical_cost,7,3.140023
medical_gaslight,9,1.915330
medical_induce_nap,7,3.140416
medical_insurance,7,3.662284
medical_intervention,11,1.102414
medical_issue,9,2.498019
medical_journal,11,2.815353
medical_literature,11,2.334810
medical_necessary,7,3.941644
medical_problem,11,1.477050
medical_procedure,11,1.497722
medical_professional,11,2.850360
medical_reason,10,1.529869
medical_recognize,10,2.402331
medical_research,9,1.797820
medical_setting,11,0.623606
medical_student,11,1.982391
medical_study,11,2.086899
medical_stuff,11,0.935952
medical_term,9,1.910189
medical_test,11,2.034357
medical_train,11,1.292412
medical_treatment,11,2.327228
medical_world,11,1.404444
medicare,7,4.015333
medication,1,3.962332
medication_supplement,6,-0.095803
meditation,2,2.457985
medium,1,2.806544
meet,11,3.197001
meet_anyone,8,1.764598
meet_my_deductible,7,3.618138
meet_with_doctor_bastian,7,2.681747
meet_with_he,7,3.031841
meeting,7,3.317279
mega_post,10,1.856301
megathread,11,2.071025
melatonin,4,1.361129
melbourne,11,3.269589
melissa_l,6,-0.348100
mellow_out,6,1.430686
melon,1,2.891633
melt,1,3.329601
member_of_this_community,10,2.092810
membrane,2,0.946464
memory,8,3.266452
mendelsohn_maneuver,2,2.397358
menopause,8,1.646468
menstrual_cycle,4,0.865959
mental,9,1.660601
mental_aspect,11,0.474113
mental_block,9,1.011016
mental_health,9,2.223289
mental_health_issue,8,1.577684
mental_health_problem,4,0.386906
mental_ill,11,2.243565
mental_illness,8,1.458062
mental_problem,9,1.597619
mental_state,9,1.408457
mention_above,4,0.165960
mention_on_this_sub,11,1.850053
merry_christmas,10,1.281021
metabolism,4,1.838815
metallic_taste,4,1.729154
methane,2,1.641724
method,2,2.444415
michael_hospital,11,2.600488
michael_pitman,11,2.435469
micro,3,1.770749
micro_biome,9,1.661511
micro_burp,3,1.844486
micro_burp_a_few,6,1.520536
micro_burp_but,3,1.709980
micro_burp_out,3,0.864069
micro_burp_since,7,2.300745
micro_burp_that,3,1.514407
micro_burp_which,3,1.352785
microburp,3,1.859748
microburp_and_a_few,6,1.707766
microburp_so_far,6,1.571340
microburp_throughout,6,1.218861
microburp_today,6,1.650081
microlaryngoscopy,2,0.893373
microphone,8,1.221381
mid_meal,2,1.472893
middle,2,1.906326
middle_back,2,1.599815
midsection,2,2.131995
midtown,11,2.123426
midwest_surgery_center,11,2.165350
mig,5,2.372067
might_help,2,1.831969
migraine,4,1.908755
mild,4,1.558545
mild_asthma,8,1.059979
mild_case,9,2.336595
mild_choke,6,1.709923
mild_cold,6,1.147098
mild_discomfort,4,0.734293
mild_form,8,1.211654
mild_nausea,4,1.546896
mild_side,8,1.353032
mild_slow_swallow,6,1.642935
mild_sore,6,1.789366
mild_sore_throat,6,2.025404
mild_symptom,11,0.474572
mild_to_moderate,9,0.990052
mild_version,3,1.339212
mile_away,7,3.030138
military,11,1.525534
milk,1,3.519119
milkshake,1,3.654500
miller,6,0.059919
mind_body,2,1.681489
mindfulness,2,2.375557
mine_go_away,3,0.726896
mine_peak,6,1.744713
mine_with_lucy,7,2.611956
mine_yesterday,10,1.635190
mini_burp,3,1.835030
minimal_invasive,7,2.088636
minimal_result,11,1.367716
minimize,1,3.018047
minneapolis,11,2.431714
minor,4,1.402982
minor_inconvenience,11,0.989819
minor_regurgitation,6,1.591756
minor_sore_throat,6,1.801964
minority,11,1.365972
mint,1,3.519450
mint_gum,1,3.336719
minus_the,4,1.137125
mirror,6,-0.096387
mirtazapine,1,3.655460
misconception,6,-0.142263
misdiagnose,11,2.704333
misdiagnose_with_gerd,8,1.197476
misdiagnose_with_ibs,8,1.256586
misdiagnosis,9,2.052428
miserable,4,2.264204
misery,8,2.439689
misinformation,8,1.453294
misophonia,11,0.444793
miss_diagnose,9,1.780416
miss_out,8,2.142914
miss_out_on_so_much,8,1.952082
mission,11,1.214986
mitigate,1,2.950238
mitigate_against_by,2,2.713850
mix_between,3,1.115293
mix_drink,1,3.031815
mix_with_water,1,3.281271
mixer,1,3.045802
moan,3,1.237588
mob_mentality,8,1.419511
mobility,9,1.615621
moderate,4,1.595827
moderate_sore_throat,6,1.766100
moderator,11,2.631927
modern,9,1.207109
modify,2,2.423026
modify_my,1,3.004193
mojo,6,-0.004278
mom_say,8,2.170035
moment_where,3,1.329902
momentary,2,1.372186
monday,7,3.218545
monday_evening,11,1.218171
mondino,11,1.490572
money_to_travel,11,3.075656
money_together,11,1.508338
monitor,5,3.283086
monster,3,2.281257
month_4,6,1.616037
month_or_two,4,1.330129
month_pregnant,4,1.364753
mood_killer,10,2.061123
more_accurate,7,3.364237
more_air,2,2.140026
more_annoy,6,0.413249
more_anxious,4,1.960313
more_bearable,3,2.050388
more_calorie,1,2.774922
more_comfy,6,0.731197
more_common,9,2.459194
more_complex,11,1.083359
more_complicated,11,1.085746
more_confident,3,2.146829
more_consistent,3,1.247497
more_control,3,1.326018
more_controllable,3,1.099451
more_easy,2,2.573039
more_energy,6,0.618463
more_enjoy,4,1.892002
more_expensive,7,3.974483
more_frequent,4,1.392466
more_frequently,3,1.484851
more_gas,2,1.990665
more_gassy,3,2.125178
more_importantly,10,0.637696
more_intense,6,0.844575
more_manage,3,2.062134
more_natural,2,1.028720
more_nauseous,4,2.031623
more_often,4,1.963190
more_often_than,3,2.127595
more_power,3,1.290948
more_precise,7,3.320533
more_productive,3,1.070421
more_progress,10,2.516840
more_prone,2,1.173392
more_rare,6,0.538888
more_relax,2,2.719278
more_satisfy,3,0.955828
more_sensitive,2,1.303149
more_severe,9,2.204721
more_space,2,2.727796
more_substantial,3,1.246000
more_subtle,3,1.390243
more_traumatic,8,2.432295
more_uncomfortable,4,1.109568
more_unit,7,3.121896
more_weight,4,1.548260
morning_sickness,4,1.637783
moscaritolo,11,2.492734
most_critical,6,1.546930
most_disgust,3,1.991175
most_doctor,11,3.141968
most_gps,11,2.437245
most_importantly,10,1.322371
most_intense,6,-0.038722
most_notable,11,0.820368
most_of_my_life,8,2.553100
most_of_us,9,2.581660
most_part,4,1.408359
most_satisfy,6,0.188026
most_uncomfortable,3,1.231732
mostly_due,8,1.699353
motility,9,1.717680
motility_disorder,9,1.274970
motility_issue,9,1.968331
motility_test,11,2.507605
motion,2,2.741764
motion_sick,3,1.116812
motion_sickness,4,1.708701
motor,2,1.328829
motrin,1,3.618109
mouth,2,2.987175
mouth_breathe,2,1.557796
mouth_breather,6,-0.147001
mouth_water,4,1.843337
mouthful,1,3.579199
mouthful_of_water,1,3.212016
mouthguard,5,2.980207
move_around,2,2.858521
move_down,2,2.320796
move_my_head,2,2.845104
move_my_jaw,2,2.737569
move_my_neck,2,2.693598
move_past,11,0.155087
move_through,2,1.715623
move_up,2,2.456127
move_your_head,2,2.884961
movement,2,2.925108
mr_karagama_who,11,2.082577
mr_omar,11,1.743878
mri,11,2.394524
ms_hicklin,7,3.425589
mthfr,6,-0.106245
mu,6,-0.057985
much_as_possible,2,2.746364
much_better,6,1.022859
much_cheap,7,3.560242
much_improve,8,1.285789
much_less,4,1.484503
much_relief,3,1.724935
much_worse,4,2.153080
mucinex,1,3.703625
mucosa,2,0.670913
mucous,4,1.324877
mucus,4,1.526533
mucus_in_my_throat,4,1.361441
mucus_in_throat,4,1.078316
muffin,1,2.848147
muffle,3,2.001570
multi,1,2.937459
multiple_injection,7,2.740286
multiple_round,7,2.285702
multiple_test,11,2.381181
multivitamin,1,3.558843
mum_and_dad,11,2.213136
musc,11,2.103176
muscle,2,2.725908
muscle_around,2,2.410903
muscle_connection,2,2.106443
muscle_dysfunction,9,1.683310
muscle_group,6,-0.491842
muscle_in_my_throat,2,2.363735
muscle_in_your_throat,2,2.275062
muscle_mass,2,0.565387
muscle_memory,2,1.931538
muscle_movement,2,1.181188
muscle_relaxant,6,-0.451219
muscle_relaxation,2,0.658291
muscle_responsible,2,2.282347
muscle_spasm,2,1.741018
muscle_tension,2,1.583007
muscle_tension_dysphonia,9,1.372222
muscle_tighten,2,1.335306
muscle_weakness,4,0.552038
musculature,2,2.287894
mushroom,1,2.954233
music_festival,4,0.619994
musical,6,-0.017002
my_20s,8,2.823472
my_30s,8,2.612739
my_40s,8,2.577938
my_ab,2,2.825658
my_abdomen,2,2.566517
my_adams_apple,2,2.867383
my_airway,2,2.561150
my_anxiety,4,1.569787
my_apartment,4,0.991486
my_appetite,4,1.734078
my_appointment,7,3.350169
my_armpit,2,2.760901
my_assumption,8,1.548733
my_baseline,8,1.209579
my_bed,2,2.962572
my_belly,2,2.150341
my_belly_button,2,2.128554
my_bf,3,2.603637
my_bladder,2,1.693604
my_boob,2,0.853151
my_bowel,2,2.020642
my_boyfriend,3,2.653283
my_bra,6,-0.182726
my_breath,2,2.776788
my_car,2,2.762341
my_case,9,2.620121
my_chest,2,2.288469
my_childhood,8,3.129150
my_chin,2,3.080428
my_clothes,4,1.442421
my_collarbone,2,2.426949
my_consult,7,3.198161
my_consultation,7,3.354001
my_copay,7,4.079757
my_core,2,2.804798
my_country,11,3.342284
my_cousin,8,2.479027
my_deductible,7,4.070796
my_deviate_septum,6,-0.640834
my_diaphragm,2,2.862259
my_diet,1,3.370607
my_ear,2,2.339419
my_early_20s,8,2.825191
my_early_30s,8,2.386444
my_elbow,2,2.735311
my_emetophobia,8,2.809227
my_ent,11,3.380095
my_entire_life,8,3.244626
my_epiglottis,2,1.562717
my_esophagus,2,2.547309
my_experience,10,3.046066
my_eye,2,2.427932
my_family,3,2.546132
my_fear,8,2.781560
my_fellow,10,2.235008
my_finger,2,2.676390
my_first_dose,7,3.281544
my_first_round,7,3.273049
my_first_trimester,4,0.501758
my_fridge,4,1.512551
my_friend,3,2.630360
my_gag_reflex,3,2.380095
my_gastro,11,2.951390
my_gastroenterologist,11,3.234276
my_gf,3,2.583057
my_gi,11,3.252448
my_girlfriend,3,2.623055
my_gp,11,3.375832
my_grandfather,8,1.355371
my_gum,2,1.766182
my_gut,2,2.033594
my_hand,2,3.108657
my_heat_pad,4,1.229333
my_hero,11,1.484464
my_hip,2,2.345202
my_husband,3,2.760228
my_hypothesis,9,1.441521
my_insurance_company,7,3.754511
my_intestine,2,2.091899
my_iv,5,3.177289
my_jaw,2,3.016022
my_journey,10,2.981071
my_kid,8,2.665564
my_knowledge,11,2.257300
my_larynx,2,2.971676
my_left_side,2,3.062350
my_les,2,2.444976
my_life,8,3.161258
my_liver,9,0.986189
my_local,11,3.006221
my_lower,2,2.376003
my_lower_abdomen,2,1.682012
my_lower_esophageal,2,2.477481
my_lung,2,2.441286
my_mental_health,8,2.183509
my_mid_20s,8,2.506397
my_mid_30s,8,2.285986
my_mid_sixties,7,2.130772
my_mid_twenties,8,2.398517
my_midsection,2,2.709792
my_mouth,2,2.263773
my_nasal_passage,5,3.087658
my_neck,2,3.027650
my_nerve,2,1.764562
my_nose,5,3.381759
my_nostril,5,3.142801
my_oop,7,3.680814
my_organ,2,1.985111
my_pants,4,1.442334
my_pcp,11,3.357009
my_pediatrician,11,2.538583
my_period,4,1.763079
my_perspective,11,1.186049
my_phobia,8,2.787361
my_poor,10,1.964740
my_post_nasal,4,1.005415
my_posture,2,2.700741
my_ppi,1,3.690065
my_primary,11,3.240634
my_procedure,7,3.466904
my_progress,10,2.995544
my_quality,10,1.995007
my_r_cpd,9,2.573272
my_rib,2,2.351393
my_rib_cage,2,2.401587
my_ribcage,2,1.997395
my_saliva,4,1.652015
my_second_dose,7,3.283361
my_second_round,7,3.233814
my_second_trimester,4,1.248148
my_self,3,1.684439
my_shoulder,2,3.070952
my_sibling,8,2.036021
my_sinus,2,1.443385
my_spine,2,2.067767
my_sternum,2,2.280954
my_stomach,2,2.170653
my_story,10,3.314860
my_suspicion,11,0.779460
my_symptom,9,2.593076
my_teen,8,2.634397
my_third_trimester,4,0.830407
my_throat,2,2.057759
my_toe,2,2.602425
my_tongue,2,3.065993
my_tonsil,2,1.600789
my_trachea,2,2.343770
my_tummy,2,2.121504
my_twin,8,1.668839
my_twin_sister,8,2.427062
my_two_cent,11,1.509405
my_ues,2,2.639652
my_upper,2,2.521829
my_upper_abdomen,2,1.398509
my_upper_esophageal,2,2.508010
my_uvula,2,2.439420
my_vocal,2,0.574567
my_voice,6,1.631719
my_waist,6,-0.080107
my_weight,4,1.690285
my_whole_life,8,3.236716
my_wife,3,2.649602
my_windpipe,2,1.976072
my_worst_nightmare,4,0.739405
myalgia,2,0.444744
mylanta,1,3.373957
myotomy,7,3.091359
mystery,9,2.364983
myth,11,0.925553
naar,5,2.176821
naive,8,1.398962
name,11,3.101435
namely,9,1.581726
nap,6,2.089457
narcissist,8,1.484969
nasal,5,3.065410
nasal_breathe,2,0.955671
nasal_cavity,2,1.739667
nasal_congestion,4,0.844631
nasal_endoscopy,11,2.375594
nasal_gastric,6,-0.128277
nasal_passage,5,2.468913
nasal_polyp,9,1.607199
nasal_spray,1,3.590133
nasty,4,1.745227
natural,2,1.865851
natural_reaction,8,1.466190
naturopath,11,2.107708
naturopathic,6,-0.364265
nausea,4,2.153203
nausea_etc,4,1.894435
nausea_go_away,6,1.047824
nausea_patch,5,3.140279
nauseate,4,2.261269
nauseous,4,2.281762
nauzene,1,3.115416
navel,2,1.386989
nbs,8,1.945150
near_constant,4,1.749605
near_the_bottom,2,2.610010
nearly_as_bad,10,0.941316
nearly_every_meal,4,1.217511
nebraska,11,2.221484
neck,2,3.045818
neck_and_jaw,2,1.596460
neck_area,2,2.056086
neck_crunch,2,2.609186
neck_exercise,2,2.457332
neck_forward,2,2.793003
neck_lift,2,2.482443
neck_massage,2,2.215670
neck_muscle,2,2.919070
neck_pain,2,1.544092
neck_position,2,2.735000
neck_posture,2,0.736658
neck_sit_up,2,2.520145
neck_strengthen,2,2.200630
neck_stretch,2,2.495603
neck_throat,2,2.356041
need_another,7,2.825392
need_to_be_able,2,0.840233
need_water,1,3.558851
needle,7,3.464348
needle_in_my_neck,10,1.554069
needle_phobia,7,2.268317
needle_through,7,3.422481
negative_experience,10,2.398198
negative_for_h_pylori,9,1.319754
negative_impact,8,0.856359
negative_pressure,2,2.237945
negative_reaction,11,0.752837
negative_side_effect,11,1.088344
neglect,9,1.431725
nerve,2,2.068994
nerve_damage,9,1.258329
nerve_rack,10,1.462722
nervous,8,2.422261
nervous_about,8,2.432968
nervous_system,2,1.337083
network,7,3.603424
neural,2,1.856242
neurodivergent,8,1.139366
neurological,9,2.057561
neurological_function,2,0.788437
neurological_issue,9,2.102690
neuromuscular,9,1.312628
neutral_position,2,2.839367
neutralize,2,1.733474
nevada,11,1.991458
never_bother,8,3.138424
never_connect,8,2.413027
never_connect_the_dot,8,1.143885
never_consider,9,2.027302
never_go_away,4,1.536071
never_heard_of_r_cpd,11,2.529215
never_occur,8,2.129947
never_realize,8,2.797188
nevermind,6,0.096877
new_ability,3,0.843620
new_condition,11,2.352681
new_doctor,11,2.362900
new_here,10,3.222310
new_information,11,1.540060
new_jersey,11,2.320947
new_mexico,11,2.401968
new_pcp,11,2.018540
new_power,10,1.445036
new_skill,10,1.877954
new_to_reddit,10,2.667492
new_to_this_community,10,2.505909
new_to_this_sub,10,2.532999
new_treatment,11,1.713269
newbie,10,2.242120
newbie_here,8,1.498501
newcomer,10,2.339872
nexium,1,3.914629
next_day,6,2.161148
next_dose,7,2.288976
next_monday,7,2.947541
next_month,7,3.178656
next_morning,6,2.133840
next_tuesday,7,2.971744
next_wednesday,7,2.952667
next_week,7,3.145315
nh,5,1.721036
nhs,11,3.383610
nhs_england,11,2.406335
nhs_gp,11,2.432532
nhs_group,11,2.190120
niacin,4,1.106732
nibble,1,2.854161
nice_nap,6,2.107577
nice_to_hear,10,1.996054
nice_to_know,10,2.823309
nice_to_meet,10,2.309406
niche,10,2.224739
nickname,3,2.099371
nicole,11,2.289773
niet,5,2.768096
night,4,2.058676
night_out,1,2.151515
nightly,4,1.312248
nightshade,1,3.255881
nighttime,4,1.900062
nissen_fundoplication,9,1.481423
nitric_oxide,9,0.804989
nitrogenize,1,3.000535
no_abnormality,11,2.248270
no_anesthesia,7,3.431165
no_anesthetic,7,3.548239
no_appetite,4,1.740616
no_burp,9,2.731310
no_burp_community,10,2.722438
no_burp_syndrome,9,2.532532
no_burp_yet,6,2.054246
no_burpee,11,1.215463
no_burper,9,2.511879
no_difference,3,2.244661
no_downside,10,1.848566
no_energy,4,1.334456
no_experiment_evidence,11,2.268511
no_expert,11,0.975665
no_general_anesthetic,7,3.494086
no_hesitation,11,1.090275
no_idea,8,1.629290
no_more,4,1.959517
no_proof,9,1.003409
no_regret,10,1.691650
no_regurgitation,6,1.351935
no_relief,3,1.671959
no_sedation,7,3.429894
no_stranger,8,1.243770
no_sugar,1,3.171181
no_wonder,3,1.788497
no_worry,10,2.608784
nobody_can,11,1.168431
noburp,9,2.847387
noburp_condition,9,1.599692
noburp_fam,10,2.047859
noburp_related,9,1.813531
noburp_subreddit,11,2.084534
noburp_symptom,9,2.531085
noburp_wiki,11,2.724536
noburper,9,2.535114
noburps,11,0.584436
noise,3,2.731443
noise_come,3,2.119256
noise_in_my_throat,3,2.233548
nomen,5,1.755193
non_alcoholic,1,2.907382
non_burp,9,2.268382
non_burper,8,2.967640
non_carbonate,1,3.002281
non_erode,9,1.667393
non_stop,4,1.676511
non_surgical,11,1.733115
nonburper,10,2.218097
none_of_those,9,1.168074
nonsense,11,1.530944
nonstop,4,1.826658
nonstop_gurgle,4,1.417328
noodle,1,3.661296
normal_burper,3,1.821034
normal_function,9,1.082809
normal_pace,6,0.181606
normal_population,9,1.939840
normal_side_effect,6,1.501639
normal_size,4,1.783469
normal_weight,8,2.289779
norovirus,8,2.528976
northeast,11,1.674012
northwest,11,2.602922
nortriptyline,1,3.728601
norwegian,11,1.464215
nose,5,3.318714
nose_and_down,5,3.165602
nose_and_throat,11,2.760567
nose_how,2,2.470040
nose_scope,11,1.688015
nose_spray,5,2.397325
nose_throat,11,2.752839
nostril,5,2.980405
not_be_able,8,3.228042
not_care,3,2.296542
not_diagnose_r,11,2.682135
not_fun,4,1.912051
not_get_discourage,6,1.239650
not_hesitate,11,2.408742
not_ideal,4,1.422079
not_recognize,11,3.192780
not_uncommon,9,2.035032
not_want,8,2.638921
nothing_come_out,3,2.383924
nothing_come_up,3,2.300844
nothing_crazy,6,1.721953
nothing_major,6,1.684766
nothing_wrong,11,3.272203
novelty,6,1.617451
november_2021,11,0.985264
now_as_a_adult,3,1.631482
nowhere_to_go,2,2.137531
np,11,2.741459
nsaid,1,3.656146
nsfw,10,2.196032
nu,5,2.768418
numb,5,3.284701
numb_agent,5,2.742068
numb_injection,7,2.997933
numb_spray,5,3.269515
numb_spray_up,5,3.257109
numb_stuff,5,3.073458
number_2,6,1.097181
number_of_people,11,1.957899
number_of_unit,7,2.203122
numbness,5,2.028473
numerous_time,11,1.528629
nurse_come,5,3.045770
nurse_office,4,1.139922
nurse_say,6,-0.273705
nutrient_deficiency,9,1.731816
nux_vomica,11,1.558041
nyc_area,11,1.992543
nye,4,0.947547
oat,1,3.306444
oat_milk,1,3.051955
oatmeal,1,3.679213
obese,8,1.582010
object,2,2.822902
obnoxious,3,2.343675
obnoxious_loud,8,1.770248
obscene,4,0.914181
observant,11,0.672928
obstruct,9,1.551178
obstruction,9,1.531245
occasional,4,1.933446
occasional_heartburn,4,1.391518
occasional_regurgitation,6,0.781974
occasionally,4,1.863800
occasionally_ill,3,1.466491
occupational_therapist,11,1.473152
occur,4,1.954142
occurrence,6,-0.126127
ocd,9,2.276642
och,5,2.875432
october_8th,7,2.544025
october_super_nervous,11,1.085281
odd,3,2.007718
odd_noise,6,-0.223414
odd_occasion,3,1.419978
oesophagoscopy,5,1.084981
off_limit,1,2.942744
offender,1,2.734284
offer_in_office,11,1.721733
office,7,3.760882
office_awake,7,3.181132
office_injection,7,3.432861
office_instead,7,3.634010
office_procedure,7,3.755761
office_through,7,3.415588
office_treatment,7,3.314155
office_version,11,1.861201
office_versus,7,3.472428
office_visit,7,3.881773
office_while_awake,7,3.343527
official_diagnose,11,2.026506
official_name,11,2.046450
often_find_myself,4,1.253227
often_lead,4,1.083500
often_than_average,4,1.536398
og,5,2.829192
oh_awesome,10,1.411410
oh_boy,10,2.014892
oh_god,8,1.253904
oh_man,10,2.252609
oh_my_god,3,2.351283
oh_my_gosh,10,2.192404
oh_no,10,2.505547
oh_ok,10,1.837701
oh_okay,10,1.963704
oh_shit,11,0.183419
ohio,11,3.069204
ohip,7,3.748825
oily,1,3.220342
ok_thank,10,2.316337
ok_thanks,10,2.257449
old_age,11,1.040295
old_boy,8,2.002446
old_girl,8,2.040155
old_male,8,2.806565
old_man,10,2.409365
old_patient,7,2.683422
old_person,11,1.801240
old_son,8,2.725862
olive,4,1.449487
olive_garden,4,1.422661
olive_oil,1,3.086745
olly,11,0.972680
om,5,2.820808
omaha,11,2.372095
omar_mulla,11,2.392172
omeprazol,1,3.299090
omeprazole,1,3.966752
omg,3,2.293124
omg_same,6,-0.070170
omg_yes,8,1.167883
once_every,3,2.039930
once_in_my_life,8,2.865931
once_or_twice,3,2.062370
ondansetron,1,3.600679
one_dose,7,2.839058
one_injection,7,2.907939
one_of_us,10,2.558248
one_point,4,1.761354
one_spot,2,1.349871
one_stone,11,1.611938
one_thing,2,1.889806
one_to_develop_r,11,2.039047
one_who,11,3.289143
onion,1,3.465941
onion_and_garlic,1,2.952543
onion_garlic,1,3.241390
online,11,3.156525
online_about,8,1.636898
only_50_unit,7,2.661316
only_be_able,3,1.858979
only_dry_heave,3,1.763679
only_eat_soft,1,2.992882
only_ever,3,2.119464
only_happen,3,2.066256
only_last,6,2.010201
only_one,10,2.989794
only_one_in_my_family,8,2.350610
only_person,10,2.941131
only_recent,8,2.999314
only_solution,6,-0.280908
only_way_to_get_rid,4,1.080854
onset,8,2.180789
ontario,11,3.264333
oomph,2,0.954323
ooo,10,1.825431
oooh,10,1.521243
open_and_close,2,2.353467
open_mouth,2,2.585596
open_my_mouth,2,2.683653
open_my_throat,2,2.724858
open_proper,2,2.412777
open_slightly,2,2.443105
open_up,2,2.787550
open_your_mouth,2,2.970194
open_your_throat,2,2.718995
opera,6,-0.056187
operate_room,7,3.763834
operate_room_procedure,7,3.377933
operate_table,5,3.020251
operation,7,3.530274
opinion_about,11,1.380080
opioid,1,3.373493
opt,7,3.900744
optimistic,10,2.593616
orange_juice,1,3.286551
organ,2,1.832495
organ_distortion,2,1.544957
organization,11,1.833034
orient,2,0.598776
origin,9,2.162786
original,11,1.577660
original_paper,11,2.066065
original_post,10,2.556606
originate_schedule,7,2.667944
orlando,11,2.159719
orourke,11,2.297346
os,5,1.869309
osmotic_laxative,1,3.606363
osteoporosis,9,1.625966
osu,11,2.564933
otc,1,3.834315
other_area,2,1.097992
other_complication,9,2.049432
other_condition,9,2.482554
other_country,11,2.545210
other_digestive,9,1.841392
other_disorder,9,1.466863
other_doctor,11,3.385341
other_end,2,2.371719
other_explanation,11,1.204098
other_factor,9,1.908186
other_gi,9,1.825738
other_girl,6,0.011042
other_health,9,1.996972
other_illness,9,1.579189
other_issue,9,2.648714
other_kid,8,2.478198
other_medication,1,3.215840
other_member,11,1.452812
other_method,2,1.685681
other_muscle,2,2.061269
other_option,7,3.559249
other_organ,2,1.760898
other_post,10,3.251086
other_problem,9,2.353869
other_side_effect,6,1.365931
other_specialist,11,2.636542
other_symptom,9,2.566119
other_test,11,2.733065
other_thing,9,2.594622
other_type,6,-0.317650
other_underlying,9,1.529295
otherwise_fine,6,1.324072
oto_open,11,1.171874
otolaryngologist,11,2.840583
otolaryngology,11,2.757716
otolaryngology_department,11,2.161024
ou_en_anesthesia_general,6,-0.140742
our_body,2,2.496962
our_entire_live,8,1.539065
our_esophagus,2,2.392939
our_issue,11,2.311568
our_medical_system,7,3.319747
our_mind,8,1.127814
our_muscle,2,1.814150
our_parent,8,2.333338
our_problem,11,2.096420
our_society,3,1.808733
our_stomach,2,2.188268
our_struggle,10,2.285416
our_symptom,9,2.034624
our_throat,2,2.590180
our_ues,2,2.404162
our_whole,8,1.326578
our_whole_live,8,1.979372
out_in_public,3,1.049372
out_my_mouth,2,1.874990
out_of_breath,4,1.944498
out_of_country,11,2.102438
out_of_my_mouth,2,1.421590
out_of_network,7,3.686123
out_of_pocket,7,4.110563
out_of_shape,2,0.542573
out_of_state,7,3.712755
out_with_friend,4,1.668490
outdoor,2,1.070850
outing,4,1.486716
outline,11,2.661815
outpatient,7,3.600521
outpatient_procedure,7,3.562169
outpatient_surgery,7,4.126554
outward,2,2.328366
outwards,2,2.629586
outweigh_any,4,1.236282
ovarian_cyst,6,-0.574142
ovary,6,-0.191497
over_18,11,1.762211
over_again,10,1.695204
over_the_counter,1,3.801142
over_the_toilet,3,2.313149
overall,6,1.473397
overeat,4,2.199602
overeating,1,3.082193
overgrowth,9,1.389023
overjoy,10,2.395764
overlap,9,1.901897
overload,2,0.987727
overlook,9,2.036994
overly,4,1.948561
overly_concern,11,1.121260
overly_tight,2,2.162326
overpriced,6,-0.254991
overreact,10,1.494120
overshadow,10,1.936602
oversized,4,1.157444
overstate,11,0.842462
overthink_it,10,1.780733
overweight,8,2.392225
overwhelm,10,2.678467
p_0,5,1.278346
page,11,3.047684
pain,4,2.196316
pain_and_discomfort,8,2.352904
pain_bloat,4,2.167862
pain_cramp,4,1.572946
pain_discomfort,4,1.489718
pain_episode,4,1.316927
pain_hiccup,4,2.158510
pain_in_my_chest,4,1.918637
pain_killer,1,3.676064
pain_level,6,1.293133
pain_medication,1,3.657820
pain_subside,2,0.738302
painkiller,1,3.626896
painless,7,3.488210
palate,2,2.697107
pallet,2,2.466341
palp,9,1.107523
palpitation,4,2.018934
pam,11,1.359049
pancake,1,3.453526
pancreas,2,0.670854
panda,4,0.796944
panera,4,1.509827
panic,3,2.407695
panic_attack,4,1.886843
panic_because,3,1.547403
panic_disorder,8,2.154000
panic_induce,6,0.259027
panicky,4,1.901082
panini,4,1.686457
pantoprazole,1,3.951477
pantoprazole_40mg,6,0.623579
paper,11,3.106993
paperwork,7,3.584515
paracetamol,1,3.627162
paradox,2,1.418230
paralyze,2,2.678257
paralyze_muscle,2,2.330584
paranoid,10,1.298018
parasite,9,1.502127
parenting,11,0.773151
parking,7,2.954267
parkinson,9,1.322784
parkside,7,3.374137
parkside_hospital,7,3.257675
part,2,1.352140
part_of_my_life,8,1.924451
partake,4,1.457296
particle,2,1.354003
particular_loud,3,1.863577
partly,2,1.080683
partly_because,8,1.102260
partner,10,2.424153
partway,2,1.411516
party,4,2.178667
party_trick,3,1.797152
pass_away,11,1.115080
pass_down,2,1.965955
pass_gas,2,1.741725
pass_into,2,2.231097
pass_out,3,2.192096
pass_through,2,2.302951
passage,2,2.342148
passenger,4,0.970642
passer,5,1.768150
pasta,1,3.727104
pastry,1,2.967265
patch,5,3.058673
patchy,5,1.099588
pathetic,3,1.727020
pathologist,11,2.075361
pathology,9,1.734962
pathophysiology,9,1.294546
pathway,2,1.988024
patient_for_whom,11,0.767668
patient_who,7,2.983009
patient_with_yourself,2,0.921327
patronize,11,2.581225
pay_3k,7,3.626317
pay_600,7,3.603023
pay_700,7,3.437460
pay_850,7,3.282792
pay_close_attention,2,2.121441
pay_out_of_pocket,7,3.947093
pay_the_remainder,7,3.490412
payment,7,4.015284
pca_muscle,2,1.845047
pcp,11,3.176215
pd,5,1.020408
pdf,11,1.857706
pea,4,1.584799
peaceful,11,0.731986
peach,1,2.985520
peak,6,1.997378
peak_at_1_2_week,6,1.748651
peak_effect,6,1.629224
peak_ent,11,2.133353
peanut_butter,1,3.615013
pectus_excavatum,9,1.051591
peculiar,11,1.103539
pediatric,11,2.730166
pediatrician,11,2.971738
pee,4,1.441255
peer_review,11,2.136167
pelvic_floor_dysfunction,9,2.153628
pelvic_floor_issue,9,2.050777
pelvic_floor_muscle,2,1.736165
pelvic_tilt,2,2.066583
pelvis,2,2.233644
pendant,5,2.279551
penetration,2,0.512450
pennsylvania,11,2.690174
people_around,3,2.451817
people_describe,11,0.535390
people_in_this_group,11,1.610147
people_report,11,0.572605
people_with_r_cpd,9,2.553577
people_with_rip_d,11,1.190589
pepcid,1,3.912346
pepcid_ac,1,3.667541
pepper,1,3.334151
peppermint,1,3.565893
peppermint_oil,1,3.235768
peppermint_oil_capsule,1,3.478757
peppermint_tea,1,3.276449
pepto,1,3.531095
perceive,8,1.500739
percentage,7,2.585823
percentage_of_people,8,1.141332
perfect_position,2,2.572367
perfect_storm,4,1.534323
perform,11,2.818799
peristalsis,2,1.992769
peristaltic_motion,2,2.000766
permanent,7,2.202347
permanent_cure,7,2.778247
permanent_effect,7,2.417735
permanent_fix,7,2.374969
permanent_open,2,2.432799
permanent_result,7,2.454685
permanent_success,7,2.541887
perpendicular,2,2.425577
perpetuate,8,1.625501
perrier,1,2.996643
persistent_cough,6,1.506991
personality,8,1.637162
perspective,11,2.472755
pertain,11,1.185343
peso,5,1.066685
pester,11,0.609306
pet,9,1.096120
petit,5,1.384840
pfd,9,1.603506
ph_monitor,11,2.396691
ph_test,11,2.572339
pharyngeal,2,1.886858
pharynx,9,0.919280
phase,6,1.854665
phase_where,10,1.279325
phenergan,6,0.262107
phenomenon,9,1.943465
phew,10,2.068530
phlegm,4,1.580334
phlegm_stuck,6,1.626174
phobia,8,2.833749
phobia_of_throw_up,8,2.405550
phobia_of_vomit,8,2.735952
phone_appointment,7,3.035892
phone_call,7,3.326696
phoniatrics,11,2.757047
phoniatrie,7,2.928322
photophobia,8,2.179499
phrase,11,2.496427
physical_and_mental_health,8,1.479037
physical_cannot,3,1.448549
physical_condition,8,1.419511
physical_discomfort,8,1.566884
physical_health,11,0.713589
physical_manipulate,2,2.518023
physical_symptom,4,0.952174
physical_thing,9,1.284702
physician,11,3.200901
physio,2,2.156039
physiological,9,1.982400
physiotherapist,2,1.904542
physiotherapy,2,1.672675
picture,11,2.792926
pie,1,2.870116
piece_of_food,4,1.445895
piece_together,11,0.679859
pierce,5,2.675185
pilaris,6,-0.127400
pill,1,3.611861
pill_stuck,6,1.489513
pillow,2,2.880391
pillow_of_air,6,1.217956
pillow_under,2,2.738538
pin_post,11,2.770649
pinch,2,2.665375
pineapple,4,1.557540
pinpoint,8,1.662641
pioneer,11,2.620449
pitch,6,0.855796
pitman_in_nyc,7,2.872054
pittman,7,3.019820
placebo,11,1.644296
placement,7,3.371675
plague,8,2.190771
plague_by,8,2.183539
plank,2,2.775227
plant_base,1,3.127461
plastic,5,2.700011
plateau,6,1.557585
plausible,9,2.019214
play_a_role,9,2.402034
play_into,9,2.051045
play_sport,4,1.257918
player,6,-0.178356
please_keep,10,2.967237
please_keep_us_post,10,2.563150
please_keep_us_update,10,2.679525
pleasure,10,1.900083
plenty_of_microburp,6,1.762535
plight,11,1.384096
plug,2,2.382202
plus_side,3,0.827235
pneumonia,9,1.993295
pocket_of_air,2,2.381160
podcast_about,11,2.374631
point_of_view,11,1.950668
point_towards,9,1.651479
poison,9,1.487832
police,6,-0.177171
policy,7,3.791974
politics,11,1.224804
ponder,10,1.900794
poo,4,0.750815
pooch,5,1.425679
pool,2,2.461485
poop,2,1.839978
poor,9,2.253353
poor_baby,10,2.134321
poor_diet,8,1.003447
poor_digestion,2,0.648486
poor_posture,2,1.091135
poor_thing,10,2.139925
poor_tongue_posture,2,1.287707
poor_understand,9,2.254687
pop,2,2.321793
pop_blood_vessel,2,1.938556
pop_in_my_throat,3,1.603333
pop_out,3,1.572142
popsicle,1,3.581052
pork,1,3.029716
porridge,1,3.683759
portable,4,1.527372
portal,11,2.858087
portion_size,1,2.989998
portland,11,3.140544
portland_oregon,10,2.329429
portrait,5,2.001010
pose_in_yoga,2,2.332374
posit,2,0.586160
position,2,2.999725
position_myself,2,2.729459
position_yourself,2,1.557689
positive,10,3.053557
positive_experience,10,2.594279
positive_impact,8,0.955470
positive_or_negative,11,1.161052
positive_outcome,11,1.372556
positive_result,11,1.535886
positivity,10,2.109989
possess,3,1.948015
possibility,9,1.749279
possible_lead,11,1.564340
possible_side_effect,7,2.087826
possible_solution,11,1.349263
post_above,10,2.407205
post_and_comment,11,2.183397
post_botox,6,2.048978
post_botox_diary,10,2.302662
post_botox_journey,10,2.397494
post_botox_update,6,1.470108
post_covid,9,1.554101
post_in_this_subreddit,11,2.007501
post_injection,6,1.829680
post_meal,4,1.385649
post_nasal_drip,4,1.908312
post_op,6,2.100158
post_partum,10,1.810781
post_procedure,6,2.099921
post_surgery,6,2.072021
post_update,10,2.844965
posterior,2,1.288232
postnasal_drip,4,1.560724
postnatal_drip,2,0.677865
postoperative,6,0.464463
postpartum,8,1.050758
postural,2,2.170409
posture,2,2.757298
pot,9,2.591369
pot_as_well,9,1.297985
potato,1,3.736445
potato_chip,4,1.204467
potential,9,2.442061
potential_cause,9,1.728310
potential_complication,11,1.050690
potential_side_effect,7,1.957634
pour_out,4,1.624969
powder,1,3.463181
power_eructate,5,1.389217
ppi,1,3.934177
ppi_medication,1,3.801289
ppi_use,11,1.008144
ppis,1,3.958759
ppis_for_35,11,0.557184
ppo,7,3.716828
practice,2,1.452196
practice_a_lot,2,1.193230
practice_enough,7,2.845356
practice_with_fizzy_water,6,1.773607
practise,2,1.286021
practitioner,11,3.030084
pre_auth,7,3.554073
pre_botox_symptom,10,0.695852
pre_exist_condition,7,3.725392
pre_op,7,3.641970
pre_op_appointment,7,3.082108
pre_op_room,5,3.109876
pre_operative,11,1.880506
pre_pregnancy,8,1.602483
pre_test,7,3.233404
pre_vomit,8,1.691297
precision,7,3.326120
precursor,8,2.071926
predate,8,0.815489
predominantly,8,1.423066
pregnancy,4,1.613327
pregnancy_test,5,3.191499
preliminary,11,2.158844
preliminary_test,11,2.452224
premier,6,-0.049919
preop,7,3.008134
prepare,7,3.741675
prepare_room,5,3.099444
prescribe,1,3.966832
prescription,1,3.891184
prescription_medication,6,-0.484601
present,11,2.516622
press,2,3.005933
press_against,2,2.346039
press_on_my_stomach,2,1.608303
pressure,2,2.110553
pressure_build_up,2,2.310314
pressure_buildup,4,0.986983
pressure_in_chest,4,1.478072
pressure_in_my_chest,4,2.006133
pressure_in_my_stomach,2,1.296757
pressure_in_my_throat,4,1.962545
pressure_inside,2,2.311000
pressure_on_my_chest,2,1.812524
pressurize,2,2.253064
pretty_bad,4,1.804083
pretty_clear,9,1.289362
pretty_common,9,2.095383
pretty_confident,11,0.971516
pretty_convince,8,1.439696
pretty_debilitate,11,0.518978
pretty_frequently,3,1.202762
pretty_funny,3,1.977551
pretty_grim,11,0.159470
pretty_gross,3,1.067217
pretty_intense,6,1.414853
pretty_loud,3,1.669287
pretty_mild,6,1.295981
pretty_much_go_away,6,1.446407
pretty_nervous,7,2.734320
pretty_normal,6,1.405534
pretty_obvious,11,1.179009
pretty_often,3,1.442298
pretty_quiet,3,1.703183
pretty_rare,6,0.707772
pretty_regular,3,1.268761
pretty_scared,11,0.862239
pretty_severe,4,1.287952
pretty_significant,6,0.400400
pretty_skinny,8,1.612329
pretty_sore,6,1.787834
pretty_thin,6,-0.004629
pretty_typical,8,1.616327
pretty_uncomfortable,6,1.662988
pretty_violent,8,2.299475
pretty_weak,6,0.496609
pretty_weird,11,0.583303
prevalence,9,1.838022
prevent,2,2.282465
prevent_myself,3,1.592985
prevent_us,2,1.165455
previous_meal,3,1.431692
previous_thread,11,1.759678
price,7,4.161416
price_difference,7,3.555867
pricing,7,3.606496
prilosec,1,3.949772
primary,9,2.223099
primary_care,11,3.015611
primary_care_doctor,11,2.795532
primary_symptom,9,1.534164
princess,6,-0.043681
principle,11,1.349251
print,11,3.196733
print_off,11,3.149712
print_out,11,3.216351
print_this,11,2.157286
prior_authorization,7,3.789105
prior_to_botox,4,1.387350
prior_to_surgery,11,1.884439
privacy,6,0.078617
private,7,3.480715
private_health,7,3.704736
private_health_care,11,1.911210
private_health_insurance,7,3.728633
private_healthcare,7,3.448509
private_hospital,7,3.404312
private_option,7,3.126528
privileged,10,1.538963
prize,6,-0.083702
probable,9,1.745920
probably_why,8,1.534205
probe,5,3.220990
probiotic,1,3.593856
probiotics,1,3.664118
problem,9,2.727834
procedure,7,3.642177
procedure_a_few,6,1.373947
procedure_code,7,3.328505
procedure_cost,7,3.330421
procedure_itself,7,3.781010
procedure_schedule,7,3.242085
procedure_tomorrow,7,3.086339
procedure_under_ga,11,2.092619
procedure_under_general,7,3.530438
process_food,1,3.378569
produce_a_lot,2,1.594530
produce_gas,2,1.789798
produce_more_gas,2,1.560567
produce_more_saliva,4,1.798598
producer,5,1.355205
product,1,3.458056
production,2,1.745214
professional,11,3.085638
professional_life,11,0.301071
professor,11,3.124531
professor_novakovic,11,2.185109
profound_slow_swallow,6,1.190406
profuse,6,-0.026756
progress_get_worse,8,2.177339
progress_worse,4,1.452894
projectile,3,2.275500
prolific,8,1.813259
prom,8,1.567018
promise,10,2.640531
promote,2,2.223567
prone,4,1.403147
prop_myself_up,2,2.831343
prop_up,2,2.887157
prop_yourself_up,2,2.740427
proper_burp,3,1.841907
proper_digest,2,1.709124
proper_posture,2,2.215851
property,2,0.794622
propofol,7,3.617546
propose,11,2.462633
propranolol,1,3.705147
protect_mechanism,9,1.465077
protein,1,3.615041
protein_drink,1,3.602090
protein_shake,1,3.741098
proton_pump,1,3.940784
protrude,2,2.070710
proud,10,2.621793
prove,11,2.758841
prove_by,11,2.462333
provide_relief,3,1.803799
provide_some_relief,3,1.617504
provider,11,3.354924
provider_who,11,2.875749
province,11,3.258913
proximal_esophagus,2,1.000536
prs,9,1.575789
pseudo,11,1.760352
pseudo_obstruction,9,1.990161
pseudoscience,11,1.925132
psoas,2,1.593130
psychiatric,9,1.479820
psychiatrist,11,2.051160
psychological,9,2.433963
psychological_issue,9,1.504284
psychologist,11,1.625131
psychosomatic,9,2.446844
psyllium_husk,1,3.633570
pterodactyl,3,2.162149
ptsd,4,0.981027
pu,5,1.505200
public,3,2.414082
public_healthcare,11,3.249397
public_place,3,1.482200
public_system,7,3.554646
publication,11,2.922999
publish,11,3.035830
publish_their,11,2.748767
puff,2,2.724160
puff_of_air,3,1.753264
puke,3,2.520561
pull_my_shoulder,2,2.832402
pull_over,4,1.121435
pull_trig,3,1.582909
pull_up,2,2.712429
pulmonary,9,1.290440
pulmonologist,6,-0.432852
pulp,1,2.832588
pump,2,2.367149
puncture,5,2.662154
punish,4,1.007353
puppy_dog,2,1.932685
puree,1,3.375729
purple,2,0.975342
push_against,2,2.338061
push_air,2,2.747106
push_forward,2,1.449153
push_my_chin,2,2.867306
push_my_head,2,2.979046
push_my_jaw,2,2.735093
push_my_neck,2,2.852853
push_out,2,2.205030
push_them,2,2.670365
push_too_hard,3,1.663032
push_up,2,2.657527
push_upward,2,2.016054
push_upwards,2,1.940322
push_with_your_ab,2,2.295166
push_yourself,2,1.660391
put_into_word,11,0.340059
put_my_chin,2,2.869683
put_my_finger,3,2.323184
put_on_weight,4,1.533860
put_pressure,2,2.394053
put_to_sleep,7,3.571495
put_under,7,3.719804
put_under_general_anesthesia,7,2.425186
put_up,8,2.209877
put_your_finger,3,1.701486
pvc,2,0.859977
pylori,9,1.104316
ql,2,1.467716
quake,2,1.669974
quantify,9,1.810601
quantity,1,2.889243
que_tender,5,2.373114
queasy,4,1.701013
quebec,11,3.184349
query,11,1.980147
question_and_answer,11,2.336290
qui,5,2.804795
quick_and_easy,7,3.520222
quick_update,7,2.640046
quiet,3,2.362162
quiet_room,3,2.436571
quiet_space,4,1.057490
quirk,8,2.577592
quirky,8,1.748381
quit_smoke,4,0.916988
quite_annoy,6,0.209542
quite_bad,6,1.357110
quite_common,9,1.950644
quite_frequently,3,1.232007
quite_high,11,0.594019
quite_nervous,7,2.650327
quite_rare,11,0.922243
quite_severe,6,0.742584
quite_significant,6,1.310750
quite_sore,6,1.664188
quite_sure,11,0.803602
quite_the_opposite,8,1.781439
quote,7,4.086949
r/askreddit,10,2.690482
r/dysautonomia,9,1.318459
r/fodmap,1,2.926565
r/noburp,10,3.345131
r/noburp_page,11,2.627241
r/noburp_wiki,11,2.783394
r_cad,9,1.568437
r_cop,8,2.679825
r_cpd,9,2.807854
r_cpd_also,9,1.695862
r_cpd_and_emetophobia,9,1.998835
r_cpd_be,9,2.808941
r_cpd_because,9,1.904693
r_cpd_before,11,2.499451
r_cpd_botox,11,2.197874
r_cpd_but,9,2.733371
r_cpd_can,9,2.346314
r_cpd_cause,9,2.380889
r_cpd_community,11,1.835818
r_cpd_cure,8,1.422643
r_cpd_doctor,11,2.556735
r_cpd_emetophobia,8,1.242420
r_cpd_experience,9,1.591581
r_cpd_from_youth_until,11,2.335541
r_cpd_have,9,2.618175
r_cpd_i,9,2.764796
r_cpd_if,11,1.021447
r_cpd_itself,11,1.211639
r_cpd_make,4,1.146138
r_cpd_may,9,2.166289
r_cpd_my,9,1.458812
r_cpd_not,9,2.152712
r_cpd_page,11,1.988059
r_cpd_patient,11,2.256082
r_cpd_provider,11,1.710504
r_cpd_related,8,1.484955
r_cpd_serious,1,3.712242
r_cpd_so,11,2.406597
r_cpd_specific,11,2.287575
r_cpd_suffer,9,2.501987
r_cpd_symptom,9,2.554396
r_cpd_tend,8,1.677353
r_cpd_the,9,2.214152
r_cpd_through,11,1.782068
r_cpd_treatment,11,2.947395
r_cpd_uk,11,2.276383
r_cpd_when,9,1.646848
r_cpd_which,9,1.928824
r_cpd_will,9,2.056236
r_cpd_would,11,1.283083
r_cpders,9,1.095994
r_pod,11,0.749497
rabeprazole,1,3.732971
race_heart,4,0.928392
racist,11,1.330371
radiate,2,1.779795
radiate_to_my,2,1.714838
radio,11,2.331905
radiology,11,2.171677
raft,1,2.957492
rain,6,-0.012209
raise_awareness,11,2.709333
raise_your,2,2.793905
raleigh_nc,7,2.681647
ramification,8,0.901095
randall,6,-0.082294
random,3,2.094715
random_bout,4,1.542717
random_burp,3,1.786524
random_hiccup,3,1.782312
random_moment,3,1.667238
random_question,11,1.255768
random_start,6,1.325955
range_of_motion,2,2.343407
ranitidine,1,3.648317
rapid_gastric_empty,9,1.462556
raptor,3,1.426512
rare,9,2.372993
rare_condition,11,1.515517
rare_condition_suggest,11,1.734117
rare_occasion,3,2.166712
rarely_fart,10,2.076373
raspy,6,1.098361
rate_of_success,7,3.588813
rather_than_rely,2,0.903582
rational,8,1.936680
raw,1,3.451216
raw_onion,1,2.991547
raw_vegetable,1,3.146712
rcpd,9,2.868960
rcpd_exist,11,2.238851
rcpd_patient,11,2.159195
rcpd_related,9,2.423075
rcpd_specialist,11,2.773147
rcpd_suffer,9,1.994212
rcpd_symptom,9,2.543438
rcpders,9,1.195873
read_on_this_sub,11,1.897639
read_through,10,3.362370
real_bad,4,1.655172
real_burp,3,1.864506
real_condition,11,2.151939
real_life,10,2.598918
real_medical,11,1.682785
real_problem,8,1.800626
real_quick,6,-0.085432
real_relief,10,1.025577
real_thing,11,2.215568
real_vomit,3,1.698001
realize_how_often,8,2.164680
really_affect,8,2.103685
really_annoy,4,1.620229
really_anxious,3,1.943533
really_awful,4,1.167098
really_bad,4,2.204303
really_bother,8,2.325370
really_busy,11,1.772984
really_dry,4,1.565969
really_embarrass,3,2.418266
really_excite,10,2.870639
really_frustrate,10,1.847445
really_glad,10,2.716191
really_gross,3,1.757625
really_happy,10,2.835167
really_help,1,3.538306
really_hope,10,2.968215
really_hopeful,10,2.212488
really_hungry,4,1.289715
really_impact,8,1.771359
really_intense,4,1.419583
really_loud,3,2.564035
really_nauseous,4,1.989323
really_quick,6,1.795046
really_sick,4,1.970293
really_sore,6,1.792275
really_struggle,4,0.852708
really_suck,10,2.373930
really_thirsty,4,1.881331
really_tough,6,1.177841
really_uncomfortable,4,2.149239
really_unpleasant,3,1.351647
really_vary,6,0.551242
really_want,7,3.496599
really_wide,2,2.566281
realm,11,1.134719
rear_end,6,0.177910
rearrange,2,1.432593
reason_behind,11,1.272909
reassure,10,2.749487
reassure_thank,6,0.276444
reassure_to_hear,10,2.421742
reassure_to_know,10,2.205411
recall,8,3.225712
recap,10,2.708733
recede,2,1.243769
receive_100_unit,7,2.451023
receive_50,7,2.894781
receive_80,7,2.520853
receive_botox,7,3.024326
recent_discover,10,2.751628
recent_discover_this_sub,10,2.611989
recent_learn,8,2.270033
recent_post,11,2.107133
recent_realize,8,2.292075
recent_year,8,2.442496
receptor,2,1.728490
recline,2,3.011489
recognize,11,2.859215
recognize_condition,11,2.119443
recover,6,1.502241
recovery,6,1.367771
recovery_process,10,1.476289
recovery_room,6,2.140184
recovery_time,7,3.347706
recreate,2,2.347595
recurrent,9,1.480152
recut_linjection_en_cabinet,6,-0.106461
recycle,2,1.279328
red_bull,1,2.952839
red_meat,1,3.174602
red_wine,1,2.998174
reddit,10,3.373121
reddit_account,10,2.743481
reddit_app,11,1.917682
reddit_user,11,1.386399
redo,7,2.279045
reduce,4,1.722554
reduce_bloat,1,2.727081
reduce_by,4,1.621925
reduce_gas,2,1.701658
reduction,4,1.673226
refer,11,3.238694
refer_to_a_gastroenterologist,11,1.308756
referral,11,3.364532
refine_carbohydrate,1,2.776191
refine_sugar,1,2.789570
reflect,8,1.256514
reflex,2,2.082170
reflux,9,2.345117
reflux_and_regurgitation,4,0.360061
reflux_disease,9,2.113630
reflux_gourmet,1,3.519058
reflux_issue,4,0.916633
reflux_medication,1,3.847485
reflux_regurgitation,6,0.891479
refuse_to_believe,11,1.953872
regimen,1,3.476860
regional,6,-0.137057
reglan,1,3.696515
regress,6,1.077068
regret,10,1.682624
regret_it,10,1.625384
regular_doctor,11,3.193020
regular_occurrence,3,1.536202
regular_people,3,1.640242
regulation,9,0.964084
regurgitate,4,1.661068
regurgitate_a_little,4,1.444711
regurgitate_food,4,1.488590
regurgitation,4,1.405141
regurgitation_issue,4,0.452922
reintroduce,1,3.184369
relatable,11,1.201910
relate_to_this,10,1.812658
related_issue,9,2.257935
related_somehow,9,1.853743
related_to_noburp,9,2.233480
related_to_r_cpd,9,2.419233
related_to_rcpd,9,2.426976
relation,9,2.345912
relationship,9,2.326987
relationship_between,9,1.354848
relationship_with_food,4,0.981938
relative_new,11,2.547194
relative_recent,10,1.700959
relax,2,2.756048
relax_and_let,2,2.455225
relax_and_open,2,2.575610
relax_enough,2,2.581405
relax_my_shoulder,2,1.213345
relax_my_throat,2,2.629705
relax_to_allow,2,2.136173
relax_your_body,2,2.782080
relax_your_throat,2,2.773573
relaxation,2,2.642807
relaxation_technique,2,2.334249
relearn_how,6,0.828514
release,2,1.970488
release_air,3,1.542599
release_any,2,1.919347
release_gas,3,1.655411
release_of_air,3,1.836421
release_some,2,1.910373
release_them,2,2.443503
reliable,10,0.741843
reliant,6,-0.013868
relief,3,1.737751
relief_soon,10,2.615583
relieve,3,1.758414
relieve_gas,2,2.243852
relieve_myself,3,2.078758
relieve_pressure,2,1.488372
rely,2,1.519905
remain_the_same,6,0.148207
remedy,1,3.508474
remember_ever,8,2.838822
remember_exactly,8,1.685681
rennie,1,3.655117
rennie_deflatine,1,3.518267
rep,2,2.720472
repair,9,1.927757
repair_before,11,1.182816
repeat_injection,7,2.753002
repeat_until,3,1.398338
repercussion,11,1.526175
repetition,2,2.638486
repetitive,3,1.659627
replicate_it,6,-0.154805
repost,11,2.224492
represent,11,2.069640
reprieve,6,0.737453
reproduce,6,-0.140255
reputable,11,2.701153
request,11,3.324586
require_a_lot,2,0.980756
require_a_referral,11,3.315362
require_manometry,11,2.164593
research,11,3.032916
research_into,11,2.189392
research_paper,11,3.127634
research_r_cpd,11,2.094736
research_study,11,2.575529
research_team,11,1.877663
researcher,11,2.186678
resemble_a,6,0.076846
resident,11,3.036613
residual,6,0.926836
residue,1,3.129603
resource,11,2.962636
respiratory,9,1.213714
respiratory_infection,6,1.160107
respond_well,11,1.509222
rest,2,3.134084
restaurant,1,2.134334
restful,6,1.029326
restless,4,1.371016
restrict_my,4,1.805961
restrictive,1,3.106639
restrictive_diet,1,2.846225
restrictive_eat,9,1.945271
result_so_far,10,1.500981
retain_the,3,0.824633
retain_the_ability,6,1.814139
retain_the_ability_to_burp,6,1.883699
retch,3,2.444427
retch_sound,3,1.415435
retention,2,1.616212
retrain,2,2.586662
retrograde,2,2.273787
retrograde_cricopharyngeal,9,1.399274
retrograde_cricopharyngeal_dysfunction,11,2.364886
retrograde_cricopharyngeus_dysfunction,11,2.326462
retrograde_direction,2,2.230358
retrograde_only,2,1.915739
retrograde_only_neurological_dysfunction,9,1.521549
return_to_work,7,2.456058
reverse_burp,2,2.105631
review,11,3.289885
revision,11,1.221073
revolutionary,6,-0.071679
rex,7,2.610236
reynard,8,1.303827
rheumatoid_arthritis,9,1.531973
rhinitis,8,1.233293
rib,2,2.302066
rib_cage,2,2.043501
rib_flare,9,1.015403
ribcage,2,1.998561
rice,1,3.744532
rice_cake,1,2.975352
rich_food,4,1.206179
richard,11,1.706170
ricola,6,-0.146340
rid,8,1.863518
ridicule,8,1.712286
ridiculous,3,2.342895
ridiculous_amount,4,1.640384
rifaximin,1,3.733084
right_above,2,2.155496
right_arm,2,2.649290
right_before_bed,1,2.808814
right_behind,2,1.901003
right_below,2,2.288506
right_ear,2,0.629578
right_muscle,2,2.263553
right_on_track,6,1.301124
right_or_left,2,2.928104
right_side,2,3.065098
right_under,2,2.185145
rigid,2,1.576887
ring_around,11,2.052213
rip_apart,2,2.048378
rip_d,9,2.808223
rip_jack,10,1.815406
rip_open,4,1.083426
rise,2,2.428944
rise_in_my_throat,2,1.420745
rise_up,2,2.373951
risico,6,0.001462
risk,7,2.108631
risk_of_develop,9,2.272916
risk_of_esophageal,9,1.916646
risky,11,1.553410
ritalin,1,3.717825
riyadh,11,2.264007
roadblock,6,-0.249146
roar,3,2.331362
robert_bastian,11,2.497402
robert_w_bastian_md,6,-0.288652
robust,3,0.879381
rochester_ny,11,1.616082
rock_back_and_forth,2,2.809574
roemheld,9,1.928165
roemheld_syndrome,9,1.557594
rolaids,2,0.779982
role,2,1.166294
roll,2,2.987542
roll_my_rs,8,1.425425
roll_over,2,2.712779
roller,2,2.509732
room_temperature,1,3.110071
room_where,5,3.171859
rope,2,0.981108
rosacea,9,1.411439
rotate_my,2,2.728260
rough,6,2.057437
rough_patch,6,0.638698
roulette,8,1.284173
round_1,7,3.192724
round_2,7,3.262740
round_trip,7,3.751357
round_two,7,2.927968
routine,2,2.492125
rub,2,2.844105
rude,3,2.016217
ruin,4,2.023607
ruin_by,8,1.688944
ruin_my,8,2.158202
ruin_my_life,8,2.284376
ruin_so_many,8,1.214415
rule_out,11,2.760473
rule_out_anything,11,1.463070
rule_out_other,11,2.704138
rule_out_r_cpd,9,1.313990
rum,1,2.941525
rumble,3,2.591285
run_around,6,0.105679
run_down,2,1.229453
run_in_family,8,1.818151
run_in_my_family,8,1.641206
run_joke,3,2.152284
run_to_the_bathroom,3,2.279526
run_to_the_toilet,3,1.895837
runny_nose,4,1.752393
rush_to_the_bathroom,3,1.345442
russia,5,2.008973
rx,1,3.711396
sa,5,2.846900
saber,5,1.319888
safe_bet,6,0.672498
sag,2,1.758548
sake,10,2.353566
saline,7,3.229189
saliva,4,1.715627
saliva_mucus,4,1.317544
salivate,4,1.974621
salivate_a_lot,3,1.532311
salivation,4,1.685457
salt,1,3.314017
salt_lake_city,11,2.133455
salty,4,1.784027
salty_food,1,2.889511
salvia,4,1.411499
same_day,7,3.283622
same_experience,10,1.664475
same_problem,8,1.562617
same_situation,10,2.284041
same_time,6,0.259523
sample,11,2.768400
sample_size,7,2.294905
sampling,11,1.774804
san_diego,11,2.696940
san_leandro,7,3.014665
sandwich,1,3.703682
sanity,10,1.921156
sarah,11,1.485202
sarcasm,8,1.482858
satan,3,1.905914
satisfaction,10,0.699729
satisfy,3,1.848056
satisfy_burp,3,1.577187
sauce,1,3.664842
sauna,6,-0.185861
savant,5,2.226472
save_my_life,10,1.911897
saw_doctor,7,3.157080
saw_doctor_villari,11,1.490840
say_excuse,3,1.794605
say_nope,3,1.459960
sc,11,2.536060
scam,11,2.402077
scan,11,2.495324
scare,8,2.588744
scared,8,2.575955
scared_of_vomit,8,2.131635
scary,8,2.373618
scary_at_first,10,1.186929
scary_part,6,0.515364
schatzki_ring,9,1.555398
schedule_for_april,7,2.859400
schedule_for_august,7,2.628733
schedule_for_june,7,2.733908
schi,11,2.139782
science_behind,11,1.482218
scientific,11,2.764803
scientific_argument,11,2.352259
scientific_evidence,11,2.223657
scientific_paper,11,2.369732
scientific_prove,11,0.982016
scientist,11,2.449840
scleroderma,9,1.577856
scope,11,2.418832
scope_down,5,3.285036
scope_down_my_nose,11,2.263366
scope_through,5,3.208811
score,6,0.101902
scotland,7,3.441753
scottish,11,1.950688
scramble_egg,1,3.660220
scratch,6,1.875128
scratch_throat,6,1.727802
scream,3,2.518758
screech,6,0.198477
scrunch,2,2.045514
scuba,6,0.109082
scuba_dive,11,0.094970
seafood,6,-0.111326
search_on_here,2,1.644821
search_this_sub,11,2.345764
seasonal,6,-0.315285
seat,2,2.987672
second_appointment,7,3.618985
second_attempt,7,3.011164
second_botox_shot,11,1.416445
second_dose,7,3.260492
second_injection,7,3.252763
second_jab,6,1.700354
second_one,7,3.305179
second_opinion,11,1.748729
second_pregnancy,8,2.332801
second_procedure,7,3.248266
second_round,7,3.275496
second_shot,7,3.279466
second_time,7,3.292670
second_time_around,7,2.916267
second_treatment,7,3.010305
second_week,6,1.821842
secondary,9,2.074433
section,11,2.814592
sedate,7,3.658992
sedation,7,3.730261
see_doctor_hicklin,11,2.050926
see_doctor_schindler,11,2.104888
see_doctor_spiegel,11,2.296950
see_he,7,3.442974
see_her,7,3.434668
see_result,6,1.586545
seed,1,3.280987
seek,11,3.061997
seek_help,11,2.512419
seek_out,11,3.112059
seek_treatment,11,2.933466
seem_to_be_able,3,1.546361
seem_to_fit,9,1.483094
seem_to_get_worse,8,2.249058
seem_to_help,1,3.539046
seem_to_trigger,1,3.087875
seem_to_vary,6,0.773274
seem_to_worsen,8,2.198612
seep,3,0.853696
segment,6,-0.178124
seize,2,2.223194
seldom,8,1.476255
self_advocate,11,1.592226
self_confidence,8,1.328984
self_conscious,4,1.926311
self_conscious_about,3,1.570962
self_cure,2,1.456751
self_cure_method,2,1.714551
self_diagnose,11,2.786438
self_diagnose_myself,11,1.536829
self_esteem,8,1.458055
self_massage,2,2.243038
self_pay,7,3.964771
self_refer,11,3.112228
self_teach,2,1.186522
self_train,10,1.799631
selfish,11,1.267027
seltzer,1,3.085381
semaglutide,4,0.210861
semester,6,0.353897
sen,5,2.322087
send_a_referral,11,2.640910
send_he,11,2.958779
send_them,11,3.220655
sensation,2,2.006090
sensation_in_my_throat,4,1.456712
sensitive,4,1.854382
sensitive_enough,6,0.464052
sensitive_gag_reflex,3,1.475210
sensitive_stomach,4,0.920715
sensitivity,9,2.092954
sensitivity_to_botox,11,0.887018
sensory_issue,11,0.515193
sentence_without,6,1.102581
separate_issue,9,1.670223
septoplasty,9,1.556771
serious_life_change,11,0.723051
serotonin,9,1.139260
service,7,3.427124
set_of_symptom,8,0.931377
set_off,4,1.655900
several_doctor,11,2.710000
several_hour,1,2.678706
several_other,11,2.535900
several_time,3,2.046770
several_year_ago,11,1.893104
severe,4,1.884079
severe_anxiety,4,1.327034
severe_bloat,4,2.180375
severe_case,9,2.108681
severe_constipation,4,1.404543
severe_emetophobia,8,2.787787
severe_end,8,1.208291
severe_gerd,9,2.036910
severe_heartburn,4,1.041887
severe_impact,8,2.232334
severe_nausea,4,1.591819
severe_pain,4,1.954228
severe_reflux,9,2.137447
severe_regurgitation,6,1.415171
severe_side_effect,7,1.963605
severe_underweight,4,1.402578
severity,4,0.934112
sex_life,8,1.491384
shadow,11,1.650511
shake,1,3.398788
shake_my_head,2,2.576677
shake_up,4,0.839249
shaker,2,2.498283
shaker_exercise,2,2.504738
shaker_exercise_and_larynx_lower,2,2.337607
shaker_exercise_cricoid_massage,2,2.329578
shaker_exercise_help,2,2.302748
shaker_exercise_search,2,2.187034
shaker_larynx_lower,2,2.319839
shaker_method,2,1.491936
shaky,4,1.554897
shallow_breath,1,3.085460
shame,10,1.973929
shape,2,2.401088
shape_my_life,8,2.257426
share_their,10,2.535343
share_your_story,10,2.715380
sharma,11,2.763646
sharp,2,2.207436
sharp_pain,2,1.793276
she_ask,5,3.272610
she_inject,5,2.934397
she_put,5,3.163909
she_refer,11,3.113731
she_send,11,2.585070
she_suggest,6,-0.437081
sheer,8,1.569875
sheet,11,2.293012
shepherd,6,0.118537
shift_my_head,2,2.791327
shirley_oak,7,3.419905
shit,3,2.269260
shit_suck,10,2.295776
shit_ton,4,1.342546
shiver,4,1.294365
shock,3,2.208931
shock_by,10,1.659371
shoe,2,2.223879
shoot_pain,2,1.793175
shoot_up,4,0.988610
short_answer,11,0.538817
short_flight,6,0.410792
short_live,6,0.999576
short_of_breath,4,1.914541
short_while,4,1.372372
shortly_after_eat,4,1.446186
shortness_of_breath,4,2.054466
shortness_of_breath_and_heart_palpitation,4,1.466191
shortness_of_breath_be,4,0.899498
shortness_of_breath_etc,4,1.669983
shortness_of_breath_i,4,1.198704
shot_of_vodka,4,1.904281
shotgun,4,1.141582
should_subside,6,1.416403
shoulder,2,3.005291
shoulder_blade,2,1.980041
shove,2,2.230051
shove_my_finger,3,2.313819
shovel,4,1.795432
show,11,2.505591
show_anything,11,2.649652
show_he,11,3.113114
show_nothing,11,2.466153
show_r_cpd,11,2.281855
show_them_doctor_bastian,11,2.854541
shrink,2,1.757176
shudder,2,1.006351
shut_down,9,1.561375
sibo,9,2.621567
sibo_and_h_pylori,8,0.902146
sibo_h_pylori,9,2.021089
sibo_test,11,2.346786
sick,4,2.199589
sick_and_tired,8,1.365859
sick_to_my_stomach,4,1.951704
sick_with_a_cold,4,1.612413
sickness,4,2.001874
side_affect,11,1.222388
side_effect,7,1.632837
side_shaker,2,2.320483
side_stitch,4,1.246694
side_to_side,2,3.040764
sideways,2,2.958257
sideways_shaker,2,2.277411
sigmoid_colon,11,0.768159
sign_off,11,1.705540
significance,11,1.791997
significant,4,1.574064
significant_cheap,7,3.549058
significant_improve,8,1.652262
significant_increase,6,-0.127719
significant_progress,6,1.078837
significant_worse,4,1.616277
sil,5,1.904973
silent,3,2.205873
silent_fart,11,0.365241
silent_hiccup,3,1.514833
silent_migraine,4,1.306815
silent_one,3,1.681203
silent_reflux,9,2.563999
silly,3,2.028762
simethicone,1,3.646412
similar_condition,9,1.376614
similar_experience,10,2.857726
similar_issue,9,2.188685
similar_situation,10,2.621417
similar_story,10,2.507226
similar_to_mine,10,2.603891
similarity,11,1.279119
simultaneous,2,2.419445
since_august,8,0.922466
since_birth,8,3.058755
since_childhood,8,2.732450
since_forever,8,2.120106
since_infancy,8,2.846592
since_then,8,2.118174
sing,6,1.305183
sing_voice,6,1.156715
single_bite,1,3.235324
single_hiccup,3,2.225489
single_person,11,1.314990
single_time,8,2.417665
singular,3,1.206270
sinus,2,1.556333
sinus_drainage,4,1.340553
sinus_infection,4,0.411680
sinus_issue,4,0.920455
sinus_pressure,4,1.263118
sip,1,3.509176
sip_after_each,1,3.667292
sip_of_liquid,1,3.710646
sip_of_water,1,3.629671
sip_of_water_after_every,1,3.681034
sip_water,1,3.492677
sip_water_after_every,1,3.375527
sister,8,2.830378
sister_both,8,2.999221
sit,2,3.057441
sit_around,4,1.320797
sit_down,2,3.064735
sit_in_my_chest,2,1.529145
sit_in_my_throat,4,1.443252
sit_on_the_couch,4,1.338323
sit_or_stand,2,2.762702
sit_right,3,1.053467
sit_stand,2,2.804459
sit_straight,2,2.863920
sit_there,2,2.225980
sit_up,2,3.065167
sit_up_in_bed,4,1.229276
sit_up_straight,2,2.970887
sit_upright,2,2.931641
situation,9,2.472551
six,6,1.452981
six_day,11,1.182635
six_month_pregnant,4,1.404629
six_pack,6,-0.007415
six_year,8,2.324088
sjogren,9,1.892140
skeptical,11,1.983402
skinny,8,2.358239
skinny_guy,3,1.118422
skip_breakfast,4,1.505619
skip_dinner,4,1.734647
skip_meal,4,1.422524
skirt,4,0.972318
sky,6,-0.277322
slam,2,2.248749
slap,9,1.895909
sleep_apnea,9,2.346418
sleep_at_night,4,1.234355
sleep_elevate,2,2.636693
sleep_last_night,4,1.131472
sleep_on_a_incline,2,2.628609
sleep_on_a_wedge,2,2.718874
sleep_on_my_stomach,6,0.141945
sleep_position,6,-0.176488
sleep_prop_up,2,2.677647
sleep_quality,4,0.973250
sleepy,6,2.086225
slight_burn,4,1.260521
slight_difficulty,6,0.966794
slight_discomfort,6,1.684645
slight_lump,6,1.663016
slight_pain,6,1.525330
slight_regurgitation,6,1.524818
slight_slow_swallow,6,1.624274
slight_sore_throat,6,1.989128
slightly_better,6,1.063077
slightly_different,8,1.624498
slightly_forward,2,2.721187
slightly_high,7,2.399136
slightly_lower_success_rate,11,1.449049
slightly_nauseous,4,1.825161
slightly_overweight,8,1.976135
slightly_sore,6,1.760394
slightly_sore_throat,6,2.013212
slightly_worse,4,1.263836
slim,8,2.266979
slime,6,0.883365
slip_out,3,1.949829
slouch,2,3.055992
slow_and_gentle,2,2.713763
slow_but_surely,3,0.866466
slow_digestion,9,1.374717
slow_eater,4,1.537213
slow_get_better,6,1.824162
slow_motility,9,1.928026
slow_move,2,1.442888
slow_progress,6,1.389250
slow_release,2,1.791461
slow_sip,1,3.036589
slow_starter,10,1.701320
slow_swallow,6,1.922902
slow_swallow_begin,6,1.853231
slow_swallow_etc,6,1.239928
slow_swallow_kick,6,1.858679
slow_swallow_last,6,1.924505
slow_swallow_regurgitation,6,1.083360
slow_swallow_side_effect,11,1.257236
slow_swallow_start,6,2.073990
slow_swallow_which,6,1.934408
slump,2,2.540494
slurp,1,3.088174
sm,10,1.927271
small,3,1.876695
small_amount,4,1.740986
small_and_quiet,3,1.847555
small_bite,1,3.643135
small_bite_chew,1,2.810638
small_bowel,9,1.321677
small_bubble,2,2.184445
small_burp,3,1.862299
small_camera,5,3.155798
small_dose,7,2.866777
small_group,11,1.477045
small_hiatal_hernia,8,1.338438
small_intestine,2,1.985061
small_intestine_bacterial_overgrowth,9,1.887048
small_meal,1,3.192963
small_micro,3,1.489616
small_mouthful,1,3.633402
small_one,3,1.874309
small_pill,1,3.043393
small_portion,1,3.288464
small_silent,3,1.331406
small_sip,1,3.687528
small_sip_of_water,1,3.693390
small_snack,4,2.113033
smell,3,2.546548
smell_bad,3,1.606476
smell_fart,3,1.648864
smell_taste,3,1.538794
smile,3,2.492264
smoke,1,3.054610
smoke_cigarette,4,0.732495
smoke_salmon,1,2.828897
smooth_muscle,2,1.830582
smooth_recovery,10,2.561356
smoothie,1,3.735780
snack,1,3.093024
snake,2,2.048062
sneak_off,4,1.136036
sneeze,3,1.711693
sneeze_cough,3,1.508126
sneeze_or_cough,3,1.649271
sniff_and_swallow,5,2.912815
sniffle,4,1.643268
snorkeling,4,1.368962
snorkelling,6,0.102268
snort,4,1.622584
snot,5,1.990151
so_annoy,4,1.978834
so_annoyed,10,1.655694
so_bad,4,2.245606
so_confuse,10,1.833067
so_cool,10,2.538319
so_debilitate,8,2.113853
so_desperate,10,2.338225
so_disappoint,10,2.257816
so_discourage,10,2.329799
so_embarrass,3,2.557115
so_excite,10,3.068626
so_foreign,6,0.129449
so_frustrate,10,2.389179
so_funny,3,2.338737
so_glad,10,3.106439
so_grateful,10,2.923710
so_gross,3,1.851130
so_happy,10,3.105344
so_hard,3,2.347254
so_hopeful,10,2.179224
so_hopeless,4,1.409837
so_long,10,2.647796
so_loud,3,2.591320
so_lucky,10,2.627534
so_miserable,4,2.093379
so_much_better,10,1.985622
so_nervous,7,2.769917
so_nice,10,2.859010
so_overwhelm,10,1.864516
so_proud,10,2.131648
so_reassure,10,2.492193
so_refresh,10,2.403882
so_relatable,8,1.261312
so_relieve,10,3.034799
so_sad,10,2.140272
so_satisfy,3,1.825400
so_scared,8,2.574347
so_sorry,10,2.983502
so_sweet,11,1.667290
so_thankful,10,3.012448
so_thrill,10,2.073802
so_tight,2,2.446812
so_tired,4,2.120276
so_uncomfortable,4,2.224266
so_validate,10,2.623698
so_weird,3,2.441214
so_your_mileage,11,1.372187
soak,1,2.746987
soap,6,0.126457
soar_throat,6,1.835611
sober,1,2.549471
social_acceptable,3,1.653145
social_anxiety,8,2.296159
social_event,4,2.038711
social_gather,4,1.611409
social_life,8,2.414432
social_media,11,2.509842
social_occasion,4,1.626331
social_setting,4,1.916109
social_situation,4,2.192142
socialize,4,1.911583
socialize_medicine,11,3.098524
sock,5,2.765422
soda,1,3.064181
soda_beer,1,2.973651
soda_etc,4,1.598510
soda_water,1,2.981453
sodium,1,3.197819
sodium_alginate,1,3.269211
soft,1,3.759354
soft_drink,1,2.936278
soft_food,1,3.671010
soft_food_like,1,3.560896
soft_palate,2,2.736393
soft_pallet,2,2.587540
soft_speak,10,1.384384
soft_tissue,2,1.746818
solar_plexus,2,2.360118
solid_food,1,3.570987
soluble,1,3.171647
solve_nothing,9,1.012865
some_advice,10,2.783267
some_answer,10,2.666487
some_encouragement,10,2.069843
some_extent,9,1.115480
some_extra,1,3.515681
some_food,1,3.411428
some_ibuprofen,1,3.708970
some_ice_cream,1,3.234481
some_improvement,11,0.937659
some_irritation,6,1.835393
some_level,8,1.626116
some_medicine,1,3.721725
some_microburp,6,1.896989
some_mild,4,1.216946
some_numb_spray,5,2.736398
some_of_us,9,2.378125
some_paperwork,5,3.086900
some_progress,10,2.547143
some_regurgitation,4,1.441887
some_relief,3,1.749098
some_research,11,3.100988
some_soreness,6,1.737248
some_soup,1,3.476070
some_trouble,11,1.290954
some_tums,1,2.783716
some_tylenol,6,1.242607
some_water,1,3.605952
some_yoga,2,2.738766
somebody_who,8,1.521768
somehow_related,8,1.804215
someone_tell,10,1.429505
something,2,1.951221
something_call,11,1.023639
something_stuck,6,1.654270
sometimes_a_little,3,1.511179
sometimes_accompany,3,1.462338
sometimes_ill,4,1.749556
somewhat,4,1.226685
somewhat_manage,4,0.840518
somewhat_relieve,3,1.324296
somewhat_similar,10,1.341249
somewhere_along,6,-0.223468
soothe,1,2.954763
sore,6,1.894531
sore_neck,6,2.090149
sore_spot,2,1.078146
sore_throat,6,1.955463
sore_throat_after,7,2.568998
sore_throat_afterwards,5,1.611137
sore_throat_go_away,6,1.191487
soreness,6,1.906210
sorry_in_advance,10,2.237549
sort_of_like,2,2.317894
sort_of_thing,11,1.590747
sort_soon,10,2.713288
sortie,2,0.994517
soul,11,1.561468
sound,3,2.596648
sound_a_bit,3,1.476739
sound_a_little,3,0.931924
sound_amazing,10,2.321289
sound_awful,10,2.380245
sound_crazy,3,1.571273
sound_different,3,1.440801
sound_disgust,3,1.823488
sound_fantastic,10,2.161111
sound_gross,3,1.493946
sound_horrible,10,2.021029
sound_insane,2,1.330342
sound_more,3,1.886699
sound_normal,3,1.436820
sound_rough,10,1.989517
sound_scary,10,1.188575
sound_terrible,10,2.044960
sound_very_familiar,8,2.310055
sound_wave,2,2.340088
sound_weird,3,1.541823
soundless,3,1.955529
soup,1,3.737367
soup_and_protein,4,1.735995
soup_smoothie,1,3.668576
sour,1,3.408540
sour_stomach,4,0.516575
sour_taste,4,1.531366
source,11,2.977534
sourdough,1,3.100395
southern_california,11,3.135496
southern_indiana,11,1.700977
space_above,4,0.583058
space_between,2,1.555382
spain,11,3.096776
span,5,1.567932
sparkle,1,3.000346
sparkle_water,1,3.067194
spasmodic_dysphonia,11,1.885990
spat,3,1.392590
speak,11,3.197581
speak_voice,2,0.581968
specialist,11,3.423774
specialist_who,11,3.332425
specialize,11,3.091936
specialize_in_medical_anxiety,11,2.266232
specific_ask,11,2.731065
specific_design,11,2.273758
specific_food,1,2.939843
specific_name,11,2.043549
speculate,9,2.221937
speech,2,1.226878
speech_language_pathologist,11,2.087601
speech_pathologist,11,2.598519
speech_therapy,11,2.657909
spend_year,8,2.150444
spew,3,1.405945
sphincter,2,2.607700
sphincter_between,2,1.192889
sphincter_les,2,2.168625
sphincter_muscle,2,2.385749
sphincter_ues,2,2.381666
spice,1,3.194272
spicy,1,3.373840
spicy_fatty,1,3.041116
spicy_food,1,3.376853
spicy_stuff,1,3.115648
spill_into,9,1.675977
spindrift,1,2.963797
spine,2,2.118945
spirit,1,3.074373
spit,4,1.700673
spit_constant,4,1.490581
spit_out,4,1.627312
spit_up,3,2.255861
split_second,3,1.537745
splutter,4,1.469423
spoiler_alert,10,1.262729
spontaneous,3,1.902283
spoon,2,2.449957
spot,5,2.844732
spot_where,2,2.536085
spray,5,3.335083
spread_awareness,11,2.346063
spread_throughout,6,0.452600
sprite,1,3.095195
spurt,6,-0.116835
squash,1,3.106885
squat,2,2.998240
squat_down,2,2.507820
squat_instead_of_bend,2,2.609132
squat_instead_of_bend_over,2,2.536517
squeak,3,1.727756
squeamish,11,1.492074
squeeze,2,2.974902
squeeze_my_stomach,2,2.511926
squish,2,1.554222
squishy,2,1.777321
ssri,1,3.804198
st_louis_park_mn,11,1.833453
stab,2,1.500835
stab_pain,4,1.543917
staff,7,3.513671
stage_where,3,0.848833
stalk,10,2.768159
stance,5,1.138475
stand,2,3.072426
stand_for_retrograde,9,1.780632
stand_or_sit,2,2.735429
stand_to_reason,2,0.801995
stand_up,2,3.034940
standard_amount,7,2.561564
standard_dose,7,2.909491
standpoint,9,1.460395
staple,1,2.718424
star,5,2.810970
starbucks,6,0.224889
starch,1,3.135478
start_dry_heave,3,1.418607
start_microburp,6,1.990502
start_salivate,4,1.341070
start_shaker,2,2.098994
start_to_finish,7,3.106040
start_to_subside,6,1.379202
start_to_wear_off,6,2.011171
startle,3,1.787395
starve,4,2.002718
starve_myself,4,1.414272
stat,7,2.807242
statement,11,2.644756
statistic,11,2.904587
stay_away,1,3.274207
stay_calm,1,3.524378
stay_healthy,11,1.129277
stay_home,4,1.848144
stay_hydrate,1,3.527594
stay_in_touch,10,2.506053
stay_inside,2,1.790834
stay_open,2,1.389469
stay_overnight,7,3.248143
stay_the_same,8,1.288975
stay_upright,4,1.062612
stem,9,2.412627
stenosis,9,1.182368
step_3,2,2.417668
step_to_address,1,3.740160
sternum,2,1.884193
sternum_area,2,1.798413
steroid,1,3.749140
stewart,11,2.193475
stick_my_finger,3,2.369750
stick_my_tongue,2,2.635172
stick_to_liquid,1,2.841199
stick_two_finger,3,2.228743
stick_your_finger,3,1.926753
stick_your_neck,2,2.745321
sticker,5,2.921839
sticky_pad,5,2.983261
stiff,2,2.277365
stiffness,2,1.710831
stifle,6,-0.237765
still_a_little,6,1.982365
still_able,3,1.280579
still_active,6,1.982405
still_present,4,1.424794
still_recover,6,1.465309
still_sore,6,1.762397
still_struggle,6,1.836673
still_suffer,8,2.102275
still_unsure,11,1.201189
stimmklinik,11,2.042723
stimulant,1,3.084653
stimulate,2,2.827486
stimulation,2,1.795471
stimulus,2,2.147306
sting,5,3.082933
stitch,2,0.525914
stoke,10,1.876888
stoma,9,1.713952
stomach,2,2.229548
stomach_ache,4,2.220023
stomach_acid,2,2.147195
stomach_acid_production,9,1.235396
stomach_and_esophagus,2,1.847497
stomach_area,2,1.505351
stomach_bug,8,2.555718
stomach_cancer,9,1.242160
stomach_churn,4,1.087852
stomach_content,2,2.417870
stomach_contraction,3,1.491022
stomach_cramp,4,2.119439
stomach_discomfort,4,1.531593
stomach_distension,4,1.156391
stomach_expand,2,1.917724
stomach_flu,8,2.581007
stomach_fluid,2,2.074366
stomach_gas,2,1.416446
stomach_hurt,4,1.710627
stomach_infection,9,2.023715
stomach_issue,9,2.531523
stomach_lining,9,1.375624
stomach_muscle,2,2.868661
stomach_nausea,4,1.638268
stomach_noise,4,1.860678
stomach_pain,4,2.203329
stomach_problem,9,2.361714
stomach_rumble,3,2.442220
stomach_ulcer,9,2.106531
stomach_vacuum,2,2.179284
stomach_virus,8,2.467323
stomach_wall,2,1.526946
stomachache,4,1.882836
stool,2,1.996273
stool_sample,11,2.378027
stool_softener,1,3.717279
stool_test,11,2.396143
stop_altogether,11,0.878745
stop_eat,1,3.067653
stop_myself,3,2.229133
stop_smoke,4,0.878447
stop_take,1,3.924263
stop_work,6,2.016756
story,10,3.362138
story_here,10,2.504609
stout,1,3.012207
straight_into,5,2.951646
straight_shoulder,2,2.765731
straighten,2,2.791290
straighten_my,2,2.827339
strain,2,2.714176
strange_noise,3,2.418164
strange_sensation,6,0.822678
stranger,10,1.891079
strangle,3,1.958268
stream_of_air,1,2.935819
strength,2,2.817752
strengthen,2,2.769639
strengthen_muscle,2,2.006563
strep,6,1.252810
strep_throat,6,1.452343
stress,4,1.547428
stress_about,3,1.088100
stress_and_anxiety,9,1.460133
stress_anxiety,9,1.336058
stress_enough,8,1.774142
stress_or_anxious,3,0.885729
stress_situation,3,1.434460
stressor,11,0.868779
stretch,2,2.960730
stretch_colon,2,0.845163
stretch_exercise,2,2.316281
stretch_my_neck,2,2.941809
stretch_out,2,2.410774
stretch_out_esophagus,9,0.873976
stretch_your_neck,2,2.873514
strip,2,0.843780
strive,6,-0.043752
stroboscopy,7,3.136713
stroke,9,1.027991
strong_link,9,1.892265
strong_reaction,3,2.231238
struggle,8,2.250619
struggle_a_bit,6,0.919089
struggle_a_lot,8,2.061948
struggle_to_breathe,4,1.784978
struggle_to_swallow,1,3.106903
struggle_with_emetophobia,8,2.067156
struggle_with_the_same,8,1.750272
stuck,4,1.574170
stuck_air,2,1.383309
stuck_around,6,1.214756
stuck_in_my_chest,2,1.424759
stuck_in_my_esophagus,2,1.395958
stuck_in_my_throat,4,1.571144
stuck_in_your_throat,4,1.504992
stuck_my_finger,3,2.328336
stud,11,0.847963
study,11,2.992188
study_and_potential_participate_please,11,1.752894
stuff,1,3.588298
stuffy,4,1.282920
stuffy_nose,4,1.539337
stumble,10,2.821675
stumble_across_this_subreddit,10,2.727830
stumble_upon,10,3.034411
stumble_upon_this_sub,10,2.229147
stupid,3,2.128881
stutter,6,-0.127597
sub,10,3.373432
sub_reddit,10,2.677586
sub_wiki,11,2.803438
subconscious,2,1.992184
subject,11,2.880373
subjugation,11,0.643219
submit,7,3.567982
subreddit,10,3.376861
subreddit_wiki,11,2.751738
subsequent,11,0.724701
subsequent_injection,7,2.657361
subside,4,1.518602
subside_a_lot,6,0.078434
substantial,3,0.909885
subtle,3,1.337802
succeed,2,1.263095
success,7,2.655944
success_appeal,11,1.962373
success_rate,7,3.117422
success_so_far,7,2.450698
success_with_shaker_exercise,2,1.394606
succession_of_microburp,3,1.125979
succinylcholine,9,0.981503
such_a,10,2.786156
such_a_bummer,10,1.763884
such_a_nice,10,2.357113
such_a_novelty,6,1.199352
such_a_relief,10,3.002884
such_a_shame,10,2.483738
such_a_strange,11,1.109352
such_a_weird,10,1.486122
such_bad,4,1.977652
such_discomfort,8,1.363448
such_severe,4,1.466131
suck_in_air,2,2.275124
suck_so_bad,11,0.361671
sucralfate,1,3.641995
sudafed,1,2.884156
sudden_onset,4,0.510698
suddenly_develop,8,1.731671
suffer,8,2.559869
suffer_a_lot,8,1.764700
suffer_from_constipation,8,1.571070
suffer_from_emetophobia,8,2.722683
suffer_from_r_cpd,9,2.149109
suffer_from_severe,8,2.113391
suffer_my_entire,10,2.038124
suffer_the_same,10,1.539648
suffocate,4,1.597698
sugar,1,3.493364
sugar_alcohol,1,3.002049
sugary,1,3.190365
sugary_food,1,2.848894
sugary_stuff,4,1.572428
summon,3,1.774272
sunday,7,3.173211
super_annoy,3,1.214798
super_anxious,6,1.028945
super_bad,4,1.841552
super_bloat,4,2.284764
super_early,6,0.788175
super_embarrass,3,2.368906
super_excite,10,2.943261
super_fast,4,1.146475
super_frustrate,10,1.962373
super_full,4,1.849551
super_gassy,3,1.400793
super_gross,3,1.849489
super_hopeful,10,1.817248
super_hungry,4,1.464266
super_loud,3,2.483803
super_low,6,-0.234320
super_nauseous,4,2.181278
super_nervous,7,2.975574
super_pain,4,1.752530
super_power,10,1.851981
super_quick,7,3.403720
super_rare,6,0.579079
super_relieve,3,1.602222
super_scary,10,1.359666
super_sensitive,3,1.483290
super_skinny,8,2.361443
super_strict,8,1.197928
super_thin,6,-0.143506
super_tight,2,2.171353
super_tiny,6,0.147798
super_tired,6,1.957255
super_uncomfortable,4,2.153679
super_weird,3,0.983717
supermarket,1,2.803233
superpower,10,1.882634
supplement,1,3.739648
support_community,10,2.497275
support_each,10,2.340730
support_evidence,11,1.183095
support_group,11,2.246761
suppository,2,1.107103
suppress,2,1.896836
suppress_it,3,2.278883
sure_as_hell,6,-0.330043
sure_what,10,1.934474
surface_area,6,-0.200263
surface_tension,2,1.924175
surfactant,2,2.417128
surge,6,0.079639
surgeon,11,3.307584
surgeon_who,11,3.172086
surgery,7,3.643320
surgery_center,7,3.524307
surgery_itself,7,3.745819
surgery_on_wednesday,11,1.668879
surgery_room,5,3.134175
surgery_schedule,7,3.219631
surgical,7,3.307569
surgical_center,7,3.605789
surgical_option,11,1.492596
surprise_by,8,1.588812
surreal,10,1.873428
surround_area,11,2.193399
survey_here,8,1.398985
suspect,9,2.580132
suspect_r_cpd,11,2.454784
suspect_that,9,2.322331
suspicion,9,1.870181
suspicion_that,9,1.882559
swallow,1,3.374028
swallow_a_lot,2,1.819003
swallow_a_ton,2,1.834445
swallow_air,1,2.890507
swallow_and_sniff,5,2.983578
swallow_difficult,6,1.113932
swallow_difficulty,6,1.378162
swallow_disorder,11,2.668814
swallow_food,1,3.525343
swallow_issue,6,1.191500
swallow_less,2,1.861468
swallow_liquid,1,3.077580
swallow_more,2,1.785509
swallow_my_own,4,1.645083
swallow_pill,4,1.776141
swallow_problem,9,1.556580
swallow_proper,4,1.617802
swallow_reflex,2,0.810960
swallow_saliva,4,1.484036
swallow_solid,1,3.293978
swallow_study,11,2.461488
swallow_technique,2,1.217879
swallow_test,11,2.578363
swallow_water,1,3.060511
sweat,4,1.788098
sweat_shake,4,1.678768
sweater,2,2.147530
sweatpants,4,1.135701
sweet_potato,1,3.386402
swell,6,1.777280
swell_throat,6,1.925459
swig,1,2.949671
swig_of_water,1,3.410585
swim_competitive,6,0.064210
swish,1,2.796593
switch_side,2,0.968435
sydney,11,3.276810
sydney_australia,11,2.390863
sympathy,10,2.058550
symphony,2,0.605772
symptom,9,2.588208
symptom_associate,8,1.695991
symptom_disappear,8,1.948573
symptom_free,6,1.777048
symptom_get_worse,8,2.341174
symptom_include,4,1.711342
symptom_of_r_cpd,9,2.575814
symptom_vary,11,0.544479
symptom_wise,8,1.370887
symptom_worse,3,2.239238
symptom_worsen,8,2.334376
symptomatic,9,1.705233
syndrome,9,2.706757
syracuse,11,2.275772
syringe,7,3.169364
syrup,1,3.088744
systemic,9,1.358593
t_rex,3,2.137188
tabla,5,1.290336
tablespoon,1,3.025897
tablet,1,3.687211
tabletop,2,1.656370
taboo,3,2.097997
tachycardia,9,1.658418
tack,5,1.276096
take_a_ppi,1,3.350533
take_adderall,4,1.034724
take_amitriptyline,6,0.015443
take_antacid,1,3.331708
take_antibiotic,4,0.692602
take_big_gulp,4,1.885123
take_deep_breath,2,2.888852
take_digestive_enzyme,1,2.961106
take_effect,6,1.996289
take_gas_x,1,3.442676
take_gaviscon,1,3.613523
take_ibuprofen,1,3.104162
take_into_account,11,1.515775
take_magnesium,1,2.822176
take_medication,4,1.410279
take_more_effort,6,1.043046
take_omeprazole,1,3.925497
take_pepcid,1,3.683348
take_pill,4,1.751625
take_ppis,4,1.399197
take_prilosec,1,3.838814
take_probiotics,1,3.266555
take_serious,11,3.025511
take_shot,4,1.825907
take_small_bite,1,3.624947
take_small_sip,1,3.411960
take_some_tylenol,1,2.700324
take_tums,1,3.521978
take_tylenol,6,1.639651
take_xanax,1,3.637422
tale,10,2.161860
talk_a_lot,6,1.021455
talk_laugh,1,2.773786
talk_loud,6,0.980849
talk_to_doctor_bastian,7,2.715931
talk_to_her,7,3.070761
talk_to_my_pcp,11,2.269303
tan,5,1.292467
tangle,2,2.107655
tap,2,2.950105
tap_water,4,1.593815
tar,2,0.817675
target,2,2.659530
taste_acid,4,0.967133
taste_anything,3,1.706329
taste_awful,1,2.969654
taste_bad,3,1.522843
taste_delicious,6,1.463883
taste_great,1,2.873989
taste_gross,4,1.241845
taste_horrible,6,0.445378
taste_in_my_mouth,3,1.205977
taste_like_bile,3,1.412175
taste_like_vomit,3,1.547113
taste_or_smell,3,1.737010
tea,1,3.464926
teach_my_body,3,0.928872
teach_myself,2,1.308694
teach_myself_to_burp,2,1.300055
teach_themselves_how,2,1.290820
teach_your_body,2,1.313571
teach_yourself,2,1.410613
teach_yourself_how,2,1.086791
teach_yourself_to_burp,2,1.224396
teach_yourself_to_squat_instead,2,2.581563
teammate,6,-0.155913
tear_up,3,2.248173
tears_of_joy,6,-0.237886
teary_eye,3,1.846957
tech_neck,2,1.866823
technical_possible,11,1.140753
technique,2,2.513032
tee,5,1.226606
teen,8,2.791330
teen_and_early,8,2.049958
teen_year,8,2.585796
teenage,8,1.969632
teenage_year,8,1.445744
teeny,3,1.511713
telehealth_visit,7,2.990794
telemed,7,2.832961
tell,11,3.077010
tell_he,11,3.171313
tell_my_primary,11,2.419929
tell_myself,3,2.464196
tell_people,3,2.358836
tell_them,11,3.125552
temple,6,-0.123856
temporary,7,2.007030
temporary_relief,3,1.098914
temporary_side_effect,7,1.965489
temporary_worse,4,0.357787
tend_to_get_worse,8,2.304883
tend_to_happen,4,1.117887
tend_to_swallow,2,1.635699
tend_to_worsen,8,2.195509
tend_to_worsen_with_age,8,1.425918
tender,2,1.796578
teng,11,2.314982
tennessee,11,2.429097
tennis,2,0.625135
tennis_ball,2,2.652412
tense,2,2.766178
tense_muscle,2,1.697497
tense_my_abdomen,3,1.409390
tense_my_stomach,2,2.388448
tense_my_throat,2,2.006347
tense_up,2,2.727052
tension,2,2.688294
tequila,1,3.021673
terrible,4,2.211855
terrible_bloat,4,1.567486
terrible_emetophobia,8,2.511312
terrible_heartburn,1,3.374034
terrible_hiccup,4,0.813392
terrible_pain,4,1.667153
terrify,8,2.583135
terrify_of_throw_up,8,2.156965
terrify_of_vomit,8,2.286307
test,11,2.601936
test_for_celiac,9,1.873412
test_negative,9,1.951871
test_result,11,2.557699
test_to_confirm,11,1.473797
testimony,10,2.442548
testosterone,6,-0.177635
texas,11,3.254036
textbook_rcpd,8,1.330367
texture,1,3.620955
than_before,4,1.394096
than_late,11,1.146575
than_normal,4,1.814134
than_regular,4,0.844566
than_the_rest,11,1.247079
than_usual,4,1.823726
than_yesterday,6,1.635622
thank_u,10,2.264960
thank_you_also,10,1.482225
thank_you_and_congratulation,10,1.707182
thank_you_definitely,11,1.128797
thank_you_everyone,10,2.066777
thank_you_for_post,10,2.428975
thank_you_for_read,10,2.557161
thank_you_for_respond,11,1.188328
thank_you_for_share,10,2.842280
thank_you_for_this,10,2.943819
thank_you_for_your_feedback,10,2.415804
thank_you_for_your_input,11,1.274317
thank_you_for_your_reply,10,2.418277
thank_you_for_your_story,10,2.324004
thank_you_good_luck,11,1.386192
thank_you_how,10,1.711994
thank_you_ill_definitely,11,1.271884
thank_you_its,10,2.177480
thank_you_r/noburp,10,2.085028
thank_you_so_glad,10,1.816386
thank_you_thank_you,10,2.481940
thank_you_this,10,2.438247
thank_you_to_everyone_who,10,2.806475
thank_you_to_whoever,10,2.752291
thank_you_what,10,2.077492
thank_you_x,10,1.542904
thank_you_you,10,2.039545
thanks_for_reply,10,2.400566
thanks_for_share,10,3.099997
thanks_guy,10,2.052596
thanks_man,11,1.697308
thanks_so_much,10,3.013757
that_make_sense,3,1.401160
that_specialize,11,3.032113
thc,1,3.053902
the_absence,4,0.914656
the_acid_reducer,1,3.569148
the_aftermath,6,1.155017
the_airway,2,2.463173
the_anesthesiologist,7,3.790644
the_bathroom,3,2.268098
the_beginning,3,1.475955
the_body,2,2.581132
the_botox_migrate,2,1.313193
the_botox_wear,6,1.978023
the_brain,2,2.573092
the_camera,5,3.438379
the_charm,10,2.471258
the_condition,9,2.851350
the_contrary,11,0.416608
the_couch,2,2.947611
the_cp,2,2.112219
the_cpm,2,1.306719
the_cricoid,2,2.721175
the_cricopharyngeus,2,2.504731
the_culprit,9,1.681024
the_development_of_hiatal,9,2.242339
the_diaphragm,2,2.666038
the_earliest,7,2.994979
the_edge,2,2.596431
the_equation,2,1.771679
the_er,11,2.440870
the_esophagus,2,2.580572
the_evening,4,2.123740
the_first_trimester,4,1.447117
the_floor,2,2.999515
the_founder,11,1.981381
the_fridge,4,1.942612
the_gist,11,0.890777
the_good_decision,10,1.881729
the_guardian,11,2.408881
the_hang,2,1.149625
the_hospital,7,3.752079
the_idea,8,2.671511
the_infamous,3,1.817736
the_injection,7,3.716929
the_internet,10,3.379261
the_intestine,2,2.194753
the_intubation,6,1.863285
the_key,2,2.374420
the_larynx,2,2.670179
the_les,2,2.454339
the_lower_esophageal,2,2.424097
the_lump,6,1.701965
the_majority,9,2.281565
the_military,11,1.560404
the_mirror,2,2.700347
the_morning,4,2.142155
the_muscle,2,2.710376
the_netherlands,11,3.311707
the_nhs,11,3.392291
the_nose,5,3.385246
the_numb_agent,5,2.411046
the_operation,7,3.710853
the_phone,7,3.209018
the_pnw,11,2.098068
the_price,7,4.106063
the_private_sector,11,2.528162
the_procedure,7,3.643827
the_progression,11,2.322074
the_right_direction,10,2.319267
the_roof,2,3.056606
the_same_boat,10,2.904798
the_scheduler,7,2.737153
the_scope,5,3.418569
the_sensation,2,1.977950
the_shard,7,3.414588
the_shower,2,2.724079
the_side,2,2.951152
the_sink,2,2.546754
the_sixteenth,7,2.824522
the_sole,9,1.887529
the_spectrum,8,1.366894
the_sternum,2,2.270799
the_subreddit,11,2.992366
the_surgery_center,7,3.824741
the_tik_tok,10,2.190781
the_title,11,2.498866
the_toilet,3,2.255115
the_trachea,2,2.389693
the_ues,2,2.642338
the_uk,11,3.383185
the_upper_esophageal,2,2.488241
the_urge,3,2.225886
the_usa,11,3.111333
the_vast,11,1.513710
the_vast_majority,8,1.434442
the_verge,4,1.711934
the_waist,2,2.911732
the_waitlist,7,3.061851
the_wiki,11,3.093942
the_windpipe,2,2.304324
the_worst,4,2.181343
the_wrong_pipe,4,1.807100
the_x_ray,11,2.497238
theatre,5,3.098406
their_20s,8,2.315045
their_chest,2,1.926579
their_condition,10,2.149184
their_emetophobia,8,1.810670
their_experience,10,2.691322
their_journey,10,2.451727
their_life,8,2.815549
their_name,11,2.756330
their_parent,11,0.954446
their_r_cpd,9,2.015502
their_stomach,2,2.614892
their_story,10,2.568968
their_success_rate,7,3.054995
their_symptom,9,2.086522
their_system,11,1.715825
their_tongue,2,0.996754
them_direct,11,2.457093
them_out,2,2.551338
theme_park,4,0.897111
then_gradually,6,1.588355
then_insert,5,2.999886
then_suddenly,3,1.591295
theorize,9,1.550648
theorize_that,9,2.205032
theory,9,2.464921
theory_that,9,1.856582
there_a_lot,11,0.297961
there_a_lump,6,1.667678
these_air_bubble,2,1.896917
these_drug,1,3.697763
these_episode,4,1.435282
these_exercise,2,2.354297
these_factor,2,0.439758
these_hiccup,3,1.895988
these_horrible,4,0.910384
these_issue,9,2.570101
these_noise,3,2.309872
these_post,10,2.880011
these_side_effect,11,1.011552
these_symptom,9,2.559446
these_test,11,2.851869
these_thing,9,2.473041
these_tip,11,1.420397
these_weird,3,2.531437
they_are,3,1.681825
they_cover,7,3.937260
they_give,5,3.328531
they_inject,7,3.377576
they_insert,5,2.931604
they_numb,5,3.282489
they_prescribe,1,3.663693
they_put,5,3.382004
they_sell,1,2.933699
they_spray,5,3.304873
thiamine,11,0.821816
thick_food,1,3.076697
thick_mucus,4,1.063654
thick_saliva,4,1.402627
thicken,6,-0.171401
thigh,2,2.573019
thin_liquid,1,3.219870
thing_move,2,2.464244
third_attempt,7,2.566623
third_dose,7,2.763738
third_grade,8,2.494020
third_injection,7,3.109722
third_one,7,2.794263
third_or_fourth,6,1.194230
third_procedure,7,2.691703
third_round,7,3.005398
third_time,7,3.296126
third_trimester,4,1.539614
third_week,6,1.804748
thirsty,4,1.949065
thirties,8,2.284432
this_article,11,2.725490
this_community,10,3.330804
this_condition,9,2.864553
this_disease,11,2.285043
this_disorder,9,2.838835
this_forum,10,3.371950
this_friday,7,2.971400
this_group,10,3.381553
this_information,10,2.595720
this_method,2,2.359551
this_page,10,3.365264
this_problem,9,2.775666
this_reddit,10,3.385444
this_reddit_page,10,2.044582
this_shit,10,2.134929
this_stage,3,1.029025
this_stupid,10,1.780200
this_sub_wiki,11,2.601846
this_subedit,10,2.048442
this_subreddit,10,3.404958
this_technique,2,2.411664
this_thread,10,3.370022
those_bubble,2,1.592906
those_mini,3,1.348789
those_muscle,2,2.689109
those_noise,3,2.375710
those_of_us,9,2.130210
those_symptom,9,2.593660
those_test,11,2.812444
those_thing,1,3.100455
those_with_r_cpd,9,1.188071
thousand_of_dollar,7,3.284502
thread,10,3.321373
thread_about,11,2.232801
three_hour,4,1.466859
three_month,6,2.002521
three_time,3,2.030731
three_week_ago,7,2.304333
thrill,10,2.851175
throat_area,2,2.379527
throat_chest,2,1.344425
throat_clear,4,1.388214
throat_croak,4,1.610047
throat_disorder,11,2.085754
throat_gurgle,4,2.168650
throat_infection,4,0.385434
throat_massage,2,2.190888
throat_movement,3,1.085267
throat_muscle,2,2.727988
throat_nausea,4,2.194949
throat_noise,3,2.616545
throat_numb_spray,1,3.219660
throat_pain,6,1.871717
throat_pressure,4,1.491671
throat_punch,2,2.375717
throat_region,2,1.058846
throat_soreness,6,1.362201
throat_tightness,4,1.611126
throatox,7,3.081392
throaty,3,1.154762
throb,4,1.463459
through_insurance,7,3.914632
through_my_nose,5,3.385969
through_the_nhs,11,3.239346
through_various,2,1.254026
through_your_nose,2,2.996909
throughout_childhood,8,1.957281
throughout_my_20s,8,2.272336
throughout_my_entire,8,2.170402
throughout_the_day,4,2.072115
throughout_the_evening,4,1.051914
throughout_the_night,4,1.306908
throughout_the_process,11,1.429211
throughout_the_year,11,0.253629
throw_off,2,1.029150
throw_up,3,2.526619
throw_up_a_couple,3,2.137403
throw_up_a_little,4,1.168765
throw_up_again,8,2.331052
throw_up_air,3,2.381208
throw_up_at_all,8,2.587208
throw_up_be,3,2.469320
throw_up_because,3,2.444085
throw_up_but,3,2.491260
throw_up_due,4,0.850560
throw_up_either,8,2.005854
throw_up_even,8,2.310289
throw_up_even_though,3,1.605772
throw_up_feel,3,1.614811
throw_up_i,3,2.517106
throw_up_in_my_mouth,3,1.564070
throw_up_in_year,8,2.059015
throw_up_it,3,2.473249
throw_up_its,3,2.378117
throw_up_just,3,2.326302
throw_up_like,8,2.326928
throw_up_lol,3,2.272611
throw_up_more,8,2.181940
throw_up_most,3,1.314490
throw_up_once,8,2.553703
throw_up_since,8,2.738913
throw_up_so,3,2.466751
throw_up_though,3,1.534165
throw_up_when,3,2.405249
throw_up_which,8,2.143314
throwaway_account,11,2.052770
thrush,1,3.745211
thunder,3,1.721430
thursday,7,3.208230
thursday_night,6,1.364995
thus,2,2.426131
thus_far,10,2.021953
thyroid,9,1.618042
thyroid_issue,9,1.331581
thyroid_problem,11,0.831971
tickle,4,1.405248
tickle_in_my_throat,4,1.547127
tif,11,0.858162
tif_procedure,9,1.365685
tight,2,2.754483
tight_chest,4,1.600751
tight_clothes,3,0.751848
tight_muscle,2,1.346401
tight_neck,2,1.320963
tight_pressure,2,1.223207
tight_ues,2,1.184361
tighten,2,2.725062
tighten_my_throat,2,1.676708
tighten_up,2,2.673155
tighten_your_ab,2,2.705766
tightness,2,2.251668
tightness_in_chest,4,1.350264
tightness_in_my_chest,4,1.741505
tightness_in_my_throat,4,1.744661
tik_tok,10,2.765900
tiktok,10,3.399915
till_so_far,11,2.211226
tilt,2,3.037932
tilt_my,2,2.793951
tilt_my_head,2,2.909256
tilt_my_head_down,2,2.993989
tilt_your,2,2.975057
tilt_your_head,2,2.931605
time_and_money,11,3.137847
timeframe,10,1.361636
timing,2,2.374833
tingle,2,1.170875
tinnitus,4,0.986278
tiny,3,1.874033
tiny_bit,4,1.446901
tiny_bit_of_relief,3,1.329430
tiny_bite,1,3.686626
tiny_burp,3,1.868339
tiny_little,3,1.810746
tiny_microburp,3,1.473709
tiny_one,3,1.723306
tiny_pop,3,1.585996
tiny_sip,1,3.710491
tiny_tiny,3,1.625729
tip_of_your_tongue,2,2.001326
tire,6,0.924647
tired,6,2.021410
tissue,2,2.439547
tit,11,0.450769
title,11,2.748691
tmi_but,3,1.824341
toast,1,3.702113
tobacco,2,0.613296
toddler,8,2.874733
tofu,1,2.789954
toilet_paper,1,3.382499
tolerance,4,1.845497
tolerate,1,3.284514
toll_on_my,1,3.726490
tomato,1,3.529943
tomato_sauce,1,3.203575
tomorrow_mark,6,1.173185
tomorrow_morning,7,3.036184
ton_of_microburp,6,1.567026
ton_of_post,10,2.485120
tongue,2,3.020816
tongue_cancer,9,1.074250
tongue_placement,2,1.715496
tongue_position,2,1.989646
tongue_posture,2,2.239876
tonsil,2,1.889827
tonsil_stone,4,0.309473
tonsillitis,4,1.201691
too_bad,6,1.826722
too_big,1,3.253627
too_drunk,3,1.681190
too_hungry,4,1.797222
too_loose,2,2.282002
too_much_alcohol,8,2.291564
too_scared,3,2.286187
too_tight,2,2.677962
too_weak,2,1.718017
too_wide,2,2.074661
too_young,11,1.168637
tooth_brush,3,1.575691
tooth_grind,9,1.137586
tooth_remove,7,2.021023
toothbrush,2,2.647778
top_of_my_stomach,2,1.429532
top_of_my_throat,2,1.646932
toronto,11,3.293163
toronto_canada,11,1.557920
toronto_ontario,11,2.629309
torso,2,2.833547
torture,4,1.770385
total,7,4.063736
total_anesthesia,7,3.214074
total_change,10,1.999355
total_convince,4,1.046089
total_cost,7,4.032178
total_doable,6,1.127907
total_fine,6,2.146298
total_make_sense,10,1.621008
total_manage,6,1.603398
total_sense,3,2.253605
total_worth,10,1.571483
touch_my_throat,3,1.075270
tower,11,1.609483
trachea,2,2.241930
tract,2,1.854777
traction,11,1.759808
trade,11,0.516167
trader,6,0.001412
train,2,1.879420
train_themselves,2,1.309555
train_your_body,2,1.190145
train_your_brain,2,1.136424
train_yourself,2,1.296801
trainer,6,-0.028150
trait,9,2.037651
trans,11,1.216626
transit,2,0.580608
transition,2,1.081938
transition_into,10,1.427251
transition_period,10,1.786129
transnasal,11,2.282962
transport,7,3.358079
transportation,7,3.655230
transverse_colon,2,0.256389
trap,2,2.188464
trap_air,2,2.002309
trap_air_gas,2,0.855993
trap_gas,2,1.832132
trap_gas_pain,4,1.122991
trap_in_my_stomach,2,1.961336
trap_in_my_throat,2,1.884185
trap_inside,2,1.886446
trap_wind,4,2.030223
trapezius,2,1.911113
trash_can,4,1.045097
tratamiento,5,1.260359
trauma,9,2.440444
traumatic,8,2.749818
traumatic_experience,8,2.746615
traumatic_vomit,8,3.217440
traumatic_vomit_episode,8,3.132527
traumatize,8,2.660852
travel_alone,7,3.380796
travel_through,2,1.601881
travel_to_chicago,7,3.676274
travel_to_london,11,2.345933
travel_up,2,2.423695
tray,4,0.925269
treadmill,2,0.826049
treat,11,3.077039
treat_achalasia,2,1.731242
treat_by,11,3.150971
treat_dysphagia,11,2.279253
treat_patient,11,2.302723
treat_r,11,2.182113
treat_r_cpd,11,3.087671
treat_rcpd,11,3.170399
treat_soon_rather,11,1.136148
treat_swallow_disorder,11,2.154387
treatment,7,3.493186
treatment_for_r_cpd,11,2.941752
treatment_option,11,2.832423
tri,6,0.021352
trial,11,2.511096
triathlete,6,0.103946
tricare,7,3.639267
trick,2,2.540316
trickle,2,1.553754
trigger_by,4,1.823924
trigger_food,1,3.434305
trigger_my,3,2.209561
trip_home,2,0.716263
tritter,11,2.310222
trivial,10,1.694320
trouble,4,1.301551
trouble_swallow,6,1.581879
trouser,5,1.156326
true,9,2.499322
true_relief,3,1.699875
truly,10,2.750716
truly_change_my_life,10,2.417555
truly_life_change,10,1.701957
truly_understand,10,2.020678
trunk,2,2.125913
try_a_bunch,2,2.295279
try_again,7,3.253593
try_everything,2,1.530294
try_fodmap,9,1.189429
try_shaker,2,2.149189
try_shaker_exercise,2,2.156757
try_to_avoid,1,3.314464
try_to_convince,11,3.055742
try_to_determine,9,1.284968
try_to_escape,2,2.113010
try_to_explain,11,2.417502
try_to_fall_asleep,4,1.176997
try_to_fight,3,1.177165
try_to_force,2,2.524182
try_to_ignore,3,0.989855
try_to_push,2,2.698542
try_to_relax,2,2.674782
try_to_replicate,2,2.484071
try_various,1,2.586736
tu_faire,5,1.642587
tuba,3,1.642979
tube_down_my_throat,5,2.730536
tube_down_your_throat,5,3.176498
tube_insert,6,1.390958
tube_place,2,1.243337
tube_up,5,3.259250
tuck,2,2.908796
tuck_my,2,2.781320
tuck_my_chin,2,2.905595
tuck_your,2,2.628725
tuesday_morning,7,3.209507
tug,2,1.921436
tummy,4,2.016827
tummy_ache,4,1.681658
tummy_pain,4,1.431861
tums,1,3.794791
turmeric,1,3.152234
turn,2,2.958223
turn_19,8,2.022609
turn_40,6,1.012658
turn_away,11,1.293607
turn_head,2,2.927630
turn_my,2,2.922203
turn_my_head,2,2.692988
turn_my_head_down,2,2.858493
turn_my_neck,2,2.886826
turn_out,9,2.438020
turn_point,6,1.358103
turn_them,3,1.498266
turn_your,2,2.781102
turn_your_head,2,2.922309
tutorial,2,2.252181
tw,8,2.508380
tweed,5,2.296872
twenties,8,2.278196
twenty_minute,6,0.264558
twinge,2,1.315617
twist,2,3.017028
twist_my_body,2,2.768898
twist_my_head,2,2.901330
twist_my_torso,2,2.697250
twist_your,2,2.706960
twist_your_head,2,2.586547
two_and_two_together,11,0.710293
two_beer,1,2.826712
two_dose,7,2.406586
two_endoscopy,11,2.397103
two_finger,2,2.486935
two_injection,7,3.083188
two_minute,1,2.855206
two_month_ago,10,1.540687
two_separate,7,3.180172
two_shot,7,2.676734
two_specialist,11,2.564722
two_week_late,6,1.386127
two_week_mark,6,1.452663
two_week_post_op,6,0.156946
two_year,8,2.601224
tylenol,1,3.638609
type_noise,3,2.310442
type_of_food,1,2.891242
type_thing,3,1.372846
typical_symptom,8,1.798993
u_k,11,2.085872
u_s,11,3.263274
uber,7,3.462161
uci,7,3.216839
ues,2,2.548411
ues_and_les,2,1.891971
ues_muscle,2,2.444257
ues_open,2,2.769458
ugh,10,2.458672
ugh_yeah,3,0.922318
ugh_yes,8,1.189703
ugly,3,1.395314
uh,3,1.776102
uhc,7,3.797908
ulcer,9,2.283508
ulcerative_colitis,9,1.963093
ultimate_lead,2,1.543564
ultrasound,11,2.396516
umbrella,9,1.448607
umm,11,0.613983
ummm,6,0.370980
un_grupo,5,1.453754
unable_to_burp,8,3.286996
unable_to_swallow,6,0.491646
unable_to_take,4,1.234311
unable_to_throw_up,8,1.903959
unable_to_vomit,8,2.609123
unaware,11,2.250910
unbearable,4,2.209215
unbelievable,4,1.366566
unbutton,4,1.455559
unbutton_my_pants,4,1.745296
uncertainty,11,1.046593
uncomfortable,4,2.169114
uncomfortable_sensation,4,1.111889
uncommon,9,2.396848
uncontrollable,3,1.945916
uncontrollable_burp,6,1.728503
uncontrollable_microburp,6,1.084965
uncontrolled,3,1.270615
uncontrolled_burp,3,1.277846
uncoordinated,2,1.568044
under_anesthesia,7,3.707733
under_control,4,1.555371
under_ga,7,3.659673
under_general,7,3.645409
under_general_anaesthesia,7,3.476832
under_general_anesthesia,7,3.720326
under_general_anesthetic,7,3.615134
under_local,7,3.498395
under_local_anesthesia,7,3.487471
under_my_rib,2,1.837454
under_my_tongue,2,1.525523
under_narcose,5,2.078040
under_the_nhs,11,2.491595
underdeveloped,2,1.212816
undergo,11,2.655214
underlying,9,2.372056
underlying_cause,9,1.829038
underlying_issue,9,1.715196
underneath,2,2.154307
underside,2,2.758851
understand_correct,11,0.754527
understand_how,8,1.923201
underweight,8,2.278423
undetectable,2,2.173625
undiagnosed,9,2.348961
undigested_food,2,1.112921
uneven,2,1.660216
uneventful,6,1.344286
unexpected,3,1.921016
unexpected_burp,3,1.393063
unexplained,8,2.046142
unexplained_nausea,8,2.242409
unhappy,6,-0.286250
unhealthy,1,2.795378
unhelpful,11,1.831359
unicorn,11,1.301509
unimaginable,10,1.799451
unit,7,3.212178
unit_concentrate_dose,6,1.410681
united_healthcare,7,3.875735
universal,9,2.313153
university_of_south,11,2.162004
university_of_utah,11,2.280683
university_of_utah_hospital,7,2.686332
unknowing,8,1.729399
unknown,9,2.345965
unleash,3,2.067195
unless_there,11,1.213670
unless_they,11,1.868298
unlikely,9,1.808137
unlucky,11,0.936446
unmanageable,8,1.266303
unnatural,3,1.085035
unnecessary_gi,11,2.514643
unnecessary_test,11,3.233576
unnerving,6,0.757374
unnoticeable,3,1.441581
unorthodox,2,1.031603
unpleasant,4,1.900402
unpleasant_but,6,1.682439
unpredictable,6,1.248964
unreal,4,1.084349
unrealistic,8,1.127918
unrecognized,11,1.334612
unrelated,9,2.484515
unrelated_condition,11,1.394296
unrelated_to_noburp,6,-0.244245
unrelenting,3,1.073979
unsatisfying,3,1.687926
unscientific,11,1.470277
unsettled,8,1.851883
unsettling,6,0.909545
until_my_mid,8,2.342595
until_recent,8,3.173562
untreated,9,2.327088
untreated_r_cpd,9,2.381493
unusual,9,2.284750
unwell,3,1.833407
unzip,4,1.357254
up_against,2,2.055897
up_in_the_middle,4,1.862952
up_inside,2,1.572902
up_into,2,2.553948
up_my_esophagus,2,2.159817
up_my_nose,5,3.323265
up_my_throat,2,2.300987
up_online,6,-0.206217
up_until,8,2.280746
up_your_nose,5,3.341029
update,10,3.015122
update_here,10,2.627506
update_on_how,10,2.941690
upfront,7,3.803083
upgrade,11,2.071437
uplifting,10,2.250547
upon_this,10,2.732226
upon_wake_up,5,1.540163
upper,2,2.266678
upper_ab,2,2.232181
upper_abdomen,2,1.754779
upper_airway,9,1.007398
upper_back,2,2.391355
upper_back_muscle,2,2.223893
upper_back_pain,2,1.792321
upper_body,2,3.055803
upper_chest,2,1.852974
upper_chest_area,4,1.163889
upper_cross,9,1.489542
upper_endoscopy,11,2.589967
upper_esophageal_sphincter,2,2.419583
upper_esophagus,2,1.984694
upper_gi,9,1.480383
upper_gi_endoscopy,11,2.378438
upper_part,2,2.071412
upper_sphincter,2,2.447173
upper_stomach,2,1.850491
upper_stomach_pain,4,1.412500
upper_throat,2,2.479000
upright,2,3.072154
upright_position,2,2.137967
upset,4,2.192358
upset_my_stomach,4,1.748901
upset_stomach,4,1.774550
upside_down,2,2.954543
upvote,11,1.325023
upwards,2,2.839545
ur_mouth,2,1.628986
ur_stomach,2,2.217677
ur_throat,2,2.033566
urge,10,1.345513
urge_to_burp,4,1.867836
urge_to_vomit,3,1.753381
urgency,4,0.883500
urgh,11,0.439224
urinary,9,1.132349
urination,4,1.119366
urine_sample,5,3.134423
usa,11,3.083418
usd,7,4.081052
use_100_unit,7,3.108574
use_50_unit,7,2.956785
use_75,7,2.859931
use_75_unit,7,3.121280
use_a_spoon,6,-0.056286
use_a_toothbrush,3,1.516885
use_a_wedge,2,2.825770
use_finger,3,1.559584
use_general_anesthetic,7,3.459304
use_my_finger,3,1.903504
use_straw,1,2.769752
use_to_be_able,8,2.855606
useful,11,2.520387
useful_information,10,2.097552
user_flair,11,1.778869
usf,11,2.656289
usually_a_few,2,0.713870
usually_able,2,1.727358
usually_accompany,3,1.340963
usually_only,4,1.758990
uti,1,3.596343
uvula,2,1.989885
v_ing,3,1.549457
vaginismus,9,1.972703
vagus_nerve,2,1.823221
vagus_nerve_be,2,1.212115
validate,10,3.127549
validation,10,2.956548
validity,11,1.708472
valuable,11,2.205732
value,11,2.465581
valve,2,2.581290
van,5,2.761616
vanderbilt,11,2.502299
vanilla,4,1.619087
vanish,4,1.441526
vape,1,3.037551
variability,11,1.271230
variation,2,2.425401
various_exercise,2,1.557940
various_position,2,1.720508
various_test,11,2.375911
vary_a_lot,6,0.537767
vary_between,6,0.426327
vary_from_person_to_person,11,0.668031
vascular,11,2.476204
vasovagal,9,0.928666
vast_improve,8,1.817956
vcd,6,-0.314188
vegan,1,3.231009
vegetable,1,3.633623
vegetarian,1,3.105774
vehicle,11,0.244898
vein,5,3.094543
velociraptor,3,1.783611
verbatim,11,2.445204
verify,11,2.888084
version_of_shaker,2,2.408971
versus_in_office,7,3.503800
vertebrae,2,1.561855
vertigo,4,1.426819
very_anxious,8,2.335122
very_bad,4,2.169068
very_beneficial,2,2.212791
very_careful,1,3.276165
very_comfort,11,1.748581
very_complex,8,1.538644
very_curious,10,2.779943
very_debilitate,8,1.865302
very_deep,3,1.529814
very_dehydrated,3,1.000697
very_discourage,10,1.247527
very_drunk,3,1.515180
very_dry,1,2.914716
very_effective,7,2.228659
very_embarrass,3,2.250828
very_excite,10,2.792088
very_fast,6,1.240310
very_frequent,3,1.446786
very_frequently,3,1.776059
very_gassy,4,1.353952
very_gentle,2,2.735293
very_glad,10,2.013213
very_gradually,6,1.404210
very_grateful,10,2.609840
very_gurgly,3,1.260656
very_happy,10,3.053908
very_hungry,4,1.717619
very_important,2,2.192953
very_infrequently,8,2.214673
very_intense,4,1.436366
very_interest,10,3.063366
very_little,4,1.488759
very_loud,3,2.505994
very_manage,6,1.521198
very_mild,6,1.677985
very_mindful,4,1.833840
very_minor,6,1.619525
very_narrow,5,2.434829
very_nauseate,4,1.283059
very_nauseous,4,1.954801
very_nervous,7,2.617376
very_nice,7,3.255484
very_noisy,3,1.334335
very_occasional,3,1.357905
very_occasionally,3,1.888811
very_odd,2,0.930923
very_often,4,1.765047
very_pain,4,2.078568
very_promise,10,2.059533
very_quick,6,2.164011
very_rare,6,0.484969
very_rarely,3,2.090095
very_real,9,2.110372
very_relieve,3,1.602237
very_satisfy,3,1.628643
very_scared,6,1.229579
very_scary,3,0.931589
very_self_conscious,8,1.310128
very_sensitive,7,2.320178
very_severe,8,2.169309
very_shallow,4,1.036825
very_sick,4,1.898633
very_skeptical,11,2.374859
very_skinny,8,2.371917
very_slight,6,1.512131
very_slightly,6,1.394139
very_slim,8,1.557251
very_small,3,1.890231
very_small_bite,1,3.669760
very_smooth,7,3.340468
very_soft,6,1.080571
very_sore,6,1.869488
very_subtle,3,1.337919
very_thick,2,2.258872
very_tight,2,2.259208
very_tired,6,1.986886
very_tough,11,0.240888
very_true,11,0.859261
very_typical,8,1.252269
very_uncomfortable,4,2.150680
very_unpredictable,4,0.311834
very_violent,3,1.725561
very_weak,6,1.157477
very_welcome,10,2.137550
very_young,8,3.175118
vess,11,2.760754
vfss,11,1.809727
vial,7,3.278384
vibrate,2,2.152108
vice,4,0.719958
vice_versa,9,1.636847
vicious_circle,9,0.869453
victim,8,1.662119
video_endoscopy,11,1.693985
video_from_doctor_bastian,11,2.655580
video_please,11,1.173107
video_scope,11,1.784700
videoendoscopy,7,3.459089
videoscope,11,2.227673
view,11,2.763839
villari,11,1.645233
vinegar,1,3.078784
violent,3,2.427448
violent_and_pain,3,2.421236
violent_cough,3,1.174855
violent_hiccup,4,1.746900
violent_sick,3,1.676916
viral_infection,4,0.893081
virtual_appointment,7,3.122785
virtual_consult,11,1.883638
virus,9,2.216724
vision,2,1.467698
visit,11,3.251610
visualize,2,2.460116
vital,5,3.090890
vitality,7,3.612514
vitamin,1,3.657182
vitamin_c,1,3.139020
vivid,5,1.626413
vocal,2,1.238528
vocal_chord,2,2.321471
vocal_coach,2,2.523276
vocal_cord,2,2.392635
vocal_cord_dysfunction,9,1.406907
vocalize,8,1.617055
vodka,1,3.227134
vodka_and_cranberry,1,2.970700
vodka_cran,4,1.458857
vodka_cranberry,1,3.007788
vodka_soda,4,1.581278
voice_and_swallow,11,3.004161
voice_box,2,2.414443
voice_change,6,0.845548
voice_disorder,9,1.585852
voice_doctor,11,2.977118
voice_exercise,2,2.290928
voice_issue,11,0.795122
voluntary,6,-0.108751
volvulus,9,1.554559
vom,3,2.331154
vomit,3,2.556604
vomit_a_lot,3,1.757479
vomit_air,3,2.419934
vomit_as_a_child,8,2.776593
vomit_episode,4,1.046333
vomit_phobia,8,2.510525
vomit_reflex,3,1.792393
vyvanse,1,3.691976
wachtlijst,5,1.950447
wack,6,-0.119689
wake_up,6,2.098822
wake_up_at_night,4,1.201246
wake_up_choke,4,1.598069
wake_up_cough,4,1.404474
wake_up_feel,6,2.047768
wake_up_from_anesthesia,6,2.028245
wake_up_in_recovery,6,2.152845
wake_up_in_the,6,2.105993
wake_up_nauseous,4,1.869150
wake_up_this_morning,6,1.615066
wake_up_today,6,1.670404
wake_up_with_a,6,1.939511
wake_up_with_a_bit,6,1.408140
wake_up_with_my_throat,6,1.716002
wake_up_without,4,1.192593
walk,2,2.996373
walk_around,2,3.103470
walk_in_clinic,11,3.009306
walmart,1,3.188069
want_a_referral,11,3.068988
want_detail,10,1.886445
want_to_ask,10,2.779084
want_to_cry,10,2.242939
want_to_escape,2,1.278513
want_to_hear,10,2.589901
want_to_share,10,3.138051
want_to_thank,10,2.715379
warm_blanket,5,3.088555
warm_liquid,6,0.161317
warm_water,1,3.022112
warmth,2,2.175533
warn,7,2.890789
warn_about,6,1.083629
warn_people,6,-0.159741
warrant,9,1.606799
wary,11,1.636248
wash,1,3.147404
wash_down,1,3.477138
wash_food_down,1,3.668277
wash_it_down,1,3.553015
washington_dc,11,2.232591
wasserman,11,2.413851
waste_a_lot,11,3.069028
waste_of_time,11,3.060364
waste_of_time_and_money,11,2.869542
waste_your_time,11,3.159534
watch_video,10,2.052284
watch_youtube_video,2,2.400197
water,1,3.578003
water_nearby,1,3.528310
water_on_hand,1,3.613966
water_ready,1,3.223403
wave_of_nausea,4,1.832695
wax,4,1.258286
way,2,2.528823
way_better,6,1.022619
way_less,4,1.578466
way_more,4,1.630043
way_worse,4,2.140710
we_be_able,11,1.948841
we_die,6,-0.013466
we_discuss,11,2.512694
we_tend,4,0.694500
weak_drug,1,3.633095
weak_esophagus,9,0.987635
weak_les,9,1.725436
weak_muscle,2,1.032438
weak_neck,2,0.667936
weak_voice,6,1.447924
weaken,2,2.569532
weakness,2,1.655960
wear_maternity,4,1.385622
wear_off,6,2.009011
wear_off_but,6,1.998747
wear_off_complete,6,1.784864
wear_off_eventual,6,1.273711
wear_off_gradually,6,1.410550
wear_off_slow,6,1.677669
wear_off_so,6,1.987345
wear_tight,4,1.208381
wear_tight_clothes,3,1.110849
wear_tight_clothing,4,1.206381
web,11,2.110873
webinar,11,2.886268
website,11,3.161708
wedding,4,2.118241
wedge,2,2.818133
wedge_pillow,2,2.801062
wednesday,7,3.227083
wednesday_with_doctor_bastian,11,1.462623
week_2,6,1.966792
week_3,6,1.962250
week_4,6,1.637560
week_5,6,1.563190
week_pregnant,8,2.418129
weigh_up_whether,7,1.975212
weight,4,1.775150
weight_due,6,-0.081969
weight_gain,9,1.381695
weight_lift,2,0.523668
weight_loss,4,1.089935
weight_off,1,3.227382
weight_train,6,0.082424
weird_af,6,0.014522
weird_enough,4,0.659713
weird_gurgle_noise,3,2.160861
weird_hiccup,3,2.221195
weird_noise,3,2.681301
weird_position,2,2.881465
weird_sensation,6,1.012819
weird_sound,3,2.502314
welcome,10,3.286884
welcome_home,10,1.937866
welcome_to_our,10,2.539407
well_aware,11,1.381541
well_hydrate,4,1.615445
well_inform,11,2.331528
well_worth,10,1.668146
wellbeing,11,1.894998
wendy,4,0.209072
west,11,2.631391
wet,4,1.508698
wet_burp,4,1.328769
wet_gurgle,3,1.723861
wet_sound,3,1.362287
whale,3,1.965478
what_dosage,11,1.476519
what_dose,7,2.744635
what_to_expect,10,2.866888
what_wrong,11,1.543803
wheat,1,3.139058
wheel,5,3.136445
wheel_into,7,3.189458
wheeze,6,1.177817
when_in_reality,4,1.306202
whenever_possible,2,0.660207
where_they_inject,7,3.345781
whereabouts,11,0.596576
wherever,11,2.205485
which_cause,4,1.272385
which_in_turn,2,1.452313
while_awake,7,3.309866
while_brush,2,0.820912
while_eat,1,3.469546
while_sit,2,3.002153
while_swim,4,1.657025
while_talk,3,1.851147
while_yawn,3,1.590972
whilst_awake,7,3.504301
whine,11,0.301623
whiskey,1,3.147833
whisky,1,2.994379
whisper,6,1.074139
whistle,6,-0.172841
white_in_austin,10,1.489568
who_cannot,10,2.387946
who_specialize,11,3.086966
who_treat_r_cpd,11,3.101212
who_understand,10,2.689045
whoa,10,2.215622
whole_host,9,1.436594
whole_life,8,2.814595
whole_new,10,2.319745
wholesome,10,2.223943
whoop,6,0.130208
whoosh,2,1.404120
whoosh_sound,3,2.557961
wide,2,2.948603
wide_as_possible,2,2.811238
wide_awake,7,2.955844
wide_open,2,2.635445
wide_range,11,1.105888
widely_available,11,1.297364
widespread,9,2.005436
wiggle,2,2.862259
wiki,11,2.999014
wikipedia,11,1.867541
will_admit,4,0.712801
will_continue,10,2.664591
will_cover,7,3.962196
will_def,11,1.488974
will_help,2,1.841711
will_involve_collect,11,2.052788
will_update,10,2.987527
willing_to_refer,11,3.144740
willingness,11,1.879736
wimbledon,7,3.460504
wince,4,1.185552
wind,2,1.929868
wind_eze,1,3.474295
wind_pipe,2,1.669928
wind_relief,1,3.425393
windeze,1,3.421319
windy,10,1.401374
wine,1,3.194623
winter,4,1.215074
wipe_out,6,0.145508
wire,5,3.175713
wish_you_luck,10,2.790951
wish_you_many,10,2.305036
within_second,4,1.255537
without_anaesthesia,7,3.356402
without_anesthesia,7,3.497166
without_choke,1,3.530800
without_effort,3,1.207551
without_fail,4,1.631557
without_feel_sick,4,1.954856
without_ga,7,3.524552
without_general_anesthesia,7,3.468210
without_insurance,7,4.124863
without_turn_my_head,2,1.114596
without_water,1,3.598688
withrow,11,1.585562
witness,8,2.328521
wonder_about,9,1.869578
wonder_how,10,2.781808
wonder_if_anyone_here,11,2.275973
wonder_if_it,9,2.364823
wonder_if_its,9,2.317514
wonder_if_its_worth,11,1.667861
wonder_if_maybe,9,2.035713
wonder_if_rcpd,9,2.096419
wonder_if_these,8,1.097763
wonderful,10,3.137915
wonderful_news,10,2.520945
wonderful_to_hear,11,1.367231
woo_hoo,10,1.498919
woohoo,10,2.240987
woozy,6,2.121010
word_for_word,10,1.913294
word_of_advice,10,2.065744
work_amaze,7,2.239870
work_brilliant,7,2.487832
work_long_term,7,2.245491
work_proper,2,2.639446
work_towards,2,1.525841
work_with_a_psychologist,10,1.503901
workday,4,1.364456
workout,2,2.772178
world_map,11,2.663277
world_map_of_specialist,11,1.655696
worm,6,-0.107448
worry,8,2.393041
worry_about,8,2.535316
worry_about_lose,3,0.933415
worry_that,8,2.514464
worry_too_much,10,1.964033
worse,4,2.174034
worse_than_ever,4,1.563017
worsen,4,1.621365
worsen_by,9,1.687696
worsen_symptom,8,1.651537
worsen_with_age,9,2.233767
worst,4,2.199140
worst_symptom,4,1.987642
worth_ask,11,1.467121
worth_consider,11,1.123224
worth_it,10,1.769952
would_appreciate,10,2.385484
would_cover,7,3.935442
would_go_away,4,1.735885
would_hesitate,11,1.473827
would_love_to_hear,10,3.029673
would_say,6,1.687826
wound,5,2.478325
wow,10,3.074211
wow_congratulation,10,1.552474
wow_that,10,2.706236
wrap_around,2,1.374803
wrench,3,1.261594
wretch,3,1.815012
wrist,2,2.130137
write_a_referral,11,1.775678
writhe_in_pain,4,1.434120
wrong_muscle,2,1.911006
x,10,2.995419
x2,11,1.458119
x200b_edit,10,1.989657
x_2,9,1.010332
x_ray,11,2.479636
xiphoid_process,2,1.394024
xo,10,2.173895
xr,1,2.926969
xray,11,2.508902
xxx,10,2.364143
xxxx,10,1.903217
y_o_male,8,2.266511
yah,10,1.738267
yale,11,3.089550
yale_medicine,11,2.248843
yale_medicine_condition_summary,11,2.850611
yawn,2,2.347271
yawn_a_lot,3,1.112724
yawn_cough,3,1.755006
yay,10,3.054405
yay_congratulation,11,1.928352
yay_so_happy,10,1.522414
yeah_same,6,0.085084
year_late,6,1.902391
year_or_two,8,1.832327
yearly,11,2.087833
yell,3,2.121214
yelp,3,1.871998
yes_100,6,0.758307
yes_burper,11,0.679844
yes_exactly,6,0.097300
yesterday_and_today,6,1.698088
yet_but,10,2.270291
yikes,10,1.894914
yoga,2,2.546756
yoga_pose,2,2.498624
yoga_position,2,2.556811
yoga_stretch,2,2.396296
yoghurt,1,3.735776
yogurt,1,3.726858
you_deserve,10,2.392196
you_will_regret,10,1.807502
young_adult,8,2.629550
young_age,8,3.035816
young_brother,8,2.000898
young_child,8,3.133819
young_kid,8,1.473687
young_people_age_12,4,1.064140
young_person,11,1.547893
your_ab,2,2.777817
your_abdomen,2,2.911754
your_adams_apple,2,2.954457
your_appetite,4,1.023726
your_belly,2,3.024840
your_body,2,2.033634
your_bowel,2,2.176496
your_case,9,2.432285
your_cheek,2,2.644787
your_chest,2,2.920614
your_chin,2,2.981547
your_claim,11,2.288587
your_colon,2,2.336821
your_comment,10,3.169812
your_concern,11,3.067377
your_consultation,11,2.222298
your_core,2,2.825262
your_cricopharyngeus,2,2.403706
your_daughter,10,2.804564
your_diaphragm,2,2.889569
your_diet,1,3.327664
your_digestion,9,1.150976
your_digestive_system,2,1.797374
your_doc,11,3.125573
your_ear,2,2.603088
your_esophagus,2,2.632981
your_exact,8,1.677593
your_experience,10,3.030963
your_father,11,0.970680
your_favorite,4,1.654844
your_fear,10,1.770298
your_feedback,10,2.609428
your_foot,2,2.730558
your_gag_reflex,3,1.753846
your_gf,11,1.441422
your_gi_tract,2,0.918791
your_good_bet,11,3.137359
your_gp,11,3.382283
your_gut,2,1.919154
your_head,2,3.124507
your_health,11,1.403959
your_hip,2,2.651824
your_insurance,7,3.720956
your_insurance_company,11,3.009502
your_intestine,2,2.237092
your_jaw,2,2.744369
your_knee,2,2.810868
your_left_side,2,2.951544
your_leg,2,2.824120
your_location,11,2.346954
your_lower_esophageal,2,2.324804
your_message,10,2.749892
your_mileage_may_vary,11,1.658464
your_neck,2,3.039592
your_nose,5,3.386558
your_nostril,2,1.835669
your_out_of_pocket,7,3.344639
your_palate,2,2.758258
your_pcp,11,3.049993
your_personal,11,1.304464
your_perspective,10,2.419589
your_phobia,10,1.513574
your_posture,2,2.600048
your_primary,11,3.132064
your_progress,10,3.024481
your_recovery,10,2.971940
your_shoulder_blade,2,2.885122
your_stomach,2,2.429645
your_story,10,3.151009
your_symptom,9,2.621758
your_theory,9,1.985066
your_throat,2,2.914438
your_thumb,2,2.900950
your_tongue,2,3.089759
your_trachea,2,1.638201
your_ues,2,2.713234
your_upper,2,1.479005
your_upper_esophageal,2,2.468132
your_uvula,2,1.780974
your_vocal_chord,2,1.331801
your_vocal_cord,5,2.776424
your_voice_box,2,2.425359
your_wife,10,2.138418
youth,5,1.343782
youtube_video,11,2.802270
yuck,3,1.196714
yucky,4,1.238413
zantac,1,3.673579
zebra,11,2.026120
zen,5,2.181321
zero_control_over,3,1.413622
zero_slow,6,1.546787
zinc,1,2.842450
zip,6,0.067470
zofran,1,3.840396
zombie,3,1.863801
zoom_appointment,7,3.109051
zyrtec,1,3.717701
