token,cluster,sim_to_centroid
00,7,0.587580
00am,7,0.581039
01,7,0.697201
07,7,0.577042
08,7,0.482361
10000,3,0.463143
100_and_150,4,0.775339
100_iu,4,0.935366
100_percent,4,0.719525
100_unit,1,0.675936
100_unit_in_office,1,0.683637
100_unit_of_botox,7,0.640222
100_unit_under_general,4,0.636651
100_worth,1,0.605406
100cc,1,0.687599
100k,7,0.636235
100mg,1,0.614761
100ml,7,0.597960
100u,1,0.707494
100u_under_ga,4,0.853794
100x_worse,2,0.422741
105,7,0.448544
108,4,0.926257
10_10_would_recommend,4,0.844217
10_15,1,0.687589
10_hour,7,0.417074
10_month,1,0.667808
10_month_ago,1,0.681278
10_year_ago,0,0.501208
10_year_old,0,0.427908
10x_worse,2,0.400427
11_00,4,0.916050
11_11,4,0.816310
11_year_old,3,0.521182
1200,7,0.768393
121,4,0.954713
125_unit,1,0.726411
126,4,0.814673
12_21,1,0.590765
12_hour,1,0.554350
12_month_wait_list,4,0.894036
12_year,0,0.395739
1300,7,0.690384
140,7,0.568458
14_month_ago,1,0.643052
150,7,0.752567
1500,7,0.786557
150_unit,7,0.632194
150mg,4,0.915594
15_30_minute,4,0.736242
15_month_ago,4,0.757980
15_year_old,3,0.552383
15mg,4,0.483245
160,7,0.480236
16_ounce,4,0.638143
16_week,1,0.793857
16_year,3,0.474077
17_day,4,0.631450
17_year,0,0.500009
17th,1,0.630621
185,7,0.586750
18_hour,4,0.805566
190,7,0.484559
19_year,3,0.479443
19_year_old_son,4,0.888122
19m,4,0.789327
1_000,7,0.621827
1_2_month,1,0.787682
1_30pm,4,0.715646
1_500,7,0.812778
1_5_month,1,0.684378
1_800,7,0.788497
1_day,1,0.786698
1_injection,1,0.736736
1_minute_hold,6,0.451411
1_year_ago,3,0.673200
2000,7,0.740372
200_unit,1,0.631728
2014,0,0.517999
2018,7,0.411327
2025,7,0.744224
20_mg,5,0.331219
20_year_old_male,4,0.901737
20k,7,0.770041
20s,0,0.494728
212_305,7,0.822321
21_year_old,3,0.584678
21f,3,0.592853
21st,4,0.635710
22_year,3,0.477851
22f,3,0.635733
2300,4,0.935612
23_year,3,0.467091
23f,3,0.696507
240,7,0.639849
2400,7,0.644283
24_7,2,0.765269
24_hour_test,7,0.490246
24_now,3,0.446781
24_year,3,0.441777
24_year_old,4,0.680411
24_year_old_female,4,0.915955
24f,3,0.560745
24h,1,0.792694
24h_ph,4,0.850540
250,7,0.830832
25_unit,7,0.617658
25_year,3,0.472744
25_year_old,3,0.573328
25m,4,0.834190
26_year,3,0.509854
26_year_old,3,0.751733
26th,7,0.783206
2700,7,0.829031
27f,3,0.692669
27m,4,0.705513
27th,7,0.620310
28f,4,0.890366
28th,7,0.702294
28th_of_august,4,0.864073
29_now,2,0.456120
29_year,3,0.610957
29_year_old,3,0.658813
29m,4,0.863066
2_3_hour,5,0.457116
2_3_month,1,0.737974
2_3_week,1,0.763803
2_beer,4,0.491245
2_day_post_op,1,0.760906
2_dose,7,0.673048
2_injection,1,0.603462
2_month_post_op,1,0.798118
2_round,1,0.613719
2_week_post_op,1,0.660262
2_year_ago,1,0.433896
2am,2,0.366190
300,7,0.749741
3000,7,0.763331
30_60_second,4,0.714349
30_min,1,0.399545
30_minute_before,5,0.551579
30_rep,6,0.562640
30_unit,7,0.562999
30_year,3,0.452199
30f,4,0.868469
30m,4,0.843429
30s,0,0.320968
30th,7,0.665887
31_now,4,0.651516
31st,7,0.634016
3200,7,0.808265
32_year,3,0.521061
32_year_old,3,0.572556
350,7,0.843398
3500,7,0.849483
35_year_old,4,0.640316
3600,4,0.867205
3800,7,0.727906
38_year_old,4,0.883105
3_000,7,0.668666
3_1,7,0.536511
3_4_day,1,0.812237
3_4_month,1,0.667345
3_5_month,1,0.831853
3_6_month,1,0.567752
3_beer,2,0.390016
3_bite,4,0.713254
3_injection,7,0.599369
3_month,1,0.747743
3_month_mark,1,0.762443
3_month_post_op,1,0.908010
3_set,6,0.392271
3_week_post_op,1,0.725623
3_year_ago,0,0.323232
3am,2,0.516514
3k,7,0.762365
3pm,1,0.479235
400,7,0.770115
4000,7,0.796486
40_unit,1,0.613040
40_year,0,0.436136
40_year_old,4,0.909302
40mg,5,0.354393
40s,3,0.560434
42,3,0.467758
43,7,0.442172
43_year,4,0.686754
450,7,0.868338
4500,7,0.773089
45_degree_angle,4,0.755566
48,1,0.476581
48_hour,1,0.796666
4_000,7,0.778779
4_5_hour,4,0.407544
4_5_inch,4,0.771985
4_day_post_op,4,0.667371
4_month,1,0.825299
4_month_post_botox,1,0.653298
4_month_pregnant,4,0.867716
4_week_post_op,4,0.936459
4_year_ago,1,0.401900
4k,7,0.795461
4pm,1,0.337578
50,1,0.451951
500,7,0.697917
5000,7,0.807310
5000_cad,4,0.766798
500mg,4,0.840613
50_100,7,0.679911
50_100_unit,1,0.544567
50_75,4,0.716599
50_time,1,0.541063
50_unit,1,0.650508
50_unit_in_office,1,0.627008
50_unit_injection,4,0.761112
50_unit_of_botox,7,0.706645
50_unit_with_lucy,4,0.806092
50cc,4,0.580462
50mg,1,0.603873
50ml,1,0.737427
50u,1,0.598388
50u_in_office,4,0.868490
5289,4,0.737493
52_year,4,0.914555
53_year,4,0.821853
54,1,0.297101
55,3,0.420731
550,4,0.710066
5500,4,0.771643
55_unit,4,0.816513
55_year,3,0.521264
575,4,0.942689
5_day_post_botox,1,0.655913
5_hop,4,0.830532
5_hour_away,4,0.796459
5_hour_drive,4,0.791857
5_month,1,0.848032
5_month_fifth_150,1,0.766846
5_month_late,1,0.802939
5_month_out,1,0.852351
5_month_post_op,4,0.802696
5_month_pregnant,4,0.779254
5_year_old,0,0.447387
5am,4,0.713495
5k,7,0.791117
5pm,5,0.580300
5x,4,0.684487
600,7,0.742636
63,4,0.817907
65,7,0.539800
65_unit,1,0.777659
6_day_post_botox,1,0.725430
6_month,1,0.677412
6_month_ago,1,0.566826
6_month_late,1,0.694470
6_month_mark,1,0.718048
6_month_post_botox,1,0.613658
6am,7,0.539174
6pm,1,0.363393
6th,1,0.623559
6th_grade,4,0.803443
70,1,0.398063
700,7,0.807631
70_year_old,3,0.660384
70_year_old_lifetime,3,0.369784
75,1,0.516949
750,7,0.811797
75_100,4,0.741263
75_cc,4,0.915057
75_or_100,4,0.829307
75_unit,1,0.689879
75_unit_of_botox,7,0.710792
75_unit_under_general,4,0.749253
75_unit_with_doctor_bastian,4,0.891402
75_unite,7,0.442336
75u,7,0.616962
7_45,4,0.824900
7_5_month,4,0.694752
7_day_post_op,4,0.865619
7_month_ago,1,0.588189
7_month_pregnant,2,0.319307
7_week_ago,1,0.684787
7am,7,0.538851
7th,1,0.579028
80,1,0.490159
80_100,7,0.498152
80_90,3,0.456265
80_of_patient,3,0.544880
80_success_rate,7,0.677918
80_unit,1,0.755939
80_unit_of_botox,1,0.702635
80u,1,0.689803
81,4,0.516862
816,7,0.828436
820,4,0.844560
850,7,0.810599
85_90,4,0.830778
85_unit,1,0.717036
87_unit,4,0.841345
87_unit_of_botox,4,0.605561
8_14,4,0.798624
8_5,4,0.945997
8_hour,2,0.396499
8_month_late,1,0.761792
8_month_pregnant,2,0.509690
8_pound,4,0.938558
8_year_old,2,0.400608
8k,4,0.755378
8th,7,0.664756
90,1,0.374354
900,7,0.844515
90_100,4,0.556720
90_percent,4,0.841919
90_success_rate,7,0.669719
90_unit,1,0.583595
99_9,4,0.549410
9_day_post_botox,1,0.719846
9_day_post_op,4,0.975855
9_hour,1,0.547047
9_month,1,0.708349
9_month_ago,1,0.565474
9_month_pregnant,2,0.139141
9_or_10,4,0.954189
9_year_ago,4,0.916142
9am,7,0.612975
a_acid_reducer,5,0.397473
a_adult,0,0.408135
a_airplane,6,0.418788
a_allergist,4,0.594891
a_appointment,7,0.611363
a_believer,4,0.919034
a_blender,4,0.735990
a_blessing,4,0.753255
a_breeze,1,0.568895
a_bucket,2,0.386573
a_bummer,3,0.640111
a_byproduct,5,0.476764
a_camera,6,0.409553
a_chair,6,0.623739
a_charm,1,0.660669
a_chaser,5,0.783905
a_child,2,0.494680
a_chiropractor,7,0.518971
a_coincidence,0,0.527590
a_cold,2,0.494889
a_colonoscopy,0,0.463376
a_concert,2,0.481138
a_connection,0,0.676988
a_consult,7,0.823211
a_consultation,7,0.839510
a_correlation,0,0.641706
a_croaker,3,0.785974
a_cup,5,0.844089
a_daily_basis,2,0.509444
a_demon,2,0.548060
a_diagnosis,7,0.527465
a_discount,7,0.668866
a_egd,7,0.714753
a_ekg,7,0.533512
a_emetophobe,2,0.452350
a_endoscopy,7,0.410057
a_ent,7,0.551006
a_esophagram,7,0.775856
a_exorcism,4,0.543627
a_fast_eater,5,0.565032
a_frog,2,0.592162
a_fundoplication,0,0.593853
a_gastroenterologist,7,0.640452
a_gastroscopy,7,0.600804
a_genetic_component,0,0.696471
a_gi,7,0.601761
a_giant,2,0.569428
a_gig,4,0.766776
a_gigantic,4,0.697546
a_glass,5,0.846491
a_good_sign,1,0.688752
a_gown,7,0.432935
a_gp,7,0.726657
a_gradual,1,0.725052
a_h2_blocker,4,0.402416
a_heat_pad,5,0.440834
a_hh,0,0.512459
a_hiatal,4,0.759008
a_hiatal_hernia,0,0.833643
a_hiatus,0,0.729114
a_high_dose,1,0.483616
a_hmo,7,0.843072
a_incline,5,0.567814
a_infant,0,0.593573
a_laryngologist,7,0.836233
a_laryngoscope,7,0.693197
a_learn_behavior,0,0.445091
a_letter,7,0.851712
a_lifesaver,4,0.936708
a_literal,4,0.566325
a_little_bit,6,0.541952
a_low_fodmap,5,0.654770
a_lump,6,0.364725
a_major,0,0.770137
a_marathon,1,0.467050
a_medical_bankruptcy,4,0.826838
a_mini,6,0.463713
a_minor,0,0.615750
a_misdiagnosis,0,0.808000
a_monster,2,0.582066
a_myriad,4,0.745333
a_name,3,0.722614
a_narrow,6,0.449452
a_neurologist,4,0.455223
a_nightmare,3,0.467806
a_no_burper,0,0.458201
a_noburper,0,0.577968
a_normal_person,2,0.484410
a_numb_agent,4,0.685370
a_otolaryngologist,7,0.793400
a_panic_attack,2,0.541486
a_peer_to_peer,7,0.855229
a_piece_of_cake,4,0.615219
a_possibility,0,0.388446
a_ppi,0,0.490868
a_precaution,1,0.313500
a_probiotic,5,0.503016
a_psychiatrist,7,0.460268
a_red_bull,4,0.860556
a_referral,7,0.791830
a_revelation,3,0.809874
a_row,1,0.449011
a_scope,7,0.613539
a_second_dose,1,0.579227
a_second_opinion,7,0.708051
a_second_round,1,0.649466
a_singer,1,0.346279
a_slight,6,0.606701
a_small_hiatal,0,0.704745
a_smoker,4,0.520705
a_smoothie,5,0.813955
a_soda_stream,5,0.648669
a_specialist,7,0.733750
a_spectrum,0,0.680404
a_speech_language,7,0.628269
a_speech_pathologist,7,0.583309
a_speech_therapist,7,0.637483
a_stomach_ache,2,0.642467
a_stomach_bug,2,0.654925
a_teaspoon,5,0.715307
a_tendency,6,0.491355
a_tennis,6,0.782638
a_toddler,2,0.432916
a_toilet,2,0.618663
a_ulcer,0,0.688743
a_ultrasound,7,0.418713
a_vicious,6,0.427396
a_viscous,4,0.903029
a_wedge,5,0.649971
a_wedge_pillow,5,0.466378
a_weird_quirk,3,0.608416
a_weirdo,3,0.753855
a_whisper,4,0.558216
a_x_ray,7,0.304098
aa,4,0.982506
aaah,4,0.962233
abd,4,0.963051
abdomen,6,0.708647
abdominal,6,0.668989
abdominal_area,6,0.331118
abdominal_bloat,2,0.403907
abdominal_cramp,4,0.621950
abdominal_discomfort,2,0.346782
abdominal_distension,0,0.526543
abdominal_distention,4,0.527865
abdominal_massage,4,0.534892
abdominal_muscle,6,0.921078
abdominal_pain,2,0.508911
abdominal_pain_and_nausea,4,0.901750
abdominal_pressure,0,0.414374
abdominal_x_ray,4,0.872435
abdomino_phrenic,0,0.727566
ability_to_burp,1,0.545029
ability_to_sing,4,0.834337
ability_to_swallow,4,0.906217
abit,1,0.389587
able_to_burp,1,0.388530
able_to_burp_on_command,4,0.859747
able_to_control,1,0.611065
able_to_eat,5,0.695100
able_to_release,4,0.543754
able_to_vomit,4,0.761971
abnormal,0,0.616808
abnormality,0,0.569215
about_2000,4,0.816888
about_25,1,0.640857
about_2k,4,0.703773
about_30_minute,1,0.443730
about_3500,7,0.831149
about_4k,7,0.794614
about_800,4,0.661013
about_850,7,0.803272
about_doctor_bastian,3,0.665398
about_r_cpd,7,0.691119
about_rcpd,3,0.628938
about_section,3,0.706677
about_this_condition,3,0.774847
above_average,4,0.659047
above_liquid,4,0.521127
above_my_head,6,0.651760
absent,0,0.509625
absolutely_awful,1,0.396910
absolutely_change,3,0.605876
absolutely_insane,4,0.677775
absolutely_life_change,1,0.568339
absolutely_love,3,0.690820
absolutely_miserable,2,0.755876
absolutely_terrify,1,0.289012
absolutely_worth,1,0.732515
absorb,5,0.590884
abstract,4,0.650249
abuse,0,0.594942
academic,7,0.665478
academic_research,4,0.795923
accept,7,0.574216
accident,2,0.626548
accident_burp,2,0.530728
accident_microburp,4,0.735647
accident_swallow,4,0.609953
accident_throw_up,2,0.515243
accident_vomit,2,0.623979
accompany_by,2,0.609992
accompany_by_a,2,0.538005
accomplish,3,0.382456
accumulate,6,0.596199
accumulation,6,0.151874
accuracy,7,0.598338
acetaminophen,4,0.835126
achalasia,0,0.707754
ache,6,0.527599
achieve,1,0.211462
acid,5,0.358798
acid_blocker,4,0.699901
acid_burn,6,0.453845
acid_come_up,2,0.363915
acid_damage,0,0.533081
acid_food,5,0.871714
acid_medication,5,0.333024
acid_production,4,0.539618
acid_reduce,4,0.832517
acid_reduce_medication,0,0.518217
acid_reducer,5,0.457287
acid_reflex,4,0.809647
acid_reflux,0,0.508647
acid_reflux_gerd,0,0.691198
acid_reflux_issue,0,0.830161
acid_reflux_medication,0,0.446791
acid_reflux_medicine,4,0.689176
acid_reflux_symptom,0,0.494735
acid_reflux_which,0,0.741531
acidity,5,0.594609
acknowledge,3,0.607927
acne,4,0.640742
acquire,0,0.584865
across_this,3,0.798358
across_this_subreddit,4,0.857382
act_of_vomit,4,0.779115
act_up,2,0.612605
action,6,0.746234
activate,6,0.784890
activate_charcoal,5,0.387330
activation,0,0.451151
active,6,0.309994
active_ingredient,4,0.625381
active_try,2,0.448722
actual_burp,2,0.449132
actual_diagnosis,4,0.872926
actual_medical,3,0.773914
actual_name,3,0.800430
actual_physical,4,0.664482
actual_procedure,7,0.719060
actual_relief,1,0.681118
actual_vomit,2,0.528187
actually_enjoy,5,0.520547
actually_puke,4,0.616578
actually_throw_up,2,0.714925
actually_vomit,2,0.641884
acupuncture,0,0.420479
acute,0,0.659311
adamant_about,4,0.942284
adams_apple,6,0.913574
adams_apple_area,6,0.550206
adams_apple_but,4,0.886753
adaptation,4,0.648805
add_sugar,5,0.695879
adderall,5,0.467901
additional_information,4,0.946776
address,0,0.645816
adenoid_remove,4,0.942432
adhd,0,0.895593
adhd_medication,0,0.360052
adjustment_period,1,0.701489
admission,7,0.742952
adolescence,0,0.344208
adrenaline,2,0.470441
adult_life,2,0.535472
adulthood,0,0.574950
adverse,4,0.775126
adverse_reaction,4,0.626593
advertising,4,0.936423
advice_and_support,3,0.712924
advil,5,0.546388
advocacy,4,0.855045
advocate,3,0.567142
advocate_for_yourself,7,0.632989
aerobic,4,0.640068
aerophagia,0,0.786984
aetna,7,0.836451
af,3,0.278626
afab,4,0.906511
affect,0,0.566946
affect_by,0,0.695356
affect_my,0,0.469273
affect_my_life,2,0.341939
affect_my_voice,1,0.587872
affect_your_life,3,0.765671
affect_your_voice,4,0.586051
affiliate,7,0.630904
afflict,3,0.630470
affliction,3,0.728727
afraid,2,0.521853
afraid_of_throw_up,2,0.564783
afraid_of_vomit,2,0.410406
afrin,4,0.556089
after_botox,1,0.606670
after_breakfast,2,0.570998
after_dinner,2,0.697214
after_eat,2,0.700527
after_every_bite,5,0.776793
after_every_meal,2,0.778272
after_food_poison,4,0.873303
after_meal,2,0.600348
after_surgery,1,0.756083
aftermath,1,0.533694
afterward,1,0.516998
age,0,0.552774
age_10,4,0.762786
age_27,4,0.699357
age_30,4,0.873842
age_50,3,0.510083
age_8,4,0.666410
age_9,4,0.940190
age_of_12,4,0.944675
age_of_15,4,0.883420
agency,7,0.736040
aggravate,0,0.618227
aggressive,2,0.642728
agh,4,0.874607
agonize,2,0.574157
agonize_pain,4,0.909280
agony,2,0.741350
agoraphobic,4,0.866382
agreement,7,0.812061
ah_man,4,0.941933
ah_thank,3,0.652103
ah_thanks,4,0.842416
ah_yes,4,0.567859
ahh_interest,4,0.970899
ahh_thank,4,0.955802
ahh_thanks,4,0.957998
ahhh,3,0.706122
ahhhh,4,0.767169
ahhhhh,4,0.984552
ahmed_geneid,7,0.789126
ailment,0,0.782242
air,6,0.470681
air_bubble,6,0.656589
air_bubble_rise,4,0.686016
air_buildup,6,0.473076
air_come,6,0.774843
air_come_out,2,0.659499
air_come_up,6,0.658320
air_escape,6,0.617573
air_flow,6,0.568187
air_hunger,0,0.438918
air_in_my_stomach,2,0.668724
air_intake,4,0.590080
air_move,6,0.762710
air_pocket,6,0.725017
air_pressure,6,0.591978
air_release,2,0.541395
air_rise,6,0.778297
air_stuck,6,0.719996
air_trap,2,0.572057
air_travel,6,0.666778
air_try_to_escape,2,0.469047
air_vom,2,0.562146
air_vomit,2,0.477653
air_vomit_technique,3,0.251073
airbnb,7,0.508572
aire,0,0.217137
airway,6,0.677102
airy,2,0.436144
aisle,4,0.839917
alan,4,0.715451
albany,7,0.932861
albany_ny,7,0.821378
alberta,7,0.871187
albuterol_inhaler,4,0.931928
alcohol,5,0.759033
alcohol_caffeine,4,0.716133
alcohol_coffee,4,0.837346
alcoholic_beverage,4,0.599702
alcoholic_drink,5,0.759387
ale,5,0.654125
alert,7,0.309528
alexander,4,0.964363
alexandra_hospital,7,0.910577
alignment,4,0.506623
alkaline,5,0.479352
all_connect,0,0.843269
all_four,6,0.719503
all_honesty,3,0.577893
all_make_sense,3,0.649104
all_my_life,0,0.572469
all_of_a_sudden,2,0.500362
all_three,0,0.520308
allege,4,0.900992
allergen,4,0.807866
allergic,0,0.552159
allergic_reaction,0,0.334085
allergy,0,0.618879
allergy_medication,4,0.790120
alleviate,0,0.333794
allow_acid,6,0.705597
allow_air,6,0.823343
allow_myself,2,0.518259
allow_us,3,0.341075
almond_milk,5,0.854428
almost_choke,5,0.544776
almost_constant,2,0.716530
almost_cry,3,0.577272
almost_daily,2,0.661198
almost_die,2,0.332803
almost_everyone,1,0.552479
almost_exclusive,4,0.559014
almost_feel_like,6,0.723793
almost_instant,2,0.559345
almost_like,6,0.738721
almost_nonstop,4,0.853705
almost_silent,4,0.723513
almost_the_same,3,0.569423
almost_unbearable,4,0.557891
almost_zero,4,0.712230
aloe_vera_juice,4,0.910322
alone_anymore,4,0.940548
already_know,7,0.632652
also_add,5,0.374130
also_contribute,0,0.691904
also_notice,2,0.673381
also_struggle,2,0.391289
also_suffer,0,0.818279
alternative_medicine,4,0.792960
although,1,0.399878
always_accompany,4,0.811598
always_associate,4,0.662247
always_assume,0,0.581359
always_joke,4,0.727964
always_struggle,0,0.444099
always_the_worst,4,0.668860
always_think,2,0.594410
always_wonder,0,0.530446
alzheimer,4,0.882178
amanda_hu,7,0.843511
amazement,4,0.853665
amazing,3,0.563678
amazing_community,4,0.773162
amazing_good_luck,4,0.917042
amazing_news,3,0.755273
amazing_thank,3,0.679647
amazing_to_hear,4,0.646015
amd,4,0.946453
america,7,0.868575
american,7,0.758325
american_healthcare_system,4,0.869203
amitriptyline,0,0.496694
amnesia,4,0.816096
among_friend,4,0.926807
among_those,4,0.813596
among_us,0,0.673042
amount_of_acid,4,0.655687
amount_of_air,6,0.556727
amount_of_botox,7,0.621711
amount_of_gas,6,0.369447
amount_of_pressure,4,0.767213
amount_of_relief,1,0.598023
amount_of_unit,4,0.904840
amplify,0,0.588982
amuse,4,0.840848
anaesthesia,7,0.539751
anaesthetist,7,0.726281
anal,7,0.445577
analogy,6,0.398835
analysis,7,0.587208
anatomical,0,0.512737
anatomy,6,0.516613
anecdotal_but,4,0.733992
anemia,0,0.701353
anemic,0,0.357499
anesthesia,1,0.227291
anesthesiologist,7,0.867973
anesthetic,7,0.425357
anesthetic_spray,4,0.691492
anesthetize,7,0.496292
angle,6,0.861481
angry,2,0.327962
angst,4,0.843034
anguish,4,0.938588
animal_product,4,0.941614
announce,3,0.643844
annoy,2,0.646213
annoyance,2,0.463459
annoyed,2,0.420759
anomaly,4,0.590252
anonymity,4,0.967069
anonymous,3,0.717997
anorexia,0,0.527301
anorexic,4,0.473593
another_attack,4,0.867708
another_condition,0,0.744455
another_country,7,0.738339
another_dose,1,0.686220
another_ent,7,0.844716
another_factor,4,0.854423
another_injection,1,0.544277
another_note,4,0.872172
another_nurse,4,0.783206
another_person,3,0.802373
another_round,1,0.537146
another_shot,1,0.469850
another_specialist,7,0.790483
another_thread,3,0.759885
another_update,1,0.594629
answer_1,4,0.918900
antacid,5,0.522824
antacid_medication,4,0.389955
antacid_tablet,4,0.831167
antegrade,0,0.477078
anterograde,4,0.815765
anthem,7,0.876399
anti_acid,5,0.402952
anti_acid_medication,4,0.864296
anti_anxiety_med,4,0.906197
anti_anxiety_medication,3,0.163064
anti_depressant,0,0.575554
anti_gas,5,0.539022
anti_gas_pill,4,0.791081
anti_inflammatory,4,0.587925
anti_nausea,5,0.394776
anti_nausea_medication,7,0.352251
anti_reflux,6,0.383067
antibacterial,4,0.881090
antibiotic,0,0.488028
antibody,0,0.522449
anticipate,1,0.770050
antiemetic,5,0.360659
antihistamine,5,0.577401
anxiety,0,0.487131
anxiety_about,2,0.291503
anxiety_and_depression,0,0.448298
anxiety_and_panic,4,0.848282
anxiety_and_stress,0,0.313959
anxiety_around,0,0.440273
anxiety_attack,2,0.597871
anxiety_depression,0,0.655175
anxiety_disorder,0,0.772589
anxiety_induce,2,0.513539
anxiety_level,4,0.825784
anxiety_medication,0,0.348871
anxiety_panic,4,0.778205
anxiety_panic_attack,4,0.503042
anxiety_play,4,0.880419
anxiety_response,4,0.721539
anxiety_stress,0,0.711765
anxious,2,0.524652
anxious_about,2,0.297393
anxious_await,4,0.931411
anxious_person,0,0.315461
anxiousness,4,0.758162
any_abnormality,4,0.582597
any_advise,4,0.854943
any_alcohol,2,0.603972
any_carbonate_beverage,4,0.754897
any_complication,7,0.495430
any_correlation,0,0.790146
any_exercise,1,0.171661
any_food,5,0.802853
any_information,3,0.724616
any_issue,1,0.235013
any_knowledge,4,0.649334
any_liquid,5,0.819094
any_medication,5,0.346389
any_other_suggestion,4,0.755690
any_problem,1,0.156129
any_progress,1,0.450936
any_regurgitation,1,0.597104
any_relation,4,0.931423
any_relief,1,0.342733
any_side_effect,1,0.684853
any_solution,3,0.628311
any_specialist,7,0.707119
any_test,7,0.568366
any_tip,1,0.290173
any_update,3,0.598461
any_weight,1,0.272791
anyone_experience,0,0.304871
anything_carbonate,5,0.681649
anything_different,1,0.660713
anything_similar,0,0.477561
anytime_soon,3,0.466775
apartment,4,0.519429
apd,0,0.788424
appeal,7,0.896424
appetite,5,0.528694
apple,5,0.844166
applesauce,5,0.825480
applicable,7,0.426310
apply_pressure,6,0.889118
appointment_book,7,0.681468
appointment_schedule,7,0.752697
appointment_with_doctor,7,0.840332
appointment_with_doctor_bastian,7,0.615629
appointment_with_her,7,0.772699
appointment_with_lucy,7,0.733420
appreciative,4,0.851395
approach,7,0.573628
approach_them,4,0.755672
approval,7,0.917353
approve,7,0.870365
apt,7,0.874028
arbitrary,4,0.569682
arc,4,0.738574
arch,6,0.738958
arch_my_back,6,0.549325
archive,4,0.742482
are_not_alone,3,0.795825
are_not_even,4,0.894251
are_not_just,4,0.920639
are_not_like,4,0.868057
are_not_many,3,0.800142
are_not_that,3,0.241867
are_not_uncommon,4,0.859967
area_of_expertise,4,0.928550
argh,4,0.936725
arizona,7,0.845365
arm,6,0.803006
arm_injection,4,0.773599
around_18,1,0.414038
around_250,4,0.583497
around_3_month,1,0.741051
around_4000,7,0.649325
around_5,4,0.569326
around_600,7,0.594813
around_80,1,0.572570
around_day_5,1,0.773389
around_people,2,0.576527
around_the_world,7,0.774549
arrange,7,0.839810
artery,6,0.536256
article,3,0.507706
article_about,3,0.662603
articulate,4,0.662702
artificial_sweetener,4,0.789078
asap,7,0.584811
ascend,4,0.919490
ask,7,0.400116
ask_for_a_referral,7,0.844515
ask_how_many,7,0.675464
ask_them,7,0.825016
ask_whether,7,0.799102
askreddit_thread,3,0.696988
aspect_of_my_life,3,0.727142
asphyxiation,4,0.875864
aspirate,2,0.375590
aspirate_into,4,0.877184
aspiration,0,0.578182
assertive,4,0.814945
assess,7,0.677824
asshole,3,0.563545
assistant,7,0.895021
associate,0,0.557847
associate_symptom,0,0.602061
associate_symptom_due_to_retrograde,7,0.647230
associate_with_r_cpd,4,0.797555
association_between,4,0.760747
assume_its,0,0.410542
asthma,0,0.727410
asthma_attack,4,0.577809
astonish,3,0.476298
astound,3,0.769001
astronomic,4,0.932341
asymptomatic,3,0.649526
atlanta,7,0.913437
atlas,7,0.505425
atmosphere,4,0.556631
atrocious,4,0.935776
attach,7,0.605020
attack,2,0.699444
attribute,0,0.821244
au,7,0.497917
audible,2,0.587005
audible_burp,1,0.552082
audible_sound,4,0.702632
august,7,0.573444
augustus,7,0.597714
aujourdhui_concern_le_rcpd,7,0.567980
aura,4,0.558496
austin_tx,4,0.942341
australia,7,0.905123
austria,7,0.826869
author,7,0.656764
autism,0,0.736864
autoimmune,0,0.803048
autoimmune_disease,0,0.787687
autoimmune_disorder,4,0.900951
automatic,6,0.552622
autonomic_dysfunction,4,0.872207
autonomic_nervous_system,0,0.623743
avail,4,0.860541
availability,7,0.884216
available_in_my_country,4,0.909869
avenue,7,0.711974
average_person,2,0.547048
average_weight,4,0.769220
averse,4,0.906781
avocado,5,0.822999
avoid,5,0.697998
avoid_acid,5,0.668866
avoid_alcohol,5,0.755919
avoid_any,5,0.736575
avoid_carbonate_drink,5,0.732461
avoid_carbonation,5,0.745113
avoid_carbonation_alcohol_caffeine,4,0.744526
avoid_food,5,0.763493
avoidance,0,0.485778
aw,3,0.706077
aw_thanks,4,0.962769
awake,7,0.317935
awaken,4,0.927035
aware_of_r_cpd,7,0.614691
aware_of_rcpd,4,0.880547
away_from_home,4,0.635779
awesome,3,0.666883
awesome_congratulation,3,0.698319
awesome_to_hear,3,0.774257
awful,2,0.800554
awful_symptom,2,0.453062
awh,4,0.904542
awkward,2,0.655924
aww,3,0.822983
aww_thank,4,0.945883
b,0,0.594099
b1,4,0.925689
b12,0,0.527327
b_vitamin,4,0.881710
baby_burp,1,0.499119
baby_ibuprofen,4,0.868722
baby_step,4,0.871009
back_down,6,0.748080
back_in_july,1,0.653159
back_in_march,1,0.476497
back_of_my_mouth,6,0.815344
back_of_my_throat,6,0.702430
back_of_my_tongue,6,0.794185
back_of_your_mouth,4,0.707610
back_of_your_throat,6,0.852829
back_to_normal,1,0.736438
back_with_a_vengeance,4,0.799063
background_check,4,0.700582
backward,4,0.541518
baclofen,7,0.596715
bacteria,0,0.541870
bacterial_infection,4,0.887936
bad_acid_reflux,0,0.545121
bad_breath,0,0.408065
bad_cold,4,0.514994
bad_episode,2,0.639965
bad_heartburn,4,0.810227
bad_posture,0,0.599634
bad_side_effect,1,0.476187
bad_smell,4,0.507926
bad_taste,2,0.435804
baffle,3,0.666879
baggy,4,0.587989
ball,6,0.826795
ball_roll,7,0.534238
ball_under_your_chin,6,0.688683
balloon,6,0.751749
balloon_dilation,7,0.586837
bam,4,0.731529
banana,5,0.874083
bane,4,0.940117
bangkok,7,0.725178
barely_eat,2,0.589816
barely_fart,2,0.424108
barf,2,0.785040
barium,7,0.370045
barium_study,4,0.646919
barium_swallow,7,0.503650
barium_swallow_result,4,0.957320
barium_swallow_show,0,0.467024
barium_swallow_study,7,0.794800
barium_swallow_test,7,0.657471
barium_test,7,0.669462
barley,5,0.518046
barotrauma,4,0.540518
barret,4,0.787652
barrett,0,0.854538
barrett_esophagus,0,0.855878
barrett_esophagus_which,4,0.826831
base_in_london,7,0.812209
base_of_my_neck,6,0.613592
base_of_my_throat,6,0.811052
base_on_my_own,3,0.528730
basic_understand,4,0.932797
basically_impossible,4,0.810220
basically_tell,7,0.509387
bastard,4,0.966381
bastian,7,0.852736
bastian_article,4,0.734601
bastian_himself,7,0.778016
bastian_institute,7,0.902069
bastian_paper,7,0.747625
bastian_research,4,0.697767
bastian_rw,7,0.646335
bastian_voice_institute_publish,4,0.808195
bastion,7,0.771640
bathroom,2,0.392661
bathroom_floor,4,0.658922
battery,7,0.500818
battle,3,0.348194
bbq,5,0.604735
bc,2,0.566941
bcbs,7,0.854825
be_a_breeze,1,0.626163
be_a_outlier,3,0.569844
be_a_spectrum,0,0.706932
be_a_understatement,4,0.827071
be_afraid,2,0.314153
be_at_my_wit,4,0.553562
be_aware,0,0.499328
be_born,0,0.515326
be_careful,5,0.633236
be_lactose_intolerant,5,0.556701
be_not_alone,3,0.725126
be_so_grateful,3,0.861442
be_the_worst,2,0.586655
bean,5,0.794366
beano,5,0.711983
bearable,1,0.468014
beat,6,0.639940
because_my_body,2,0.604524
because_of_r_cpd,0,0.596936
become_a_bit,1,0.582554
become_big,1,0.609008
become_debilitate,0,0.444872
become_easy,1,0.621362
become_less,1,0.463318
become_less_efficient,4,0.800372
become_less_frequent,1,0.691441
become_more_natural,4,0.889420
become_natural,4,0.832991
become_unbearable,0,0.352806
become_worse,0,0.589961
bed,6,0.443654
bed_riser,5,0.449776
bedtime,5,0.565069
beep,4,0.849305
beer,5,0.615731
beer_or_soda,4,0.649367
before_bed,5,0.817382
before_bedtime,5,0.647792
before_botox,2,0.582718
beforehand,5,0.291195
begin_to_wear_off,1,0.614723
behind_your,6,0.822510
belch,2,0.450086
belch_disorder,4,0.885979
belch_reflex,0,0.709590
belief,0,0.667410
belief_that,4,0.730848
believe,0,0.469577
belly,6,0.587846
belly_breathe,6,0.653088
belly_button,4,0.470691
belong,3,0.613541
belong_here,3,0.721069
benadryl,5,0.410623
bench_press,6,0.575041
bend,6,0.814389
bend_down,5,0.549302
bend_over,5,0.526165
bend_over_after_eat,5,0.635095
beneath,6,0.861351
benefit,3,0.331205
bensoussan_in_tampa,4,0.934819
bentyl,4,0.820191
benzo,5,0.215051
benzodiazepine,4,0.695407
bestie,4,0.978217
betaine_hcl,4,0.740441
better_afterwards,4,0.567416
better_understand,0,0.560333
between_bite,5,0.763199
between_meal,5,0.786723
between_my_shoulder,2,0.443640
beverage,5,0.854078
beyond_frustrate,4,0.843253
bf,3,0.457728
bias,3,0.651073
bicycle,4,0.923914
big_and_big,1,0.626983
big_bite,5,0.583289
big_breath,6,0.441510
big_burp,1,0.597049
big_change,4,0.747626
big_concern,1,0.695201
big_deal,2,0.335181
big_dose,4,0.874783
big_enough,1,0.405675
big_event,4,0.806963
big_factor,0,0.354490
big_fan,4,0.766781
big_fart,4,0.610012
big_fear,2,0.396134
big_gulp,5,0.690622
big_hug,4,0.933897
big_improvement,1,0.597437
big_inhale,4,0.537035
big_issue,5,0.303882
big_lump,4,0.479519
big_meal,5,0.633374
big_mistake,4,0.652436
big_mouthful,4,0.836218
big_one,1,0.552284
big_pill,4,0.484757
big_trigger,5,0.748758
big_yawn,4,0.939899
bij_mij,7,0.474794
bile,2,0.546026
bile_taste,4,0.877310
bill,7,0.786277
billion,4,0.795333
billion_time,4,0.955037
binge_drink,4,0.692893
binge_eat,4,0.790170
bio,4,0.869741
biofeedback,4,0.578736
biology,0,0.623130
biopsy,0,0.472314
birth,0,0.698766
birth_control,0,0.546228
birth_control_pill,4,0.510180
birth_defect,0,0.732089
bit_better,1,0.610595
bit_more,1,0.670481
bit_of_air,6,0.565633
bit_of_relief,1,0.662312
bit_sore,4,0.863107
bite,5,0.698159
bite_of_food,5,0.667966
black_coffee,5,0.859657
black_out,4,0.728859
bladder,0,0.506301
blade,6,0.532996
blade_back,6,0.807432
blah,4,0.898058
bland,5,0.741067
blanket,6,0.286714
bless,3,0.698451
blink,4,0.772221
bliss,1,0.593197
blissful,4,0.686191
blister,4,0.760252
bloat,2,0.528196
bloat_24_7,4,0.595654
bloat_a_lot,2,0.610638
bloat_and_constipate,4,0.728157
bloat_and_excessive_flatulence,4,0.671862
bloat_and_flatulence,0,0.312681
bloat_and_nauseate,2,0.599098
bloat_and_nauseous,2,0.590255
bloat_anymore,2,0.693461
bloat_belly,2,0.416656
bloat_constipation,0,0.413585
bloat_cramp,4,0.815185
bloat_distension,4,0.764279
bloat_etc,2,0.487556
bloat_excessive,2,0.478766
bloat_excessive_flatulence,0,0.351885
bloat_flatulence,0,0.553484
bloat_gassy,4,0.691917
bloat_go_away,1,0.687848
bloat_nausea,0,0.515277
bloat_stomach,2,0.633341
bloatedness,2,0.612881
block,6,0.771752
block_my_airway,4,0.879274
block_nose,4,0.705040
blockage,6,0.640530
blog,7,0.700457
blonde,4,0.972122
blood_flow,6,0.532343
blood_test,0,0.472526
blood_vessel,6,0.812854
blood_work,7,0.499289
bloodwork,7,0.799814
bloody,2,0.536896
blow_away,3,0.723030
blow_my_nose,2,0.427347
blow_up,6,0.593754
blow_up_full_of_air,0,0.684196
blow_your_nose,4,0.829504
blowjob,4,0.625419
blue_cross,7,0.812925
blueberry,5,0.824247
bmi_alexandra,4,0.910704
bmi_blackheath,7,0.806179
bodily,0,0.464731
bodily_function,3,0.472200
body_ache,4,0.799173
body_image,0,0.683691
body_position,6,0.576567
boer,7,0.556688
boeren,7,0.467908
bolus,6,0.568558
bolus_of_food,4,0.512156
bomb,5,0.482872
bone_broth,5,0.862148
bong,5,0.466057
bonjour_avoir_vous_recut,7,0.587089
bonjour_comment_vas_tu,7,0.600926
boob,4,0.851730
book,7,0.692803
book_with_lucy_hicklin,4,0.913876
boozy,4,0.947095
borderline,2,0.619303
borderline_underweight,4,0.880338
borrow,4,0.625906
botel,4,0.850630
both_direction,4,0.845520
both_of_these,0,0.643299
both_r_cpd,0,0.601010
bothersome,2,0.438383
botox,1,0.420360
botox_avoir_vous_recut,7,0.688793
botox_drift,1,0.262920
botox_for_dysphagia,7,0.598651
botox_in_january,1,0.555151
botox_inject,7,0.598929
botox_injection,7,0.481256
botox_itself,7,0.681072
botox_journey,3,0.755227
botox_leak,4,0.703990
botox_on_monday,1,0.547742
botox_on_wednesday,1,0.693078
botox_procedure,7,0.496821
botox_shot,7,0.557785
botox_spread,4,0.604028
botox_surgery,7,0.615236
botox_tomorrow,3,0.449822
botox_treatment,3,0.372105
botox_twice,1,0.765727
botox_under_ga,7,0.668184
botox_wear_off,1,0.685180
botox_with_doctor_bastian,1,0.535849
bottle,5,0.722982
bottle_of_fizzy,4,0.768655
bottom,6,0.775255
bottom_line,1,0.569134
botulinum_toxin,7,0.618439
botulinum_toxin_injection,7,0.720154
bouncer,4,0.787527
bound,0,0.546183
bout,2,0.650239
bowel,0,0.589243
bowel_cramp,4,0.708620
bowel_issue,0,0.581781
bowel_movement,5,0.496886
bowel_problem,4,0.573285
bowl,5,0.714205
bp,6,0.418711
brace,6,0.824883
brain_fog,0,0.678440
brand_new,3,0.723750
brass,4,0.851150
brazil,7,0.752813
bread,5,0.862610
break,6,0.435812
break_blood_vessel,4,0.896740
break_down,5,0.458890
break_my_heart,4,0.951735
break_out,6,0.344715
breakfast,5,0.825289
breast_bone,4,0.900427
breastbone,6,0.597793
breastfeed,0,0.511771
breath,6,0.711164
breath_test,0,0.570629
breathe,6,0.521010
breathe_deep,6,0.815104
breathe_difficult,0,0.359974
breathe_difficulty,4,0.945655
breathe_exercise,6,0.409916
breathe_in_deep,6,0.716530
breathe_issue,0,0.654308
breathe_out,6,0.842244
breathe_proper,2,0.424756
breathe_technique,6,0.615338
breathe_through,6,0.857651
breathe_through_my_mouth,2,0.498537
breathe_tube,1,0.277769
breathless,2,0.686950
breathy,4,0.885487
breeze,4,0.570730
brewery,4,0.841180
bridgetown,4,0.973518
brilliant_thank,4,0.962288
bring_doctor_bastian,7,0.578442
bring_myself,2,0.486752
bring_relief,3,0.231366
bring_up_liquid,4,0.773754
brisk_walk,5,0.638254
brittcurls,4,0.946934
bro,3,0.426130
broad,0,0.597638
broccoli,5,0.832794
bronchitis,1,0.333263
broth,5,0.879432
brownie,4,0.762996
browser,3,0.518029
bruise,6,0.430170
brunch,4,0.534710
brush_my_tongue,2,0.475260
brush_my_tooth,2,0.705207
brush_off,0,0.557935
brush_tooth,4,0.922424
brussels_sprout,5,0.748995
bsw,7,0.933112
btx,7,0.463610
bubble,6,0.619328
bubble_come,6,0.479482
bubble_come_up,6,0.616883
bubble_in_my_throat,2,0.720349
bubble_of_air,6,0.724718
bubble_rise,4,0.539992
bubble_tea,4,0.868057
bubbly_water,5,0.640010
bucket,4,0.726736
build_up,6,0.619457
build_up_gas,6,0.436274
build_up_of_air,2,0.508415
build_up_of_gas,2,0.655354
building_up,6,0.689028
buildup,6,0.614818
buildup_of_air,4,0.780039
bulge,4,0.753341
bullfrog,4,0.908226
bullshit,3,0.605953
bullying,4,0.919929
bupa,7,0.910927
burn,2,0.508569
burn_my_mouth,4,0.902597
burn_sensation,2,0.411561
burp,2,0.383905
burp_a_lot,1,0.522697
burp_a_ton,1,0.743364
burp_ability,1,0.653564
burp_as_a_child,2,0.308123
burp_as_a_infant,0,0.330565
burp_like_crazy,1,0.805180
burp_machine,1,0.763515
burp_on_command,2,0.314732
burp_out_of_nowhere,2,0.472559
burp_proper,1,0.418241
burp_reflex,6,0.469044
burp_uncontrollable,1,0.546142
burpee,5,0.551006
burper,3,0.503850
burper_who,4,0.800274
burpiversary,4,0.798219
burst,6,0.708162
burst_into,4,0.887976
burst_of_air,2,0.411580
bury,4,0.498891
bus,2,0.194497
but_alas,3,0.756366
but_fruitless,3,0.614352
but_my_dad,3,0.595211
but_nothing_unmanageable,4,0.869773
but_rather,0,0.670000
but_they_are,1,0.613921
butt,6,0.704834
butter,5,0.866172
button,6,0.821465
bvi,7,0.772602
bvi_use_75,4,0.815098
by_accident,2,0.472198
by_bastian,7,0.686316
by_comparison,4,0.683947
by_contract,6,0.781390
by_doctor_verma,4,0.881967
by_flex,6,0.524186
by_insurance,7,0.850302
by_lucy,7,0.735770
by_my_gp,4,0.661288
by_stick_my_finger,2,0.477436
by_surprise,1,0.403090
by_the_nhs,3,0.568126
by_themselves,1,0.503975
by_tilt,6,0.534858
by_turn,6,0.563863
by_turn_my_head,6,0.496279
bye_bye,4,0.628197
byproduct,4,0.746531
c_red,4,0.890211
c_section,3,0.536124
cabbage,5,0.818485
cable,6,0.593263
cafeteria,4,0.930405
caffeinate,5,0.702184
caffeine,5,0.864031
caffeine_alcohol,5,0.760296
cage,4,0.684756
calcium,5,0.684612
calcium_carbonate,5,0.612074
calculation,4,0.901986
calendar,4,0.708046
calf,6,0.566731
calgary,7,0.760852
california,7,0.945955
call_a_ambulance,2,0.459438
call_a_few,4,0.706303
call_back,7,0.690515
call_botox_for_dysphagia,4,0.704379
call_r_cpd,3,0.759840
call_retrograde,4,0.596316
call_their_office,7,0.813872
call_to_schedule,7,0.847161
call_your_insurance,7,0.806901
calm_down_a_bit,4,0.907153
cam,7,0.598406
camera,6,0.376481
camera_down,7,0.573758
camera_down_my_throat,7,0.463039
camera_through,6,0.428628
camera_up,6,0.433395
camera_up_my_nose,7,0.510661
can_attest,4,0.738801
can_cause,0,0.760793
can_contribute,0,0.887419
can_hear,2,0.642208
can_identify,4,0.602416
can_lead,0,0.779377
can_not_believe,3,0.668963
can_not_burp_on_command,1,0.463363
can_not_chug,5,0.535084
can_not_control,2,0.634465
can_not_escape,6,0.537410
can_not_imagine,2,0.409104
can_not_stand,2,0.652605
can_not_wait,1,0.525519
can_recall,2,0.462743
can_relate,3,0.692442
can_remember,2,0.455890
can_taste,2,0.471502
canada,7,0.833117
canadian,7,0.884989
cancel,7,0.669004
cancel_plan,4,0.723618
cancer,0,0.828354
candida,0,0.779419
candida_overgrowth,4,0.903684
candy,5,0.850766
cannot_afford,7,0.785916
cannot_believe,3,0.814417
cannot_breathe,2,0.456416
cannot_burp,0,0.583283
cannot_control,4,0.930977
cannot_swallow,4,0.631646
cannot_vomit,4,0.581776
cannot_wait,3,0.652514
cannula,7,0.389198
cantaloupe,4,0.900530
capable_of_burp,4,0.709006
capillary,4,0.824798
capsule,5,0.708354
car_ride_home,4,0.900780
car_sick,2,0.525202
car_sickness,4,0.605661
carafe,4,0.678341
carbohydrate,5,0.811665
carbohydrate_and_sugar,4,0.935421
carbohydrate_heavy,4,0.867399
carbon_dioxide,5,0.518866
carbonate,5,0.828145
carbonate_alcoholic,4,0.663801
carbonate_beverage,5,0.772166
carbonate_drink,5,0.727047
carbonate_drink_alcohol,4,0.862380
carbonate_drink_and_alcohol,4,0.851936
carbonate_seltzer,4,0.890843
carbonate_soda,5,0.561737
carbonate_water,5,0.709947
carbonation,5,0.678447
card,7,0.870193
cardiac,0,0.813359
cardiologist,7,0.565950
care_about,3,0.553245
care_doc,7,0.675908
care_doctor,7,0.681124
care_physician,7,0.611353
carroll,4,0.844837
carrot,5,0.900278
carry_away,4,0.927915
carry_out,7,0.746157
carsick,4,0.818303
cartilage,6,0.889868
cartoon,2,0.291762
cascade_stomach,0,0.482091
case_anyone,3,0.674164
case_of_r_cpd,0,0.485701
case_study,3,0.631249
case_where,3,0.672003
casein,4,0.862733
cash_pay_rate_on_their,4,0.886350
catalyst,4,0.925502
catch,2,0.660069
catch_in_my_throat,2,0.440398
catch_my,6,0.468240
catheter,7,0.447384
cattle,4,0.985233
cauliflower,5,0.787737
causality,4,0.882097
causation,0,0.705332
cause,0,0.600901
cause_a_lot,0,0.567245
cause_barrett,0,0.728397
cause_by,0,0.813458
cause_by_r_cpd,0,0.931948
cause_constipation,0,0.739835
cause_damage,0,0.623677
cause_excess,0,0.418929
cause_inflammation,4,0.547218
cause_r_cpd,0,0.864480
caustic,4,0.877395
cautious,1,0.241602
cbd,5,0.310625
cbd_oil,5,0.223823
cbg,4,0.972151
cc,7,0.632655
cc_of_botox,7,0.443631
cd,4,0.781364
ce_que,4,0.764838
celebrity,4,0.797948
celery,5,0.881581
celiac,0,0.731869
celiac_disease,0,0.821301
cell,0,0.511058
celsius,4,0.617264
censor,4,0.956877
cereal,5,0.920715
certain_food,5,0.752904
certain_point,6,0.502269
certain_position,6,0.734906
certain_thing,5,0.759069
certain_way,6,0.853427
certainly_seem,3,0.574707
cervical,6,0.454067
cervical_spine,7,0.553236
chalk_up,4,0.478607
challenge_physio,4,0.536447
chamomile,5,0.635281
champion,4,0.794830
chance,1,0.175400
chance_of_develop_a_hiatal,0,0.748792
change_in_diet,0,0.392447
change_into,7,0.487955
change_my_life,3,0.597412
change_my_quality,4,0.826645
change_position,2,0.406171
chapter,4,0.803585
characteristic,0,0.595491
charcoal,5,0.692230
charge,7,0.797779
charite_berlin,4,0.726247
chase_each,4,0.750651
chase_with_water,5,0.760068
chat,7,0.706253
cheap,7,0.701050
cheap_option,7,0.890137
cheap_than,7,0.788585
check_my_vocal,4,0.844828
check_out_the_wiki,3,0.685204
check_the_wiki,7,0.719868
check_up,7,0.774533
checkup,7,0.796601
cheer_cheer_dance,0,0.770210
cheer_cheer_dance_syndrome,0,0.759734
cheese,5,0.839532
cherry,5,0.860704
cherryhill,4,0.921362
chest,6,0.672120
chest_and_stomach,4,0.638419
chest_and_throat,6,0.483214
chest_cavity,6,0.758832
chest_discomfort,2,0.546055
chest_gurgle,2,0.654635
chest_pain,2,0.604653
chest_pressure,2,0.636480
chest_throat,2,0.508595
chest_tightness,2,0.533060
chest_x_ray,0,0.329319
chest_xray,4,0.841092
chew,5,0.818201
chew_chew,4,0.851047
chew_food,5,0.694215
chew_gum,5,0.841238
chew_them,5,0.784953
chew_very_thorough,4,0.781259
chew_well,5,0.847614
chewable,5,0.687534
chewy,4,0.669865
chiari,4,0.921309
chicken,5,0.824517
chicken_tender,4,0.904649
chief,7,0.700833
child,0,0.464862
child_hospital,7,0.745406
child_liquid,4,0.885416
child_liquid_ibuprofen,4,0.849124
child_pose,6,0.618933
childhood,0,0.674792
childhood_trauma,0,0.712371
chime,3,0.738783
chin,6,0.891804
chin_down,6,0.730965
chin_forward,4,0.903600
chin_tuck,6,0.749811
chip_my_tooth,4,0.889443
chipotle,4,0.552703
chiropractic,7,0.656194
chocolate,5,0.893864
chocolate_factory,4,0.954137
choke,2,0.315668
choke_on_food,2,0.582827
choke_on_liquid,4,0.870340
choke_on_my_own,2,0.445596
choke_on_saliva,4,0.830775
choke_sensation,2,0.321580
chore,4,0.645653
christchurch,4,0.802580
chronic,0,0.794705
chronic_acid_reflux,0,0.598491
chronic_bloat,0,0.652225
chronic_constipation,0,0.821969
chronic_cough,0,0.494906
chronic_fatigue,0,0.774465
chronic_gastritis,0,0.815644
chronic_hiccup,4,0.517770
chronic_ill,4,0.771192
chronic_illness,0,0.626419
chronic_inability,0,0.573131
chronic_nausea,0,0.707925
chronic_pain,0,0.614200
chronic_sinusitis,0,0.415724
chronic_stomach,4,0.720855
chug,5,0.725024
chug_a,5,0.669978
chug_anything,5,0.361688
chug_liquid,4,0.738385
chug_sprite,4,0.962915
chug_water,5,0.523907
chunder,4,0.831388
chunky,4,0.921484
churn,2,0.574312
chyme,6,0.574748
cider,5,0.787595
cigarette,5,0.517085
cigna,7,0.874756
cincinnati,7,0.905323
cinema,4,0.893333
cinnamon,5,0.733621
circular,6,0.638479
circular_motion,4,0.673380
circulate,6,0.620706
circulation,4,0.735475
circus,4,0.934917
citrus,5,0.846235
claim_that,0,0.714328
classic_case,4,0.872489
classic_gurgle,4,0.879446
classic_symptom,0,0.573267
classmate,3,0.480514
claustrophobic,4,0.894068
clavicle,4,0.747838
clean,5,0.608085
clean_my_tongue,4,0.887147
clear_my_throat,2,0.506965
clearance,4,0.787751
clench,6,0.890884
clench_my,6,0.762429
clench_my_ab,4,0.827672
clench_my_jaw,4,0.757913
clench_my_stomach,4,0.890436
clench_up,4,0.898538
cleveland,7,0.860071
cleveland_clinic,7,0.848791
clinic,7,0.939465
clinical,7,0.675436
clinical_trial,7,0.608933
clock,7,0.528889
clonazepam,4,0.885547
close_mouth,4,0.518793
close_my_mouth,6,0.368846
close_proper,6,0.562093
close_specialist,7,0.820299
close_your_mouth,6,0.665384
cloud,4,0.587341
club_soda,4,0.621543
clue_how,4,0.864340
clueless,3,0.754139
co,7,0.835154
co2,6,0.655248
co_insurance,4,0.753544
co_pay,7,0.804956
coat,6,0.627410
coax,6,0.655352
cobra,4,0.808756
cobra_pose,6,0.516975
cocktail,5,0.837811
coconut_oil,4,0.709472
code,7,0.850310
codeine,5,0.375540
coffee,5,0.866525
coffee_etc,4,0.903989
coffee_tea,5,0.823783
cognitive,4,0.861354
cognitive_behavior_therapy,4,0.821423
coincide,0,0.440164
coinsurance,7,0.635896
coke,5,0.813707
cola,5,0.650555
cold,5,0.543436
cold_brew,5,0.548211
cold_water,5,0.849198
cold_weather,4,0.554086
coldness,4,0.804556
colic,0,0.602343
colic_as_a_baby,4,0.584103
colic_baby,2,0.532934
colitis,0,0.554367
collaborate,4,0.927487
collapse,6,0.550761
collapse_in_excruciating_pain,4,0.866479
collar_bone,6,0.849528
collection,3,0.769621
colon,6,0.525199
colon_cleanse,4,0.930859
colon_stretch,4,0.854847
colonic,0,0.532217
colonoscopy,7,0.522876
colonoscopy_endoscopy,7,0.768372
columbia,7,0.868923
combat,5,0.377658
combien_unite_avoir_vous,4,0.783518
combination,0,0.528092
come_across,3,0.697794
come_across_this_sub,3,0.800310
come_back_normal,7,0.493412
come_back_up,5,0.491095
come_here,3,0.726554
come_home,2,0.558237
come_natural,1,0.347534
come_on_suddenly,4,0.890263
come_on_their_own,4,0.711109
come_out_involuntary,4,0.806338
come_out_my_nose,2,0.774144
come_out_of_my_mouth,2,0.586241
come_out_of_nowhere,2,0.591402
come_to_term,4,0.570247
come_true,3,0.722517
come_up_into,6,0.556148
come_up_my_throat,2,0.690451
comfort_know,4,0.811653
comfort_of_my_own,4,0.813799
comfort_to_know,3,0.750192
comfortability,4,0.896224
comic,3,0.589422
command,2,0.423426
commend,4,0.871048
comment_here,3,0.754645
comment_section,3,0.762446
commiserate,3,0.899990
common,0,0.768653
common_misdiagnose,4,0.926347
common_misdiagnosis,4,0.824482
common_symptom,0,0.818939
common_theme,4,0.630221
common_trigger,4,0.712676
community_of_people_who,4,0.771558
comorbidity,0,0.820944
companion,7,0.668904
company,7,0.747657
compare_to_before,1,0.554227
competent,7,0.803687
complain,2,0.543811
complain_about,0,0.467824
complete_agree,3,0.623049
complete_change,1,0.600570
complete_change_my_life,3,0.585011
complete_destroy,4,0.937061
complete_disappear,1,0.513220
complete_empty,4,0.787794
complete_fine,2,0.489060
complete_flat,5,0.412518
complete_go,1,0.562446
complete_go_away,1,0.513386
complete_life_change,3,0.591071
complete_lose,4,0.735425
complete_new,3,0.681456
complete_painless,4,0.902132
complete_random,1,0.483056
complete_relax,6,0.804940
complete_relief,1,0.644669
complete_understand,3,0.558765
complete_unexpected,4,0.855016
complete_unrelated,0,0.638612
complete_wear_off,1,0.751179
complication,0,0.499510
component,0,0.705399
compose,4,0.890346
comprehend,3,0.368622
comprehensive,7,0.772392
compress,6,0.846592
compressible,6,0.496605
compression,6,0.594996
compromise,0,0.548848
compulsive,4,0.926597
concave,4,0.755874
concern_about,7,0.287423
concert,2,0.549126
concise,4,0.711371
condition,0,0.750441
condition_call,0,0.861370
conduct,7,0.771505
conduct_a,7,0.747129
confirm,7,0.624570
confirm_diagnosis,7,0.811326
confirm_rcpd,4,0.642556
confront,3,0.607065
confuse,2,0.241167
confusion_about,4,0.910254
congenital,0,0.677041
congested,2,0.584670
congestion,0,0.469850
congratulation,1,0.693060
congratulation_and_good_of_luck,4,0.966592
congratulation_on_your,3,0.593687
conjunction,0,0.515449
connect,0,0.665025
connect_the_dot,3,0.579236
connect_to_r_cpd,4,0.862692
connection_between,0,0.865543
connective_tissue,0,0.602792
connective_tissue_disease,4,0.880070
connective_tissue_disorder,0,0.823209
conscious,6,0.446146
conscious_control,4,0.555892
consensus,0,0.527894
consequently,4,0.630351
conservative,7,0.623944
consider_whether,4,0.769124
consistent,1,0.489938
console,4,0.895172
constant,2,0.778949
constant_bloat,2,0.669989
constant_discomfort,2,0.598371
constant_flow,4,0.905564
constant_gurgle,2,0.778144
constant_lump,4,0.675598
constant_nausea,2,0.564977
constant_pain,2,0.496473
constant_pressure,6,0.595334
constant_swallow,2,0.561330
constipate,2,0.496900
constipation,0,0.707306
constipation_diarrhoea,4,0.753355
constipation_etc,4,0.587621
constrict,6,0.821597
constriction,4,0.682945
construction,4,0.932554
consult_with_doctor,7,0.891257
consultant,7,0.929246
consultant_who,7,0.842378
consultation,7,0.840838
consultation_appointment,7,0.807802
consultation_tomorrow,4,0.947158
consultation_with_doctor,7,0.786913
consume,5,0.804634
consume_a_lot,5,0.673422
contact,7,0.833877
contact_detail,7,0.803089
contact_lucy,4,0.892394
contact_med,7,0.497601
contagious,4,0.874064
contain,5,0.637945
content,6,0.696585
content_of_my_stomach,4,0.680009
contest,3,0.355727
continue_to_develop,1,0.712090
continue_to_practice,4,0.724513
contort,6,0.792545
contort_my_body,4,0.793066
contort_my_throat,4,0.852780
contortion,6,0.511298
contract,6,0.861768
contraction,6,0.768151
contribute,0,0.803568
contribute_to_constipation,4,0.896222
contribute_to_develop,4,0.924423
contribute_towards,0,0.772256
contributor,0,0.618187
control,1,0.277397
control_my_life,2,0.459013
control_over,1,0.431713
control_them,1,0.509382
controllable,1,0.453463
controversial_but,4,0.840082
conversation,7,0.316328
convince_my_parent,3,0.715059
cook,5,0.868206
cool_thanks,4,0.799429
coordinate,6,0.481805
coordination,0,0.369850
copay,7,0.770035
cope,0,0.314893
coping_mechanism,4,0.476205
cord,6,0.459872
core,6,0.854242
core_exercise,6,0.434677
core_muscle,4,0.846698
core_strength,4,0.883058
core_strengthen,4,0.787523
correct_muscle,6,0.615896
correct_tongue,4,0.726178
correlate,0,0.747160
correlation,0,0.766672
correlation_between,0,0.885505
correlation_between_r_cpd,4,0.832819
correlation_there,4,0.884488
cos,5,0.238249
cost,7,0.620393
cost_850,7,0.721684
cost_around,7,0.794650
cost_estimate,7,0.864410
cost_save_and_protection,3,0.436090
costly,7,0.484547
cough,2,0.540454
cough_a_lot,2,0.685100
cough_drop,5,0.466695
cough_fit,2,0.677963
cough_gag,4,0.642756
cough_hard,6,0.541123
cough_medicine,4,0.850313
cough_or_clear,4,0.655341
cough_or_sneeze,4,0.732760
cough_really_hard,2,0.598737
cough_up,2,0.554105
could_potential,0,0.633027
counseling,3,0.511303
counter_intuit,4,0.493647
counteract,6,0.606632
counterintuitive,4,0.414223
countless_doctor,3,0.595894
countless_post,3,0.730482
country,7,0.807588
cover_anything,7,0.783508
cover_by,7,0.842795
cover_by_insurance,7,0.809670
cover_by_your_insurance,7,0.788866
cover_my_mouth,6,0.439414
cover_under,7,0.806921
coverage,7,0.903221
covid_test,7,0.477691
cow_milk,4,0.840694
cp,6,0.545416
cp_muscle,6,0.543398
cpd,7,0.603749
cpd_symptom,4,0.955642
crack,6,0.880384
cramp,2,0.666164
cranberry,5,0.838886
cranberry_juice,5,0.690556
crane,6,0.645656
crank,4,0.621720
crap_insurance,7,0.688409
craving,5,0.871623
crazy,2,0.530356
crazy_flatulence,4,0.923788
crazy_how,3,0.701277
crazy_lol,4,0.687787
crazy_loud,2,0.587354
creamer,5,0.566436
creamy,5,0.847286
create_anxiety,4,0.857904
create_gas,5,0.634455
create_more,4,0.499939
create_more_stomach,4,0.720745
create_pressure,6,0.532945
create_space,4,0.890778
creation,4,0.949908
credence,4,0.872928
credible,4,0.636235
creep_back,4,0.845305
cricoid,6,0.808819
cricoid_cartilage,6,0.809430
cricoid_massage,6,0.439609
cricoid_muscle,6,0.824090
cricopharangeal,4,0.542589
cricopharyngeal,6,0.470243
cricopharyngeal_achalasia,4,0.908176
cricopharyngeal_bar,4,0.910850
cricopharyngeal_dysfunction,0,0.689838
cricopharyngeal_muscle,6,0.517814
cricopharyngeal_muscle_be,6,0.595723
cricopharyngeal_myotomy,7,0.541280
cricopharyngeous,4,0.565069
cricopharyngeus,0,0.402553
cricopharyngeus_dysfunction,0,0.611937
cricopharyngeus_muscle,6,0.512194
cricothyroid_muscle,4,0.883308
cripple,2,0.573688
cripple_pain,4,0.889461
criterion,0,0.741398
croak,2,0.700863
croak_and_gurgle,2,0.577247
croak_frog,4,0.680397
croak_gurgle,2,0.660583
croak_noise,2,0.739693
croak_sound,2,0.607427
croaker,3,0.822005
crohn,0,0.887639
crooked,4,0.528661
crossover,4,0.661855
croydon,7,0.768260
cruciferous_vegetable,5,0.720839
crud,4,0.951678
crunch,6,0.785157
crunchy,5,0.704032
crural_diaphragm,4,0.762577
crush,5,0.506051
crust,5,0.555291
cry,2,0.647142
crystal_clear,3,0.580808
cs,4,0.951398
ct_scan,0,0.375610
cubicle,2,0.376567
cucumber,5,0.768267
cue,6,0.715084
cuff,4,0.841872
curable,3,0.706941
cure_myself,3,0.362033
cure_no_burper,4,0.898691
cure_r_cpd,0,0.541942
cure_rate,7,0.541850
cure_themselves,3,0.536694
cure_yourself,3,0.765444
curious_about,3,0.590494
curious_if_anyone,3,0.498102
curious_if_anyone_else,3,0.457097
curious_if_there,0,0.588548
curious_to_hear,3,0.722774
curious_to_know,3,0.634027
curious_to_know_if_anyone,3,0.745422
curious_what,3,0.695246
curl,6,0.866178
current_deal,4,0.775772
current_suffer,3,0.526043
current_wait,7,0.824106
curry,5,0.842165
cus,2,0.514088
customer_service,3,0.474089
cut_back,5,0.815118
cut_dairy,4,0.904778
cut_down,5,0.811264
cut_in_my_mouth,4,0.717358
cut_out,5,0.813537
cut_out_carbonation,4,0.724868
cut_out_coffee,4,0.752470
cut_out_dairy,5,0.794966
cutter,4,0.856819
cvs,4,0.720958
cycle,2,0.466614
da,7,0.424564
dae,2,0.353409
daily_discomfort,4,0.752271
daily_life,0,0.534878
daily_medication,4,0.631983
daily_nausea,2,0.394932
daily_occurrence,4,0.616879
daily_stomach_ache,1,0.355866
daily_update,3,0.556194
dairy,5,0.821949
dairy_free,5,0.578292
dallas,7,0.885088
dallas_area,4,0.927447
damage,0,0.682918
damper,4,0.953990
dang,3,0.707626
danger,0,0.149572
dans_la_gorge,4,0.771316
dat_je,7,0.586689
database,4,0.686461
datum,7,0.586730
daughter,3,0.483764
day_0,1,0.631511
day_1,1,0.688612
day_10,1,0.844073
day_11,1,0.859418
day_13,1,0.844744
day_14,1,0.869164
day_2,1,0.768571
day_21,1,0.767264
day_3,1,0.758989
day_4,1,0.793758
day_5,1,0.825648
day_6,1,0.829459
day_7,1,0.795033
day_8,1,0.798279
day_9,1,0.799711
day_five,1,0.734113
day_four,1,0.755791
day_surgery_center,7,0.709821
day_three,1,0.820234
daytime,4,0.499111
db,4,0.960686
dbr,4,0.612683
dc,7,0.896031
de_friar_um_instagram,7,0.588233
de_gas,4,0.526177
de_que,4,0.432052
de_whatsapp,4,0.718022
deaden,4,0.844744
deal,0,0.353693
deal_with_this,3,0.663861
debilitate,2,0.532862
debilitate_condition,3,0.653160
debilitate_pain,2,0.103437
debunk,4,0.973575
decaf,5,0.720425
decaf_coffee,4,0.824314
december,7,0.606243
december_2021,4,0.759127
decent_burp,1,0.690430
decent_size,4,0.748324
decide_to_google,4,0.727040
decide_whether,7,0.770861
decompress,6,0.453433
decompression,4,0.921836
decongestant,5,0.506347
decrease,2,0.297317
dedication,3,0.606346
deductible,7,0.731475
deep,6,0.713693
deep_breath,6,0.652306
deep_breath_and_hold,4,0.734227
deep_breathe,6,0.724410
deep_cough,4,0.915566
deep_in_my_chest,4,0.808761
deep_inhale,4,0.545469
deep_sound,4,0.762441
defect,3,0.647914
defective,4,0.813101
deficiency,0,0.785700
define,0,0.726204
definitely_not_alone,3,0.628195
definitely_notice,1,0.424122
definitely_worsen,0,0.453493
definitive_test,4,0.907364
deflate,6,0.595544
deflatine,4,0.724630
deformity,4,0.777285
dehydrated,5,0.673821
dehydration,5,0.563987
delaware,4,0.872720
deliberate,6,0.447965
delicate,6,0.431998
delt,4,0.940016
dementia,4,0.894218
demographic,4,0.579083
demon,2,0.637345
demonic,2,0.471352
demonic_sound,4,0.700898
deny,7,0.858268
deny_coverage,7,0.870896
department,7,0.885210
department_of_otolaryngology,4,0.815523
depend_on_your_insurance,7,0.811451
depressed,2,0.575292
depression,0,0.801251
depression_anxiety,4,0.830808
derail,4,0.634859
descend,4,0.703701
design,0,0.503292
desire,3,0.386620
desperate_want,3,0.399436
despise,4,0.745063
despondent,4,0.871198
destroy_my,0,0.386220
det,7,0.449707
detail_post,3,0.585601
deteriorate,4,0.561253
determination,3,0.551787
determine,7,0.676399
determine_whether,4,0.807539
determine_whether_there,7,0.548524
detrimental,0,0.669210
detroit,7,0.794003
deutsche,4,0.826395
develop_a_hiatal,0,0.784030
develop_acid_reflux,0,0.760484
develop_emetophobia,0,0.511108
develop_gerd,0,0.714883
develop_hiatal,4,0.934273
develop_severe,0,0.534871
development,0,0.833073
development_of_a_hiatal,0,0.741213
development_of_other,4,0.790246
development_of_other_issue,4,0.719267
developmental,4,0.963243
deviate_septum,4,0.760283
devoir,4,0.618427
dexilant,0,0.293505
diabetic,4,0.659207
diagnose,0,0.725215
diagnose_and_treat,0,0.536813
diagnose_by,0,0.588784
diagnose_myself,3,0.667696
diagnose_r_cpd,7,0.652939
diagnose_rcpd,7,0.529332
diagnose_themselves,4,0.838319
diagnose_with_a_hiatal,4,0.774080
diagnose_with_gastroparesis,4,0.721212
diagnose_with_gerd,0,0.769559
diagnose_with_ibs,0,0.726314
diagnosis,0,0.670908
diagnosis_and_treatment,7,0.775479
diagnosis_of_r_cpd,7,0.566430
diagnostic,7,0.789243
diagnostic_criterion,0,0.655596
diagnostic_test,7,0.661172
diagonal,4,0.912755
diagram,6,0.687492
dial,4,0.657915
diaphragm,6,0.831660
diaphragm_breathe,6,0.502932
diaphragm_rehabilitation,4,0.906541
diaphragmatic_breathe,6,0.542534
diaphragmatic_breathe_exercise,3,0.505003
diarrhea,2,0.607497
diarrhoea,0,0.504720
dictate_my_life,4,0.953532
dicyclomine,4,0.914175
diet,5,0.656242
diet_change,5,0.545914
diet_coke,5,0.699144
diet_low_fodmap,4,0.725768
diet_soda,4,0.584103
dietary,0,0.635842
dietary_change,5,0.425388
differ_from_person_to_person,4,0.790042
different_angle,4,0.637634
different_country,7,0.766627
different_diet,4,0.577348
different_doctor,7,0.773224
different_for_everyone,1,0.746520
different_kind,6,0.346399
different_location,7,0.637747
different_part,6,0.768594
different_position,6,0.725640
different_posture,4,0.691136
different_story,3,0.289739
different_technique,3,0.273343
different_way,6,0.679684
difficult_swallow,1,0.496286
difficult_to_explain,3,0.440620
difficult_to_swallow,5,0.529142
difficulty,0,0.419858
difficulty_breathe,2,0.377076
difficulty_burp,0,0.709656
difficulty_eat,4,0.687330
difficulty_swallow,1,0.391741
difficulty_swallow_food,4,0.734746
difficulty_vomit,0,0.583908
diffuse,4,0.678879
dig_into,4,0.591478
digest,5,0.699316
digestion,0,0.493983
digestion_process,4,0.895852
digestive,0,0.701986
digestive_enzyme,5,0.714747
digestive_issue,0,0.791893
digestive_problem,0,0.913717
digestive_process,4,0.627462
digestive_symptom,4,0.780942
digestive_system,0,0.545285
digestive_tract,6,0.591259
digital,4,0.682961
dilate,6,0.534622
dilate_esophagus,0,0.634034
dilation,7,0.341410
dilemma,3,0.719986
diligent_about,4,0.916190
diminish,1,0.330560
dine,4,0.739347
dinner,5,0.683308
dinner_date,4,0.902626
dinner_party,4,0.642694
dinner_with_friend,4,0.592897
dinosaur,2,0.461820
dinosaur_noise,2,0.567345
dinosaur_sound,4,0.764045
direct_into,6,0.543217
direct_or_indirect,4,0.892565
dirty,5,0.396740
disability,0,0.657606
disagreeable,4,0.922145
disappear,1,0.504293
disappoint,1,0.637929
disappoint_and_frustrate,4,0.942156
disappointment,1,0.572429
disbelief,3,0.659568
disc,4,0.363571
discard,4,0.582689
discharge,7,0.479994
discipline,3,0.604484
discomfort,2,0.524603
disconcerting,4,0.538792
discord,3,0.657314
discourage,1,0.647886
discourage_anyone,4,0.877885
discussion,7,0.571077
disease,0,0.877798
disease_may,0,0.551252
disgust,2,0.739545
disheartened,1,0.791001
disheartening,3,0.637090
dismiss,0,0.507806
dismissive,3,0.556998
disorder,0,0.852758
disorder_eat,0,0.763731
disoriented,4,0.763912
display,6,0.251477
disregard,7,0.584402
dissolvable,4,0.620940
distal,4,0.511983
distant,4,0.775939
distend,6,0.407073
distend_esophagus,0,0.472164
distend_stomach,0,0.488805
distension,0,0.568429
distention,0,0.585270
distinct,2,0.393609
distinct_remember,4,0.890790
distract,2,0.413182
distract_by,4,0.900115
distress,0,0.600145
distribution,4,0.815186
distrust,4,0.857206
diver,4,0.932820
diverticulum,4,0.578469
dizziness,2,0.492669
dizzy,2,0.622550
dmv,4,0.902496
do_inversion,4,0.567837
do_shaker,1,0.407749
doc,7,0.731981
doc_suggest,4,0.830329
doctor,7,0.522348
doctor_adam_rubin,7,0.740457
doctor_anderson,7,0.887985
doctor_anderson_in_toronto,7,0.858143
doctor_andrew_tkaczuk,7,0.776661
doctor_anil,4,0.836077
doctor_appointment,7,0.690217
doctor_ashli_orourke,4,0.736444
doctor_bastian,7,0.693816
doctor_bastian_article,7,0.704325
doctor_bastian_paper,7,0.680350
doctor_bastian_research,7,0.690609
doctor_bastian_website,3,0.600424
doctor_bastion,7,0.848925
doctor_bielamowicz,7,0.808114
doctor_born,7,0.750513
doctor_chad,4,0.819348
doctor_craig_villari,7,0.811264
doctor_daniel,4,0.913938
doctor_debry,7,0.873636
doctor_fink,3,0.656756
doctor_friedman,4,0.797199
doctor_hicklin_in_the_uk,7,0.646464
doctor_hoesli_at_bvi,1,0.690328
doctor_holmes_in_raleigh_nc,7,0.630827
doctor_hus,4,0.834524
doctor_in_toronto,7,0.701332
doctor_james,4,0.907955
doctor_javier_oloriz,7,0.806624
doctor_jennifer,7,0.883762
doctor_jennifer_anderson,7,0.917724
doctor_jennifer_anderson_at_st,4,0.793099
doctor_jennifer_anderson_in_toronto,7,0.765052
doctor_joseph_spiegel,7,0.885855
doctor_karagama,7,0.902609
doctor_karagama_in_manchester,7,0.708165
doctor_kirk,4,0.712421
doctor_kuderer,7,0.742378
doctor_lin,7,0.873042
doctor_lindsay,4,0.861646
doctor_mchugh,7,0.880590
doctor_mi,7,0.915448
doctor_michael,7,0.871338
doctor_mortensen,7,0.693243
doctor_mortensen_welch,4,0.902764
doctor_near,7,0.756304
doctor_nearby,4,0.775725
doctor_noah_parker,7,0.765122
doctor_odell,7,0.920446
doctor_office,7,0.808488
doctor_orourke,7,0.825898
doctor_paddle,7,0.896460
doctor_pepper,5,0.660230
doctor_peter,7,0.753834
doctor_pitman_in_nyc,7,0.714010
doctor_pittman,7,0.895125
doctor_prescribe,5,0.397215
doctor_richard_mchugh,4,0.922837
doctor_robert,7,0.813513
doctor_sanjay,7,0.858289
doctor_say,0,0.331619
doctor_schiffer,7,0.794787
doctor_schindler_in_portland,4,0.890169
doctor_schulte,4,0.917117
doctor_seth_cohen,4,0.837818
doctor_seth_kaplan,4,0.928034
doctor_snelleman,7,0.853599
doctor_spiegel,7,0.843276
doctor_spiegel_in_philly,7,0.852907
doctor_stinnett,4,0.809308
doctor_suggest,7,0.597804
doctor_sunil,4,0.769830
doctor_sunil_verma,7,0.887765
doctor_t,7,0.740872
doctor_teng,3,0.630814
doctor_thomas,7,0.703530
doctor_thomas_carroll,4,0.887108
doctor_thomas_carroll_at_brigham,4,0.691374
doctor_tritter,7,0.817701
doctor_tritter_in_houston,4,0.860918
doctor_verma,7,0.822655
doctor_verma_in_irvine,4,0.930498
doctor_villari_in_bellevue_wa,4,0.946880
doctor_wang,7,0.724973
doctor_wasserman,4,0.691284
doctor_weissbrot,4,0.768950
doctor_who,7,0.574732
doctor_who_specialize,4,0.688821
doctor_worldwide,4,0.796101
doctor_yael,4,0.906270
doctor_yael_bensoussan,4,0.909999
doi_10_1177,3,0.552351
dollar,7,0.748747
dolor,4,0.929634
dosage,7,0.474260
dose,1,0.439270
dose_2,1,0.773009
double_action,4,0.665223
double_action_gaviscon_tablet,4,0.862344
doubt_myself,4,0.950208
down_into,6,0.761334
down_my_nose,4,0.495644
down_my_throat,6,0.543069
down_with_water,5,0.719387
downer_grove,7,0.768749
downright,4,0.710458
downstairs,4,0.443873
downward,6,0.874645
downward_dog,6,0.792232
downwards,6,0.912410
dozen_of_time,4,0.832265
dozen_of_us,4,0.974777
dozen_of_us_dozen,4,0.966617
dragon,2,0.246633
drain,6,0.629548
drainage,2,0.528639
dramamine,5,0.553797
drastic_improve,4,0.527380
draw_board,4,0.896942
dread,2,0.667345
dread_croak,4,0.939508
dread_gurgle,4,0.916599
dream,3,0.589880
dressing,5,0.482980
drink,5,0.714890
drink_a_bunch,5,0.593392
drink_a_few,5,0.657133
drink_a_lot,5,0.739129
drink_a_ton,5,0.770331
drink_alcohol,2,0.591222
drink_anything,5,0.733326
drink_anything_carbonate,5,0.593848
drink_beer,2,0.603868
drink_carbonate,5,0.635639
drink_carbonate_beverage,2,0.488725
drink_carbonate_drink,2,0.508000
drink_carbonation,2,0.564330
drink_coffee,5,0.710003
drink_enough,5,0.724867
drink_fizzy,5,0.661353
drink_fizzy_drink,5,0.442241
drink_fluid,5,0.520400
drink_hot,5,0.877350
drink_liquid,5,0.698959
drink_lot_of_carbonate,5,0.599756
drink_non_carbonate,4,0.637764
drink_peppermint_tea,4,0.645716
drink_soda,5,0.590753
drink_something,5,0.718406
drink_something_carbonate,2,0.598405
drink_sparkle_water,5,0.551784
drink_tea,5,0.779022
drink_too_much,2,0.689334
drink_vodka,5,0.568641
drink_water,5,0.743318
drink_wine,5,0.745601
drink_with_friend,2,0.565198
drinker,5,0.738985
drip,2,0.480686
drive_10_hour,7,0.592964
drive_home,1,0.420172
drool,2,0.727223
drop_out,2,0.540148
drown,2,0.462268
drowsy,5,0.474396
drug,5,0.338584
drum,6,0.644418
drunk,2,0.676339
dry,5,0.724012
dry_cough,2,0.459588
dry_food,5,0.770053
dry_fruit,4,0.836750
dry_heave,2,0.797495
dry_heave_into,4,0.838361
dry_mouth,0,0.492594
dry_retch,4,0.724425
dry_throat,1,0.230238
dryness,6,0.353150
du,7,0.504538
dub,4,0.928466
duck,2,0.342543
due_to_anxiety,0,0.655112
due_to_noburp,0,0.569774
due_to_rcpd,0,0.752614
due_to_trap,2,0.325533
dull,6,0.442130
dumb_question,3,0.644938
dunk,4,0.889193
dunkin,4,0.887483
duodenal,0,0.382985
duodenum,0,0.518198
during_class,4,0.857031
during_meal,5,0.757283
during_pregnancy,2,0.534919
during_school,4,0.717193
during_sleep,4,0.418861
during_this_phase,4,0.896548
dynamic,4,0.686209
dysautonomia,0,0.804967
dysbiosis,0,0.732299
dysfunction,0,0.781374
dysfunction_and_abdomino_phrenic_dyssynergia,0,0.563718
dysfunctional,6,0.531697
dysfunctional_breathe,4,0.902942
dysfunctional_muscle,4,0.795474
dysmotility,0,0.879300
dysmotility_issue,4,0.803556
dyspepsia,4,0.667634
dysphagia,0,0.669610
dysphagia_difficulty_swallow,4,0.852962
dysphasia,0,0.632025
dyspnea,4,0.760043
dyssynergia,0,0.767254
dyssynergia_and_pelvic_floor_dysfunction,4,0.625411
dystonia,0,0.568479
e_cigarette,6,0.206282
e_coli,4,0.862553
each_bite,5,0.766944
each_day,1,0.732159
each_night,2,0.475165
each_side,6,0.392352
ear,6,0.700888
ear_canal,4,0.792574
ear_fullness,4,0.614119
ear_issue,4,0.837722
ear_nose_and_throat,7,0.785803
ear_nose_throat,7,0.748132
ear_pain,2,0.306895
ear_pressure,6,0.323862
eardrum,4,0.966751
earliest_memory,4,0.644826
early_20s,0,0.458337
early_age,4,0.693333
early_august,4,0.696107
early_childhood,0,0.692119
early_day,1,0.772229
early_satiety,2,0.462811
early_stage,1,0.570413
early_teen,0,0.476034
earth_shatter,4,0.697684
ease_off,1,0.785319
eastern,7,0.837795
easy_peasy,4,0.644277
easy_to_deal,1,0.396011
easy_to_digest,5,0.579169
eat,5,0.677366
eat_a_few,5,0.762155
eat_a_little,5,0.768950
eat_a_lot,5,0.784196
eat_and_drink,5,0.578750
eat_and_stay_hydrate,1,0.606617
eat_anything,5,0.666381
eat_bread,5,0.698291
eat_breakfast,5,0.499155
eat_cereal,4,0.837680
eat_chocolate,4,0.737944
eat_dairy,5,0.483993
eat_dinner,2,0.597910
eat_disorder,0,0.734548
eat_drink,5,0.636834
eat_enough,5,0.569270
eat_fast,5,0.744791
eat_food,5,0.743744
eat_gluten,0,0.359047
eat_less,5,0.760918
eat_much,5,0.476603
eat_normal,5,0.598960
eat_or_drink,2,0.577263
eat_raw,5,0.545963
eat_slow,5,0.850884
eat_small_meal,5,0.797064
eat_small_mouthful,4,0.787511
eat_small_portion,5,0.820066
eat_solid,5,0.616307
eat_something,5,0.738240
eat_soup,5,0.783941
eat_too_fast,5,0.812119
eat_too_much,5,0.696352
eater,5,0.597062
ebb,4,0.945749
ecg,7,0.347643
ecstatic,3,0.707958
eczema,0,0.561719
ed,0,0.903705
edema,4,0.799710
edible,5,0.490959
edmonton,7,0.730022
educate,7,0.672438
educate_themselves,4,0.868233
eek,4,0.859110
een,7,0.400912
een_doorverwijzing,4,0.683382
effect,1,0.332318
effective,1,0.159901
effectiveness,1,0.492713
efficacy,7,0.529944
effortless,1,0.555449
egd,7,0.663305
egg,5,0.819121
eight_month,4,0.670852
ekg,7,0.478574
elbow,6,0.546415
electrode,6,0.523293
element,0,0.550024
elementary_school,2,0.407028
elephant,4,0.822419
elevate,6,0.536106
eleven,7,0.537097
elicit,4,0.929727
elimination,0,0.423256
elimination_diet,5,0.510108
elk,4,0.979638
eller,7,0.473548
elongate,6,0.804320
else_experience,2,0.286000
elsewhere,7,0.785359
email,7,0.831372
email_her,7,0.830049
emanate,4,0.949078
embarrass,2,0.766499
embarrass_by,2,0.721854
embarrass_especially,4,0.924622
embarrassment,2,0.652659
emergency_situation,4,0.905856
emet,2,0.486316
emetophobe,3,0.315908
emetophobe_here,4,0.555893
emetophobia,0,0.400593
emetophobia_fear,2,0.359541
emetophobia_too,2,0.500649
emg,7,0.691599
emg_guide,4,0.776952
emg_machine,7,0.642730
emg_procedure,7,0.623420
emir,0,0.410589
emit,2,0.379244
emory,7,0.917948
emotional,3,0.372559
empathy,3,0.717577
emphasis,6,0.472131
employ,3,0.192847
employer,4,0.721138
empty,6,0.536435
empty_stomach,5,0.787222
en,7,0.407897
enable,6,0.593820
enamel,4,0.838768
end_of_january,7,0.660416
end_of_july,7,0.751147
end_of_october,7,0.709606
end_up_be_able,4,0.877944
end_up_choke,2,0.427089
end_up_dry_heave,4,0.664406
end_up_gag,2,0.494126
end_up_in_the_er,4,0.486640
end_up_pay,7,0.733986
end_up_puke,2,0.568227
end_up_vomit,2,0.657483
endless_cycle,4,0.901955
endoflip,0,0.405092
endometriosis,0,0.783261
endoscope,7,0.658847
endoscopy,7,0.513246
endoscopy_and_colonoscopy,0,0.503008
endoscopy_colonoscopy,7,0.656981
endoscopy_show,0,0.641433
energy_drink,5,0.754243
engage,6,0.835190
engage_your_core,4,0.792706
engine,4,0.919613
england,7,0.911087
enjoy,5,0.491095
enlarge,6,0.553042
enlarge_cp_muscle,4,0.705937
enlarge_stomach,4,0.948480
enough_air,6,0.648139
enough_pressure,6,0.764590
enough_to_allow,4,0.685215
ent,7,0.668623
ent_center,4,0.701657
ent_clinic,7,0.828888
ent_consultant,7,0.851463
ent_department,7,0.902364
ent_doc,7,0.799710
ent_doctor,7,0.752455
ent_ear,7,0.721647
ent_in_saskatoon,4,0.890033
ent_in_toronto,4,0.809048
ent_referral,7,0.741077
ent_specialist,7,0.780893
ent_surgeon,7,0.916342
ent_who,7,0.715619
enter,6,0.774755
entertain,3,0.641000
entire_body,4,0.853711
entire_community,4,0.801492
entire_life,0,0.509593
entire_process,7,0.696649
entirely_different,1,0.411272
enzyme,5,0.677706
eoe,0,0.770445
eosinophilic_esophagitis,0,0.582739
epigastric,6,0.383328
epiglottis,6,0.764452
epilepsy,4,0.939152
episode,2,0.616216
equalize,6,0.441437
equate,4,0.644528
equipment,7,0.693488
erection,4,0.957507
erg,7,0.302306
erosion,4,0.888797
erratic,4,0.914868
erupt,4,0.525946
es,7,0.376119
escape,6,0.665854
esomeprazole,5,0.458228
esophageal,0,0.673891
esophageal_cancer,0,0.872575
esophageal_dysmotility,7,0.572036
esophageal_issue,0,0.636443
esophageal_manometry,7,0.653079
esophageal_motility_test,7,0.751467
esophageal_muscle,6,0.494201
esophageal_sphincter,6,0.713604
esophageal_web,4,0.760187
esophagitis,0,0.760743
esophagoscopy,7,0.783600
esophagram,7,0.657059
esophagus,6,0.578545
esophagus_manometry,4,0.942922
esophogram,7,0.679359
especially_after,2,0.591373
especially_after_eat,2,0.613861
especially_after_meal,4,0.666608
especially_at_night,2,0.662883
especially_bad,2,0.573072
esque,4,0.704176
essayer,4,0.888454
establish,0,0.557945
estimate_cost,7,0.759217
et,7,0.447497
et_al,7,0.850162
et_combien,7,0.479852
et_effect_secondary_acre,7,0.658243
eternal,4,0.948439
eternal_grateful,4,0.832224
euphoric,4,0.727163
euro,7,0.789986
europe,7,0.870292
eustachian_tube,0,0.658977
evacuate,4,0.597449
evaluate,7,0.713057
evaluation,7,0.790788
even_as_a_baby,2,0.399669
even_more,2,0.441858
even_worse,2,0.589321
evening_meal,1,0.437639
event,2,0.531048
eventual_go_away,1,0.744154
eventual_your_body,4,0.901522
ever_be_able,2,0.383417
ever_experience,2,0.601406
ever_heard,3,0.595384
ever_make,1,0.547995
ever_since,2,0.478648
every_2_minute,4,0.843739
every_aspect,3,0.635322
every_bite,5,0.719524
every_doctor,7,0.573661
every_evening,2,0.455999
every_few_minute,2,0.729838
every_few_second,2,0.798314
every_hour,2,0.544235
every_night,2,0.645726
every_now,2,0.665700
every_opportunity,4,0.832466
every_single_day,2,0.660667
every_single_person,4,0.897717
every_single_time,2,0.703755
every_symptom,0,0.642327
every_test,7,0.492176
everybody,3,0.678576
everyday,2,0.614477
everyone_around,2,0.567280
everyone_else,3,0.477934
everyone_here,3,0.841473
everyone_on_this_sub,4,0.866936
everything,1,0.005890
everything_go_well,1,0.704915
everything_include,7,0.633708
everything_make_sense,4,0.695209
everything_worse,2,0.182785
evidence,0,0.561631
evidence_that,0,0.788837
ew,2,0.564200
exacerbate,0,0.813732
exacerbate_by,0,0.842646
exacerbate_my,0,0.466654
exact_thing,3,0.498052
exactly_sure,4,0.678271
examination,7,0.739279
exasperate,0,0.678005
exceed,3,0.619767
excellent,7,0.722154
except,2,0.468718
excess_air,6,0.597040
excess_flatulence,0,0.360582
excess_gas,0,0.543434
excess_pressure,4,0.788019
excess_saliva,2,0.583564
excess_wind,2,0.512984
excessive,2,0.658803
excessive_air_swallow,4,0.649662
excessive_amount,6,0.420692
excessive_bloat,2,0.539150
excessive_burp,1,0.683053
excessive_fart,2,0.680189
excessive_flatulence,0,0.571624
excessive_gas,0,0.555223
excessive_saliva,2,0.612881
excessive_salivate,4,0.917927
excessive_salivation,2,0.695389
excessive_wind,4,0.651366
excite,1,0.606871
excite_about,3,0.614492
exclude_other,4,0.830984
exclusion,0,0.566473
excruciating,2,0.681774
excruciating_pain,2,0.570349
exercise,6,0.328287
exercise_on_youtube,4,0.773104
exercise_search,4,0.904269
exert,6,0.674784
exert_myself,4,0.634129
exhale,6,0.882313
exhaust,2,0.559620
exhaustion,2,0.427824
existence,0,0.690593
exit_through,4,0.893368
exorcise,4,0.819254
exorcism,4,0.664015
exorcist,4,0.453073
expand,6,0.846792
expansion,6,0.671242
expect,1,0.599846
expect_to_pay,7,0.757052
expel,6,0.549484
expel_air,6,0.503136
expel_gas,2,0.435825
expense,7,0.813950
expensive,7,0.622615
experience_a_lot,2,0.536967
experience_so_far,3,0.661756
experience_something_similar,3,0.520146
experiment_evidence,0,0.479928
experiment_prove,4,0.903438
experiment_result,4,0.668964
experiment_with_different,6,0.501663
experiment_with_posture,6,0.448216
expert,7,0.799861
explain,3,0.255599
explain_a_lot,3,0.524452
explanation_for_and_relief,3,0.646508
explicit,7,0.778116
explore,7,0.669232
explosion,6,0.391695
explosive,2,0.770748
expose,0,0.419213
exposure_therapy,2,0.399370
express_how,3,0.597551
expulsion,6,0.484968
extend_my_neck,6,0.404633
extend_period_of_time,2,0.557737
extensive_test_many,7,0.735060
external,7,0.489990
external_injection,7,0.763017
external_through,4,0.799959
extra_air,6,0.430808
extra_bloat,4,0.530491
extra_gas,0,0.505039
extra_pressure,6,0.555961
extra_saliva,4,0.575517
extra_sensitive,4,0.944057
extra_strength,5,0.536220
extra_test,7,0.692239
extract,7,0.668775
extreme_annoy,4,0.843772
extreme_bloat,2,0.743275
extreme_easy,1,0.472422
extreme_emetophobia,2,0.383488
extreme_flatulence,4,0.628257
extreme_happy,3,0.658095
extreme_hard,2,0.683502
extreme_helpful,3,0.849473
extreme_loud,2,0.774480
extreme_low,7,0.393799
extreme_nauseous,2,0.685979
extreme_pain,2,0.840666
extreme_pain_hiccup,4,0.601835
extreme_pressure,4,0.654715
extreme_sore,4,0.840227
extreme_uncomfortable,2,0.804766
extreme_unpleasant,4,0.793986
extreme_violent,4,0.761248
extremity,4,0.900326
eye_open,3,0.842156
fab,3,0.811802
face_down,6,0.651483
face_forward,6,0.477696
facebook,3,0.707199
facebook_page,3,0.743422
facial_muscle,4,0.833824
facilitate,6,0.606013
facility,7,0.854148
facility_fee,7,0.737178
factor,0,0.640643
factory,4,0.572170
fade,1,0.844636
fade_away,1,0.799953
fade_quick,4,0.921791
fail_to_relax,4,0.645727
failure,7,0.531042
failure_to_thrive,4,0.916084
faint,2,0.523956
fair_enough,3,0.785740
fair_point,4,0.965794
fairlife,4,0.936872
fairly_common,0,0.666766
fairly_new,3,0.727812
fairly_sure,4,0.904287
fairly_well,1,0.642979
fairy,4,0.935669
fake,2,0.593971
fake_burp,2,0.405522
fall_asleep,2,0.584430
falsetto,4,0.669534
familiar_with_doctor_bastian,4,0.763404
familiar_with_r_cpd,7,0.750735
familiar_with_rcpd,7,0.794029
familiar_with_this_condition,4,0.681620
family_doctor,7,0.786347
family_history,7,0.568925
family_history_and_saliva_sample,7,0.694780
family_member_who,0,0.684875
famotidine,5,0.481168
fantastic,1,0.539395
fantastic_news,4,0.739532
faq,7,0.700719
faq_document,3,0.792659
faq_video,7,0.557113
far_as_possible,6,0.490196
far_less,2,0.267076
fart,2,0.574542
fart_a_lot,2,0.756485
fart_a_ton,4,0.841600
fart_lol,2,0.547313
fart_more_than,2,0.551193
fart_so_much,2,0.519319
farty,2,0.606107
fascia,4,0.664012
fashion,0,0.379339
fast_food,5,0.914781
fast_rep_shaker,4,0.787150
fasten,4,0.557119
fat,5,0.578509
fatigue,0,0.440589
fatigue_brain,4,0.914663
fatty,5,0.814054
fatty_food,5,0.866530
faucet,4,0.818325
fault,0,0.543718
fear,2,0.416201
fear_of_puke,2,0.502707
fear_of_throw_up,2,0.467192
fear_of_vomit,0,0.507639
fear_vomit,0,0.391935
feat,4,0.980710
feature,3,0.561605
federal,4,0.815720
fee,7,0.816730
feed_off,4,0.836063
feel_a_bit,1,0.468155
feel_a_little,1,0.407639
feel_amazing,1,0.653733
feel_anxious,2,0.537273
feel_ashamed,4,0.823640
feel_awful,2,0.687873
feel_better,2,0.509008
feel_bloat,2,0.843556
feel_crappy,4,0.646287
feel_dumb,4,0.917576
feel_fine,1,0.523673
feel_full,2,0.645165
feel_horrible,2,0.774204
feel_hungry,2,0.719482
feel_like_a_balloon,2,0.438448
feel_like_a_lump,1,0.367243
feel_like_crap,2,0.398412
feel_like_garbage,4,0.757010
feel_like_my_body,2,0.633491
feel_like_shit,2,0.488062
feel_miserable,2,0.497017
feel_nauseate,2,0.677486
feel_nauseous,2,0.820516
feel_of_a_lump,1,0.309188
feel_of_fullness,2,0.506715
feel_ok,1,0.450830
feel_okay,1,0.541855
feel_optimistic,4,0.643710
feel_overly,4,0.672165
feel_pretty,1,0.637483
feel_queasy,4,0.692035
feel_sick,2,0.789980
feel_stuck,6,0.581300
feel_terrible,2,0.813647
feel_the_exact,3,0.501970
feel_tight,6,0.617553
feel_tired,2,0.562603
feel_uncomfortable,2,0.737869
feel_unwell,2,0.495450
feel_validate,3,0.825234
feel_weak,1,0.416225
feel_weird,2,0.400065
feel_worse,2,0.489909
fees,7,0.860767
fellow_frog,4,0.968620
female,0,0.536066
feminine,4,0.831504
fennel,5,0.717191
fentanyl,4,0.618957
ferment,5,0.684575
fermentable,4,0.684547
fermentation,5,0.649356
ferrous_fumigate,4,0.770393
fetal_position,2,0.529245
fever,2,0.296203
few_people,3,0.636835
few_second,4,0.859920
few_time,2,0.708637
fiber,5,0.775800
fibre,5,0.784798
fibromyalgia,0,0.890015
fibrous,6,0.311441
field,7,0.634067
fifteenth,1,0.617692
fight_against,2,0.506351
fight_or_flight_response,4,0.913518
figure_id_share,3,0.845313
figure_out_how,1,0.314834
figure_out_why,0,0.209026
file,7,0.904168
fill_up_with_air,2,0.510598
fill_with_air,2,0.544052
fill_with_gas,2,0.367044
final_update,4,0.956182
finally_decide,3,0.698471
finally_get,3,0.527204
finally_realize,3,0.492283
financial,7,0.701048
find_a_couple,4,0.839161
find_a_hiatal,4,0.871610
find_myself,2,0.805239
find_on_youtube,4,0.779774
find_relief,3,0.574849
find_some_relief,3,0.610532
find_somewhere,4,0.597936
find_this_community,3,0.843631
find_this_forum,3,0.769769
find_this_page,3,0.769039
find_this_thread,3,0.784861
find_you_guy,3,0.796944
find_yourself,2,0.230671
finger_cross,1,0.642281
finger_cross_for_us,4,0.910561
finger_cross_it,1,0.645076
finger_down_my_throat,2,0.368923
finger_down_throat,6,0.394675
finger_in_my_throat,4,0.868533
finger_in_your_throat,4,0.896185
finger_method,4,0.715650
finger_x,1,0.773571
finish_meal,4,0.857996
firm,6,0.822048
firm_believe,4,0.731915
first_appointment,7,0.782684
first_appointment_with_doctor_spiegel,4,0.857098
first_consultation,7,0.842167
first_day,1,0.747850
first_dose,1,0.707782
first_grade,4,0.733226
first_injection,1,0.663972
first_instance,4,0.820555
first_micro,1,0.870006
first_month,1,0.847454
first_one,1,0.698017
first_person,7,0.713045
first_round,1,0.700451
first_shot,1,0.710827
first_sign,4,0.821147
first_time_around,1,0.737696
first_time_poster,3,0.682876
first_time_round,4,0.780049
first_trimester,4,0.513670
first_visit,7,0.870941
first_week,1,0.808587
fish_oil,4,0.442727
fish_oil_supplement,4,0.831487
fissure,4,0.930242
fit_better,4,0.859689
five,1,0.404082
five_day,1,0.767151
five_time,2,0.515343
five_year,3,0.487170
fix_r_cpd,4,0.769221
fix_the_root,4,0.485438
fizz,5,0.737673
fizzy,5,0.805035
fizzy_drink,5,0.635660
fizzy_water,5,0.508081
fl,7,0.818829
flaccid,4,0.537500
flair,3,0.561240
flair_up,2,0.490626
flap,6,0.834880
flare,0,0.571995
flare_up,2,0.571144
flat,5,0.604604
flat_belly,4,0.810983
flat_tummy,4,0.879708
flat_water,4,0.831285
flatten,5,0.575210
flatulence,2,0.548995
flatulence_decrease,4,0.946907
flatus,4,0.943270
flex,6,0.909084
flex_my,6,0.936371
flex_my_ab,6,0.554802
flex_my_stomach,6,0.554388
flex_your,6,0.893905
flexible,7,0.590450
float,6,0.593296
flonase,5,0.330146
flood,4,0.573750
floppy,6,0.615594
florida,7,0.836273
flower,4,0.586432
flu,2,0.465272
fluctuation,4,0.827705
fluid,5,0.613708
fluoroscopy,7,0.649191
flush,5,0.611683
flutter,2,0.526541
fly_back_home,1,0.497483
fly_to_chicago,7,0.841657
foam,6,0.685055
foamy,2,0.508489
focus_on_breathe,4,0.570364
focus_on_stay_hydrate,4,0.825976
fodmap,5,0.633130
fodmap_diet,0,0.464761
fog,2,0.156907
folate,4,0.490560
fold,6,0.824910
folk_on_here,4,0.887273
folk_who,3,0.692998
follower,4,0.825588
food,5,0.697128
food_allergy,0,0.741086
food_and_drink,5,0.753195
food_and_liquid,6,0.504044
food_diary,3,0.232619
food_down,5,0.611435
food_elimination,5,0.543919
food_get_stuck,6,0.416369
food_go_down,5,0.596280
food_hang,4,0.676080
food_in_my_mouth,4,0.531019
food_intake,5,0.588692
food_intolerance,0,0.756033
food_liquid,5,0.530947
food_or_liquid,6,0.482690
food_poison,2,0.550296
food_stuck,6,0.455171
fool,3,0.509301
footage,7,0.518987
force,6,0.623344
force_air,6,0.742440
force_behind,4,0.828574
force_myself,2,0.781521
force_myself_to_gag,2,0.504999
force_on_colon_wall,6,0.506691
force_out,6,0.530010
force_them,6,0.417557
force_them_out,6,0.476211
force_yourself,2,0.390249
forcefulness,4,0.910807
forehead,6,0.503848
forever_grateful,3,0.835625
formation,4,0.718047
former_noburper,3,0.710585
forum,3,0.708898
forward,6,0.844182
forward_a_bit,6,0.769883
forward_head,4,0.873525
forward_head_posture,0,0.480343
foundation,7,0.854469
four_day,1,0.846395
four_week,1,0.704140
fourth_grade,4,0.895310
fourth_try,1,0.727204
frail,4,0.904693
france,7,0.892601
frantic,4,0.585922
freak_love,4,0.958007
freak_out,2,0.506091
freak_out_by,3,0.415583
frequent,2,0.640202
frequent_diarrhea,4,0.891956
frequent_urination,4,0.818507
frequently,2,0.653465
friday,1,0.651384
friend_house,5,0.422864
friendly,7,0.743384
frig,3,0.634079
frighten,2,0.415004
froedert,4,0.788832
frog,2,0.600016
frog_croak,2,0.727443
frog_croak_noise,4,0.841089
frog_noise,2,0.734775
frog_noise_in_my_throat,4,0.895872
frog_sound,2,0.742031
frog_throat,4,0.827873
front,6,0.736321
front_face,1,0.670265
front_of_my_neck,6,0.542155
front_of_your_neck,4,0.618345
frothy,6,0.494532
fructose,5,0.699497
fruit,5,0.879534
fruit_and_vegetable,5,0.810586
fruit_juice,5,0.851440
fruity,5,0.656492
fry,5,0.884741
fry_food,5,0.832344
fuck,2,0.549878
fuck_my_life,4,0.866450
fuck_suck,4,0.727158
fulfil,4,0.853578
full_anesthesia,7,0.727171
full_breath,2,0.313160
full_cover,7,0.836264
full_deep_breath,6,0.271422
full_extent,4,0.900364
full_fledge,4,0.778542
full_go_away,4,0.844828
full_of_air,2,0.562922
full_of_gas,2,0.560264
full_price,4,0.928910
full_recover,1,0.685460
full_relief,1,0.547020
full_spectrum,4,0.915036
full_stomach,5,0.608689
full_term,4,0.625217
full_wear_off,1,0.653197
fullness,2,0.608269
fun,2,0.516135
fun_fact,0,0.467453
function_correct,4,0.547618
functional,0,0.581217
functional_dyspepsia,4,0.746650
functional_medicine_doctor,3,0.450752
fund,7,0.818341
fundamental,3,0.808390
funding,7,0.846141
fundoplication,0,0.661867
funny,2,0.501031
funny_noise,4,0.733114
furniture,6,0.587750
fusion,4,0.826380
fuzzy,2,0.407492
ga,7,0.611588
ga_procedure,7,0.693933
gad,4,0.625403
gag,2,0.527635
gag_a_lot,2,0.555369
gag_and_dry_heave,2,0.731757
gag_fit,4,0.736343
gag_method,4,0.548435
gag_myself,2,0.620942
gag_reflex,2,0.506022
gag_reflux,2,0.468312
gag_sensation,2,0.514355
gag_trick,4,0.546076
gag_yourself,6,0.449567
gain_weight,5,0.448108
gall_bladder,7,0.524521
gallbladder_issue,4,0.822539
gallbladder_remove,4,0.929473
gargle,2,0.750621
gargle_sound,4,0.541577
gargouillement,4,0.711946
garlic,5,0.839542
garlic_onion,5,0.790573
gas,2,0.375905
gas_bubble,6,0.748985
gas_build_up,2,0.637282
gas_buildup,2,0.510287
gas_cramp,2,0.495838
gas_escape,6,0.657535
gas_in_colon,6,0.456673
gas_in_my_stomach,2,0.542539
gas_induce,4,0.633422
gas_inside,6,0.497539
gas_move,6,0.748972
gas_pain,2,0.710520
gas_pass,6,0.399398
gas_pressure,0,0.627346
gas_produce,5,0.756696
gas_production,0,0.386146
gas_release,2,0.462282
gas_rise,6,0.738580
gas_stuck,4,0.789151
gas_trap,2,0.512401
gas_trap_inside,0,0.408457
gas_x,5,0.562725
gaseous,4,0.533459
gaseous_distension,4,0.880060
gaslight,0,0.522458
gaslight_by,4,0.584300
gasp,2,0.763527
gasp_for_air,2,0.485176
gassy,2,0.663716
gassy_food,5,0.789034
gastric,0,0.721370
gastric_burp,4,0.613903
gastric_empty_study,7,0.627780
gastric_empty_test,7,0.599852
gastric_sleeve_surgery,4,0.767713
gastritis,0,0.835797
gastro,7,0.517178
gastro_doctor,7,0.600893
gastro_issue,0,0.883173
gastro_specialist,7,0.499310
gastro_symptom,4,0.773440
gastro_who,4,0.805501
gastroenterologist,7,0.570023
gastroenterologist_who,7,0.532601
gastroenterology,7,0.856537
gastroesophageal,4,0.496766
gastroesophageal_reflux,4,0.594236
gastroesophageal_reflux_disease,4,0.929677
gastrointestinal,0,0.790707
gastrointestinal_issue,0,0.853450
gastrointestinal_system,4,0.801896
gastroparesis,0,0.922037
gastroptosis,4,0.878269
gastroscopy,7,0.607678
gasx,5,0.569965
gatorade,5,0.870118
gaviscon,5,0.662192
geez,4,0.777279
gel,5,0.823120
gen,4,0.723299
gender,3,0.548062
general_anaesthesia,7,0.626069
general_anesthesia,7,0.605050
general_anesthetic,7,0.649179
general_anxiety,0,0.639317
general_combien_unite_de,7,0.595673
general_discomfort,2,0.547499
general_physician,4,0.903317
general_population,0,0.705001
general_practitioner,7,0.753181
general_public,4,0.848430
generalize_anxiety_disorder,4,0.849518
generate,6,0.729360
generic,5,0.564179
generous,7,0.634453
genet,7,0.565288
genetic,0,0.728491
genetic_analysis,7,0.638065
genetic_factor,0,0.570967
genetic_test,4,0.910805
genetic_thing,3,0.718017
genetics,0,0.761551
gentle,6,0.844917
gentle_press,4,0.888007
gentle_rub,4,0.875208
gentleman,4,0.922585
genuine,3,0.551067
genuine_believe,4,0.696233
george_washington_university_hospital,4,0.744833
gerd,0,0.786839
gerd_acid_reflux,0,0.791259
gerd_and_ibs,4,0.688861
gerd_and_r_cpd,4,0.900596
gerd_lpr,0,0.819503
gerd_symptom,0,0.777073
germany,7,0.894961
get_100_unit,1,0.692336
get_a_cold,2,0.588431
get_a_referral,7,0.819833
get_a_wedge,5,0.586215
get_catch,6,0.530073
get_diagnose,0,0.586138
get_discourage,3,0.595610
get_drunk,2,0.487538
get_mine,7,0.608911
get_nauseous,2,0.799185
get_old,0,0.554128
get_pregnant,3,0.306982
get_refer,7,0.793992
get_rid,2,0.461879
get_sick,2,0.680340
get_stomach_ache,2,0.727254
get_stuck,6,0.595248
get_tired,5,0.390234
get_trap,6,0.661554
get_up_and_microwave,4,0.738974
get_use,1,0.441549
get_worse,2,0.356012
get_worse_with_age,0,0.667559
gi,0,0.549843
gi_doc,7,0.495694
gi_doctor,0,0.476678
gi_issue,0,0.832222
gi_problem,0,0.847694
gi_referral,7,0.560941
gi_specialist,7,0.582437
gi_symptom,0,0.733748
gi_system,0,0.616330
gi_test,7,0.519188
gi_tract,6,0.470250
gi_who,4,0.750073
giant_burp,1,0.534364
giddy,4,0.715838
gigantic,4,0.922562
gin,5,0.794171
ginger,5,0.819539
ginger_ale,5,0.827422
ginger_beer,4,0.664342
ginger_chew,4,0.896784
ginger_tea,5,0.764061
gird,0,0.465835
girl,2,0.283392
gis,7,0.628185
give_your_body,6,0.423815
glad_to_hear,1,0.591724
glad_you,3,0.692948
gland,6,0.642224
glass,5,0.667405
glass_of_water,5,0.681472
globus,0,0.582151
globus_sensation,0,0.419910
gluten,5,0.649670
gluten_and_dairy,4,0.798454
gluten_dairy,5,0.737060
gluten_free,5,0.687187
gluten_free_diet,4,0.573080
gluten_intolerance,0,0.772606
gluten_intolerant,4,0.888522
glycerin,4,0.914488
glycinate,4,0.854517
gnarly,4,0.803875
gnaw,2,0.616471
go_along,3,0.401237
go_down,5,0.439742
go_keto,4,0.808788
go_private,7,0.775148
go_strong,1,0.824945
go_swim,2,0.553419
go_to_a_gastroenterologist,7,0.515856
go_to_bastian,7,0.883167
go_to_bed,2,0.572472
go_to_burst,2,0.557527
go_to_bvi,7,0.822039
go_to_chicago,7,0.803053
go_to_doctor_bastian,7,0.867826
go_to_doctor_spiegel,7,0.849967
go_to_sleep,2,0.493826
go_to_the_bathroom,2,0.737299
go_to_the_restroom,4,0.795163
go_to_the_toilet,2,0.814052
go_under,7,0.481702
go_vegan,4,0.604878
go_wrong,3,0.240714
god_awful,2,0.598871
god_forbid,4,0.767127
goddamn,3,0.536028
godzilla,4,0.895876
good_alternative,4,0.871890
good_chance,7,0.445950
good_decision,1,0.485805
good_lord,4,0.817066
good_luck_on_your_journey,4,0.723810
good_money,7,0.551919
good_news,1,0.506664
good_outcome,4,0.707448
good_posture,6,0.703791
good_resource,3,0.712439
good_samaritan,4,0.809696
good_success_rate,7,0.639183
good_to_hear,3,0.627819
good_to_know,3,0.639122
good_vibe,3,0.653951
goodbye,3,0.761537
goodness,4,0.799382
goods,4,0.768481
goody,4,0.890007
gord,0,0.914707
government,7,0.789901
gown,7,0.516145
gp,7,0.724114
gps,7,0.704059
grab,6,0.593255
grab_something,4,0.842660
grace,4,0.673408
gracias,4,0.844813
grade_school,4,0.709460
gradual,1,0.698951
gradually_get_better,1,0.877881
gradually_get_worse,3,0.414299
gradually_over,4,0.664953
gradually_worse,4,0.909487
grain,5,0.683259
granola_bar,5,0.648235
graphic,3,0.708965
grasp,2,0.338456
grateful,3,0.833824
gratitude,3,0.883538
grave,7,0.599532
gravelly_voice,4,0.916902
gravity,6,0.701327
gravol,4,0.753643
grease,4,0.669164
greasy,5,0.823644
greasy_food,5,0.874848
great_choice,4,0.933482
great_community,4,0.891726
great_deal,1,0.318921
great_difficulty,4,0.777108
great_improve,4,0.396868
great_news,3,0.716344
great_ormond_street,4,0.936422
great_point,3,0.694569
great_shape,4,0.897797
great_sign,1,0.816753
great_so_far,7,0.582253
great_success,1,0.589667
great_to_hear,3,0.713624
greek_yogurt,5,0.726133
green_tea,5,0.905649
greet,4,0.704686
greeting,3,0.829577
grief,4,0.619435
grill_cheese,4,0.903830
grimes,4,0.810566
grin,4,0.466055
grind,6,0.545760
grind_my_tooth,4,0.870607
grip,6,0.632458
grip_sock,7,0.548867
groan,2,0.682181
groggy,1,0.434619
gross,2,0.753200
gross_but,2,0.695409
gross_out,2,0.542494
ground_beef,4,0.844690
group,3,0.708230
group_chat,4,0.882006
grow_old,4,0.770345
grow_out,0,0.580726
grow_up,0,0.476269
growl,2,0.752602
growl_noise,2,0.552235
growth,0,0.546256
grumble,2,0.730842
grunt,6,0.454254
grupo,4,0.967259
guardian,7,0.655783
guest,7,0.510461
guide_injection,7,0.758440
guinness,5,0.721875
gulp,5,0.677205
gum,5,0.798201
gummy,5,0.789934
gurgle,2,0.661129
gurgle_a_lot,2,0.633686
gurgle_and_croak,2,0.795901
gurgle_attack,2,0.598469
gurgle_croak,2,0.662269
gurgle_episode,2,0.392693
gurgle_frog,2,0.664718
gurgle_like_crazy,2,0.724481
gurgle_noise,2,0.697499
gurgle_sound,2,0.638996
gurgler,3,0.648650
gurgly,2,0.827964
guru,7,0.737280
gut,0,0.566953
gut_flora,5,0.379136
gut_health,0,0.598076
gut_issue,0,0.837401
gut_microbiome,4,0.760526
gut_motility,4,0.669427
guttural,2,0.379410
gwu,4,0.843128
gwuh,4,0.784779
gymnast,4,0.960362
gynecologist,4,0.709224
h2_blocker,0,0.324667
h_pylori,0,0.770318
h_pylori_test,4,0.689473
habit,5,0.432774
hagen,7,0.440692
hahaha,2,0.463976
hahahaha,3,0.750039
hair_net,4,0.651099
hairnet,4,0.660999
half_way,6,0.380183
half_way_through,2,0.459476
halfway,6,0.366270
hallmark,4,0.685003
hamah,4,0.960650
hamilton,4,0.952477
hamstring,6,0.523260
hand_and_knee,4,0.950737
hang,6,0.759382
hang_in_there,1,0.710608
hang_out_with_friend,4,0.916215
hang_over,2,0.380809
hangover,2,0.592527
hank_green,3,0.805775
happen_a_lot,2,0.580258
happen_automatic,4,0.717532
happen_natural,1,0.426146
happen_on_its_own,1,0.307316
happen_on_their_own,4,0.731793
happen_spontaneous,4,0.750287
happy,3,0.598449
happy_cake,4,0.865113
happy_tears,4,0.809735
happy_to_answer_any_question,3,0.668621
happy_to_hear,3,0.707763
happy_to_share,3,0.726531
har,7,0.452327
hard_liquor,5,0.733378
hard_time,2,0.380942
hard_time_breathe,2,0.469436
hard_to_breath,6,0.381782
hard_to_breathe,2,0.604581
hard_to_control,1,0.472468
hard_to_describe,2,0.466924
hard_to_swallow,5,0.683099
hard_to_talk,1,0.663042
hardly_any,1,0.652804
hardly_eat,4,0.827738
hardly_ever,2,0.795708
harness,1,0.444411
harrowing,4,0.953439
harsh,6,0.399811
hashimoto,0,0.823637
hate,2,0.638477
hate_my_body,4,0.915097
hate_throw_up,2,0.496438
hate_vomit,2,0.470680
have_a_cold,2,0.581422
have_a_egd,7,0.566191
have_a_handful,1,0.539513
have_a_hiatal,0,0.805706
have_a_hiatus,0,0.594479
have_a_lump,2,0.273166
have_abdomino_phrenic,0,0.424667
have_bcbs,7,0.900543
have_be_able,1,0.446693
have_food_poison,2,0.643596
have_no_clue,0,0.560109
have_r_cpd,0,0.674120
have_the_ability,3,0.373968
have_trouble,5,0.222900
havoc,4,0.698196
hawaii,7,0.560683
hay,7,0.298892
hca,7,0.830477
hca_shard,4,0.726239
hcl,5,0.422764
he_immediately,7,0.551603
he_inject,7,0.698545
he_mention,7,0.802781
he_offer,7,0.789975
he_prescribe,0,0.375986
he_put,7,0.700364
he_recommend,7,0.832405
he_refer,7,0.779712
he_require,7,0.809774
he_spray,6,0.288058
he_suggest,7,0.718539
head_and_torso,4,0.859447
head_cold,4,0.760717
head_forward,4,0.579525
head_left,4,0.731371
head_movement,6,0.448114
head_neck,6,0.525209
head_position,6,0.651240
head_shake,4,0.904549
head_sideways,4,0.500994
head_slightly,6,0.748552
head_tilt,6,0.547010
head_turn,6,0.506391
headache,2,0.442772
headache_fatigue,4,0.927861
healing_process,1,0.488817
health_anxiety,0,0.627836
health_care,7,0.805036
health_condition,0,0.754063
health_insurance,7,0.821289
health_insurance_cover,4,0.797391
health_insurer,4,0.934934
health_issue,0,0.828324
health_problem,0,0.687363
health_related,4,0.833139
health_risk,4,0.771720
healthcare_professional,3,0.599998
healthcare_provider,7,0.736443
healthy_person,4,0.887707
healthy_weight,5,0.379376
hear_about,3,0.807447
heart,0,0.449877
heart_burn,0,0.463293
heart_issue,0,0.507112
heart_monitor,4,0.790185
heart_palp,4,0.926662
heart_palpitation,0,0.558060
heart_problem,0,0.568527
heart_race,4,0.792506
heart_rate,6,0.315150
heart_related,7,0.564481
heartbeat,2,0.572429
heartburn,0,0.409685
heartburn_acid_reflux,2,0.335865
heartburn_and_reflux,0,0.353588
heartburn_indigestion,4,0.863328
heartburn_medication,0,0.211686
heartburn_reflux,0,0.365224
heat_pad,5,0.392867
heat_therapy,6,0.512223
heave,2,0.740189
heave_gag,4,0.846623
heaven,1,0.410963
heaviness,4,0.775343
heavy_exercise,4,0.596403
heavy_meal,5,0.700416
heds,0,0.827206
heel_drop,4,0.648205
hehe,3,0.591873
heighten,2,0.466205
hella,1,0.467603
hello_everybody,4,0.909285
hello_fellow_no_burper,3,0.830021
hello_fellow_noburper,3,0.761972
hello_friend,4,0.813186
help_a_bit,5,0.613234
help_a_little,5,0.552946
help_a_lot,5,0.672518
help_loosen,6,0.456402
help_prevent,5,0.274590
help_reduce,0,0.452333
help_relieve,2,0.217090
helpful,3,0.346257
helpful_response,4,0.878778
helpful_tip,3,0.747902
hence,0,0.657449
her_clinic,7,0.790765
her_office,7,0.852900
her_own,7,0.636383
her_patient,7,0.777912
her_receptionist,4,0.885554
her_room,4,0.753344
her_stomach,2,0.319469
her_website,7,0.666551
herb,5,0.536436
herbal,5,0.576043
herbal_tea,5,0.731551
here_in_canada,7,0.745428
here_who,3,0.769896
hereditary,0,0.720828
heritable_the,0,0.546276
hernia,0,0.827016
hernia_and_gerd,4,0.714248
hernia_gerd,0,0.761293
hernia_repair,0,0.473553
hernia_which,0,0.865886
hesitant,7,0.535517
hey_there,3,0.768376
hh,0,0.868497
hi_op,4,0.838787
hi_sorry,3,0.824624
hi_there,3,0.742282
hiatal_hernia,0,0.918479
hiatal_hernia_and_no_burp,4,0.967748
hiatal_hernia_be,0,0.874244
hiatal_hernia_etc,4,0.862322
hiatal_hernia_gerd,4,0.592606
hiatal_hernia_repair,4,0.634043
hiatal_hernia_so,4,0.583362
hiatal_hernia_which,0,0.838074
hiatus_hernia,0,0.754116
hiccup,2,0.704493
hiccup_a_lot,2,0.585718
hiccup_attack,4,0.943307
hicklin,7,0.852846
hicklin_in_wimbledon,4,0.807918
hida_scan,4,0.818140
hide,2,0.573698
hier,7,0.555448
high_amount,7,0.418262
high_blood_pressure,0,0.574026
high_deductible,7,0.628753
high_dosage,7,0.527177
high_dose,1,0.492773
high_end,4,0.573268
high_fat,5,0.801874
high_fiber,5,0.648117
high_fibre,5,0.662870
high_five,3,0.736434
high_fodmap_food,5,0.749954
high_heart_rate,0,0.403578
high_hope,1,0.573541
high_incidence,4,0.881243
high_likelihood,4,0.688468
high_metabolism,4,0.878409
high_note,6,0.323412
high_percentage,3,0.484127
high_pressure,6,0.654724
high_protein,5,0.770211
high_resolution_esophageal_manometry,4,0.595513
high_risk,7,0.531261
high_success_rate,7,0.695442
high_unit,4,0.853770
high_waist,2,0.391017
highlight,3,0.655786
highly_consider,4,0.926040
highly_suggest,3,0.485067
highmark,4,0.920564
hilarious,2,0.453254
hinder_my,4,0.662206
hip,6,0.870130
hippie,4,0.724588
hirschsprung,4,0.845588
his_chest,4,0.607921
his_name,7,0.862359
his_nurse,7,0.759953
his_office,7,0.884748
his_opinion,4,0.614305
his_pa,7,0.750331
his_patient,7,0.753938
his_success_rate,4,0.656115
his_throat,6,0.687064
his_video,3,0.584191
his_website,7,0.823567
hispania,4,0.831924
histological_abnormality,7,0.464546
history,0,0.843614
hit_my_throat,6,0.590834
hive,0,0.536533
hm,3,0.426854
hmo,7,0.731607
hoarse,1,0.474326
hoarse_voice,1,0.337402
hoarseness,0,0.350538
hock,4,0.795646
hoesli,7,0.736245
hola,7,0.477814
hold_your,6,0.740470
holdgraf,4,0.959412
hollow,6,0.746777
holmes,7,0.889039
holy_cow,1,0.529323
holy_crap,3,0.751030
holy_shit,3,0.595033
holy_shit_i,3,0.733807
home_remedy,3,0.255818
homeopathy,4,0.944409
homie,4,0.827253
hone,4,0.782256
honor,4,0.830867
hook_up,7,0.520118
hoop,7,0.795631
hope_everything,3,0.506045
hope_ill,3,0.538887
hope_someday,4,0.918855
hopeful,1,0.650587
hopeful_that,3,0.574012
hopeless,3,0.465062
horizontal,6,0.632460
hormonal,0,0.470427
horrendous,2,0.720227
horrible,2,0.809685
horrible_condition,3,0.781862
horrible_experience,0,0.406784
horrible_hypersalivation,4,0.902749
horrible_pain,2,0.626683
horrid_symptom,4,0.893644
horrific,2,0.856764
horror_story,3,0.685422
horse_pill,4,0.721752
hospital,7,0.862561
hospital_fees,7,0.858912
hospital_gown,7,0.439140
hospitalize,2,0.269328
hot,5,0.736708
hot_bath,4,0.675809
hot_beverage,4,0.747134
hot_drink,5,0.797092
hot_flash,4,0.459575
hot_shower,5,0.561901
hot_soup,4,0.694983
hot_tea,5,0.872956
hot_water,5,0.746467
hot_water_bottle,4,0.641166
hotel,7,0.490799
hotel_stay,4,0.854519
hour_after_eat,5,0.701103
hour_and_hour,4,0.652456
hour_before,5,0.715345
hour_on_end,2,0.714744
household,3,0.491605
hover_over,4,0.850566
how_effective,4,0.604728
how_excite,3,0.729238
how_grateful,3,0.783524
how_many_unit,1,0.559875
howdy,4,0.925989
hug,3,0.348746
huge_burp,1,0.578165
huge_discomfort,4,0.894947
huge_relief,4,0.767344
huge_relieve,4,0.636691
hum,6,0.690682
humanity,4,0.919779
humiliate,2,0.599240
hummus,5,0.727760
hunger,2,0.745133
hunger_pain,2,0.467251
hungry,2,0.703226
hungry_again,4,0.676620
hurl,2,0.530682
hurt,2,0.505097
hurt_a_little,1,0.500742
hurt_my_chest,2,0.648534
hurt_my_neck,4,0.889775
hurt_my_throat,2,0.580562
hurt_so_bad,2,0.782364
hurt_yourself,4,0.756229
hus,7,0.860790
hyatt,4,0.637838
hydrate,5,0.748796
hydrogen,7,0.359826
hydrotalcite,4,0.937421
hyoid_bone,4,0.855367
hyper_mobility,0,0.801737
hyper_salivate,2,0.787368
hyper_salivation,2,0.714910
hyperemesis,2,0.358617
hyperhidrosis,4,0.945605
hypermobile,0,0.805496
hypermobility,0,0.765283
hypersalivate,2,0.825091
hypersalivation,2,0.613549
hypersensitive,4,0.687025
hypersensitivity,0,0.577378
hypertensive,4,0.748660
hypertonia,4,0.874597
hypertrophy,4,0.811699
hyperventilate,2,0.580218
hypnosis,7,0.471968
hypnotherapy,0,0.499159
hypothesis,0,0.755813
hypothesize_that,4,0.747596
hypothyroidism,0,0.845843
hysteria,4,0.603517
i_off_guard,2,0.406056
ibd,0,0.869228
ibs,0,0.792605
ibs_and_gerd,0,0.683811
ibs_c,0,0.711079
ibs_d,0,0.697225
ibs_etc,0,0.575750
ibs_gerd,0,0.719007
ibs_medication,4,0.751849
ibs_sibo,0,0.749924
ibs_symptom,0,0.607322
ibs_which,0,0.799505
ibuprofen,5,0.671216
ice_chip,5,0.670915
ice_coffee,5,0.802521
ice_cream,5,0.858353
ice_tea,5,0.836061
ice_water,5,0.616039
ich,7,0.519172
icky,2,0.535594
icky_feel,4,0.685714
id_argue,4,0.781537
id_assume,3,0.426063
id_estimate,4,0.960448
id_highly_recommend,3,0.633652
id_imagine,0,0.442663
id_love_to_be_able,3,0.714388
id_love_to_hear,3,0.703407
id_say,1,0.676757
identify_trigger,4,0.886180
identity,4,0.885312
idiopathic,4,0.728320
idiot,3,0.662817
if_left_untreated,0,0.892385
if_you_be_able,7,0.623982
if_you_click,7,0.611124
ignorance,0,0.463715
ignorant,3,0.616403
ignore,0,0.455977
ike,4,0.931640
ileus,0,0.727093
ill_admit,4,0.721893
ill_continue,1,0.520981
ill_message,4,0.932807
ill_post,3,0.550701
ill_update,3,0.536130
illinois,7,0.920831
illness,0,0.804843
illustrate,4,0.570923
illustration,4,0.800850
image,6,0.408945
imagine_what,2,0.414221
imaging,7,0.421076
imbalance,0,0.792037
immediate_relief,2,0.451150
immediately_after_eat,2,0.690710
immediately_after_surgery,4,0.670400
immediately_afterwards,4,0.468420
immense,2,0.513622
immense_better,4,0.902071
immobility,4,0.460827
immune,4,0.794344
impact_on_my_life,4,0.643241
impairment,4,0.932219
impatient,1,0.693465
implant,7,0.520302
implication,3,0.589480
imply,0,0.546839
imply_that,0,0.533172
important_event,4,0.758835
important_factor,4,0.900225
improper,0,0.349896
improve_a_lot,1,0.572371
improve_drastic,4,0.865741
improve_my_quality,3,0.596335
improve_so_much,3,0.482302
improve_your_quality,4,0.892438
improvement,1,0.570897
inability_to_belch,0,0.775198
inability_to_burp,0,0.856869
inability_to_burp_but,0,0.874318
inability_to_burp_cause,4,0.713886
inability_to_burp_since,4,0.644012
inability_to_pass,4,0.448899
inability_to_relax,6,0.454066
inability_to_swallow,0,0.486744
inability_to_vomit,0,0.746016
inaccuracy,4,0.902545
inadvertent,2,0.255832
inappropriate,2,0.332921
inc,4,0.866139
incapacitate,2,0.447218
incessant,2,0.535646
incidence,0,0.623780
incident_where,4,0.859465
incline,6,0.461793
incompetent,0,0.556043
incompetent_doctor,4,0.868163
incomplete,0,0.348620
inconsistent,1,0.633472
inconvenient,1,0.479336
increase,0,0.384545
increase_abdominal,6,0.444643
increase_awareness,3,0.562013
increase_flatulence,0,0.571399
increase_gas,0,0.680456
increase_in_severity,4,0.814266
increase_pressure,6,0.506487
increase_reflux,4,0.462207
increase_risk,0,0.594047
increase_stomach,0,0.422036
increase_worse,4,0.655039
increase_your,0,0.774032
incredible_bloat,2,0.611928
incredible_common,4,0.964049
incredible_hard,4,0.918198
incredible_helpful,3,0.821817
incredible_nauseous,2,0.699992
incredible_pain,2,0.652394
incredible_rare,4,0.942065
incredible_sore,4,0.805101
incredible_tight,4,0.853707
incredible_uncomfortable,2,0.435043
incremental,4,0.961600
indent,4,0.866429
independent,0,0.590731
index_finger,6,0.682730
indiana,7,0.903584
indianapolis,7,0.920932
indicate,0,0.627765
indicate_that,7,0.530049
indication,0,0.589873
indication_that,4,0.610403
indigestion,0,0.589536
indirect,0,0.594431
individual_funding_request,7,0.648253
induce,2,0.529698
induce_air_vomit,4,0.714521
induce_vomit,2,0.461387
indulge,5,0.591626
ineffective_esophageal_motility,0,0.502969
inefficient,4,0.777848
infancy,0,0.579421
infect,7,0.194885
infection,0,0.692918
inflame,0,0.465910
inflammation,0,0.645566
inflammatory,4,0.730658
inflate,6,0.781873
inflate_like,4,0.514179
influence,0,0.587555
information,7,0.611029
information_about,3,0.697763
infuriate,3,0.569892
ingest_air,4,0.855582
ingest_more_air,4,0.859282
ingredient,5,0.809471
inguinal,4,0.891557
inhale,6,0.808920
inhale_deep,6,0.601515
inherently,4,0.928941
inhibitor,0,0.480769
initial_appointment,7,0.848461
initial_consult,7,0.878646
initial_consultation,7,0.894712
initial_contact,4,0.932100
initial_deny,7,0.822972
initial_dose,4,0.843996
initial_visit,7,0.892788
initiate,6,0.687096
initiative,4,0.832976
inject,7,0.449401
inject_100_unit,4,0.617647
inject_botox,7,0.547022
inject_into,6,0.428504
injection,7,0.490313
injection_into,7,0.479086
injection_itself,1,0.393771
injection_site,1,0.304454
injection_through,7,0.415749
injection_under,7,0.602630
injector,4,0.934805
injury,0,0.523591
inner_ear,4,0.650659
insane,2,0.699746
insane_amount,2,0.683704
insane_bloat,2,0.647320
insecure,2,0.478012
insensitive,4,0.951704
insert,6,0.586593
insert_into,4,0.432051
insertion,7,0.325001
inside_my_body,4,0.843434
inside_my_mouth,4,0.656350
insightful,4,0.872607
insist,7,0.622605
insist_that,7,0.734193
insomnia,0,0.676023
inspiration,3,0.775879
inspire_by,4,0.708738
instability,4,0.855258
instagram,3,0.712923
instant,2,0.716111
instant_relief,2,0.551078
instinctual,4,0.902098
instructor,4,0.748420
instrument,6,0.666692
insufficient,4,0.620029
insurance_approve,4,0.879980
insurance_company,7,0.799846
insurance_cover,7,0.786335
insurance_cover_everything_except,4,0.622840
insurance_plan,7,0.808287
insurance_will_cover,7,0.813526
insure,7,0.891249
insurer,7,0.863255
intel,4,0.855402
intend,7,0.521663
intense,2,0.803644
intense_anxiety,4,0.825787
intense_bloat,2,0.528885
intense_chest,2,0.320605
intense_fear_of_vomit,4,0.714547
intense_nausea,2,0.590205
intense_pain,2,0.736501
intensity,1,0.265555
intentional,2,0.479930
interconnected,4,0.697406
interest_in_hear,3,0.612598
interest_in_learn,7,0.509104
interest_to_hear,3,0.622720
intermit,2,0.469961
internal,6,0.594244
internal_injection,7,0.656708
internal_pressure,6,0.437629
international,7,0.882193
interrupt_my,4,0.712532
intervene,4,0.827504
intestinal,0,0.649771
intestinal_gas,2,0.482105
intestine,6,0.469429
intestine_and_colon,4,0.878407
intimate,2,0.570152
into_action,4,0.811527
into_adulthood,4,0.864969
into_colon,4,0.547845
into_my_chest,4,0.723809
into_my_mouth,6,0.635200
into_my_nose,4,0.668785
into_my_stomach,6,0.848681
into_my_throat,6,0.752712
into_perspective,4,0.873779
into_place,6,0.588531
into_the_bathroom,4,0.948176
into_the_toilet,4,0.619815
into_your_neck,7,0.366234
intolerance,0,0.664541
intolerant,5,0.616795
intoxicate,4,0.650780
intra_abdominal_pressure,6,0.495088
intrusive_think,4,0.857917
intubate,1,0.155779
intubation,6,0.152138
intuit,4,0.945603
invalid,4,0.932674
invasive,7,0.417794
invasive_procedure,4,0.666471
investigate,0,0.580124
investigation,0,0.620018
invoice,7,0.867312
involuntary,2,0.647572
involuntary_air_vomit,2,0.757145
involuntary_burp,1,0.602747
involuntary_dry,4,0.891319
involuntary_gag,4,0.891519
involuntary_microburp,1,0.702294
involvement,4,0.662816
inward_burp,4,0.840736
inwards,6,0.752399
iowa,7,0.835720
ipa,4,0.607503
iqoro,7,0.547970
iron_pill,4,0.707158
iron_supplement,4,0.557006
irrational,0,0.388039
irrational_fear,2,0.339884
irregular,0,0.477816
irregularity,4,0.665751
irreversible,0,0.613942
irritable,2,0.499773
irritable_bowel,4,0.815952
irritate,6,0.505556
irritate_by,4,0.822434
irritate_my_throat,4,0.797762
irritate_throat,4,0.874876
irritation,6,0.507661
irritation_in_my_throat,4,0.921383
irvine_ca,7,0.917268
issue_e_g,4,0.679651
it_in_the_meantime,4,0.847954
it_make_sense,0,0.592704
it_suck,2,0.570048
its_a_combination,4,0.920210
its_a_mixture,4,0.942034
its_amazing,2,0.482561
its_awful,2,0.808931
its_existence,4,0.841877
its_frustrate,3,0.745008
its_horrible,2,0.766306
its_impossible,6,0.267310
its_insane,4,0.452414
its_mainly,1,0.448071
its_not_necessitate,0,0.639396
its_not_pleasant,2,0.565929
its_not_uncommon,1,0.445043
its_own,6,0.335815
its_possible,0,0.623689
its_pure,0,0.605309
its_rare,2,0.367327
its_related,0,0.484194
its_ridiculous,2,0.454705
its_so_frustrate,3,0.397927
its_suppose,6,0.687645
its_the_worst,2,0.810136
its_unbelievable,4,0.748248
its_worst,2,0.526526
its_worth,3,0.366462
iu_health,4,0.820457
iud,4,0.900970
iv_for_dehydration,1,0.768017
iv_sedation,7,0.582366
jab,1,0.594145
jacket,4,0.933896
jag,7,0.447274
jai,7,0.489376
jan_2025_1,1,0.368627
jar,5,0.548021
jaw,6,0.875913
jaw_forward,6,0.767483
jaw_pain,4,0.661593
jaw_surgery,4,0.811449
je_faisal,4,0.774072
je_pense,7,0.567382
jealous,3,0.475095
jealous_of_people_who,4,0.788280
jealousy,4,0.914400
jeans,5,0.500438
jeff,4,0.897884
jefferson_health,4,0.715292
jefferson_hospital,4,0.751612
jeg,7,0.464435
jello,5,0.826536
jester,4,0.837240
jitter,4,0.892022
jog,5,0.576149
john_hopkins,7,0.824228
join_reddit,4,0.741245
join_this,3,0.827907
join_this_sub,4,0.574568
joke,2,0.419529
joke_about,2,0.447263
joke_around,4,0.738982
joker,4,0.926795
jolt_awake,4,0.876063
journal,7,0.733673
joy,3,0.719651
judge,3,0.626931
jug,5,0.393595
juice,5,0.905493
july,1,0.629867
july_2023,1,0.642137
july_25th,4,0.914368
july_twentieth,4,0.805608
jump_through,7,0.734378
junk_food,5,0.619087
just_a_bit,1,0.408480
just_a_little,1,0.488019
just_a_weirdo,4,0.905477
just_below,6,0.910832
just_curious,3,0.502101
just_dismiss,0,0.489825
just_dry_heave,2,0.664086
just_join,3,0.787105
just_saw,3,0.721414
just_sit,6,0.652050
just_stumble,3,0.797107
just_to_clarify,3,0.378716
just_want_to_share,3,0.863274
just_wonder,0,0.388621
justify,7,0.676910
jut,6,0.696823
jut_out,6,0.803475
k,7,0.675474
kaiser,7,0.922560
kaiser_doctor,4,0.676560
kaiser_insurance,7,0.834471
kaiser_mid_atlantic,4,0.934334
kamloops,7,0.763290
kansas_city,4,0.842527
karagama,7,0.891481
keep_in_touch,3,0.704457
keep_my_head,6,0.744828
keep_my_tongue,6,0.605468
keep_practice,1,0.548930
keep_stomach_content,4,0.741594
keep_the_ability,1,0.618193
keep_update,3,0.612785
keep_us_update,3,0.626709
keep_yourself,4,0.760558
keeper,4,0.990032
kefir,5,0.837433
kelowna,4,0.740811
kentucky,7,0.869495
keratosis,4,0.947737
ketchup,5,0.674837
keto,5,0.635453
keto_diet,5,0.598863
kicker,4,0.958839
kickstart,4,0.690986
kid_who,4,0.780580
kill,2,0.539008
kill_two_bird,4,0.874080
kind_of_funny,4,0.741297
kind_of_like,6,0.776997
kind_of_make_sense,4,0.791452
kinda_hard,1,0.550892
kinda_like,6,0.777346
kinda_weird,1,0.407681
kink,6,0.780548
kiss,2,0.479411
kiss_the_ceiling,6,0.381563
kitchen,4,0.530755
kitkat,4,0.938680
klonopin,4,0.686228
kneel,6,0.520861
knife,6,0.646297
knock_out,1,0.248161
knot,6,0.679569
know_about,3,0.519390
know_doctor_bastian,7,0.779714
know_specialist,7,0.750201
know_to_treat_r,7,0.712689
know_what_to_expect,1,0.548285
knowledge,3,0.570950
knowledgeable_about,7,0.712771
knuckle,4,0.613560
ktc,6,0.475469
ky,4,0.744884
kyphosis,4,0.943859
l_theanine,4,0.917021
la,7,0.543941
la_croix,5,0.682802
lab,7,0.593745
labor,2,0.557696
lace,4,0.938457
laceration,6,0.590718
lack_of_ability,4,0.760477
lack_of_appetite,0,0.419477
lack_of_burp,0,0.855532
lack_of_information,4,0.841667
lack_thereof,4,0.914914
lacroix,5,0.697202
lactaid,4,0.789732
lactase,4,0.613027
lactose,5,0.699577
lactose_free,5,0.794998
lactose_free_milk,4,0.897502
lactose_intolerance,0,0.785653
lactose_intolerant,5,0.653072
lakeshore,4,0.808407
landscape,4,0.913293
lansoprazole,0,0.237062
laparoscopy,0,0.564052
large_amount,5,0.732474
large_amount_of_air,6,0.441903
large_belch,2,0.313204
large_bowel,6,0.449813
large_bubble,4,0.734762
large_burp,1,0.556168
large_dose,1,0.575966
large_gulp,4,0.568007
large_intestine,6,0.631964
large_meal,5,0.755372
large_pill,5,0.403380
large_scale,4,0.869431
large_volume,4,0.640857
laryngeal,7,0.456258
laryngeal_spasm,4,0.729333
laryngeospasm,4,0.684358
laryngitis,4,0.545887
laryngologist,7,0.835840
laryngology,7,0.821539
laryngopedia,7,0.704435
laryngopedia_com,4,0.645386
laryngopharyngeal_reflux,0,0.652772
laryngoscope,7,0.667126
laryngospasm,1,0.390549
laryngospasm_which,4,0.784473
larynx,6,0.734812
larynx_lower,6,0.517191
larynx_lower_exercise,6,0.360456
larynx_lower_exercise_search,4,0.597050
larynx_soft,4,0.756277
laser,7,0.723450
last_april,4,0.764606
last_august,1,0.662930
last_december,4,0.866596
last_effect,0,0.400666
last_for_hour,2,0.736611
last_meal,5,0.527093
last_month,1,0.474957
last_september,4,0.730656
last_summer,1,0.262686
last_tuesday,1,0.674740
last_year,0,0.260575
late_20s,4,0.457818
late_at_night,5,0.676667
late_august,4,0.858621
late_in_life,0,0.778158
late_march,4,0.937146
late_response,4,0.690190
late_teen,0,0.506014
late_teen_early_20s,4,0.930736
late_twenties,4,0.749129
lateral,4,0.529053
laugh,2,0.468593
laugh_really_hard,2,0.612038
laughter,2,0.565346
lax,4,0.865697
lax_les,4,0.897483
laxative,5,0.546260
lay,6,0.544321
lay_down,2,0.524069
lay_down_flat,2,0.403684
lay_down_in_bed,4,0.669605
lay_down_to_sleep,4,0.733581
lay_flat,6,0.459370
lay_in_bed,2,0.578883
lay_on_left_side,4,0.772698
lay_on_my,2,0.430785
lay_on_my_stomach,6,0.437222
lay_on_the_bathroom,4,0.884391
lay_on_the_couch,4,0.693616
lay_on_their,4,0.670212
lay_on_your,6,0.558026
le,7,0.458312
le_27_fever,7,0.552491
le_botox_sous_anesthesia,7,0.622068
le_botox_tu_avail,7,0.681852
lead_to_colon,4,0.547353
lead_to_sibo,4,0.749903
leafy_green,4,0.796160
leak_gut,0,0.655894
leak_into,6,0.376595
leak_out,6,0.521343
lean,6,0.779317
lean_back,6,0.784364
lean_down,5,0.611350
lean_forward,6,0.828040
lean_my_abdomen,4,0.564985
lean_over,6,0.613308
learn,6,0.246650
learn_about,3,0.724116
learn_behavior,4,0.588655
learn_how,6,0.371800
learn_how_to_burp,3,0.303520
learn_how_to_control,1,0.665797
learn_more,3,0.860343
learn_skill,4,0.946080
learn_to_burp,3,0.243902
learn_to_control,1,0.530988
learn_to_deal,4,0.460241
learn_to_live,2,0.321192
least_50,4,0.862788
least_a_little,1,0.515221
least_once,2,0.480553
leave_early,2,0.563089
leave_r_cpd,0,0.870205
ledge,4,0.680726
lee,4,0.891208
left_arm,6,0.589166
left_ear,6,0.575305
left_leg,4,0.847685
left_nostril,4,0.689168
left_or_right,6,0.710833
left_rib,6,0.444786
left_rib_cage,4,0.945671
left_side,6,0.556626
leg,6,0.532054
legitimate,3,0.582238
lego,4,0.714538
legume,5,0.744476
lemon_juice,4,0.851964
lemonade,5,0.869765
lend,7,0.513833
length_of_time,1,0.511922
lentil,5,0.882509
les,0,0.577669
les_dysfunction,4,0.905705
les_function,4,0.511820
les_lower_esophageal_sphincter,4,0.770149
les_open,4,0.566490
les_problem,0,0.417493
lesbian,4,0.885844
less_accurate,7,0.500788
less_acid,5,0.529382
less_air,6,0.410501
less_anxious,1,0.335246
less_bloat,2,0.465184
less_common,0,0.524761
less_effective,0,0.395104
less_flatulence,1,0.587136
less_frequent,1,0.626181
less_frequently,1,0.639718
less_gassy,5,0.481412
less_invasive,7,0.623868
less_nauseous,2,0.401215
less_often,1,0.493028
less_pain,1,0.424948
less_precise,4,0.592963
less_risk,4,0.486201
less_risky,4,0.846744
less_scared,4,0.798287
less_scary,4,0.611932
less_traumatic,2,0.386169
less_uncomfortable,2,0.439988
less_universal,4,0.863461
lessen,0,0.330935
lesser_know,4,0.901020
let_out,2,0.608070
let_out_a_few,1,0.664388
lethargic,2,0.439018
lethargy,4,0.921076
letter,7,0.911470
level_of_pain,4,0.720012
liable,4,0.965157
lidocaine,7,0.352447
lidocaine_spray,4,0.830502
lie_down,2,0.534875
lie_down_after_eat,5,0.495300
lie_down_flat,2,0.362553
lie_down_to_relieve,4,0.794522
lie_flat,6,0.421262
lie_flat_on_your,6,0.455866
lie_in_bed,2,0.397725
lie_on_my,6,0.347571
lie_on_my_stomach,6,0.546879
lie_on_your,6,0.614945
life_change,1,0.565570
life_long,0,0.804741
life_threaten,0,0.687422
life_without,3,0.558424
lifelong,0,0.846400
lifelong_inability_to_burp,0,0.726297
lifelong_no_burper,3,0.471516
lifelong_non_burper,4,0.939024
lifelong_r_cpd,4,0.745251
lifelong_suffer,4,0.964117
lifesaver,4,0.945312
lifestyle,0,0.443530
lifestyle_change,0,0.436740
lifetime_no,4,0.783159
lift,6,0.815146
lift_my_chin,4,0.871375
lift_up,6,0.820065
lift_your_head,6,0.696250
lift_your_soft_palate,4,0.560750
ligament,0,0.454151
light,5,0.508034
light_cough_or_laugh,4,0.699811
light_head,2,0.463282
light_push,4,0.771942
lightbulb_moment,4,0.828987
lightheaded,2,0.615535
like_20,1,0.414647
like_90,1,0.733173
like_a_baby,2,0.494351
like_a_balloon,6,0.547019
like_a_champ,1,0.741649
like_a_lump,4,0.706953
like_bean,5,0.562718
like_bread,5,0.808764
like_clockwork,4,0.685628
like_crazy,2,0.738977
like_many,3,0.613350
like_my_body,2,0.634932
like_strep,4,0.797807
like_the_rest,3,0.701981
like_tums,5,0.431965
lime,5,0.842428
limonene,4,0.819405
linger,2,0.443080
linger_side_effect,4,0.930123
lining,0,0.536798
link_between,0,0.844249
link_somehow,4,0.823787
link_to_r_cpd,4,0.667921
linx,4,0.598355
linzess,4,0.726427
liquid,5,0.731491
liquid_baby_advil,4,0.898380
liquid_baby_ibuprofen,5,0.587389
liquid_come_up,2,0.549483
liquid_diet,5,0.740864
liquid_gaviscon,4,0.599853
liquid_ibuprofen,5,0.633664
liquid_in_my_mouth,4,0.507200
liquid_tylenol,5,0.468295
liquor,5,0.825175
list_here,7,0.736209
list_in_the_wiki,7,0.762308
list_in_wiki,4,0.724529
list_of_doctor,7,0.683645
list_of_provider,7,0.741274
list_of_specialist,7,0.778519
list_of_symptom,0,0.618403
list_on_the_wiki,4,0.700280
list_version,4,0.833933
listen,3,0.437515
literally_change,3,0.684975
literally_dry_heave,4,0.942586
literally_everything,5,0.623976
literature,7,0.633463
little_and_often,5,0.698299
little_baby,4,0.808433
little_burp,1,0.541725
little_community,3,0.896259
little_hiccup,4,0.581622
little_microburp,1,0.623532
little_one,1,0.457980
little_pop,2,0.519148
little_quirk,4,0.845840
live_in_fear,4,0.583119
live_in_north,4,0.897838
live_like,3,0.426643
live_memory,4,0.608180
live_near,7,0.825693
live_with_r_cpd,3,0.733499
live_with_this_condition,0,0.526363
lmfao,3,0.491569
load_of_air,4,0.698022
local,7,0.878442
local_anaesthesia,4,0.833459
local_anesthesia,7,0.622940
local_anesthetic,7,0.499191
local_doctor,7,0.820264
local_ent,7,0.885232
local_hospital,7,0.878333
localize,4,0.717608
location,7,0.833691
lodge_in_my_throat,4,0.778112
log,3,0.535668
logical,0,0.573042
logical_sense,4,0.726915
logo,4,0.328779
london,7,0.876253
london_manchester,4,0.906379
london_uk,7,0.828381
london_who,7,0.753592
lonely,3,0.569631
long_ago,3,0.656074
long_car_ride,4,0.729164
long_covid,4,0.767120
long_drive,4,0.719227
long_haul,4,0.512988
long_last,1,0.649660
long_term,0,0.456808
long_term_effect,3,0.479417
long_time_lurker,3,0.696955
look_at_my_foot,6,0.590689
look_at_my_vocal,4,0.853982
look_down,6,0.799809
look_for_advice,3,0.793747
look_forward,1,0.608033
look_pregnant,2,0.650288
look_straight,4,0.669688
look_straight_ahead,4,0.763040
loop,0,0.265086
loopy,1,0.329827
loose,6,0.739540
loose_stool,2,0.448368
loosen,6,0.757854
loosen_up,6,0.734379
los_angeles,7,0.916053
lose_10_pound,4,0.936517
lose_a_lot,5,0.404772
lose_hope,1,0.643248
lose_my_appetite,4,0.669364
lose_my_voice,1,0.748732
lose_the_ability,1,0.586428
lose_voice,4,0.854888
lose_weight,5,0.415692
loss_of_appetite,0,0.460444
loss_of_control,4,0.854863
loss_of_voice,4,0.796659
lot_less,4,0.890306
lot_of_air,2,0.532760
lot_of_different,4,0.449455
lot_of_fart,4,0.705507
lot_of_flatulence,4,0.654076
lot_of_gas,2,0.471877
lot_of_gurgle,1,0.554222
lot_of_microburp,1,0.740078
lot_of_practice,4,0.609581
lot_of_regurgitation,4,0.691157
lot_of_saliva,4,0.838187
lot_of_water,5,0.874716
lottery,4,0.902167
loud,2,0.643364
loud_af,4,0.948462
loud_and_embarrass,4,0.910185
loud_and_proud,4,0.509641
loud_and_violent,4,0.868646
loud_belch,2,0.532081
loud_croak,2,0.585364
loud_enough,2,0.580930
loud_gurgle,2,0.767965
loud_hiccup,2,0.713778
loud_music,4,0.687707
loud_noise,2,0.640208
loud_sound,4,0.565325
loud_stomach,4,0.568450
louis,4,0.687087
love_hear,4,0.826483
love_her,3,0.755465
love_this_sub,4,0.947746
lover,4,0.827343
low_acid,0,0.708076
low_acid_diet,4,0.654081
low_amount,4,0.732363
low_appetite,4,0.630070
low_carbohydrate,5,0.646449
low_dose,7,0.488575
low_end,4,0.713154
low_energy,4,0.843333
low_fodmap,5,0.598934
low_fodmap_diet,5,0.429832
low_income,4,0.743984
low_level,2,0.430565
low_risk,7,0.409627
low_stomach_acid,0,0.808915
low_success_rate,4,0.907694
low_swallow,6,0.721091
lower,6,0.829348
lower_abdomen,2,0.454323
lower_abdominal,0,0.400697
lower_back,6,0.758005
lower_dosage,4,0.764346
lower_dose,7,0.537743
lower_esophageal_sphincter,0,0.699748
lower_esophagus,0,0.569688
lower_gi_tract,4,0.890349
lower_part,6,0.603610
lower_rib,4,0.803291
lower_right,4,0.741734
lower_sphincter,0,0.568578
lower_success_rate,7,0.590100
lower_your_larynx,6,0.610994
lowkey,3,0.514866
lozenge,5,0.584127
lpr,0,0.865547
lpr_reflux,0,0.816857
lpr_silent_reflux,4,0.493867
lpr_symptom,0,0.571718
lubricate,4,0.623982
lucy_hicklin,7,0.797822
lucy_hicklin_in_london,7,0.800349
lucy_hicklin_she,4,0.804034
lucy_hickling,4,0.809482
lucy_inkling,4,0.895737
lump,6,0.444892
lump_feel,1,0.489079
lump_in_my_throat,2,0.524126
lump_in_throat,1,0.362335
lunch,5,0.721136
lunch_today,4,0.711675
lunchtime,4,0.506502
lung,6,0.632684
lung_heart,4,0.849451
lung_issue,4,0.784678
lurker,3,0.799667
lurker_here,3,0.790900
lye,4,0.844652
lyme_disease,4,0.887861
lymph_node,4,0.523381
maar,7,0.407644
mac_and_cheese,5,0.767191
machine,6,0.631018
machine_gun,4,0.863992
machinery,4,0.899981
mad,2,0.481241
magnesium,5,0.555265
maiden,4,0.884139
mail,7,0.890970
main_cause,0,0.730528
main_concern,4,0.844217
main_issue,0,0.826882
main_side_effect,1,0.412356
main_symptom,0,0.787138
main_symptom_of_r_cpd,4,0.927238
maine,7,0.685310
maintain_weight,4,0.918503
maintenance,7,0.565915
major_difference,4,0.840395
major_discomfort,4,0.883448
major_relief,4,0.630764
major_symptom,4,0.564606
majority_of_people,3,0.546101
make_fun,2,0.515020
make_myself,2,0.666130
make_progress,1,0.563767
make_yourself,2,0.337624
makeup,5,0.493517
mal,0,0.519758
malabsorption,0,0.672689
malaise,4,0.895457
malfunction,0,0.564767
malfunction_les,0,0.468896
malign,4,0.740468
malnutrition,0,0.611012
manage_to_teach,3,0.635676
manchester,7,0.908387
mandatory,7,0.741838
maneuver,6,0.826357
maniac,4,0.939449
manifest_itself,4,0.816904
manipulate,6,0.855226
manipulation,6,0.697081
manometry,7,0.463987
manometry_ph,4,0.698080
manometry_show,0,0.525874
manometry_test,7,0.582424
manual,6,0.742403
manual_burp,2,0.443217
manual_open,6,0.551842
many_doctor,0,0.567022
many_of_us,0,0.756284
many_patient,7,0.643363
many_people_with_r_cpd,4,0.808772
many_test,0,0.584605
many_time,2,0.395889
many_unit,4,0.735206
map_of_specialist,7,0.674009
march_2023,1,0.709747
marfan,4,0.907767
marijuana,5,0.516503
marino,4,0.912347
mark_hess,7,0.789272
marker,7,0.470586
marriott,4,0.864945
marvel,4,0.630242
mash_potato,5,0.828583
mask,6,0.572227
massage,6,0.813932
massage_my_stomach,4,0.726061
massage_my_throat,6,0.616722
massage_therapist,4,0.739108
massive,2,0.589684
massive_belch,4,0.831869
massive_burp,1,0.323899
massive_difference,4,0.568591
massive_fart,4,0.709392
mast_cell,4,0.933481
match,0,0.684314
match_up,0,0.577592
may_be_able,7,0.704512
may_contribute,0,0.802302
may_help,0,0.443913
may_ninth,4,0.927375
maybe_a_little,1,0.567978
maybe_once_or_twice,1,0.470671
maybe_twice,2,0.507884
mcas,0,0.845000
md,7,0.921954
mdma,4,0.773135
mds,3,0.595213
meal,5,0.739553
meal_replacement,5,0.904803
meal_replacement_shake,5,0.870598
mean_by,6,0.241640
meat,5,0.847814
meat_and_dairy,4,0.921135
mechanical,0,0.783981
mechanism,6,0.512905
med_student,4,0.817167
medicaid,7,0.808766
medical,7,0.700865
medical_attention,4,0.921396
medical_care,7,0.620160
medical_community,3,0.615516
medical_condition,0,0.618488
medical_cost,4,0.836007
medical_gaslight,4,0.629316
medical_induce_nap,4,0.898033
medical_insurance,7,0.850237
medical_intervention,3,0.475021
medical_issue,0,0.687891
medical_journal,7,0.686420
medical_literature,3,0.616460
medical_necessary,7,0.756343
medical_problem,3,0.793588
medical_procedure,7,0.405004
medical_professional,3,0.595155
medical_reason,3,0.571162
medical_recognize,4,0.878986
medical_research,3,0.574875
medical_setting,4,0.531478
medical_student,7,0.720290
medical_study,4,0.827928
medical_stuff,3,0.488827
medical_term,0,0.633862
medical_test,7,0.528431
medical_train,4,0.674516
medical_treatment,3,0.639799
medical_world,3,0.735445
medicare,7,0.875815
medication,0,0.429784
medication_supplement,4,0.878943
meditation,6,0.432929
medium,5,0.578413
meet,7,0.723410
meet_anyone,3,0.666347
meet_my_deductible,7,0.750468
meet_with_doctor_bastian,7,0.643829
meet_with_he,7,0.827074
meeting,7,0.524924
mega_post,4,0.862519
megathread,4,0.913422
melatonin,4,0.916290
melbourne,7,0.923553
melissa_l,7,0.676121
mellow_out,4,0.699994
melon,5,0.768117
melt,5,0.721914
member_of_this_community,4,0.949454
membrane,4,0.926078
memory,2,0.393144
mendelsohn_maneuver,4,0.557505
menopause,4,0.739489
menstrual_cycle,0,0.496971
mental,0,0.316956
mental_aspect,4,0.879459
mental_block,2,0.208514
mental_health,0,0.763772
mental_health_issue,3,0.524671
mental_health_problem,4,0.952315
mental_ill,4,0.808429
mental_illness,4,0.556089
mental_problem,4,0.674961
mental_state,0,0.391483
mention_above,0,0.334053
mention_on_this_sub,4,0.732885
merry_christmas,3,0.680157
metabolism,5,0.518503
metallic_taste,4,0.836341
methane,0,0.478709
method,6,0.400391
michael_hospital,4,0.887586
michael_pitman,7,0.687761
micro,1,0.600452
micro_biome,4,0.739998
micro_burp,1,0.637832
micro_burp_a_few,4,0.834194
micro_burp_but,1,0.673520
micro_burp_out,1,0.571136
micro_burp_since,1,0.671267
micro_burp_that,1,0.448823
micro_burp_which,1,0.730647
microburp,1,0.585687
microburp_and_a_few,4,0.943940
microburp_so_far,1,0.821082
microburp_throughout,4,0.604203
microburp_today,1,0.691988
microlaryngoscopy,4,0.852089
microphone,4,0.726940
mid_meal,4,0.915843
middle,6,0.518563
middle_back,4,0.870221
midsection,4,0.489976
midtown,7,0.862067
midwest_surgery_center,7,0.729328
mig,7,0.467234
might_help,6,0.259850
migraine,0,0.690276
mild,0,0.424320
mild_asthma,4,0.913017
mild_case,0,0.586647
mild_choke,4,0.785490
mild_cold,4,0.737427
mild_discomfort,1,0.470638
mild_form,4,0.723904
mild_nausea,4,0.788216
mild_side,4,0.911216
mild_slow_swallow,1,0.791167
mild_sore,4,0.895629
mild_sore_throat,1,0.522763
mild_symptom,0,0.327343
mild_to_moderate,4,0.882159
mild_version,4,0.853228
mile_away,7,0.682432
military,7,0.603005
milk,5,0.894034
milkshake,5,0.876796
miller,4,0.763543
mind_body,4,0.671212
mindfulness,6,0.414928
mine_go_away,4,0.889045
mine_peak,4,0.810980
mine_with_lucy,4,0.916440
mine_yesterday,1,0.657104
mini_burp,1,0.561530
minimal_invasive,7,0.488794
minimal_result,4,0.750026
minimize,5,0.512416
minneapolis,7,0.931591
minor,0,0.411369
minor_inconvenience,3,0.599896
minor_regurgitation,4,0.903930
minor_sore_throat,1,0.711925
minority,3,0.688613
mint,5,0.780087
mint_gum,4,0.769324
minus_the,2,0.324577
mirror,7,0.441466
mirtazapine,7,0.349167
misconception,4,0.891580
misdiagnose,0,0.802801
misdiagnose_with_gerd,4,0.550364
misdiagnose_with_ibs,3,0.654186
misdiagnosis,0,0.804501
miserable,2,0.691236
misery,2,0.471017
misinformation,3,0.551654
misophonia,4,0.884609
miss_diagnose,4,0.711793
miss_out,3,0.454441
miss_out_on_so_much,4,0.589075
mission,3,0.669370
mitigate,5,0.456581
mitigate_against_by,4,0.820103
mix_between,4,0.905928
mix_drink,5,0.723810
mix_with_water,4,0.648126
mixer,5,0.812945
moan,4,0.598892
mob_mentality,4,0.897676
mobility,0,0.561736
moderate,5,0.414062
moderate_sore_throat,4,0.816768
moderator,3,0.658900
modern,0,0.555937
modify,6,0.403269
modify_my,4,0.633864
mojo,4,0.949374
mom_say,4,0.904661
moment_where,1,0.573907
momentary,6,0.602856
monday,1,0.625765
monday_evening,4,0.850275
mondino,7,0.784180
money_to_travel,4,0.894793
money_together,4,0.936143
monitor,7,0.460064
monster,2,0.654513
month_4,1,0.720893
month_or_two,4,0.890908
month_pregnant,2,0.315671
mood_killer,4,0.971570
more_accurate,7,0.680740
more_air,6,0.508439
more_annoy,1,0.286171
more_anxious,2,0.513667
more_bearable,4,0.460103
more_calorie,5,0.756739
more_comfy,4,0.836844
more_common,0,0.714927
more_complex,4,0.497602
more_complicated,0,0.444815
more_confident,1,0.259728
more_consistent,1,0.581353
more_control,1,0.583882
more_controllable,1,0.745198
more_easy,6,0.568316
more_energy,1,0.392562
more_enjoy,2,0.352211
more_expensive,7,0.785169
more_frequent,2,0.584358
more_frequently,1,0.471034
more_gas,6,0.438331
more_gassy,0,0.410034
more_importantly,1,0.400623
more_intense,2,0.460339
more_manage,1,0.362489
more_natural,1,0.514425
more_nauseous,2,0.704712
more_often,2,0.708638
more_often_than,2,0.667624
more_power,6,0.306937
more_precise,7,0.605789
more_productive,4,0.644622
more_progress,3,0.469700
more_prone,0,0.384006
more_rare,4,0.578884
more_relax,6,0.667799
more_satisfy,1,0.508634
more_sensitive,4,0.323746
more_severe,0,0.676979
more_space,4,0.564817
more_substantial,4,0.750747
more_subtle,4,0.752888
more_traumatic,4,0.615816
more_uncomfortable,2,0.419008
more_unit,1,0.480283
more_weight,4,0.389880
morning_sickness,2,0.638476
moscaritolo,4,0.950652
most_critical,1,0.669827
most_disgust,4,0.847940
most_doctor,0,0.487471
most_gps,3,0.601027
most_importantly,3,0.484506
most_intense,4,0.751661
most_notable,3,0.584317
most_of_my_life,0,0.718622
most_of_us,0,0.719428
most_part,1,0.465027
most_satisfy,4,0.876184
most_uncomfortable,2,0.606676
mostly_due,0,0.349588
motility,0,0.728901
motility_disorder,0,0.589287
motility_issue,0,0.815741
motility_test,7,0.648513
motion,6,0.848650
motion_sick,2,0.548142
motion_sickness,2,0.539643
motor,4,0.678634
motrin,5,0.573112
mouth,6,0.824993
mouth_breathe,0,0.556831
mouth_breather,4,0.924401
mouth_water,2,0.642449
mouthful,5,0.698208
mouthful_of_water,5,0.464638
mouthguard,4,0.918532
move_around,6,0.765640
move_down,6,0.736223
move_my_head,6,0.753456
move_my_jaw,4,0.679749
move_my_neck,6,0.689281
move_past,4,0.694918
move_through,5,0.471811
move_up,6,0.860224
move_your_head,6,0.705132
movement,6,0.827516
mr_karagama_who,7,0.801595
mr_omar,4,0.747486
mri,7,0.525692
ms_hicklin,7,0.816806
mthfr,4,0.766940
mu,4,0.925936
much_as_possible,6,0.628045
much_better,1,0.591947
much_cheap,7,0.754905
much_improve,1,0.407967
much_less,2,0.527328
much_relief,1,0.448616
much_worse,2,0.519011
mucinex,5,0.292525
mucosa,0,0.505108
mucous,6,0.385234
mucus,2,0.396755
mucus_in_my_throat,2,0.370543
mucus_in_throat,4,0.783645
muffin,5,0.856552
muffle,6,0.508298
multi,5,0.483117
multiple_injection,7,0.546071
multiple_round,1,0.352385
multiple_test,7,0.604293
multivitamin,4,0.820722
mum_and_dad,4,0.850964
musc,7,0.727757
muscle,6,0.674916
muscle_around,4,0.761147
muscle_connection,4,0.836866
muscle_dysfunction,4,0.764542
muscle_group,4,0.905122
muscle_in_my_throat,6,0.662477
muscle_in_your_throat,6,0.592088
muscle_mass,4,0.849446
muscle_memory,6,0.430664
muscle_movement,6,0.450267
muscle_relaxant,7,0.345315
muscle_relaxation,4,0.652028
muscle_responsible,4,0.680090
muscle_spasm,6,0.593320
muscle_tension,0,0.543173
muscle_tension_dysphonia,0,0.595316
muscle_tighten,4,0.864098
muscle_weakness,4,0.724289
musculature,4,0.794743
mushroom,5,0.759743
music_festival,1,0.459582
musical,3,0.465167
my_20s,2,0.513703
my_30s,0,0.511190
my_40s,0,0.650953
my_ab,6,0.833111
my_abdomen,6,0.836768
my_adams_apple,6,0.917766
my_airway,6,0.792299
my_anxiety,0,0.412842
my_apartment,4,0.832167
my_appetite,5,0.462042
my_appointment,7,0.662000
my_armpit,6,0.677544
my_assumption,3,0.644051
my_baseline,4,0.743728
my_bed,6,0.486743
my_belly,6,0.614398
my_belly_button,6,0.485397
my_bf,2,0.541327
my_bladder,4,0.630065
my_boob,4,0.805698
my_bowel,6,0.443568
my_boyfriend,2,0.566315
my_bra,4,0.829459
my_breath,6,0.652113
my_car,2,0.447126
my_case,0,0.783777
my_chest,6,0.639963
my_childhood,2,0.454231
my_chin,6,0.876465
my_clothes,5,0.436890
my_collarbone,6,0.793934
my_consult,7,0.758200
my_consultation,7,0.759582
my_copay,7,0.631571
my_core,6,0.854181
my_country,7,0.779338
my_cousin,3,0.471475
my_deductible,7,0.722205
my_deviate_septum,4,0.844949
my_diaphragm,6,0.921707
my_diet,5,0.693160
my_ear,6,0.684752
my_early_20s,2,0.571408
my_early_30s,4,0.595551
my_elbow,6,0.725690
my_emetophobia,2,0.426800
my_ent,7,0.679693
my_entire_life,2,0.455323
my_epiglottis,4,0.495379
my_esophagus,6,0.621196
my_experience,3,0.506224
my_eye,6,0.598650
my_family,3,0.405877
my_fear,2,0.375980
my_fellow,3,0.751932
my_finger,6,0.705302
my_first_dose,1,0.737156
my_first_round,1,0.778644
my_first_trimester,4,0.951386
my_fridge,4,0.809742
my_friend,2,0.496034
my_gag_reflex,2,0.581797
my_gastro,7,0.501267
my_gastroenterologist,7,0.687120
my_gf,3,0.328883
my_gi,7,0.577535
my_girlfriend,2,0.476331
my_gp,7,0.641143
my_grandfather,4,0.721657
my_gum,6,0.567533
my_gut,6,0.414674
my_hand,6,0.710289
my_heat_pad,4,0.731116
my_hero,4,0.695574
my_hip,6,0.610994
my_husband,2,0.473373
my_hypothesis,0,0.654277
my_insurance_company,7,0.879443
my_intestine,6,0.577322
my_iv,7,0.368685
my_jaw,6,0.868998
my_journey,3,0.739127
my_kid,2,0.441140
my_knowledge,7,0.585619
my_larynx,6,0.930985
my_left_side,6,0.472096
my_les,0,0.506633
my_life,2,0.413202
my_liver,4,0.624862
my_local,7,0.845871
my_lower,6,0.758076
my_lower_abdomen,2,0.555804
my_lower_esophageal,6,0.558649
my_lung,6,0.743162
my_mental_health,0,0.457491
my_mid_20s,0,0.401310
my_mid_30s,0,0.492160
my_mid_sixties,4,0.904756
my_mid_twenties,2,0.378724
my_midsection,4,0.793644
my_mouth,6,0.642524
my_nasal_passage,4,0.658649
my_neck,6,0.795073
my_nerve,6,0.351129
my_nose,6,0.577327
my_nostril,6,0.616717
my_oop,4,0.782209
my_organ,6,0.611666
my_pants,2,0.567542
my_pcp,7,0.672867
my_pediatrician,4,0.724894
my_period,2,0.546235
my_perspective,3,0.708318
my_phobia,2,0.423960
my_poor,3,0.479380
my_post_nasal,4,0.527923
my_posture,6,0.611669
my_ppi,1,0.385004
my_primary,7,0.725557
my_procedure,1,0.544807
my_progress,1,0.615952
my_quality,3,0.391926
my_r_cpd,0,0.699909
my_rib,6,0.789251
my_rib_cage,6,0.653941
my_ribcage,6,0.520828
my_saliva,2,0.432818
my_second_dose,1,0.786565
my_second_round,1,0.837511
my_second_trimester,4,0.709632
my_self,2,0.451558
my_shoulder,6,0.852592
my_sibling,3,0.452816
my_sinus,6,0.500617
my_spine,6,0.677402
my_sternum,6,0.745237
my_stomach,2,0.581058
my_story,3,0.876642
my_suspicion,3,0.537957
my_symptom,0,0.373356
my_teen,0,0.648143
my_third_trimester,4,0.760060
my_throat,6,0.482081
my_toe,6,0.686867
my_tongue,6,0.828231
my_tonsil,6,0.524006
my_trachea,6,0.723969
my_tummy,2,0.635193
my_twin,3,0.717941
my_twin_sister,3,0.636129
my_two_cent,4,0.765732
my_ues,6,0.720742
my_upper,6,0.842070
my_upper_abdomen,2,0.606690
my_upper_esophageal,6,0.604507
my_uvula,6,0.812947
my_vocal,1,0.428690
my_voice,1,0.439413
my_waist,4,0.387890
my_weight,5,0.458409
my_whole_life,0,0.491155
my_wife,2,0.388115
my_windpipe,6,0.791669
my_worst_nightmare,4,0.725565
myalgia,4,0.936319
mylanta,5,0.511444
myotomy,7,0.515322
mystery,0,0.791379
myth,3,0.627762
naar,7,0.513530
naive,3,0.595117
name,7,0.609697
namely,4,0.698821
nap,5,0.418261
narcissist,4,0.739396
nasal,6,0.389918
nasal_breathe,4,0.857593
nasal_cavity,6,0.453526
nasal_congestion,4,0.758802
nasal_endoscopy,7,0.718272
nasal_gastric,4,0.724861
nasal_passage,6,0.339112
nasal_polyp,4,0.798357
nasal_spray,5,0.424162
nasty,2,0.724727
natural,6,0.488663
natural_reaction,4,0.918344
naturopath,7,0.522261
naturopathic,4,0.789440
nausea,2,0.602774
nausea_etc,0,0.496375
nausea_go_away,1,0.604430
nausea_patch,4,0.885121
nauseate,2,0.796731
nauseous,2,0.791137
nauzene,4,0.773206
navel,4,0.873100
nbs,4,0.865099
near_constant,2,0.534689
near_the_bottom,6,0.557385
nearly_as_bad,1,0.418136
nearly_every_meal,4,0.894898
nebraska,7,0.806809
neck,6,0.893661
neck_and_jaw,4,0.565487
neck_area,6,0.655272
neck_crunch,4,0.926085
neck_exercise,6,0.288693
neck_forward,6,0.794392
neck_lift,4,0.595996
neck_massage,3,0.394503
neck_muscle,6,0.797013
neck_pain,6,0.338377
neck_position,6,0.635570
neck_posture,6,0.297769
neck_sit_up,6,0.363249
neck_strengthen,3,0.280666
neck_stretch,6,0.530315
neck_throat,4,0.774142
need_another,1,0.647124
need_to_be_able,3,0.319105
need_water,5,0.642463
needle,6,0.358204
needle_in_my_neck,4,0.776794
needle_phobia,4,0.708391
needle_through,7,0.482502
negative_experience,3,0.646165
negative_for_h_pylori,4,0.878070
negative_impact,3,0.590805
negative_pressure,6,0.592818
negative_reaction,4,0.843397
negative_side_effect,1,0.460092
neglect,0,0.510866
nerve,6,0.552310
nerve_damage,0,0.503575
nerve_rack,4,0.835003
nervous,1,0.407321
nervous_about,1,0.468000
nervous_system,0,0.687293
network,7,0.905437
neural,6,0.443496
neurodivergent,4,0.704195
neurological,0,0.820294
neurological_function,6,0.318721
neurological_issue,0,0.869507
neuromuscular,0,0.557195
neutral_position,4,0.846618
neutralize,5,0.592981
nevada,4,0.797643
never_bother,2,0.562529
never_connect,0,0.630976
never_connect_the_dot,4,0.909424
never_consider,0,0.706173
never_go_away,2,0.610363
never_heard_of_r_cpd,7,0.622176
never_occur,3,0.543301
never_realize,2,0.445823
nevermind,4,0.860897
new_ability,3,0.513806
new_condition,4,0.947319
new_doctor,7,0.728128
new_here,3,0.780022
new_information,3,0.715806
new_jersey,7,0.857862
new_mexico,7,0.772869
new_pcp,4,0.858361
new_power,4,0.951251
new_skill,4,0.669790
new_to_reddit,3,0.901049
new_to_this_community,3,0.822772
new_to_this_sub,3,0.865007
new_treatment,7,0.440660
newbie,3,0.826773
newbie_here,4,0.978057
newcomer,3,0.808758
nexium,5,0.366196
next_day,1,0.691477
next_dose,4,0.705742
next_monday,7,0.678109
next_month,7,0.635412
next_morning,1,0.464315
next_tuesday,4,0.618378
next_wednesday,7,0.688553
next_week,7,0.582842
nh,7,0.583401
nhs,7,0.873618
nhs_england,7,0.667069
nhs_gp,4,0.761550
nhs_group,4,0.949055
niacin,5,0.363298
nibble,4,0.850478
nice_nap,4,0.808087
nice_to_hear,3,0.628703
nice_to_know,3,0.759420
nice_to_meet,3,0.860144
niche,3,0.771988
nickname,2,0.444135
nicole,4,0.844974
niet,7,0.453888
night,2,0.596564
night_out,2,0.626868
nightly,2,0.394860
nightshade,5,0.629677
nighttime,2,0.659837
nissen_fundoplication,0,0.440174
nitric_oxide,4,0.705954
nitrogenize,5,0.594542
no_abnormality,4,0.767694
no_anesthesia,7,0.574169
no_anesthetic,7,0.693322
no_appetite,2,0.694064
no_burp,0,0.665279
no_burp_community,3,0.797223
no_burp_syndrome,0,0.747021
no_burp_yet,1,0.681460
no_burpee,4,0.879790
no_burper,0,0.649590
no_difference,2,0.089509
no_downside,4,0.948412
no_energy,4,0.785490
no_experiment_evidence,0,0.528224
no_expert,3,0.595670
no_general_anesthetic,7,0.740914
no_hesitation,4,0.873823
no_idea,0,0.501906
no_more,2,0.543984
no_proof,4,0.836316
no_regret,1,0.600517
no_regurgitation,1,0.643312
no_relief,1,0.472787
no_sedation,4,0.736201
no_stranger,4,0.841604
no_sugar,5,0.695919
no_wonder,2,0.632900
no_worry,3,0.677725
nobody_can,3,0.700965
noburp,0,0.822358
noburp_condition,0,0.818916
noburp_fam,4,0.950833
noburp_related,4,0.579306
noburp_subreddit,3,0.719061
noburp_symptom,0,0.552536
noburp_wiki,7,0.668953
noburper,0,0.713905
noburps,3,0.655091
noise,2,0.606895
noise_come,2,0.662764
noise_in_my_throat,2,0.603131
nomen,4,0.680511
non_alcoholic,5,0.697791
non_burp,0,0.668457
non_burper,3,0.578336
non_carbonate,5,0.804843
non_erode,4,0.672893
non_stop,2,0.745197
non_surgical,3,0.635592
nonburper,3,0.793997
none_of_those,0,0.317700
nonsense,3,0.478799
nonstop,2,0.831629
nonstop_gurgle,4,0.661572
noodle,5,0.898233
normal_burper,2,0.254421
normal_function,0,0.432389
normal_pace,4,0.924990
normal_population,4,0.749892
normal_side_effect,1,0.641341
normal_size,5,0.519765
normal_weight,4,0.636089
norovirus,2,0.454127
northeast,4,0.929487
northwest,4,0.852571
nortriptyline,4,0.597015
norwegian,4,0.797889
nose,6,0.566130
nose_and_down,6,0.433169
nose_and_throat,7,0.713002
nose_how,6,0.398919
nose_scope,7,0.565455
nose_spray,4,0.526161
nose_throat,7,0.717570
nostril,6,0.613339
not_be_able,2,0.427878
not_care,3,0.474851
not_diagnose_r,7,0.652586
not_fun,2,0.653243
not_get_discourage,1,0.727846
not_hesitate,3,0.659998
not_ideal,2,0.379246
not_recognize,7,0.683361
not_uncommon,0,0.788464
not_want,2,0.143533
nothing_come_out,2,0.767973
nothing_come_up,2,0.786171
nothing_crazy,1,0.594345
nothing_major,1,0.579147
nothing_wrong,7,0.412721
novelty,1,0.615876
november_2021,7,0.579706
now_as_a_adult,4,0.804546
nowhere_to_go,6,0.589663
np,7,0.730568
nsaid,4,0.576079
nsfw,3,0.593185
nu,7,0.466626
numb,6,0.468166
numb_agent,7,0.447556
numb_injection,4,0.922349
numb_spray,6,0.270951
numb_spray_up,4,0.452043
numb_stuff,6,0.184238
number_2,4,0.659721
number_of_people,7,0.593145
number_of_unit,4,0.636774
numbness,4,0.377456
numerous_time,3,0.471066
nurse_come,4,0.772372
nurse_office,4,0.628976
nurse_say,4,0.884332
nutrient_deficiency,4,0.886825
nux_vomica,7,0.606185
nyc_area,7,0.785317
nye,4,0.730148
oat,5,0.887568
oat_milk,5,0.761886
oatmeal,5,0.861664
obese,4,0.916370
object,6,0.847604
obnoxious,2,0.592420
obnoxious_loud,4,0.949919
obscene,4,0.928513
observant,4,0.934896
obstruct,0,0.667556
obstruction,0,0.725673
occasional,2,0.613835
occasional_heartburn,4,0.785653
occasional_regurgitation,4,0.585004
occasionally,2,0.684867
occasionally_ill,2,0.545247
occupational_therapist,4,0.845646
occur,2,0.500590
occurrence,2,0.379177
ocd,0,0.684008
och,7,0.465381
october_8th,4,0.908046
october_super_nervous,4,0.913565
odd,2,0.416281
odd_noise,4,0.791697
odd_occasion,4,0.924672
oesophagoscopy,4,0.804104
off_limit,4,0.850191
offender,4,0.661326
offer_in_office,4,0.707346
office,7,0.658271
office_awake,7,0.742000
office_injection,7,0.760557
office_instead,4,0.638942
office_procedure,7,0.680539
office_through,7,0.397510
office_treatment,7,0.782603
office_version,7,0.691885
office_versus,7,0.678427
office_visit,7,0.841401
office_while_awake,4,0.841830
official_diagnose,0,0.573710
official_name,4,0.825097
often_find_myself,4,0.527740
often_lead,2,0.417427
often_than_average,4,0.724819
og,7,0.629342
oh_awesome,4,0.950305
oh_boy,3,0.500975
oh_god,2,0.488737
oh_man,3,0.553255
oh_my_god,2,0.625254
oh_my_gosh,3,0.581587
oh_no,3,0.447619
oh_ok,3,0.646538
oh_okay,3,0.679528
oh_shit,4,0.787314
ohio,7,0.887657
ohip,7,0.856628
oily,5,0.761216
ok_thank,3,0.643744
ok_thanks,3,0.702835
old_age,3,0.654772
old_boy,3,0.623669
old_girl,4,0.852362
old_male,3,0.546763
old_man,3,0.810790
old_patient,7,0.655757
old_person,4,0.857394
old_son,3,0.503126
olive,4,0.880977
olive_garden,4,0.712083
olive_oil,5,0.878561
olly,4,0.834352
om,7,0.470213
omaha,7,0.758316
omar_mulla,4,0.811812
omeprazol,5,0.476340
omeprazole,5,0.333728
omg,3,0.494495
omg_same,4,0.581589
omg_yes,2,0.426891
once_every,1,0.502455
once_in_my_life,2,0.457805
once_or_twice,2,0.570223
ondansetron,5,0.379625
one_dose,1,0.499382
one_injection,7,0.540478
one_of_us,3,0.773628
one_point,2,0.636068
one_spot,6,0.434626
one_stone,4,0.858403
one_thing,2,0.234034
one_to_develop_r,7,0.636046
one_who,7,0.765726
onion,5,0.878378
onion_and_garlic,5,0.691401
onion_garlic,5,0.798115
online,7,0.732418
online_about,4,0.794800
only_50_unit,1,0.665412
only_be_able,2,0.600186
only_dry_heave,4,0.833346
only_eat_soft,5,0.504378
only_ever,2,0.623457
only_happen,2,0.720726
only_last,1,0.763270
only_one,3,0.647593
only_one_in_my_family,0,0.419181
only_person,3,0.732976
only_recent,0,0.556008
only_solution,3,0.309528
only_way_to_get_rid,4,0.788355
onset,0,0.671006
ontario,7,0.888145
oomph,4,0.914049
ooo,4,0.848706
oooh,3,0.591024
open_and_close,6,0.635275
open_mouth,6,0.481716
open_my_mouth,6,0.814945
open_my_throat,6,0.792768
open_proper,6,0.545362
open_slightly,4,0.695095
open_up,6,0.854454
open_your_mouth,6,0.816939
open_your_throat,6,0.709257
opera,4,0.867824
operate_room,7,0.622167
operate_room_procedure,7,0.644821
operate_table,6,0.351923
operation,7,0.759089
opinion_about,4,0.689309
opioid,4,0.749889
opt,7,0.738824
optimistic,1,0.600844
orange_juice,5,0.883656
organ,6,0.538904
organ_distortion,6,0.488570
organization,7,0.632621
orient,4,0.911757
origin,0,0.759622
original,7,0.619107
original_paper,3,0.701148
original_post,3,0.686080
originate_schedule,4,0.627255
orlando,7,0.840522
orourke,7,0.736262
os,7,0.375769
osmotic_laxative,4,0.735129
osteoporosis,0,0.655579
osu,7,0.849628
otc,5,0.540397
other_area,6,0.425873
other_complication,4,0.820256
other_condition,0,0.775794
other_country,7,0.788014
other_digestive,0,0.777695
other_disorder,4,0.639561
other_doctor,7,0.875182
other_end,2,0.485731
other_explanation,4,0.932576
other_factor,0,0.779494
other_gi,0,0.624589
other_girl,4,0.860308
other_health,0,0.833339
other_illness,0,0.582379
other_issue,0,0.860749
other_kid,3,0.387128
other_medication,5,0.350437
other_member,4,0.791746
other_method,3,0.548172
other_muscle,6,0.554128
other_option,7,0.628978
other_organ,6,0.508471
other_post,3,0.587739
other_problem,0,0.788937
other_side_effect,1,0.450936
other_specialist,7,0.806056
other_symptom,0,0.632063
other_test,7,0.635621
other_thing,0,0.570514
other_type,7,0.530977
other_underlying,4,0.909355
otherwise_fine,4,0.767382
oto_open,7,0.628536
otolaryngologist,7,0.772299
otolaryngology,7,0.874898
otolaryngology_department,4,0.698804
ou_en_anesthesia_general,7,0.674936
our_body,6,0.469170
our_entire_live,4,0.708036
our_esophagus,6,0.720899
our_issue,7,0.595602
our_medical_system,4,0.631890
our_mind,4,0.786523
our_muscle,6,0.597807
our_parent,3,0.576525
our_problem,0,0.713896
our_society,4,0.929824
our_stomach,6,0.639167
our_struggle,4,0.801485
our_symptom,0,0.575694
our_throat,6,0.697419
our_ues,6,0.540851
our_whole,4,0.684645
our_whole_live,3,0.677144
out_in_public,2,0.566941
out_my_mouth,4,0.718562
out_of_breath,2,0.593756
out_of_country,7,0.758543
out_of_my_mouth,6,0.630608
out_of_network,7,0.891812
out_of_pocket,7,0.723713
out_of_shape,4,0.768743
out_of_state,7,0.846234
out_with_friend,2,0.584064
outdoor,4,0.961728
outing,2,0.310397
outline,7,0.719655
outpatient,7,0.795264
outpatient_procedure,7,0.763607
outpatient_surgery,4,0.784676
outward,6,0.829962
outwards,6,0.586255
outweigh_any,4,0.945738
ovarian_cyst,4,0.367267
ovary,4,0.843469
over_18,7,0.454346
over_again,1,0.421738
over_the_counter,5,0.489871
over_the_toilet,2,0.666749
overall,1,0.435935
overeat,2,0.624549
overeating,5,0.680716
overgrowth,0,0.643716
overjoy,3,0.763346
overlap,0,0.733682
overload,4,0.696211
overlook,3,0.527798
overly,5,0.454422
overly_concern,4,0.957569
overly_tight,6,0.417310
overpriced,4,0.928479
overreact,3,0.445992
overshadow,4,0.896227
oversized,4,0.840307
overstate,3,0.616096
overthink_it,1,0.520658
overweight,0,0.561632
overwhelm,3,0.683045
p_0,7,0.585647
page,7,0.681450
pain,2,0.555115
pain_and_discomfort,0,0.427614
pain_bloat,2,0.633946
pain_cramp,4,0.863117
pain_discomfort,0,0.468726
pain_episode,2,0.379972
pain_hiccup,2,0.817752
pain_in_my_chest,2,0.663234
pain_killer,5,0.413219
pain_level,4,0.757272
pain_medication,5,0.413381
pain_subside,4,0.610554
painkiller,5,0.498632
painless,1,0.449201
palate,6,0.842790
pallet,6,0.598590
palp,4,0.840648
palpitation,2,0.461441
pam,4,0.934841
pancake,5,0.831418
pancreas,0,0.512868
panda,4,0.723986
panera,4,0.880426
panic,2,0.558419
panic_attack,2,0.696500
panic_because,2,0.528450
panic_disorder,0,0.387758
panic_induce,4,0.798961
panicky,2,0.618023
panini,4,0.842443
pantoprazole,0,0.287212
pantoprazole_40mg,4,0.932069
paper,7,0.681699
paperwork,7,0.850976
paracetamol,5,0.573480
paradox,0,0.439201
paralyze,6,0.641737
paralyze_muscle,4,0.731191
paranoid,1,0.239831
parasite,0,0.506745
parenting,4,0.868182
parking,7,0.692636
parkinson,4,0.670077
parkside,7,0.884161
parkside_hospital,7,0.868200
part,6,0.192314
part_of_my_life,3,0.539177
partake,4,0.547865
particle,4,0.706081
particular_loud,4,0.839431
partly,0,0.519772
partly_because,3,0.479982
partner,3,0.663399
partway,4,0.917553
party,2,0.542039
party_trick,2,0.453638
pass_away,4,0.853648
pass_down,6,0.521121
pass_gas,2,0.648806
pass_into,6,0.721393
pass_out,2,0.579016
pass_through,6,0.737469
passage,6,0.759948
passenger,4,0.590233
passer,7,0.603314
pasta,5,0.862209
pastry,5,0.769872
patch,5,0.331027
patchy,4,0.972326
pathetic,2,0.502816
pathologist,7,0.647622
pathology,0,0.721990
pathophysiology,4,0.933589
pathway,6,0.510114
patient_for_whom,4,0.844751
patient_who,7,0.710763
patient_with_yourself,4,0.917959
patronize,4,0.928268
pay_3k,4,0.924083
pay_600,7,0.727478
pay_700,4,0.824613
pay_850,7,0.619737
pay_close_attention,6,0.451541
pay_out_of_pocket,7,0.773750
pay_the_remainder,4,0.880166
payment,7,0.872656
pca_muscle,4,0.599631
pcp,7,0.784513
pd,4,0.950716
pdf,7,0.494598
pea,5,0.694300
peaceful,4,0.808358
peach,5,0.835133
peak,1,0.799032
peak_at_1_2_week,1,0.754399
peak_effect,4,0.840522
peak_ent,4,0.765541
peanut_butter,5,0.881632
pectus_excavatum,0,0.470696
peculiar,4,0.833085
pediatric,7,0.811106
pediatrician,7,0.509396
pee,2,0.621306
peer_review,7,0.641656
pelvic_floor_dysfunction,0,0.853091
pelvic_floor_issue,0,0.625796
pelvic_floor_muscle,6,0.602394
pelvic_tilt,4,0.728420
pelvis,6,0.791082
pendant,7,0.402754
penetration,4,0.901467
pennsylvania,7,0.908354
people_around,2,0.538781
people_describe,3,0.302724
people_in_this_group,3,0.803163
people_report,0,0.356650
people_with_r_cpd,0,0.852501
people_with_rip_d,4,0.849523
pepcid,5,0.544531
pepcid_ac,4,0.608756
pepper,5,0.792442
peppermint,5,0.642357
peppermint_oil,5,0.722066
peppermint_oil_capsule,4,0.431843
peppermint_tea,5,0.782919
pepto,5,0.742790
perceive,3,0.555403
percentage,7,0.583393
percentage_of_people,4,0.851346
perfect_position,4,0.864721
perfect_storm,4,0.853393
perform,7,0.696225
peristalsis,6,0.588474
peristaltic_motion,6,0.627061
permanent,1,0.353203
permanent_cure,7,0.519315
permanent_effect,1,0.463166
permanent_fix,1,0.327181
permanent_open,4,0.571743
permanent_result,1,0.568483
permanent_success,3,0.516165
perpendicular,4,0.623684
perpetuate,4,0.957776
perrier,4,0.712497
persistent_cough,1,0.601766
personality,0,0.539419
perspective,3,0.712613
pertain,4,0.906306
peso,4,0.923205
pester,4,0.955268
pet,3,0.489633
petit,7,0.468161
pfd,4,0.664996
ph_monitor,7,0.653085
ph_test,7,0.524123
pharyngeal,6,0.594610
pharynx,6,0.461227
phase,1,0.550350
phase_where,1,0.608301
phenergan,4,0.797801
phenomenon,0,0.647985
phew,3,0.765280
phlegm,2,0.468316
phlegm_stuck,4,0.842006
phobia,0,0.438098
phobia_of_throw_up,3,0.444965
phobia_of_vomit,2,0.503406
phone_appointment,7,0.738758
phone_call,7,0.795193
phoniatrics,7,0.665134
phoniatrie,4,0.748544
photophobia,3,0.395817
phrase,3,0.703808
physical_and_mental_health,4,0.944971
physical_cannot,2,0.343038
physical_condition,4,0.825296
physical_discomfort,4,0.542253
physical_health,3,0.524991
physical_manipulate,4,0.892373
physical_symptom,0,0.763834
physical_thing,4,0.526834
physician,7,0.810822
physio,6,0.407280
physiological,0,0.639211
physiotherapist,7,0.431261
physiotherapy,3,0.366001
picture,6,0.417220
pie,5,0.677056
piece_of_food,4,0.693168
piece_together,4,0.629775
pierce,7,0.460695
pilaris,4,0.966283
pill,5,0.598854
pill_stuck,6,0.413375
pillow,5,0.594337
pillow_of_air,4,0.741764
pillow_under,6,0.489890
pin_post,7,0.696449
pinch,6,0.871894
pineapple,5,0.690587
pinpoint,0,0.317147
pioneer,7,0.760254
pitch,6,0.482157
pitman_in_nyc,4,0.788154
pittman,7,0.895620
placebo,0,0.441975
placement,6,0.393895
plague,3,0.390333
plague_by,4,0.808782
plank,6,0.684534
plant_base,5,0.791626
plastic,6,0.435306
plateau,1,0.738285
plausible,0,0.752013
play_a_role,0,0.760338
play_into,0,0.549615
play_sport,2,0.454563
player,3,0.379586
please_keep,3,0.660470
please_keep_us_post,3,0.716250
please_keep_us_update,3,0.657227
pleasure,3,0.528872
plenty_of_microburp,4,0.756630
plight,4,0.939280
plug,6,0.692949
plus_side,1,0.634390
pneumonia,0,0.503878
pocket_of_air,6,0.763247
podcast_about,3,0.672069
point_of_view,3,0.718304
point_towards,4,0.895569
poison,6,0.227277
police,4,0.730858
policy,7,0.861931
politics,4,0.771096
ponder,4,0.860187
poo,2,0.443882
pooch,4,0.788784
pool,2,0.572705
poop,2,0.536250
poor,0,0.690618
poor_baby,4,0.938674
poor_diet,4,0.901438
poor_digestion,4,0.596347
poor_posture,0,0.603822
poor_thing,3,0.543742
poor_tongue_posture,4,0.864787
poor_understand,0,0.559589
pop,6,0.690054
pop_blood_vessel,4,0.791030
pop_in_my_throat,2,0.562548
pop_out,6,0.579581
popsicle,5,0.755297
pork,5,0.740052
porridge,5,0.854294
portable,4,0.908914
portal,7,0.824367
portion_size,5,0.732217
portland,7,0.877072
portland_oregon,4,0.896676
portrait,4,0.700054
pose_in_yoga,4,0.805167
posit,4,0.915544
position,6,0.785797
position_myself,4,0.579587
position_yourself,4,0.752553
positive,3,0.679522
positive_experience,3,0.674784
positive_impact,4,0.861829
positive_or_negative,4,0.712954
positive_outcome,7,0.635555
positive_result,3,0.722674
positivity,3,0.759342
possess,2,0.318547
possibility,0,0.519297
possible_lead,0,0.443159
possible_side_effect,7,0.564500
possible_solution,3,0.749704
post_above,4,0.715864
post_and_comment,3,0.779538
post_botox,1,0.685689
post_botox_diary,3,0.724843
post_botox_journey,4,0.765457
post_botox_update,1,0.753398
post_covid,4,0.761184
post_in_this_subreddit,4,0.920885
post_injection,1,0.856517
post_meal,5,0.280961
post_nasal_drip,2,0.444032
post_op,1,0.754147
post_partum,4,0.936809
post_procedure,1,0.847984
post_surgery,1,0.820725
post_update,3,0.585476
posterior,6,0.483259
postnasal_drip,0,0.331057
postnatal_drip,4,0.753549
postoperative,4,0.631450
postpartum,4,0.689654
postural,4,0.463165
posture,6,0.681077
pot,0,0.878809
pot_as_well,4,0.889528
potato,5,0.865857
potato_chip,5,0.396048
potential,0,0.701113
potential_cause,0,0.826418
potential_complication,4,0.841919
potential_side_effect,7,0.417969
pour_out,6,0.531875
powder,5,0.849126
power_eructate,4,0.653853
ppi,0,0.360536
ppi_medication,0,0.357913
ppi_use,0,0.426808
ppis,0,0.490195
ppis_for_35,4,0.815770
ppo,7,0.856613
practice,1,0.333286
practice_a_lot,1,0.522236
practice_enough,1,0.648810
practice_with_fizzy_water,1,0.724836
practise,1,0.446757
practitioner,7,0.822725
pre_auth,4,0.702318
pre_botox_symptom,1,0.491529
pre_exist_condition,7,0.714978
pre_op,7,0.693348
pre_op_appointment,7,0.742377
pre_op_room,4,0.596246
pre_operative,4,0.637011
pre_pregnancy,4,0.661145
pre_test,4,0.652691
pre_vomit,4,0.822105
precision,7,0.626985
precursor,4,0.875208
predate,4,0.944305
predominantly,0,0.599122
pregnancy,2,0.485673
pregnancy_test,7,0.616091
preliminary,7,0.838498
preliminary_test,4,0.802827
premier,4,0.762109
preop,7,0.619427
prepare,7,0.380882
prepare_room,4,0.748202
prescribe,0,0.431166
prescription,7,0.476358
prescription_medication,4,0.830937
present,0,0.752130
press,6,0.936437
press_against,6,0.827673
press_on_my_stomach,4,0.663327
pressure,6,0.609776
pressure_build_up,6,0.722341
pressure_buildup,2,0.561891
pressure_in_chest,2,0.523886
pressure_in_my_chest,2,0.723874
pressure_in_my_stomach,2,0.663222
pressure_in_my_throat,2,0.760861
pressure_inside,6,0.789641
pressure_on_my_chest,4,0.664154
pressurize,6,0.761507
pretty_bad,2,0.407244
pretty_clear,4,0.573544
pretty_common,0,0.570893
pretty_confident,3,0.439203
pretty_convince,0,0.646608
pretty_debilitate,4,0.890507
pretty_frequently,4,0.547232
pretty_funny,4,0.574006
pretty_grim,4,0.933697
pretty_gross,4,0.874556
pretty_intense,1,0.585305
pretty_loud,2,0.493278
pretty_mild,1,0.629016
pretty_much_go_away,4,0.660888
pretty_nervous,1,0.564314
pretty_normal,1,0.521359
pretty_obvious,4,0.869642
pretty_often,2,0.673269
pretty_quiet,2,0.455912
pretty_rare,1,0.493279
pretty_regular,2,0.554634
pretty_scared,4,0.617877
pretty_severe,0,0.567010
pretty_significant,1,0.411258
pretty_skinny,4,0.822818
pretty_sore,1,0.371308
pretty_thin,4,0.883831
pretty_typical,0,0.473372
pretty_uncomfortable,1,0.425638
pretty_violent,4,0.565625
pretty_weak,4,0.937817
pretty_weird,4,0.915452
prevalence,0,0.659981
prevent,6,0.353592
prevent_myself,4,0.879000
prevent_us,4,0.708316
previous_meal,4,0.744406
previous_thread,4,0.977197
price,7,0.806739
price_difference,4,0.687411
pricing,7,0.889958
prilosec,5,0.360043
primary,0,0.776998
primary_care,7,0.791215
primary_care_doctor,7,0.672804
primary_symptom,4,0.701294
princess,4,0.412392
principle,4,0.779721
print,7,0.721424
print_off,7,0.677673
print_out,7,0.783987
print_this,3,0.639831
prior_authorization,7,0.752916
prior_to_botox,0,0.562544
prior_to_surgery,7,0.478369
privacy,5,0.255429
private,7,0.818706
private_health,7,0.836945
private_health_care,4,0.693928
private_health_insurance,7,0.872992
private_healthcare,7,0.850830
private_hospital,7,0.915643
private_option,4,0.795139
privileged,4,0.925259
prize,4,0.773371
probable,4,0.636323
probably_why,0,0.458434
probe,6,0.429926
probiotic,5,0.687829
probiotics,5,0.645929
problem,0,0.581440
procedure,7,0.469802
procedure_a_few,4,0.904719
procedure_code,7,0.927121
procedure_cost,7,0.677423
procedure_itself,7,0.638044
procedure_schedule,7,0.704299
procedure_tomorrow,7,0.674258
procedure_under_ga,4,0.808203
procedure_under_general,4,0.773954
process_food,5,0.834641
produce_a_lot,2,0.458458
produce_gas,5,0.507886
produce_more_gas,5,0.484991
produce_more_saliva,4,0.877250
producer,4,0.896580
product,5,0.599652
production,0,0.544931
professional,7,0.701251
professional_life,4,0.909086
professor,7,0.897238
professor_novakovic,4,0.881434
profound_slow_swallow,1,0.499816
profuse,4,0.882750
progress_get_worse,1,0.350375
progress_worse,2,0.319506
projectile,2,0.620861
prolific,4,0.464032
prom,2,0.403819
promise,1,0.606975
promote,6,0.442642
prone,2,0.583918
prop_myself_up,5,0.463966
prop_up,5,0.548092
prop_yourself_up,4,0.587480
proper_burp,1,0.600108
proper_digest,4,0.683369
proper_posture,4,0.748520
property,4,0.661779
propofol,7,0.582054
propose,7,0.835545
propranolol,4,0.416296
protect_mechanism,4,0.828504
protein,5,0.884797
protein_drink,5,0.835778
protein_shake,5,0.914199
proton_pump,0,0.478222
protrude,6,0.833510
proud,3,0.653835
prove,0,0.590083
prove_by,7,0.545765
provide_relief,2,0.554224
provide_some_relief,2,0.469844
provider,7,0.910647
provider_who,7,0.649495
province,7,0.893714
proximal_esophagus,4,0.759548
prs,4,0.861434
pseudo,3,0.466576
pseudo_obstruction,0,0.806708
pseudoscience,3,0.582338
psoas,4,0.809304
psychiatric,0,0.503693
psychiatrist,7,0.615206
psychological,0,0.704545
psychological_issue,4,0.566132
psychologist,0,0.588404
psychosomatic,0,0.751624
psyllium_husk,4,0.871118
pterodactyl,2,0.440682
ptsd,0,0.683677
pu,7,0.429380
public,2,0.459554
public_healthcare,7,0.799703
public_place,2,0.497183
public_system,7,0.881181
publication,7,0.748312
publish,7,0.808789
publish_their,7,0.742902
puff,6,0.783768
puff_of_air,2,0.446727
puke,2,0.716491
pull_my_shoulder,6,0.467981
pull_over,4,0.506011
pull_trig,2,0.480685
pull_up,6,0.599542
pulmonary,4,0.611818
pulmonologist,4,0.907452
pulp,5,0.578771
pump,6,0.758287
puncture,4,0.697588
punish,4,0.866678
puppy_dog,4,0.934856
puree,5,0.864744
purple,4,0.592021
push_against,6,0.820111
push_air,6,0.830139
push_forward,4,0.892656
push_my_chin,6,0.583709
push_my_head,6,0.669383
push_my_jaw,6,0.543242
push_my_neck,4,0.665474
push_out,6,0.736246
push_them,6,0.593980
push_too_hard,2,0.382962
push_up,6,0.875333
push_upward,6,0.677358
push_upwards,4,0.898736
push_with_your_ab,6,0.394928
push_yourself,4,0.610407
put_into_word,4,0.633798
put_my_chin,6,0.770665
put_my_finger,2,0.561974
put_on_weight,5,0.415705
put_pressure,6,0.782861
put_to_sleep,7,0.615822
put_under,7,0.614771
put_under_general_anesthesia,1,0.562922
put_up,0,0.331072
put_your_finger,6,0.656041
pvc,4,0.769622
pylori,4,0.950965
ql,4,0.866190
quake,4,0.939111
quantify,0,0.612930
quantity,5,0.521288
que_tender,4,0.824354
queasy,2,0.640443
quebec,7,0.927005
query,7,0.631532
question_and_answer,7,0.525651
qui,7,0.482689
quick_and_easy,7,0.659261
quick_update,1,0.520626
quiet,2,0.549780
quiet_room,2,0.692211
quiet_space,4,0.929343
quirk,0,0.588770
quirky,4,0.747927
quit_smoke,2,0.287240
quite_annoy,4,0.561748
quite_bad,1,0.570154
quite_common,0,0.592696
quite_frequently,2,0.642862
quite_high,4,0.897854
quite_nervous,1,0.596281
quite_rare,3,0.486499
quite_severe,1,0.518690
quite_significant,4,0.934101
quite_sore,1,0.504733
quite_sure,3,0.525811
quite_the_opposite,4,0.888909
quote,7,0.902249
r/askreddit,4,0.811270
r/dysautonomia,4,0.949973
r/fodmap,4,0.757553
r/noburp,3,0.731023
r/noburp_page,7,0.620661
r/noburp_wiki,7,0.766105
r_cad,4,0.860079
r_cop,4,0.693798
r_cpd,0,0.871512
r_cpd_also,0,0.722840
r_cpd_and_emetophobia,3,0.575623
r_cpd_be,0,0.853328
r_cpd_because,0,0.569568
r_cpd_before,7,0.694250
r_cpd_botox,7,0.737203
r_cpd_but,0,0.729635
r_cpd_can,0,0.888467
r_cpd_cause,0,0.886474
r_cpd_community,4,0.757086
r_cpd_cure,4,0.911519
r_cpd_doctor,7,0.803034
r_cpd_emetophobia,4,0.982817
r_cpd_experience,4,0.653761
r_cpd_from_youth_until,7,0.644250
r_cpd_have,0,0.852084
r_cpd_i,0,0.768337
r_cpd_if,0,0.684026
r_cpd_itself,4,0.902251
r_cpd_make,4,0.688711
r_cpd_may,4,0.927289
r_cpd_my,0,0.539494
r_cpd_not,0,0.853152
r_cpd_page,4,0.757810
r_cpd_patient,7,0.700949
r_cpd_provider,4,0.912090
r_cpd_related,0,0.713071
r_cpd_serious,4,0.752574
r_cpd_so,7,0.665639
r_cpd_specific,4,0.904899
r_cpd_suffer,0,0.829089
r_cpd_symptom,0,0.727525
r_cpd_tend,4,0.946315
r_cpd_the,0,0.805008
r_cpd_through,4,0.853725
r_cpd_treatment,7,0.853930
r_cpd_uk,4,0.947188
r_cpd_when,4,0.584193
r_cpd_which,0,0.677655
r_cpd_will,4,0.646853
r_cpd_would,4,0.652539
r_cpders,4,0.677863
r_pod,4,0.909180
rabeprazole,4,0.702758
race_heart,4,0.580647
racist,4,0.732301
radiate,6,0.520268
radiate_to_my,4,0.642754
radio,3,0.720712
radiology,4,0.704132
raft,4,0.888900
rain,4,0.582105
raise_awareness,3,0.736713
raise_your,6,0.841954
raleigh_nc,7,0.756830
ramification,4,0.934393
randall,4,0.903775
random,2,0.639424
random_bout,4,0.881848
random_burp,2,0.446004
random_hiccup,2,0.797599
random_moment,4,0.880023
random_question,4,0.766410
random_start,1,0.639402
range_of_motion,4,0.857626
ranitidine,4,0.691437
rapid_gastric_empty,4,0.790576
raptor,4,0.819699
rare,0,0.499886
rare_condition,3,0.696144
rare_condition_suggest,0,0.570825
rare_occasion,2,0.681161
rarely_fart,4,0.743567
raspy,1,0.500820
rate_of_success,4,0.866838
rather_than_rely,4,0.891445
rational,3,0.493625
raw,5,0.780738
raw_onion,5,0.655341
raw_vegetable,5,0.886691
rcpd,0,0.737900
rcpd_exist,3,0.723270
rcpd_patient,7,0.799360
rcpd_related,0,0.707203
rcpd_specialist,7,0.782177
rcpd_suffer,0,0.550849
rcpd_symptom,0,0.436993
rcpders,4,0.779785
read_on_this_sub,3,0.572881
read_through,3,0.810183
real_bad,2,0.730165
real_burp,1,0.605399
real_condition,3,0.721582
real_life,3,0.726685
real_medical,3,0.717348
real_problem,0,0.544685
real_quick,3,0.486681
real_relief,4,0.624843
real_thing,3,0.692424
real_vomit,2,0.640906
realize_how_often,4,0.680797
really_affect,3,0.387407
really_annoy,2,0.697674
really_anxious,2,0.412689
really_awful,2,0.640189
really_bad,2,0.699764
really_bother,2,0.408632
really_busy,4,0.808913
really_dry,5,0.607000
really_embarrass,2,0.698520
really_excite,3,0.678750
really_frustrate,3,0.499339
really_glad,3,0.808138
really_gross,2,0.475139
really_happy,3,0.712907
really_help,5,0.411361
really_hope,1,0.485112
really_hopeful,3,0.653322
really_hungry,2,0.507849
really_impact,1,0.398277
really_intense,2,0.560404
really_loud,2,0.825860
really_nauseous,2,0.810627
really_quick,1,0.792304
really_sick,2,0.753162
really_sore,1,0.383913
really_struggle,1,0.346325
really_suck,2,0.495870
really_thirsty,4,0.834102
really_tough,1,0.772196
really_uncomfortable,2,0.786791
really_unpleasant,2,0.403858
really_vary,1,0.570682
really_want,3,0.440924
really_wide,6,0.820677
realm,3,0.481027
rear_end,4,0.944440
rearrange,4,0.754665
reason_behind,3,0.745627
reassure,3,0.531898
reassure_thank,4,0.978763
reassure_to_hear,3,0.669781
reassure_to_know,4,0.796664
recall,0,0.385040
recap,4,0.836642
recede,6,0.518373
receive_100_unit,4,0.745654
receive_50,1,0.547381
receive_80,4,0.852454
receive_botox,7,0.588916
recent_discover,3,0.695275
recent_discover_this_sub,4,0.821625
recent_learn,3,0.653805
recent_post,3,0.646257
recent_realize,4,0.795374
recent_year,0,0.609377
receptor,6,0.585775
recline,6,0.561254
recognize,3,0.532380
recognize_condition,3,0.662627
recover,1,0.541454
recovery,1,0.617718
recovery_process,1,0.623245
recovery_room,1,0.234410
recovery_time,1,0.621446
recreate,4,0.702117
recurrent,0,0.714527
recut_linjection_en_cabinet,7,0.685095
recycle,4,0.709565
red_bull,5,0.560117
red_meat,5,0.810227
red_wine,5,0.805212
reddit,3,0.750372
reddit_account,3,0.695675
reddit_app,4,0.788818
reddit_user,4,0.779558
redo,7,0.512223
reduce,5,0.371522
reduce_bloat,5,0.350490
reduce_by,1,0.301831
reduce_gas,5,0.520330
reduction,0,0.485747
refer,7,0.556668
refer_to_a_gastroenterologist,4,0.937080
referral,7,0.760447
refine_carbohydrate,4,0.843803
refine_sugar,4,0.748940
reflect,3,0.556029
reflex,6,0.637814
reflux,0,0.437058
reflux_and_regurgitation,1,0.316537
reflux_disease,0,0.561215
reflux_gourmet,5,0.438311
reflux_issue,0,0.567401
reflux_medication,5,0.283324
reflux_regurgitation,1,0.412082
refuse_to_believe,3,0.635037
regimen,5,0.492441
regional,4,0.833433
reglan,5,0.295837
regress,1,0.710605
regret,1,0.546679
regret_it,1,0.587969
regular_doctor,7,0.742786
regular_occurrence,4,0.877810
regular_people,2,0.407942
regulation,4,0.521113
regurgitate,2,0.481129
regurgitate_a_little,4,0.670124
regurgitate_food,5,0.510429
regurgitation,1,0.332826
regurgitation_issue,4,0.522071
reintroduce,5,0.719622
relatable,3,0.648575
relate_to_this,3,0.680064
related_issue,0,0.901450
related_somehow,4,0.647326
related_to_noburp,0,0.682855
related_to_r_cpd,0,0.772934
related_to_rcpd,0,0.627364
relation,0,0.866253
relationship,0,0.652816
relationship_between,0,0.623215
relationship_with_food,4,0.737098
relative_new,3,0.613372
relative_recent,4,0.929894
relax,6,0.684987
relax_and_let,6,0.486867
relax_and_open,6,0.723156
relax_enough,6,0.602026
relax_my_shoulder,4,0.905913
relax_my_throat,6,0.765150
relax_to_allow,6,0.456001
relax_your_body,4,0.769105
relax_your_throat,6,0.818372
relaxation,6,0.705410
relaxation_technique,4,0.630512
relearn_how,4,0.691817
release,6,0.586811
release_air,6,0.612556
release_any,2,0.427348
release_gas,6,0.592163
release_of_air,6,0.487201
release_some,6,0.458751
release_them,6,0.627275
reliable,3,0.323194
reliant,4,0.560309
relief,1,0.326537
relief_soon,3,0.567906
relieve,2,0.488201
relieve_gas,6,0.427250
relieve_myself,2,0.592685
relieve_pressure,2,0.540594
rely,6,0.305121
remain_the_same,4,0.638233
remedy,5,0.480383
remember_ever,2,0.421977
remember_exactly,1,0.126497
rennie,5,0.609452
rennie_deflatine,4,0.832205
rep,6,0.412275
repair,0,0.596381
repair_before,4,0.888802
repeat_injection,7,0.628052
repeat_until,4,0.493043
repercussion,4,0.763501
repetition,6,0.327591
repetitive,2,0.318414
replicate_it,3,0.240199
repost,3,0.678747
represent,7,0.580015
reprieve,4,0.971120
reproduce,3,0.328728
reputable,7,0.714793
request,7,0.880547
require_a_lot,6,0.465505
require_a_referral,7,0.861186
require_manometry,7,0.668368
research,0,0.547043
research_into,3,0.579273
research_paper,7,0.768872
research_r_cpd,4,0.670860
research_study,7,0.782141
research_team,4,0.653026
researcher,0,0.592098
resemble_a,4,0.867633
resident,7,0.912563
residual,6,0.371752
residue,5,0.561164
resource,3,0.632976
respiratory,0,0.550886
respiratory_infection,4,0.862138
respond_well,4,0.574267
rest,6,0.653113
restaurant,5,0.678349
restful,4,0.889671
restless,4,0.608409
restrict_my,5,0.541153
restrictive,5,0.596207
restrictive_diet,5,0.478083
restrictive_eat,4,0.839154
result_so_far,1,0.648482
retain_the,4,0.467062
retain_the_ability,1,0.584899
retain_the_ability_to_burp,1,0.619632
retch,2,0.713629
retch_sound,4,0.900368
retention,4,0.730291
retrain,6,0.419981
retrograde,0,0.466734
retrograde_cricopharyngeal,4,0.790822
retrograde_cricopharyngeal_dysfunction,7,0.640249
retrograde_cricopharyngeus_dysfunction,0,0.647352
retrograde_direction,6,0.388613
retrograde_only,0,0.504235
retrograde_only_neurological_dysfunction,4,0.830369
return_to_work,1,0.695648
reverse_burp,6,0.650312
review,7,0.893275
revision,4,0.937903
revolutionary,4,0.925203
rex,4,0.795148
reynard,4,0.978601
rheumatoid_arthritis,0,0.738354
rhinitis,4,0.851804
rib,6,0.681092
rib_cage,6,0.579692
rib_flare,4,0.671422
ribcage,6,0.721237
rice,5,0.883139
rice_cake,4,0.693116
rich_food,4,0.904923
richard,4,0.926696
ricola,4,0.884453
rid,3,0.461288
ridicule,3,0.677704
ridiculous,2,0.519990
ridiculous_amount,2,0.543935
rifaximin,5,0.347323
right_above,6,0.643876
right_arm,6,0.620400
right_before_bed,5,0.807422
right_behind,6,0.657883
right_below,6,0.846316
right_ear,4,0.905941
right_muscle,6,0.649833
right_on_track,4,0.693124
right_or_left,6,0.676617
right_side,6,0.571158
right_under,6,0.829295
rigid,6,0.565032
ring_around,4,0.936390
rip_apart,4,0.852029
rip_d,0,0.834008
rip_jack,4,0.904177
rip_open,4,0.919053
rise,6,0.836508
rise_in_my_throat,2,0.589826
rise_up,6,0.815065
risico,4,0.962045
risk,0,0.284505
risk_of_develop,0,0.654337
risk_of_esophageal,4,0.745560
risky,7,0.394081
ritalin,4,0.769324
riyadh,4,0.772489
roadblock,4,0.516792
roar,2,0.574891
robert_bastian,7,0.735811
robert_w_bastian_md,7,0.759476
robust,1,0.633273
rochester_ny,4,0.952626
rock_back_and_forth,4,0.684220
roemheld,4,0.694824
roemheld_syndrome,0,0.615821
rolaids,4,0.914140
role,0,0.416775
roll,6,0.704138
roll_my_rs,4,0.574703
roll_over,2,0.362109
roller,6,0.577781
room_temperature,5,0.732165
room_where,7,0.586496
rope,6,0.395500
rosacea,4,0.955710
rotate_my,4,0.909275
rough,1,0.738605
rough_patch,1,0.614100
roulette,4,0.908962
round_1,1,0.813259
round_2,1,0.796028
round_trip,7,0.683107
round_two,1,0.697018
routine,5,0.243986
rub,6,0.856601
rude,3,0.550183
ruin,2,0.549651
ruin_by,4,0.658726
ruin_my,2,0.434725
ruin_my_life,3,0.526221
ruin_so_many,4,0.933249
rule_out,0,0.698260
rule_out_anything,0,0.497851
rule_out_other,0,0.655942
rule_out_r_cpd,4,0.819484
rum,5,0.757629
rumble,2,0.655141
run_around,3,0.237047
run_down,6,0.459701
run_in_family,4,0.768168
run_in_my_family,0,0.699723
run_joke,4,0.679033
run_to_the_bathroom,2,0.714454
run_to_the_toilet,2,0.618802
runny_nose,2,0.503022
rush_to_the_bathroom,4,0.912348
russia,4,0.665613
rx,5,0.423701
sa,7,0.516991
saber,4,0.719141
safe_bet,4,0.882470
sag,4,0.633202
sake,3,0.806211
saline,7,0.491764
saliva,6,0.492362
saliva_mucus,4,0.806916
salivate,2,0.813827
salivate_a_lot,2,0.473091
salivation,2,0.536954
salt,5,0.816900
salt_lake_city,7,0.659476
salty,5,0.736490
salty_food,4,0.914619
salvia,4,0.742588
same_day,1,0.608842
same_experience,1,0.562098
same_problem,3,0.553941
same_situation,3,0.742030
same_time,1,0.426919
sample,7,0.562207
sample_size,7,0.493705
sampling,4,0.953924
san_diego,7,0.880921
san_leandro,7,0.957973
sandwich,5,0.815118
sanity,3,0.664542
sarah,4,0.854127
sarcasm,4,0.928024
satan,4,0.744143
satisfaction,2,0.456828
satisfy,2,0.447968
satisfy_burp,1,0.556799
sauce,5,0.832413
sauna,4,0.976573
savant,7,0.412472
save_my_life,3,0.637602
saw_doctor,7,0.915246
saw_doctor_villari,4,0.953885
say_excuse,2,0.340301
say_nope,4,0.741211
sc,7,0.866986
scam,3,0.700217
scan,7,0.459241
scare,2,0.389497
scared,2,0.362103
scared_of_vomit,2,0.442295
scary,1,0.376121
scary_at_first,1,0.620850
scary_part,4,0.771681
schatzki_ring,4,0.675839
schedule_for_april,4,0.766932
schedule_for_august,4,0.871889
schedule_for_june,4,0.824194
schi,7,0.689582
science_behind,3,0.519129
scientific,0,0.550684
scientific_argument,7,0.600628
scientific_evidence,3,0.533210
scientific_paper,4,0.805455
scientific_prove,4,0.944415
scientist,3,0.523889
scleroderma,4,0.811380
scope,7,0.630442
scope_down,6,0.443746
scope_down_my_nose,7,0.552825
scope_through,4,0.569189
score,4,0.951090
scotland,7,0.897749
scottish,4,0.918261
scramble_egg,5,0.839870
scratch,6,0.433560
scratch_throat,1,0.446058
scream,2,0.599928
screech,4,0.925738
scrunch,6,0.622841
scuba,4,0.540110
scuba_dive,3,0.513091
seafood,4,0.837801
search_on_here,3,0.429349
search_this_sub,3,0.679719
seasonal,4,0.750669
seat,6,0.625212
second_appointment,7,0.697264
second_attempt,7,0.661424
second_botox_shot,4,0.841548
second_dose,1,0.779825
second_injection,1,0.687305
second_jab,1,0.728675
second_one,1,0.722506
second_opinion,3,0.757739
second_pregnancy,2,0.608614
second_procedure,1,0.754792
second_round,1,0.736116
second_shot,1,0.667576
second_time,1,0.679512
second_time_around,1,0.824065
second_treatment,1,0.619440
second_week,1,0.836578
secondary,0,0.831259
section,7,0.589866
sedate,7,0.576651
sedation,7,0.533456
see_doctor_hicklin,4,0.661682
see_doctor_schindler,4,0.919332
see_doctor_spiegel,7,0.689146
see_he,7,0.811090
see_her,7,0.814154
see_result,1,0.638082
seed,5,0.819555
seek,3,0.642831
seek_help,3,0.743389
seek_out,7,0.667310
seek_treatment,3,0.705298
seem_to_be_able,2,0.436024
seem_to_fit,4,0.727412
seem_to_get_worse,0,0.458813
seem_to_help,5,0.565408
seem_to_trigger,5,0.694103
seem_to_vary,1,0.548576
seem_to_worsen,0,0.683264
seep,4,0.848936
segment,4,0.559582
seize,6,0.540237
seldom,3,0.526824
self_advocate,4,0.833461
self_confidence,4,0.829607
self_conscious,2,0.574372
self_conscious_about,2,0.661295
self_cure,3,0.523131
self_cure_method,3,0.315041
self_diagnose,0,0.667180
self_diagnose_myself,3,0.607161
self_esteem,0,0.573117
self_massage,6,0.475496
self_pay,7,0.838246
self_refer,7,0.742854
self_teach,3,0.603755
self_train,4,0.641085
selfish,3,0.669593
seltzer,5,0.692704
semaglutide,3,0.408699
semester,7,0.301450
sen,4,0.705955
send_a_referral,7,0.810215
send_he,7,0.783107
send_them,7,0.853195
sensation,6,0.571600
sensation_in_my_throat,2,0.463149
sensitive,5,0.345391
sensitive_enough,4,0.919149
sensitive_gag_reflex,2,0.502348
sensitive_stomach,2,0.502710
sensitivity,0,0.751421
sensitivity_to_botox,4,0.779356
sensory_issue,3,0.342641
sentence_without,4,0.855458
separate_issue,0,0.641096
septoplasty,4,0.930987
serious_life_change,4,0.693639
serotonin,0,0.561834
service,7,0.820444
set_of_symptom,3,0.564328
set_off,2,0.636394
several_doctor,7,0.746064
several_hour,5,0.665176
several_other,7,0.670888
several_time,2,0.488669
several_year_ago,7,0.519229
severe,0,0.674446
severe_anxiety,2,0.528710
severe_bloat,2,0.574245
severe_case,0,0.677470
severe_constipation,4,0.651914
severe_emetophobia,2,0.528767
severe_end,4,0.671885
severe_gerd,0,0.683357
severe_heartburn,4,0.911027
severe_impact,4,0.608301
severe_nausea,2,0.647981
severe_pain,2,0.572911
severe_reflux,0,0.603221
severe_regurgitation,1,0.588023
severe_side_effect,4,0.568996
severe_underweight,4,0.703193
severity,0,0.719277
sex_life,3,0.513987
shadow,4,0.836052
shake,5,0.723620
shake_my_head,4,0.744640
shake_up,4,0.638764
shaker,6,0.344108
shaker_exercise,1,0.208761
shaker_exercise_and_larynx_lower,6,0.197954
shaker_exercise_cricoid_massage,3,0.243536
shaker_exercise_help,6,0.343635
shaker_exercise_search,4,0.724341
shaker_larynx_lower,4,0.758908
shaker_method,4,0.487308
shaky,2,0.593248
shallow_breath,4,0.703317
shame,3,0.518980
shape,6,0.740380
shape_my_life,4,0.859150
share_their,3,0.831917
share_your_story,3,0.853503
sharma,7,0.678767
sharp,6,0.682611
sharp_pain,6,0.509918
she_ask,7,0.559714
she_inject,7,0.443661
she_put,7,0.531018
she_refer,7,0.799022
she_send,7,0.795521
she_suggest,7,0.512803
sheer,2,0.470899
sheet,7,0.665117
shepherd,4,0.845753
shift_my_head,4,0.864740
shirley_oak,7,0.865308
shit,2,0.430036
shit_suck,3,0.751449
shit_ton,5,0.440280
shiver,2,0.433565
shock,2,0.409381
shock_by,3,0.520689
shoe,6,0.484265
shoot_pain,4,0.475171
shoot_up,2,0.597527
short_answer,4,0.861415
short_flight,4,0.861547
short_live,1,0.695401
short_of_breath,2,0.724796
short_while,2,0.302085
shortly_after_eat,4,0.729279
shortness_of_breath,2,0.502559
shortness_of_breath_and_heart_palpitation,4,0.797309
shortness_of_breath_be,0,0.476685
shortness_of_breath_etc,4,0.863566
shortness_of_breath_i,2,0.267368
shot_of_vodka,4,0.809319
shotgun,4,0.615434
should_subside,4,0.741621
shoulder,6,0.852994
shoulder_blade,6,0.700258
shove,6,0.688247
shove_my_finger,2,0.387803
shovel,4,0.919901
show,0,0.443477
show_anything,7,0.459518
show_he,7,0.694124
show_nothing,7,0.493149
show_r_cpd,4,0.536727
show_them_doctor_bastian,7,0.610863
shrink,6,0.542671
shudder,4,0.952953
shut_down,0,0.295172
sibo,0,0.860143
sibo_and_h_pylori,4,0.947667
sibo_h_pylori,4,0.747734
sibo_test,7,0.491111
sick,2,0.758287
sick_and_tired,3,0.445050
sick_to_my_stomach,2,0.759120
sick_with_a_cold,4,0.616688
sickness,2,0.579518
side_affect,1,0.544280
side_effect,1,0.526136
side_shaker,3,0.325528
side_stitch,2,0.521022
side_to_side,6,0.813819
sideways,6,0.781151
sideways_shaker,4,0.529797
sigmoid_colon,4,0.626192
sign_off,4,0.864316
significance,3,0.509572
significant,0,0.488233
significant_cheap,7,0.745840
significant_improve,1,0.521310
significant_increase,4,0.683663
significant_progress,4,0.672446
significant_worse,2,0.374597
sil,7,0.352314
silent,2,0.615711
silent_fart,3,0.411933
silent_hiccup,4,0.655712
silent_migraine,4,0.582330
silent_one,4,0.618446
silent_reflux,0,0.746882
silly,3,0.473026
simethicone,5,0.536178
similar_condition,4,0.813339
similar_experience,3,0.461363
similar_issue,0,0.666986
similar_situation,3,0.713692
similar_story,3,0.696787
similar_to_mine,3,0.787967
similarity,3,0.694266
simultaneous,6,0.817572
since_august,4,0.874030
since_birth,0,0.541317
since_childhood,0,0.686812
since_forever,3,0.674848
since_infancy,0,0.660418
since_then,1,0.564656
sing,1,0.201022
sing_voice,1,0.496726
single_bite,5,0.684997
single_hiccup,2,0.729201
single_person,3,0.789215
single_time,2,0.419221
singular,4,0.605647
sinus,0,0.413719
sinus_drainage,4,0.692860
sinus_infection,0,0.506028
sinus_issue,0,0.489767
sinus_pressure,4,0.936798
sip,5,0.783688
sip_after_each,4,0.808272
sip_of_liquid,4,0.871788
sip_of_water,5,0.691023
sip_of_water_after_every,5,0.555830
sip_water,5,0.707410
sip_water_after_every,4,0.882936
sister,3,0.398392
sister_both,4,0.954728
sit,6,0.601526
sit_around,2,0.392110
sit_down,6,0.620652
sit_in_my_chest,4,0.878082
sit_in_my_throat,6,0.490195
sit_on_the_couch,4,0.800508
sit_or_stand,6,0.678840
sit_right,4,0.610591
sit_stand,6,0.640465
sit_straight,6,0.713147
sit_there,2,0.603745
sit_up,6,0.640881
sit_up_in_bed,4,0.554110
sit_up_straight,6,0.809081
sit_upright,6,0.576609
situation,0,0.267566
six,1,0.568538
six_day,1,0.595415
six_month_pregnant,4,0.887252
six_pack,4,0.730689
six_year,0,0.496735
sjogren,4,0.926189
skeptical,7,0.582750
skinny,2,0.423503
skinny_guy,4,0.937592
skip_breakfast,2,0.476852
skip_dinner,4,0.890396
skip_meal,5,0.517136
skirt,4,0.802269
sky,3,0.554945
slam,6,0.526379
slap,0,0.492482
sleep_apnea,0,0.811554
sleep_at_night,2,0.327369
sleep_elevate,5,0.692028
sleep_last_night,2,0.337618
sleep_on_a_incline,5,0.706600
sleep_on_a_wedge,5,0.690968
sleep_on_my_stomach,2,0.258234
sleep_position,4,0.651587
sleep_prop_up,5,0.750480
sleep_quality,4,0.744314
sleepy,1,0.389754
slight_burn,4,0.922231
slight_difficulty,4,0.844283
slight_discomfort,1,0.364224
slight_lump,1,0.487783
slight_pain,4,0.741529
slight_regurgitation,4,0.826044
slight_slow_swallow,1,0.834100
slight_sore_throat,1,0.667743
slightly_better,1,0.488863
slightly_different,3,0.438510
slightly_forward,6,0.770182
slightly_high,7,0.438900
slightly_lower_success_rate,4,0.874560
slightly_nauseous,4,0.653165
slightly_overweight,4,0.948483
slightly_sore,4,0.750508
slightly_sore_throat,1,0.623440
slightly_worse,1,0.493595
slim,5,0.310098
slime,4,0.584574
slip_out,2,0.500223
slouch,6,0.735369
slow_and_gentle,4,0.813345
slow_but_surely,1,0.748536
slow_digestion,0,0.574756
slow_eater,4,0.846155
slow_get_better,1,0.731466
slow_motility,0,0.584950
slow_move,4,0.497207
slow_progress,1,0.858118
slow_release,4,0.626057
slow_sip,5,0.827379
slow_starter,1,0.619224
slow_swallow,1,0.660092
slow_swallow_begin,1,0.740598
slow_swallow_etc,1,0.692344
slow_swallow_kick,1,0.755011
slow_swallow_last,1,0.831431
slow_swallow_regurgitation,4,0.553680
slow_swallow_side_effect,1,0.612427
slow_swallow_start,1,0.758213
slow_swallow_which,1,0.718546
slump,6,0.577661
slurp,5,0.788341
sm,3,0.692703
small,1,0.332411
small_amount,5,0.588567
small_and_quiet,4,0.920227
small_bite,5,0.776452
small_bite_chew,4,0.719025
small_bowel,0,0.587613
small_bubble,6,0.694441
small_burp,1,0.523948
small_camera,6,0.462099
small_dose,7,0.563645
small_group,4,0.953775
small_hiatal_hernia,4,0.945586
small_intestine,6,0.486461
small_intestine_bacterial_overgrowth,4,0.697551
small_meal,5,0.854556
small_micro,1,0.706561
small_mouthful,5,0.770746
small_one,1,0.477402
small_pill,4,0.588602
small_portion,5,0.910018
small_silent,4,0.903197
small_sip,5,0.785584
small_sip_of_water,5,0.642846
small_snack,5,0.784389
smell,2,0.683755
smell_bad,2,0.464180
smell_fart,4,0.564824
smell_taste,4,0.744915
smile,2,0.285328
smoke,2,0.505798
smoke_cigarette,4,0.438794
smoke_salmon,5,0.729985
smooth_muscle,6,0.550373
smooth_recovery,4,0.945581
smoothie,5,0.885439
snack,5,0.886459
snake,6,0.583145
sneak_off,4,0.568482
sneeze,2,0.672809
sneeze_cough,4,0.862358
sneeze_or_cough,4,0.676391
sniff_and_swallow,6,0.527310
sniffle,2,0.469426
snorkeling,4,0.746762
snorkelling,4,0.964995
snort,4,0.743409
snot,4,0.904684
so_annoy,2,0.715822
so_annoyed,3,0.651453
so_bad,2,0.708011
so_confuse,3,0.643899
so_cool,3,0.753547
so_debilitate,2,0.481237
so_desperate,3,0.513706
so_disappoint,3,0.700939
so_discourage,3,0.611401
so_embarrass,2,0.732408
so_excite,3,0.536480
so_foreign,4,0.723736
so_frustrate,3,0.470744
so_funny,3,0.534625
so_glad,3,0.747892
so_grateful,3,0.840754
so_gross,2,0.715195
so_happy,3,0.688143
so_hard,2,0.567580
so_hopeful,3,0.560775
so_hopeless,4,0.714038
so_long,3,0.358118
so_loud,2,0.791705
so_lucky,3,0.829928
so_miserable,2,0.568834
so_much_better,1,0.497730
so_nervous,1,0.507635
so_nice,3,0.670269
so_overwhelm,3,0.580195
so_proud,4,0.769179
so_reassure,3,0.816767
so_refresh,4,0.837038
so_relatable,4,0.669284
so_relieve,3,0.639495
so_sad,3,0.652005
so_satisfy,2,0.574310
so_scared,2,0.533940
so_sorry,3,0.651015
so_sweet,7,0.539256
so_thankful,3,0.830012
so_thrill,4,0.705974
so_tight,6,0.660027
so_tired,2,0.521674
so_uncomfortable,2,0.887600
so_validate,3,0.831418
so_weird,2,0.672560
so_your_mileage,4,0.880103
soak,5,0.703008
soap,4,0.426376
soar_throat,4,0.800551
sober,2,0.540987
social_acceptable,4,0.667742
social_anxiety,0,0.588487
social_event,2,0.590584
social_gather,2,0.512057
social_life,0,0.427970
social_media,3,0.635883
social_occasion,4,0.581638
social_setting,2,0.757785
social_situation,2,0.738220
socialize,5,0.492574
socialize_medicine,4,0.811394
sock,6,0.359587
soda,5,0.710368
soda_beer,5,0.667273
soda_etc,4,0.723922
soda_water,5,0.715367
sodium,5,0.745232
sodium_alginate,4,0.878964
soft,5,0.789352
soft_drink,5,0.720670
soft_food,5,0.798349
soft_food_like,5,0.796421
soft_palate,6,0.735040
soft_pallet,6,0.737329
soft_speak,4,0.939891
soft_tissue,4,0.569898
solar_plexus,4,0.854960
solid_food,5,0.758492
soluble,5,0.838608
solve_nothing,4,0.811308
some_advice,3,0.582216
some_answer,3,0.575471
some_encouragement,3,0.773189
some_extent,5,0.364229
some_extra,5,0.465900
some_food,5,0.791934
some_ibuprofen,4,0.548396
some_ice_cream,5,0.584480
some_improvement,1,0.209240
some_irritation,4,0.794382
some_level,0,0.612171
some_medicine,7,0.207994
some_microburp,1,0.773200
some_mild,0,0.271607
some_numb_spray,4,0.588733
some_of_us,0,0.605939
some_paperwork,4,0.768635
some_progress,3,0.442467
some_regurgitation,1,0.457798
some_relief,1,0.312965
some_research,3,0.567315
some_soreness,1,0.489023
some_soup,5,0.673288
some_trouble,7,0.451610
some_tums,4,0.758259
some_tylenol,4,0.941874
some_water,5,0.797244
some_yoga,4,0.713209
somebody_who,3,0.519350
somehow_related,0,0.502882
someone_tell,3,0.599151
something,2,0.182299
something_call,7,0.487527
something_stuck,6,0.452832
sometimes_a_little,2,0.566701
sometimes_accompany,4,0.830822
sometimes_ill,2,0.718346
somewhat,0,0.348567
somewhat_manage,4,0.803119
somewhat_relieve,4,0.580248
somewhat_similar,4,0.923412
somewhere_along,4,0.708489
soothe,5,0.552663
sore,6,0.346723
sore_neck,4,0.665390
sore_spot,4,0.775437
sore_throat,1,0.497150
sore_throat_after,1,0.592752
sore_throat_afterwards,4,0.701011
sore_throat_go_away,4,0.847107
soreness,1,0.320357
sorry_in_advance,4,0.966698
sort_of_like,6,0.704380
sort_of_thing,3,0.492221
sort_soon,4,0.723396
sortie,4,0.753353
soul,3,0.662075
sound,2,0.404583
sound_a_bit,6,0.335755
sound_a_little,2,0.415633
sound_amazing,3,0.718707
sound_awful,3,0.537213
sound_crazy,2,0.424512
sound_different,1,0.527068
sound_disgust,4,0.865552
sound_fantastic,4,0.917457
sound_gross,4,0.467943
sound_horrible,3,0.653786
sound_insane,4,0.872127
sound_more,2,0.454500
sound_normal,1,0.637868
sound_rough,3,0.601189
sound_scary,1,0.483169
sound_terrible,3,0.661353
sound_very_familiar,4,0.934538
sound_wave,4,0.827931
sound_weird,6,0.316478
soundless,2,0.608593
soup,5,0.843906
soup_and_protein,4,0.838626
soup_smoothie,5,0.840681
sour,5,0.786482
sour_stomach,4,0.747823
sour_taste,2,0.426481
source,7,0.631261
sourdough,4,0.856487
southern_california,7,0.922969
southern_indiana,4,0.863549
space_above,6,0.378929
space_between,4,0.659281
spain,7,0.843963
span,1,0.417472
sparkle,5,0.680223
sparkle_water,5,0.674943
spasmodic_dysphonia,7,0.469405
spat,4,0.654747
speak,7,0.340992
speak_voice,4,0.595315
specialist,7,0.737580
specialist_who,7,0.723112
specialize,7,0.771924
specialize_in_medical_anxiety,4,0.646170
specific_ask,7,0.805376
specific_design,4,0.770311
specific_food,5,0.571866
specific_name,4,0.851973
speculate,0,0.796217
speech,7,0.375682
speech_language_pathologist,4,0.960982
speech_pathologist,7,0.606256
speech_therapy,7,0.511730
spend_year,3,0.586767
spew,2,0.523355
sphincter,6,0.648928
sphincter_between,4,0.702471
sphincter_les,6,0.394759
sphincter_muscle,6,0.796366
sphincter_ues,6,0.608708
spice,5,0.874686
spicy,5,0.880531
spicy_fatty,4,0.751843
spicy_food,5,0.874062
spicy_stuff,4,0.845837
spill_into,4,0.756279
spindrift,4,0.812087
spine,6,0.745685
spirit,5,0.777165
spit,2,0.565093
spit_constant,4,0.870296
spit_out,5,0.555389
spit_up,2,0.680104
split_second,2,0.542238
splutter,4,0.598439
spoiler_alert,4,0.731189
spontaneous,2,0.487991
spoon,5,0.590478
spot,6,0.684624
spot_where,4,0.645327
spray,6,0.444341
spread_awareness,3,0.747696
spread_throughout,4,0.858160
sprite,5,0.757400
spurt,4,0.710909
squash,5,0.838854
squat,6,0.683382
squat_down,4,0.497942
squat_instead_of_bend,5,0.572940
squat_instead_of_bend_over,5,0.761994
squeak,6,0.493549
squeamish,3,0.446900
squeeze,6,0.954812
squeeze_my_stomach,6,0.692655
squish,6,0.713816
squishy,4,0.722455
ssri,0,0.573373
st_louis_park_mn,4,0.807662
stab,2,0.503463
stab_pain,2,0.647076
staff,7,0.832551
stage_where,4,0.614320
stalk,4,0.821351
stance,4,0.740328
stand,6,0.681918
stand_for_retrograde,4,0.915983
stand_or_sit,6,0.327037
stand_to_reason,4,0.843815
stand_up,6,0.696270
standard_amount,4,0.894791
standard_dose,1,0.372565
standpoint,0,0.473175
staple,4,0.894459
star,7,0.529802
starbucks,4,0.907035
starch,5,0.744998
start_dry_heave,2,0.738479
start_microburp,1,0.869020
start_salivate,4,0.732304
start_shaker,1,0.438233
start_to_finish,7,0.664333
start_to_subside,4,0.687348
start_to_wear_off,1,0.693900
startle,2,0.685452
starve,5,0.586716
starve_myself,2,0.516760
stat,7,0.752129
statement,3,0.531787
statistic,7,0.623812
stay_away,5,0.879176
stay_calm,5,0.431368
stay_healthy,4,0.956956
stay_home,5,0.498592
stay_hydrate,5,0.823198
stay_in_touch,4,0.820196
stay_inside,4,0.784605
stay_open,6,0.436309
stay_overnight,7,0.619930
stay_the_same,0,0.344949
stay_upright,5,0.391243
stem,0,0.813765
stenosis,4,0.921427
step_3,4,0.642682
step_to_address,4,0.824318
sternum,6,0.683833
sternum_area,4,0.690224
steroid,6,0.224653
stewart,4,0.774070
stick_my_finger,2,0.504600
stick_my_tongue,4,0.478344
stick_to_liquid,4,0.637623
stick_two_finger,4,0.807609
stick_your_finger,6,0.544620
stick_your_neck,6,0.794235
sticker,7,0.559325
sticky_pad,6,0.487599
stiff,6,0.694317
stiffness,6,0.449843
stifle,4,0.655972
still_a_little,1,0.603035
still_able,1,0.602999
still_active,1,0.488631
still_present,1,0.410348
still_recover,1,0.679467
still_sore,1,0.313993
still_struggle,1,0.573636
still_suffer,0,0.475577
still_unsure,4,0.729031
stimmklinik,4,0.697926
stimulant,5,0.597972
stimulate,6,0.817384
stimulation,6,0.591879
stimulus,6,0.468267
sting,6,0.531080
stitch,6,0.243396
stoke,3,0.611430
stoma,0,0.538708
stomach,6,0.613532
stomach_ache,2,0.720106
stomach_acid,6,0.484863
stomach_acid_production,4,0.748855
stomach_and_esophagus,0,0.457730
stomach_area,2,0.608610
stomach_bug,2,0.646407
stomach_cancer,0,0.681523
stomach_churn,4,0.854822
stomach_content,6,0.677699
stomach_contraction,4,0.914382
stomach_cramp,2,0.643341
stomach_discomfort,2,0.545610
stomach_distension,4,0.428420
stomach_expand,4,0.889243
stomach_flu,2,0.554498
stomach_fluid,4,0.633197
stomach_gas,5,0.422392
stomach_hurt,4,0.877599
stomach_infection,4,0.737134
stomach_issue,0,0.757536
stomach_lining,4,0.819415
stomach_muscle,6,0.849732
stomach_nausea,2,0.409438
stomach_noise,2,0.687112
stomach_pain,2,0.637032
stomach_problem,0,0.690206
stomach_rumble,2,0.754885
stomach_ulcer,0,0.753780
stomach_vacuum,3,0.408251
stomach_virus,2,0.629410
stomach_wall,4,0.910328
stomachache,2,0.797734
stool,6,0.487682
stool_sample,7,0.482553
stool_softener,4,0.872729
stool_test,0,0.521997
stop_altogether,4,0.960714
stop_eat,5,0.867528
stop_myself,2,0.569373
stop_smoke,4,0.617250
stop_take,5,0.305905
stop_work,1,0.761792
story,3,0.802546
story_here,3,0.757867
stout,5,0.691193
straight_into,4,0.489191
straight_shoulder,6,0.659170
straighten,6,0.861310
straighten_my,4,0.701228
strain,6,0.753896
strange_noise,2,0.527316
strange_sensation,2,0.417468
stranger,3,0.462384
strangle,2,0.509478
stream_of_air,4,0.924222
strength,6,0.667733
strengthen,6,0.706267
strengthen_muscle,4,0.776664
strep,1,0.438526
strep_throat,2,0.307858
stress,0,0.326823
stress_about,1,0.461611
stress_and_anxiety,0,0.549546
stress_anxiety,4,0.662999
stress_enough,4,0.467913
stress_or_anxious,4,0.640746
stress_situation,2,0.593908
stressor,4,0.767112
stretch,6,0.787211
stretch_colon,4,0.826817
stretch_exercise,4,0.617917
stretch_my_neck,6,0.831081
stretch_out,6,0.688000
stretch_out_esophagus,4,0.859987
stretch_your_neck,6,0.781481
strip,5,0.549744
strive,4,0.496798
stroboscopy,7,0.747823
stroke,0,0.538849
strong_link,4,0.749907
strong_reaction,4,0.901045
struggle,2,0.332906
struggle_a_bit,1,0.661216
struggle_a_lot,0,0.428115
struggle_to_breathe,2,0.795539
struggle_to_swallow,5,0.522003
struggle_with_emetophobia,3,0.576512
struggle_with_the_same,3,0.713989
stuck,6,0.531943
stuck_air,2,0.520346
stuck_around,4,0.668961
stuck_in_my_chest,2,0.583232
stuck_in_my_esophagus,4,0.657816
stuck_in_my_throat,2,0.580347
stuck_in_your_throat,5,0.364380
stuck_my_finger,4,0.744814
stud,4,0.799854
study,7,0.606663
study_and_potential_participate_please,7,0.628194
stuff,5,0.498256
stuffy,4,0.670955
stuffy_nose,2,0.559209
stumble,3,0.738620
stumble_across_this_subreddit,4,0.815864
stumble_upon,3,0.736097
stumble_upon_this_sub,4,0.750002
stupid,3,0.387995
stutter,4,0.780546
sub,3,0.647509
sub_reddit,3,0.720508
sub_wiki,7,0.710559
subconscious,6,0.476443
subject,7,0.622346
subjugation,4,0.917317
submit,7,0.912383
subreddit,3,0.747572
subreddit_wiki,7,0.662336
subsequent,1,0.384888
subsequent_injection,4,0.658623
subside,1,0.496047
subside_a_lot,4,0.926689
substantial,1,0.603469
subtle,6,0.425039
succeed,3,0.475148
success,1,0.444387
success_appeal,4,0.807162
success_rate,7,0.516986
success_so_far,1,0.758686
success_with_shaker_exercise,3,0.422895
succession_of_microburp,4,0.852356
succinylcholine,4,0.756963
such_a,3,0.542076
such_a_bummer,4,0.913702
such_a_nice,4,0.879922
such_a_novelty,4,0.903002
such_a_relief,3,0.702982
such_a_shame,4,0.790693
such_a_strange,3,0.701013
such_a_weird,2,0.342754
such_bad,2,0.608495
such_discomfort,4,0.608586
such_severe,0,0.536320
suck_in_air,6,0.594417
suck_so_bad,4,0.906681
sucralfate,5,0.445984
sudafed,5,0.467014
sudden_onset,4,0.856253
suddenly_develop,4,0.894861
suffer,0,0.569877
suffer_a_lot,4,0.669964
suffer_from_constipation,4,0.675930
suffer_from_emetophobia,3,0.424792
suffer_from_r_cpd,0,0.658932
suffer_from_severe,0,0.471334
suffer_my_entire,4,0.739632
suffer_the_same,3,0.677340
suffocate,2,0.590547
sugar,5,0.850338
sugar_alcohol,5,0.753386
sugary,5,0.872439
sugary_food,5,0.733384
sugary_stuff,4,0.795340
summon,4,0.609454
sunday,1,0.616261
super_annoy,2,0.648919
super_anxious,1,0.491184
super_bad,2,0.768598
super_bloat,2,0.814728
super_early,1,0.728556
super_embarrass,2,0.632485
super_excite,3,0.621088
super_fast,1,0.410635
super_frustrate,3,0.634138
super_full,2,0.606839
super_gassy,2,0.701062
super_gross,2,0.553160
super_hopeful,4,0.907391
super_hungry,4,0.556530
super_loud,2,0.807806
super_low,4,0.920000
super_nauseous,2,0.838164
super_nervous,7,0.541131
super_pain,2,0.805257
super_power,3,0.744029
super_quick,7,0.486884
super_rare,1,0.407683
super_relieve,4,0.810525
super_scary,1,0.529160
super_sensitive,2,0.440998
super_skinny,4,0.747913
super_strict,4,0.928086
super_thin,4,0.947723
super_tight,6,0.800691
super_tiny,4,0.395784
super_tired,1,0.653697
super_uncomfortable,2,0.815535
super_weird,2,0.435036
supermarket,5,0.607072
superpower,3,0.623346
supplement,5,0.607248
support_community,4,0.851884
support_each,4,0.746142
support_evidence,4,0.894592
support_group,3,0.814157
suppository,4,0.538237
suppress,2,0.486259
suppress_it,2,0.286798
sure_as_hell,4,0.940994
sure_what,3,0.338523
surface_area,4,0.659035
surface_tension,4,0.794032
surfactant,4,0.758086
surge,4,0.668321
surgeon,7,0.879944
surgeon_who,7,0.765806
surgery,7,0.364571
surgery_center,7,0.774790
surgery_itself,7,0.631109
surgery_on_wednesday,4,0.953033
surgery_room,7,0.590249
surgery_schedule,7,0.696004
surgical,7,0.888081
surgical_center,7,0.804274
surgical_option,4,0.852046
surprise_by,1,0.359500
surreal,1,0.528297
surround_area,7,0.661804
survey_here,3,0.745331
suspect,0,0.894864
suspect_r_cpd,4,0.903561
suspect_that,0,0.801350
suspicion,0,0.859546
suspicion_that,4,0.683674
swallow,6,0.271906
swallow_a_lot,2,0.437671
swallow_a_ton,2,0.339448
swallow_air,2,0.470208
swallow_and_sniff,6,0.374719
swallow_difficult,0,0.323520
swallow_difficulty,1,0.398506
swallow_disorder,7,0.628162
swallow_food,5,0.539443
swallow_issue,0,0.330655
swallow_less,6,0.346567
swallow_liquid,5,0.419740
swallow_more,2,0.307849
swallow_my_own,2,0.416353
swallow_pill,5,0.307625
swallow_problem,0,0.511529
swallow_proper,5,0.169817
swallow_reflex,4,0.700933
swallow_saliva,2,0.543522
swallow_solid,5,0.380678
swallow_study,7,0.739638
swallow_technique,4,0.473098
swallow_test,7,0.639543
swallow_water,5,0.464869
sweat,2,0.712158
sweat_shake,4,0.892651
sweater,6,0.625284
sweatpants,4,0.654397
sweet_potato,4,0.728240
swell,6,0.485775
swell_throat,4,0.601596
swig,5,0.668940
swig_of_water,4,0.646727
swim_competitive,4,0.809349
swish,5,0.529615
switch_side,4,0.890049
sydney,7,0.939622
sydney_australia,7,0.834131
sympathy,3,0.661223
symphony,4,0.759368
symptom,0,0.546633
symptom_associate,0,0.685899
symptom_disappear,1,0.283049
symptom_free,1,0.715998
symptom_get_worse,0,0.679411
symptom_include,0,0.727520
symptom_of_r_cpd,0,0.822482
symptom_vary,3,0.560648
symptom_wise,4,0.676497
symptom_worse,5,0.301079
symptom_worsen,0,0.629391
symptomatic,0,0.778845
syndrome,0,0.859096
syracuse,4,0.901225
syringe,7,0.516633
syrup,5,0.879203
systemic,0,0.689406
t_rex,2,0.568825
tabla,4,0.869042
tablespoon,5,0.623804
tablet,5,0.747297
tabletop,4,0.880797
taboo,4,0.940940
tachycardia,0,0.680517
tack,4,0.842332
take_a_ppi,0,0.430027
take_adderall,4,0.494117
take_amitriptyline,4,0.446226
take_antacid,5,0.545893
take_antibiotic,4,0.509916
take_big_gulp,4,0.743917
take_deep_breath,6,0.731268
take_digestive_enzyme,4,0.724880
take_effect,1,0.739845
take_gas_x,5,0.629476
take_gaviscon,5,0.491555
take_ibuprofen,4,0.537535
take_into_account,4,0.687998
take_magnesium,4,0.667607
take_medication,0,0.436538
take_more_effort,1,0.398879
take_omeprazole,0,0.351635
take_pepcid,5,0.484820
take_pill,5,0.503899
take_ppis,0,0.463988
take_prilosec,0,0.316587
take_probiotics,5,0.492332
take_serious,3,0.644561
take_shot,5,0.386552
take_small_bite,5,0.742763
take_small_sip,5,0.813804
take_some_tylenol,4,0.741739
take_tums,5,0.535742
take_tylenol,1,0.431318
take_xanax,4,0.760643
tale,3,0.608630
talk_a_lot,2,0.471699
talk_laugh,5,0.492946
talk_loud,2,0.474876
talk_to_doctor_bastian,7,0.663264
talk_to_her,7,0.625363
talk_to_my_pcp,4,0.792391
tan,4,0.818154
tangle,4,0.928288
tap,6,0.818925
tap_water,5,0.721266
tar,4,0.792058
target,6,0.578383
taste_acid,4,0.778768
taste_anything,2,0.324825
taste_awful,4,0.806400
taste_bad,2,0.454277
taste_delicious,4,0.784393
taste_great,5,0.754431
taste_gross,4,0.733512
taste_horrible,1,0.427697
taste_in_my_mouth,2,0.676885
taste_like_bile,4,0.797446
taste_like_vomit,2,0.570966
taste_or_smell,4,0.542810
tea,5,0.906865
teach_my_body,4,0.572193
teach_myself,3,0.315227
teach_myself_to_burp,3,0.470750
teach_themselves_how,4,0.632320
teach_your_body,1,0.331157
teach_yourself,3,0.407957
teach_yourself_how,1,0.547570
teach_yourself_to_burp,3,0.568807
teach_yourself_to_squat_instead,5,0.609227
teammate,4,0.863906
tear_up,2,0.552352
tears_of_joy,4,0.885827
teary_eye,4,0.837357
tech_neck,4,0.904665
technical_possible,4,0.917255
technique,6,0.474926
tee,7,0.496193
teen,0,0.480604
teen_and_early,4,0.904173
teen_year,2,0.384453
teenage,4,0.686714
teenage_year,4,0.865928
teeny,1,0.605551
telehealth_visit,4,0.849553
telemed,7,0.766250
tell,0,0.094575
tell_he,7,0.431280
tell_my_primary,4,0.856821
tell_myself,2,0.386397
tell_people,2,0.407119
tell_them,7,0.372551
temple,7,0.449061
temporary,1,0.256483
temporary_relief,3,0.178686
temporary_side_effect,1,0.470419
temporary_worse,1,0.286421
tend_to_get_worse,0,0.452785
tend_to_happen,2,0.579771
tend_to_swallow,2,0.395678
tend_to_worsen,4,0.622217
tend_to_worsen_with_age,4,0.678366
tender,6,0.418555
teng,4,0.886484
tennessee,7,0.758009
tennis,5,0.395833
tennis_ball,6,0.666238
tense,6,0.779881
tense_muscle,6,0.477760
tense_my_abdomen,4,0.878815
tense_my_stomach,6,0.503057
tense_my_throat,4,0.758256
tense_up,6,0.728827
tension,6,0.721703
tequila,5,0.778042
terrible,2,0.693390
terrible_bloat,2,0.526200
terrible_emetophobia,4,0.765864
terrible_heartburn,4,0.546665
terrible_hiccup,4,0.869629
terrible_pain,2,0.586964
terrify,2,0.365650
terrify_of_throw_up,2,0.588496
terrify_of_vomit,2,0.464029
test,0,0.284771
test_for_celiac,4,0.539444
test_negative,0,0.653509
test_result,7,0.730392
test_to_confirm,7,0.519055
testimony,3,0.830337
testosterone,4,0.802679
texas,7,0.878487
textbook_rcpd,4,0.832057
texture,5,0.732955
than_before,1,0.418721
than_late,3,0.635607
than_normal,5,0.447333
than_regular,4,0.558662
than_the_rest,4,0.772517
than_usual,2,0.424912
than_yesterday,1,0.644774
thank_u,3,0.763579
thank_you_also,4,0.817010
thank_you_and_congratulation,4,0.962966
thank_you_definitely,4,0.942401
thank_you_everyone,3,0.665657
thank_you_for_post,3,0.792052
thank_you_for_read,3,0.812477
thank_you_for_respond,3,0.663694
thank_you_for_share,3,0.780815
thank_you_for_this,3,0.789216
thank_you_for_your_feedback,4,0.942153
thank_you_for_your_input,4,0.834791
thank_you_for_your_reply,3,0.663754
thank_you_for_your_story,4,0.963871
thank_you_good_luck,3,0.646295
thank_you_how,4,0.872776
thank_you_ill_definitely,4,0.742970
thank_you_its,3,0.734814
thank_you_r/noburp,4,0.966881
thank_you_so_glad,4,0.983507
thank_you_thank_you,3,0.863761
thank_you_this,3,0.572586
thank_you_to_everyone_who,3,0.713310
thank_you_to_whoever,4,0.850685
thank_you_what,4,0.877523
thank_you_x,4,0.948619
thank_you_you,3,0.715099
thanks_for_reply,3,0.736781
thanks_for_share,3,0.719578
thanks_guy,3,0.804550
thanks_man,4,0.927933
thanks_so_much,3,0.631912
that_make_sense,6,0.444868
that_specialize,7,0.683518
thc,5,0.520164
the_absence,0,0.539119
the_acid_reducer,4,0.896278
the_aftermath,1,0.415368
the_airway,6,0.808179
the_anesthesiologist,7,0.685063
the_bathroom,2,0.577020
the_beginning,1,0.658369
the_body,6,0.619300
the_botox_migrate,6,0.340391
the_botox_wear,1,0.409546
the_brain,6,0.589686
the_camera,6,0.361407
the_charm,1,0.646319
the_condition,0,0.602629
the_contrary,3,0.520732
the_couch,2,0.451101
the_cp,6,0.468269
the_cpm,6,0.429700
the_cricoid,6,0.746863
the_cricopharyngeus,6,0.611823
the_culprit,0,0.750330
the_development_of_hiatal,0,0.883572
the_diaphragm,6,0.764748
the_earliest,7,0.708852
the_edge,6,0.695032
the_equation,4,0.749965
the_er,7,0.325406
the_esophagus,6,0.682186
the_evening,2,0.562272
the_first_trimester,2,0.533634
the_floor,6,0.625741
the_founder,0,0.550917
the_fridge,5,0.637315
the_gist,4,0.861427
the_good_decision,1,0.508720
the_guardian,3,0.743478
the_hang,1,0.510909
the_hospital,7,0.582304
the_idea,3,0.167438
the_infamous,2,0.475161
the_injection,1,0.443863
the_internet,3,0.692467
the_intestine,6,0.673355
the_intubation,1,0.294786
the_key,6,0.497864
the_larynx,6,0.839395
the_les,6,0.542534
the_lower_esophageal,6,0.609700
the_lump,1,0.356758
the_majority,0,0.568287
the_military,3,0.696561
the_mirror,6,0.534097
the_morning,5,0.590403
the_muscle,6,0.566644
the_netherlands,7,0.930899
the_nhs,7,0.710314
the_nose,6,0.523001
the_numb_agent,4,0.576816
the_operation,7,0.609529
the_phone,7,0.562232
the_pnw,4,0.711670
the_price,7,0.821706
the_private_sector,7,0.702191
the_procedure,1,0.369410
the_progression,7,0.620806
the_right_direction,3,0.413033
the_roof,6,0.819185
the_same_boat,3,0.638205
the_scheduler,7,0.616687
the_scope,7,0.334938
the_sensation,6,0.539405
the_shard,7,0.844100
the_shower,6,0.504639
the_side,6,0.750368
the_sink,6,0.630404
the_sixteenth,7,0.817337
the_sole,0,0.631599
the_spectrum,3,0.658849
the_sternum,6,0.754007
the_subreddit,3,0.603803
the_surgery_center,7,0.729161
the_tik_tok,4,0.840878
the_title,3,0.668817
the_toilet,2,0.561395
the_trachea,6,0.819177
the_ues,6,0.671722
the_uk,7,0.790660
the_upper_esophageal,6,0.549976
the_urge,2,0.835301
the_usa,7,0.910780
the_vast,3,0.488123
the_vast_majority,0,0.410201
the_verge,2,0.928416
the_waist,6,0.652556
the_waitlist,7,0.822443
the_wiki,7,0.709582
the_windpipe,6,0.535311
the_worst,2,0.586815
the_wrong_pipe,5,0.516209
the_x_ray,6,0.366938
theatre,7,0.647975
their_20s,0,0.476630
their_chest,6,0.772152
their_condition,3,0.889276
their_emetophobia,3,0.473982
their_experience,3,0.647939
their_journey,3,0.786672
their_life,3,0.481245
their_name,7,0.791717
their_parent,4,0.802140
their_r_cpd,0,0.712397
their_stomach,6,0.822663
their_story,3,0.828723
their_success_rate,4,0.830027
their_symptom,0,0.670489
their_system,4,0.795294
their_tongue,4,0.883433
them_direct,4,0.663597
them_out,6,0.453312
theme_park,4,0.519348
then_gradually,1,0.779724
then_insert,4,0.556591
then_suddenly,2,0.634115
theorize,0,0.629265
theorize_that,0,0.834800
theory,0,0.745744
theory_that,0,0.724637
there_a_lot,6,0.293818
there_a_lump,1,0.512490
these_air_bubble,4,0.711045
these_drug,4,0.811085
these_episode,2,0.520376
these_exercise,1,0.291834
these_factor,4,0.598812
these_hiccup,2,0.591296
these_horrible,2,0.395850
these_issue,0,0.711640
these_noise,4,0.548070
these_post,3,0.804014
these_side_effect,1,0.557429
these_symptom,0,0.566327
these_test,7,0.616964
these_thing,0,0.456081
these_tip,3,0.651429
these_weird,2,0.748762
they_are,2,0.156636
they_cover,7,0.850608
they_give,5,0.372668
they_inject,6,0.432508
they_insert,4,0.806843
they_numb,6,0.422632
they_prescribe,5,0.460259
they_put,7,0.400466
they_sell,4,0.782004
they_spray,6,0.244918
thiamine,7,0.541694
thick_food,5,0.681815
thick_mucus,4,0.853956
thick_saliva,2,0.535280
thicken,4,0.846699
thigh,6,0.730788
thin_liquid,5,0.606935
thing_move,5,0.303028
third_attempt,1,0.560362
third_dose,1,0.548041
third_grade,4,0.652719
third_injection,1,0.758263
third_one,1,0.704528
third_or_fourth,4,0.547397
third_procedure,4,0.779967
third_round,1,0.623534
third_time,1,0.639365
third_trimester,4,0.866707
third_week,1,0.748914
thirsty,5,0.641042
thirties,3,0.576536
this_article,3,0.545759
this_community,3,0.855582
this_condition,0,0.608848
this_disease,3,0.748832
this_disorder,0,0.671661
this_forum,3,0.798612
this_friday,7,0.687413
this_group,3,0.861977
this_information,3,0.732203
this_method,3,0.282863
this_page,3,0.741329
this_problem,0,0.504208
this_reddit,3,0.836929
this_reddit_page,3,0.809412
this_shit,3,0.491934
this_stage,1,0.683906
this_stupid,3,0.470006
this_sub_wiki,7,0.661596
this_subedit,4,0.954505
this_subreddit,3,0.709650
this_technique,6,0.302284
this_thread,3,0.855444
those_bubble,4,0.640206
those_mini,4,0.885848
those_muscle,6,0.676175
those_noise,4,0.738768
those_of_us,0,0.698841
those_symptom,0,0.657988
those_test,7,0.668228
those_thing,0,0.367924
those_with_r_cpd,3,0.452909
thousand_of_dollar,7,0.631511
thread,3,0.671261
thread_about,3,0.793089
three_hour,5,0.541098
three_month,1,0.695836
three_time,1,0.362343
three_week_ago,1,0.775361
thrill,3,0.708717
throat_area,6,0.841006
throat_chest,2,0.562665
throat_clear,6,0.357437
throat_croak,2,0.743439
throat_disorder,7,0.476758
throat_gurgle,2,0.716922
throat_infection,4,0.793299
throat_massage,3,0.367967
throat_movement,4,0.647073
throat_muscle,6,0.792625
throat_nausea,2,0.672457
throat_noise,2,0.778856
throat_numb_spray,4,0.876300
throat_pain,1,0.458894
throat_pressure,2,0.542956
throat_punch,4,0.716187
throat_region,4,0.795461
throat_soreness,4,0.753530
throat_tightness,2,0.477700
throatox,7,0.625668
throaty,1,0.482009
throb,4,0.740315
through_insurance,7,0.779301
through_my_nose,6,0.517980
through_the_nhs,7,0.787155
through_various,4,0.486648
through_your_nose,6,0.707810
throughout_childhood,4,0.886405
throughout_my_20s,4,0.942104
throughout_my_entire,4,0.602639
throughout_the_day,2,0.637947
throughout_the_evening,4,0.939007
throughout_the_night,2,0.665446
throughout_the_process,4,0.946677
throughout_the_year,4,0.777778
throw_off,4,0.631874
throw_up,2,0.662819
throw_up_a_couple,4,0.628597
throw_up_a_little,4,0.516281
throw_up_again,2,0.475654
throw_up_air,2,0.683061
throw_up_at_all,2,0.344994
throw_up_be,2,0.721333
throw_up_because,2,0.689827
throw_up_but,2,0.751866
throw_up_due,4,0.599628
throw_up_either,4,0.639415
throw_up_even,2,0.373305
throw_up_even_though,4,0.703633
throw_up_feel,4,0.447414
throw_up_i,2,0.709693
throw_up_in_my_mouth,2,0.627051
throw_up_in_year,4,0.934862
throw_up_it,2,0.726320
throw_up_its,2,0.762186
throw_up_just,2,0.713630
throw_up_like,2,0.635245
throw_up_lol,4,0.785155
throw_up_more,4,0.585658
throw_up_most,4,0.870893
throw_up_once,2,0.610967
throw_up_since,2,0.445488
throw_up_so,2,0.597827
throw_up_though,2,0.524782
throw_up_when,2,0.796970
throw_up_which,2,0.587818
throwaway_account,4,0.821652
thrush,4,0.590140
thunder,4,0.814145
thursday,1,0.633547
thursday_night,4,0.856417
thus,6,0.669879
thus_far,3,0.620274
thyroid,0,0.651282
thyroid_issue,0,0.639236
thyroid_problem,4,0.928720
tickle,6,0.641684
tickle_in_my_throat,2,0.578058
tif,4,0.592667
tif_procedure,0,0.598347
tight,6,0.808383
tight_chest,2,0.414568
tight_clothes,4,0.955361
tight_muscle,6,0.405228
tight_neck,0,0.435111
tight_pressure,4,0.780341
tight_ues,4,0.556787
tighten,6,0.819065
tighten_my_throat,4,0.939428
tighten_up,6,0.673989
tighten_your_ab,4,0.700114
tightness,6,0.551792
tightness_in_chest,4,0.927479
tightness_in_my_chest,2,0.714959
tightness_in_my_throat,2,0.529645
tik_tok,3,0.737070
tiktok,3,0.711418
till_so_far,7,0.581400
tilt,6,0.875399
tilt_my,6,0.754293
tilt_my_head,6,0.739738
tilt_my_head_down,6,0.589367
tilt_your,6,0.617419
tilt_your_head,6,0.690560
time_and_money,7,0.605722
timeframe,1,0.551723
timing,6,0.446826
tingle,2,0.429193
tinnitus,0,0.692696
tiny,2,0.535256
tiny_bit,6,0.520315
tiny_bit_of_relief,4,0.695228
tiny_bite,5,0.697633
tiny_burp,1,0.493521
tiny_little,2,0.516005
tiny_microburp,1,0.619162
tiny_one,1,0.474034
tiny_pop,6,0.477909
tiny_sip,5,0.552126
tiny_tiny,1,0.567350
tip_of_your_tongue,6,0.618758
tire,2,0.267272
tired,2,0.426658
tissue,6,0.677499
tit,4,0.892264
title,7,0.722362
tmi_but,2,0.604930
toast,5,0.874271
tobacco,4,0.574001
toddler,3,0.372548
tofu,5,0.729391
toilet_paper,4,0.632472
tolerance,5,0.369527
tolerate,5,0.593481
toll_on_my,4,0.676058
tomato,5,0.864330
tomato_sauce,5,0.913258
tomorrow_mark,4,0.932811
tomorrow_morning,7,0.727319
ton_of_microburp,1,0.798013
ton_of_post,4,0.824218
tongue,6,0.870179
tongue_cancer,4,0.863179
tongue_placement,4,0.689951
tongue_position,4,0.487783
tongue_posture,6,0.558062
tonsil,6,0.536109
tonsil_stone,0,0.336025
tonsillitis,2,0.265444
too_bad,1,0.438334
too_big,5,0.676862
too_drunk,2,0.550971
too_hungry,5,0.626902
too_loose,6,0.511354
too_much_alcohol,2,0.561709
too_scared,2,0.416228
too_tight,6,0.750528
too_weak,6,0.609874
too_wide,4,0.742750
too_young,3,0.690723
tooth_brush,4,0.692087
tooth_grind,4,0.906981
tooth_remove,4,0.763494
toothbrush,6,0.749193
top_of_my_stomach,4,0.924445
top_of_my_throat,4,0.794061
toronto,7,0.925763
toronto_canada,4,0.937299
toronto_ontario,7,0.731068
torso,6,0.878067
torture,2,0.743885
total,1,0.464040
total_anesthesia,7,0.636702
total_change,3,0.639242
total_convince,4,0.907962
total_cost,7,0.822764
total_doable,4,0.963743
total_fine,1,0.464218
total_make_sense,4,0.898811
total_manage,1,0.649710
total_sense,0,0.188129
total_worth,1,0.751606
touch_my_throat,4,0.804843
tower,4,0.824173
trachea,6,0.779645
tract,6,0.565004
traction,7,0.429404
trade,0,0.281516
trader,4,0.904294
train,6,0.419940
train_themselves,3,0.329004
train_your_body,1,0.508915
train_your_brain,4,0.775487
train_yourself,1,0.364089
trainer,4,0.411797
trait,0,0.662915
trans,4,0.860818
transit,0,0.377348
transition,1,0.617491
transition_into,4,0.882006
transition_period,1,0.653945
transnasal,4,0.935508
transport,4,0.531607
transportation,7,0.774538
transverse_colon,4,0.821647
trap,6,0.651808
trap_air,2,0.504264
trap_air_gas,0,0.448120
trap_gas,2,0.509791
trap_gas_pain,0,0.397768
trap_in_my_stomach,2,0.374973
trap_in_my_throat,6,0.584733
trap_inside,2,0.418824
trap_wind,2,0.704054
trapezius,4,0.808689
trash_can,2,0.399971
tratamiento,4,0.938764
trauma,0,0.775248
traumatic,2,0.597538
traumatic_experience,2,0.401621
traumatic_vomit,4,0.841677
traumatic_vomit_episode,4,0.522282
traumatize,2,0.620070
travel_alone,4,0.834082
travel_through,2,0.421372
travel_to_chicago,7,0.885468
travel_to_london,4,0.728800
travel_up,6,0.837767
tray,4,0.964665
treadmill,4,0.491169
treat,0,0.548583
treat_achalasia,4,0.685181
treat_by,7,0.850722
treat_dysphagia,7,0.563304
treat_patient,7,0.700133
treat_r,7,0.719739
treat_r_cpd,7,0.835462
treat_rcpd,7,0.750629
treat_soon_rather,4,0.740957
treat_swallow_disorder,7,0.648530
treatment,7,0.459469
treatment_for_r_cpd,7,0.773126
treatment_option,7,0.752728
tri,4,0.901683
trial,7,0.815849
triathlete,4,0.860484
tricare,7,0.883764
trick,6,0.400117
trickle,6,0.491714
trigger_by,2,0.491049
trigger_food,5,0.779551
trigger_my,2,0.671354
trip_home,4,0.809126
tritter,7,0.721598
trivial,3,0.622089
trouble,5,0.356881
trouble_swallow,1,0.223821
trouser,4,0.967878
true,0,0.466237
true_relief,4,0.824093
truly,3,0.547394
truly_change_my_life,3,0.793968
truly_life_change,1,0.699949
truly_understand,3,0.742574
trunk,4,0.902761
try_a_bunch,4,0.781582
try_again,1,0.536883
try_everything,3,0.343895
try_fodmap,4,0.813160
try_shaker,3,0.239408
try_shaker_exercise,3,0.223272
try_to_avoid,5,0.778483
try_to_convince,7,0.569212
try_to_determine,4,0.835430
try_to_escape,6,0.643438
try_to_explain,3,0.543610
try_to_fall_asleep,2,0.569228
try_to_fight,4,0.585686
try_to_force,6,0.579117
try_to_ignore,4,0.483581
try_to_push,6,0.754271
try_to_relax,6,0.670399
try_to_replicate,6,0.481456
try_various,5,0.321871
tu_faire,4,0.680105
tuba,4,0.900670
tube_down_my_throat,7,0.359160
tube_down_your_throat,4,0.544444
tube_insert,4,0.916990
tube_place,4,0.799074
tube_up,6,0.421951
tuck,6,0.843989
tuck_my,4,0.902510
tuck_my_chin,6,0.852283
tuck_your,4,0.738447
tuesday_morning,7,0.629704
tug,4,0.702888
tummy,2,0.563076
tummy_ache,2,0.718203
tummy_pain,4,0.591308
tums,5,0.701096
turmeric,5,0.584183
turn,6,0.605487
turn_19,4,0.929173
turn_40,4,0.797822
turn_away,3,0.651610
turn_head,6,0.660050
turn_my,6,0.716742
turn_my_head,6,0.496326
turn_my_head_down,6,0.450864
turn_my_neck,6,0.663403
turn_out,0,0.584890
turn_point,1,0.670976
turn_them,1,0.539650
turn_your,6,0.697910
turn_your_head,6,0.662864
tutorial,3,0.435401
tw,3,0.431277
tweed,4,0.746302
twenties,0,0.621091
twenty_minute,4,0.834759
twinge,4,0.833903
twist,6,0.913516
twist_my_body,6,0.614764
twist_my_head,6,0.595305
twist_my_torso,4,0.690344
twist_your,6,0.774739
twist_your_head,4,0.756683
two_and_two_together,4,0.584873
two_beer,5,0.536541
two_dose,1,0.602553
two_endoscopy,7,0.519874
two_finger,6,0.764667
two_injection,1,0.615349
two_minute,4,0.571140
two_month_ago,3,0.443232
two_separate,4,0.843105
two_shot,4,0.810590
two_specialist,7,0.846800
two_week_late,1,0.753844
two_week_mark,4,0.812110
two_week_post_op,4,0.937972
two_year,1,0.305070
tylenol,5,0.585781
type_noise,4,0.827336
type_of_food,5,0.597535
type_thing,2,0.483106
typical_symptom,0,0.550961
u_k,7,0.814670
u_s,7,0.854316
uber,7,0.579575
uci,7,0.916166
ues,6,0.599003
ues_and_les,6,0.390166
ues_muscle,6,0.576128
ues_open,6,0.820631
ugh,3,0.435553
ugh_yeah,4,0.937767
ugh_yes,4,0.805434
ugly,2,0.622240
uh,2,0.418576
uhc,7,0.856767
ulcer,0,0.642255
ulcerative_colitis,4,0.646521
ultimate_lead,6,0.489064
ultrasound,0,0.488508
umbrella,4,0.788194
umm,4,0.964662
ummm,4,0.902576
un_grupo,4,0.639476
unable_to_burp,0,0.651784
unable_to_swallow,4,0.796175
unable_to_take,4,0.892909
unable_to_throw_up,4,0.879707
unable_to_vomit,0,0.503570
unaware,0,0.625529
unbearable,2,0.643902
unbelievable,2,0.502292
unbutton,5,0.577245
unbutton_my_pants,4,0.662870
uncertainty,3,0.548135
uncomfortable,2,0.648543
uncomfortable_sensation,2,0.471564
uncommon,0,0.631204
uncontrollable,2,0.677747
uncontrollable_burp,1,0.698509
uncontrollable_microburp,1,0.559155
uncontrolled,1,0.733922
uncontrolled_burp,1,0.719567
uncoordinated,4,0.876280
under_anesthesia,7,0.554738
under_control,0,0.316061
under_ga,7,0.614866
under_general,7,0.647111
under_general_anaesthesia,7,0.762571
under_general_anesthesia,7,0.637632
under_general_anesthetic,7,0.719511
under_local,7,0.642387
under_local_anesthesia,7,0.665863
under_my_rib,6,0.578049
under_my_tongue,4,0.611870
under_narcose,4,0.827499
under_the_nhs,4,0.705524
underdeveloped,6,0.344199
undergo,7,0.713843
underlying,0,0.861155
underlying_cause,0,0.590032
underlying_issue,0,0.679766
underneath,6,0.795987
underside,4,0.905538
understand_correct,7,0.570887
understand_how,3,0.404527
underweight,0,0.427329
undetectable,4,0.815081
undiagnosed,0,0.882876
undigested_food,4,0.423865
uneven,4,0.879474
uneventful,1,0.633562
unexpected,2,0.546196
unexpected_burp,1,0.627928
unexplained,0,0.729183
unexplained_nausea,4,0.934934
unhappy,4,0.593315
unhealthy,5,0.531072
unhelpful,3,0.570535
unicorn,4,0.957894
unimaginable,4,0.866747
unit,7,0.566713
unit_concentrate_dose,1,0.802067
united_healthcare,7,0.811802
universal,0,0.610299
university_of_south,4,0.868736
university_of_utah,4,0.923371
university_of_utah_hospital,4,0.857347
unknowing,0,0.680623
unknown,0,0.744713
unleash,2,0.664189
unless_there,3,0.321011
unless_they,0,0.625312
unlikely,0,0.655696
unlucky,3,0.343605
unmanageable,4,0.580306
unnatural,6,0.555398
unnecessary_gi,4,0.859330
unnecessary_test,7,0.689179
unnerving,4,0.772439
unnoticeable,4,0.765624
unorthodox,3,0.466301
unpleasant,2,0.600631
unpleasant_but,1,0.577887
unpredictable,1,0.633112
unreal,2,0.430188
unrealistic,4,0.721615
unrecognized,4,0.753783
unrelated,0,0.824348
unrelated_condition,4,0.857327
unrelated_to_noburp,4,0.898537
unrelenting,4,0.873159
unsatisfying,4,0.745874
unscientific,3,0.730955
unsettled,4,0.846640
unsettling,4,0.533980
until_my_mid,0,0.451648
until_recent,2,0.490919
untreated,0,0.852507
untreated_r_cpd,0,0.896318
unusual,0,0.554160
unwell,2,0.583846
unzip,5,0.524945
up_against,6,0.864789
up_in_the_middle,4,0.664336
up_inside,4,0.788026
up_into,6,0.872087
up_my_esophagus,6,0.723384
up_my_nose,6,0.382017
up_my_throat,6,0.634700
up_online,4,0.936618
up_until,2,0.492235
up_your_nose,6,0.542748
update,1,0.555804
update_here,3,0.615959
update_on_how,3,0.672496
upfront,7,0.774045
upgrade,4,0.784121
uplifting,4,0.909103
upon_this,3,0.783328
upon_wake_up,4,0.787042
upper,6,0.634604
upper_ab,6,0.818112
upper_abdomen,6,0.573862
upper_airway,4,0.857003
upper_back,6,0.790860
upper_back_muscle,4,0.842460
upper_back_pain,4,0.564639
upper_body,6,0.849209
upper_chest,6,0.577507
upper_chest_area,4,0.869371
upper_cross,4,0.879367
upper_endoscopy,7,0.524778
upper_esophageal_sphincter,6,0.603374
upper_esophagus,0,0.542187
upper_gi,0,0.677504
upper_gi_endoscopy,7,0.711254
upper_part,6,0.585122
upper_sphincter,6,0.592683
upper_stomach,6,0.624333
upper_stomach_pain,4,0.753056
upper_throat,4,0.578752
upright,6,0.742786
upright_position,4,0.822987
upset,2,0.517838
upset_my_stomach,5,0.710565
upset_stomach,2,0.641362
upside_down,6,0.633774
upvote,4,0.769721
upwards,6,0.933574
ur_mouth,4,0.914802
ur_stomach,4,0.634427
ur_throat,6,0.511408
urge,3,0.335944
urge_to_burp,2,0.670649
urge_to_vomit,2,0.591584
urgency,4,0.485660
urgh,4,0.898044
urinary,4,0.550538
urination,4,0.739472
urine_sample,7,0.457136
usa,7,0.929222
usd,7,0.835569
use_100_unit,7,0.736843
use_50_unit,7,0.785042
use_75,7,0.722098
use_75_unit,7,0.627914
use_a_spoon,4,0.831090
use_a_toothbrush,6,0.525102
use_a_wedge,5,0.451717
use_finger,4,0.730277
use_general_anesthetic,7,0.723119
use_my_finger,2,0.460779
use_straw,5,0.718772
use_to_be_able,2,0.587767
useful,3,0.441503
useful_information,3,0.679116
user_flair,4,0.888631
usf,7,0.889750
usually_a_few,4,0.814463
usually_able,4,0.526302
usually_accompany,2,0.563201
usually_only,2,0.734922
uti,4,0.606950
uvula,6,0.631599
v_ing,4,0.924129
vaginismus,0,0.767808
vagus_nerve,0,0.652214
vagus_nerve_be,4,0.831677
validate,3,0.790039
validation,3,0.790277
validity,4,0.844159
valuable,3,0.675179
value,7,0.601204
valve,6,0.793420
van,7,0.493773
vanderbilt,4,0.827760
vanilla,5,0.756956
vanish,0,0.345529
vape,5,0.530178
variability,4,0.853226
variation,6,0.402951
various_exercise,4,0.792852
various_position,4,0.637658
various_test,4,0.845010
vary_a_lot,1,0.474513
vary_between,4,0.812331
vary_from_person_to_person,1,0.437710
vascular,4,0.777945
vasovagal,4,0.371229
vast_improve,4,0.572364
vcd,4,0.908185
vegan,5,0.767789
vegetable,5,0.871144
vegetarian,5,0.619384
vehicle,4,0.832968
vein,7,0.514624
velociraptor,2,0.414117
verbatim,3,0.660458
verify,7,0.900284
version_of_shaker,4,0.715089
versus_in_office,4,0.844050
vertebrae,4,0.905087
vertigo,0,0.442569
very_anxious,2,0.191209
very_bad,2,0.652176
very_beneficial,4,0.718923
very_careful,5,0.675951
very_comfort,4,0.800461
very_complex,4,0.856218
very_curious,3,0.744931
very_debilitate,4,0.838480
very_deep,4,0.700400
very_dehydrated,4,0.902611
very_discourage,4,0.673982
very_drunk,4,0.589274
very_dry,5,0.569385
very_effective,7,0.536171
very_embarrass,2,0.844570
very_excite,1,0.645773
very_fast,1,0.640487
very_frequent,2,0.521429
very_frequently,2,0.618305
very_gassy,2,0.589519
very_gentle,6,0.724980
very_glad,3,0.703279
very_gradually,4,0.761759
very_grateful,3,0.832924
very_gurgly,4,0.930739
very_happy,3,0.750840
very_hungry,5,0.535935
very_important,6,0.399348
very_infrequently,4,0.630230
very_intense,2,0.508240
very_interest,3,0.708745
very_little,1,0.393427
very_loud,2,0.772820
very_manage,1,0.566193
very_mild,1,0.495181
very_mindful,4,0.770853
very_minor,1,0.524665
very_narrow,4,0.697601
very_nauseate,2,0.585957
very_nauseous,2,0.739318
very_nervous,1,0.553977
very_nice,7,0.778776
very_noisy,4,0.929721
very_occasional,1,0.436980
very_occasionally,2,0.662207
very_odd,2,0.113833
very_often,2,0.690490
very_pain,2,0.786724
very_promise,1,0.680403
very_quick,1,0.492565
very_rare,2,0.331061
very_rarely,2,0.618041
very_real,0,0.721266
very_relieve,1,0.483617
very_satisfy,2,0.428352
very_scared,1,0.666988
very_scary,2,0.359195
very_self_conscious,4,0.734222
very_sensitive,1,0.152954
very_severe,0,0.607116
very_shallow,4,0.765700
very_sick,2,0.656978
very_skeptical,4,0.616673
very_skinny,2,0.279916
very_slight,1,0.396144
very_slightly,1,0.691255
very_slim,4,0.911447
very_small,1,0.494365
very_small_bite,5,0.579147
very_smooth,7,0.617813
very_soft,4,0.878250
very_sore,6,0.336494
very_subtle,4,0.666050
very_thick,6,0.403350
very_tight,6,0.649777
very_tired,1,0.350294
very_tough,4,0.877474
very_true,3,0.728099
very_typical,4,0.740710
very_uncomfortable,2,0.719348
very_unpredictable,4,0.900446
very_violent,2,0.639998
very_weak,6,0.440602
very_welcome,3,0.636708
very_young,0,0.483173
vess,7,0.673665
vfss,7,0.619159
vial,7,0.682261
vibrate,6,0.707772
vice,4,0.831844
vice_versa,0,0.589165
vicious_circle,4,0.934319
victim,3,0.544810
video_endoscopy,7,0.740103
video_from_doctor_bastian,4,0.946072
video_please,4,0.904734
video_scope,4,0.597368
videoendoscopy,7,0.833091
videoscope,4,0.741429
view,7,0.540445
villari,4,0.944159
vinegar,5,0.831133
violent,2,0.782448
violent_and_pain,4,0.773504
violent_cough,4,0.617724
violent_hiccup,2,0.703698
violent_sick,4,0.775243
viral_infection,4,0.700906
virtual_appointment,7,0.773785
virtual_consult,7,0.573904
virus,0,0.639585
vision,6,0.321709
visit,7,0.768339
visualize,6,0.683958
vital,7,0.488870
vitality,7,0.878221
vitamin,5,0.668058
vitamin_c,4,0.921720
vivid,2,0.236921
vocal,6,0.298250
vocal_chord,6,0.551188
vocal_coach,4,0.834622
vocal_cord,6,0.495979
vocal_cord_dysfunction,0,0.689799
vocalize,4,0.845197
vodka,5,0.840853
vodka_and_cranberry,5,0.719074
vodka_cran,4,0.751443
vodka_cranberry,5,0.655212
vodka_soda,4,0.864088
voice_and_swallow,7,0.882739
voice_box,6,0.726534
voice_change,1,0.638486
voice_disorder,4,0.671384
voice_doctor,7,0.770088
voice_exercise,4,0.753860
voice_issue,1,0.371163
voluntary,6,0.323887
volvulus,0,0.702420
vom,2,0.620016
vomit,2,0.534452
vomit_a_lot,2,0.547403
vomit_air,2,0.643964
vomit_as_a_child,2,0.395876
vomit_episode,2,0.382045
vomit_phobia,0,0.495473
vomit_reflex,4,0.534842
vyvanse,4,0.587284
wachtlijst,7,0.439207
wack,4,0.949071
wake_up,2,0.455178
wake_up_at_night,4,0.712570
wake_up_choke,2,0.507241
wake_up_cough,4,0.481840
wake_up_feel,1,0.389631
wake_up_from_anesthesia,4,0.576480
wake_up_in_recovery,1,0.469904
wake_up_in_the,2,0.401233
wake_up_nauseous,4,0.654527
wake_up_this_morning,1,0.586429
wake_up_today,1,0.624362
wake_up_with_a,1,0.341857
wake_up_with_a_bit,4,0.616697
wake_up_with_my_throat,4,0.829554
wake_up_without,4,0.884633
walk,6,0.387178
walk_around,6,0.536347
walk_in_clinic,4,0.699461
walmart,5,0.568530
want_a_referral,7,0.690302
want_detail,4,0.870137
want_to_ask,3,0.618068
want_to_cry,3,0.587318
want_to_escape,4,0.676621
want_to_hear,3,0.773416
want_to_share,3,0.892847
want_to_thank,3,0.883521
warm_blanket,7,0.337426
warm_liquid,4,0.812546
warm_water,5,0.729753
warmth,4,0.520078
warn,1,0.340279
warn_about,4,0.638026
warn_people,4,0.497143
warrant,0,0.481617
wary,7,0.505777
wash,5,0.697546
wash_down,5,0.771453
wash_food_down,4,0.625582
wash_it_down,5,0.723919
washington_dc,7,0.791352
wasserman,7,0.749012
waste_a_lot,4,0.857042
waste_of_time,7,0.656623
waste_of_time_and_money,7,0.559511
waste_your_time,7,0.648121
watch_video,3,0.596590
watch_youtube_video,4,0.817336
water,5,0.745520
water_nearby,5,0.710587
water_on_hand,5,0.765187
water_ready,4,0.716820
wave_of_nausea,2,0.609988
wax,4,0.523315
way,6,0.320130
way_better,1,0.638226
way_less,2,0.633876
way_more,2,0.558126
way_worse,2,0.508919
we_be_able,3,0.585187
we_die,3,0.283420
we_discuss,7,0.818810
we_tend,4,0.543037
weak_drug,4,0.891939
weak_esophagus,4,0.930584
weak_les,0,0.562577
weak_muscle,0,0.548941
weak_neck,4,0.372154
weak_voice,1,0.667564
weaken,6,0.539699
weakness,6,0.477444
wear_maternity,4,0.889573
wear_off,1,0.657268
wear_off_but,1,0.826609
wear_off_complete,1,0.722794
wear_off_eventual,4,0.836730
wear_off_gradually,4,0.925240
wear_off_slow,1,0.790016
wear_off_so,1,0.709476
wear_tight,4,0.777076
wear_tight_clothes,4,0.816452
wear_tight_clothing,4,0.927869
web,7,0.616885
webinar,7,0.800981
website,7,0.815842
wedding,2,0.435580
wedge,5,0.589122
wedge_pillow,5,0.691898
wednesday,1,0.613508
wednesday_with_doctor_bastian,4,0.816031
week_2,1,0.764762
week_3,1,0.824603
week_4,1,0.763352
week_5,1,0.747633
week_pregnant,1,0.359824
weigh_up_whether,4,0.849942
weight,5,0.413755
weight_due,4,0.922814
weight_gain,0,0.569226
weight_lift,5,0.504948
weight_loss,0,0.557877
weight_off,4,0.841335
weight_train,4,0.629692
weird_af,4,0.950040
weird_enough,1,0.370691
weird_gurgle_noise,2,0.707321
weird_hiccup,2,0.586069
weird_noise,2,0.724233
weird_position,6,0.658682
weird_sensation,2,0.490894
weird_sound,6,0.484877
welcome,3,0.804232
welcome_home,4,0.913487
welcome_to_our,4,0.770110
well_aware,3,0.707075
well_hydrate,4,0.847741
well_inform,3,0.671686
well_worth,1,0.632334
wellbeing,7,0.669147
wendy,4,0.893668
west,7,0.869808
wet,2,0.645260
wet_burp,2,0.577314
wet_gurgle,4,0.721775
wet_sound,4,0.890501
whale,2,0.634780
what_dosage,4,0.629400
what_dose,7,0.583212
what_to_expect,7,0.621075
what_wrong,3,0.507534
wheat,5,0.789862
wheel,7,0.477102
wheel_into,4,0.586605
wheeze,2,0.283687
when_in_reality,4,0.673246
whenever_possible,4,0.717276
where_they_inject,7,0.524250
whereabouts,4,0.986848
wherever,7,0.615396
which_cause,0,0.571976
which_in_turn,6,0.460620
while_awake,7,0.568925
while_brush,4,0.898974
while_eat,5,0.752933
while_sit,6,0.695491
while_swim,4,0.720565
while_talk,2,0.390776
while_yawn,1,0.616171
whilst_awake,4,0.799095
whine,4,0.640077
whiskey,5,0.792917
whisky,5,0.788087
whisper,6,0.366467
whistle,3,0.340032
white_in_austin,4,0.948101
who_cannot,3,0.672267
who_specialize,7,0.807760
who_treat_r_cpd,7,0.875997
who_understand,3,0.808670
whoa,3,0.676746
whole_host,4,0.873653
whole_life,0,0.448861
whole_new,3,0.534341
wholesome,4,0.923788
whoop,2,0.430536
whoosh,4,0.576296
whoosh_sound,4,0.871807
wide,6,0.889343
wide_as_possible,4,0.773841
wide_awake,4,0.802118
wide_open,6,0.760778
wide_range,4,0.815835
widely_available,4,0.943050
widespread,0,0.584323
wiggle,6,0.839760
wiki,7,0.708493
wikipedia,3,0.537342
will_admit,4,0.628389
will_continue,1,0.584582
will_cover,7,0.816335
will_def,4,0.745616
will_help,6,0.277734
will_involve_collect,7,0.650870
will_update,1,0.547379
willing_to_refer,3,0.576035
willingness,3,0.599079
wimbledon,7,0.882968
wince,4,0.762029
wind,2,0.578271
wind_eze,4,0.790941
wind_pipe,6,0.453148
wind_relief,4,0.643375
windeze,4,0.854108
windy,4,0.929631
wine,5,0.843573
winter,2,0.277644
wipe_out,4,0.892599
wire,6,0.420881
wish_you_luck,3,0.701737
wish_you_many,3,0.574664
within_second,2,0.455803
without_anaesthesia,4,0.839955
without_anesthesia,7,0.718583
without_choke,5,0.600771
without_effort,1,0.403461
without_fail,2,0.572111
without_feel_sick,5,0.534029
without_ga,7,0.745370
without_general_anesthesia,7,0.632220
without_insurance,7,0.783238
without_turn_my_head,1,0.565090
without_water,5,0.655530
withrow,4,0.830639
witness,2,0.529244
wonder_about,0,0.521342
wonder_how,3,0.667757
wonder_if_anyone_here,3,0.592805
wonder_if_it,0,0.584123
wonder_if_its,0,0.664727
wonder_if_its_worth,7,0.530315
wonder_if_maybe,0,0.653277
wonder_if_rcpd,4,0.703275
wonder_if_these,4,0.773484
wonderful,3,0.710556
wonderful_news,4,0.945592
wonderful_to_hear,4,0.946755
woo_hoo,4,0.809592
woohoo,3,0.598827
woozy,1,0.473347
word_for_word,4,0.857626
word_of_advice,3,0.646298
work_amaze,1,0.734538
work_brilliant,4,0.785032
work_long_term,1,0.542203
work_proper,6,0.503976
work_towards,4,0.541034
work_with_a_psychologist,3,0.460871
workday,4,0.580365
workout,5,0.579815
world_map,7,0.758285
world_map_of_specialist,4,0.846090
worm,4,0.816510
worry,1,0.555431
worry_about,1,0.276925
worry_about_lose,4,0.806186
worry_that,1,0.445953
worry_too_much,1,0.438844
worse,2,0.355972
worse_than_ever,2,0.472886
worsen,0,0.667445
worsen_by,0,0.690699
worsen_symptom,0,0.652750
worsen_with_age,0,0.791323
worst,2,0.736743
worst_symptom,2,0.521637
worth_ask,7,0.414180
worth_consider,0,0.602881
worth_it,1,0.504387
would_appreciate,3,0.750691
would_cover,7,0.794921
would_go_away,2,0.631353
would_hesitate,1,0.546021
would_love_to_hear,3,0.698445
would_say,1,0.632084
wound,4,0.708676
wow,3,0.777484
wow_congratulation,4,0.979191
wow_that,3,0.670070
wrap_around,4,0.562898
wrench,4,0.595347
wretch,2,0.543401
wrist,6,0.693967
write_a_referral,4,0.745077
writhe_in_pain,4,0.944999
wrong_muscle,6,0.512846
x,3,0.555230
x2,7,0.623617
x200b_edit,4,0.673066
x_2,7,0.618638
x_ray,0,0.388237
xiphoid_process,4,0.712969
xo,4,0.976829
xr,4,0.884186
xray,7,0.441455
xxx,4,0.687405
xxxx,4,0.931174
y_o_male,4,0.831228
yah,1,0.469206
yale,7,0.897939
yale_medicine,4,0.702740
yale_medicine_condition_summary,7,0.598440
yawn,6,0.576063
yawn_a_lot,2,0.415136
yawn_cough,2,0.435902
yay,1,0.664966
yay_congratulation,3,0.737340
yay_so_happy,4,0.950323
yeah_same,4,0.670263
year_late,1,0.618400
year_or_two,4,0.795991
yearly,7,0.841866
yell,2,0.303841
yelp,4,0.914781
yes_100,4,0.726242
yes_burper,3,0.577574
yes_exactly,3,0.247761
yesterday_and_today,1,0.770058
yet_but,1,0.651793
yikes,3,0.563429
yoga,6,0.563193
yoga_pose,6,0.506620
yoga_position,6,0.461287
yoga_stretch,5,0.328758
yoghurt,5,0.853031
yogurt,5,0.884103
you_deserve,3,0.684356
you_will_regret,3,0.683087
young_adult,4,0.623764
young_age,0,0.813137
young_brother,3,0.523712
young_child,0,0.463556
young_kid,3,0.586976
young_people_age_12,4,0.710409
young_person,4,0.805877
your_ab,6,0.633509
your_abdomen,6,0.961132
your_adams_apple,6,0.873913
your_appetite,4,0.729168
your_belly,6,0.917672
your_body,6,0.516564
your_bowel,6,0.644855
your_case,0,0.623487
your_cheek,6,0.692342
your_chest,6,0.921596
your_chin,6,0.825682
your_claim,7,0.744903
your_colon,6,0.713649
your_comment,3,0.767346
your_concern,7,0.662042
your_consultation,7,0.661528
your_core,6,0.840590
your_cricopharyngeus,6,0.542330
your_daughter,3,0.838279
your_diaphragm,6,0.903775
your_diet,5,0.731414
your_digestion,0,0.451457
your_digestive_system,5,0.474050
your_doc,7,0.729045
your_ear,6,0.893289
your_esophagus,6,0.724829
your_exact,4,0.794172
your_experience,3,0.613006
your_father,4,0.889025
your_favorite,5,0.621534
your_fear,3,0.646280
your_feedback,3,0.753676
your_foot,6,0.664865
your_gag_reflex,6,0.633441
your_gf,4,0.931024
your_gi_tract,4,0.714944
your_good_bet,7,0.746632
your_gp,7,0.701108
your_gut,6,0.465488
your_head,6,0.837462
your_health,3,0.345462
your_hip,4,0.641576
your_insurance,7,0.799464
your_insurance_company,7,0.836816
your_intestine,6,0.722781
your_jaw,6,0.888778
your_knee,6,0.751844
your_left_side,6,0.526906
your_leg,6,0.753907
your_location,7,0.741368
your_lower_esophageal,6,0.607875
your_message,3,0.717930
your_mileage_may_vary,7,0.478357
your_neck,6,0.847432
your_nose,6,0.677783
your_nostril,6,0.606716
your_out_of_pocket,4,0.701883
your_palate,4,0.755962
your_pcp,7,0.749606
your_personal,3,0.494354
your_perspective,4,0.881389
your_phobia,3,0.520202
your_posture,6,0.634429
your_primary,7,0.763147
your_progress,3,0.665081
your_recovery,1,0.632108
your_shoulder_blade,6,0.707672
your_stomach,6,0.729842
your_story,3,0.832222
your_symptom,0,0.549490
your_theory,0,0.593706
your_throat,6,0.679447
your_thumb,6,0.776126
your_tongue,6,0.841072
your_trachea,4,0.618680
your_ues,6,0.725744
your_upper,6,0.485056
your_upper_esophageal,6,0.622036
your_uvula,6,0.601631
your_vocal_chord,4,0.493646
your_vocal_cord,6,0.533603
your_voice_box,4,0.605452
your_wife,4,0.839834
youth,4,0.521080
youtube_video,3,0.343011
yuck,2,0.518519
yucky,4,0.670102
zantac,5,0.485167
zebra,3,0.560462
zen,7,0.484654
zero_control_over,4,0.816557
zero_slow,4,0.780136
zinc,4,0.941528
zip,4,0.952376
zofran,5,0.403601
zombie,3,0.400075
zoom_appointment,4,0.803001
zyrtec,1,0.316577
