token,cluster,sim_to_centroid
00,10,0.716977
000,10,0.720080
01,10,0.799847
02,7,0.479429
03,3,0.737016
04,10,0.771435
05,7,0.598750
08,10,0.586805
10000_worth,7,0.625605
1000_worth,3,0.718569
1000x_worse,3,0.751609
100_certain,8,0.587717
100_unit,7,0.777315
100_worth,7,0.648227
100cc,7,0.826604
100k,10,0.673038
100mg,7,0.734524
100ml,7,0.776302
100u,7,0.772883
100x,3,0.764285
100x_better,3,0.806847
100x_worse,2,0.670633
10_12,7,0.439632
10_15,7,0.549794
10_22,10,0.708263
10_lb,7,0.348593
10_month,7,0.594603
10_pound,7,0.201385
10_week,7,0.724613
10_year_ago,8,0.299915
10_year_old,5,0.388561
10pm,7,0.297233
10x_worse,2,0.570196
11,7,0.574157
111,3,0.843178
115,10,0.517131
11_year_old,0,0.604457
120,10,0.592752
1200,10,0.767032
120_pound,3,0.459549
125,7,0.714702
125_unit,7,0.810706
12_day,7,0.636898
12_week,7,0.654729
13_month,7,0.375824
13th,7,0.717958
140,10,0.660422
14_year_old_daughter,3,0.847993
14k,3,0.744459
15,7,0.449107
150,10,0.718359
1500,10,0.865194
150_200,7,0.700440
150_unit,7,0.796099
150mg,3,0.846851
15_20,7,0.587257
15_month,7,0.612872
15_pound,3,0.473481
15_second,7,0.246886
15_year,2,0.339082
15_year_old,0,0.666555
15mg,6,0.658388
160,10,0.537794
160_unit,3,0.724248
17_year_old,0,0.583246
18,7,0.311815
180,10,0.537773
1800,10,0.813620
185,10,0.765327
18_and_interest,4,0.257036
18_month_ago,7,0.624617
18_year,5,0.336597
18_year_or_old,0,0.604711
18f,0,0.807132
19,7,0.350651
190,10,0.647536
1987,3,0.873844
19_20,0,0.525543
19_or_20,3,0.736179
19_year,0,0.625376
1_500,10,0.845971
1_88,3,0.744918
1_month,7,0.727420
1l,9,0.593016
2000,10,0.870067
2005,0,0.385279
200_unit,7,0.770053
2010,3,0.636566
2019_paper,3,0.728549
20_mg,6,0.751956
20_unit,7,0.752152
20_year,8,0.329033
20_year_old_female,3,0.803112
20_year_old_male,3,0.840143
20mg,6,0.695427
20s,8,0.366256
215,3,0.803514
21f,0,0.663433
220,7,0.468712
22f,0,0.685491
23_year_old_female,3,0.895364
23f,0,0.783928
23rd,10,0.747777
2400,10,0.665842
24_7,2,0.835949
24_hour_post_op,3,0.610352
24_hour_test,3,0.365964
24_year_old,0,0.629720
24f,0,0.702194
250,10,0.888074
25_each,7,0.459740
25_unit,7,0.636819
25_year,0,0.493244
25f,0,0.808363
25mg,3,0.823209
25th,10,0.745749
26,7,0.331419
26_year,0,0.526139
26_year_old,0,0.763415
26f,0,0.845843
26m,3,0.785466
26th,10,0.802170
273,10,0.662861
27_year_old,0,0.749874
27m,3,0.741303
27th,10,0.740645
28_year_old,0,0.535064
28th,10,0.779122
29_year_old,0,0.595575
29m,3,0.782253
29th,10,0.759242
2_3,7,0.366156
2_3x,3,0.584733
2_4,7,0.431384
2_5,7,0.611051
2_500,10,0.677121
2_liter,3,0.561008
2_month,7,0.673060
2_week,7,0.682513
2_week_mark,7,0.627469
2cm,3,0.739658
2k,10,0.795031
2oz,3,0.865254
2pm,9,0.470659
300,10,0.825530
3000,10,0.833626
30_60_minute,3,0.683201
30_minute_late,3,0.467691
30_pound,3,0.429137
30_second,1,0.468368
30_unit,7,0.711729
30_year,0,0.404644
30c,3,0.741831
30f,3,0.842665
30m,3,0.794591
30s,7,0.322773
30th,10,0.722150
31_year,0,0.781893
31_year_old,3,0.878699
31st,10,0.744382
3200,10,0.784911
325,3,0.769962
32_now,5,0.410712
32_year_old,0,0.778618
34_year_old,3,0.857096
350,10,0.866075
3500,10,0.884342
35_year,0,0.389567
3600,3,0.788896
38_year,0,0.685447
38_year_old,3,0.814627
3_4,7,0.447410
3_4_month,7,0.605570
3_day_ago,7,0.823146
3_month,7,0.655648
3_month_mark,7,0.690408
3_month_post_op,7,0.754939
3_week_ago,7,0.791418
3_week_post_op,7,0.578235
3_year_ago,7,0.289037
3am,2,0.439646
3k,10,0.777478
3km,3,0.859979
3x,7,0.340490
400,10,0.818530
4000,10,0.861732
40_mg,6,0.652303
40_unit,7,0.690155
40_year,8,0.382301
40_year_old,3,0.791253
40mg,6,0.730292
42_year,3,0.783422
43,10,0.475667
450,10,0.889634
45_degree,3,0.846216
45_degree_angle,1,0.371678
46_year,3,0.747676
47,0,0.558587
4_000,10,0.823268
4_5,7,0.435665
4_5_inch,6,0.478133
4_5_month,7,0.745984
4_5k,10,0.838627
4_minute,7,0.255342
4_month,7,0.740932
4_month_mark,7,0.689295
4_month_third_125,7,0.614203
4_or_5,7,0.385924
4cm,3,0.618033
4k,10,0.810162
4pm,10,0.526615
50,7,0.558955
500,10,0.769621
5000,10,0.824267
500mg,3,0.719003
50_100,7,0.602852
50_100_unit,7,0.612296
50_mile,10,0.468542
50_unit,7,0.751317
50_unit_with_lucy,7,0.752158
50_unit_with_lucy_hicklin,3,0.814256
50_year,8,0.403186
50kg,3,0.866382
50mg,7,0.733355
50ml,7,0.834434
50u,7,0.768326
50u_in_office,3,0.795309
510,7,0.356170
511,5,0.277776
52_year,3,0.877593
53_year,0,0.711817
550,10,0.600798
5500,3,0.661306
57,10,0.475317
5_6,7,0.486500
5_7,7,0.482874
5_8,7,0.421077
5_hop,3,0.777012
5_month,7,0.670046
5_pound,3,0.621322
5_week,7,0.742605
5_year_old,8,0.396136
5k,10,0.860638
5pm,9,0.471743
600,10,0.783536
600_upfront,3,0.766925
60_unit,7,0.779573
60g,3,0.826721
63,3,0.695601
630,10,0.631732
64,0,0.351702
65,10,0.551776
650,10,0.871510
65_unit,7,0.803095
6_7,7,0.379607
6_month,7,0.595428
6_month_ago,7,0.580849
6_month_mark,7,0.687631
6_month_pregnant,2,0.359106
6_week_mark,7,0.738964
6th_grade,3,0.727504
70,7,0.516411
700,10,0.833636
70_unit,7,0.757708
70_year,3,0.743947
70s,3,0.665045
73,3,0.808110
75,7,0.641068
750,10,0.848237
75_cc,3,0.770904
75_or_100,3,0.751057
75_unit,7,0.811056
75_unit_under_general,7,0.635941
75_unit_with_doctor_bastian,3,0.791602
75u,7,0.741178
7_00,7,0.571276
7_8,7,0.408305
7_month,7,0.689811
7_month_ago,7,0.725081
7_month_fourth,7,0.690834
7_month_pregnant,2,0.403293
7_year_old,5,0.410584
7k,10,0.748649
80,7,0.547260
800,10,0.851076
80_90,7,0.716857
80_cure_rate,7,0.512792
80_of_people,7,0.558962
80_success_rate,10,0.629722
80_unit,7,0.849394
80u,7,0.822205
816,10,0.863498
820,3,0.801177
8255,0,0.702136
850,10,0.843802
85_unit,7,0.752046
860,3,0.804079
88_unit,7,0.709582
89,3,0.835142
8_14,7,0.779687
8_9,7,0.502423
8_day,7,0.697493
8_month_pregnant,2,0.447173
8_year_old,5,0.484683
8oz,9,0.610717
8th,10,0.736926
90,7,0.397641
900,10,0.885764
90_degree,1,0.748339
90_percent,3,0.532212
90_success_rate,10,0.628949
95,7,0.477606
950,3,0.852407
95_unit,7,0.780395
99_99,3,0.842782
9_month_pregnant,2,0.380530
9_year_old,5,0.494489
9am,10,0.723522
a_acid_reducer,6,0.756237
a_daily_basis,2,0.550023
a_double_whammy,3,0.778974
a_heat_pad,6,0.489611
a_hiatal_hernia,8,0.786207
a_life_changer,0,0.587165
a_roller_coaster,7,0.751221
a_small_hiatal,8,0.756115
a_speech_pathologist,4,0.507925
a_stomach_bug,5,0.476918
a_x_ray,4,0.469886
ab,1,0.832533
ab_exercise,3,0.717458
abd,3,0.920555
abdomen,1,0.784438
abdomen_onto,1,0.623091
abdominal,1,0.626372
abdominal_area,8,0.342809
abdominal_bloat,2,0.522887
abdominal_cramp,2,0.643476
abdominal_discomfort,2,0.610730
abdominal_distension,2,0.518978
abdominal_distention,2,0.464704
abdominal_massage,6,0.517594
abdominal_muscle,1,0.832256
abdominal_pain,2,0.807040
abdominal_pressure,8,0.407567
abdominal_ultrasound,4,0.576616
abdomino_phrenic,8,0.663406
aber,10,0.492692
ability,7,0.263539
ability_to_belch,7,0.524465
ability_to_burp,7,0.357052
ability_to_sing,3,0.653246
able_to_burp,5,0.425621
able_to_burp_on_command,5,0.581329
able_to_enjoy,9,0.561050
able_to_get_rid,3,0.644458
abnormal,8,0.642576
abnormality,4,0.554934
about_3500,10,0.891907
about_r_cpd,4,0.701398
above_average,3,0.546198
abrasion,3,0.710756
abroad,10,0.830780
absolutely_agree,0,0.695473
absolutely_disgust,3,0.799516
absolutely_fine,7,0.516415
absolutely_life_change,0,0.594571
absolutely_love,0,0.648350
absolutely_miserable,2,0.520309
absolutely_terrible,3,0.532375
absolutely_terrify,7,0.402386
absolutely_worth,7,0.704000
absorb,1,0.411261
absorption,8,0.623660
abstract,4,0.512859
abuse,8,0.639256
academic,4,0.728996
academic_research,0,0.599302
accident,5,0.744993
accident_vomit,5,0.698732
accompany_by,2,0.664390
accomplishment,3,0.700727
accord_to_doctor_bastian,0,0.451191
accumulate,1,0.482171
accuracy,10,0.545782
accuse,0,0.451672
acetaminophen,3,0.759179
achalasia,8,0.715176
ache,1,0.598628
achieve,1,0.263859
acid,2,0.235854
acid_erosion,3,0.598326
acid_food,9,0.777407
acid_medication,6,0.850455
acid_production,8,0.485576
acid_reducer,6,0.900202
acid_reflux,8,0.438955
acid_reflux_gerd,8,0.420292
acid_reflux_medication,6,0.722823
acid_reflux_pill,6,0.551441
acid_taste,2,0.314642
acidity,8,0.479459
acknowledge,4,0.586860
acne,6,0.652745
acquaintance,0,0.725169
acquire,8,0.479130
acre_le,10,0.744375
act_like,5,0.520254
act_up,2,0.707508
action,1,0.564223
activate,1,0.700366
activate_charcoal,6,0.767199
active,1,0.199784
active_ingredient,6,0.658961
activity,1,0.339227
actor,0,0.346327
actual_condition,0,0.653870
actual_name,0,0.830281
actual_vomit,5,0.473635
actually_enjoy,9,0.617171
acupuncturist,4,0.433966
acute,2,0.551284
adamant,0,0.414679
adams_apple,1,0.910419
add_sugar,9,0.772187
adderall,6,0.653318
addiction,9,0.520104
address,4,0.638441
adenomyosis,3,0.682636
adhd,8,0.799342
adhd_medication,6,0.610382
adjustment_period,7,0.625612
adkins,3,0.808906
administer,10,0.653848
adolescence,2,0.331055
adolescent,0,0.595046
adrenaline,2,0.447141
adult,5,0.411560
adult_life,5,0.282799
adulthood,8,0.525268
adventure,7,0.586232
adverse_effect,3,0.519016
adverse_reaction,7,0.513806
adverse_side_effect,3,0.653731
advice_and_support,0,0.655074
advil,6,0.623915
advocacy,3,0.759094
advocate,4,0.621826
advocate_for_yourself,4,0.585404
aerobic,3,0.492214
aerophagia,8,0.675867
aetna,10,0.877551
afab,3,0.858022
affair,3,0.773944
affect,8,0.430864
affirm,3,0.726804
afflict,0,0.474819
afraid,5,0.398654
afraid_of_needle,7,0.361598
afraid_of_vomit,5,0.505763
afrin,1,0.316418
after_dinner,9,0.603725
after_eat,2,0.553402
after_extensive_conventional,4,0.696944
after_lunch,5,0.439947
after_meal,2,0.521263
afternoon,9,0.446371
afternoon_and_evening,3,0.809775
afternoon_evening,3,0.642568
age_12,8,0.472252
age_18,3,0.655956
age_27,3,0.691441
age_8,3,0.555474
aggravate,2,0.453602
agh,3,0.779015
agitate,2,0.479203
agony,2,0.600084
agoraphobia,3,0.799052
agree,4,0.490142
agreement,10,0.678574
ah_cool,3,0.949643
ah_man,3,0.918483
ah_wow,3,0.811944
ahead_of_time,10,0.727964
ahhh,0,0.661873
ahhhh,0,0.681026
ahhhhh,3,0.950612
aid,6,0.544907
ailment,8,0.592279
aimlee,0,0.772176
air,1,0.379915
air_bubble,1,0.556359
air_buildup,2,0.481934
air_escape,1,0.476870
air_hunger,2,0.568914
air_inside,2,0.329943
air_pocket,1,0.579726
air_trap,2,0.498945
air_upwards,1,0.390603
air_vom,5,0.512726
air_vomit,5,0.523730
airway,1,0.692145
airy,5,0.278946
alan,0,0.778326
albany_ny,10,0.845637
alberta,10,0.794000
albuterol_inhaler,3,0.757402
alc,3,0.676465
alcohol,9,0.692969
alcohol_caffeine,9,0.668431
alcohol_coffee,3,0.848815
alcoholic,9,0.716606
alcoholic_drink,9,0.820398
ale,9,0.739662
alert,10,0.466455
alginate,6,0.736885
algoid,3,0.785961
alignment,1,0.514938
alka_seltzer,6,0.723888
alka_seltzer_gum,3,0.684437
alkaline,9,0.577283
alkaline_water,6,0.650071
all_honesty,0,0.561400
allergic_reaction,8,0.361294
allergist,4,0.607436
allergy,8,0.492519
allergy_medication,3,0.606512
allergy_test,4,0.668863
alleviate,2,0.369919
almond_milk,9,0.884869
almost_choke,9,0.444805
almost_cry,0,0.683914
almost_daily,2,0.692015
almost_entirely,8,0.329133
almost_every,2,0.564528
almost_every_bite,9,0.522589
almost_everyday,2,0.517839
almost_nonexistent,3,0.773346
alotaibi,3,0.628864
alternate_between,1,0.253512
alternative_medicine,3,0.656004
alternative_method,0,0.605462
amanda_hu,4,0.834765
amaze,0,0.666706
amazement,3,0.796669
amazing,0,0.525187
amazon,6,0.579756
ambulatory,10,0.769519
america,10,0.841135
american,10,0.644805
amersfoort,10,0.834209
amitriptyline,6,0.712721
amnesia,3,0.688562
among_no_burper,3,0.880801
among_us,8,0.574777
amount_of_air,1,0.314206
amount_of_gas,8,0.318155
amplify,2,0.545769
anaesthesia,10,0.618281
anaesthetist,10,0.852687
anaesthetist_come,3,0.609885
anatomical,8,0.503043
anatomy,1,0.413478
andrew,3,0.809207
android,3,0.816187
anecdotal,8,0.594463
anemia,3,0.519302
anemic,2,0.536784
anesthesia,7,0.272965
anesthesia_general,10,0.547495
anesthesiologist,10,0.634166
anesthesiologist_come,10,0.622904
anesthetic,10,0.449167
anesthetist,10,0.757165
anesthetize,7,0.507848
anger,3,0.595060
angle,1,0.812491
angry,5,0.428842
anguish,3,0.854286
announce,0,0.707170
annoy,2,0.532858
annoyed,0,0.367180
anomaly,0,0.587635
anonymous,0,0.588104
anorexia,8,0.546520
anorexic,5,0.487662
another_dose,7,0.616268
another_injection,7,0.549894
another_round,7,0.545754
another_shot,7,0.498487
another_state,10,0.589331
answer_any_question,0,0.605777
antacid,6,0.852755
antegrade,8,0.479068
anterograde,3,0.582769
anthem,10,0.901331
anthem_bcbs,10,0.806480
anti_acid,6,0.830605
anti_anxiety_med,3,0.659974
anti_anxiety_medication,6,0.588430
anti_depressant,6,0.519555
anti_gas,6,0.847066
anti_gas_medication,6,0.717027
anti_gas_pill,6,0.718732
anti_nausea,6,0.676120
anti_nausea_medication,6,0.542438
anti_reflux,6,0.408692
anti_sickness,3,0.625633
antibiotic,6,0.634737
antidepressant,6,0.673147
antiemetic,6,0.663312
antihistamine,6,0.806335
antireflux,3,0.792399
antispasmodic,3,0.814968
anxiety,2,0.456282
anxiety_and_depression,2,0.397298
anxiety_and_panic_attack,2,0.493662
anxiety_attack,2,0.548749
anxiety_depression,8,0.683172
anxiety_disorder,8,0.662652
anxiety_induce,2,0.583814
anxiety_med,3,0.873340
anxiety_medication,6,0.579458
anxiety_panic_attack,3,0.615445
anxiety_provoke,3,0.728442
anxiety_related,2,0.549623
anxiety_spike,3,0.869680
anxiety_surround,3,0.672761
anxious,2,0.461513
anxious_about,2,0.245063
anxious_person,2,0.242063
any_complication,7,0.438982
any_correlation,8,0.782092
any_guidance,3,0.768792
any_pointer,3,0.784234
any_sense,5,0.142107
anymore,5,0.443760
anything_carbonate,9,0.804690
anything_fizzy,9,0.687255
anywhere_near,0,0.300418
apd,8,0.676857
appeal,10,0.882070
appear_reasonable,3,0.609580
appearance,2,0.216596
appease,3,0.873356
appendicitis,2,0.411948
appendix,2,0.310321
appetite,2,0.551130
apple,9,0.840256
apple_juice,9,0.782073
apple_sauce,9,0.806057
applesauce,9,0.796417
apply_pressure,1,0.761120
appointment,10,0.516514
appointment_with_doctor_bastian,10,0.579773
appointment_with_doctor_spiegel,0,0.644919
appointment_with_lucy,10,0.719647
appointment_with_lucy_hicklin,10,0.696947
appointment_with_my_pcp,3,0.635228
appreciate_any_input,3,0.913699
appreciate_your_response,3,0.827273
approval,10,0.815631
approve,10,0.849583
approximate,3,0.745362
april_2024,7,0.698168
april_23,3,0.761246
apt,10,0.691868
arch,1,0.654390
arduous,3,0.696682
are_not_all,3,0.820049
are_not_alone,0,0.808380
are_not_aware,3,0.658348
are_not_burp,5,0.512962
are_not_like,3,0.732575
are_not_suffer,3,0.848246
are_not_uncommon,3,0.727405
arfid,8,0.421534
argh,3,0.875571
arizona,10,0.807602
arm,1,0.802169
arm_above,3,0.673442
armpit,1,0.462692
around_11,10,0.616180
around_200,10,0.833944
around_4k,10,0.803822
around_600,10,0.749276
around_80,7,0.675091
around_850,10,0.813909
arrive,10,0.716439
artery,1,0.429820
arthritis,3,0.592696
article,4,0.753686
asap,10,0.458873
ashamed,5,0.470864
asleep,1,0.333859
asphyxiation,3,0.826075
aspirate,9,0.342652
aspirin,6,0.498304
assembly,3,0.620301
assess,4,0.765766
assessment,4,0.814818
assistant,10,0.843029
associate,8,0.471953
associate_symptom,8,0.415618
associate_with_r_cpd,2,0.486729
association_between,3,0.675362
assure,10,0.435815
asthma,8,0.629805
asthmatic,3,0.532485
asymptomatic,0,0.585226
athletic,5,0.144829
atlas,4,0.511760
atrophy,8,0.300415
attach,4,0.557465
attack,2,0.695458
attendant,3,0.842820
attract,3,0.802654
attractive,5,0.548988
attribute,8,0.707195
atypical,8,0.439639
audible,5,0.584870
audible_sound,3,0.579134
audition,3,0.753951
august,7,0.652199
august_2023,3,0.777559
aujourdhui_concern_le_rcpd,10,0.726257
aunt,3,0.498383
australia,10,0.819876
australian,0,0.673711
austria,4,0.803492
author,4,0.709925
authorization,10,0.818370
autism,8,0.687610
autistic,8,0.455577
autoimmune,8,0.757133
autoimmune_disease,8,0.724967
autoimmune_disorder,3,0.722738
automatic,1,0.446833
autonomic,3,0.773922
autonomic_nervous_system,8,0.636905
availability,10,0.881917
available,10,0.680311
avenue,4,0.748926
average,7,0.514243
average_person,5,0.453638
average_weight,3,0.583450
aversion,5,0.401851
aviva,10,0.763173
avoid,9,0.570170
avoid_anything,6,0.516974
avoid_bread,3,0.494685
avoid_carbonate,9,0.622082
avoid_carbonate_beverage,9,0.766482
avoid_carbonation,9,0.717147
avoid_carbonation_alcohol_caffeine,3,0.513099
avoid_dairy,3,0.661619
avoid_trigger,9,0.678395
aw,0,0.690141
awake,10,0.388434
aware,8,0.468300
aware_of_r_cpd,4,0.830931
awe,5,0.594655
awesome,0,0.675739
awesome_congratulation,0,0.753241
awesome_news,3,0.830322
awesome_to_hear,0,0.789779
awful,2,0.693368
awh,3,0.820372
awkward,5,0.565760
awkwardness,3,0.529307
aww,0,0.721499
b1,3,0.847861
b12,6,0.545692
b6,6,0.578789
b_b,0,0.522583
baba,3,0.938089
baby,5,0.527707
baby_accord,3,0.741315
baby_ibuprofen,3,0.795481
baby_my_parent,3,0.700725
back_down,1,0.649744
back_to_normal,7,0.626657
background_check,4,0.650364
backstop,3,0.480862
baclofen,6,0.475348
bacon,9,0.867130
bacteria,8,0.532988
bacteria_overgrowth,3,0.603408
bacterial,8,0.556069
bad,2,0.603935
bad_breath,2,0.705132
bad_habit,6,0.357922
bad_posture,8,0.583351
baffle,0,0.540778
baggy,9,0.379135
bah,3,0.791733
bahama,3,0.904480
bake,9,0.807175
ball,1,0.752033
ball_roll,10,0.585837
ball_under_your_chin,1,0.577934
balloon,1,0.619040
balloon_dilation,7,0.516652
ballottement,10,0.541981
banana,9,0.878752
bar,9,0.684931
bare_minimum,3,0.682256
barely_audible,3,0.591942
barely_eat,9,0.557598
barely_ever,3,0.590354
barely_notice,7,0.484694
barf,5,0.751421
barium,4,0.336195
barium_study,4,0.639758
barium_swallow,4,0.534713
barium_swallow_and_manometry,3,0.779966
barium_swallow_show,8,0.483534
barium_swallow_study,4,0.778004
barium_swallow_test,4,0.665787
barium_test,4,0.602312
bark,5,0.553642
barley,9,0.593379
barotrauma,8,0.548715
barret,3,0.604061
barrett,8,0.746193
barrett_esophagus,8,0.799268
basically_zero,3,0.590473
bastard,3,0.882995
bastian,10,0.743650
bastian_article,0,0.624376
bastian_paper,4,0.846348
bastian_rw,10,0.744049
bastian_voice_institute,10,0.918928
bastian_voice_institute_publish,10,0.741424
bath,10,0.553311
bathroom,5,0.516785
bathroom_floor,2,0.393544
baxter,4,0.726681
bay_area_california,3,0.686532
baylor_scott,10,0.790399
bbc_article,0,0.622299
bc,5,0.428202
bcbs,10,0.836293
bcs,3,0.830879
be_lactose_intolerant,9,0.521504
bean,9,0.785525
beano,6,0.804156
bearable,2,0.374141
beat,1,0.568829
because_of_r_cpd,8,0.566842
become_unbearable,2,0.422539
bed,1,0.437776
bed_riser,6,0.460701
bed_wedge,6,0.423909
bedridden,2,0.543907
bedside_manner,0,0.810284
bedtime,9,0.611914
beep,3,0.733590
beer,9,0.607720
beer_cider,3,0.718722
beer_drinker,3,0.789361
beer_or_seltzer,3,0.784181
before_bed,9,0.652989
before_bedtime,9,0.638569
beginner,3,0.678464
beginning,7,0.450129
beginning_of_august,3,0.768537
beginning_of_november,3,0.791894
behalf,4,0.779121
behavior,8,0.670279
behind,1,0.846680
belch,5,0.622151
belch_reflex,8,0.722245
belief,8,0.697306
believe,8,0.410459
believe_doctor_bastian,4,0.575722
bell_pepper,9,0.826491
belle,3,0.639470
bellevue,10,0.837958
bellevue_wa,10,0.735483
belly,1,0.634192
belly_breath,1,0.454548
belly_breathe,1,0.615983
belly_button,1,0.752908
belong_here,0,0.649333
belt,1,0.758367
benadryl,6,0.707641
bench,1,0.333836
bench_press,1,0.528895
bend,1,0.774318
bend_down,1,0.484289
bend_forward,1,0.556238
bend_over,1,0.343237
bend_over_especially,3,0.813427
beneath,1,0.761768
benefit,7,0.293911
benzo,6,0.595810
benzodiazepine,3,0.563457
berlin,10,0.920490
berries,9,0.852006
beta_blocker,6,0.633203
betaine,6,0.679644
betaine_hcl,3,0.651036
better_soon,0,0.321761
between_bite,9,0.809752
beverage,9,0.886156
beyond_frustrate,0,0.856649
bf,0,0.465553
bias,4,0.642540
big_belch,5,0.582759
big_bite,9,0.411452
big_breath,1,0.494112
big_complaint,3,0.853724
big_concern,7,0.594294
big_deal,5,0.330574
big_difference,9,0.200026
big_dose,7,0.774959
big_eater,3,0.781273
big_fear,5,0.369067
big_gulp,9,0.524042
big_meal,9,0.559402
big_role,0,0.337033
bile,2,0.428106
bill,10,0.799146
binder,2,0.404084
binge_eat,3,0.735319
biofeedback,1,0.380983
biology,8,0.565971
biopsy,4,0.486282
birth,8,0.624360
birth_control,6,0.461282
birth_control_pill,6,0.530903
birth_defect,8,0.717309
bit_groggy,7,0.641378
bite,9,0.593179
bite_of_food,9,0.501033
bittersweet,3,0.870070
bizarre,5,0.485002
black_coffee,9,0.683514
blackout_drunk,3,0.700570
blah,3,0.742534
bland_diet,6,0.455940
bland_food,3,0.592307
blanket,6,0.369368
bleb,3,0.910644
blend,9,0.784277
blender,9,0.790487
bless,0,0.691644
blessing,0,0.769098
blissful,3,0.650698
bloat,2,0.685068
bloat_and_distension,3,0.604414
bloat_belly,2,0.637917
bloat_flatulence,2,0.517309
bloatedness,2,0.737775
block,1,0.691753
block_nose,2,0.586054
blockage,1,0.542515
blog,4,0.578011
blood_draw,2,0.119422
blood_sugar,2,0.323841
blood_test,4,0.506703
blood_work,4,0.512322
bloodwork,4,0.595938
blow_away,0,0.778790
blow_up,1,0.524354
blue_color,3,0.708071
blue_cross,10,0.831854
blue_cross_blue_shield,10,0.810547
blue_ridge,10,0.724005
blue_shield,10,0.856004
blueberry,9,0.914033
bluecross,3,0.758529
bm,3,0.686629
bmi,10,0.333001
bmi_alexandra,3,0.823334
bmi_blackheath,10,0.894688
boatload,3,0.871694
bob,1,0.636561
bodily,8,0.508979
bodily_function,5,0.465541
body_dysmorphia,2,0.460064
body_image,2,0.448282
body_itch,3,0.823609
body_position,1,0.373781
bodybuilder,3,0.856944
bone,1,0.765859
bone_broth,9,0.854290
bonjour_avoir_vous_recut,10,0.521450
book,10,0.668586
book_in_with_lucy,0,0.668643
bordello,3,0.871329
borderline_underweight,3,0.873532
boring,9,0.503847
boston_area,0,0.719032
both_r_cpd,8,0.683201
bothersome,2,0.624610
botox,7,0.490796
botox_for_dysphagia,4,0.777753
botox_injection,7,0.375692
botox_itself,10,0.685775
botox_iversary,3,0.838296
botox_migrate,1,0.361900
botox_treatment,4,0.413753
botox_wear_off,7,0.566268
bottle,9,0.753767
bottle_of_sprite,3,0.709451
bottle_of_water,9,0.713669
bottom,1,0.851302
bottom_jaw,1,0.792752
bottom_tooth,1,0.327251
botulinum,3,0.463810
botulinum_toxin,4,0.548369
botulinum_toxin_injection,4,0.804521
bounce_up,1,0.343433
bout,2,0.791594
bout_of_food_poison,3,0.866423
bout_of_nausea,3,0.720190
bowel,8,0.487307
bowel_cramp,3,0.643439
bowel_issue,8,0.653259
bowel_movement,2,0.544224
bowel_problem,8,0.533988
bowl,9,0.840938
bowl_of_pasta,3,0.735751
boy_6,3,0.882164
bp,1,0.378589
bpd,3,0.847601
bracket,3,0.676967
brag,3,0.886872
bragg,3,0.812905
brain_fog,2,0.582783
brass,3,0.779729
bravery,3,0.792275
bread,9,0.823820
break,1,0.430682
break_down,9,0.466179
breakfast,9,0.782959
breast_bone,3,0.782672
breastbone,1,0.709930
breath,1,0.555443
breath_test,4,0.601633
breathe,1,0.515279
breathe_deep,1,0.555285
breathe_exercise,6,0.526087
breathe_issue,2,0.580480
breathe_proper,5,0.448825
breathe_technique,1,0.536261
breathe_through,1,0.593374
breathe_tube,1,0.331408
breathless,2,0.818441
breathy,3,0.695724
breed,3,0.855672
breeze,7,0.591154
brethren,3,0.952356
bridgetown,3,0.906360
brigham_and_woman,3,0.921021
brilliant,0,0.719898
bring_myself,5,0.502792
brisbane,10,0.879169
brisk_walk,6,0.543569
brit,3,0.723106
broad,4,0.612515
broccoli,9,0.891665
bronchitis,2,0.349644
broomfield,10,0.661322
brother,0,0.458276
browser,4,0.553571
bruh,0,0.724737
bruise,1,0.486625
brunch,3,0.569873
brush_my,1,0.455348
bsw,10,0.849219
btx,7,0.637310
bub,3,0.597997
bubble,1,0.465034
bubble_of_air,1,0.638624
bubble_pop,5,0.336710
bubble_stuck,3,0.625893
bubbly,9,0.736552
bubbly_drink,9,0.664843
bubbly_water,9,0.702240
bucket,1,0.400287
budget,10,0.810143
bueno,9,0.374269
buffet,9,0.577290
bugger,3,0.951409
build_up,1,0.493837
build_up_of_air,2,0.528182
build_up_of_gas,2,0.679112
build_up_pressure,1,0.567849
building_up,1,0.596050
buildup,2,0.612806
buildup_of_gas,2,0.454980
bulb,3,0.833897
bulge,3,0.496821
bulimia,5,0.286449
bullfrog,3,0.708450
bullying,3,0.740310
bummer,0,0.647098
bun,3,0.753052
bupa,10,0.800951
burden,2,0.301603
burn,2,0.602282
burn_sensation,2,0.501817
burp,5,0.546472
burp_contest,5,0.656337
burp_on_command,5,0.540969
burper,5,0.593041
burpiversary,3,0.910159
burrito,9,0.662564
burst,1,0.657242
burst_of_air,5,0.588638
buspirone,3,0.527125
butt,1,0.735563
butter,9,0.887903
butterfly,1,0.383129
bvi,10,0.761092
by_accident,5,0.750078
by_comparison,3,0.519042
by_contract,1,0.725843
by_doctor_bastian,4,0.776855
by_surprise,5,0.457819
bye_bye,9,0.638621
byproduct,8,0.488365
cabbage,9,0.825119
cabinet,6,0.355031
cable,1,0.452320
cad,10,0.807304
cafeteria,3,0.815788
caffeine,9,0.751147
caffeine_alcohol,9,0.762093
calcium_carbonate,6,0.781314
calculation,3,0.787179
calf,1,0.592093
california,10,0.882044
calm_myself,1,0.287652
caloric,3,0.529480
camera,1,0.405045
camera_down,1,0.305905
camera_through,1,0.464661
camera_up,1,0.365259
campus,10,0.489590
can_afford,10,0.669087
can_attest,0,0.638336
can_relate,0,0.737644
canada,10,0.727119
cancel,10,0.714163
cancel_plan,2,0.644911
cancellation,10,0.709008
cancer,8,0.777004
candida,8,0.720000
candida_overgrowth,3,0.670502
candle,1,0.664941
candy,9,0.845604
canker_sore,2,0.535083
cannot_believe,0,0.785451
cannot_burp_on_command,3,0.813386
cannot_emphasize,3,0.869159
cannot_wait,0,0.677375
cannula,1,0.367319
capable,5,0.426180
capitalize,3,0.904582
capsule,9,0.522505
car,1,0.282928
car_sickness,5,0.468826
carafe,6,0.715336
carbohydrate,9,0.812588
carbon_dioxide,9,0.497159
carbonate,9,0.814718
carbonate_alcoholic,9,0.610058
carbonate_antacid,6,0.659678
carbonate_beverage,9,0.738351
carbonate_drink,9,0.638429
carbonate_drink_alcohol,9,0.658823
carbonate_drink_and_alcohol,3,0.714491
carbonate_mixer,9,0.689479
carbonate_water,9,0.695856
carbonation,9,0.648467
card,10,0.841083
cardiac,8,0.823487
cardio,9,0.409287
cardiologist,4,0.616564
care,0,0.271026
care_about,0,0.602197
careful,9,0.570851
careless,3,0.807355
carolina,3,0.769604
carrot,9,0.857115
carry_out,10,0.743238
carsick,5,0.598542
cartilage,1,0.841375
cartoon,5,0.605012
cascade_stomach,8,0.472413
case_of_r_cpd,0,0.526985
case_study,4,0.770772
cash,10,0.814843
casual_mention,0,0.711585
cat_cow,3,0.559821
cat_scan,3,0.626758
catalyst,3,0.815645
catastrophic,3,0.836934
catathrenia,3,0.788578
catch,5,0.534780
categorize,0,0.612260
cathartic,3,0.942976
catheter,4,0.459498
cauliflower,9,0.867668
causal,3,0.594953
causation,8,0.720503
cause,8,0.596159
cause_barrett,8,0.582721
cause_by,8,0.797687
cause_by_r_cpd,8,0.900629
cause_constipation,8,0.697528
cause_inflammation,8,0.463384
cause_r_cpd,8,0.798124
caustic,3,0.714535
cautious_about,0,0.509870
cautious_optimistic,7,0.732296
cbd,6,0.486465
cbd_oil,6,0.690973
cbg,3,0.927083
cc,10,0.572475
cd,8,0.403445
ce_que,10,0.625557
ceiling,1,0.626531
ceiling_hold,3,0.457688
ceiling_stretch,3,0.694907
celery,9,0.858382
celiac,8,0.608930
celiac_disease,8,0.741806
celsius,9,0.720624
cereal,9,0.861477
certain_food,9,0.664041
certain_position,1,0.730754
certain_situation,5,0.438193
certain_type,9,0.616196
certain_way,1,0.795484
cervical,1,0.622581
chair,1,0.693775
chalk_up,2,0.379093
challenge,9,0.391583
champagne,9,0.722850
chance_of_develop,8,0.724602
charcoal,6,0.736875
charge,10,0.838512
charite_berlin,10,0.718351
charm,7,0.648119
chart,4,0.695562
chase,9,0.628025
chase_each_bite,3,0.813750
chase_every,3,0.697307
chase_with_water,9,0.738985
chaser,9,0.859333
chat,10,0.559788
cheadle,10,0.912059
cheap_option,10,0.827367
checkout,0,0.462976
checkup,10,0.737221
cheek,1,0.739402
cheer_cheer_dance,8,0.709381
cheer_cheer_dance_syndrome,8,0.765829
cheese,9,0.870637
cheesecake,3,0.867045
chelsea,10,0.912985
chelsea_outpatient_center,10,0.755540
cherryhill,3,0.900954
chest,1,0.690059
chest_area,1,0.737603
chest_cavity,1,0.572906
chest_hurt,3,0.826236
chest_pain,2,0.834518
chest_pressure,2,0.846694
chest_tightness,2,0.806503
chest_x_ray,4,0.398522
chest_xray,3,0.583656
chew,9,0.651782
chew_everything,9,0.775187
chew_gum,9,0.756217
chew_thorough,9,0.674273
chew_well,9,0.742631
chewable,6,0.828964
chewable_tablet,6,0.741691
chi,0,0.587189
chiari,3,0.882193
chicago_with_doctor_bastian,3,0.674902
chick,9,0.499328
chicken_and_egg,0,0.535868
chickpea,9,0.728479
chihuahua,3,0.885549
child,5,0.442740
child_hospital,10,0.796175
child_liquid_ibuprofen,3,0.802628
child_pose,1,0.519145
childhood,8,0.497185
childhood_trauma,8,0.733118
chile,3,0.883936
chin,1,0.864116
chin_down,1,0.848333
chin_forward,1,0.648112
chin_tuck,1,0.650198
chin_up,1,0.417796
china,10,0.738865
chip_tooth,7,0.592656
chiropractor,1,0.465797
chirp,3,0.798140
chloride,6,0.636373
chocolate,9,0.903632
chocolate_factory,3,0.904262
chocolate_milk,9,0.709796
choke,2,0.189042
choke_episode,3,0.573815
choke_sensation,2,0.227749
choke_to_death,5,0.331288
choo,3,0.923700
christchurch,3,0.710010
christmas_dinner,5,0.438141
chron,3,0.824153
chronic,8,0.730484
chronic_acid_reflux,8,0.697098
chronic_constipation,8,0.723366
chronic_cough,8,0.474535
chronic_fatigue,8,0.706436
chronic_gastritis,8,0.578432
chronic_illness,8,0.529075
chronic_inability,8,0.775476
chronic_migraine,0,0.464876
chronic_nausea,8,0.659389
chronic_pain,8,0.577532
chronic_reflux,8,0.705295
chronic_sinusitis,2,0.491559
chubby,5,0.477699
chuck,3,0.729016
chug,9,0.687070
chug_anything,5,0.323427
chug_beer,5,0.658622
chug_liquid,3,0.653834
chug_sprite,3,0.927934
chug_water,9,0.569594
chunky,3,0.857879
churn,2,0.518399
chyme,1,0.478124
cider,9,0.800060
cigar,3,0.776566
cigarette,5,0.321819
cigna,10,0.852136
cinnamon,9,0.829010
circular,1,0.526028
circular_motion,1,0.543899
circulate,1,0.507336
circulation,1,0.469568
citizen,10,0.757392
citrus,9,0.890553
clair_shore_michigan,3,0.693890
clap,5,0.626733
classic_case,3,0.707342
classic_rcpd,0,0.474688
classic_symptom,0,0.530761
classical,8,0.206489
classy,3,0.794756
clavicle,3,0.584516
clean,9,0.501735
clear_up,2,0.301522
clearance,3,0.513646
clench,1,0.840873
cleveland_clinic,4,0.788715
click_on_menu,4,0.619154
click_sound,5,0.397496
client,10,0.390363
clinch,3,0.868769
clinic,10,0.842791
clinical,4,0.824677
cloche,3,0.781961
clonazepam,6,0.664501
closure,3,0.848651
clothes,9,0.401064
cloud,0,0.642051
clueless,4,0.559153
cluster,3,0.778097
co,4,0.846077
co2,1,0.509318
co_insurance,3,0.691692
co_occur,8,0.678425
co_pay,10,0.805640
coat,1,0.582720
coax,1,0.425381
cobra,3,0.714424
cobra_pose,1,0.466438
cock,3,0.714097
cocktail,9,0.850511
coconut,9,0.881929
coconut_oil,9,0.661494
code,10,0.648661
codeine,6,0.634340
coffee,9,0.817286
coffee_tea,9,0.802318
cognitive,3,0.741796
coincide,2,0.376427
coincidence,8,0.520614
coinsurance,10,0.772356
coke,9,0.831787
coke_zero,3,0.585460
cola,9,0.706014
cold,2,0.581901
cold_brew,9,0.611324
cold_sweat,2,0.510822
cold_weather,3,0.490394
colic,8,0.454022
colitis,8,0.589015
collaborate,3,0.876747
collapse,1,0.705024
collar,1,0.673325
collar_bone,1,0.757836
collarbone,1,0.816438
collection,4,0.677086
colon,1,0.489340
colonic,8,0.518359
colonoscopy,4,0.454246
colonoscopy_and_endoscopy,3,0.601068
colonoscopy_endoscopy,4,0.535780
columbia,10,0.847940
com,4,0.685633
combination,8,0.473255
combination_of_both,8,0.538852
come_across,0,0.633687
come_across_this_subreddit,0,0.793387
come_back_negative,4,0.539508
come_home,2,0.434067
come_natural,5,0.337681
come_out,5,0.533421
come_out_natural,5,0.395635
come_out_of_nowhere,5,0.580956
comedy,3,0.769764
comfortability,3,0.801204
comfy,9,0.369526
command,5,0.704221
comment_below,4,0.507847
comment_section,0,0.721082
commit,7,0.193854
common,8,0.637264
common_incorrect,4,0.715732
common_symptom,8,0.727674
common_theme,3,0.623726
common_with_r_cpd,0,0.763502
community,0,0.731088
commute,3,0.614664
comorbidity,8,0.707012
compensate,1,0.507159
compile,4,0.754099
complacent,3,0.781368
complaint,4,0.577826
complete_agree,0,0.625191
complete_change,0,0.463634
complete_empty,3,0.595286
complete_fine,2,0.415201
complete_ignore,3,0.796039
complete_silent,3,0.550920
complete_understand,0,0.631889
complete_unrelated,8,0.573669
complete_upright,3,0.694451
complex,8,0.569617
complicate_thing,3,0.902682
complicated,8,0.317639
complication,8,0.430154
composition,3,0.830970
compress,1,0.785642
compressible,1,0.388770
compression,1,0.503601
compromise,8,0.539494
compulsive,3,0.808017
concave,3,0.602477
conceptualize,3,0.715877
concern,4,0.284017
concern_about,7,0.236887
concert,9,0.576995
conclude_that,8,0.605510
concrete,3,0.567909
concurrent,3,0.691994
condition,8,0.539521
condition_summary,4,0.584269
conduct,4,0.866927
conduct_by,4,0.677506
confident,7,0.271778
confirm_diagnosis,4,0.554972
confront,0,0.564592
confuse,5,0.304728
congested,2,0.680608
congestion,2,0.656831
congratulation,0,0.657247
conjecture,3,0.726794
conjunction,8,0.324617
connect,8,0.571667
connecticut,10,0.809787
connection,8,0.626396
connection_between,8,0.797470
connection_between_r_cpd,3,0.823177
connective_tissue,8,0.680543
connective_tissue_disease,3,0.679160
connective_tissue_disorder,8,0.791155
conquer,3,0.463562
conscious,5,0.418802
consent_form,10,0.482374
conservative,7,0.588118
consistent,7,0.318208
conspiracy,3,0.640265
constant,2,0.787494
constant_discomfort,2,0.626082
constant_nausea,2,0.829675
constipate,2,0.675550
constipation,8,0.639531
constipation_diarrhoea,3,0.565797
constrict,1,0.740047
constriction,1,0.296708
consult,10,0.719122
consultant,4,0.794573
consultant_who,4,0.800991
consultation,10,0.792266
consultation_appointment,10,0.798751
consultation_with_mr,3,0.866181
consume,9,0.769773
contact,4,0.722012
contact_her,10,0.814561
contact_info,4,0.809050
contact_them,10,0.776737
contain,9,0.639267
contemplate,0,0.713497
content,1,0.563644
context,8,0.489507
context_of_r_cpd,3,0.822311
continue,7,0.269782
continue_to_improve,7,0.768452
continue_to_update,0,0.561488
contort,1,0.768989
contract,1,0.782024
contractility,3,0.669986
contraction,1,0.701359
contradictory,0,0.499704
contrast,4,0.551559
contribute,8,0.795642
contribute_factor,8,0.746162
contribute_to_develop,3,0.567738
contribute_towards,8,0.690211
contributor,8,0.551466
control,5,0.366498
control_over,5,0.379241
control_them,5,0.421986
controllable,5,0.543531
conversation,5,0.203161
convince_my_parent,0,0.609537
convince_them,4,0.684866
cook,9,0.873131
cool,0,0.484825
cool_to_hear,0,0.721586
coordinate,1,0.388201
coordination,8,0.358088
coordinator,10,0.725351
copay,10,0.809520
cope,8,0.216985
copy,4,0.768373
copy_and_paste,0,0.667046
copy_of_doctor,4,0.693432
cord,1,0.560325
core,1,0.771483
core_exercise,6,0.357189
core_muscle,1,0.371334
core_strength,3,0.593709
core_strengthen,3,0.562086
cork,3,0.533040
coronavirus,3,0.512560
correct,8,0.399134
correct_muscle,1,0.493619
correction,4,0.545675
correlate,8,0.650580
correlation,8,0.706974
correlation_between,8,0.789072
correlation_between_r_cpd,3,0.724036
cortisol,8,0.451669
cosentino,3,0.632905
cost,10,0.664984
cost_850,10,0.714176
cost_estimate,10,0.887789
costco,3,0.675470
costochondritis,8,0.471400
couch,1,0.466669
cough,5,0.422555
cough_drop,6,0.463862
cough_fit,5,0.463977
could_potential,8,0.669553
counseling,0,0.499521
counter_medication,6,0.540334
counteract,1,0.283971
counterproductive,0,0.439408
country,4,0.624447
couple_day,3,0.710259
couple_month,7,0.590938
courage,0,0.485192
cousin,5,0.397795
cover_by,10,0.764903
cover_by_insurance,10,0.835646
cover_everything_except,10,0.788940
cover_under,10,0.760750
coverage,10,0.857023
covid_test,10,0.480526
cow_milk,3,0.666893
cp,8,0.494026
cp_muscle,1,0.428814
cpd,4,0.749823
cpt,10,0.846671
crackle,5,0.391351
cramp,2,0.826197
cranberry,9,0.901957
cranberry_juice,9,0.836384
crane,1,0.740706
crappy,0,0.532853
crazy,5,0.577138
cream,9,0.816740
creamer,9,0.655403
creamy,9,0.892335
create_gas,9,0.573640
credence,3,0.582718
cricoid,1,0.741568
cricoid_cartilage,1,0.832529
cricoid_massage,1,0.354621
cricoid_muscle,1,0.706050
cricopharangeal,1,0.492149
cricopharyngeal,1,0.443890
cricopharyngeal_achalasia,3,0.845969
cricopharyngeal_bar,3,0.739140
cricopharyngeal_dysfunction,8,0.692525
cricopharyngeal_muscle,1,0.475465
cricopharyngeal_myotomy,7,0.437809
cricopharyngeal_spasm,3,0.722377
cricopharyngeous,3,0.451120
cricopharyngeus,1,0.492885
cricopharyngeus_muscle,1,0.414020
cricothyroid_muscle,3,0.739384
crier,3,0.932107
cringe,5,0.614514
cripple,2,0.685593
croak,5,0.536207
croak_noise,2,0.577406
croak_sound,2,0.424332
croaker,0,0.721620
crohn,8,0.766253
croissant,9,0.642205
crooked,1,0.494232
cross_country,3,0.654817
crouch,1,0.644864
croydon,10,0.786030
cruciferous_vegetable,9,0.761832
cruel,0,0.582674
crumbly,3,0.721327
crunch,1,0.744347
crush,9,0.626509
crusty_bread,3,0.625140
cry,5,0.598834
crystal,9,0.563974
crystal_clear,4,0.607296
ct,10,0.725906
ct_scan,4,0.385123
cucumber,9,0.847216
cuddle,5,0.621260
cue,1,0.623947
culprit,8,0.655151
cup,9,0.826363
cup_of_coffee,9,0.681077
cup_of_ice,3,0.746746
cup_of_water,9,0.715950
cure_rate,7,0.550866
cure_themselves,0,0.391869
curious_about,0,0.557666
curious_if,8,0.493539
curious_to_hear,0,0.603658
curious_to_see,0,0.584605
curl,1,0.731094
curl_up,1,0.593178
current_pregnant,2,0.525016
current_wait,10,0.786845
curry,9,0.814916
curse,5,0.556120
curve,1,0.653381
cut_back,9,0.673927
cut_down,9,0.781406
cut_out,9,0.743666
cut_out_coffee,3,0.619237
cut_out_dairy,6,0.699446
cut_short,3,0.467872
cute,5,0.532865
cw,3,0.876022
cycle,2,0.520091
cyclic,3,0.842607
cyclizine,3,0.793198
cyproheptadine,3,0.902947
cyst,8,0.548417
cystitis,3,0.895925
dae,0,0.488519
daily_life,8,0.359512
daily_nausea,2,0.499781
daily_panic_attack,3,0.742762
daily_stomach_ache,0,0.420574
dairy,9,0.763000
dairy_free,6,0.569207
dairy_intolerance,9,0.490443
dairy_product,9,0.596651
dallas_area,3,0.846438
damage,8,0.627462
damage_nerve,3,0.824864
damper,3,0.846331
dance,9,0.682828
dancer,3,0.567684
dang,0,0.666181
dangerous,8,0.293529
darn,0,0.604639
dash,3,0.514063
dat_je,10,0.550381
database,3,0.655164
datum,4,0.655061
daughter,0,0.527236
daunting,0,0.516571
day_0,7,0.701298
day_1,7,0.639179
day_14,7,0.747190
day_3,7,0.626434
day_4,7,0.627107
day_5,7,0.674454
day_6,7,0.694446
day_7,7,0.637764
day_8,7,0.668342
day_9,7,0.641662
dbr,4,0.624378
dc,10,0.945358
de_temperature,3,0.843369
de_whatsapp,0,0.418383
dead_end,4,0.697779
deaden,3,0.793990
deaf,0,0.512548
deal,2,0.274562
deal_w,3,0.885934
death,2,0.364374
debate_whether,3,0.772028
debilitate,2,0.659456
debilitate_condition,0,0.673307
debut,3,0.633814
decade,8,0.508117
decaf_coffee,3,0.678175
december,10,0.664035
december_2021,7,0.638227
decent_amount,9,0.534848
decent_size,5,0.605454
decide,4,0.310625
decide_against,3,0.717099
decision,0,0.343808
decongestant,6,0.575696
decrease,2,0.549343
deductible,10,0.729749
deep,1,0.644907
deep_breath,1,0.568442
deep_breathe,1,0.573608
deep_inhale,1,0.465131
default,8,0.378118
defeat,3,0.442590
defect,4,0.594930
defective,3,0.609559
defense_mechanism,8,0.463469
defensive,3,0.610024
deficiency,8,0.729199
define,8,0.612056
definitely_worth,10,0.579938
definitive_test,3,0.857264
definitive_test_to_validate,0,0.592671
deflate,1,0.515239
deflatine,3,0.607090
deglutition,0,0.442898
degrade,3,0.923874
dehydrated,9,0.581709
delay_gastric_empty,3,0.865136
delightful,3,0.499099
dementia,3,0.747237
demon,5,0.688417
demonic,5,0.736210
demonic_sound,3,0.647464
denial,10,0.800680
deny_coverage,10,0.784972
department,4,0.857835
department_of_otolaryngology,3,0.627051
depressed,2,0.371168
depressing,0,0.541940
depression,8,0.650551
depression_and_anxiety,3,0.536735
derive,4,0.558780
dermatitis,3,0.851945
descend,1,0.562594
describe_r_cpd,4,0.769346
deserve,0,0.742715
desk,1,0.484077
despondent,3,0.875186
dessert,9,0.916830
destroy,2,0.460534
deteriorate,3,0.662935
determine,4,0.672386
deutsche,10,0.675764
develop,8,0.615440
develop_emetophobia,8,0.462093
development,8,0.853561
development_of_hiatal_hernia,8,0.533751
development_of_other,8,0.781975
deviate_septum,3,0.429870
devil,5,0.566212
devoir,3,0.559032
dexilant,6,0.776083
deze,10,0.436944
diagnose,8,0.616099
diagnose_and_treat,8,0.447475
diagnose_r_cpd,4,0.742195
diagnose_with_aerophagia,3,0.864610
diagnose_with_gerd,8,0.656080
diagnose_with_ibs,8,0.634831
diagnosis,4,0.669956
diagnosis_and_treatment,4,0.847108
diagnosis_of_r_cpd,4,0.583289
diagnostic,4,0.782118
diagnostic_criterion,8,0.597694
diagnostic_test,4,0.818751
diagram,1,0.697360
dial,3,0.393633
diaphragm,1,0.753417
diaphragmatic_breathe,1,0.486185
diaphragmatic_breathe_exercise,0,0.342443
diarrhea,2,0.795057
diarrhea_and_constipation,3,0.787115
diarrhoea,2,0.697714
diary,7,0.587197
diastasis_rectus,3,0.922263
dice,10,0.438239
die,5,0.332269
die_down,2,0.425478
diet,6,0.534591
diet_change,6,0.589614
diet_coke,9,0.699420
diet_lifestyle,0,0.605738
diet_low_fodmap,6,0.600627
diet_soda,9,0.595782
dietary,8,0.602144
dietitian,4,0.751819
differ_from_person_to_person,3,0.705626
difference,7,0.228656
different_for_everyone,7,0.655381
different_method,6,0.316106
difficult,2,0.080184
difficult_task,3,0.912719
difficulty,2,0.270993
difficulty_breathe,2,0.564067
difficulty_swallow,7,0.309251
difficulty_swallow_pill,3,0.534036
difficulty_vomit,8,0.630479
diffuse,3,0.531647
dig_into,0,0.596994
digest,9,0.635239
digest_food,9,0.440373
digestion,8,0.476008
digestive,8,0.681515
digestive_enzyme,6,0.819442
digestive_issue,8,0.652612
digestive_problem,8,0.754286
digestive_process,3,0.516215
digestive_system,8,0.477151
digestive_tract,1,0.571166
dilate,8,0.463651
dilate_esophagus,8,0.529124
dilation,8,0.321148
diner,3,0.709384
dinner,9,0.705308
dinner_table,5,0.670966
dinosaur,5,0.582174
dinosaur_noise,5,0.533071
dire,0,0.290255
direct_or_indirect,3,0.824095
disadvantage,3,0.901497
disappoint,7,0.534206
disappointment,7,0.613450
disc,8,0.268606
discard,0,0.427501
discern,3,0.668551
disco,3,0.845999
discomfort,2,0.664671
discourage,7,0.441506
discover_this_community,0,0.702570
discover_this_subreddit,0,0.544900
discover_this_thread,3,0.781765
discovery,0,0.664925
discuss,4,0.712237
discussion,4,0.706885
disease,8,0.829360
disease_may,4,0.621243
disgust,5,0.803337
disheartened,7,0.606937
disheartening,0,0.561361
dismiss,4,0.496642
dismiss_by,0,0.434588
dismissive,4,0.659891
dismotility,4,0.607683
disorder,8,0.788605
disoriented,3,0.610606
disperse,3,0.870068
dispute,3,0.821020
dissolvable,6,0.632000
distal,4,0.466132
distance,10,0.590221
distant,3,0.744382
distend,2,0.427271
distend_esophagus,8,0.461314
distend_stomach,2,0.549525
distension,8,0.585237
distention,2,0.543455
distinctive,3,0.831781
distract,2,0.391906
distress,8,0.553754
disturb,5,0.514369
diverse,3,0.830409
diverticulum,4,0.579613
dizziness,2,0.794316
dizzy,2,0.637923
dizzy_spell,3,0.774729
doc,4,0.693058
doctor,4,0.602535
doctor_abstain,10,0.739478
doctor_adam_rubin,10,0.708436
doctor_akst,10,0.820137
doctor_amanda_hu,4,0.817375
doctor_anderson,10,0.762750
doctor_andrew_tkaczuk,4,0.717788
doctor_b,10,0.811481
doctor_bastian,4,0.635496
doctor_bastian_paper,4,0.867848
doctor_bastion,4,0.803870
doctor_bielamowicz,10,0.861257
doctor_cohen,10,0.868600
doctor_craig,3,0.791650
doctor_daniel,3,0.791757
doctor_fink,10,0.718871
doctor_hayley,10,0.691637
doctor_hayley_herbert,3,0.863355
doctor_hess,10,0.902942
doctor_hicklin,10,0.787873
doctor_holmes,10,0.906478
doctor_holmes_in_raleigh_nc,10,0.709379
doctor_hu,4,0.776307
doctor_hu_in_vancouver,10,0.661887
doctor_hus,3,0.762196
doctor_in_utah,0,0.639842
doctor_jennifer_anderson_at_st,0,0.686386
doctor_jennifer_rodney,10,0.773249
doctor_jolie,0,0.707801
doctor_june_lin,10,0.816384
doctor_karagama,10,0.812747
doctor_karla,3,0.702434
doctor_karla_odell,10,0.886719
doctor_kirk,0,0.671808
doctor_kuderer,10,0.677301
doctor_lieve_delsupehe,10,0.809953
doctor_lin,10,0.813253
doctor_mchugh,10,0.757273
doctor_michael,10,0.877281
doctor_near,4,0.773049
doctor_odell,10,0.863460
doctor_oloriz,4,0.719501
doctor_orestes,10,0.744992
doctor_paddle,10,0.794512
doctor_paul,10,0.887844
doctor_paul_paddle,10,0.815834
doctor_pepper,9,0.775750
doctor_pitman_in_nyc,10,0.729084
doctor_pittman,10,0.883396
doctor_richard,3,0.892956
doctor_robert,4,0.853308
doctor_sanagapalli,10,0.872618
doctor_santosh,10,0.678684
doctor_schiffer,10,0.777180
doctor_schindler,10,0.889128
doctor_schulte,3,0.744676
doctor_sean_wang,10,0.744739
doctor_seth,3,0.650377
doctor_snelleman,10,0.874083
doctor_spiegel,10,0.833636
doctor_spiegel_in_philly,10,0.798411
doctor_steven,10,0.809638
doctor_sunil,10,0.774902
doctor_sunil_verma,10,0.820588
doctor_thomas,0,0.722886
doctor_thomas_carroll_at_brigham,0,0.722728
doctor_verma,10,0.853025
doctor_villari,10,0.835474
doctor_wasserman,10,0.703953
doctor_who,4,0.711019
doctor_withrow,10,0.840054
doctor_yael,3,0.661481
doctor_yael_bensoussan,3,0.735703
doctor_yoo,10,0.817544
document,4,0.780455
documentary,3,0.863741
documentation,4,0.695516
doi_10_1177,10,0.643612
dollar,10,0.787598
dolor,3,0.846139
doncaster,10,0.720087
doncaster_royal_infirmary,0,0.624844
doormat,3,0.840463
dopamine,3,0.750741
dosage,7,0.606483
dose,7,0.565076
double_action_gaviscon,3,0.780959
double_action_gaviscon_tablet,3,0.743154
dough,9,0.670104
down_towards,1,0.797022
down_vote,0,0.760739
downer_grove,10,0.837024
downhill,3,0.755033
download,4,0.748836
downside,7,0.174926
downstream,3,0.866085
downward,1,0.834237
downward_dog,1,0.766615
doze_off,3,0.757232
dozen_of_us,3,0.938401
drag,1,0.364228
dragon,5,0.526424
drain,1,0.570181
drainage,2,0.478597
dramamine,6,0.679455
drastic_change,0,0.559052
drastic_reduce,2,0.534743
draw_board,3,0.761432
dread,2,0.662860
dream,5,0.542846
dressing,9,0.535988
drift_off,3,0.540415
drink,9,0.630745
drink_alcohol,9,0.512425
drink_anything_carbonate,2,0.506735
drink_beer,9,0.594940
drink_bubbly,9,0.650319
drink_carbonate,9,0.573940
drink_carbonate_beverage,9,0.493250
drink_carbonation,5,0.474953
drink_coffee,9,0.660021
drink_fizzy,9,0.547246
drink_liquor,3,0.733766
drink_soda,9,0.599000
drink_sparkle,9,0.662984
drink_tea,9,0.717597
drink_water,9,0.646647
drinker,9,0.749045
drip,1,0.370934
drive_home,7,0.344860
drool,2,0.410775
drop_off,7,0.769846
drown,1,0.427124
drowsy,9,0.375822
drug,6,0.700190
drunk,5,0.603277
dry,9,0.572314
dry_cough,2,0.519375
dry_food,9,0.739555
dry_fruit,9,0.668588
dry_heave,5,0.589228
dry_heave_for_hour,5,0.631504
dry_heave_gag,5,0.484225
dry_mouth,2,0.579838
dry_retch,5,0.604503
dryness,1,0.360918
du,10,0.480709
dub,3,0.812550
dubai,3,0.863802
dublin,10,0.861397
duck,5,0.424898
due_to_r_cpd,2,0.437261
dull,2,0.611521
dumb,5,0.424566
dunk,3,0.886304
duodenal,8,0.508757
duodenum,1,0.383779
during_class,3,0.714055
during_lockdown,3,0.855386
during_meal,9,0.799507
during_pregnancy,2,0.551423
dutch,4,0.763875
dx,8,0.467277
dynamic,3,0.602612
dysautonomia,8,0.680223
dysbiosis,8,0.526726
dysfunction,8,0.782347
dysfunction_and_abdomino_phrenic_dyssynergia,8,0.511037
dysfunctional,8,0.586687
dysfunctional_breathe,3,0.790892
dysmotility,8,0.794419
dysphagia,8,0.612765
dysphagia_difficulty,3,0.478211
dysphagia_or_laryngeal_dystonia,3,0.395926
dysphagia_trouble,3,0.524387
dysphasia,4,0.557797
dyspnea,3,0.566183
dyssynergia,8,0.730745
dyssynergia_and_pelvic_floor_dysfunction,0,0.381945
e_coli,3,0.570447
each_bite,9,0.692414
each_day,7,0.543905
each_mouthful,9,0.515908
each_night,9,0.458324
each_sip,3,0.526927
ear,1,0.641922
ear_canal,1,0.507721
ear_drum,3,0.604985
ear_fullness,2,0.555351
ear_nose_and_throat,4,0.745570
ear_pain,2,0.435828
ear_to_ear,1,0.780321
earliest_appointment,3,0.786612
earliest_memory,3,0.562572
early_20s,2,0.405923
early_30s,2,0.513978
early_40s,8,0.545311
early_adulthood,3,0.786122
early_august,7,0.691280
early_childhood,8,0.649100
early_march,7,0.780892
early_october,10,0.700531
early_satiety,2,0.654350
early_stage,7,0.314827
earth_shatter,3,0.678465
ease,2,0.273090
easy,5,0.103409
easy_peasy,3,0.535389
easy_to_digest,9,0.703737
eat,9,0.610729
eat_breakfast,9,0.497643
eat_dinner,9,0.429819
eat_disorder,8,0.555766
eat_lunch,9,0.417096
eat_meat,9,0.648776
eat_pizza,3,0.551393
eat_slow,9,0.776822
eat_small_portion,9,0.715666
eat_solid,9,0.568450
ecg,4,0.340718
ecstatic,0,0.690781
ed,8,0.804377
edema,0,0.394181
edge,1,0.617942
edge_off,6,0.595040
edible,6,0.367648
edu,10,0.775599
edu_mail,10,0.755403
educate,4,0.745811
eek,3,0.819087
een,10,0.445572
effect,7,0.332647
effective,7,0.212636
effectiveness,7,0.653665
efficacy,7,0.462206
effing,3,0.745802
effort_into,1,0.293625
egd,4,0.632306
egg,9,0.848191
eigen,3,0.839852
eighteenth,10,0.709038
either_side,1,0.768887
ekg,4,0.387630
elastic_waistband,5,0.208512
elbow,1,0.768628
elder,3,0.788868
elderly,3,0.565589
electric,1,0.632739
electrode,1,0.544609
electrolyte,9,0.827781
electromyography,10,0.657903
element,8,0.610936
elementary_school,5,0.598405
elevate,1,0.550764
eleven,10,0.530223
elfin,3,0.550239
eliminate_dairy,3,0.850661
elimination_diet,6,0.564568
elin_marsk,10,0.591844
else_fail,10,0.631105
elsewhere,4,0.827546
email_them,4,0.713289
emanate,3,0.790784
embarrass,5,0.688827
embarrass_noise,3,0.500941
embarrassment,5,0.563510
embassy,3,0.787583
embrace,5,0.655207
emerge,5,0.482530
emergence,3,0.835603
emergency_room,2,0.147890
emet,2,0.405100
emetophobe,5,0.420234
emetophobe_here,0,0.464913
emetophobe_who,0,0.565438
emetophobia,5,0.334606
emets,3,0.814045
emg,10,0.569565
emg_machine,1,0.469917
emir,8,0.430914
emory,10,0.824527
emotion,0,0.534104
emotional,2,0.346832
empathize,0,0.696000
empty,1,0.447759
empty_stomach,9,0.713710
empty_study,3,0.869429
emt,10,0.591244
en_remiss_till,3,0.489688
enable,1,0.526472
enchilada,3,0.756060
encontrar,10,0.391246
encore,10,0.661869
encourage,7,0.203185
encourage_to_hear,0,0.692876
end_cycle,3,0.621509
end_of_february,10,0.681286
end_of_march,7,0.735187
end_up_dry_heave,3,0.640156
end_up_pay,10,0.838198
endless,2,0.447545
endless_cycle,3,0.784233
endoflip,4,0.603998
endometriosis,8,0.719995
endoscope,4,0.460388
endoscopy,4,0.415053
endoscopy_and_colonoscopy,4,0.462176
endoscopy_colonoscopy,4,0.669247
endoscopy_ct,3,0.665373
endoscopy_show,8,0.652233
endurance_sport,3,0.908351
endure,2,0.427604
energy_drink,9,0.812206
energy_level,9,0.416040
engage,1,0.746503
engine,3,0.782939
england,10,0.842556
enjoy,9,0.609971
enlarge,8,0.543918
enlarge_cp_muscle,3,0.479852
eno,3,0.945817
ent,4,0.655269
ent_center,3,0.817856
ent_consultant,4,0.854684
ent_department,4,0.819424
ent_doc,4,0.796290
ent_referral,4,0.750991
ent_specialist,4,0.851982
ent_surgeon,4,0.884337
ent_who,4,0.806248
entire_body,1,0.544309
entire_community,0,0.755364
entire_family,5,0.744675
entire_life,5,0.503578
entire_pregnancy,3,0.590827
entitle,3,0.855888
entity,8,0.687076
enzyme,6,0.662545
eoe,8,0.691240
eosinophilic_esophagitis,4,0.611600
epigastric,2,0.436850
epigastric_pain,8,0.366695
episode,2,0.648920
equate,0,0.475895
equipment,10,0.672596
er,10,0.321379
erectile_dysfunction,0,0.694136
erg,10,0.419633
erode,8,0.493394
erosion,3,0.720881
erst,3,0.760604
erupt,5,0.615021
es_que,10,0.333102
escape,1,0.459995
escort,10,0.638263
esomeprazole,6,0.763699
esophageal,8,0.686808
esophageal_cancer,8,0.775783
esophageal_manometry,4,0.591649
esophageal_manometry_test,4,0.542188
esophageal_motility_test,4,0.556603
esophageal_muscle,1,0.418736
esophageal_pressure,8,0.563772
esophageal_sphincter,1,0.561128
esophageal_web,4,0.457226
esophagitis,8,0.677047
esophagoscopy,10,0.715579
esophagram,4,0.642072
esophagus,1,0.484180
esophogram,4,0.608317
especially_when,2,0.547121
essential_oil,3,0.591435
et_al,10,0.795036
et_combien,10,0.563334
eternal_grateful,0,0.826102
etiquette,3,0.758931
eu_dinjectees_une_seule,10,0.500947
euphoric,5,0.663782
euro,10,0.858926
europe,10,0.798087
european,10,0.759990
eustachian_tube,8,0.656664
evaluate,4,0.790387
evaluation,10,0.756762
evening,2,0.446188
evening_after_dinner,7,0.433105
evening_meal,2,0.309839
event,9,0.457026
eventual_lead,8,0.412983
ever_since,2,0.435494
every_aspect,0,0.482717
every_bite,9,0.639819
every_couple,5,0.340936
every_day_from_2009_2023,0,0.648757
every_evening,2,0.503948
every_mouthful,7,0.405869
every_night,2,0.573373
every_once,5,0.640425
every_other,2,0.257411
every_single,2,0.450245
every_single_bite,9,0.436389
everyone_else,0,0.514974
everywhere,2,0.368976
evidence,4,0.713741
ew,5,0.707777
ex_noburper,3,0.914540
exacerbate,8,0.691363
exacerbate_by,8,0.831557
exacerbation,3,0.860393
exact_amount,10,0.595889
exact_same_symptom,0,0.658036
exact_same_way,0,0.484098
exact_spot,3,0.491269
exactly_how,0,0.410911
examination,10,0.653750
exasperate,8,0.604546
excess,2,0.341010
excess_air,1,0.415889
excess_flatulence,2,0.491770
excess_gas,8,0.545470
excess_mucus,3,0.509752
excess_phlegm,3,0.802500
excess_saliva,2,0.632827
excess_wind,2,0.467234
excessive,2,0.578934
excessive_air,8,0.425073
excessive_amount,1,0.278505
excessive_bloat,2,0.742044
excessive_fart,2,0.686987
excessive_flatulence,2,0.656379
excessive_gas,2,0.685013
excessive_saliva,2,0.602262
excessive_salivation,2,0.790374
excessive_wind,3,0.578939
excite,0,0.557733
excite_and_nervous,3,0.727468
exclusion,4,0.723074
excruciating,2,0.797575
excuse_myself,5,0.510624
exercise,1,0.283370
exercise_search_youtube,3,0.723380
exerciser,3,0.912138
exhalation,3,0.858500
exhale,1,0.806042
exhale_sharp,3,0.739045
exhaust,2,0.516800
exhaustion,2,0.492853
exit,1,0.658168
exorcise,5,0.663500
exorcism,5,0.676841
exorcist,5,0.711165
expand,1,0.755380
expansion,1,0.675278
expect,7,0.541945
expel,1,0.482550
expel_air,5,0.659874
expel_gas,5,0.329175
expense,10,0.831674
experiment,4,0.273093
experiment_datum,4,0.639188
experiment_with_different,1,0.502888
experiment_with_posture,1,0.594669
experimentation,3,0.401400
expert,4,0.816711
expertise,4,0.750565
explain,4,0.323675
explain_r_cpd,4,0.791765
explode,5,0.537501
explosion,5,0.432384
explosion_of_air,3,0.762774
explosive,5,0.649444
explosive_fart,3,0.865410
exposure,8,0.427969
exposure_therapy,5,0.264545
extend,1,0.829204
external,10,0.457941
external_injection,10,0.618681
extra_air,1,0.292831
extra_gas,2,0.390541
extra_gurgly,3,0.732479
extra_saliva,2,0.332503
extra_strength,6,0.782588
extraordinary,3,0.758740
extreme_anxious,3,0.639943
extreme_bloat,2,0.855403
extreme_emetophobia,5,0.411626
extreme_flatulence,3,0.582588
extreme_helpful,0,0.707095
extreme_loud,5,0.790217
extreme_nausea,2,0.729702
extreme_nauseous,2,0.684628
extreme_pain,2,0.750263
extreme_tight,1,0.429946
extreme_uncomfortable,2,0.797230
extreme_violent,5,0.639731
eye_open,0,0.668543
eye_water,5,0.576029
face_forward,1,0.331567
facebook_group,4,0.726532
facebook_page,4,0.595772
facilitate,1,0.441174
facility,10,0.888035
facility_fee,10,0.777643
fade,7,0.763277
fade_away,7,0.685945
faff,3,0.865650
failure,7,0.519372
faint,2,0.485925
fair,0,0.429866
fair_enough,0,0.648711
fair_point,3,0.885285
faire,10,0.468755
fairlife,3,0.900383
fairly_common,8,0.570145
fairly_low,7,0.739340
fairly_often,5,0.409009
fairly_recent,0,0.749024
fake,5,0.760527
fall_asleep,2,0.446162
false_memory,3,0.709660
falsetto,7,0.232352
fam,0,0.833101
familiar_with_r_cpd,4,0.884574
familiar_with_rcpd,4,0.837041
familiarity,3,0.385022
family,0,0.372917
family_doctor,4,0.837401
family_history,4,0.493317
family_member,8,0.538170
famotidine,6,0.841314
fantasize_about,3,0.577231
fantastic,0,0.568090
fantastic_news,0,0.793713
faq,4,0.761734
faq_video,4,0.744108
far_behind,3,0.780775
far_less,2,0.368382
fart,5,0.503923
fart_smell,3,0.623722
farty,5,0.601199
fascia,1,0.468562
fascinate,0,0.511313
fast_eater,9,0.451433
fast_metabolism,5,0.241921
fast_rep,3,0.461659
fasten,3,0.560580
fat,9,0.523120
fate,0,0.652010
father,0,0.544231
fatigue,2,0.660014
fatigue_brain,3,0.850093
fatty,9,0.808849
fatty_food,9,0.818812
fax,10,0.749627
fear,5,0.373187
fear_of_fly,3,0.666298
fear_of_throw_up,5,0.478320
fear_of_vomit,5,0.433824
feat,3,0.944356
february_2020,3,0.678400
february_2025,3,0.785275
federal,3,0.775574
fee,10,0.867846
feed_up,0,0.448369
feel,2,0.425662
feel_better,2,0.373126
feel_crappy,3,0.460937
feel_like,5,0.411670
feel_like_garbage,3,0.631157
feel_nauseate,2,0.729098
feel_nauseous,2,0.702643
feel_of_fullness,2,0.762528
feel_queasy,2,0.500464
feel_sick,2,0.598531
fees,10,0.871984
fellow,0,0.699188
fellow_frog,3,0.899376
fellow_gurgler,0,0.826818
fellow_no,3,0.878684
female,8,0.390183
feminine,3,0.697578
fence,7,0.631960
fence_about,0,0.599183
fennel,9,0.720790
fentanyl,3,0.484797
ferment,9,0.628321
fermentable,9,0.539289
fermentation,9,0.575025
ferrous_fumigate,6,0.555193
festive,3,0.861760
fetal_position,2,0.392981
fever,2,0.507439
few,5,0.179231
few_day,7,0.482852
few_microburp,7,0.490505
few_minute,1,0.288890
few_sip,9,0.725928
fiber,9,0.648918
fibre,9,0.692578
fibromyalgia,8,0.682586
fifteenth,7,0.691702
fifth_grade,3,0.802803
fight_against,5,0.450429
fight_or_flight,2,0.432137
fight_or_flight_response,3,0.733913
figure_id,0,0.613210
figure_out_how,5,0.516518
fil,3,0.721227
file,10,0.814235
fill_up,1,0.436079
fill_with_air,2,0.494615
financial,10,0.683836
find_out,0,0.444735
find_this_community,0,0.776692
find_this_forum,0,0.819925
find_this_page,0,0.807991
find_this_sub,0,0.632160
find_this_subreddit,0,0.703025
find_this_thread,0,0.834881
finger,1,0.570384
finger_cross,7,0.567897
finger_down,5,0.305868
finger_method,3,0.778939
finger_trick,5,0.467132
finger_x,7,0.542465
finish_line,7,0.359466
firefighter,3,0.888682
firm_believe,0,0.571432
first_appointment,10,0.783839
first_attempt,7,0.785478
first_dose,7,0.794250
first_grade,3,0.656959
first_injection,7,0.816331
first_paragraph,3,0.651839
first_round,7,0.829322
first_time_poster,0,0.708418
first_timer,3,0.859971
first_trimester,5,0.531301
first_week,7,0.636142
fish_oil,6,0.424208
fish_oil_supplement,3,0.740100
fissure,3,0.861660
five,7,0.497431
five_month,7,0.777890
fix_r_cpd,3,0.714684
fizz,9,0.771051
fizzy,9,0.825611
fizzy_drink,9,0.606351
fizzy_mixer,3,0.847834
fizzy_water,9,0.523320
flair_up,2,0.621902
flap,1,0.737415
flappy,3,0.799491
flare,2,0.581100
flare_rib,3,0.742878
flare_up,2,0.745324
flat_belly,3,0.688015
flat_stomach,2,0.382762
flat_tummy,3,0.779462
flatten,9,0.505436
flatulence,2,0.675778
flatulence_etc,2,0.551145
flatus,3,0.817576
flex,1,0.841046
flexible,10,0.478613
flexor,3,0.770188
flick,5,0.341978
flight_of_stair,3,0.507684
flinch,1,0.472993
float,1,0.561514
flonase,6,0.792393
floor,1,0.590581
floppy,1,0.578150
florida,10,0.824615
flow,1,0.651641
flower,3,0.605256
flu,2,0.607491
fluctuation,3,0.709269
fluid,1,0.473957
fluoroscopy,4,0.580046
flush,9,0.588174
fly_back,10,0.656627
fly_home,7,0.481887
foam,1,0.555777
foamy,5,0.515719
focus,1,0.436085
fodmap,6,0.606321
fodmap_diet,6,0.632629
fog,2,0.238982
fold,1,0.753604
follow_by,1,0.437408
follow_doctor_bastian,4,0.632815
follow_qualification,0,0.512515
follow_up,10,0.584301
follow_up_appointment,10,0.629539
fond,3,0.679621
food,9,0.584631
food_allergy,8,0.667475
food_diary,6,0.604668
food_elimination,6,0.544205
food_get_stuck,1,0.274116
food_intake,9,0.475355
food_intolerance,8,0.664701
food_pipe,3,0.537664
food_poison,2,0.480960
food_sensitivity,8,0.467753
food_stuck,1,0.228663
foot,1,0.670012
footage,4,0.535282
force,1,0.509269
force_myself,5,0.716663
force_them,5,0.367302
force_yourself,5,0.540868
forcefulness,3,0.858589
forearm,1,0.557165
foreign,5,0.389298
foreign_country,3,0.817670
foreign_object,3,0.706941
forever,0,0.460777
fork,9,0.557537
formal,4,0.820624
formal_diagnose,0,0.660320
formation,8,0.637524
former_no_burper,0,0.810675
formerly,3,0.844866
fortnight,7,0.602001
forum,4,0.684285
forward_head,1,0.423743
foul,5,0.573238
foundation,10,0.775828
four,7,0.358166
four_month,7,0.536979
four_month_ago,3,0.809625
four_year,0,0.393652
fourteenth,10,0.694402
fourth,7,0.751002
fox,0,0.802211
fragile,3,0.602851
france,4,0.829272
frank,0,0.583696
freak_out,5,0.519002
freaky,0,0.466117
frequent,2,0.610775
frequent_diarrhea,3,0.792743
friday,7,0.680514
friend,5,0.490435
friend_family,0,0.670633
friend_house,9,0.492407
frog,5,0.449954
frog_croak,5,0.565261
frog_noise,2,0.603727
frog_sound,5,0.610339
front_tooth,1,0.794650
frother,9,0.648823
fructose,9,0.676713
fruit,9,0.849522
fruit_and_vegetable,9,0.781851
fruit_juice,9,0.834593
fruity,9,0.727605
frustrate,0,0.332115
fry,9,0.896134
fry_food,9,0.858399
fuck,5,0.488529
full_breath,2,0.272858
full_meal,9,0.673903
full_of_air,2,0.552464
full_range,3,0.637244
full_recover,7,0.669131
full_swing,3,0.748921
fullness,2,0.781215
fun,5,0.603664
function_proper,8,0.440326
functional_dyspepsia,3,0.670704
functional_gi_disorder,3,0.628726
functional_medicine_practitioner,3,0.806353
fund,10,0.739713
funding,10,0.731915
fundoplication,8,0.694520
fungal,3,0.830822
funny,5,0.645849
funny_noise,3,0.655516
furniture,1,0.686394
fusion,3,0.742440
fussy,5,0.529657
fuzzy,5,0.266010
g,4,0.529022
ga,10,0.620488
ga_procedure,10,0.624718
gaat,10,0.432222
gag,5,0.460024
gag_and_dry_heave,5,0.563649
gag_and_retch,3,0.737385
gag_dry_heave,2,0.635411
gag_myself,5,0.625314
gag_reflex,5,0.391032
gag_themselves,5,0.453841
gag_trick,5,0.586672
gag_yourself,5,0.423975
gah,3,0.943880
gain,7,0.266924
gain_control,1,0.384415
gain_weight,9,0.382993
gall_bladder,4,0.482185
gall_bladder_surgery,3,0.835613
gallbladder_attack,3,0.831026
gallbladder_issue,0,0.567484
gallbladder_remove,8,0.414803
galore,7,0.451051
gar,10,0.553332
gargle,2,0.540031
gargle_noise,2,0.599201
gargle_sound,5,0.312356
garlic,9,0.866454
garlic_onion,9,0.744672
gas,2,0.353627
gas_bubble,1,0.701408
gas_buildup,2,0.659394
gas_cramp,2,0.628421
gas_escape,1,0.423256
gas_in_colon,1,0.398019
gas_produce,9,0.692441
gas_production,8,0.499209
gas_rise,1,0.527767
gas_trap,2,0.574095
gas_x,6,0.777034
gaseous_distension,3,0.610808
gaslight,4,0.629849
gaslight_by,0,0.416008
gasp,5,0.624611
gasp_for_air,1,0.492818
gassy,2,0.617870
gassy_food,9,0.760713
gastric,8,0.617382
gastric_bypass,8,0.410578
gastric_empty,8,0.469346
gastric_empty_study,10,0.557255
gastric_sleeve,8,0.463458
gastritis,8,0.754009
gastro,4,0.662531
gastro_doctor,4,0.686190
gastro_issue,8,0.778102
gastro_specialist,4,0.715238
gastrocardiac,3,0.823239
gastroenterologist,4,0.691808
gastroenterologist_who,4,0.764586
gastroenterology,4,0.854889
gastrointestinal,8,0.707061
gastrointestinal_issue,8,0.792311
gastrointestinal_system,3,0.686749
gastroparesis,8,0.838557
gastroperesis,3,0.620093
gastroptosis,3,0.804292
gastroscopy,4,0.548959
gasx,6,0.832790
gate,1,0.531380
gatekeep,4,0.626635
gaviscon,6,0.902060
ge,10,0.699580
geez,0,0.719337
gel,9,0.743065
gelusil,3,0.828888
general_anaesthesia,10,0.618969
general_anesthesia,10,0.608173
general_anesthetic,10,0.696651
general_population,8,0.506295
general_practitioner,4,0.789634
generalize_anxiety,3,0.757144
generalize_anxiety_disorder,3,0.784058
generate,1,0.630951
generate_gas,3,0.755703
generic,6,0.774462
genetic_component,8,0.537869
genetic_factor,4,0.662559
genetics,8,0.757134
gente,0,0.343230
gentle,1,0.812844
gentle_massage,1,0.488225
gentle_press,3,0.781868
genuine,5,0.529071
george_washington,3,0.830984
george_washington_university_hospital,0,0.713306
gerd,8,0.714769
gerd_lpr,8,0.765814
germany,10,0.890707
get_food_poison,5,0.452232
get_rid,2,0.498972
get_stuck,1,0.470800
get_worse,2,0.571729
gi,4,0.580389
gi_doc,4,0.682194
gi_doctor,4,0.682846
gi_issue,8,0.711913
gi_motility,4,0.390693
gi_problem,8,0.701141
gi_referral,4,0.679127
gi_specialist,4,0.753046
gi_surgeon,3,0.716482
gi_track,8,0.562532
gi_tract,8,0.359426
giant,5,0.520082
gin,9,0.862790
ginger,9,0.765267
ginger_ale,9,0.788877
ginger_beer,9,0.649216
ginger_chew,3,0.802843
ginger_tea,6,0.730357
gird,8,0.412587
girl,5,0.543254
girl_who,0,0.738072
girlfriend,0,0.593691
gis,4,0.802279
give_up,0,0.265022
glad,0,0.607774
glad_to_hear,0,0.634092
gland,1,0.673583
glass,9,0.796641
glass_of_water,9,0.711050
global,4,0.632644
globus,8,0.504790
globus_sensation,2,0.526945
glorious,5,0.578740
gloss_over,3,0.798366
glue,1,0.737742
gluten,9,0.608241
gluten_and_dairy,3,0.581964
gluten_dairy,9,0.721688
gluten_free,9,0.641452
gluten_intolerance,8,0.634663
glutton,3,0.902986
glycerin,3,0.841485
glycinate,6,0.593616
gnaw,2,0.766270
go_back_and_forth,10,0.547486
go_down,1,0.345139
go_haywire,3,0.783958
go_overboard,3,0.709029
go_private,10,0.731491
go_smooth,7,0.549093
go_through,0,0.355811
go_to_bed,2,0.528490
go_to_chicago,10,0.836565
go_to_doctor_bastian,10,0.871232
go_to_doctor_spiegel,10,0.784455
go_to_explode,2,0.476521
go_unnoticed,3,0.833423
god_forbid,3,0.613144
godzilla,3,0.783454
goiter,3,0.846097
good_bacteria,9,0.381652
good_chance,8,0.313931
good_choice,10,0.408682
good_decision,7,0.307372
good_job,0,0.627191
good_news,7,0.643743
good_posture,1,0.659985
good_sign,7,0.624324
good_to_hear,0,0.667786
goodness,0,0.729811
google_search,4,0.613821
gord,8,0.766271
gosh,0,0.748715
government,10,0.703931
gown,10,0.450376
gp,4,0.742152
gp_referral,10,0.781660
gps,4,0.802338
grab,9,0.631316
gracious,3,0.696215
grade_school,5,0.535104
graduate_college,7,0.467434
graduate_high_school,3,0.734640
grain,9,0.695726
gram,3,0.599457
grandfather,8,0.501924
granola_bar,9,0.761044
grass,9,0.377639
grateful,0,0.854721
gravelly,3,0.710528
gravy,3,0.646615
greasy,9,0.850541
greasy_food,9,0.848065
great_news,0,0.690965
great_ormond_street_hospital,10,0.688931
great_to_hear,0,0.745658
green_bean,9,0.670199
green_tea,9,0.831285
grief,0,0.650525
grievance,3,0.924246
grill,3,0.761094
grimes,0,0.812804
grind,1,0.597455
grip,1,0.612899
grip_sock,6,0.459316
grit,9,0.561606
groan,1,0.529836
groan_noise,3,0.562835
groggy,7,0.389245
groove,3,0.746763
gross,5,0.724259
ground,1,0.683633
group,4,0.631950
grow_out,8,0.509626
grow_up,5,0.503292
growl,2,0.479210
growl_noise,2,0.380558
grudge,3,0.877139
grumble,2,0.447859
grunt,5,0.416708
grupo,3,0.941387
guess,5,0.292543
guinness,9,0.790931
gulp,9,0.572906
gum,9,0.708405
gummy,9,0.697175
gurgle,2,0.524809
gurgle_noise,2,0.596685
gurgler,0,0.510994
gurgly,2,0.741050
gurgly_noise,3,0.620630
gut,8,0.456600
gut_bacteria,8,0.609198
gut_flora,6,0.426137
gut_health,8,0.590980
gut_issue,8,0.780096
gut_microbiome,8,0.520306
gut_motility,6,0.489041
guttural,5,0.572965
gwuh,10,0.749996
gymnast,3,0.893841
gymnastics,3,0.792803
h2_blocker,6,0.759891
h_pylori,8,0.724086
ha_good_luck,3,0.936981
habit,1,0.330380
habit_form,3,0.873220
hadean,10,0.822306
hahahaha,0,0.744245
hair,1,0.658899
hair_net,3,0.499100
hairnet,10,0.388253
hallmark,0,0.601128
halo,3,0.825262
hamburg,10,0.918350
hand,1,0.494992
hand_and_knee,3,0.526537
hand_free,3,0.508912
handful_of_time,5,0.661270
handle,9,0.471119
handler,3,0.706597
hang_in_there,7,0.573802
hangry,3,0.788390
hank_green,0,0.703951
happiness,0,0.606281
happy,0,0.618203
happy_holiday,3,0.888698
happy_to_hear,0,0.727222
hard_liquor,9,0.738230
hard_seltzer,9,0.635768
hard_to_breathe,2,0.523418
hard_to_describe,1,0.423814
hard_to_differentiate,3,0.655267
hard_to_pinpoint,3,0.780840
hard_to_predict,3,0.804427
hardship,3,0.890310
harm,8,0.625057
harrowing,3,0.876546
harsh,2,0.357867
hashimoto,8,0.820392
hate,5,0.629177
have_abdomino_phrenic,0,0.467579
have_food_poison,5,0.711099
have_no_clue,4,0.689603
have_r_cpd,8,0.614405
hawaii,0,0.712603
hazard,4,0.262719
hcl,6,0.864430
he_spray,1,0.214570
head_and_neck,4,0.706544
head_and_torso_elevate,6,0.451087
head_elevate,6,0.328461
head_forward,1,0.764648
head_left,3,0.715983
head_movement,1,0.536906
head_position,1,0.562980
head_slightly,1,0.741887
head_tilt,1,0.685803
head_turn,1,0.445557
headache,2,0.759889
headache_fatigue,3,0.737435
headband,3,0.639757
health,4,0.561679
health_anxiety,2,0.509163
health_care,10,0.793208
health_condition,8,0.656371
health_insurance,10,0.771765
health_issue,8,0.715566
health_problem,0,0.500104
health_risk,3,0.691249
health_system,10,0.682600
healthcare,10,0.784116
healthcare_professional,4,0.769845
healthcare_provider,4,0.711022
healthcare_system,10,0.641911
healthy,9,0.478860
healthy_weight,9,0.351820
heart_burn,2,0.578245
heart_palpitation,2,0.793174
heart_problem,8,0.360072
heart_skip,3,0.738428
heartbreak,0,0.803980
heartburn,2,0.583471
heartburn_acid_reflux,2,0.405232
heartburn_medication,6,0.680788
heat_pad,6,0.404211
heat_therapy,1,0.508743
heave,5,0.643259
heaviness,3,0.594648
heavy,9,0.641931
hebbel,10,0.475892
heds,8,0.780632
heel_drop,3,0.545045
hehe,0,0.654635
height,9,0.384109
heighten,2,0.615258
helemaal,10,0.541327
hella,0,0.504092
hello_everyone,0,0.751902
hello_fellow_no_burper,0,0.749939
hello_fellow_noburper,0,0.857566
help,6,0.462271
help_loosen,1,0.385243
help_tremendous,6,0.556763
helpful,4,0.321209
helpful_info,0,0.648225
helpful_to_hear,0,0.824386
helpless,3,0.751838
helsinki,0,0.637240
hem,10,0.499567
hemp,3,0.841930
hence,8,0.646077
her_secretary,10,0.824089
her_website,4,0.670329
herb,6,0.636062
herbal,6,0.694278
heritable,4,0.626350
hernia,8,0.776062
hero,0,0.769117
hesitant,7,0.371565
hey_everyone,0,0.615689
hey_folk,3,0.861190
hey_guy,0,0.784458
hg,0,0.504908
hh,8,0.827191
hi_all,0,0.623047
hi_everybody,3,0.813687
hi_fellow_no_burper,0,0.810043
hi_friend,7,0.699449
hi_guy,0,0.715371
hi_there,0,0.732279
hiatal_hernia,8,0.881960
hiatal_hernia_be,8,0.897627
hiatal_hernia_etc,3,0.776553
hiatal_hernia_gerd,8,0.694806
hiatal_hernia_repair,7,0.493113
hiatal_hernia_so,3,0.621779
hiatus_hernia,8,0.777907
hic,5,0.526819
hiccup,5,0.533505
hicklin,10,0.809061
hicklin_and_karagama,3,0.814653
hicklin_com,10,0.792809
hicklin_in_london,10,0.643842
hida_scan,3,0.685374
high,1,0.253075
high_altitude,2,0.368863
high_deductible_plan,10,0.796836
high_dosage,7,0.610488
high_dose,7,0.551274
high_fat,9,0.733836
high_fiber,9,0.682133
high_fibre,9,0.656154
high_fodmap,9,0.625944
high_heart_rate,8,0.535933
high_incidence,3,0.774170
high_note,1,0.230523
high_pressure,8,0.442475
high_protein,9,0.820900
high_resolution,4,0.749462
high_resolution_manometry,4,0.713134
high_risk,8,0.498338
high_school,2,0.472840
high_up,1,0.583230
high_waist,2,0.523528
highly_consider,3,0.832910
highmark,3,0.824608
hiking,9,0.482693
hilarious,5,0.670540
hip,1,0.776066
hip_flexor,1,0.475076
hirschsprung,3,0.761284
his_nurse,4,0.597380
his_office,10,0.834675
his_opinion,0,0.567698
his_paper,4,0.823036
his_patient,4,0.594428
his_q,3,0.793575
his_success_rate,7,0.672985
his_video,4,0.680741
his_website,4,0.812239
hispanic,3,0.858007
hiss,5,0.557727
histamine_intolerance,8,0.605832
hit_high_note,3,0.603678
hmm_interest,3,0.742624
hmo,10,0.685966
hoarse,7,0.313336
hoarse_voice,2,0.426064
hoarseness,2,0.365569
hobby,9,0.489429
hoesli,10,0.824789
hole,1,0.678854
holiday,10,0.502353
holistic,8,0.493515
hollow,1,0.705711
holy_cow,0,0.686416
holy_crap,0,0.775301
holy_shit,0,0.563579
home,2,0.192655
home_early,2,0.339478
home_page,3,0.798714
home_remedy,6,0.448388
homeopathy,3,0.851225
homer_simpson,3,0.721136
hometown,3,0.688105
homie,0,0.767832
hook_up,1,0.379420
hope,7,0.295131
hopeful,7,0.526618
hopeless,0,0.367298
horizontal,1,0.586550
hormonal,8,0.585239
hormone,8,0.579992
horn,10,0.558931
horrendous,2,0.694264
horrible,2,0.751168
horrible_hypersalivation,3,0.830606
horrific,2,0.721952
horror,3,0.580535
horror_story,0,0.556692
horse_pill,5,0.366286
hose,1,0.611100
hospital,10,0.766789
hospital_charge,10,0.634728
hospital_fee,10,0.865750
hospital_fees,10,0.892225
hospital_gown,6,0.282103
hospital_in_manchester,3,0.907482
hospitalize,2,0.401649
hostile,3,0.865951
hot,9,0.678680
hot_air,1,0.403653
hot_beverage,3,0.540680
hot_chocolate,9,0.727769
hot_drink,9,0.796041
hot_flash,2,0.611168
hot_soup,9,0.722416
hot_tea,9,0.817836
hot_water,9,0.757513
hot_water_bottle,6,0.475811
hotel_room,10,0.606665
hotel_stay,3,0.709290
hourglass_syndrome,1,0.402664
howdy,3,0.860391
hrm,3,0.806737
huel,9,0.868668
huge_air_bubble,3,0.595516
huge_belch,5,0.744041
huge_belly,2,0.476862
huge_difference,2,0.184140
huge_emetophobe,3,0.624083
huge_meal,5,0.525614
huge_trigger,9,0.702587
huh_interest,3,0.898104
humiliate,5,0.324238
hummus,9,0.846405
hump,3,0.407577
hunch_over,1,0.538003
hundred_of_time,5,0.289690
hunger,2,0.775446
hunger_cue,3,0.706806
hunger_pain,2,0.658260
hungry,2,0.596706
hurt,2,0.370874
hus,4,0.798627
husky,3,0.854938
hydrate,9,0.665004
hydrogen,8,0.315304
hyoid_bone,3,0.740153
hyper,8,0.451741
hyper_aware,2,0.439534
hyper_mobile,8,0.626873
hyper_mobility,8,0.649781
hyper_salivate,2,0.754611
hyper_salivation,2,0.769288
hyperemesis,5,0.428646
hyperhidrosis,3,0.861043
hypermobile,8,0.716834
hypermobility,8,0.739961
hypersalivate,2,0.515919
hypersalivation,2,0.836379
hypersensitivity,8,0.675338
hypertensive,3,0.506465
hypertonic_pelvic_floor_dysfunction,3,0.702043
hypertrophy,3,0.698160
hyperventilation,3,0.711369
hypnosis,4,0.521580
hypnotherapy,6,0.522735
hypochondria,3,0.596355
hypothesis,8,0.728673
hypothesize,8,0.628026
hypothyroidism,8,0.709176
hysteria,3,0.631704
ibd,8,0.729189
ibs,8,0.667936
ibs_c,8,0.598066
ibs_d,8,0.565425
ibs_diagnosis,0,0.415038
ibs_gerd,8,0.734045
ibs_sibo,8,0.727081
ibs_symptom,2,0.586495
ibuprofen,6,0.630370
ice,9,0.800420
ice_chip,9,0.688623
ice_cream,9,0.879378
ice_lolly,9,0.586243
ice_water,9,0.651034
icecream,9,0.654510
ich,10,0.524610
icky,2,0.599081
icon,3,0.808149
id_argue,3,0.561245
id_love_to_hear,0,0.608219
id_rather,5,0.257440
id_say,7,0.553271
idaho,4,0.623346
identical_twin,0,0.657719
identity,0,0.579342
idiopathic,3,0.692104
iem,3,0.699249
if_left_untreated,8,0.830483
ignorance,0,0.528293
ignore,4,0.400440
ileus,8,0.714519
illinois,10,0.928138
illness,8,0.717784
illustrate,4,0.664725
image,4,0.539222
imaging,4,0.573969
imaging_use_barium_contrast,4,0.545820
imam,3,0.655246
imbalance,8,0.655859
imitate,1,0.375693
immeasurable,3,0.947671
immediate_relief,5,0.322956
immense_amount,3,0.723504
immune_system,8,0.684667
impair,3,0.368605
impatient,7,0.532290
impedance,4,0.482920
impede,3,0.364723
impending,3,0.799683
implant,4,0.436065
implement,9,0.371642
implication,0,0.525915
important_event,3,0.475985
important_to_note,8,0.489279
impressive,5,0.477973
improper,8,0.546338
improve,7,0.291776
improvement,7,0.446017
inability_to_belch,8,0.711091
inability_to_belch_gurgle_noise,1,0.354413
inability_to_burp,8,0.753522
inability_to_relax,8,0.449844
inability_to_vomit,8,0.611134
inaudible,3,0.666866
incapable,0,0.413506
incapacitate,2,0.509008
incessant,2,0.639441
incidence,8,0.602635
incident,5,0.296416
incision,10,0.383479
incline,6,0.474489
incompetent,4,0.686420
incomplete,2,0.349374
inconclusive,4,0.454906
inconsistent,7,0.576611
inconvenience,7,0.307626
inconvenient,5,0.397304
incorrect,8,0.508879
increase,8,0.394604
increase_awareness,0,0.622062
increase_in_frequency,3,0.612602
increase_in_severity,3,0.626923
incredible_helpful,4,0.764276
incredible_nauseous,5,0.577715
incredible_pain,5,0.519112
incredible_uncomfortable,2,0.492573
incredible_validate,3,0.817274
indescribable,0,0.557665
index_finger,1,0.675849
indigestion,2,0.809875
individual,4,0.451612
individual_funding_request,4,0.609902
individual_funding_request_ifr,3,0.754906
indoor,3,0.489208
induce,5,0.418409
induce_gag_reflex,3,0.845708
induce_vomit,5,0.542808
induction,3,0.894253
indulge,9,0.602825
ineffective,8,0.495154
ineffective_esophageal_motility,8,0.521768
infamous,0,0.543006
infancy,8,0.620598
infant,8,0.543234
infection,8,0.576535
inflame,1,0.405875
inflame_esophagus,3,0.641594
inflammation,8,0.640799
inflate,1,0.641000
inflate_balloon,3,0.494988
inform,4,0.686319
information,4,0.711073
information_about,4,0.765764
infrequent,5,0.317165
ingest,9,0.562677
ingredient,9,0.727999
inguinal,3,0.841124
inhale,1,0.681126
inherently,3,0.803453
inhibitor,6,0.676902
initial_appointment,10,0.883692
initial_consult,10,0.909252
initial_consultation,10,0.887446
initial_deny,10,0.816950
initial_stage,3,0.878234
initial_visit,10,0.831894
inject,1,0.303651
inject_100_unit,10,0.567671
inject_into,1,0.451851
injection,7,0.556562
injection_itself,7,0.366067
injection_site,7,0.408864
injure,1,0.339529
injury,8,0.578970
inopportune,3,0.773800
insane,2,0.641162
insecure,5,0.382522
insecure_about,3,0.739324
insecurity,3,0.723212
insert,1,0.599800
insert_into,1,0.359813
insertion,1,0.298639
inside,1,0.746131
insist,4,0.711110
insistent,0,0.502235
insomnia,2,0.561995
inspire,0,0.768003
instability,4,0.622916
instagram,0,0.636065
installment,3,0.865526
instance,2,0.286058
instant_relief,5,0.532369
instinct,1,0.629289
institution,4,0.710641
instrument,1,0.723618
insurance_anthem,3,0.716015
insurance_company,10,0.757136
insurance_cover,10,0.795533
insurance_coverage,10,0.770841
insurance_provider,10,0.834231
insurer,10,0.773219
intel,3,0.799932
intense,2,0.802998
intense_fear,5,0.449078
intense_nausea,2,0.818340
intense_pain,2,0.605341
intense_pressure,2,0.625145
intensify,2,0.659522
intensity,7,0.308350
intentional,5,0.660013
interest,0,0.408178
interest_to_hear,0,0.619281
interfere,8,0.415111
intermittent,8,0.664826
internal,1,0.519308
internal_injection,10,0.587823
internal_organ,3,0.546748
international,10,0.867476
internet,4,0.633555
internet_post,4,0.469713
intestinal,8,0.618662
intestinal_gas,2,0.521980
intestinal_necrosis,8,0.481202
intestine,1,0.526592
into_account,6,0.399101
into_adulthood,3,0.776733
into_perspective,3,0.702518
intolerance,8,0.554389
intolerant,9,0.593759
introduction,10,0.562631
intrusive,3,0.619095
intubate,7,0.209945
intubation,1,0.227552
intubation_tube,3,0.559586
intuit,3,0.879633
invasive_procedure,3,0.558600
inversion,6,0.360015
investigate,4,0.719980
investigation,4,0.724052
invisible,5,0.485301
involuntary,5,0.672205
involuntary_dry,3,0.659383
involuntary_dry_heave,3,0.555916
involuntary_microburp,7,0.565579
involvement,3,0.489508
inwards,1,0.626676
iqoro,6,0.480259
iron,6,0.536755
iron_supplement,6,0.624560
irrational,5,0.472982
irrational_fear,5,0.329279
irregular,2,0.596487
irregularity,3,0.395306
irreversible,8,0.622441
irritable,2,0.478183
irritate,1,0.463200
irritation,1,0.353438
ish,7,0.499488
issaquah,3,0.734310
issue,8,0.433564
issue_e_g,4,0.452263
italy,10,0.814312
itch,2,0.501101
itemize_bill,3,0.837422
its_own,1,0.279689
its_unlikely,8,0.564714
iu_health,3,0.699018
iv,10,0.327879
iv_for_dehydration,7,0.618285
jab,7,0.618321
jackass,3,0.801177
jacket,3,0.803054
jacob,3,0.899541
jag,10,0.511798
jai_fait,3,0.529319
james,3,0.539203
jan,10,0.761460
jan_2022,3,0.786919
jan_2023,3,0.774256
jan_2025,7,0.375611
january,10,0.660155
japan,10,0.721421
jaw,1,0.835706
jaw_slightly,1,0.582327
jealous,5,0.739700
jealous_of_people_who,3,0.794749
jealousy,3,0.859651
jean,3,0.876535
jeans,9,0.468925
jeff,3,0.888341
jefferson,10,0.912617
jello,9,0.792832
jelly,9,0.780148
jinx,3,0.738352
jitter,3,0.754063
jog,9,0.527906
john_hopkins,4,0.801099
join_reddit,0,0.833383
join_this_subreddit,3,0.789744
joke,5,0.560258
joke_about,5,0.607469
joker,3,0.851828
jolt,1,0.401226
journal,4,0.728810
journal_article,4,0.762403
journey,0,0.642971
juice,9,0.900879
july,7,0.730928
july_2023,7,0.733070
june,7,0.740194
june_2022,3,0.732014
junk_food,9,0.721675
just_curious,0,0.538853
jut_out,1,0.752711
kahrilas,3,0.794488
kaiser,10,0.844183
kaiser_permanente,10,0.902093
karagama,10,0.848590
keen_to_hear,0,0.652951
keep_in_touch,0,0.721374
keep_practice,7,0.391646
keep_us_update,0,0.630078
keeper,3,0.957850
kefir,9,0.860003
keg,3,0.906470
kentucky,10,0.846685
keratosis,3,0.886372
keto,9,0.625761
keto_diet,9,0.656812
key,1,0.475810
keyword,3,0.493900
kick,7,0.494931
kid,5,0.633856
kill,2,0.586345
killer,2,0.562547
kind_of_gross,5,0.688838
kind_stranger,0,0.805077
kink,1,0.704438
kiss,1,0.519895
klonopin,6,0.612162
knee,1,0.755966
kneel,1,0.471910
knock_out,10,0.452395
knot,1,0.719914
know_to_treat_r,4,0.844989
knowledge,4,0.732121
knowledgeable,4,0.700947
knuckle,1,0.690923
kombucha,9,0.748504
ktc,1,0.491709
kyphosis,3,0.823349
la_croix,9,0.747036
lab,4,0.620960
lack_of_ability,3,0.706113
lack_of_appetite,2,0.693726
lack_thereof,3,0.854167
lacroix,9,0.699166
lactase,6,0.601112
lactose,9,0.660491
lactose_free,9,0.841727
lactose_intolerance,8,0.724279
lactose_intolerant,9,0.668567
lakeshore,0,0.640847
lame,0,0.624111
landscape,3,0.758945
language,4,0.641895
lansoprazole,6,0.717394
lap,1,0.429245
laparoscopy,4,0.492471
large_amount,9,0.496667
large_belch,5,0.552118
large_bowel,1,0.419237
large_dose,7,0.485955
large_intestine,1,0.364872
large_meal,9,0.630594
large_pill,6,0.313387
large_portion,9,0.314157
large_than,5,0.497063
largely_prevent,3,0.804549
laryngeal,8,0.528231
laryngeal_dystonia,8,0.272670
laryngeal_spasm,3,0.459922
laryngeospasm,3,0.417899
laryngologist,4,0.844394
laryngologist_who,4,0.794192
laryngopedia,4,0.813579
laryngopharyngeal_reflux,8,0.719599
laryngopharyngeal_reflux_lpr,3,0.664119
laryngoscope,4,0.469255
laryngospasm,7,0.247430
larynx,1,0.800986
larynx_lower,1,0.391421
larynx_lower_exercise,6,0.378256
larynx_lower_voice,3,0.555178
laser,10,0.540363
last_august,7,0.747537
last_ditch,3,0.894873
last_paragraph,3,0.853968
last_resort,4,0.379507
last_tuesday,7,0.718515
last_year,7,0.239208
latch,3,0.794467
late_20s,2,0.571167
late_30s,8,0.540931
late_afternoon,2,0.484951
late_reply,0,0.666922
late_teen,2,0.399022
late_twenties,2,0.409366
lateral,1,0.499714
latest,4,0.825907
laugh,5,0.667377
laugh_yawn,5,0.471012
laughter,5,0.731420
lawyer,10,0.659865
lax,3,0.769730
laxative,6,0.756402
lay,1,0.419745
lay_down,2,0.488951
lay_down_flat,2,0.452653
lay_down_in_bed,3,0.631952
lay_flat,1,0.461812
lazy,1,0.184378
lb,7,0.308104
le_27_fever,10,0.630168
lead_to_sibo,3,0.579605
leafy_green,9,0.649221
league,3,0.886857
leak,1,0.716349
leak_gut,8,0.613865
leak_into,1,0.306375
lean,1,0.724251
lean_against,3,0.609141
lean_back,1,0.743375
lean_down,1,0.382399
lean_forward,1,0.792342
lean_into,5,0.403860
lean_onto,1,0.609763
lean_over,1,0.484714
learn,5,0.382672
learn_behavior,8,0.670453
learn_how,5,0.450724
learn_to_control,7,0.341404
least_partially,0,0.443305
leave_early,2,0.536917
leave_r_cpd,8,0.800053
left_ear,1,0.593418
left_leg,3,0.699056
left_nostril,1,0.415557
left_rib_cage,3,0.642134
left_side,1,0.456206
left_untreated,8,0.817719
leg,1,0.676692
leg_up,1,0.616815
lego,3,0.581240
legume,9,0.819964
lemonade,9,0.881715
lenox,3,0.765263
lentil,9,0.883811
les,8,0.589824
les_function,8,0.570508
les_lower_esophageal,8,0.389765
lesbian,0,0.714148
less,2,0.272970
less_accurate,7,0.446441
less_alone,0,0.619707
less_anxious,0,0.307134
less_bloat,2,0.521545
less_expensive,10,0.673291
less_flatulence,2,0.395586
less_frequently,7,0.328693
less_gassy,9,0.512526
less_invasive,4,0.517139
less_nauseous,2,0.414513
less_scary,3,0.534277
less_severe,0,0.354460
less_traumatic,5,0.406812
lessen,2,0.567833
let_out,5,0.651131
lethargic,2,0.484109
letter,4,0.773994
lettuce,9,0.763188
level,2,0.351913
level_of_severity,3,0.787047
lexington,10,0.799458
liable,3,0.889109
liberate,0,0.748276
license,10,0.720980
lid,1,0.661960
lidocaine,6,0.311833
lidocaine_spray,3,0.691330
lie,1,0.439697
lie_down,2,0.446582
lie_down_flat,1,0.254036
lie_flat,1,0.465955
life_alter,0,0.632371
life_change,0,0.533939
life_threaten,8,0.687678
life_upgrade,3,0.933797
lifelong,8,0.800895
lifelong_basis,8,0.516205
lifelong_burper,3,0.640673
lifelong_inability,8,0.554563
lifelong_no_burper,0,0.551366
lifelong_non_burper,3,0.816038
lifelong_r_cpd,0,0.576941
lifestyle,6,0.530960
lifestyle_change,6,0.564930
lifetime,0,0.442188
lifetime_noburper,3,0.787204
lift,1,0.782323
ligament,8,0.603870
light,1,0.458820
light_cough,1,0.465266
light_head,2,0.321569
lightheaded,2,0.613183
lightheadedness,2,0.605630
lightweight,5,0.453427
like_bread,9,0.794527
like_crap,9,0.568066
like_crazy,5,0.581821
like_wtf,3,0.644777
likelihood,8,0.486901
likely_due,8,0.590046
lin,3,0.618394
line_between,5,0.489268
linger,2,0.433908
lining,1,0.426263
link_between,8,0.837887
link_to_r_cpd,3,0.537556
linx,3,0.511836
liquefy,9,0.718568
liquid,9,0.536770
liquid_baby_advil,3,0.857453
liquid_baby_ibuprofen,6,0.618962
liquid_child_ibuprofen,6,0.545485
liquid_diet,9,0.627890
liquid_gaviscon,6,0.788004
liquid_ibuprofen,6,0.716564
liquid_tylenol,6,0.423519
liquor,9,0.813835
list_above,0,0.375069
list_of_specialist,4,0.823013
listen,4,0.510585
listen_to_your_body,7,0.215127
liter,9,0.710147
literally_cry,0,0.666134
literature,4,0.840265
little_background,0,0.726322
little_confuse,0,0.693374
little_nervous,7,0.602315
little_pop,1,0.491991
little_scratch,7,0.352432
little_sore,7,0.260553
little_tired,7,0.576075
live_memory,5,0.652912
live_near,4,0.794112
liver,8,0.471191
llama,3,0.679351
lmfao,0,0.621274
local,10,0.766269
local_anesthesia,10,0.598224
local_anesthetic,10,0.546198
local_ccg,4,0.684498
local_doctor,4,0.823264
local_ent,4,0.820975
local_hospital,4,0.826745
localize,3,0.617254
location,10,0.676674
lodge,1,0.500178
log,0,0.426782
logical_sense,3,0.546918
logo,4,0.290396
lol,5,0.680920
london_uk,10,0.808153
lonely,0,0.621825
long_haul,2,0.320548
long_term,8,0.438636
long_time_lurker,0,0.714339
long_wind,0,0.664680
longstanding,3,0.551253
longtime,0,0.683488
look_down,1,0.763570
look_forward,0,0.591787
look_pregnant,2,0.748912
loopy,7,0.339519
loose,1,0.624371
loose_stool,2,0.599083
loosen,1,0.649784
loosen_up,1,0.583353
los_angeles,10,0.848474
lose_hope,7,0.531545
lose_weight,2,0.364829
loss,8,0.507550
loss_of_appetite,2,0.633764
loss_of_voice,7,0.575673
lot_of_effort,6,0.342828
lot_of_phlegm,1,0.347053
lottery,3,0.739784
loud,5,0.683392
loud_af,3,0.861694
loud_and_proud,5,0.520453
loud_belch,5,0.715935
loud_gurgle_noise,2,0.670546
loud_hiccup,5,0.600203
loud_music,5,0.549656
loud_noise,5,0.568433
loudness,3,0.731884
louisiana,10,0.661094
lounge,3,0.416858
love_coffee,3,0.503434
lovely,10,0.531792
lover,3,0.703223
low_acid,8,0.555173
low_appetite,2,0.482646
low_carbohydrate,9,0.622087
low_dose,7,0.449151
low_energy,3,0.813906
low_fodmap,6,0.704544
low_fodmap_diet,6,0.732466
low_income,10,0.699692
low_iron,3,0.739063
low_level,2,0.748331
low_quality,3,0.910203
low_stomach_acid,8,0.786008
lower,1,0.793611
lower_abdomen,2,0.689014
lower_dose,7,0.498232
lower_down,1,0.659401
lower_esophageal,1,0.353157
lower_esophageal_sphincter,8,0.617616
lower_esophageal_sphincter_les,3,0.424728
lower_esophagus,8,0.564014
lower_gi,8,0.518513
lower_gi_tract,3,0.756208
lower_jaw,1,0.813792
lower_jaw_forward,1,0.706999
lower_larynx,1,0.511697
lower_part,1,0.519352
lower_sphincter,8,0.628481
lower_success_rate,10,0.575101
lowkey,5,0.574784
lpr,8,0.776869
lpr_reflux,8,0.678094
lpr_silent_reflux,2,0.372054
lpr_symptom,8,0.494338
lucy,10,0.678545
lucy_hicklin,10,0.763704
lucy_hicklin_in_london,10,0.805947
lucy_hickling,10,0.668229
lump,2,0.344791
lunatic,3,0.864715
lunch,9,0.673742
lung,1,0.627231
lung_and_heart,3,0.603956
lung_capacity,2,0.323345
lurker_here,3,0.766416
lycra_till,3,0.881560
lye,3,0.778081
lyft,3,0.605022
lyme,3,0.884397
lymph_node,1,0.414842
mac_and_cheese,9,0.783678
mac_n_cheese,9,0.643583
machine,1,0.636460
machine_gun,3,0.673994
mad,5,0.456041
magic_bullet,0,0.737601
magic_mushroom,3,0.774641
magic_number,3,0.851415
magnesium,6,0.778774
magnify,2,0.317948
maiden,0,0.772834
main_cause,8,0.669998
main_concern,7,0.514874
main_difference,3,0.626752
main_hospital,10,0.693223
main_issue,2,0.617610
main_symptom,2,0.661583
maintain,7,0.207239
maintain_weight,3,0.873477
maintenance,10,0.606605
major,2,0.593860
major_change,7,0.601413
make_fun,5,0.736588
make_myself,5,0.706379
make_themselves,5,0.679631
make_yourself,5,0.470099
malabsorption,8,0.705982
maladie,3,0.666300
malaise,3,0.719859
male,8,0.313338
malfunction,8,0.600330
malfunction_les,8,0.516022
malign,1,0.360103
mall,9,0.404359
malnourish,9,0.357707
malnutrition,2,0.570945
manchester,10,0.920572
maneuver,1,0.706641
maniac,5,0.568123
manipulate,1,0.731061
manitoba,3,0.779719
manometer,10,0.509746
manometry,4,0.507285
manometry_and_barium,4,0.371083
manometry_ph,3,0.664817
manometry_show,8,0.523030
manometry_study,4,0.677674
manometry_test,4,0.689667
mantra,3,0.671825
manual,1,0.483110
manual_open,1,0.396071
many_aspect,3,0.769784
march,10,0.707163
march_2023,7,0.742456
marfan,3,0.706448
marijuana,6,0.480821
marine,3,0.905302
marino,3,0.862077
mark,7,0.725224
mark_fritz,3,0.799558
mark_rafferty,3,0.764338
marker,4,0.666005
marry,0,0.555201
martini,9,0.767939
mash_potato,9,0.840065
massage,1,0.779298
massage_gun,3,0.725865
massage_therapist,0,0.477556
massive_amount,2,0.286101
massive_belch,3,0.730115
massive_difference,2,0.211663
mast_cell,3,0.767281
material,4,0.658230
maternity,3,0.721275
matter_of_fact,0,0.699382
maybe_once,5,0.455101
maybe_once_or_twice,5,0.434292
maybe_twice,5,0.458679
mayo_clinic,4,0.631470
mcas,8,0.774823
mdma,3,0.473895
mds,4,0.762370
meal,9,0.607572
meal_replacement_shake,9,0.832568
meander,10,0.893071
meaningless,3,0.697316
meantime,6,0.526514
meat,9,0.838503
meat_and_dairy,3,0.806250
mechanical,8,0.843260
mechanism,8,0.459638
mechanism_of_action,6,0.496245
medicaid,10,0.737391
medical_background,3,0.529116
medical_bankruptcy,3,0.835606
medical_bill,10,0.801383
medical_care,10,0.543855
medical_community,4,0.741948
medical_condition,8,0.542794
medical_expertise,3,0.888956
medical_field,8,0.453495
medical_history,4,0.709291
medical_issue,8,0.573315
medical_journal,4,0.792832
medical_name,0,0.661881
medical_necessary,10,0.710393
medical_paper,4,0.711701
medical_professional,4,0.709206
medical_setting,7,0.411401
medical_staff,3,0.862272
medical_study,0,0.623607
medical_test,4,0.603534
medical_world,0,0.743376
medicare,10,0.843395
medicate,6,0.532073
medication,6,0.743118
medicinal,3,0.887694
medicine,6,0.650897
meditation,6,0.517197
medium_size,5,0.477445
meet,10,0.687128
meet_anyone,0,0.697473
meeting,10,0.467692
mega_post,3,0.789642
megathread,3,0.869940
meh,3,0.642807
mellow_out,3,0.614294
melodramatic,3,0.859109
melt,9,0.670403
meltdown,3,0.888445
membrane,3,0.831187
memory,5,0.589657
menopause,0,0.543689
menstrual,3,0.816191
menstrual_cycle,2,0.490431
mental,8,0.375220
mental_and_physical,0,0.351616
mental_block,5,0.360802
mental_component,0,0.570129
mental_health,8,0.597736
mental_state,8,0.500262
menthol,6,0.520040
mention_this_subreddit,0,0.811918
mere,10,0.512453
mess,2,0.351343
mess_up,8,0.212138
metabolic,3,0.752028
metabolism,9,0.446284
metal,1,0.513945
metallic_taste,3,0.752296
metamucil,3,0.828511
methane,8,0.543231
methane_sibo,3,0.880415
method,1,0.300141
metoclopramide,6,0.718944
mi_jin_yoo,3,0.710452
miami,10,0.721405
michael,0,0.694237
michael_learner,10,0.795751
michigan,10,0.819092
micro,7,0.372263
micro_burp,7,0.438925
micro_burp_but,7,0.488484
micro_burp_start,7,0.670766
micro_burp_today,7,0.554893
micro_burp_when,7,0.432868
micro_burp_which,7,0.590806
micro_burp_yesterday,3,0.697454
micro_vibration,3,0.782912
microbiome,8,0.643060
microburp,7,0.428373
mid_20s,2,0.377619
mid_30s,2,0.455598
mid_july,10,0.647706
mid_late_twenties,3,0.886268
mid_morning,2,0.522494
mid_sentence,5,0.650730
mid_september,0,0.673996
mid_teen,3,0.897158
mid_twenties,3,0.425771
middle_finger,1,0.774784
midsection,1,0.617528
midtown,10,0.841710
midway,3,0.735859
midwest_center_for_day,10,0.754645
midwest_surgery_center,10,0.812660
migraine,2,0.652226
migration,3,0.689981
mike,0,0.668462
mild,2,0.526779
mild_case,8,0.608490
mild_cold,7,0.599714
mild_discomfort,7,0.498123
mild_form,3,0.655722
mild_side_effect,7,0.701692
mild_sore,7,0.213753
mild_version,3,0.672410
milk,9,0.864861
milkshake,9,0.883507
million_time_worse,3,0.834696
mimosa,3,0.640280
mind_blow,0,0.728246
mind_share,0,0.621861
mindfulness,6,0.386274
mineral,9,0.678856
mini,5,0.449274
mini_burp,7,0.355825
miniature,3,0.877700
minimal_invasive,7,0.528611
minimal_side_effect,7,0.787143
minor,8,0.426268
minor_inconvenience,0,0.519577
minor_slow,7,0.350032
minor_sore,7,0.236121
mint,9,0.652652
mint_tea,9,0.623444
minty,9,0.509060
miracle,0,0.556869
miracle_cure,3,0.592194
miralax,6,0.729290
mirror,1,0.585257
mirtazapine,6,0.677416
misbehave,3,0.831496
misdiagnose,8,0.677145
misdiagnose_with_gerd,8,0.446532
misdiagnose_with_ibs,0,0.548754
misdiagnosis,8,0.746950
miserable,2,0.512533
misery,0,0.433890
misinformation,0,0.581647
misleading,0,0.596655
misophonia,3,0.786639
miss_out,0,0.470207
mitigation,3,0.762713
mix_drink,9,0.772155
mix_of_both,3,0.777804
mixer,9,0.824850
mob_mentality,3,0.809276
mobility,8,0.685085
mock,0,0.507833
moderate,2,0.485604
modify,6,0.535028
modify_barium_swallow,4,0.608309
molar,3,0.592005
mom,0,0.464596
moncton,3,0.805583
monday,7,0.668264
monday_morning,10,0.756950
mondino,10,0.789845
monster,5,0.721591
montana,0,0.714279
month_post_op,7,0.724390
month_pregnant,2,0.331716
monthly,10,0.795081
moo,3,0.902232
moon,0,0.382069
more_accurate,10,0.538395
more_comfortable,2,0.252238
more_common,8,0.660728
more_complex,4,0.517389
more_confident,2,0.249717
more_consistent,7,0.378700
more_discreet,3,0.702079
more_effort,7,0.160236
more_energy,2,0.352225
more_expensive,10,0.789778
more_frequent,2,0.597482
more_frequently,5,0.369820
more_information,4,0.732866
more_intense,2,0.603700
more_invasive,10,0.447898
more_likely,8,0.519716
more_often,5,0.562570
more_power,5,0.516752
more_pressure_knot,7,0.207053
more_prevalent,3,0.454017
more_prominent,3,0.652076
more_prone,2,0.385184
more_sensitive,2,0.285782
more_social_acceptable,3,0.824498
mortify,5,0.699593
moscaritolo,3,0.931824
most_gps,4,0.643489
most_likely,8,0.674013
most_of_us,8,0.643899
most_part,2,0.388913
most_people,7,0.213857
mother,5,0.335143
motility,8,0.753341
motility_disorder,8,0.622227
motility_issue,8,0.799457
motility_test,4,0.500928
motilium,3,0.721981
motion,1,0.801726
motion_sick,9,0.412875
motion_sickness,2,0.627228
motivate,0,0.489126
motor,3,0.396010
motrin,6,0.648284
mountain,9,0.410542
mouth,1,0.761632
mouth_breathe,1,0.424618
mouth_close,5,0.491360
mouth_open,1,0.705738
mouth_shut,5,0.521511
mouthful,9,0.571416
mouthful_of_food,9,0.451950
mouthful_of_water,9,0.486281
mouthguard,3,0.737964
mouthwash,6,0.518237
move,1,0.667764
move_around,1,0.681262
move_down,1,0.635705
movement,1,0.739889
mr,10,0.817461
mr_karagama,10,0.850731
mr_karagama_at_bmi_blackheath,3,0.803509
mr_mulla,4,0.583938
mr_omar,10,0.559898
mr_yakubu_karagama,10,0.895460
mri,4,0.572271
ms_hicklin,10,0.823873
ms_lucy_hicklin_in_london,10,0.670023
mthfr,3,0.653930
much_better,2,0.346016
much_cheap,10,0.771169
much_less,2,0.538016
much_more_comfortable,0,0.348693
much_sense,5,0.272198
much_worse,2,0.700135
mucinex,6,0.745311
mucosa,8,0.530833
mucous,2,0.434428
mucus,2,0.490197
mucus_phlegm,3,0.652751
mucus_production,3,0.536922
mucus_stuck,3,0.517663
mucusy,3,0.699461
mulla,4,0.714962
multiple_dose,7,0.442897
multiple_injection,7,0.495016
multiple_round,7,0.526424
multivitamin,3,0.769802
mum,4,0.571863
muscle,1,0.519082
muscle_memory,1,0.268965
muscle_relaxant,6,0.670896
muscle_relaxation,6,0.366359
muscle_responsible,3,0.571327
muscle_tension,8,0.618863
muscle_tension_dysphonia,4,0.667353
muscle_tone,3,0.741086
muscle_weakness,3,0.546006
mush,9,0.442586
mushy,9,0.813331
musician,0,0.679038
my_20s,2,0.635764
my_30s,2,0.513535
my_40s,8,0.640250
my_abdomen,1,0.791632
my_armpit,1,0.571235
my_aunt,5,0.458619
my_bf,5,0.590318
my_body,5,0.398675
my_boyfriend,5,0.674963
my_brother,5,0.572699
my_chest,1,0.610984
my_chin,1,0.883212
my_dad,5,0.424857
my_daughter,0,0.523387
my_deductible,10,0.740216
my_family,5,0.445017
my_gag_reflex,1,0.369555
my_girlfriend,5,0.584798
my_gp,4,0.666589
my_head,1,0.475959
my_husband,5,0.586305
my_life,5,0.342951
my_lung,1,0.681592
my_mouth,1,0.543607
my_own,5,0.397485
my_partner,5,0.491821
my_pcp,4,0.709130
my_profile,0,0.453162
my_r_cpd,8,0.619699
my_rib_cage,1,0.630647
my_second_trimester,3,0.602014
my_shoulder_blade,1,0.591750
my_sternum,1,0.749996
my_throat,1,0.416320
my_tongue,1,0.753655
my_tooth,1,0.608382
my_torso,1,0.783441
my_uncle,8,0.646537
my_vocal_chord,1,0.421652
my_vocal_cord,1,0.331552
myalgia,3,0.915797
mylanta,6,0.829062
myotomy,7,0.421478
myself_include,8,0.658283
mystery,8,0.674562
nacho,3,0.662992
nail,1,0.606503
name,4,0.705546
namely,3,0.649655
nap,9,0.346716
narcissist,3,0.672948
narrow,1,0.627008
nasal,1,0.417921
nasal_breathe,3,0.812696
nasal_cavity,1,0.288798
nasal_congestion,3,0.593934
nasal_drip,2,0.337021
nasal_endoscopy,10,0.595063
nasal_passage,1,0.502834
nasal_scope,10,0.468536
nasal_spray,6,0.720407
nasty,2,0.562338
nathan,3,0.918743
native_english_speaker,3,0.743065
natural,5,0.389134
naturopath,4,0.712972
naturopathic,6,0.510123
nausea,2,0.793752
nauseate,2,0.764446
nauseate_daily,3,0.652075
nauseous,2,0.708464
nauzene,3,0.647225
navel,3,0.673785
naw,3,0.966425
nbs,3,0.803120
nc,10,0.911878
near_constant,2,0.762134
nearly_as_bad,7,0.345397
neck,1,0.694025
neck_and_shoulder,1,0.630869
neck_area,1,0.722641
neck_crunch,3,0.822605
neck_exercise,6,0.409146
neck_forward,1,0.846524
neck_jaw,1,0.753391
neck_massage,6,0.393632
neck_movement,3,0.462913
neck_muscle,1,0.759723
neck_position,1,0.581323
neck_posture,1,0.380855
neck_shoulder,1,0.668155
neck_strengthen,3,0.393041
neck_stretch,1,0.539437
neck_upwards,3,0.586565
needle_through,1,0.389305
negate,0,0.596568
negate_affect,0,0.518887
negative_effect,7,0.494402
negative_experience,0,0.576096
negative_pral,3,0.735710
negative_reaction,3,0.847927
negative_review,3,0.728818
negative_side_effect,7,0.470159
negligible,3,0.699141
negotiate,10,0.691264
negroni,3,0.749471
nerd,4,0.483877
nerva,3,0.838196
nerve,1,0.571536
nerve_damage,8,0.574896
nerve_rack,3,0.646827
nerve_wrack,7,0.398811
nervous,7,0.336872
nervous_about,7,0.439839
nervous_system,8,0.610043
netherlands,10,0.876171
network,10,0.853549
neural,1,0.419628
neurodivergent,0,0.663585
neurological,8,0.773743
neurological_disorder,3,0.718769
neurological_dysfunction,3,0.803784
neurological_function,8,0.421156
neurological_issue,8,0.759866
neurological_problem,8,0.654036
neurologist,4,0.622648
neuromuscular,8,0.470526
neuropathic,3,0.880435
neutral_position,3,0.751597
neutralize,6,0.549248
never_bother,2,0.525624
never_meet,0,0.592815
new_burper,3,0.795570
new_here,0,0.736466
new_jersey,10,0.837376
new_lease,3,0.750713
new_member,0,0.753223
new_sensation,5,0.329431
new_to_reddit,0,0.833300
new_to_this_community,0,0.845523
new_to_this_group,0,0.889483
new_to_this_sub,0,0.867483
new_york,10,0.845913
new_zealand,4,0.780481
newbie,0,0.714362
newcomer,0,0.571369
news,0,0.709359
news_article,4,0.732782
nexium,6,0.773541
next_available,10,0.708941
next_few_week,7,0.578991
next_morning,7,0.363223
next_thursday,0,0.502994
next_wednesday,10,0.662025
next_weekend,3,0.755034
nhs,4,0.560149
nhs_gp,0,0.660235
nhs_referral,10,0.784600
nhs_route,4,0.689000
niacin,6,0.637260
nice,0,0.366974
nice_to_hear,0,0.724013
nickname,5,0.552282
nicotine,6,0.421818
nightly,2,0.490555
nightmare,5,0.387977
nightshade,9,0.689144
nineteenth,10,0.789567
ninth,10,0.760007
nipple,3,0.601038
nissen_fundoplication,8,0.321082
nitric_oxide,3,0.606901
nitro,9,0.715383
nitro_beer,3,0.539657
no_anesthetic,10,0.684683
no_avail,6,0.437105
no_burpee,3,0.819531
no_burper,0,0.537799
no_offense,0,0.737745
no_regret,7,0.659824
no_sense,5,0.066486
nobody_else,0,0.486056
noburp,8,0.718924
noburp_community,0,0.811805
noburp_org,4,0.764719
noburp_wiki,4,0.801396
noburper,8,0.570551
nocturnal,3,0.790674
node,3,0.670643
nodule,8,0.435496
noise,5,0.511700
noisy,5,0.524772
noisy_breathe,7,0.517412
non_burper,0,0.542905
non_carbonate,9,0.810822
non_invasive,4,0.440361
non_stop,2,0.605809
non_surgical,0,0.732956
nonburper,0,0.768206
none_of_us,0,0.483392
nonstop,5,0.599316
nonstop_gurgle,3,0.624081
noodle,9,0.896201
normal_burper,5,0.531425
normal_population,3,0.549801
norovirus,5,0.391712
north_east,3,0.749100
northeast,3,0.871618
northern,10,0.860476
northern_california,10,0.855051
northwest,3,0.760865
nortriptyline,3,0.511711
norwegian,3,0.685970
nose,1,0.421873
nose_and_down,1,0.438809
nose_spray,7,0.290017
nostril,1,0.603191
not_alone,0,0.695604
not_life_threaten,3,0.445366
nothing_major,7,0.490920
nothing_unbearable,7,0.537782
nothing_unmanageable,3,0.778661
nothing_wrong,4,0.478708
nova_scotia,10,0.810104
novel_2023,3,0.797075
november_2023,3,0.736272
nowhere_near,2,0.447980
nowhere_to_go,1,0.459609
nsaid,6,0.634820
nsw,10,0.695391
nuance,0,0.415804
numb,1,0.451912
numb_agent,1,0.514082
numb_spray,1,0.298658
numb_stuff,1,0.195509
number_of_people,4,0.535566
nurse,10,0.380608
nurse_practitioner,0,0.727395
nutrient,9,0.662975
nutrient_absorption,3,0.683717
nutrient_deficiency,3,0.743119
nutritionist,6,0.634268
nux_vomica,6,0.490847
ny,10,0.824831
oat,9,0.876537
oat_milk,9,0.874200
oatmeal,9,0.860029
obese,3,0.422644
object,1,0.784163
obnoxious,5,0.759934
obnoxious_loud,3,0.796215
observant,3,0.837591
observe,1,0.445080
observer,3,0.873657
obsolete,3,0.871110
obstruct,8,0.555112
obstruction,8,0.720089
occasion,5,0.465555
occasion_where,3,0.636464
occasional,2,0.617185
occasional_micro,3,0.607413
occasional_microburp,7,0.424091
occasional_regurgitation,7,0.270776
occasionally,5,0.509106
occur,2,0.402700
occurrence,2,0.475547
ocd,8,0.567147
oct,10,0.698548
oct_3,3,0.810143
octave,7,0.475237
october_2021,3,0.687310
october_23,3,0.763453
october_super_nervous,3,0.809448
odd,5,0.403296
odd_noise,3,0.599957
odell_at_usc,3,0.854799
odor,5,0.364609
odorless,5,0.453473
off_topic,3,0.713608
office,10,0.631946
office_awake,10,0.717256
office_injection,10,0.704991
office_procedure,10,0.692736
office_version,10,0.656924
office_visit,10,0.860717
office_with_lucy_hicklin,7,0.810808
official_diagnose,0,0.538702
official_name,0,0.728634
often_lead,5,0.360877
oftentimes,5,0.503479
oh_bless,3,0.954288
oh_boy,5,0.587911
oh_god,5,0.494092
oh_interest,0,0.681914
oh_man,0,0.559423
oh_ok,0,0.700824
oh_wow,0,0.679850
ohio,10,0.824783
ohip,10,0.739787
ohsu_in_portland,3,0.790003
oily,9,0.815469
old,8,0.293914
old_fashion,9,0.728070
old_female,0,0.560997
old_male,0,0.582907
old_man,0,0.793539
old_patient,4,0.505377
olive,3,0.653433
olive_oil,9,0.893986
olly,3,0.760771
omeprazol,6,0.647692
omeprazole,6,0.789843
omeprazole_prilosec,3,0.854112
omg,5,0.587854
omg_yes,0,0.463465
omit,3,0.723865
once_every,5,0.408003
once_or_twice,5,0.496039
ondansetron,6,0.793477
ongoing,8,0.718821
onion,9,0.860063
onion_and_garlic,9,0.701865
onion_garlic,9,0.804999
online,4,0.751928
onset,8,0.519418
ontario,10,0.815154
onto_something,5,0.335847
ooo,0,0.698715
oooh,0,0.660463
ooze,3,0.820053
open,1,0.558406
open_letter,4,0.836986
open_mind,4,0.628225
open_up,1,0.689174
open_your_mouth,1,0.825377
opera,3,0.597297
operate_room,10,0.758883
operation,10,0.695220
operation_room,3,0.455096
opioid,3,0.462150
opt,10,0.775429
optimistic,7,0.521319
orange_juice,9,0.844701
org_uk,10,0.826537
organ,1,0.665002
organ_distortion,1,0.404856
organism,3,0.886427
organization,4,0.726413
orient,3,0.816811
original_comment,3,0.703957
original_literature_suggest,3,0.750691
original_paper,0,0.717072
original_post,0,0.533144
original_research_paper,3,0.652186
originate,4,0.653286
orourke,0,0.688872
osteopath,4,0.637196
osteoporosis,8,0.519277
otc,6,0.905203
otc_medication,6,0.762431
otc_medicine,3,0.825675
other_country,4,0.790196
other_end,2,0.348575
other_factor,8,0.618621
other_health,8,0.643738
other_no_burper,0,0.538544
other_noburper,0,0.542765
other_option,4,0.494301
other_organ,1,0.547666
other_user,0,0.755365
oto_open,4,0.739272
otolaryngologist,4,0.858084
otolaryngology,4,0.844352
our_body,8,0.372574
our_condition,4,0.635466
our_cricopharyngeus,3,0.647050
our_digestive_system,8,0.362497
our_esophagus,1,0.520319
our_intestine,1,0.403663
our_parent,0,0.575289
our_society,3,0.857992
our_ues,8,0.453157
out_of_network,10,0.850180
outbreak,3,0.692554
outgrow,3,0.898662
outing,5,0.453499
outline,4,0.778058
outlook,0,0.697220
outpatient,10,0.862893
outpatient_procedure,10,0.802315
outright,10,0.633729
outstanding,3,0.902615
outward,1,0.742539
outwards,1,0.650803
ovarian_cyst,3,0.421244
over_40,0,0.495111
over_zoom,3,0.758359
overactive,8,0.591817
overall,7,0.383521
overate,3,0.873607
overblown,3,0.894795
overcome,5,0.361031
overcompensate,3,0.508077
overeat,9,0.501899
overeating,9,0.641364
overgrowth,8,0.557571
overhead_press,3,0.751020
overjoy,0,0.718669
overload,3,0.565259
overlook,0,0.594444
overly_tight,8,0.427302
overnight,2,0.450609
overpower,3,0.883835
overpriced,3,0.824118
override,3,0.591923
oversee,3,0.931951
oversized,3,0.702449
overthink,0,0.252665
overturn,0,0.686614
overweight,8,0.485602
overwhelm,0,0.560214
own_fault,3,0.856771
own_saliva,9,0.333193
own_spit,9,0.418246
own_wedding,5,0.410030
oxygen_mask,10,0.455463
p_0,10,0.524777
p_s,0,0.833751
pack,9,0.694515
paddle_in_melbourne,10,0.875164
page,4,0.801622
pain,2,0.659908
pain_hiccup,2,0.772225
pain_killer,6,0.642728
pain_threshold,3,0.794803
painkiller,6,0.534651
painless,7,0.480581
pajama,5,0.392476
palate,1,0.843939
pale,2,0.420155
paleo,9,0.591699
palp,3,0.595046
palpitation,2,0.773347
pam,3,0.872383
pancreas,8,0.480443
panel,4,0.685081
panic,5,0.415495
panic_attack,2,0.660484
panic_disorder,2,0.524165
panic_induce,3,0.544200
panicky,2,0.409939
pantoprazole,6,0.758623
pantoprazole_40mg,3,0.805126
pants,2,0.430309
pants_fit,3,0.767446
paper,4,0.796897
paperwork,10,0.740975
paracetamol,6,0.563342
paradox,8,0.502354
paralyze,1,0.452042
paranoia,3,0.661956
paranoid,0,0.286326
paranoid_about,3,0.623366
parasite,8,0.433707
parking,10,0.556209
parkside,10,0.885071
parkside_hospital,10,0.923586
parkside_hospital_in_wimbledon,10,0.897594
parliament,3,0.816614
parole,4,0.471518
part,1,0.262040
partake,3,0.536156
partial_cricopharyngeal_myotomy,3,0.740988
partial_myotomy,10,0.704596
partially_paralyze,3,0.600823
participate,4,0.662251
particular_bad,2,0.666708
partly,8,0.692300
partway,3,0.728660
party,9,0.534378
party_trick,5,0.732047
pas_si,10,0.612806
pass_gas,2,0.566929
pass_out,2,0.436158
pass_stool,8,0.432969
pass_through,1,0.610775
passenger,5,0.391128
past,2,0.333712
past_couple,2,0.311078
past_few,2,0.315488
past_two,2,0.337551
pasta,9,0.870005
pastry,9,0.815482
pat,1,0.547087
patch,6,0.477769
pathetic,5,0.562403
pathology,8,0.792802
pathophysiology,3,0.869992
pathway,1,0.513224
patient_for_whom,3,0.752206
patient_receive_50u,7,0.632932
patient_who,4,0.506198
patient_with_r_cpd,8,0.586449
paul,4,0.679614
pause,1,0.554101
pavia,10,0.801379
pay,10,0.613844
pay_200,10,0.779330
pay_600,10,0.778106
pay_cash,0,0.552890
pay_out_of_pocket,10,0.806441
pay_outright,3,0.745069
payment,10,0.883633
pca_muscle,3,0.526452
pcos,8,0.695523
pcp,4,0.856427
pea,9,0.836093
peak,7,0.684322
peak_at_1_2_week,7,0.765275
peak_effect,7,0.732086
peanut_butter,9,0.915965
pectoral,3,0.791319
pectus_excavatum,0,0.370437
peculiar,0,0.768896
pediatric,4,0.871378
pediatrics,3,0.913930
pee,5,0.444291
peer_review,4,0.809451
peer_review_paper,3,0.639099
peer_review_study,3,0.828831
peer_to_peer,10,0.896160
pellegrino,3,0.596645
pelvic,8,0.560769
pelvic_floor,8,0.549514
pelvic_floor_dysfunction,8,0.851020
pelvic_floor_issue,8,0.579515
pelvic_floor_muscle,1,0.497327
pelvic_tilt,3,0.495076
pelvis,1,0.839074
penetration,3,0.737246
people_with_r_cpd,8,0.761165
pepcid,6,0.872644
pepcid_ac,6,0.772719
peppermint,6,0.752999
peppermint_oil,6,0.651812
peppermint_oil_capsule,6,0.710368
peppermint_tea,9,0.760799
pepsi,9,0.831620
pepto,6,0.829704
pepto_bismol,6,0.699158
perceive,8,0.420180
percentage,4,0.378669
perfect_sense,0,0.344879
perform,4,0.621226
performance_anxiety,3,0.697548
period_of_time,2,0.363824
peristalsis,8,0.512031
peristaltic_motion,1,0.476289
permanence,3,0.925526
permanent,7,0.421286
permanent_cure,7,0.622171
permanent_fix,7,0.389825
permanent_result,7,0.593489
permanent_side_effect,7,0.506043
permanent_solution,7,0.408338
perpendicular,1,0.565613
persist,2,0.499030
persistent_cough,7,0.559196
personal_experience,4,0.511241
personal_theory,8,0.654736
personality,8,0.360715
peso,3,0.804098
pessimistic,3,0.880314
petit,10,0.653807
petition,4,0.699447
petrify,0,0.360895
pfd,8,0.640273
ph,8,0.446834
ph_test,4,0.483630
phantom,3,0.725208
pharyngeal,1,0.641956
pharynx,1,0.469142
phazyme,3,0.766566
phenergan,0,0.577995
phew,0,0.835180
phil,3,0.934237
philadelphia_pa,3,0.756024
philly,10,0.892819
philosophy,3,0.642122
phlegm,2,0.434550
phlegm_stuck,3,0.477064
phobia,5,0.360954
phobia_of_vomit,8,0.454082
phone_appointment,10,0.520586
phone_call,10,0.724954
phone_consultation,10,0.673079
photophobia,0,0.505681
php,10,0.783924
phrenic_nerve,1,0.440138
physical_and_emotional,3,0.602299
physical_health,0,0.486868
physical_incapable,5,0.669858
physical_therapist,4,0.511014
physical_therapy,8,0.372901
physician,4,0.884366
physician_assistant,0,0.692949
physics,8,0.469966
physio,6,0.368743
physiological,8,0.670700
physiotherapist,4,0.557355
physiotherapy,8,0.459986
picky_eater,5,0.390575
picture,1,0.439793
piece_of_food,3,0.548756
piece_together,0,0.436775
pilaris,3,0.884889
pilates,1,0.415217
pilgrimage,0,0.603579
pill,6,0.534050
pill_stuck,1,0.333548
pillow,1,0.544796
pillow_under,1,0.585277
pinch,1,0.866008
pinch_of_salt,9,0.611341
pineapple,9,0.811855
pink,9,0.582723
pinpoint,8,0.309385
pint,9,0.674092
pitch,1,0.319191
pitman_in_nyc,3,0.801478
pittsburgh,4,0.658015
pizza,9,0.866313
placement,7,0.368288
plague_by,0,0.701932
plain_water,9,0.778036
plant,9,0.561012
plant_base,9,0.734053
plaster,3,0.828067
plausible,8,0.738175
play_around,1,0.594194
play_sport,5,0.487832
playful,3,0.847070
please_keep,0,0.627825
please_keep_us_update,0,0.723941
please_tell,0,0.646839
pleased,7,0.532182
plenty_of_people,0,0.593398
plenty_of_us,3,0.820477
pneumonia,8,0.500864
po,3,0.891194
poach,9,0.649476
pocket_of_air,1,0.602262
polar,3,0.596201
police,0,0.652438
policy,10,0.798864
polite_company,3,0.698923
polyp,8,0.518584
pool,1,0.505153
poop,2,0.463868
poor_baby,3,0.897457
poor_digestion,8,0.621521
poor_posture,8,0.537657
poor_thing,0,0.628095
poor_tongue_posture,3,0.752326
poor_understand,0,0.598652
pop,1,0.501278
popsicle,9,0.792074
population,8,0.557630
pork,9,0.760722
porridge,9,0.851342
portal,10,0.665192
portion_size,9,0.613061
portland,10,0.864542
pose,1,0.627020
pose_in_yoga,3,0.434386
position,1,0.704682
positive,0,0.553351
positive_experience,0,0.654548
positive_feedback,0,0.631250
positive_outcome,7,0.578166
positive_response,3,0.811274
positivity,0,0.691029
possess,5,0.604990
possibility,8,0.492255
post_botox,7,0.474200
post_botox_diary,0,0.646634
post_nasal_drip,2,0.594908
post_on_this_sub,4,0.593556
post_on_this_subreddit,0,0.535740
post_op,7,0.670684
post_surgery,7,0.723877
posterior,1,0.497979
postnasal_drip,2,0.495494
postpartum,3,0.545521
postural,3,0.425475
posture,1,0.559579
posture_correction,1,0.384331
pot,8,0.770835
potassium,3,0.688244
potato,9,0.872073
potato_chip,9,0.537037
potato_soup,9,0.807779
potential_cause,8,0.881936
potential_complication,3,0.647225
potential_side_effect,7,0.386901
pour,9,0.535779
powder,9,0.845827
ppi,6,0.751999
ppi_medication,6,0.765957
ppis,6,0.701111
ppis_for_35,3,0.676467
ppo,10,0.878283
practice,7,0.248483
practise,1,0.238084
practitioner,4,0.834866
pray,7,0.464166
pre_authorization,10,0.805984
pre_botox,2,0.626979
pre_op,10,0.710726
pre_op_appointment,10,0.848010
pre_op_room,10,0.530704
pre_operative,10,0.591431
pre_workout,3,0.690603
prebiotics,3,0.738401
precaution,6,0.646103
precede,3,0.665435
precision,10,0.588528
precursor,3,0.786647
predate,3,0.842306
predisposed,8,0.520600
predominantly,8,0.579233
preform,4,0.722142
pregnancy,2,0.468096
pregnancy_test,10,0.517268
pregnant,2,0.531541
pregnant_belly,3,0.623994
preliminary_appointment,0,0.751949
premise,3,0.875977
preoccupy,3,0.743449
prepare,10,0.366880
prepare_room,3,0.505724
prescribe,6,0.659171
prescribe_omeprazole,6,0.367201
prescription,6,0.757699
prescription_antacid,3,0.738110
present_itself,3,0.830894
press,1,0.913960
press_against,1,0.832273
pressure,1,0.504510
pressure_buildup,2,0.394847
pressure_inside,1,0.645572
pressurize,1,0.738770
pretty,7,0.267319
pretty_bad,2,0.636081
pretty_certain,0,0.694927
pretty_common,8,0.590671
pretty_confident,0,0.477969
pretty_consistent,7,0.417395
pretty_frequently,5,0.398301
pretty_grim,3,0.895782
pretty_intense,7,0.479005
pretty_low,7,0.497786
pretty_nervous,7,0.509386
pretty_quiet,5,0.607755
pretty_rare,7,0.403797
pretty_rough,7,0.696633
pretty_severe,8,0.521681
pretty_skinny,3,0.824903
pretty_smooth,7,0.694049
pretty_sore,7,0.263945
pretty_standard,0,0.574102
pretty_tough,7,0.658888
pretty_universal,3,0.869747
pretty_violent,5,0.711128
pretzel,9,0.706630
prevacid,6,0.683426
prevalence,8,0.614071
prevalent,0,0.412772
prevent,8,0.367066
previous_post,4,0.715586
price,10,0.794203
prick,1,0.350031
prilosec,6,0.808721
primary_care,4,0.756182
primary_care_doc,4,0.768506
primary_care_doctor,4,0.749844
primary_care_physician,4,0.758361
primary_doctor,4,0.698495
princess,0,0.518926
print,4,0.772099
print_off,4,0.761666
print_out,4,0.818714
print_out_doctor_bastian,4,0.776842
printout,4,0.669952
prior_to_botox,8,0.480837
private,10,0.771931
private_clinic,10,0.847047
private_health,10,0.794811
private_health_care,10,0.602355
private_health_insurance,10,0.848400
private_healthcare,10,0.690929
private_hospital,10,0.938148
private_place,1,0.196355
privileged,3,0.840758
pro_con,3,0.858659
pro_outweigh,3,0.902683
pro_tip,3,0.508670
probability,7,0.515022
probe,1,0.436325
probiotic,6,0.846913
probiotics,6,0.793641
problem,8,0.414568
procedure,7,0.472708
procedure_itself,10,0.665542
procedure_with_doctor_bastian,10,0.681813
produce_gas,9,0.500794
product,6,0.580004
production,8,0.528590
productive,5,0.483213
professional_singer,7,0.402883
profound_side_effect,3,0.707949
profound_slow_swallow,7,0.535972
progress,7,0.451728
progress_worse,2,0.469442
project,1,0.181777
projectile,5,0.750023
projection,3,0.836317
prolific,5,0.656012
prolific_doctor,3,0.782082
prom,5,0.504233
promise,7,0.548946
promote,1,0.433086
prone,2,0.641803
pronounce,7,0.369015
prop_myself_up,1,0.263463
prop_up,1,0.447805
prop_yourself_up,6,0.563585
propel,3,0.900861
proper,5,0.205333
proper_digest,3,0.495288
property,6,0.401284
propofol,10,0.533317
propose,4,0.777908
propranolol,6,0.635433
prosecco,9,0.783116
protect_mechanism,3,0.667883
protein,9,0.871189
protein_bar,3,0.851688
protein_powder,9,0.909631
protein_shake,9,0.912721
protocol,4,0.655548
proton_pump,6,0.635984
protrude,1,0.726437
proud,0,0.647103
proud_of_myself,5,0.488788
prove,4,0.645882
prove_otherwise,8,0.713963
provide_evidence,4,0.526939
provide_relief,5,0.572711
provider,4,0.796642
provider_list,4,0.667515
provider_who,4,0.698858
province,10,0.825277
psa,0,0.735161
psoas,3,0.636857
psyche_myself_up,5,0.344651
psychiatric,4,0.515192
psychiatrist,4,0.597653
psycho_somatic,3,0.889200
psychological,8,0.721143
psychological_issue,8,0.656206
psychologist,4,0.491209
psychologist_who_specialize_in_medical,3,0.379636
psychosomatic,8,0.714683
psyllium,3,0.732023
psyllium_husk,3,0.686357
pt,8,0.350467
pterodactyl,5,0.605306
ptsd,8,0.508375
pu,10,0.620163
public,5,0.568666
public_bathroom,5,0.755004
public_health_care,3,0.757750
public_healthcare,10,0.706871
public_hospital,10,0.806548
public_place,5,0.721556
public_system,10,0.822630
publication,4,0.851349
publicize,3,0.865237
publish,4,0.815582
publish_paper,4,0.799334
publish_study,4,0.628224
pudding,9,0.839834
puff,1,0.677192
puff_out,1,0.825980
puffy,2,0.386169
puke,5,0.722789
pull,1,0.816635
pull_trig,5,0.604401
pulmonary,3,0.594479
pulp,9,0.585662
pulse,1,0.689630
pump,1,0.583284
puppy_dog,3,0.832665
pure_hell,3,0.808496
puree,9,0.842662
purge,5,0.573735
purpose,5,0.519412
purse,9,0.662688
push_against,1,0.715074
put_on_weight,9,0.369568
put_pressure,1,0.738712
put_together,0,0.638825
put_under,10,0.669203
ql,3,0.689694
quake,3,0.823140
quality_of_life,8,0.360570
quality_of_life_improvement,0,0.604452
quantity,9,0.491635
queasy,2,0.574521
quebec,10,0.867888
query,4,0.618586
quick,7,0.192369
quick_and_easy,10,0.609832
quick_and_painless,10,0.559021
quick_scope,4,0.419017
quiet,5,0.608326
quiet_room,5,0.678953
quirk,0,0.578974
quirk_of_mine,3,0.895308
quirky,0,0.596790
quite_common,8,0.462451
quite_frank,3,0.929924
quite_uncomfortable,2,0.442670
quote,10,0.866897
r/dysautonomia,3,0.900707
r/noburp,4,0.607308
r/noburp_page,4,0.415920
r_cod,3,0.480918
r_cpd,8,0.818335
r_cpd_after,3,0.921136
r_cpd_also,8,0.789305
r_cpd_and_she,3,0.693707
r_cpd_be,8,0.842096
r_cpd_because,8,0.785538
r_cpd_but,8,0.708929
r_cpd_can,8,0.870125
r_cpd_case,3,0.791732
r_cpd_cause,8,0.897813
r_cpd_doctor,4,0.886826
r_cpd_emetophobia,3,0.953085
r_cpd_have,8,0.830589
r_cpd_how,3,0.825484
r_cpd_i,8,0.730870
r_cpd_if,4,0.614492
r_cpd_it,8,0.774727
r_cpd_like,3,0.615464
r_cpd_not,8,0.768885
r_cpd_patient,4,0.790050
r_cpd_seem,8,0.683303
r_cpd_specialist,4,0.810734
r_cpd_study,3,0.774269
r_cpd_suffer,8,0.824264
r_cpd_symptom,8,0.604928
r_cpd_tend,3,0.880551
r_cpd_tend_to_worsen,3,0.862591
r_cpd_the,8,0.772768
r_cpd_then,3,0.833184
r_cpd_too,3,0.641449
r_cpd_treatment,4,0.755766
r_cpd_until,3,0.839199
r_cpd_what,3,0.606706
r_cpd_when,0,0.721513
r_cpd_would,3,0.668421
r_u,3,0.901855
race_heart,2,0.520006
radiate,1,0.513972
radiologist,4,0.719122
radiology,4,0.586767
raft,3,0.782805
rage,5,0.608499
rain,0,0.582104
raise_awareness,4,0.660069
raise_soft_pallet,3,0.578694
random,5,0.620620
random_hiccup,2,0.485400
random_microburp,7,0.546078
random_throughout,5,0.374336
randomize,4,0.622356
range,7,0.385975
range_of_motion,3,0.790275
ranitidine,6,0.651108
rapid_gastric_empty,3,0.574912
raptor,3,0.634473
rare,8,0.388605
rare_condition,4,0.657483
rare_side_effect,7,0.621489
rarely,5,0.533356
rarity,3,0.805547
rash,8,0.233541
raspy,7,0.434106
rate_of_success,3,0.754951
rather_die,3,0.784878
rather_than_rely,3,0.799852
ratio,0,0.343677
rational,5,0.385370
rationalize,3,0.861393
ravioli,9,0.578163
raw_onion,9,0.821505
raw_vegetable,9,0.819140
ray,3,0.899288
rcpd,8,0.599697
re_train,1,0.318607
react,5,0.097526
react_different,7,0.531355
reaction,8,0.367698
read_wedge,6,0.387568
readily_available,3,0.857442
realize,5,0.480967
really_bad,2,0.768050
really_bother,2,0.408900
reason,8,0.447419
reassure,0,0.511876
reassure_to_hear,0,0.708994
rebecca_c_hoesli_md,4,0.644558
recall,5,0.490480
recall_ever,0,0.616917
recap,3,0.819711
receive_100_unit,7,0.755271
receive_treatment,10,0.787032
recent_discover,0,0.697943
recent_identify_disorder_characterize,8,0.370394
receptionist,4,0.670491
receptive,4,0.697282
receptor,8,0.474862
recess,3,0.864693
recline,1,0.563609
recline_position,3,0.694972
recliner,1,0.324272
recognition,0,0.770686
recognize,4,0.486627
recognize_by,4,0.757363
recognize_condition,4,0.633422
recover,7,0.460292
recovery,7,0.598459
recovery_process,7,0.578400
recovery_room,10,0.395975
red_bull,9,0.628370
red_flag,0,0.579865
red_meat,9,0.776048
red_wine,9,0.806839
reddit,0,0.605676
reddit_community,0,0.832166
reddit_group,4,0.673444
reddit_sub,0,0.802968
reddit_thread,4,0.721829
reduce,6,0.442112
reduce_gas,6,0.578829
reel,0,0.801068
refer,4,0.646165
referral,4,0.595982
referral_from_your_gp,10,0.610706
refine_carbohydrate,3,0.754569
refine_sugar,3,0.626460
reflex,1,0.483199
reflux,8,0.372334
reflux_gourmet,6,0.733679
reflux_medication,6,0.760386
refrain,3,0.467763
refuse_to_believe,0,0.628757
regain,7,0.370197
regards_to_r_cpd,3,0.829899
regional,0,0.776885
registration,3,0.672343
regress,7,0.627322
regression,3,0.699069
regret,7,0.597185
regular_burper,5,0.645447
regulation,8,0.300781
regurgitate,5,0.290086
regurgitate_food,2,0.337545
regurgitation,7,0.237208
rehab,3,0.677198
rehabilitate,3,0.838891
reinfect,3,0.853518
reject,10,0.608608
rejuvenate,3,0.932009
relatable,0,0.668698
relate,8,0.480599
related_to_noburp,8,0.600494
related_to_r_cpd,8,0.628459
related_to_rcpd,8,0.615005
relation,8,0.712888
relation_between,8,0.406306
relation_to_r_cpd,3,0.854693
relationship_between,8,0.654083
relationship_with_food,3,0.535121
relative_low,3,0.613680
relative_minor,3,0.855470
relative_new,4,0.755267
relax,1,0.505718
relaxation,1,0.574536
relay,0,0.809145
relearn_how,3,0.539996
release,1,0.418056
release_air,5,0.566281
release_gas,5,0.550506
relent,3,0.747130
relief,5,0.243932
relief_soon,0,0.462437
relieve,5,0.368993
relieve_pressure,1,0.493204
relive,2,0.443375
rely,5,0.244410
remain_close,3,0.390862
remedy,6,0.657346
rennie,6,0.882018
rennie_deflatine,3,0.724689
rental_car,10,0.643995
repair,8,0.613337
repeat_injection,7,0.560012
repercussion,3,0.532779
reply,0,0.580933
repress,5,0.609586
republic,3,0.721900
repulsive,5,0.655259
reputation,0,0.677930
request,10,0.744550
require_manometry,4,0.679158
reschedule,10,0.658334
research,4,0.682314
research_article,4,0.681935
research_into,4,0.622163
research_paper,4,0.834507
research_study,4,0.857871
researcher,4,0.738113
reset,1,0.497070
resident,10,0.862786
residual,7,0.202925
residue,1,0.343125
resign,3,0.713540
resist,1,0.494903
resolve,8,0.467880
resource,4,0.754043
respiratory,8,0.652268
respiratory_infection,3,0.740785
response,0,0.351168
responsible,8,0.678362
restaurant,9,0.733010
restless,2,0.564989
restrict,2,0.334852
restrictive,9,0.515716
result_of_r_cpd,3,0.490658
resultant,8,0.298958
retain,7,0.397462
retainer,3,0.729550
retch,5,0.650989
retention,3,0.515694
retire,10,0.775941
retour,10,0.513872
retrain,1,0.342724
retrograde,8,0.527310
retrograde_cricopharyngeal,3,0.640604
retrograde_cricopharyngeal_dysfunction,4,0.823822
retrograde_cricopharyngeal_dysfunction_r,4,0.738070
retrograde_cricopharyngeus_dysfunction,4,0.810783
retrograde_cricopharyngeus_dysfunction_r,4,0.766787
retrograde_direction,8,0.435518
retrograde_only,8,0.573058
retrograde_only_neurological_dysfunction,3,0.596312
retrospective,4,0.679052
return,7,0.535430
revelation,0,0.722914
reverse,1,0.388735
revision,3,0.914271
rex,3,0.703497
reynard,3,0.944873
rheumatoid_arthritis,8,0.693615
rhr,3,0.517712
rib,1,0.719747
rib_cage,1,0.571050
rib_flare,8,0.397761
ribcage,1,0.802873
rice,9,0.872952
rice_cake,3,0.639903
rich_food,3,0.674920
richard,3,0.803892
richmond,10,0.887260
rick,0,0.573315
riddle,3,0.904312
ride_home,7,0.366049
ridiculous,5,0.523510
rifaximin,6,0.808828
right_arm,1,0.598495
right_armpit,3,0.783135
right_before_bed,9,0.556042
right_behind,1,0.674177
right_below,1,0.741745
right_choice,0,0.456072
right_decision,0,0.324953
right_now,7,0.239458
right_on_track,3,0.615356
right_place,1,0.392619
right_position,1,0.717695
right_shoulder,1,0.395964
right_side,1,0.497366
right_track,0,0.517249
rip,5,0.573229
rip_d,8,0.742313
rip_jack,3,0.844768
ripe,3,0.558635
rise,1,0.787029
rise_into,3,0.577170
rise_up,1,0.701166
risico,3,0.872839
risk,8,0.233113
risk_of_develop,8,0.851132
risky,10,0.368745
riyadh,10,0.647859
rn,5,0.391305
road_to_recovery,3,0.766322
road_trip,10,0.380345
roar,5,0.674925
robust,7,0.536789
roemheld,8,0.603424
roemheld_syndrome,8,0.605674
roll_over,1,0.347185
roller_coaster,7,0.289199
romania,3,0.806430
romantic,0,0.585218
roof,1,0.645058
roof_of_mouth,1,0.364996
room_where,10,0.560545
rotate,1,0.596233
rough,7,0.614495
roulette,3,0.740014
round_1,7,0.900886
round_2,7,0.834695
round_3,7,0.844387
round_trip,10,0.782214
round_two,7,0.739435
rub,1,0.813305
rubber,1,0.403880
rubbish,0,0.733435
rude,0,0.564425
ruin,2,0.402455
rule_out,8,0.610384
rule_out_any,4,0.614640
rule_out_anything_else,4,0.517661
rule_out_other,4,0.608585
rum,9,0.827044
rumble,2,0.514798
rumble_noise,3,0.647452
run_joke,5,0.765613
runny,9,0.623987
runny_nose,2,0.647507
rush,1,0.384318
ruysdael_clinic,10,0.861392
sad,0,0.614340
sag,1,0.549411
salad,9,0.889203
saliva,1,0.403316
salivary_gland,3,0.893887
salivate,2,0.570145
salivation,2,0.710279
salt,9,0.717901
same_reaction,0,0.692561
same_timeline,7,0.763116
sample,4,0.710075
sample_size,7,0.414772
san_leandro,10,0.887771
sandwich,9,0.841930
sarcasm,3,0.861517
sarcastic,3,0.757706
saskatoon,10,0.666775
satan,5,0.674317
satisfaction,0,0.526281
satisfy,5,0.582125
saturday_morning,3,0.657573
sauce,9,0.824792
saudi_arabia,4,0.775842
sauna,3,0.817015
save_goal,3,0.831035
save_up,10,0.622495
saw_doctor_villari,3,0.891718
saw_lucy_hicklin,7,0.671994
say,5,0.094946
say_excuse,5,0.720701
scan,4,0.604033
scandinavia,3,0.764189
scar_tissue,8,0.562515
scare,5,0.465563
scared,5,0.409084
scary,5,0.319057
scene,5,0.544502
schedule,10,0.534374
schedule_for_april,0,0.662551
schedule_for_february,0,0.685395
schedule_for_july,3,0.845268
scheme,0,0.638950
schi,10,0.733443
schindler,0,0.690852
scientific,4,0.707988
scientific_evidence,4,0.627224
scientific_literature,3,0.667666
scientific_research,3,0.631274
scientist,4,0.726067
scleroderma,3,0.651159
scoliosis,8,0.585125
scoop_motion,1,0.620354
scope,4,0.355616
scope_down,1,0.337136
scope_through,4,0.368531
scramble,3,0.571710
scramble_egg,9,0.852807
scratch,1,0.430294
scratch_throat,7,0.357491
scream,5,0.618113
scroll_down,4,0.631727
scrunch,1,0.554740
scrunch_your_belly,3,0.546776
scuba_dive,0,0.620152
seafood,3,0.562593
search,4,0.517446
search_box,3,0.807441
search_this_sub,4,0.507809
search_this_subreddit,3,0.614744
search_youtube,6,0.337669
seasick,3,0.906731
seasonal,3,0.459403
seasonal_allergy,2,0.331010
seat,1,0.502648
seborrheic,3,0.908015
second_attempt,7,0.782970
second_dose,7,0.719037
second_grade,5,0.579815
second_injection,7,0.733057
second_nature,5,0.609195
second_opinion,4,0.795827
second_pregnancy,5,0.540730
second_round,7,0.787566
second_shot,7,0.757855
second_time,7,0.774024
secretion,3,0.442251
section,4,0.651263
sedate,10,0.484650
sedation,10,0.444748
sedative,6,0.461063
sedentary,2,0.362092
see_doctor_spiegel,10,0.690133
seed,9,0.850742
seek_help,0,0.734525
seek_treatment,0,0.647624
seem_to_vary,7,0.550650
seem_unrelated,8,0.588307
seine,3,0.831762
seize,1,0.477321
seldom,5,0.613817
self_conscious,2,0.461695
self_cure,0,0.334742
self_cure_method,4,0.485820
self_diagnose,4,0.695952
self_diagnose_myself,0,0.659749
self_employ,0,0.493291
self_esteem,2,0.360090
self_induce,5,0.568840
self_massage,6,0.401044
self_pay,10,0.885419
self_refer,4,0.762397
self_referral,4,0.625982
self_report,3,0.630705
seltzer,9,0.710205
seltzer_water,9,0.536821
semaglutide,6,0.386597
semester,10,0.325639
sensation,1,0.438643
sensible,3,0.493432
sensitive,2,0.166741
sensitivity,8,0.715468
sensitize,3,0.635544
sensor,1,0.613580
sensory_issue,0,0.385938
separate_issue,8,0.716348
sertraline,0,0.459447
service,10,0.774387
sesh,3,0.795935
set_off,2,0.604820
seven,7,0.441086
seven_year,3,0.651969
several_hour,9,0.526095
several_time,5,0.360967
severe,2,0.674322
severe_anxiety,2,0.563888
severe_bloat,2,0.804593
severe_case,8,0.598274
severe_constipation,2,0.721746
severe_emetophobia,5,0.463577
severe_episode,3,0.697237
severe_gerd,8,0.617703
severe_nausea,2,0.599710
severe_side_effect,7,0.430367
severe_underweight,2,0.561107
severity,8,0.551749
sex,5,0.378551
sex_life,0,0.359657
sexual,2,0.372417
sexy,5,0.380112
sf_bay_area,3,0.749121
shade,3,0.910125
shake,9,0.625898
shaker,1,0.313345
shaker_exercise,7,0.186230
shaker_exercise_and_kiss,3,0.682630
shaker_exercise_and_larynx_lower,6,0.370071
shaker_exercise_cricoid_massage,6,0.268082
shaker_exercise_on_youtube,3,0.568244
shaker_exercise_search,3,0.560558
shaker_larynx_lower,3,0.531748
shaky,2,0.458234
shallow_breath,1,0.445991
shard,10,0.919681
share,0,0.660302
sharma,10,0.607823
sharma_in_saskatoon,3,0.910934
sharp,1,0.683966
sharp_pain,1,0.590165
shield,3,0.911031
shift,1,0.805961
shirley_oak,10,0.864798
shirt,1,0.631074
shit,5,0.486490
shit_ton,9,0.496649
shiver,1,0.339700
shock,5,0.606889
shoe,1,0.672590
shoot_up,1,0.354785
short_live,7,0.379623
short_of_breath,2,0.714370
shortness_of_breath,2,0.789949
shortness_of_breath_after,2,0.455847
shortness_of_breath_be,2,0.578510
shot_of_vodka,3,0.661384
shotgun_beer,3,0.854654
shoulder,1,0.805715
shoulder_back,1,0.853491
shoulder_blade,1,0.752721
shout,5,0.549864
shovel,3,0.844279
show,4,0.559013
show_anything,4,0.457394
show_nothing,4,0.637811
show_r_cpd,4,0.556420
show_them,4,0.819435
shower_every_morning,3,0.763705
shut_down,5,0.420580
sibling,5,0.429289
sibo,8,0.768326
sibo_and_h_pylori,3,0.796152
sibo_ibs,3,0.614085
sibo_test,4,0.665082
sick,2,0.560376
sick_and_tired,0,0.590747
sickness,2,0.779085
sickness_bug,3,0.827779
side_affect,7,0.624335
side_effect,7,0.485674
side_neck,1,0.449844
side_shaker,1,0.357577
side_sleeper,6,0.487998
side_stitch,2,0.531466
side_to_side,1,0.836774
sideways,1,0.805619
sideways_shaker,1,0.289822
sifo,8,0.448389
sigmoid_colon,3,0.505475
significance,4,0.632605
significant_cheap,10,0.836373
significant_worse,2,0.555569
silence,5,0.680014
silent,5,0.722949
silent_hiccup,3,0.487032
silent_reflux,8,0.653903
silly,5,0.425732
simethicone,6,0.812034
simethicone_gas_x,6,0.675469
similar_experience,0,0.452857
similar_issue,8,0.624852
similar_situation,0,0.618829
similar_story,0,0.714901
since_birth,8,0.520683
since_childhood,8,0.606100
since_early_childhood,0,0.627381
since_infancy,8,0.674944
since_then,7,0.437392
sing,5,0.146898
sing_ability,3,0.616706
singer,7,0.150817
single_bite,3,0.670350
single_hiccup,5,0.559707
single_injection,7,0.631267
singular,5,0.618370
singular_hiccup,5,0.490402
sinister,3,0.585981
sink,1,0.608385
sink_run,3,0.636665
sinus,1,0.479499
sinus_drainage,2,0.512031
sinus_infection,8,0.406204
sinus_issue,2,0.554278
sinusitis,2,0.441518
sip,9,0.739015
sip_of_water,9,0.575009
sip_water,9,0.694455
sister,5,0.452963
sit,1,0.584715
sit_down,1,0.569619
sit_or_stand,1,0.537679
sit_there,1,0.507109
sit_up,1,0.629326
sit_up_straight,1,0.803460
sit_upright,1,0.558641
site,4,0.778251
situation,5,0.209754
six,7,0.557436
six_day_ago,3,0.702666
six_month_pregnant,3,0.786194
six_pack,9,0.429328
six_year_old,3,0.829701
sixteenth,10,0.798460
sixth,0,0.575014
sjogren,3,0.867673
skate,3,0.757428
skeletal_muscle,1,0.435700
skeptical_about,0,0.536102
skepticism,0,0.589084
sketchy,3,0.654800
skin,1,0.710946
skinny,2,0.337907
skip_meal,2,0.522182
skirt,3,0.561062
skull,1,0.516943
skyrocket,3,0.662782
sleep_apnea,8,0.717190
sleep_elevate,6,0.508595
sleep_flat,3,0.391510
sleep_quality,3,0.572486
sleep_upright,6,0.453658
sleep_wedge,6,0.567780
sleep_with_your_torso,3,0.552340
sleeper,7,0.156881
sleepover,5,0.585839
sleepy,2,0.299497
slender,3,0.732146
slew,4,0.579950
slide_down,1,0.485970
slide_hernia,3,0.610078
slight,2,0.511280
slight_improvement,3,0.772194
slight_lump,7,0.217239
slight_regurgitation,3,0.624017
slight_slow_swallow,7,0.661459
slight_sore_throat,7,0.657941
slightly_elevate,6,0.398392
slightly_nauseous,2,0.402790
slightly_sore,7,0.257371
slim,2,0.345800
slime,1,0.272789
slip_out,5,0.677387
slouch,1,0.671509
slouch_over,5,0.388833
slow_and_gentle,3,0.756379
slow_digestion,8,0.506817
slow_down,9,0.513496
slow_eater,9,0.686193
slow_sip,9,0.776408
slow_starter,0,0.642828
slow_swallow,7,0.565343
slow_swallow_kick,7,0.537129
sluggish,2,0.261698
slur,3,0.823180
sm,0,0.746697
smack,3,0.523028
small,5,0.290148
small_amount,9,0.471816
small_bite,9,0.727833
small_bowel,8,0.514284
small_bubble,1,0.398255
small_child,5,0.465768
small_dose,7,0.497893
small_hiatus,4,0.479568
small_intestinal,3,0.725182
small_intestine,8,0.452549
small_intestine_bacterial_overgrowth,3,0.566409
small_meal,9,0.774742
small_medium,3,0.431239
small_mouthful,9,0.744273
small_piece,9,0.518670
small_pop,1,0.392276
small_portion,9,0.824858
small_quantity,3,0.744726
small_sip,9,0.731744
small_snack,9,0.785665
small_town,3,0.773844
small_victory,3,0.859512
small_world,0,0.842547
smart_pill,3,0.430919
smell,5,0.630642
smell_bad,5,0.422370
smell_fart,5,0.540007
smile,5,0.533245
smoke_cigarette,8,0.382621
smoker,6,0.441595
smooth_muscle,8,0.569230
smooth_sail,3,0.684668
smoothie,9,0.889056
smoothie_and_soup,9,0.598006
snack,9,0.834268
snap,1,0.396829
sneak_off,5,0.567004
sneeze,5,0.611420
sniff_and_swallow,1,0.464642
sniffle,2,0.439440
snorkeling,3,0.659937
snort,3,0.564714
so_excite,0,0.608613
so_frustrate,0,0.448967
so_glad,0,0.763237
so_grateful,0,0.866961
so_happy,0,0.744084
so_pleased,0,0.735209
so_your_mileage,3,0.849570
soap,9,0.571221
soar,3,0.643008
soar_throat,3,0.604112
sob,2,0.527237
social,2,0.315939
social_activity,3,0.777940
social_anxiety,2,0.629273
social_awkward,3,0.672973
social_event,9,0.547428
social_gather,2,0.502353
social_life,2,0.375110
social_media,4,0.697834
social_occasion,9,0.484046
social_setting,2,0.455303
social_situation,2,0.563057
socialize,9,0.501164
sock,1,0.317810
soda,9,0.723801
soda_stream,9,0.731718
soda_water,9,0.758105
sodium,9,0.715106
sodium_alginate,3,0.738009
soft_drink,9,0.701508
soft_food,9,0.728739
soft_palate,1,0.796113
soft_pallet,1,0.836399
soft_tissue,1,0.437381
soften,1,0.555193
solace,3,0.830207
sole_cause,3,0.841979
solid,9,0.587674
solid_food,9,0.628214
soluble,9,0.698302
solution,8,0.268506
somac,3,0.834406
somatic,3,0.646191
some_insight,0,0.554756
some_relief,2,0.159555
some_soreness,7,0.336856
someday,0,0.605480
somehow_related,8,0.588822
something,5,0.199945
something_bubbly,3,0.640891
something_carbonate,9,0.617305
something_else,8,0.565631
something_fizzy,9,0.548978
something_similar,8,0.259516
something_stuck,2,0.282546
sometimes,5,0.511524
somewhat_common,3,0.655689
somewhere_between,7,0.554990
songwriter,3,0.901303
sonovein,3,0.755879
soon_as_possible,10,0.495696
soothe,2,0.348444
soothing,9,0.563027
sore,1,0.299609
sore_spot,3,0.683800
sore_throat,7,0.396553
sore_throat_afterwards,3,0.622969
soreness,7,0.331135
sorry_in_advance,3,0.768882
sorry_to_hear,0,0.633079
sortie,3,0.655127
sound,5,0.479142
sound_awful,0,0.515962
sound_gross,5,0.526443
sound_horrible,0,0.621253
sound_ridiculous,0,0.700661
sound_terrible,0,0.442829
soup,9,0.837205
soup_and_smoothie,9,0.555598
soup_broth,3,0.819189
soup_smoothie,9,0.833423
sour,9,0.757305
sour_taste,2,0.318194
southeast,0,0.776164
southern_california,10,0.876002
southern_indiana,3,0.772258
space_between,3,0.617139
space_heater,1,0.598465
spaghetti,9,0.793268
spain,10,0.811566
span,7,0.508975
spark_water,9,0.571526
sparkle,9,0.850030
sparkle_water,9,0.655318
sparkle_wine,9,0.671104
sparse,3,0.901712
spasm,1,0.581826
spasmodic_dysphonia,4,0.404063
speak,4,0.300786
specialist,4,0.697151
specialist_list,4,0.844051
specialist_who,4,0.785988
specialization,3,0.729384
specialize,4,0.767449
specialize_in_medical_anxiety,3,0.626891
specialty,4,0.728336
specific_brand,3,0.879942
specific_design,3,0.503221
specific_question,0,0.508498
specific_spot,1,0.386524
spectrum,8,0.615433
spectrum_disorder,0,0.693971
spectrum_of_severity,3,0.843775
speculate,8,0.718900
speculation,8,0.566073
speech,4,0.454398
speech_pathologist,4,0.696827
speech_therapist,4,0.687052
speech_therapy,4,0.549660
spew,5,0.587257
sphincter,1,0.606927
sphincter_muscle,1,0.534517
spice,9,0.891795
spicy,9,0.850508
spicy_fatty,3,0.627855
spicy_food,9,0.815511
spike,2,0.509001
spill_into,3,0.499450
spinal,8,0.548537
spine,1,0.712644
spirit,9,0.801965
spirometer,3,0.834914
spit,2,0.354244
spit_into,1,0.422298
spit_up,5,0.623499
split_second,5,0.531095
spoil,3,0.790721
spoiler,3,0.804588
spontaneous,5,0.607924
sporadic,7,0.468135
sport,9,0.620338
spray,1,0.439589
spray_lidocaine,3,0.783450
spray_numb,1,0.193451
spread_awareness,0,0.717059
spreadsheet,3,0.756295
spring_break,7,0.547631
sprite,9,0.808774
sprout,3,0.844045
square_one,3,0.741745
squat,1,0.674319
squat_instead,3,0.756652
squat_instead_of_bend,6,0.311394
squat_instead_of_bend_over,9,0.447494
squeak,5,0.471453
squeak_out,3,0.587059
squeaky,5,0.487808
squeeze,1,0.885277
squish,1,0.693939
squishy,3,0.501496
ssri,6,0.624919
st_clair_shore_mi,3,0.654154
st_john,3,0.714671
st_louis_park_mn,3,0.758229
st_michael,10,0.752109
st_mike,3,0.688425
st_vincent,10,0.836880
stab,2,0.564577
stab_pain,2,0.538951
stable,2,0.111737
staccato,3,0.746431
staff,10,0.736455
staff_member,3,0.540442
stage,7,0.457087
stalk,0,0.716582
stance,3,0.598260
stand,1,0.575666
stand_straight,5,0.356361
stand_up,1,0.645981
stand_up_straight,1,0.577196
standard_dose,7,0.646358
staple,9,0.443972
starch,9,0.725046
stare,5,0.548470
startle,5,0.758943
starve,9,0.579167
starve_myself,9,0.428698
stat,10,0.646847
statement,4,0.695545
stationary,3,0.863632
statistic,4,0.666595
stay_away,9,0.879439
stay_calm,1,0.289232
stay_home,9,0.440375
stay_hydrate,9,0.776887
stay_overnight,10,0.555637
stay_positive,7,0.436591
stay_upright,5,0.326023
steak,9,0.840288
stealthy,3,0.753472
steam,9,0.753110
steering,3,0.587122
stem,8,0.792053
stenosis,3,0.851579
sternum,1,0.761280
sternum_area,1,0.516976
steroid,6,0.589489
steroid_inhaler,3,0.787310
sticker,1,0.448145
sticky_pad,1,0.478505
stiff,1,0.611110
stiffen,3,0.617187
stifle,5,0.670128
stimulant,6,0.654205
stimulate,1,0.702813
sting,1,0.552197
stinky,5,0.500404
stir,9,0.726820
stock,9,0.674043
stocking_up,9,0.662074
stodgy,3,0.663951
stoke,0,0.644940
stomach_ache,2,0.803008
stomach_acid,1,0.332935
stomach_acid_production,3,0.482638
stomach_and_intestine,8,0.383329
stomach_bug,5,0.539150
stomach_cancer,8,0.518057
stomach_churn,3,0.495774
stomach_content,1,0.554282
stomach_cramp,2,0.824810
stomach_distension,8,0.419649
stomach_flu,5,0.427265
stomach_growl,2,0.624079
stomach_lining,8,0.578614
stomach_pain,2,0.829112
stomach_rumble,2,0.578731
stomach_ulcer,8,0.665593
stomach_vacuum,1,0.442846
stomach_virus,5,0.608962
stomachache,2,0.693803
stool,1,0.436076
stool_sample,4,0.746560
stool_test,4,0.656346
story,0,0.667604
stout,9,0.761618
straight_ahead,3,0.455772
straight_shoulder,1,0.531269
straighten,1,0.759735
strain,1,0.625866
strange,5,0.357067
strange_noise,5,0.423539
straw,9,0.627123
streak,3,0.574150
stream,1,0.548604
strengthen,1,0.627605
strep,2,0.425954
strep_throat,2,0.462830
stress,2,0.367860
stress_and_anxiety,8,0.488589
stretch,1,0.733091
stretch_out,1,0.589762
stretchy,9,0.431312
stretchy_pants,3,0.697617
stricture,8,0.722345
stroke,8,0.554213
strong_dose,7,0.574369
strong_gag_reflex,5,0.317103
structure,1,0.569438
struggle,2,0.352617
struggle_to_breathe,2,0.718535
stuck,1,0.418314
stud,3,0.507187
student,10,0.675257
study,4,0.807858
study_and_potential_participate,10,0.316540
stuff,9,0.384254
stuffy,2,0.493069
stuffy_nose,2,0.535388
stumble,0,0.709811
stumble_across,0,0.701305
stumble_across_this_subreddit,0,0.814282
stumble_upon,0,0.703821
stumble_upon_this,0,0.822379
stumble_upon_this_sub,3,0.807027
stumble_upon_this_subreddit,0,0.794408
stupid,5,0.386336
sub,4,0.496151
sub_reddit,0,0.661881
sub_search,4,0.572174
sub_wiki,4,0.795191
subconscious,5,0.390625
subconscious_tighten,3,0.770806
subdue,3,0.582728
subject,4,0.825465
subjugation,3,0.841470
submit,10,0.818571
subreddit,4,0.683515
subreddit_wiki,4,0.771347
subsequent,7,0.418372
subsequent_injection,7,0.723677
subside,2,0.603296
succeed,0,0.364761
success_appeal,3,0.737302
success_rate,7,0.496161
success_story,0,0.657696
succession,5,0.484747
succinylcholine,3,0.647630
such_as_hiatal_hernia,8,0.717389
sucralfate,6,0.863894
suction,1,0.728945
sudafed,6,0.555895
sudden,2,0.570465
sudden_onset,2,0.414353
suddenly,5,0.540995
suddenly_develop,3,0.764872
suffer,8,0.431080
suffer_from_r_cpd,0,0.729337
suffer_in_silence,3,0.829194
suffocate,2,0.463525
sugar,9,0.815996
sugar_free,9,0.872331
sugary,9,0.889677
sugary_drink,9,0.656916
sugary_food,9,0.730439
sugary_stuff,3,0.587136
summer,10,0.482851
sunday,7,0.572357
super_anxious,0,0.424036
super_bloat,2,0.701572
super_common,8,0.541726
super_embarrass,5,0.739646
super_excite,0,0.751814
super_gross,5,0.544153
super_hopeful,3,0.771834
super_loud,5,0.785182
super_nauseous,2,0.614862
super_quick,10,0.705355
super_rare,5,0.426962
super_satisfy,3,0.729368
super_scary,0,0.516390
super_sensitive,5,0.474544
super_skinny,3,0.698299
super_sore,7,0.312977
super_tight,1,0.687404
super_tiny,5,0.504483
super_tired,7,0.500386
super_uncomfortable,2,0.575750
super_weird,5,0.494433
supper,9,0.344733
supplement,6,0.830402
supply,4,0.491474
support_community,0,0.823811
support_group,0,0.626704
suppress,5,0.591951
suppress_them,5,0.596748
supra_gastric,3,0.657820
supraglottic,3,0.871226
suprasternal_notch,1,0.416915
sure,0,0.325380
surface,1,0.848835
surfactant,3,0.529244
surgeon,4,0.616234
surgeon_who,4,0.722304
surgery,7,0.365149
surgery_center,10,0.819907
surgery_date,10,0.673546
surgery_room,10,0.603447
surgical,10,0.788086
surgical_center,10,0.887116
surgical_option,3,0.795910
surgical_procedure,10,0.664319
surprise,5,0.382483
surreal,0,0.584054
surround_muscle,3,0.494467
survey_link,3,0.659862
survey_result,4,0.658790
sushi,9,0.671851
suspect,8,0.807492
suspend,1,0.562341
suspicion,8,0.781511
sustainable,3,0.631228
swab,1,0.243272
swallow,1,0.247038
swallow_and_sniff,1,0.508823
swallow_difficulty,7,0.511504
swallow_disorder,4,0.680926
swallow_pill,5,0.295929
swallow_saliva,2,0.342945
swallow_study,4,0.557453
swallow_tablet,5,0.239749
swallow_test,4,0.598278
sweat,2,0.613418
sweat_shake,3,0.811907
sweatpants,3,0.514673
sweatshirt,3,0.725430
sweet_tea,3,0.681505
swell,1,0.524613
swig,9,0.570173
swig_of_water,9,0.409502
swim,2,0.587366
swim_competitive,3,0.611887
sword,3,0.716126
sydney_voice_and_swallow,10,0.908875
sykes,3,0.629469
sympathize,0,0.552871
sympathy,0,0.656538
symptom,2,0.384733
symptom_e_g,3,0.754970
symptom_free,7,0.665553
symptom_of_r_cpd,8,0.716841
symptom_worsen,8,0.412693
symptomatic,8,0.648687
syndrome,8,0.772636
syndrome_diagnosis,3,0.813756
syrup,9,0.833264
systemic,8,0.647189
t_rex,5,0.526380
t_t,3,0.898653
table,1,0.469725
table_manners,3,0.911929
tablespoon,9,0.659244
tablet,6,0.762263
tabletop,3,0.677068
taboo,3,0.893020
tachycardia,2,0.462998
tactic,0,0.546929
tad,2,0.237012
tagamet,3,0.771408
take_adderall,2,0.412740
take_amitriptyline,3,0.418317
take_digestive_enzyme,6,0.613497
take_dramamine,3,0.578752
take_gas_x,6,0.723023
take_gaviscon,6,0.663671
take_magnesium,6,0.571926
take_omeprazole,6,0.687624
take_pantoprazole,8,0.375604
take_pepcid,6,0.762451
take_pill,9,0.474159
take_ppis,6,0.507259
take_prilosec,6,0.625719
take_probiotics,6,0.810626
take_serious,4,0.701345
take_small_bite,9,0.723652
take_small_sip,9,0.835845
take_tums,6,0.712604
take_tylenol,7,0.350451
take_xanax,3,0.639591
take_zofran,2,0.626420
takeout,3,0.775454
talkative,3,0.674223
tangle,3,0.866178
tannin,3,0.859031
tap,1,0.734626
tap_water,9,0.708106
tar,3,0.435262
target,1,0.525813
taste,5,0.483785
taste_like,5,0.500357
taste_or_smell,5,0.605087
taste_smell,5,0.639719
tea,9,0.846489
teach,5,0.437470
teach_myself,5,0.367925
teach_myself_how,5,0.486978
teach_themselves,0,0.376052
teach_your_body,7,0.335596
teach_yourself,5,0.261828
teach_yourself_to_squat_instead,6,0.425346
teary_eye,3,0.713480
tech_neck,3,0.825372
technique,1,0.369624
technology,0,0.547951
ted,3,0.746208
teen,2,0.462137
teen_and_early,3,0.876231
teen_year,5,0.551997
teenage_year,5,0.302170
teenager,5,0.377668
teeny,5,0.482424
telehealth_consult,3,0.872095
telemed,10,0.782971
telemedicine_appointment,3,0.792450
television,3,0.887916
tell,5,0.131534
tell_them,4,0.511842
temperature,9,0.465769
temple,1,0.334588
temporary,8,0.292545
temporary_paralyze,3,0.479531
temporary_relief,6,0.318609
temporary_side_effect,7,0.358804
ten_minute,5,0.433696
tend,2,0.378495
tend_to_worsen_with_age,3,0.541088
tender,1,0.493479
tense,1,0.700971
tense_up,1,0.662292
tension,1,0.667739
tension_headache,3,0.671591
tequila,9,0.824910
terrible,2,0.809561
terrible_heartburn,6,0.472424
terrible_idea,3,0.782650
terrify,5,0.352472
terrify_of_vomit,5,0.585921
test,4,0.464222
test_for_celiac,8,0.561646
test_for_r_cpd,4,0.604873
test_positive,7,0.332477
testify,3,0.927950
testimonial,0,0.725315
texas,10,0.809008
text,4,0.604749
textbook_rcpd,0,0.772237
texture,9,0.763106
thailand,4,0.755165
than_average,2,0.417590
than_usual,2,0.353007
thank_you_anyway,3,0.835740
thank_you_for_check,3,0.919406
thank_you_for_post,0,0.761752
thank_you_for_share,0,0.803757
thank_you_for_your_reply,0,0.696469
thank_you_good_luck,0,0.676210
thank_you_r/noburp,3,0.929393
thank_you_sm,3,0.969370
thank_you_though,3,0.822647
thank_you_yeah,0,0.519755
thank_you_yes,0,0.644458
thankful,0,0.522521
thanks_for_reply,0,0.721143
thanks_for_respond,0,0.664184
thanks_for_share,0,0.722688
thanks_for_your_input,0,0.731704
thanks_for_your_reply,0,0.725826
thanks_in_advance,0,0.610201
that_make_sense,1,0.427399
that_predispose,4,0.687078
thc,6,0.469250
thc_receptor,3,0.836367
the_botox_wear,7,0.363986
the_medical_jadedness,4,0.613914
the_same_boat,0,0.687916
the_tik_tok,3,0.809357
the_vocal_chord,1,0.401191
the_vocal_cord,1,0.412492
theatre,10,0.657146
their_20s,8,0.362127
their_name,4,0.825045
then_suddenly,2,0.508952
theoretic,8,0.480560
theorize,8,0.751806
theory,8,0.769090
therapy,8,0.456837
thereabouts,3,0.816304
thereby,3,0.776784
therefore,8,0.591121
these_attack,2,0.282065
these_episode,2,0.581076
these_symptom,2,0.548059
these_test,4,0.697466
these_weird,5,0.499427
they_are,5,0.353797
they_spray,1,0.278663
thiamine,4,0.567177
thick,9,0.608061
thick_food,9,0.715675
thick_mucus,3,0.703248
thick_saliva,2,0.603441
thigh,1,0.666008
thin,9,0.421550
think,5,0.299882
third,7,0.723807
third_attempt,7,0.692301
third_dose,7,0.648947
third_injection,7,0.789968
third_round,7,0.741122
third_shot,7,0.638992
third_time,7,0.748966
thirsty,9,0.691043
thirties,2,0.501997
this_community,0,0.782463
this_condition,8,0.460259
this_disorder,4,0.633295
this_group,0,0.706108
this_page,0,0.694735
this_sub,0,0.514476
this_subreddit,0,0.628853
this_thread,0,0.718857
thoracic,1,0.535976
thorough_chew,7,0.248642
those_with_r_cpd,8,0.467223
though,5,0.326783
thoughtful_response,3,0.837901
three,7,0.268175
three_hour,9,0.461637
three_month,7,0.602416
three_month_mark,3,0.906367
thrill,0,0.713537
throat_gargle,5,0.654642
throat_massage,1,0.265389
throat_nausea,2,0.760698
throat_tightness,2,0.635812
throatox,10,0.659784
throb,3,0.559831
through_kaiser_permanente,3,0.834150
throughout,2,0.504765
throw_off,3,0.460848
throw_up,5,0.622342
throw_up_air,5,0.661029
throw_up_because,5,0.639393
throw_up_but,5,0.677261
throw_up_either,3,0.657904
throw_up_instead,5,0.709588
throw_up_once,5,0.518960
throw_up_since,5,0.576357
throw_up_so,5,0.685096
throw_up_unless,3,0.714666
throw_up_when,5,0.702876
throw_up_which,5,0.596090
throw_up_without,5,0.540446
throwaway_account,0,0.795229
thud,3,0.823104
thumb,1,0.795588
thump,3,0.516887
thursday,7,0.657594
thus,1,0.473043
thyroid,8,0.589379
thyroid_issue,8,0.716196
ti,10,0.422606
tic,5,0.259883
tickle,1,0.452186
tif,3,0.566215
tif_procedure,8,0.381962
tight,1,0.682672
tight_chest,2,0.657036
tight_pants,2,0.437687
tight_ues,8,0.349717
tighten,1,0.750300
tighten_up,1,0.492503
tighten_your_ab,3,0.687629
tightness,2,0.554211
tik_tok,0,0.595166
tiktok,0,0.620219
till_so_far,4,0.748065
tilt_my,1,0.662069
tilt_your,1,0.741695
tingle,2,0.484849
tinnitus,8,0.633958
tiny,5,0.462112
tiny_bit,1,0.511044
tiny_bite,9,0.649030
tiny_burp,5,0.512009
tiny_little,5,0.534567
tiny_microburp,7,0.447038
tiny_sip,9,0.539159
tiny_tiny,5,0.478574
tip_of_your_tongue,1,0.526920
tire,5,0.319714
tired,2,0.506760
tissue,1,0.536633
tissue_disorder,3,0.685272
tissue_resistance,5,0.473111
title,4,0.701893
tk,3,0.829199
toad,5,0.586364
toast,9,0.871132
tobacco,9,0.501591
toddler,5,0.570891
toe,1,0.786447
tofu,9,0.744948
toilet,5,0.518793
toilet_bowl,5,0.604571
toilet_paper,6,0.509286
tolerance,9,0.322849
tolerant,3,0.687192
tomato,9,0.847584
tomato_base,9,0.844202
tomato_sauce,9,0.842614
tomorrow,7,0.530571
tomorrow_morning,10,0.770138
ton_of_microburp,7,0.699406
tone,1,0.326991
tongue,1,0.847316
tongue_against,3,0.560073
tongue_placement,1,0.379513
tongue_position,1,0.410531
tongue_posture,1,0.556953
tonsil,1,0.403720
tonsil_stone,8,0.424967
too_bad,7,0.312535
too_early,7,0.656847
too_loose,1,0.482661
too_scared,5,0.419291
too_tight,1,0.651165
toot,5,0.491179
tooth,1,0.550746
toothbrush,1,0.598823
toothbrush_down,1,0.445694
toothpaste,1,0.658698
topic,4,0.685886
topical,3,0.472358
torso,1,0.799519
tortuous,3,0.862437
torture,2,0.495428
total,7,0.474951
total_anesthesia,10,0.445606
total_cost,10,0.908464
total_doable,3,0.875065
total_fine,7,0.343280
total_manage,7,0.680444
total_sense,5,0.122424
total_unrelated,0,0.432630
total_worth,7,0.690400
tough,7,0.292817
tour,10,0.509139
toxin,1,0.387548
trachea,1,0.851763
tract,1,0.508948
tragic,3,0.600025
train,1,0.321332
train_myself,5,0.562549
train_themselves,5,0.258770
train_wheel,7,0.363207
train_your_body,7,0.327762
train_yourself,5,0.301209
trainer,1,0.371969
trait,8,0.652404
trance,3,0.722537
trans,0,0.750470
transit,8,0.419063
transition,7,0.440757
translate,0,0.657638
transverse_colon,3,0.594948
trap,1,0.491688
trap_air,2,0.549013
trap_air_bubble,3,0.603817
trap_gas,2,0.662241
trap_inside,5,0.234251
trap_wind,2,0.814257
trash_can,5,0.426853
trauma,8,0.723326
traumatic,5,0.546282
traumatic_experience,5,0.454422
traumatize,5,0.610219
travel_to_chicago,10,0.913622
travel_up,1,0.671982
tray,3,0.870203
treat,4,0.549926
treat_asap,0,0.514024
treat_dysphagia,4,0.522975
treat_r_cpd,4,0.879524
treat_rcpd,4,0.874723
treat_swallow_disorder,4,0.695605
treatment,4,0.465151
treatment_for_r_cpd,4,0.765373
treatment_option,4,0.813583
treatment_with_lucy_hicklin,3,0.810037
trial,4,0.768699
triangle,3,0.816923
tricare,10,0.820775
trick,1,0.322813
tricyclic_antidepressant,3,0.620664
trigger_by,2,0.604388
trigger_food,9,0.713445
trip,10,0.580340
trip_to_chicago,10,0.644642
tritter,3,0.715692
trouble,2,0.219300
trouble_breathe,2,0.656952
trouble_sleep,6,0.387763
trouble_swallow,7,0.188050
trouble_swallow_pill,5,0.370891
trt,3,0.827102
true,5,0.347198
truly,0,0.527194
truly_life_change,0,0.643906
trunk,3,0.810511
trustworthy,4,0.750584
try,6,0.333887
try_to_convince,4,0.722098
try_to_escape,1,0.475622
try_to_force,1,0.539833
try_to_teach,5,0.721008
ttuhsc,0,0.724573
tu_faire,3,0.462997
tuba,3,0.760237
tube,1,0.620796
tube_down,1,0.262789
tube_insert,3,0.790541
tuck,1,0.856710
tuck_your_chin,1,0.694244
tuesday,10,0.681412
tuesday_morning,10,0.766688
tummy,2,0.665610
tummy_hurt,3,0.688777
tumor,4,0.407359
tums,6,0.827847
tuna,9,0.597880
turbinate,2,0.396958
turmeric,6,0.705086
turn_into,5,0.513210
turn_out,8,0.543843
tutorial,4,0.410438
tv,4,0.284320
tw,0,0.526279
tw_emetophobia,3,0.950206
tweed,7,0.526502
twenties,2,0.464616
twentieth_may,3,0.773133
twin_sister,0,0.591642
twinge,3,0.605828
twist,1,0.842773
twist_tea,9,0.608448
two_dose,7,0.659133
two_finger,1,0.553316
two_or_three,7,0.369699
two_round,7,0.704152
two_together,8,0.228546
tylenol,6,0.508805
tylenol_and_ibuprofen,3,0.739990
u/karybrie,0,0.817066
u_guy,0,0.759801
u_s,10,0.815671
uab,10,0.835204
uber,10,0.613711
ucsd,3,0.669938
ues,1,0.474100
ues_and_les,1,0.286554
ues_muscle,1,0.452729
ues_open,1,0.710013
ugh,0,0.437189
ugly,5,0.516742
uhc,10,0.850189
uhhh,3,0.667911
uk,10,0.638216
ulcer,8,0.670300
ulcerative_colitis,8,0.507408
ultimate_lead,1,0.496216
ultrasound,4,0.462809
umbilical,3,0.795946
umm,3,0.935713
un_grupo,0,0.363403
unable_to_burp,8,0.575493
unable_to_vomit,5,0.530703
unaware,8,0.594621
unbearable,2,0.811597
unbelievable,2,0.384276
unblock,3,0.753728
unbutton,9,0.530686
uncomfortable,2,0.599643
uncommon,8,0.494754
unconscious,1,0.483755
uncontrollable,5,0.679361
uncontrollable_burp,7,0.509235
uncontrollable_microburp,7,0.457313
uncontrolled,7,0.431287
uncontrolled_belch,3,0.639862
uncontrolled_burp,7,0.526488
uncover,0,0.468530
under_18,0,0.587785
under_anaesthesia,10,0.769173
under_anesthesia,10,0.583761
under_control,2,0.319682
under_ga,7,0.700832
under_general,10,0.674796
under_general_anaesthesia,10,0.824037
under_general_anesthesia,10,0.652704
under_general_anesthetic,10,0.734523
under_local,7,0.590451
under_sedation,3,0.746111
under_twilight,3,0.782571
under_your_chin,3,0.617461
underdeveloped,1,0.462543
underdiagnose,3,0.862520
undergo,4,0.665156
underlying,8,0.863791
underlying_issue,8,0.584220
underneath,1,0.677561
understand_r_cpd,0,0.651078
underweight,2,0.375896
underwhelm,3,0.804550
undetectable,3,0.625829
undiagnosed,8,0.758659
undigested_food,2,0.438907
uneventful,7,0.712470
unexpected,5,0.581563
unexplained,8,0.666832
unfair,0,0.637331
unfit,3,0.835741
ungodly,5,0.653593
unhappy,0,0.340014
unheard,8,0.519555
uni,3,0.886281
uninsured,10,0.828704
unintentional,5,0.516279
unisom,6,0.626936
unit,7,0.567958
unit_concentrate_dose,7,0.542652
unit_of_botox,7,0.642702
united_healthcare,10,0.787609
united_state_and_speak_fluent,0,0.658522
university,10,0.617314
university_of_south,3,0.763074
unknowing,8,0.511638
unknown,8,0.751620
unknown_reason,3,0.731804
unlikely,8,0.615700
unlimited,3,0.816281
unlucky,7,0.317124
unmanageable,0,0.395490
unmask,3,0.820762
unmistakable,3,0.916763
unnecessary_test,4,0.585058
unnerving,3,0.492396
unpleasant,2,0.484043
unpleasant_side_effect,0,0.480336
unpredictable,7,0.545882
unproductive,5,0.568161
unregulated,3,0.868341
unrelated,8,0.822623
unrelenting,3,0.794430
unsafe,0,0.488468
until_recent,8,0.420468
untreated,8,0.807451
untreated_r_cpd,8,0.872108
unwell,2,0.519111
unwilling,4,0.555393
unzip,2,0.420861
upcoming_procedure,0,0.672776
update,7,0.486478
upper,1,0.694615
upper_ab,1,0.664160
upper_abdomen,2,0.604967
upper_abdominal,2,0.632835
upper_back,1,0.690913
upper_body,1,0.750602
upper_chest,1,0.628669
upper_endoscopy,4,0.676177
upper_esophageal,8,0.533814
upper_esophageal_sphincter,1,0.479025
upper_esophageal_sphincter_ues,1,0.470458
upper_esophagus,8,0.535316
upper_gi,8,0.509659
upper_gi_endoscopy,10,0.681473
upper_part,1,0.604389
upper_range,7,0.608531
upper_respiratory,3,0.778940
upper_sphincter,1,0.507292
upper_stomach,1,0.597247
upright,1,0.652369
upset,2,0.383429
upset_stomach,2,0.809602
upside_down,1,0.614029
upstream,3,0.726681
uptick,3,0.859178
upward,1,0.832795
upward_pressure,1,0.353163
upwards,1,0.827370
urge_to_vomit,5,0.515308
urgent_care,4,0.462219
urgh,3,0.769740
urinary,8,0.708133
urinate,5,0.289370
urine_test,4,0.433568
urologist,3,0.740504
us_non_burper,0,0.447205
usa,10,0.846347
usage,0,0.371483
usc,10,0.860138
usd,10,0.875841
use_75,10,0.656719
useful,4,0.424085
useless,4,0.737345
useless_test,4,0.570368
usf,10,0.848689
usual,2,0.488566
usual_r_cpd,3,0.795963
usually,2,0.316872
usually_accompany,2,0.453378
uterus,2,0.473910
uvula,1,0.765873
vaccination,7,0.329702
vacuum,1,0.606624
vagal_nerve,3,0.723045
vague,8,0.459013
vague_nauseous,3,0.676252
vagus_nerve,8,0.666523
vagus_nerve_be,3,0.784532
vain,0,0.643689
validate,0,0.649629
validation,0,0.722867
value,4,0.673692
valve,1,0.693869
van,10,0.530331
vanish,2,0.506535
vape_and_smoke,3,0.891236
variation,6,0.250260
vary_depend,10,0.827951
vary_from_person_to_person,7,0.517405
vary_level,3,0.792615
vast_majority_of_people,0,0.523507
vcd,3,0.780053
veg,9,0.770028
vegan,9,0.635794
vegetable,9,0.876347
vegetarian,9,0.564359
vein,1,0.359778
velociraptor,5,0.650682
ventetiden,10,0.561429
venture,0,0.762309
verbal,4,0.337808
verge,2,0.660894
verify,4,0.823125
verse,3,0.779932
vertebrae,3,0.675405
vertical,1,0.706647
vertical_shaker_exercise,3,0.639286
vertigo,2,0.555691
very_common,8,0.679071
very_curious,0,0.693308
very_doable,3,0.423047
very_excite,7,0.677928
very_friendly,10,0.721855
very_happy,0,0.767028
very_infrequently,3,0.659517
very_interest,0,0.613092
very_loud,5,0.696788
very_lucky,0,0.688315
very_mild,7,0.425358
very_minor,7,0.611333
very_nervous,7,0.525049
very_rare,5,0.390524
very_rarely,5,0.618266
very_relatable,3,0.828045
very_satisfy,3,0.630881
very_sensitive,5,0.281216
very_skeptical,0,0.668201
very_skinny,5,0.205444
very_slow,9,0.667266
very_small,5,0.406380
very_small_hiatal,3,0.765124
very_straightforward,7,0.614597
very_subtle,7,0.242784
very_thin,1,0.141872
very_tight,1,0.661481
very_uncomfortable,2,0.614166
very_weak,1,0.359456
vess,4,0.705010
via_endoscopy,4,0.719901
vial,10,0.709746
vibrate,1,0.626286
vibrato,3,0.749108
vice_versa,8,0.531853
vicious_cycle,2,0.434201
victoria,10,0.910338
videoendoscopy,10,0.759400
violence,3,0.699784
violent,5,0.705154
violent_cough,5,0.603370
violent_hiccup,2,0.560553
violent_vomit,5,0.687257
virtual_appointment,10,0.810499
virus,8,0.474522
visceral,4,0.354757
visibility,0,0.659120
vision,1,0.383811
visit,4,0.663699
visual,4,0.454819
visualization,3,0.563821
visualize,1,0.628593
vital,1,0.361197
vitality,10,0.746702
vitamin,6,0.645768
vitamin_c,3,0.741886
vlog,3,0.686568
vocal_chord,1,0.359437
vocal_coach,3,0.460078
vocal_coach_youtube,1,0.583251
vocal_control,3,0.815231
vocal_cord,1,0.406388
vocal_cord_dysfunction,8,0.704934
vocal_exercise,3,0.655022
vocal_fry,3,0.697917
vocal_range,7,0.369422
vodka,9,0.869602
vodka_and_cranberry,9,0.820774
vodka_cran,9,0.588466
vodka_cranberry,9,0.747885
vodka_orange,3,0.810672
vodka_water,9,0.756362
voice,7,0.283141
voice_box,1,0.720600
voice_center,10,0.878069
voice_change,7,0.581577
voice_disorder,4,0.561044
volume,1,0.281355
vom,5,0.643011
vomit,5,0.548097
vomit_episode,2,0.458732
vomit_phobia,8,0.481992
voor_de,10,0.615411
vote,10,0.585931
vyvanse,6,0.614291
w_bastian,4,0.677981
w_doctor_bastian,7,0.709516
wa,10,0.866204
waft,3,0.879621
wager,3,0.790259
waist,1,0.679348
waistband,1,0.423100
wait_room,10,0.701031
wake_up,2,0.432598
wake_up_around,7,0.494212
wake_up_choke,2,0.336401
wake_up_cough,2,0.299550
wake_up_feel,2,0.523358
wake_up_in_recovery,7,0.364123
wake_up_nauseous,3,0.573143
wake_up_one,7,0.386975
wake_up_today,7,0.290222
walk,1,0.359161
walk_around,1,0.525895
wall,1,0.835618
walmart,6,0.622523
walter_reed,10,0.701012
want_to_share,0,0.761494
ware_off,3,0.886535
warm_blanket,1,0.368777
warm_liquid,3,0.589627
warm_water,9,0.687525
warn,7,0.350321
warning_sign,3,0.811334
wary,4,0.400569
wash,9,0.536815
wash_down,9,0.695923
wash_every_bite,3,0.628535
washington,10,0.864373
washington_dc,10,0.828219
waste_of_money,3,0.604773
waste_of_time,4,0.759890
waste_of_time_and_money,4,0.729165
water,9,0.610762
water_nearby,9,0.704066
water_on_hand,9,0.724661
water_to_chase,9,0.711329
water_to_wash,9,0.604750
weak,1,0.467577
weak_drug,3,0.785372
weak_muscle,8,0.614958
weak_voice,7,0.589315
weaken,8,0.541179
weakness,8,0.521879
wear_clothes,3,0.890165
wear_loose,9,0.561855
wear_maternity,3,0.683318
wear_off,7,0.592235
wear_off_after,7,0.778817
wear_off_around,7,0.738386
wear_off_by,7,0.757249
wear_off_eventual,3,0.757132
wear_off_slow,7,0.741159
wear_off_within,7,0.792779
weather,2,0.394262
web,4,0.712950
web_site,10,0.713083
webinar,4,0.782903
website,4,0.871199
wedding,9,0.440427
wedge,6,0.467139
wedge_pillow,6,0.584831
wednesday,7,0.649864
wednesday_morning,10,0.727802
weed,6,0.488353
weight,2,0.193743
weight_gain,8,0.470488
weight_loss,2,0.489928
weight_loss_surgery,0,0.668375
weightless,3,0.897576
weird,5,0.519137
weird_af,3,0.829043
weird_frog,5,0.551816
weird_gurgle_noise,5,0.596802
weird_noise,5,0.408911
weird_position,1,0.687891
weird_quirk,0,0.539621
weird_sensation,1,0.377083
welcome,0,0.718769
welcome_fellow,0,0.779837
welcome_home,3,0.874583
wellbeing,0,0.614702
wendy,3,0.777830
western,10,0.766343
wet,5,0.478033
whack,3,0.560830
what_r_cpd,4,0.746739
wheat,9,0.792083
wheel,10,0.455013
wheel_into,10,0.526423
wheeze,1,0.420394
whereby,3,0.809982
whey,3,0.724734
while_awake,10,0.589342
while_radiograph,4,0.578282
while_simultaneous,3,0.507958
while_stand,1,0.733680
while_yawn,7,0.491548
whiskey,9,0.809136
whisky,9,0.879987
whisper,7,0.244317
white_bread,3,0.875846
who_specialize,4,0.805657
who_treat,4,0.811236
who_treat_r_cpd,4,0.842175
whoever,4,0.642610
whole_community,0,0.815972
whole_family,5,0.587929
whole_gi_track,3,0.780357
whole_host,3,0.843966
whole_life,5,0.429334
whole_live,5,0.636338
whole_milk,3,0.616929
whole_new,0,0.569616
whole_team,0,0.592097
whole_world,3,0.822339
wholesome,3,0.799336
whomp,3,0.805082
whoop,5,0.672325
whoosh,5,0.597605
wide_awake,3,0.618796
wide_open,1,0.639545
widen,1,0.629463
wiggle,1,0.801119
wiki_page,4,0.771324
wikipedia,4,0.644458
willing,4,0.652517
willing_to_listen,4,0.716379
willing_to_treat,4,0.829887
willingness,0,0.676184
wimbledon,10,0.893568
wind,2,0.570356
wind_eze,3,0.628021
windpipe,1,0.735058
wine,9,0.867583
wire,1,0.409061
withdraw,3,0.621685
without_anesthetic,10,0.610101
without_ga,10,0.809309
without_r_cpd,5,0.415846
witness,5,0.733001
wonder,0,0.222870
wonder_how_many,0,0.527842
wonder_if_anyone,4,0.453725
wonderful,0,0.739492
woohoo,0,0.641338
woozy,7,0.348964
word_of_advice,0,0.701154
work_in_retrograde,3,0.294867
work_in_tandem,3,0.767839
workday,3,0.491931
workout,1,0.372207
workup,4,0.726533
world_of_difference,7,0.316850
worm,3,0.606137
worry,7,0.333270
worry_about,7,0.260362
worse_than,2,0.479420
worse_with_age,8,0.384745
worsen,8,0.587758
worsen_with_age,8,0.612987
worst,2,0.663132
worst_fear,3,0.570109
worst_part,2,0.314803
worth_investigate,3,0.635037
would_hesitate,7,0.625176
would_love,0,0.593219
wow,0,0.741942
wretch,5,0.677651
wretched,5,0.520167
wretching,5,0.607984
writhe_in_pain,3,0.809856
wrong_pipe,9,0.377049
wrong_place,4,0.426982
wrong_sub,0,0.704073
x2,7,0.664470
x_ray,4,0.434991
xd,5,0.665665
xiphoid_process,3,0.499152
xray,4,0.494229
xxxx,3,0.816140
xylitol,6,0.657196
yack,3,0.695093
yale,4,0.815819
yale_medicine,4,0.688126
yale_medicine_condition_summary,4,0.752723
yawn,1,0.470121
yay,0,0.655103
yay_congratulation,0,0.798056
yell,5,0.556581
yellow,1,0.517977
yesterday_morning,7,0.745706
yikes,0,0.520714
yoga,1,0.543563
yoga_class,3,0.728024
yoga_pose,1,0.514726
yoga_position,6,0.385691
yoga_routine,3,0.826398
yoga_stretch,6,0.584440
yoghurt,9,0.853493
yogurt,9,0.871213
young_age,8,0.650104
young_brother,0,0.652025
young_child,5,0.489483
young_kid,0,0.589766
your_adams_apple,1,0.894783
your_arm,1,0.798210
your_body,1,0.379388
your_brain,1,0.428953
your_chin,1,0.844987
your_core,1,0.804642
your_daughter,0,0.772519
your_diaphragm,1,0.816284
your_digestive_tract,1,0.306031
your_esophagus,1,0.616952
your_finger,1,0.748816
your_frustration,0,0.807343
your_gag_reflex,1,0.531749
your_good_bet,4,0.774740
your_gp,4,0.744916
your_gut,1,0.446070
your_head,1,0.642380
your_insurance_company,10,0.693937
your_knee,1,0.707683
your_larynx,1,0.770815
your_lung,1,0.743145
your_mouth,1,0.678847
your_neck,1,0.807144
your_nose,1,0.609687
your_nostril,1,0.515716
your_own,0,0.404233
your_pcp,4,0.823088
your_r_cpd,8,0.683527
your_shoulder,1,0.811146
your_shoulder_blade,1,0.812772
your_son,0,0.791269
your_thumb,1,0.750994
your_toe,1,0.694982
your_tongue,1,0.803251
your_torso,1,0.735340
your_vocal_chord,4,0.461963
your_vocal_cord,1,0.548291
your_wife,0,0.778294
youtube,4,0.409430
youtube_channel,0,0.646522
youtube_search,3,0.791227
yucky,3,0.562956
yup,5,0.575068
zantac,6,0.874917
zebra,0,0.465423
zest,3,0.695358
zofran,6,0.739782
zoom_call,10,0.842922
zurich,3,0.835479
zyrtec,6,0.643200
