token,label,prob,sim_to_centroid
00,2,1.000000,0.217278
000,2,1.000000,0.312108
01,2,1.000000,0.449902
02,-1,0.000000,nan
03,2,1.000000,0.734795
04,2,1.000000,0.452795
05,2,0.979840,0.327719
08,2,1.000000,0.327389
10000_worth,-1,0.000000,nan
1000_worth,2,0.949293,0.600694
1000x_worse,2,1.000000,0.397823
100_certain,-1,0.000000,nan
100_unit,2,1.000000,0.099468
100_worth,-1,0.000000,nan
100cc,2,1.000000,0.573173
100k,2,1.000000,0.765405
100mg,2,1.000000,0.362520
100ml,2,1.000000,0.393829
100u,2,1.000000,0.144652
100x,2,0.964432,0.502484
100x_better,2,1.000000,0.463568
100x_worse,-1,0.000000,nan
10_12,2,1.000000,0.193553
10_15,2,0.956523,0.037092
10_22,2,1.000000,0.488481
10_lb,-1,0.000000,nan
10_month,0,1.000000,0.888387
10_pound,-1,0.000000,nan
10_week,0,0.916677,0.829414
10_year_ago,-1,0.000000,nan
10_year_old,-1,0.000000,nan
10pm,2,0.928599,0.108245
10x_worse,-1,0.000000,nan
11,2,1.000000,0.185444
111,2,1.000000,0.854271
115,2,0.943181,0.295401
11_year_old,-1,0.000000,nan
120,2,0.947780,0.314536
1200,2,1.000000,0.413403
120_pound,-1,0.000000,nan
125,2,1.000000,0.106954
125_unit,2,1.000000,0.365936
12_day,0,0.928108,0.890598
12_week,0,1.000000,0.879119
13_month,-1,0.000000,nan
13th,2,1.000000,0.483944
140,2,1.000000,0.401471
14_year_old_daughter,2,1.000000,0.677143
14k,2,1.000000,0.685785
15,2,1.000000,0.065435
150,2,1.000000,0.274842
1500,2,1.000000,0.352731
150_200,2,0.989496,0.667641
150_unit,2,1.000000,0.316539
150mg,2,1.000000,0.750229
15_20,2,0.960249,0.409182
15_month,0,1.000000,0.888793
15_pound,-1,0.000000,nan
15_second,-1,0.000000,nan
15_year,-1,0.000000,nan
15_year_old,-1,0.000000,nan
15mg,-1,0.000000,nan
160,2,0.943624,0.300589
160_unit,2,1.000000,0.729465
17_year_old,-1,0.000000,nan
18,-1,0.000000,nan
180,-1,0.000000,nan
1800,2,1.000000,0.522078
185,2,1.000000,0.413472
18_and_interest,-1,0.000000,nan
18_month_ago,-1,0.000000,nan
18_year,-1,0.000000,nan
18_year_or_old,-1,0.000000,nan
18f,-1,0.000000,nan
19,-1,0.000000,nan
190,2,1.000000,0.385048
1987,2,1.000000,0.778170
19_20,-1,0.000000,nan
19_or_20,2,0.930394,0.468678
19_year,-1,0.000000,nan
1_500,2,1.000000,0.443586
1_88,2,1.000000,0.723264
1_month,0,0.899847,0.864779
1l,2,1.000000,0.424658
2000,2,1.000000,0.359785
2005,-1,0.000000,nan
200_unit,2,1.000000,0.302735
2010,-1,0.000000,nan
2019_paper,2,1.000000,0.772560
20_mg,2,0.930513,0.277310
20_unit,-1,0.000000,nan
20_year,-1,0.000000,nan
20_year_old_female,2,1.000000,0.662780
20_year_old_male,2,1.000000,0.526922
20mg,2,0.995716,0.033506
20s,2,0.940579,0.139711
215,2,1.000000,0.604061
21f,-1,0.000000,nan
220,-1,0.000000,nan
22f,2,1.000000,0.406981
23_year_old_female,2,1.000000,0.635743
23f,-1,0.000000,nan
23rd,2,1.000000,0.454747
2400,2,1.000000,0.796394
24_7,-1,0.000000,nan
24_hour_post_op,-1,0.000000,nan
24_hour_test,-1,0.000000,nan
24_year_old,2,0.989365,0.357452
24f,2,0.934761,0.429183
250,2,1.000000,0.377873
25_each,-1,0.000000,nan
25_unit,2,1.000000,0.267735
25_year,2,0.937224,0.086313
25f,2,0.945740,0.528858
25mg,2,1.000000,0.620397
25th,2,1.000000,0.357729
26,2,0.938926,0.100043
26_year,2,0.961608,0.163728
26_year_old,2,1.000000,0.434976
26f,2,1.000000,0.635130
26m,2,0.953657,0.638314
26th,2,1.000000,0.401429
273,2,0.998805,0.784837
27_year_old,-1,0.000000,nan
27m,2,1.000000,0.615891
27th,2,1.000000,0.528968
28_year_old,2,0.942115,0.259516
28th,2,1.000000,0.517432
29_year_old,-1,0.000000,nan
29m,2,1.000000,0.703308
29th,2,1.000000,0.527942
2_3,2,0.930149,-0.109129
2_3x,-1,0.000000,nan
2_4,2,1.000000,0.027679
2_5,2,0.976031,0.151057
2_500,2,1.000000,0.727452
2_liter,-1,0.000000,nan
2_month,0,1.000000,0.930334
2_week,0,0.906809,0.895072
2_week_mark,-1,0.000000,nan
2cm,2,0.947093,0.579573
2k,2,1.000000,0.309623
2oz,2,1.000000,0.637725
2pm,2,0.958057,0.223337
300,2,1.000000,0.328215
3000,2,1.000000,0.381229
30_60_minute,-1,0.000000,nan
30_minute_late,-1,0.000000,nan
30_pound,-1,0.000000,nan
30_second,-1,0.000000,nan
30_unit,2,1.000000,0.207235
30_year,-1,0.000000,nan
30c,-1,0.000000,nan
30f,2,1.000000,0.705136
30m,2,1.000000,0.575176
30s,-1,0.000000,nan
30th,2,1.000000,0.470445
31_year,2,0.971006,0.406193
31_year_old,2,1.000000,0.662903
31st,2,1.000000,0.637845
3200,2,1.000000,0.578991
325,2,1.000000,0.712787
32_now,-1,0.000000,nan
32_year_old,-1,0.000000,nan
34_year_old,2,1.000000,0.713426
350,2,1.000000,0.416869
3500,2,1.000000,0.488639
35_year,-1,0.000000,nan
3600,2,1.000000,0.775484
38_year,2,0.953817,0.422888
38_year_old,2,1.000000,0.707331
3_4,2,1.000000,-0.089888
3_4_month,-1,0.000000,nan
3_day_ago,2,1.000000,0.390455
3_month,0,1.000000,0.846154
3_month_mark,-1,0.000000,nan
3_month_post_op,-1,0.000000,nan
3_week_ago,2,1.000000,0.343879
3_week_post_op,-1,0.000000,nan
3_year_ago,-1,0.000000,nan
3am,-1,0.000000,nan
3k,2,1.000000,0.366148
3km,2,1.000000,0.524230
3x,2,0.969772,0.185603
400,2,1.000000,0.278323
4000,2,1.000000,0.334355
40_mg,-1,0.000000,nan
40_unit,2,1.000000,0.303782
40_year,-1,0.000000,nan
40_year_old,2,1.000000,0.640050
40mg,2,1.000000,-0.003595
42_year,2,1.000000,0.645354
43,-1,0.000000,nan
450,2,1.000000,0.541304
45_degree,2,1.000000,0.634212
45_degree_angle,-1,0.000000,nan
46_year,2,0.998543,0.591715
47,-1,0.000000,nan
4_000,2,1.000000,0.509766
4_5,2,1.000000,-0.013882
4_5_inch,-1,0.000000,nan
4_5_month,0,0.920345,0.867112
4_5k,2,1.000000,0.538893
4_minute,-1,0.000000,nan
4_month,0,1.000000,0.950110
4_month_mark,2,0.977457,0.599121
4_month_third_125,-1,0.000000,nan
4_or_5,2,0.990580,0.108115
4cm,2,0.988672,0.501647
4k,2,1.000000,0.330370
4pm,2,0.977143,0.286952
50,2,0.934101,0.043963
500,2,1.000000,0.336853
5000,2,1.000000,0.415994
500mg,2,1.000000,0.650953
50_100,2,1.000000,0.179805
50_100_unit,2,0.976598,0.363032
50_mile,-1,0.000000,nan
50_unit,2,1.000000,0.063925
50_unit_with_lucy,2,1.000000,0.711729
50_unit_with_lucy_hicklin,2,1.000000,0.763730
50_year,-1,0.000000,nan
50kg,2,1.000000,0.649024
50mg,2,1.000000,0.303662
50ml,2,1.000000,0.332671
50u,2,1.000000,0.255044
50u_in_office,2,1.000000,0.735320
510,-1,0.000000,nan
511,-1,0.000000,nan
52_year,2,1.000000,0.773659
53_year,-1,0.000000,nan
550,2,1.000000,0.735164
5500,2,1.000000,0.826412
57,2,0.938988,0.241861
5_6,2,1.000000,0.055700
5_7,2,0.961927,0.272700
5_8,-1,0.000000,nan
5_hop,2,1.000000,0.688026
5_month,0,1.000000,0.943869
5_pound,-1,0.000000,nan
5_week,0,1.000000,0.967037
5_year_old,-1,0.000000,nan
5k,2,1.000000,0.362259
5pm,2,0.942398,0.153679
600,2,1.000000,0.217285
600_upfront,2,1.000000,0.839286
60_unit,2,1.000000,0.330408
60g,2,1.000000,0.605321
63,2,0.994842,0.572475
630,-1,0.000000,nan
64,-1,0.000000,nan
65,-1,0.000000,nan
650,2,1.000000,0.374741
65_unit,2,0.967222,0.438676
6_7,2,1.000000,0.054462
6_month,0,0.970406,0.772311
6_month_ago,-1,0.000000,nan
6_month_mark,-1,0.000000,nan
6_month_pregnant,-1,0.000000,nan
6_week_mark,-1,0.000000,nan
6th_grade,2,0.958342,0.548636
70,-1,0.000000,nan
700,2,1.000000,0.332923
70_unit,2,1.000000,0.311036
70_year,2,0.981810,0.670189
70s,-1,0.000000,nan
73,2,1.000000,0.760712
75,2,1.000000,0.146339
750,2,1.000000,0.356206
75_cc,2,1.000000,0.639765
75_or_100,2,1.000000,0.725359
75_unit,2,1.000000,0.196254
75_unit_under_general,-1,0.000000,nan
75_unit_with_doctor_bastian,2,1.000000,0.763259
75u,2,1.000000,0.406080
7_00,2,0.927861,0.676684
7_8,2,1.000000,0.148972
7_month,0,1.000000,0.927372
7_month_ago,2,0.949126,0.271282
7_month_fourth,-1,0.000000,nan
7_month_pregnant,-1,0.000000,nan
7_year_old,-1,0.000000,nan
7k,2,1.000000,0.732678
80,2,0.936082,0.088727
800,2,1.000000,0.341908
80_90,2,0.927820,0.518611
80_cure_rate,-1,0.000000,nan
80_of_people,-1,0.000000,nan
80_success_rate,2,1.000000,0.264511
80_unit,2,1.000000,0.214944
80u,2,1.000000,0.369956
816,2,1.000000,0.524889
820,2,1.000000,0.833405
8255,2,1.000000,0.890984
850,2,1.000000,0.337420
85_unit,2,0.956660,0.467759
860,2,1.000000,0.817364
88_unit,-1,0.000000,nan
89,2,1.000000,0.776036
8_14,2,0.952131,0.593327
8_9,2,0.932841,0.447632
8_day,0,1.000000,0.917804
8_month_pregnant,-1,0.000000,nan
8_year_old,-1,0.000000,nan
8oz,-1,0.000000,nan
8th,2,1.000000,0.424044
90,-1,0.000000,nan
900,2,1.000000,0.386583
90_degree,2,1.000000,0.002744
90_percent,-1,0.000000,nan
90_success_rate,-1,0.000000,nan
95,-1,0.000000,nan
950,2,1.000000,0.788390
95_unit,-1,0.000000,nan
99_99,2,1.000000,0.588950
9_month_pregnant,-1,0.000000,nan
9_year_old,-1,0.000000,nan
9am,2,1.000000,0.461707
a_acid_reducer,-1,0.000000,nan
a_daily_basis,-1,0.000000,nan
a_double_whammy,2,1.000000,0.482903
a_heat_pad,-1,0.000000,nan
a_hiatal_hernia,2,1.000000,-0.284330
a_life_changer,-1,0.000000,nan
a_roller_coaster,-1,0.000000,nan
a_small_hiatal,2,1.000000,-0.157519
a_speech_pathologist,-1,0.000000,nan
a_stomach_bug,-1,0.000000,nan
a_x_ray,-1,0.000000,nan
ab,2,1.000000,-0.382176
ab_exercise,-1,0.000000,nan
abd,2,1.000000,0.647376
abdomen,2,1.000000,-0.441153
abdomen_onto,-1,0.000000,nan
abdominal,2,0.943977,-0.306421
abdominal_area,-1,0.000000,nan
abdominal_bloat,-1,0.000000,nan
abdominal_cramp,-1,0.000000,nan
abdominal_discomfort,-1,0.000000,nan
abdominal_distension,-1,0.000000,nan
abdominal_distention,-1,0.000000,nan
abdominal_massage,-1,0.000000,nan
abdominal_muscle,2,1.000000,-0.358110
abdominal_pain,2,1.000000,-0.384889
abdominal_pressure,-1,0.000000,nan
abdominal_ultrasound,-1,0.000000,nan
abdomino_phrenic,2,0.929742,0.113685
aber,2,1.000000,0.092397
ability,-1,0.000000,nan
ability_to_belch,-1,0.000000,nan
ability_to_burp,-1,0.000000,nan
ability_to_sing,-1,0.000000,nan
able_to_burp,-1,0.000000,nan
able_to_burp_on_command,-1,0.000000,nan
able_to_enjoy,-1,0.000000,nan
able_to_get_rid,-1,0.000000,nan
abnormal,-1,0.000000,nan
abnormality,-1,0.000000,nan
about_3500,2,1.000000,0.505208
about_r_cpd,-1,0.000000,nan
above_average,-1,0.000000,nan
abrasion,2,0.997931,0.482681
abroad,2,1.000000,0.618310
absolutely_agree,-1,0.000000,nan
absolutely_disgust,2,1.000000,0.594234
absolutely_fine,-1,0.000000,nan
absolutely_life_change,-1,0.000000,nan
absolutely_love,-1,0.000000,nan
absolutely_miserable,-1,0.000000,nan
absolutely_terrible,-1,0.000000,nan
absolutely_terrify,-1,0.000000,nan
absolutely_worth,-1,0.000000,nan
absorb,2,0.970998,-0.308406
absorption,2,0.933247,-0.120862
abstract,-1,0.000000,nan
abuse,-1,0.000000,nan
academic,-1,0.000000,nan
academic_research,-1,0.000000,nan
accident,-1,0.000000,nan
accident_vomit,-1,0.000000,nan
accompany_by,-1,0.000000,nan
accomplishment,2,0.933206,0.461985
accord_to_doctor_bastian,-1,0.000000,nan
accumulate,2,0.951663,-0.302283
accuracy,2,0.951231,0.169292
accuse,-1,0.000000,nan
acetaminophen,2,1.000000,0.524039
achalasia,2,0.957303,-0.073385
ache,2,0.954243,-0.429478
achieve,-1,0.000000,nan
acid,-1,0.000000,nan
acid_erosion,-1,0.000000,nan
acid_food,2,1.000000,-0.260430
acid_medication,2,0.965865,0.154596
acid_production,-1,0.000000,nan
acid_reducer,2,1.000000,-0.037783
acid_reflux,-1,0.000000,nan
acid_reflux_gerd,-1,0.000000,nan
acid_reflux_medication,2,1.000000,0.069504
acid_reflux_pill,-1,0.000000,nan
acid_taste,-1,0.000000,nan
acidity,-1,0.000000,nan
acknowledge,-1,0.000000,nan
acne,-1,0.000000,nan
acquaintance,2,1.000000,0.556676
acquire,-1,0.000000,nan
acre_le,2,1.000000,0.555583
act_like,-1,0.000000,nan
act_up,-1,0.000000,nan
action,-1,0.000000,nan
activate,2,0.981633,-0.293924
activate_charcoal,-1,0.000000,nan
active,-1,0.000000,nan
active_ingredient,-1,0.000000,nan
activity,-1,0.000000,nan
actor,-1,0.000000,nan
actual_condition,2,0.991897,0.213779
actual_name,2,0.998026,0.580939
actual_vomit,-1,0.000000,nan
actually_enjoy,-1,0.000000,nan
acupuncturist,-1,0.000000,nan
acute,-1,0.000000,nan
adamant,-1,0.000000,nan
adams_apple,2,1.000000,-0.420750
add_sugar,2,0.976040,0.239380
adderall,-1,0.000000,nan
addiction,-1,0.000000,nan
address,-1,0.000000,nan
adenomyosis,-1,0.000000,nan
adhd,-1,0.000000,nan
adhd_medication,-1,0.000000,nan
adjustment_period,-1,0.000000,nan
adkins,2,1.000000,0.818234
administer,2,1.000000,0.209248
adolescence,-1,0.000000,nan
adolescent,-1,0.000000,nan
adrenaline,-1,0.000000,nan
adult,-1,0.000000,nan
adult_life,-1,0.000000,nan
adulthood,-1,0.000000,nan
adventure,-1,0.000000,nan
adverse_effect,-1,0.000000,nan
adverse_reaction,-1,0.000000,nan
adverse_side_effect,-1,0.000000,nan
advice_and_support,-1,0.000000,nan
advil,-1,0.000000,nan
advocacy,2,1.000000,0.738537
advocate,-1,0.000000,nan
advocate_for_yourself,-1,0.000000,nan
aerobic,-1,0.000000,nan
aerophagia,-1,0.000000,nan
aetna,2,1.000000,0.356499
afab,2,1.000000,0.638448
affair,2,0.979924,0.714115
affect,-1,0.000000,nan
affirm,-1,0.000000,nan
afflict,-1,0.000000,nan
afraid,-1,0.000000,nan
afraid_of_needle,-1,0.000000,nan
afraid_of_vomit,-1,0.000000,nan
afrin,-1,0.000000,nan
after_dinner,-1,0.000000,nan
after_eat,-1,0.000000,nan
after_extensive_conventional,2,0.938250,0.287851
after_lunch,-1,0.000000,nan
after_meal,-1,0.000000,nan
afternoon,2,0.954237,0.069537
afternoon_and_evening,2,1.000000,0.619854
afternoon_evening,-1,0.000000,nan
age_12,-1,0.000000,nan
age_18,-1,0.000000,nan
age_27,2,0.959867,0.622351
age_8,-1,0.000000,nan
aggravate,-1,0.000000,nan
agh,2,1.000000,0.737324
agitate,-1,0.000000,nan
agony,-1,0.000000,nan
agoraphobia,2,1.000000,0.640959
agree,-1,0.000000,nan
agreement,-1,0.000000,nan
ah_cool,2,1.000000,0.719981
ah_man,2,1.000000,0.633158
ah_wow,2,1.000000,0.776300
ahead_of_time,2,0.959517,0.543292
ahhh,-1,0.000000,nan
ahhhh,2,0.946698,0.625457
ahhhhh,2,1.000000,0.733111
aid,-1,0.000000,nan
ailment,-1,0.000000,nan
aimlee,2,1.000000,0.848709
air,-1,0.000000,nan
air_bubble,-1,0.000000,nan
air_buildup,-1,0.000000,nan
air_escape,-1,0.000000,nan
air_hunger,-1,0.000000,nan
air_inside,-1,0.000000,nan
air_pocket,-1,0.000000,nan
air_trap,-1,0.000000,nan
air_upwards,-1,0.000000,nan
air_vom,-1,0.000000,nan
air_vomit,-1,0.000000,nan
airway,-1,0.000000,nan
airy,-1,0.000000,nan
alan,2,1.000000,0.821072
albany_ny,2,1.000000,0.567470
alberta,2,1.000000,0.515074
albuterol_inhaler,2,1.000000,0.711668
alc,2,1.000000,0.623524
alcohol,2,1.000000,-0.310541
alcohol_caffeine,2,0.929350,0.303707
alcohol_coffee,2,1.000000,0.621194
alcoholic,2,1.000000,-0.014767
alcoholic_drink,2,1.000000,-0.010301
ale,2,1.000000,0.294546
alert,-1,0.000000,nan
alginate,-1,0.000000,nan
algoid,2,1.000000,0.517564
alignment,-1,0.000000,nan
alka_seltzer,-1,0.000000,nan
alka_seltzer_gum,2,1.000000,0.496677
alkaline,-1,0.000000,nan
alkaline_water,-1,0.000000,nan
all_honesty,-1,0.000000,nan
allergic_reaction,-1,0.000000,nan
allergist,-1,0.000000,nan
allergy,-1,0.000000,nan
allergy_medication,2,0.976981,0.527189
allergy_test,-1,0.000000,nan
alleviate,-1,0.000000,nan
almond_milk,2,1.000000,0.040217
almost_choke,-1,0.000000,nan
almost_cry,-1,0.000000,nan
almost_daily,-1,0.000000,nan
almost_entirely,-1,0.000000,nan
almost_every,-1,0.000000,nan
almost_every_bite,-1,0.000000,nan
almost_everyday,-1,0.000000,nan
almost_nonexistent,2,1.000000,0.431791
alotaibi,2,1.000000,0.877798
alternate_between,-1,0.000000,nan
alternative_medicine,-1,0.000000,nan
alternative_method,-1,0.000000,nan
amanda_hu,-1,0.000000,nan
amaze,-1,0.000000,nan
amazement,2,1.000000,0.640700
amazing,-1,0.000000,nan
amazon,-1,0.000000,nan
ambulatory,2,1.000000,0.758757
america,2,1.000000,0.452679
american,2,0.965693,0.398598
amersfoort,2,1.000000,0.548090
amitriptyline,2,0.955685,0.005450
amnesia,2,0.955673,0.745288
among_no_burper,2,1.000000,0.629218
among_us,-1,0.000000,nan
amount_of_air,-1,0.000000,nan
amount_of_gas,-1,0.000000,nan
amplify,-1,0.000000,nan
anaesthesia,2,1.000000,0.174324
anaesthetist,2,1.000000,0.336582
anaesthetist_come,-1,0.000000,nan
anatomical,-1,0.000000,nan
anatomy,-1,0.000000,nan
andrew,2,1.000000,0.806467
android,2,1.000000,0.856483
anecdotal,-1,0.000000,nan
anemia,-1,0.000000,nan
anemic,-1,0.000000,nan
anesthesia,2,0.966884,-0.109338
anesthesia_general,2,0.978096,0.166641
anesthesiologist,2,0.980176,0.157843
anesthesiologist_come,-1,0.000000,nan
anesthetic,2,1.000000,-0.038268
anesthetist,2,0.981526,0.315128
anesthetize,-1,0.000000,nan
anger,-1,0.000000,nan
angle,2,1.000000,-0.236539
angry,-1,0.000000,nan
anguish,2,1.000000,0.734414
announce,2,0.946338,0.652378
annoy,-1,0.000000,nan
annoyed,-1,0.000000,nan
anomaly,-1,0.000000,nan
anonymous,-1,0.000000,nan
anorexia,-1,0.000000,nan
anorexic,-1,0.000000,nan
another_dose,2,1.000000,0.159591
another_injection,2,1.000000,0.251515
another_round,2,1.000000,0.232451
another_shot,2,0.991308,0.276505
another_state,-1,0.000000,nan
answer_any_question,-1,0.000000,nan
antacid,2,1.000000,-0.185285
antegrade,-1,0.000000,nan
anterograde,-1,0.000000,nan
anthem,2,1.000000,0.441275
anthem_bcbs,2,1.000000,0.729340
anti_acid,2,0.995523,0.093548
anti_anxiety_med,-1,0.000000,nan
anti_anxiety_medication,-1,0.000000,nan
anti_depressant,-1,0.000000,nan
anti_gas,2,0.933443,0.276025
anti_gas_medication,-1,0.000000,nan
anti_gas_pill,2,0.937124,0.472572
anti_nausea,2,0.928968,0.041889
anti_nausea_medication,-1,0.000000,nan
anti_reflux,-1,0.000000,nan
anti_sickness,-1,0.000000,nan
antibiotic,2,0.964785,-0.188688
antidepressant,-1,0.000000,nan
antiemetic,-1,0.000000,nan
antihistamine,-1,0.000000,nan
antireflux,2,1.000000,0.571564
antispasmodic,2,1.000000,0.633109
anxiety,-1,0.000000,nan
anxiety_and_depression,-1,0.000000,nan
anxiety_and_panic_attack,-1,0.000000,nan
anxiety_attack,-1,0.000000,nan
anxiety_depression,-1,0.000000,nan
anxiety_disorder,-1,0.000000,nan
anxiety_induce,-1,0.000000,nan
anxiety_med,2,1.000000,0.654701
anxiety_medication,-1,0.000000,nan
anxiety_panic_attack,-1,0.000000,nan
anxiety_provoke,2,0.951983,0.386090
anxiety_related,-1,0.000000,nan
anxiety_spike,2,1.000000,0.567444
anxiety_surround,-1,0.000000,nan
anxious,-1,0.000000,nan
anxious_about,-1,0.000000,nan
anxious_person,-1,0.000000,nan
any_complication,-1,0.000000,nan
any_correlation,-1,0.000000,nan
any_guidance,2,1.000000,0.743988
any_pointer,2,1.000000,0.682895
any_sense,-1,0.000000,nan
anymore,-1,0.000000,nan
anything_carbonate,2,1.000000,-0.093023
anything_fizzy,2,1.000000,0.117764
anywhere_near,-1,0.000000,nan
apd,-1,0.000000,nan
appeal,2,1.000000,0.426927
appear_reasonable,2,0.978756,0.539054
appearance,-1,0.000000,nan
appease,2,1.000000,0.649609
appendicitis,-1,0.000000,nan
appendix,-1,0.000000,nan
appetite,-1,0.000000,nan
apple,2,1.000000,-0.267680
apple_juice,2,1.000000,-0.031082
apple_sauce,2,1.000000,0.022452
applesauce,2,1.000000,-0.029860
apply_pressure,-1,0.000000,nan
appointment,-1,0.000000,nan
appointment_with_doctor_bastian,-1,0.000000,nan
appointment_with_doctor_spiegel,2,1.000000,0.749561
appointment_with_lucy,2,1.000000,0.570142
appointment_with_lucy_hicklin,2,1.000000,0.510414
appointment_with_my_pcp,2,0.946464,0.727217
appreciate_any_input,2,1.000000,0.695707
appreciate_your_response,2,1.000000,0.732155
approval,2,1.000000,0.467762
approve,2,1.000000,0.417393
approximate,2,1.000000,0.721390
april_2024,2,1.000000,0.767070
april_23,2,1.000000,0.752715
apt,2,1.000000,0.368692
arch,2,0.980380,-0.277081
arduous,-1,0.000000,nan
are_not_all,2,1.000000,0.669162
are_not_alone,2,1.000000,0.359797
are_not_aware,-1,0.000000,nan
are_not_burp,-1,0.000000,nan
are_not_like,2,0.949899,0.375838
are_not_suffer,2,1.000000,0.629963
are_not_uncommon,2,1.000000,0.580685
arfid,-1,0.000000,nan
argh,2,1.000000,0.630488
arizona,2,1.000000,0.597574
arm,2,1.000000,-0.267174
arm_above,-1,0.000000,nan
armpit,-1,0.000000,nan
around_11,2,0.959097,0.385210
around_200,2,1.000000,0.590334
around_4k,2,1.000000,0.507060
around_600,2,1.000000,0.590879
around_80,-1,0.000000,nan
around_850,2,1.000000,0.328831
arrive,2,1.000000,0.287410
artery,-1,0.000000,nan
arthritis,-1,0.000000,nan
article,2,1.000000,0.190466
asap,-1,0.000000,nan
ashamed,-1,0.000000,nan
asleep,-1,0.000000,nan
asphyxiation,2,1.000000,0.502957
aspirate,-1,0.000000,nan
aspirin,-1,0.000000,nan
assembly,-1,0.000000,nan
assess,-1,0.000000,nan
assessment,2,1.000000,0.579559
assistant,2,1.000000,0.503794
associate,-1,0.000000,nan
associate_symptom,-1,0.000000,nan
associate_with_r_cpd,-1,0.000000,nan
association_between,2,0.943010,0.485888
assure,-1,0.000000,nan
asthma,-1,0.000000,nan
asthmatic,-1,0.000000,nan
asymptomatic,-1,0.000000,nan
athletic,-1,0.000000,nan
atlas,-1,0.000000,nan
atrophy,-1,0.000000,nan
attach,-1,0.000000,nan
attack,-1,0.000000,nan
attendant,2,1.000000,0.642272
attract,2,1.000000,0.571030
attractive,-1,0.000000,nan
attribute,-1,0.000000,nan
atypical,-1,0.000000,nan
audible,2,0.947516,-0.264758
audible_sound,-1,0.000000,nan
audition,2,0.963286,0.614038
august,2,1.000000,0.325121
august_2023,2,1.000000,0.742299
aujourdhui_concern_le_rcpd,2,0.987101,0.599510
aunt,-1,0.000000,nan
australia,2,1.000000,0.485223
australian,-1,0.000000,nan
austria,2,1.000000,0.322463
author,2,1.000000,0.352333
authorization,2,1.000000,0.684478
autism,-1,0.000000,nan
autistic,-1,0.000000,nan
autoimmune,-1,0.000000,nan
autoimmune_disease,-1,0.000000,nan
autoimmune_disorder,2,1.000000,0.690927
automatic,-1,0.000000,nan
autonomic,2,1.000000,0.547641
autonomic_nervous_system,-1,0.000000,nan
availability,2,1.000000,0.556102
available,2,1.000000,0.441176
avenue,-1,0.000000,nan
average,-1,0.000000,nan
average_person,-1,0.000000,nan
average_weight,-1,0.000000,nan
aversion,-1,0.000000,nan
aviva,2,0.967455,0.681041
avoid,-1,0.000000,nan
avoid_anything,-1,0.000000,nan
avoid_bread,-1,0.000000,nan
avoid_carbonate,2,0.949529,0.003739
avoid_carbonate_beverage,-1,0.000000,nan
avoid_carbonation,2,0.969225,0.077167
avoid_carbonation_alcohol_caffeine,-1,0.000000,nan
avoid_dairy,2,0.940441,0.565978
avoid_trigger,-1,0.000000,nan
aw,2,1.000000,0.266318
awake,2,0.974701,-0.097333
aware,-1,0.000000,nan
aware_of_r_cpd,2,1.000000,0.406234
awe,-1,0.000000,nan
awesome,2,1.000000,0.402293
awesome_congratulation,-1,0.000000,nan
awesome_news,2,1.000000,0.799108
awesome_to_hear,2,1.000000,0.450430
awful,-1,0.000000,nan
awh,2,1.000000,0.522576
awkward,-1,0.000000,nan
awkwardness,-1,0.000000,nan
aww,2,1.000000,0.225676
b1,2,1.000000,0.737652
b12,-1,0.000000,nan
b6,-1,0.000000,nan
b_b,-1,0.000000,nan
baba,2,1.000000,0.638749
baby,-1,0.000000,nan
baby_accord,2,0.977735,0.441594
baby_ibuprofen,2,1.000000,0.566789
baby_my_parent,-1,0.000000,nan
back_down,-1,0.000000,nan
back_to_normal,-1,0.000000,nan
background_check,-1,0.000000,nan
backstop,-1,0.000000,nan
baclofen,-1,0.000000,nan
bacon,2,1.000000,0.154051
bacteria,2,1.000000,-0.306123
bacteria_overgrowth,-1,0.000000,nan
bacterial,-1,0.000000,nan
bad,-1,0.000000,nan
bad_breath,-1,0.000000,nan
bad_habit,-1,0.000000,nan
bad_posture,-1,0.000000,nan
baffle,-1,0.000000,nan
baggy,-1,0.000000,nan
bah,2,1.000000,0.771474
bahama,2,1.000000,0.576325
bake,2,1.000000,0.303598
ball,-1,0.000000,nan
ball_roll,-1,0.000000,nan
ball_under_your_chin,-1,0.000000,nan
balloon,-1,0.000000,nan
balloon_dilation,2,0.982619,0.150522
ballottement,-1,0.000000,nan
banana,2,1.000000,-0.132737
bar,2,0.972985,0.070905
bare_minimum,2,1.000000,0.505357
barely_audible,-1,0.000000,nan
barely_eat,-1,0.000000,nan
barely_ever,-1,0.000000,nan
barely_notice,-1,0.000000,nan
barf,-1,0.000000,nan
barium,-1,0.000000,nan
barium_study,-1,0.000000,nan
barium_swallow,2,1.000000,0.004737
barium_swallow_and_manometry,2,1.000000,0.700101
barium_swallow_show,-1,0.000000,nan
barium_swallow_study,2,1.000000,0.283591
barium_swallow_test,2,1.000000,0.164922
barium_test,-1,0.000000,nan
bark,-1,0.000000,nan
barley,-1,0.000000,nan
barotrauma,-1,0.000000,nan
barret,-1,0.000000,nan
barrett,-1,0.000000,nan
barrett_esophagus,2,1.000000,-0.147229
basically_zero,-1,0.000000,nan
bastard,2,1.000000,0.625766
bastian,2,1.000000,0.325158
bastian_article,2,0.942461,0.741132
bastian_paper,2,1.000000,0.381563
bastian_rw,2,1.000000,0.668833
bastian_voice_institute,2,1.000000,0.458927
bastian_voice_institute_publish,2,1.000000,0.814793
bath,-1,0.000000,nan
bathroom,-1,0.000000,nan
bathroom_floor,-1,0.000000,nan
baxter,2,1.000000,0.561537
bay_area_california,2,1.000000,0.882309
baylor_scott,2,1.000000,0.724477
bbc_article,-1,0.000000,nan
bc,-1,0.000000,nan
bcbs,2,1.000000,0.380335
bcs,2,1.000000,0.623477
be_lactose_intolerant,-1,0.000000,nan
bean,2,1.000000,-0.230268
beano,2,1.000000,-0.017960
bearable,-1,0.000000,nan
beat,-1,0.000000,nan
because_of_r_cpd,-1,0.000000,nan
become_unbearable,-1,0.000000,nan
bed,2,0.991967,-0.211032
bed_riser,-1,0.000000,nan
bed_wedge,-1,0.000000,nan
bedridden,-1,0.000000,nan
bedside_manner,-1,0.000000,nan
bedtime,-1,0.000000,nan
beep,2,0.941610,0.542931
beer,2,0.957179,-0.147858
beer_cider,2,0.948639,0.436992
beer_drinker,2,1.000000,0.651603
beer_or_seltzer,2,1.000000,0.479595
before_bed,-1,0.000000,nan
before_bedtime,-1,0.000000,nan
beginner,-1,0.000000,nan
beginning,-1,0.000000,nan
beginning_of_august,2,1.000000,0.742694
beginning_of_november,2,1.000000,0.718320
behalf,2,1.000000,0.744312
behavior,-1,0.000000,nan
behind,2,1.000000,-0.168789
belch,-1,0.000000,nan
belch_reflex,-1,0.000000,nan
belief,2,0.927786,0.083897
believe,-1,0.000000,nan
believe_doctor_bastian,-1,0.000000,nan
bell_pepper,2,1.000000,-0.066295
belle,2,1.000000,0.772675
bellevue,2,1.000000,0.775414
bellevue_wa,2,1.000000,0.795384
belly,-1,0.000000,nan
belly_breath,-1,0.000000,nan
belly_breathe,-1,0.000000,nan
belly_button,2,1.000000,-0.221867
belong_here,-1,0.000000,nan
belt,-1,0.000000,nan
benadryl,-1,0.000000,nan
bench,-1,0.000000,nan
bench_press,-1,0.000000,nan
bend,2,1.000000,-0.324416
bend_down,2,1.000000,-0.302908
bend_forward,-1,0.000000,nan
bend_over,2,0.939315,-0.382536
bend_over_especially,2,1.000000,0.476459
beneath,2,0.927464,-0.169022
benefit,-1,0.000000,nan
benzo,-1,0.000000,nan
benzodiazepine,-1,0.000000,nan
berlin,2,1.000000,0.466096
berries,2,1.000000,-0.016223
beta_blocker,-1,0.000000,nan
betaine,-1,0.000000,nan
betaine_hcl,2,0.982159,0.599616
better_soon,-1,0.000000,nan
between_bite,2,1.000000,0.098415
beverage,2,1.000000,-0.146256
beyond_frustrate,2,1.000000,0.491127
bf,-1,0.000000,nan
bias,-1,0.000000,nan
big_belch,-1,0.000000,nan
big_bite,-1,0.000000,nan
big_breath,-1,0.000000,nan
big_complaint,2,1.000000,0.541722
big_concern,-1,0.000000,nan
big_deal,-1,0.000000,nan
big_difference,-1,0.000000,nan
big_dose,2,1.000000,0.262550
big_eater,2,1.000000,0.450150
big_fear,-1,0.000000,nan
big_gulp,-1,0.000000,nan
big_meal,-1,0.000000,nan
big_role,-1,0.000000,nan
bile,-1,0.000000,nan
bill,2,1.000000,0.258800
binder,-1,0.000000,nan
binge_eat,2,0.938965,0.421487
biofeedback,-1,0.000000,nan
biology,-1,0.000000,nan
biopsy,2,1.000000,-0.103452
birth,-1,0.000000,nan
birth_control,-1,0.000000,nan
birth_control_pill,-1,0.000000,nan
birth_defect,-1,0.000000,nan
bit_groggy,-1,0.000000,nan
bite,-1,0.000000,nan
bite_of_food,-1,0.000000,nan
bittersweet,2,1.000000,0.590487
bizarre,-1,0.000000,nan
black_coffee,2,0.979883,0.098918
blackout_drunk,-1,0.000000,nan
blah,2,1.000000,0.427174
bland_diet,-1,0.000000,nan
bland_food,-1,0.000000,nan
blanket,-1,0.000000,nan
bleb,2,1.000000,0.622386
blend,2,1.000000,-0.039479
blender,2,0.950579,0.244912
bless,-1,0.000000,nan
blessing,-1,0.000000,nan
blissful,-1,0.000000,nan
bloat,-1,0.000000,nan
bloat_and_distension,-1,0.000000,nan
bloat_belly,-1,0.000000,nan
bloat_flatulence,-1,0.000000,nan
bloatedness,-1,0.000000,nan
block,2,0.973971,-0.472304
block_nose,-1,0.000000,nan
blockage,-1,0.000000,nan
blog,2,1.000000,0.518824
blood_draw,-1,0.000000,nan
blood_sugar,-1,0.000000,nan
blood_test,2,1.000000,0.032064
blood_work,2,1.000000,0.091523
bloodwork,2,0.965842,0.299170
blow_away,-1,0.000000,nan
blow_up,-1,0.000000,nan
blue_color,2,0.987282,0.605378
blue_cross,2,1.000000,0.487878
blue_cross_blue_shield,2,1.000000,0.427854
blue_ridge,2,1.000000,0.663668
blue_shield,2,1.000000,0.564015
blueberry,2,1.000000,0.116987
bluecross,2,1.000000,0.803755
bm,2,0.939604,0.238885
bmi,-1,0.000000,nan
bmi_alexandra,2,1.000000,0.810957
bmi_blackheath,2,1.000000,0.395119
boatload,2,1.000000,0.729232
bob,-1,0.000000,nan
bodily,-1,0.000000,nan
bodily_function,-1,0.000000,nan
body_dysmorphia,-1,0.000000,nan
body_image,-1,0.000000,nan
body_itch,2,1.000000,0.446505
body_position,-1,0.000000,nan
bodybuilder,2,1.000000,0.651087
bone,2,0.991699,-0.364960
bone_broth,2,1.000000,0.051137
bonjour_avoir_vous_recut,2,1.000000,0.184902
book,2,1.000000,0.376972
book_in_with_lucy,2,1.000000,0.695154
bordello,2,1.000000,0.787656
borderline_underweight,2,1.000000,0.587683
boring,-1,0.000000,nan
boston_area,2,1.000000,0.698894
both_r_cpd,-1,0.000000,nan
bothersome,-1,0.000000,nan
botox,-1,0.000000,nan
botox_for_dysphagia,2,0.972812,0.201061
botox_injection,-1,0.000000,nan
botox_itself,2,1.000000,0.128443
botox_iversary,2,1.000000,0.663966
botox_migrate,-1,0.000000,nan
botox_treatment,-1,0.000000,nan
botox_wear_off,-1,0.000000,nan
bottle,2,1.000000,-0.081847
bottle_of_sprite,2,0.945740,0.611509
bottle_of_water,2,0.939769,0.053701
bottom,2,1.000000,-0.260577
bottom_jaw,2,0.998022,-0.044899
bottom_tooth,-1,0.000000,nan
botulinum,-1,0.000000,nan
botulinum_toxin,-1,0.000000,nan
botulinum_toxin_injection,2,1.000000,0.496886
bounce_up,-1,0.000000,nan
bout,2,0.960969,-0.408422
bout_of_food_poison,2,1.000000,0.614793
bout_of_nausea,-1,0.000000,nan
bowel,2,1.000000,-0.445755
bowel_cramp,-1,0.000000,nan
bowel_issue,-1,0.000000,nan
bowel_movement,-1,0.000000,nan
bowel_problem,-1,0.000000,nan
bowl,2,1.000000,-0.036104
bowl_of_pasta,2,1.000000,0.514658
boy_6,2,1.000000,0.680076
bp,-1,0.000000,nan
bpd,2,1.000000,0.626650
bracket,2,1.000000,0.684652
brag,2,1.000000,0.634468
bragg,2,1.000000,0.870574
brain_fog,-1,0.000000,nan
brass,2,1.000000,0.601425
bravery,2,1.000000,0.698215
bread,2,1.000000,-0.284106
break,-1,0.000000,nan
break_down,-1,0.000000,nan
breakfast,2,1.000000,-0.099314
breast_bone,2,1.000000,0.483461
breastbone,-1,0.000000,nan
breath,-1,0.000000,nan
breath_test,2,1.000000,0.134041
breathe,-1,0.000000,nan
breathe_deep,-1,0.000000,nan
breathe_exercise,-1,0.000000,nan
breathe_issue,-1,0.000000,nan
breathe_proper,-1,0.000000,nan
breathe_technique,-1,0.000000,nan
breathe_through,-1,0.000000,nan
breathe_tube,-1,0.000000,nan
breathless,2,0.938622,-0.523354
breathy,2,0.967785,0.420297
breed,2,1.000000,0.739815
breeze,2,1.000000,0.111924
brethren,2,1.000000,0.674616
bridgetown,2,1.000000,0.639517
brigham_and_woman,2,1.000000,0.836586
brilliant,2,0.931451,0.535381
bring_myself,-1,0.000000,nan
brisbane,2,1.000000,0.526234
brisk_walk,-1,0.000000,nan
brit,2,1.000000,0.882672
broad,-1,0.000000,nan
broccoli,2,1.000000,-0.152009
bronchitis,-1,0.000000,nan
broomfield,2,1.000000,0.761654
brother,2,0.985500,0.057699
browser,-1,0.000000,nan
bruh,2,0.983026,0.650488
bruise,-1,0.000000,nan
brunch,-1,0.000000,nan
brush_my,-1,0.000000,nan
bsw,2,1.000000,0.491598
btx,-1,0.000000,nan
bub,-1,0.000000,nan
bubble,-1,0.000000,nan
bubble_of_air,-1,0.000000,nan
bubble_pop,-1,0.000000,nan
bubble_stuck,-1,0.000000,nan
bubbly,-1,0.000000,nan
bubbly_drink,2,1.000000,0.311420
bubbly_water,2,1.000000,0.196211
bucket,-1,0.000000,nan
budget,2,1.000000,0.514253
bueno,-1,0.000000,nan
buffet,-1,0.000000,nan
bugger,2,1.000000,0.749806
build_up,-1,0.000000,nan
build_up_of_air,-1,0.000000,nan
build_up_of_gas,-1,0.000000,nan
build_up_pressure,-1,0.000000,nan
building_up,2,0.968094,-0.313536
buildup,-1,0.000000,nan
buildup_of_gas,-1,0.000000,nan
bulb,2,1.000000,0.588492
bulge,-1,0.000000,nan
bulimia,-1,0.000000,nan
bullfrog,2,0.936070,0.461436
bullying,2,1.000000,0.448272
bummer,-1,0.000000,nan
bun,2,1.000000,0.512051
bupa,2,1.000000,0.318520
burden,-1,0.000000,nan
burn,-1,0.000000,nan
burn_sensation,-1,0.000000,nan
burp,-1,0.000000,nan
burp_contest,-1,0.000000,nan
burp_on_command,-1,0.000000,nan
burper,-1,0.000000,nan
burpiversary,2,1.000000,0.720573
burrito,-1,0.000000,nan
burst,2,0.933160,-0.363886
burst_of_air,-1,0.000000,nan
buspirone,-1,0.000000,nan
butt,2,0.946162,-0.248507
butter,2,1.000000,-0.195748
butterfly,-1,0.000000,nan
bvi,2,0.984089,0.315221
by_accident,-1,0.000000,nan
by_comparison,-1,0.000000,nan
by_contract,-1,0.000000,nan
by_doctor_bastian,2,1.000000,0.377801
by_surprise,-1,0.000000,nan
bye_bye,-1,0.000000,nan
byproduct,-1,0.000000,nan
cabbage,2,1.000000,-0.113513
cabinet,-1,0.000000,nan
cable,-1,0.000000,nan
cad,2,1.000000,0.366395
cafeteria,2,1.000000,0.564152
caffeine,2,1.000000,-0.261574
caffeine_alcohol,2,1.000000,0.212518
calcium_carbonate,-1,0.000000,nan
calculation,2,1.000000,0.690236
calf,-1,0.000000,nan
california,2,1.000000,0.467330
calm_myself,-1,0.000000,nan
caloric,-1,0.000000,nan
camera,2,1.000000,-0.144571
camera_down,2,0.947073,0.031553
camera_through,2,0.991959,0.011236
camera_up,2,1.000000,0.001000
campus,-1,0.000000,nan
can_afford,2,0.965641,0.403019
can_attest,-1,0.000000,nan
can_relate,-1,0.000000,nan
canada,2,1.000000,0.420499
cancel,-1,0.000000,nan
cancel_plan,-1,0.000000,nan
cancellation,2,0.951416,0.374853
cancer,2,0.933203,-0.125619
candida,2,0.995088,-0.135589
candida_overgrowth,-1,0.000000,nan
candle,-1,0.000000,nan
candy,2,1.000000,-0.206519
canker_sore,-1,0.000000,nan
cannot_believe,2,0.932345,0.334430
cannot_burp_on_command,2,1.000000,0.442554
cannot_emphasize,2,1.000000,0.634608
cannot_wait,2,1.000000,0.651340
cannula,-1,0.000000,nan
capable,-1,0.000000,nan
capitalize,2,1.000000,0.591854
capsule,-1,0.000000,nan
car,2,0.942674,-0.075685
car_sickness,-1,0.000000,nan
carafe,-1,0.000000,nan
carbohydrate,2,1.000000,-0.225048
carbon_dioxide,-1,0.000000,nan
carbonate,2,1.000000,-0.145799
carbonate_alcoholic,2,1.000000,0.328880
carbonate_antacid,-1,0.000000,nan
carbonate_beverage,2,1.000000,-0.096459
carbonate_drink,2,1.000000,-0.197538
carbonate_drink_alcohol,2,1.000000,0.480141
carbonate_drink_and_alcohol,2,0.939029,0.378652
carbonate_mixer,2,0.995559,0.333010
carbonate_water,2,1.000000,0.008868
carbonation,2,1.000000,-0.160406
card,2,1.000000,0.528052
cardiac,2,0.963447,-0.151069
cardio,-1,0.000000,nan
cardiologist,-1,0.000000,nan
care,-1,0.000000,nan
care_about,-1,0.000000,nan
careful,-1,0.000000,nan
careless,2,1.000000,0.614390
carolina,2,1.000000,0.847381
carrot,2,1.000000,-0.086670
carry_out,2,0.976691,0.435647
carsick,-1,0.000000,nan
cartilage,2,1.000000,-0.271392
cartoon,-1,0.000000,nan
cascade_stomach,-1,0.000000,nan
case_of_r_cpd,-1,0.000000,nan
case_study,2,1.000000,0.315144
cash,2,1.000000,0.372705
casual_mention,2,1.000000,0.637981
cat_cow,2,0.997568,0.450993
cat_scan,-1,0.000000,nan
catalyst,2,1.000000,0.687878
catastrophic,2,1.000000,0.481447
catathrenia,2,1.000000,0.537457
catch,-1,0.000000,nan
categorize,-1,0.000000,nan
cathartic,2,1.000000,0.626059
catheter,-1,0.000000,nan
cauliflower,2,1.000000,-0.014890
causal,-1,0.000000,nan
causation,-1,0.000000,nan
cause,-1,0.000000,nan
cause_barrett,-1,0.000000,nan
cause_by,2,0.930052,-0.374787
cause_by_r_cpd,2,0.991473,-0.083155
cause_constipation,-1,0.000000,nan
cause_inflammation,-1,0.000000,nan
cause_r_cpd,2,0.955659,-0.233257
caustic,2,0.988543,0.438654
cautious_about,-1,0.000000,nan
cautious_optimistic,2,1.000000,0.698610
cbd,-1,0.000000,nan
cbd_oil,-1,0.000000,nan
cbg,2,1.000000,0.715261
cc,2,0.974589,0.214665
cd,-1,0.000000,nan
ce_que,2,1.000000,0.723900
ceiling,2,1.000000,-0.016289
ceiling_hold,-1,0.000000,nan
ceiling_stretch,2,0.984407,0.657296
celery,2,1.000000,-0.008085
celiac,2,0.995088,-0.125358
celiac_disease,2,1.000000,-0.128575
celsius,2,1.000000,0.427952
cereal,2,1.000000,-0.219277
certain_food,2,0.938143,-0.337236
certain_position,2,0.993501,-0.177947
certain_situation,-1,0.000000,nan
certain_type,-1,0.000000,nan
certain_way,2,1.000000,-0.210897
cervical,-1,0.000000,nan
chair,2,1.000000,-0.187523
chalk_up,-1,0.000000,nan
challenge,-1,0.000000,nan
champagne,2,1.000000,0.087311
chance_of_develop,-1,0.000000,nan
charcoal,-1,0.000000,nan
charge,2,1.000000,0.308904
charite_berlin,2,1.000000,0.812435
charm,-1,0.000000,nan
chart,-1,0.000000,nan
chase,2,0.942348,-0.004924
chase_each_bite,2,1.000000,0.588581
chase_every,2,0.998669,0.575395
chase_with_water,2,1.000000,-0.080991
chaser,2,1.000000,0.029379
chat,-1,0.000000,nan
cheadle,2,1.000000,0.513141
cheap_option,2,1.000000,0.397165
checkout,-1,0.000000,nan
checkup,2,0.976610,0.652072
cheek,2,0.938125,-0.252473
cheer_cheer_dance,2,0.947192,0.194257
cheer_cheer_dance_syndrome,-1,0.000000,nan
cheese,2,1.000000,-0.177264
cheesecake,2,1.000000,0.679406
chelsea,2,1.000000,0.412412
chelsea_outpatient_center,2,1.000000,0.688319
cherryhill,2,1.000000,0.873677
chest,2,1.000000,-0.505845
chest_area,2,0.989757,-0.333534
chest_cavity,2,0.942080,-0.230072
chest_hurt,2,1.000000,0.439949
chest_pain,2,1.000000,-0.495429
chest_pressure,2,1.000000,-0.450147
chest_tightness,2,1.000000,-0.333508
chest_x_ray,2,1.000000,-0.055372
chest_xray,-1,0.000000,nan
chew,2,1.000000,-0.252938
chew_everything,2,1.000000,-0.082818
chew_gum,2,0.937703,-0.238132
chew_thorough,2,1.000000,0.186249
chew_well,2,1.000000,-0.060115
chewable,2,1.000000,-0.022138
chewable_tablet,-1,0.000000,nan
chi,2,0.993753,0.752145
chiari,2,1.000000,0.566278
chicago_with_doctor_bastian,2,0.995762,0.668625
chick,-1,0.000000,nan
chicken_and_egg,-1,0.000000,nan
chickpea,2,1.000000,0.372077
chihuahua,2,1.000000,0.650254
child,2,0.988829,-0.166174
child_hospital,2,1.000000,0.603454
child_liquid_ibuprofen,2,1.000000,0.570349
child_pose,-1,0.000000,nan
childhood,2,0.988829,-0.289344
childhood_trauma,-1,0.000000,nan
chile,2,1.000000,0.848471
chin,2,1.000000,-0.217589
chin_down,2,1.000000,-0.213960
chin_forward,-1,0.000000,nan
chin_tuck,-1,0.000000,nan
chin_up,-1,0.000000,nan
china,2,1.000000,0.660133
chip_tooth,-1,0.000000,nan
chiropractor,-1,0.000000,nan
chirp,2,1.000000,0.512272
chloride,-1,0.000000,nan
chocolate,2,1.000000,-0.196406
chocolate_factory,2,1.000000,0.753857
chocolate_milk,2,0.929603,0.204257
choke,-1,0.000000,nan
choke_episode,-1,0.000000,nan
choke_sensation,-1,0.000000,nan
choke_to_death,-1,0.000000,nan
choo,2,1.000000,0.732126
christchurch,2,1.000000,0.895567
christmas_dinner,-1,0.000000,nan
chron,2,1.000000,0.686889
chronic,2,0.986167,-0.356757
chronic_acid_reflux,-1,0.000000,nan
chronic_constipation,-1,0.000000,nan
chronic_cough,-1,0.000000,nan
chronic_fatigue,-1,0.000000,nan
chronic_gastritis,-1,0.000000,nan
chronic_illness,-1,0.000000,nan
chronic_inability,-1,0.000000,nan
chronic_migraine,-1,0.000000,nan
chronic_nausea,2,0.942100,-0.283975
chronic_pain,-1,0.000000,nan
chronic_reflux,-1,0.000000,nan
chronic_sinusitis,-1,0.000000,nan
chubby,-1,0.000000,nan
chuck,2,0.935482,0.632432
chug,2,0.982779,-0.108306
chug_anything,-1,0.000000,nan
chug_beer,-1,0.000000,nan
chug_liquid,-1,0.000000,nan
chug_sprite,2,1.000000,0.706475
chug_water,-1,0.000000,nan
chunky,2,1.000000,0.649448
churn,-1,0.000000,nan
chyme,-1,0.000000,nan
cider,2,1.000000,0.019303
cigar,2,0.995071,0.652566
cigarette,-1,0.000000,nan
cigna,2,1.000000,0.369569
cinnamon,2,0.964013,0.246070
circular,-1,0.000000,nan
circular_motion,-1,0.000000,nan
circulate,-1,0.000000,nan
circulation,-1,0.000000,nan
citizen,2,1.000000,0.553895
citrus,2,1.000000,0.045096
clair_shore_michigan,2,1.000000,0.827487
clap,-1,0.000000,nan
classic_case,2,0.947629,0.584634
classic_rcpd,-1,0.000000,nan
classic_symptom,-1,0.000000,nan
classical,-1,0.000000,nan
classy,2,1.000000,0.621573
clavicle,-1,0.000000,nan
clean,-1,0.000000,nan
clear_up,-1,0.000000,nan
clearance,-1,0.000000,nan
clench,2,0.980540,-0.468703
cleveland_clinic,2,1.000000,0.646084
click_on_menu,2,0.977803,0.685931
click_sound,-1,0.000000,nan
client,-1,0.000000,nan
clinch,2,1.000000,0.703495
clinic,2,1.000000,0.389663
clinical,2,1.000000,0.240154
cloche,2,1.000000,0.640138
clonazepam,2,1.000000,0.444641
closure,2,1.000000,0.560268
clothes,-1,0.000000,nan
cloud,-1,0.000000,nan
clueless,-1,0.000000,nan
cluster,2,1.000000,0.563781
co,2,1.000000,0.418192
co2,-1,0.000000,nan
co_insurance,2,1.000000,0.789678
co_occur,-1,0.000000,nan
co_pay,2,1.000000,0.355178
coat,-1,0.000000,nan
coax,-1,0.000000,nan
cobra,-1,0.000000,nan
cobra_pose,-1,0.000000,nan
cock,2,0.958392,0.605473
cocktail,2,1.000000,-0.117503
coconut,2,1.000000,0.098757
coconut_oil,2,0.976380,0.434625
code,2,1.000000,0.187678
codeine,-1,0.000000,nan
coffee,2,1.000000,-0.318961
coffee_tea,2,1.000000,0.279933
cognitive,2,0.954162,0.595172
coincide,-1,0.000000,nan
coincidence,-1,0.000000,nan
coinsurance,2,1.000000,0.587832
coke,2,1.000000,-0.054347
coke_zero,2,0.952361,0.527125
cola,2,1.000000,-0.062967
cold,-1,0.000000,nan
cold_brew,-1,0.000000,nan
cold_sweat,-1,0.000000,nan
cold_weather,-1,0.000000,nan
colic,2,0.988829,-0.182583
colitis,-1,0.000000,nan
collaborate,2,1.000000,0.701591
collapse,-1,0.000000,nan
collar,-1,0.000000,nan
collar_bone,2,0.973784,-0.168889
collarbone,2,1.000000,-0.213597
collection,-1,0.000000,nan
colon,2,1.000000,-0.343673
colonic,2,0.932288,-0.113048
colonoscopy,2,1.000000,-0.016441
colonoscopy_and_endoscopy,-1,0.000000,nan
colonoscopy_endoscopy,2,0.995533,0.203066
columbia,2,1.000000,0.627110
com,2,1.000000,0.399412
combination,-1,0.000000,nan
combination_of_both,-1,0.000000,nan
come_across,2,1.000000,0.270138
come_across_this_subreddit,2,0.972073,0.513474
come_back_negative,2,1.000000,0.167912
come_home,-1,0.000000,nan
come_natural,-1,0.000000,nan
come_out,-1,0.000000,nan
come_out_natural,-1,0.000000,nan
come_out_of_nowhere,-1,0.000000,nan
comedy,2,1.000000,0.545643
comfortability,2,1.000000,0.526863
comfy,-1,0.000000,nan
command,-1,0.000000,nan
comment_below,2,0.946605,0.374342
comment_section,2,0.991093,0.526249
commit,-1,0.000000,nan
common,-1,0.000000,nan
common_incorrect,-1,0.000000,nan
common_symptom,-1,0.000000,nan
common_theme,-1,0.000000,nan
common_with_r_cpd,2,1.000000,0.564029
community,2,1.000000,0.251402
commute,-1,0.000000,nan
comorbidity,-1,0.000000,nan
compensate,-1,0.000000,nan
compile,2,1.000000,0.544905
complacent,2,1.000000,0.554806
complaint,-1,0.000000,nan
complete_agree,-1,0.000000,nan
complete_change,-1,0.000000,nan
complete_empty,-1,0.000000,nan
complete_fine,-1,0.000000,nan
complete_ignore,2,1.000000,0.522374
complete_silent,-1,0.000000,nan
complete_understand,-1,0.000000,nan
complete_unrelated,-1,0.000000,nan
complete_upright,-1,0.000000,nan
complex,-1,0.000000,nan
complicate_thing,2,1.000000,0.637044
complicated,-1,0.000000,nan
complication,-1,0.000000,nan
composition,2,1.000000,0.648061
compress,2,1.000000,-0.298301
compressible,-1,0.000000,nan
compression,-1,0.000000,nan
compromise,-1,0.000000,nan
compulsive,2,1.000000,0.345031
concave,-1,0.000000,nan
conceptualize,2,0.960914,0.524640
concern,-1,0.000000,nan
concern_about,-1,0.000000,nan
concert,2,0.928094,-0.076063
conclude_that,-1,0.000000,nan
concrete,-1,0.000000,nan
concurrent,-1,0.000000,nan
condition,-1,0.000000,nan
condition_summary,-1,0.000000,nan
conduct,2,1.000000,0.407307
conduct_by,-1,0.000000,nan
confident,-1,0.000000,nan
confirm_diagnosis,-1,0.000000,nan
confront,-1,0.000000,nan
confuse,-1,0.000000,nan
congested,-1,0.000000,nan
congestion,-1,0.000000,nan
congratulation,2,1.000000,0.359321
conjecture,-1,0.000000,nan
conjunction,-1,0.000000,nan
connect,-1,0.000000,nan
connecticut,2,1.000000,0.557525
connection,-1,0.000000,nan
connection_between,-1,0.000000,nan
connection_between_r_cpd,2,1.000000,0.548430
connective_tissue,-1,0.000000,nan
connective_tissue_disease,-1,0.000000,nan
connective_tissue_disorder,2,1.000000,-0.068963
conquer,-1,0.000000,nan
conscious,-1,0.000000,nan
consent_form,-1,0.000000,nan
conservative,-1,0.000000,nan
consistent,-1,0.000000,nan
conspiracy,2,0.953129,0.680512
constant,-1,0.000000,nan
constant_discomfort,-1,0.000000,nan
constant_nausea,2,0.944595,-0.257386
constipate,-1,0.000000,nan
constipation,2,0.949840,-0.359010
constipation_diarrhoea,-1,0.000000,nan
constrict,2,0.985180,-0.437921
constriction,-1,0.000000,nan
consult,2,1.000000,0.300144
consultant,2,1.000000,0.363969
consultant_who,2,1.000000,0.390523
consultation,2,1.000000,0.286425
consultation_appointment,2,1.000000,0.506582
consultation_with_mr,2,1.000000,0.839216
consume,2,0.931315,-0.221536
contact,2,1.000000,0.351112
contact_her,2,1.000000,0.566467
contact_info,2,1.000000,0.569197
contact_them,2,1.000000,0.446025
contain,2,1.000000,-0.144844
contemplate,-1,0.000000,nan
content,-1,0.000000,nan
context,-1,0.000000,nan
context_of_r_cpd,2,1.000000,0.560780
continue,-1,0.000000,nan
continue_to_improve,-1,0.000000,nan
continue_to_update,-1,0.000000,nan
contort,-1,0.000000,nan
contract,2,1.000000,-0.408068
contractility,2,0.929166,0.433346
contraction,2,0.938818,-0.359074
contradictory,-1,0.000000,nan
contrast,-1,0.000000,nan
contribute,2,0.957549,-0.208526
contribute_factor,-1,0.000000,nan
contribute_to_develop,-1,0.000000,nan
contribute_towards,-1,0.000000,nan
contributor,-1,0.000000,nan
control,-1,0.000000,nan
control_over,-1,0.000000,nan
control_them,-1,0.000000,nan
controllable,-1,0.000000,nan
conversation,-1,0.000000,nan
convince_my_parent,-1,0.000000,nan
convince_them,-1,0.000000,nan
cook,2,1.000000,-0.087478
cool,-1,0.000000,nan
cool_to_hear,2,0.932609,0.488526
coordinate,-1,0.000000,nan
coordination,-1,0.000000,nan
coordinator,2,1.000000,0.802162
copay,2,1.000000,0.355895
cope,-1,0.000000,nan
copy,2,1.000000,0.404636
copy_and_paste,2,1.000000,0.605552
copy_of_doctor,-1,0.000000,nan
cord,-1,0.000000,nan
core,2,0.964270,-0.414057
core_exercise,-1,0.000000,nan
core_muscle,-1,0.000000,nan
core_strength,-1,0.000000,nan
core_strengthen,2,0.935528,0.487984
cork,-1,0.000000,nan
coronavirus,-1,0.000000,nan
correct,-1,0.000000,nan
correct_muscle,-1,0.000000,nan
correction,-1,0.000000,nan
correlate,-1,0.000000,nan
correlation,2,0.970845,-0.234396
correlation_between,-1,0.000000,nan
correlation_between_r_cpd,2,0.949179,0.563394
cortisol,-1,0.000000,nan
cosentino,2,1.000000,0.851516
cost,2,1.000000,0.204494
cost_850,2,0.983989,0.317072
cost_estimate,2,1.000000,0.624336
costco,2,0.949724,0.693692
costochondritis,-1,0.000000,nan
couch,2,1.000000,-0.215052
cough,-1,0.000000,nan
cough_drop,-1,0.000000,nan
cough_fit,-1,0.000000,nan
could_potential,-1,0.000000,nan
counseling,-1,0.000000,nan
counter_medication,-1,0.000000,nan
counteract,-1,0.000000,nan
counterproductive,-1,0.000000,nan
country,2,1.000000,0.309708
couple_day,2,0.943250,0.535531
couple_month,-1,0.000000,nan
courage,-1,0.000000,nan
cousin,2,0.934179,-0.045653
cover_by,2,1.000000,0.394587
cover_by_insurance,2,1.000000,0.398551
cover_everything_except,2,1.000000,0.548721
cover_under,2,1.000000,0.548752
coverage,2,1.000000,0.412308
covid_test,-1,0.000000,nan
cow_milk,2,0.938390,0.474980
cp,2,1.000000,-0.205964
cp_muscle,2,1.000000,-0.196566
cpd,2,1.000000,0.045871
cpt,2,1.000000,0.629499
crackle,-1,0.000000,nan
cramp,2,1.000000,-0.507006
cranberry,2,1.000000,0.021880
cranberry_juice,2,1.000000,0.226678
crane,2,1.000000,-0.012557
crappy,-1,0.000000,nan
crazy,-1,0.000000,nan
cream,2,1.000000,-0.114195
creamer,-1,0.000000,nan
creamy,2,1.000000,0.127760
create_gas,-1,0.000000,nan
credence,-1,0.000000,nan
cricoid,2,0.972411,-0.123377
cricoid_cartilage,2,0.976994,0.027814
cricoid_massage,2,1.000000,0.016149
cricoid_muscle,2,0.986165,-0.202109
cricopharangeal,-1,0.000000,nan
cricopharyngeal,-1,0.000000,nan
cricopharyngeal_achalasia,2,1.000000,0.755128
cricopharyngeal_bar,2,1.000000,0.823779
cricopharyngeal_dysfunction,2,0.929426,-0.019760
cricopharyngeal_muscle,2,1.000000,-0.260052
cricopharyngeal_myotomy,-1,0.000000,nan
cricopharyngeal_spasm,2,0.967598,0.581392
cricopharyngeous,-1,0.000000,nan
cricopharyngeus,2,1.000000,-0.252598
cricopharyngeus_muscle,2,1.000000,-0.162864
cricothyroid_muscle,2,0.967109,0.593923
crier,2,1.000000,0.644631
cringe,-1,0.000000,nan
cripple,-1,0.000000,nan
croak,2,0.964936,-0.369705
croak_noise,2,0.964936,-0.407052
croak_sound,-1,0.000000,nan
croaker,-1,0.000000,nan
crohn,2,1.000000,-0.056950
croissant,2,0.958685,0.578257
crooked,-1,0.000000,nan
cross_country,-1,0.000000,nan
crouch,2,1.000000,-0.220838
croydon,2,1.000000,0.310116
cruciferous_vegetable,2,1.000000,-0.174352
cruel,-1,0.000000,nan
crumbly,2,0.986790,0.576706
crunch,2,0.974795,-0.319369
crush,-1,0.000000,nan
crusty_bread,2,0.962004,0.408714
cry,-1,0.000000,nan
crystal,-1,0.000000,nan
crystal_clear,-1,0.000000,nan
ct,2,1.000000,0.315826
ct_scan,2,1.000000,-0.069597
cucumber,2,1.000000,-0.224398
cuddle,-1,0.000000,nan
cue,-1,0.000000,nan
culprit,-1,0.000000,nan
cup,2,1.000000,-0.150710
cup_of_coffee,-1,0.000000,nan
cup_of_ice,2,1.000000,0.561053
cup_of_water,-1,0.000000,nan
cure_rate,-1,0.000000,nan
cure_themselves,-1,0.000000,nan
curious_about,-1,0.000000,nan
curious_if,-1,0.000000,nan
curious_to_hear,-1,0.000000,nan
curious_to_see,-1,0.000000,nan
curl,2,0.933396,-0.156677
curl_up,2,0.985368,-0.216190
current_pregnant,-1,0.000000,nan
current_wait,2,0.990750,0.490621
curry,2,1.000000,-0.015707
curse,-1,0.000000,nan
curve,-1,0.000000,nan
cut_back,2,1.000000,0.061057
cut_down,2,0.939966,0.119454
cut_out,2,1.000000,-0.105152
cut_out_coffee,2,0.961467,0.395907
cut_out_dairy,-1,0.000000,nan
cut_short,-1,0.000000,nan
cute,-1,0.000000,nan
cw,2,1.000000,0.651463
cycle,-1,0.000000,nan
cyclic,2,1.000000,0.548451
cyclizine,2,1.000000,0.576851
cyproheptadine,2,1.000000,0.588805
cyst,-1,0.000000,nan
cystitis,2,1.000000,0.639709
dae,-1,0.000000,nan
daily_life,-1,0.000000,nan
daily_nausea,-1,0.000000,nan
daily_panic_attack,2,0.996551,0.393952
daily_stomach_ache,-1,0.000000,nan
dairy,2,1.000000,-0.262197
dairy_free,-1,0.000000,nan
dairy_intolerance,-1,0.000000,nan
dairy_product,-1,0.000000,nan
dallas_area,2,1.000000,0.804412
damage,-1,0.000000,nan
damage_nerve,2,1.000000,0.506506
damper,2,1.000000,0.545115
dance,-1,0.000000,nan
dancer,-1,0.000000,nan
dang,2,0.959180,0.253703
dangerous,-1,0.000000,nan
darn,-1,0.000000,nan
dash,-1,0.000000,nan
dat_je,2,1.000000,0.092126
database,2,0.960742,0.769940
datum,2,0.953281,0.223871
daughter,2,0.966769,0.220310
daunting,-1,0.000000,nan
day_0,2,1.000000,0.300234
day_1,-1,0.000000,nan
day_14,-1,0.000000,nan
day_3,0,0.877227,0.725636
day_4,0,0.876273,0.781250
day_5,0,0.943100,0.801880
day_6,0,0.919133,0.854430
day_7,0,0.876648,0.832214
day_8,0,0.880227,0.801487
day_9,0,0.899948,0.816996
dbr,-1,0.000000,nan
dc,2,1.000000,0.518354
de_temperature,2,1.000000,0.787110
de_whatsapp,-1,0.000000,nan
dead_end,-1,0.000000,nan
deaden,2,1.000000,0.518639
deaf,-1,0.000000,nan
deal,-1,0.000000,nan
deal_w,2,1.000000,0.666773
death,-1,0.000000,nan
debate_whether,2,1.000000,0.745883
debilitate,-1,0.000000,nan
debilitate_condition,-1,0.000000,nan
debut,2,1.000000,0.700015
decade,-1,0.000000,nan
decaf_coffee,2,0.975599,0.462142
december,2,1.000000,0.330141
december_2021,2,1.000000,0.713429
decent_amount,-1,0.000000,nan
decent_size,-1,0.000000,nan
decide,-1,0.000000,nan
decide_against,2,0.963733,0.638245
decision,-1,0.000000,nan
decongestant,-1,0.000000,nan
decrease,-1,0.000000,nan
deductible,2,1.000000,0.186141
deep,-1,0.000000,nan
deep_breath,-1,0.000000,nan
deep_breathe,-1,0.000000,nan
deep_inhale,-1,0.000000,nan
default,-1,0.000000,nan
defeat,-1,0.000000,nan
defect,-1,0.000000,nan
defective,-1,0.000000,nan
defense_mechanism,-1,0.000000,nan
defensive,-1,0.000000,nan
deficiency,2,0.930762,-0.096835
define,-1,0.000000,nan
definitely_worth,-1,0.000000,nan
definitive_test,2,1.000000,0.657135
definitive_test_to_validate,-1,0.000000,nan
deflate,-1,0.000000,nan
deflatine,2,0.947909,0.553949
deglutition,-1,0.000000,nan
degrade,2,1.000000,0.624535
dehydrated,-1,0.000000,nan
delay_gastric_empty,2,1.000000,0.568178
delightful,-1,0.000000,nan
dementia,2,0.972968,0.577259
demon,-1,0.000000,nan
demonic,-1,0.000000,nan
demonic_sound,-1,0.000000,nan
denial,2,1.000000,0.489295
deny_coverage,2,1.000000,0.666746
department,2,1.000000,0.451498
department_of_otolaryngology,2,1.000000,0.846031
depressed,-1,0.000000,nan
depressing,-1,0.000000,nan
depression,-1,0.000000,nan
depression_and_anxiety,-1,0.000000,nan
derive,-1,0.000000,nan
dermatitis,2,1.000000,0.547990
descend,-1,0.000000,nan
describe_r_cpd,2,1.000000,0.781765
deserve,-1,0.000000,nan
desk,2,0.936610,-0.064908
despondent,2,1.000000,0.718791
dessert,2,1.000000,0.077403
destroy,-1,0.000000,nan
deteriorate,-1,0.000000,nan
determine,-1,0.000000,nan
deutsche,2,1.000000,0.845612
develop,-1,0.000000,nan
develop_emetophobia,2,0.958039,-0.087709
development,2,0.966196,-0.063762
development_of_hiatal_hernia,-1,0.000000,nan
development_of_other,-1,0.000000,nan
deviate_septum,-1,0.000000,nan
devil,-1,0.000000,nan
devoir,2,0.929870,0.634743
dexilant,2,0.980271,0.109902
deze,2,1.000000,0.058746
diagnose,-1,0.000000,nan
diagnose_and_treat,-1,0.000000,nan
diagnose_r_cpd,2,0.988347,0.161418
diagnose_with_aerophagia,2,1.000000,0.623890
diagnose_with_gerd,2,0.964792,-0.115109
diagnose_with_ibs,-1,0.000000,nan
diagnosis,-1,0.000000,nan
diagnosis_and_treatment,2,1.000000,0.371707
diagnosis_of_r_cpd,-1,0.000000,nan
diagnostic,2,0.981911,0.291726
diagnostic_criterion,-1,0.000000,nan
diagnostic_test,-1,0.000000,nan
diagram,-1,0.000000,nan
dial,-1,0.000000,nan
diaphragm,2,0.951918,-0.470105
diaphragmatic_breathe,2,1.000000,-0.087729
diaphragmatic_breathe_exercise,-1,0.000000,nan
diarrhea,2,1.000000,-0.424196
diarrhea_and_constipation,2,1.000000,0.553078
diarrhoea,-1,0.000000,nan
diary,-1,0.000000,nan
diastasis_rectus,2,1.000000,0.660154
dice,-1,0.000000,nan
die,-1,0.000000,nan
die_down,-1,0.000000,nan
diet,2,0.955759,-0.137282
diet_change,-1,0.000000,nan
diet_coke,2,1.000000,0.134265
diet_lifestyle,-1,0.000000,nan
diet_low_fodmap,-1,0.000000,nan
diet_soda,2,1.000000,0.416299
dietary,-1,0.000000,nan
dietitian,-1,0.000000,nan
differ_from_person_to_person,-1,0.000000,nan
difference,-1,0.000000,nan
different_for_everyone,-1,0.000000,nan
different_method,-1,0.000000,nan
difficult,-1,0.000000,nan
difficult_task,2,1.000000,0.641391
difficulty,-1,0.000000,nan
difficulty_breathe,-1,0.000000,nan
difficulty_swallow,-1,0.000000,nan
difficulty_swallow_pill,-1,0.000000,nan
difficulty_vomit,-1,0.000000,nan
diffuse,-1,0.000000,nan
dig_into,-1,0.000000,nan
digest,-1,0.000000,nan
digest_food,-1,0.000000,nan
digestion,-1,0.000000,nan
digestive,-1,0.000000,nan
digestive_enzyme,2,1.000000,-0.056505
digestive_issue,2,0.975402,-0.264408
digestive_problem,-1,0.000000,nan
digestive_process,-1,0.000000,nan
digestive_system,2,0.978454,-0.437043
digestive_tract,2,0.994540,-0.296007
dilate,2,1.000000,-0.199992
dilate_esophagus,2,0.931962,-0.010481
dilation,-1,0.000000,nan
diner,2,1.000000,0.605889
dinner,2,0.958228,-0.097025
dinner_table,-1,0.000000,nan
dinosaur,-1,0.000000,nan
dinosaur_noise,-1,0.000000,nan
dire,-1,0.000000,nan
direct_or_indirect,2,1.000000,0.504281
disadvantage,2,1.000000,0.734901
disappoint,-1,0.000000,nan
disappointment,-1,0.000000,nan
disc,-1,0.000000,nan
discard,-1,0.000000,nan
discern,-1,0.000000,nan
disco,2,1.000000,0.625951
discomfort,-1,0.000000,nan
discourage,-1,0.000000,nan
discover_this_community,2,0.961324,0.234812
discover_this_subreddit,-1,0.000000,nan
discover_this_thread,2,1.000000,0.608788
discovery,2,0.931097,0.347630
discuss,-1,0.000000,nan
discussion,2,0.993278,0.223991
disease,2,1.000000,-0.108124
disease_may,-1,0.000000,nan
disgust,-1,0.000000,nan
disheartened,-1,0.000000,nan
disheartening,-1,0.000000,nan
dismiss,2,0.928423,0.045960
dismiss_by,-1,0.000000,nan
dismissive,-1,0.000000,nan
dismotility,-1,0.000000,nan
disorder,2,1.000000,-0.151608
disoriented,-1,0.000000,nan
disperse,2,1.000000,0.529897
dispute,2,1.000000,0.784132
dissolvable,-1,0.000000,nan
distal,-1,0.000000,nan
distance,-1,0.000000,nan
distant,2,0.964266,0.709867
distend,-1,0.000000,nan
distend_esophagus,-1,0.000000,nan
distend_stomach,-1,0.000000,nan
distension,-1,0.000000,nan
distention,2,1.000000,-0.456574
distinctive,2,1.000000,0.524584
distract,-1,0.000000,nan
distress,-1,0.000000,nan
disturb,-1,0.000000,nan
diverse,2,1.000000,0.720230
diverticulum,-1,0.000000,nan
dizziness,2,0.949614,-0.430659
dizzy,-1,0.000000,nan
dizzy_spell,2,0.996742,0.454449
doc,2,1.000000,0.248344
doctor,2,0.943285,0.124606
doctor_abstain,2,1.000000,0.389985
doctor_adam_rubin,2,1.000000,0.408446
doctor_akst,2,1.000000,0.437497
doctor_amanda_hu,2,1.000000,0.497354
doctor_anderson,2,1.000000,0.411728
doctor_andrew_tkaczuk,2,1.000000,0.853534
doctor_b,2,1.000000,0.467219
doctor_bastian,-1,0.000000,nan
doctor_bastian_paper,2,1.000000,0.235201
doctor_bastion,2,1.000000,0.477834
doctor_bielamowicz,2,1.000000,0.548434
doctor_cohen,2,1.000000,0.395913
doctor_craig,2,1.000000,0.841471
doctor_daniel,2,1.000000,0.899805
doctor_fink,2,1.000000,0.683181
doctor_hayley,2,0.966824,0.549095
doctor_hayley_herbert,2,1.000000,0.874184
doctor_hess,2,1.000000,0.485294
doctor_hicklin,2,1.000000,0.308000
doctor_holmes,2,1.000000,0.479302
doctor_holmes_in_raleigh_nc,2,1.000000,0.700891
doctor_hu,2,1.000000,0.412317
doctor_hu_in_vancouver,2,0.999877,0.673726
doctor_hus,2,1.000000,0.860704
doctor_in_utah,-1,0.000000,nan
doctor_jennifer_anderson_at_st,2,1.000000,0.801933
doctor_jennifer_rodney,2,1.000000,0.785729
doctor_jolie,2,1.000000,0.866122
doctor_june_lin,2,1.000000,0.578109
doctor_karagama,2,1.000000,0.394258
doctor_karla,2,1.000000,0.794438
doctor_karla_odell,2,1.000000,0.637236
doctor_kirk,2,1.000000,0.767584
doctor_kuderer,2,1.000000,0.546126
doctor_lieve_delsupehe,2,1.000000,0.806692
doctor_lin,2,1.000000,0.416769
doctor_mchugh,2,1.000000,0.417295
doctor_michael,2,1.000000,0.424553
doctor_near,2,1.000000,0.334551
doctor_odell,2,1.000000,0.481204
doctor_oloriz,2,0.936324,0.628517
doctor_orestes,2,1.000000,0.809443
doctor_paddle,2,1.000000,0.468012
doctor_paul,2,1.000000,0.551376
doctor_paul_paddle,2,1.000000,0.512506
doctor_pepper,2,1.000000,0.232767
doctor_pitman_in_nyc,2,1.000000,0.431916
doctor_pittman,2,1.000000,0.542153
doctor_richard,2,1.000000,0.860678
doctor_robert,2,1.000000,0.550879
doctor_sanagapalli,2,1.000000,0.557311
doctor_santosh,2,1.000000,0.789718
doctor_schiffer,2,1.000000,0.657002
doctor_schindler,2,1.000000,0.475007
doctor_schulte,2,1.000000,0.768372
doctor_sean_wang,2,1.000000,0.414916
doctor_seth,2,1.000000,0.777777
doctor_snelleman,2,1.000000,0.433058
doctor_spiegel,2,1.000000,0.390434
doctor_spiegel_in_philly,2,1.000000,0.508905
doctor_steven,2,1.000000,0.762625
doctor_sunil,2,1.000000,0.857319
doctor_sunil_verma,2,1.000000,0.526093
doctor_thomas,2,1.000000,0.661358
doctor_thomas_carroll_at_brigham,2,1.000000,0.751521
doctor_verma,2,1.000000,0.388582
doctor_villari,2,1.000000,0.399409
doctor_wasserman,2,1.000000,0.674031
doctor_who,2,1.000000,0.186242
doctor_withrow,2,1.000000,0.471546
doctor_yael,2,1.000000,0.787144
doctor_yael_bensoussan,2,1.000000,0.826156
doctor_yoo,2,1.000000,0.465333
document,2,1.000000,0.425690
documentary,2,1.000000,0.650313
documentation,2,0.944138,0.383249
doi_10_1177,2,0.931684,0.653745
dollar,2,1.000000,0.388481
dolor,2,1.000000,0.667322
doncaster,2,1.000000,0.419561
doncaster_royal_infirmary,2,0.988852,0.805094
doormat,2,1.000000,0.776121
dopamine,2,0.956358,0.500281
dosage,2,1.000000,0.131307
dose,2,0.979753,0.007456
double_action_gaviscon,2,1.000000,0.442617
double_action_gaviscon_tablet,2,1.000000,0.480102
dough,2,0.995112,0.295986
down_towards,2,1.000000,0.170909
down_vote,-1,0.000000,nan
downer_grove,2,1.000000,0.445869
downhill,2,0.956889,0.433492
download,2,1.000000,0.572600
downside,-1,0.000000,nan
downstream,2,1.000000,0.548721
downward,2,0.960305,-0.263320
downward_dog,2,1.000000,-0.118607
doze_off,2,1.000000,0.425942
dozen_of_us,2,1.000000,0.689243
drag,-1,0.000000,nan
dragon,-1,0.000000,nan
drain,-1,0.000000,nan
drainage,-1,0.000000,nan
dramamine,-1,0.000000,nan
drastic_change,-1,0.000000,nan
drastic_reduce,-1,0.000000,nan
draw_board,2,0.954274,0.531264
dread,-1,0.000000,nan
dream,-1,0.000000,nan
dressing,-1,0.000000,nan
drift_off,-1,0.000000,nan
drink,-1,0.000000,nan
drink_alcohol,-1,0.000000,nan
drink_anything_carbonate,-1,0.000000,nan
drink_beer,2,0.972767,-0.205791
drink_bubbly,2,1.000000,0.117664
drink_carbonate,2,1.000000,0.004996
drink_carbonate_beverage,-1,0.000000,nan
drink_carbonation,-1,0.000000,nan
drink_coffee,-1,0.000000,nan
drink_fizzy,2,1.000000,0.019271
drink_liquor,2,1.000000,0.589929
drink_soda,2,0.967324,-0.157578
drink_sparkle,-1,0.000000,nan
drink_tea,-1,0.000000,nan
drink_water,2,0.941106,-0.363718
drinker,2,1.000000,-0.112929
drip,-1,0.000000,nan
drive_home,2,0.977143,0.163789
drool,-1,0.000000,nan
drop_off,-1,0.000000,nan
drown,-1,0.000000,nan
drowsy,-1,0.000000,nan
drug,-1,0.000000,nan
drunk,-1,0.000000,nan
dry,-1,0.000000,nan
dry_cough,-1,0.000000,nan
dry_food,2,1.000000,-0.243805
dry_fruit,-1,0.000000,nan
dry_heave,1,1.000000,0.926841
dry_heave_for_hour,-1,0.000000,nan
dry_heave_gag,-1,0.000000,nan
dry_mouth,-1,0.000000,nan
dry_retch,-1,0.000000,nan
dryness,-1,0.000000,nan
du,2,1.000000,-0.031234
dub,2,1.000000,0.550399
dubai,2,1.000000,0.851493
dublin,2,1.000000,0.615231
duck,-1,0.000000,nan
due_to_r_cpd,-1,0.000000,nan
dull,-1,0.000000,nan
dumb,-1,0.000000,nan
dunk,2,1.000000,0.637768
duodenal,-1,0.000000,nan
duodenum,-1,0.000000,nan
during_class,2,0.929619,0.451020
during_lockdown,2,1.000000,0.659346
during_meal,-1,0.000000,nan
during_pregnancy,-1,0.000000,nan
dutch,2,1.000000,0.580888
dx,-1,0.000000,nan
dynamic,-1,0.000000,nan
dysautonomia,-1,0.000000,nan
dysbiosis,-1,0.000000,nan
dysfunction,2,1.000000,-0.237822
dysfunction_and_abdomino_phrenic_dyssynergia,-1,0.000000,nan
dysfunctional,2,1.000000,-0.349612
dysfunctional_breathe,2,1.000000,0.651256
dysmotility,2,0.992811,-0.043915
dysphagia,-1,0.000000,nan
dysphagia_difficulty,-1,0.000000,nan
dysphagia_or_laryngeal_dystonia,-1,0.000000,nan
dysphagia_trouble,-1,0.000000,nan
dysphasia,-1,0.000000,nan
dyspnea,-1,0.000000,nan
dyssynergia,2,0.991033,-0.014769
dyssynergia_and_pelvic_floor_dysfunction,-1,0.000000,nan
e_coli,-1,0.000000,nan
each_bite,2,1.000000,-0.073170
each_day,-1,0.000000,nan
each_mouthful,-1,0.000000,nan
each_night,-1,0.000000,nan
each_sip,-1,0.000000,nan
ear,-1,0.000000,nan
ear_canal,-1,0.000000,nan
ear_drum,-1,0.000000,nan
ear_fullness,-1,0.000000,nan
ear_nose_and_throat,2,1.000000,0.331112
ear_pain,-1,0.000000,nan
ear_to_ear,2,0.956296,0.106397
earliest_appointment,2,1.000000,0.685923
earliest_memory,-1,0.000000,nan
early_20s,2,0.975625,-0.090810
early_30s,-1,0.000000,nan
early_40s,-1,0.000000,nan
early_adulthood,2,1.000000,0.477633
early_august,2,1.000000,0.676750
early_childhood,-1,0.000000,nan
early_march,2,1.000000,0.639636
early_october,2,1.000000,0.648679
early_satiety,-1,0.000000,nan
early_stage,-1,0.000000,nan
earth_shatter,2,0.948551,0.334012
ease,-1,0.000000,nan
easy,-1,0.000000,nan
easy_peasy,-1,0.000000,nan
easy_to_digest,2,0.969507,0.255616
eat,-1,0.000000,nan
eat_breakfast,-1,0.000000,nan
eat_dinner,-1,0.000000,nan
eat_disorder,-1,0.000000,nan
eat_lunch,-1,0.000000,nan
eat_meat,-1,0.000000,nan
eat_pizza,-1,0.000000,nan
eat_slow,2,1.000000,-0.081734
eat_small_portion,-1,0.000000,nan
eat_solid,-1,0.000000,nan
ecg,2,0.946287,-0.040535
ecstatic,-1,0.000000,nan
ed,2,1.000000,-0.199846
edema,-1,0.000000,nan
edge,-1,0.000000,nan
edge_off,-1,0.000000,nan
edible,-1,0.000000,nan
edu,2,1.000000,0.515154
edu_mail,2,1.000000,0.713901
educate,2,1.000000,0.357726
eek,2,1.000000,0.660769
een,2,1.000000,-0.050773
effect,-1,0.000000,nan
effective,-1,0.000000,nan
effectiveness,-1,0.000000,nan
efficacy,-1,0.000000,nan
effing,2,0.988021,0.584014
effort_into,-1,0.000000,nan
egd,2,1.000000,0.090712
egg,2,1.000000,-0.242142
eigen,2,1.000000,0.790506
eighteenth,2,1.000000,0.445968
either_side,2,1.000000,-0.039303
ekg,2,0.974166,-0.006920
elastic_waistband,-1,0.000000,nan
elbow,2,1.000000,-0.179176
elder,2,1.000000,0.638226
elderly,-1,0.000000,nan
electric,-1,0.000000,nan
electrode,-1,0.000000,nan
electrolyte,2,1.000000,-0.048156
electromyography,-1,0.000000,nan
element,-1,0.000000,nan
elementary_school,-1,0.000000,nan
elevate,2,0.948334,-0.325529
eleven,-1,0.000000,nan
elfin,2,1.000000,0.771652
eliminate_dairy,2,1.000000,0.717918
elimination_diet,-1,0.000000,nan
elin_marsk,2,1.000000,0.812608
else_fail,-1,0.000000,nan
elsewhere,2,1.000000,0.494887
email_them,2,0.985146,0.373097
emanate,2,1.000000,0.468494
embarrass,-1,0.000000,nan
embarrass_noise,-1,0.000000,nan
embarrassment,-1,0.000000,nan
embassy,2,1.000000,0.750735
embrace,-1,0.000000,nan
emerge,-1,0.000000,nan
emergence,2,1.000000,0.652790
emergency_room,-1,0.000000,nan
emet,-1,0.000000,nan
emetophobe,-1,0.000000,nan
emetophobe_here,-1,0.000000,nan
emetophobe_who,-1,0.000000,nan
emetophobia,-1,0.000000,nan
emets,2,1.000000,0.657831
emg,2,0.981776,0.104252
emg_machine,2,0.942080,0.004468
emir,-1,0.000000,nan
emory,2,1.000000,0.505650
emotion,-1,0.000000,nan
emotional,-1,0.000000,nan
empathize,-1,0.000000,nan
empty,-1,0.000000,nan
empty_stomach,-1,0.000000,nan
empty_study,2,1.000000,0.727529
emt,-1,0.000000,nan
en_remiss_till,2,0.941698,0.709682
enable,-1,0.000000,nan
enchilada,2,1.000000,0.683162
encontrar,2,0.999154,0.308870
encore,2,1.000000,0.388091
encourage,-1,0.000000,nan
encourage_to_hear,2,1.000000,0.433044
end_cycle,-1,0.000000,nan
end_of_february,2,1.000000,0.696341
end_of_march,2,1.000000,0.625392
end_up_dry_heave,-1,0.000000,nan
end_up_pay,2,1.000000,0.427876
endless,-1,0.000000,nan
endless_cycle,2,1.000000,0.472443
endoflip,-1,0.000000,nan
endometriosis,2,0.998014,-0.190762
endoscope,-1,0.000000,nan
endoscopy,2,1.000000,-0.042857
endoscopy_and_colonoscopy,-1,0.000000,nan
endoscopy_colonoscopy,2,1.000000,0.366571
endoscopy_ct,2,0.960445,0.688551
endoscopy_show,2,0.959190,0.109636
endurance_sport,2,1.000000,0.647226
endure,-1,0.000000,nan
energy_drink,2,1.000000,0.152217
energy_level,-1,0.000000,nan
engage,2,0.988221,-0.243788
engine,2,1.000000,0.634569
england,2,1.000000,0.473289
enjoy,-1,0.000000,nan
enlarge,-1,0.000000,nan
enlarge_cp_muscle,-1,0.000000,nan
eno,2,1.000000,0.694265
ent,2,1.000000,0.108533
ent_center,2,1.000000,0.828362
ent_consultant,2,1.000000,0.552570
ent_department,2,1.000000,0.517705
ent_doc,2,1.000000,0.353765
ent_referral,2,1.000000,0.296176
ent_specialist,2,1.000000,0.287497
ent_surgeon,2,1.000000,0.519652
ent_who,2,1.000000,0.240487
entire_body,-1,0.000000,nan
entire_community,2,1.000000,0.622975
entire_family,2,0.939405,0.279655
entire_life,-1,0.000000,nan
entire_pregnancy,-1,0.000000,nan
entitle,2,1.000000,0.665800
entity,-1,0.000000,nan
enzyme,2,1.000000,-0.135590
eoe,2,0.997904,0.073523
eosinophilic_esophagitis,-1,0.000000,nan
epigastric,-1,0.000000,nan
epigastric_pain,-1,0.000000,nan
episode,-1,0.000000,nan
equate,-1,0.000000,nan
equipment,2,1.000000,0.150904
er,-1,0.000000,nan
erectile_dysfunction,-1,0.000000,nan
erg,2,1.000000,0.356860
erode,-1,0.000000,nan
erosion,2,0.968539,0.557817
erst,2,1.000000,0.835763
erupt,-1,0.000000,nan
es_que,2,1.000000,-0.002633
escape,-1,0.000000,nan
escort,-1,0.000000,nan
esomeprazole,2,1.000000,0.025667
esophageal,2,1.000000,-0.171480
esophageal_cancer,-1,0.000000,nan
esophageal_manometry,2,1.000000,0.121447
esophageal_manometry_test,-1,0.000000,nan
esophageal_motility_test,-1,0.000000,nan
esophageal_muscle,-1,0.000000,nan
esophageal_pressure,-1,0.000000,nan
esophageal_sphincter,2,1.000000,-0.203491
esophageal_web,-1,0.000000,nan
esophagitis,2,1.000000,-0.224350
esophagoscopy,2,0.997574,0.228379
esophagram,2,1.000000,0.213090
esophagus,2,0.930218,-0.380984
esophogram,2,0.944435,0.282640
especially_when,-1,0.000000,nan
essential_oil,-1,0.000000,nan
et_al,2,1.000000,0.679122
et_combien,-1,0.000000,nan
eternal_grateful,2,1.000000,0.778555
etiquette,2,1.000000,0.450680
eu_dinjectees_une_seule,-1,0.000000,nan
euphoric,-1,0.000000,nan
euro,2,1.000000,0.358089
europe,2,1.000000,0.477676
european,2,1.000000,0.484411
eustachian_tube,-1,0.000000,nan
evaluate,2,0.935157,0.320219
evaluation,2,1.000000,0.414062
evening,-1,0.000000,nan
evening_after_dinner,-1,0.000000,nan
evening_meal,-1,0.000000,nan
event,-1,0.000000,nan
eventual_lead,-1,0.000000,nan
ever_since,-1,0.000000,nan
every_aspect,-1,0.000000,nan
every_bite,2,1.000000,-0.228264
every_couple,2,0.971068,0.022606
every_day_from_2009_2023,-1,0.000000,nan
every_evening,-1,0.000000,nan
every_mouthful,-1,0.000000,nan
every_night,-1,0.000000,nan
every_once,-1,0.000000,nan
every_other,-1,0.000000,nan
every_single,-1,0.000000,nan
every_single_bite,-1,0.000000,nan
everyone_else,-1,0.000000,nan
everywhere,-1,0.000000,nan
evidence,2,0.985719,0.102933
ew,-1,0.000000,nan
ex_noburper,2,1.000000,0.713327
exacerbate,-1,0.000000,nan
exacerbate_by,2,0.985060,-0.379740
exacerbation,2,1.000000,0.544548
exact_amount,-1,0.000000,nan
exact_same_symptom,-1,0.000000,nan
exact_same_way,-1,0.000000,nan
exact_spot,-1,0.000000,nan
exactly_how,-1,0.000000,nan
examination,2,0.998034,0.223668
exasperate,-1,0.000000,nan
excess,-1,0.000000,nan
excess_air,-1,0.000000,nan
excess_flatulence,-1,0.000000,nan
excess_gas,2,0.950718,-0.417999
excess_mucus,-1,0.000000,nan
excess_phlegm,2,1.000000,0.407468
excess_saliva,-1,0.000000,nan
excess_wind,-1,0.000000,nan
excessive,-1,0.000000,nan
excessive_air,-1,0.000000,nan
excessive_amount,-1,0.000000,nan
excessive_bloat,2,1.000000,-0.281648
excessive_fart,-1,0.000000,nan
excessive_flatulence,2,1.000000,-0.286466
excessive_gas,2,1.000000,-0.301398
excessive_saliva,-1,0.000000,nan
excessive_salivation,-1,0.000000,nan
excessive_wind,-1,0.000000,nan
excite,-1,0.000000,nan
excite_and_nervous,2,1.000000,0.680221
exclusion,-1,0.000000,nan
excruciating,2,0.935125,-0.360112
excuse_myself,-1,0.000000,nan
exercise,-1,0.000000,nan
exercise_search_youtube,2,0.971219,0.538596
exerciser,2,1.000000,0.665847
exhalation,2,1.000000,0.589884
exhale,2,0.940734,-0.463337
exhale_sharp,2,0.991469,0.418048
exhaust,-1,0.000000,nan
exhaustion,-1,0.000000,nan
exit,2,0.948493,-0.172250
exorcise,-1,0.000000,nan
exorcism,-1,0.000000,nan
exorcist,-1,0.000000,nan
expand,2,1.000000,-0.405832
expansion,2,1.000000,-0.310268
expect,-1,0.000000,nan
expel,-1,0.000000,nan
expel_air,-1,0.000000,nan
expel_gas,-1,0.000000,nan
expense,2,1.000000,0.489370
experiment,-1,0.000000,nan
experiment_datum,2,0.965147,0.262203
experiment_with_different,-1,0.000000,nan
experiment_with_posture,-1,0.000000,nan
experimentation,-1,0.000000,nan
expert,2,1.000000,0.327711
expertise,-1,0.000000,nan
explain,-1,0.000000,nan
explain_r_cpd,-1,0.000000,nan
explode,-1,0.000000,nan
explosion,-1,0.000000,nan
explosion_of_air,2,1.000000,0.376213
explosive,-1,0.000000,nan
explosive_fart,2,1.000000,0.613674
exposure,-1,0.000000,nan
exposure_therapy,-1,0.000000,nan
extend,2,1.000000,-0.163598
external,2,1.000000,0.001312
external_injection,2,1.000000,0.132669
extra_air,-1,0.000000,nan
extra_gas,-1,0.000000,nan
extra_gurgly,2,1.000000,0.409656
extra_saliva,-1,0.000000,nan
extra_strength,-1,0.000000,nan
extraordinary,-1,0.000000,nan
extreme_anxious,-1,0.000000,nan
extreme_bloat,2,1.000000,-0.414894
extreme_emetophobia,-1,0.000000,nan
extreme_flatulence,-1,0.000000,nan
extreme_helpful,2,0.941108,0.582639
extreme_loud,-1,0.000000,nan
extreme_nausea,-1,0.000000,nan
extreme_nauseous,-1,0.000000,nan
extreme_pain,-1,0.000000,nan
extreme_tight,-1,0.000000,nan
extreme_uncomfortable,-1,0.000000,nan
extreme_violent,-1,0.000000,nan
eye_open,-1,0.000000,nan
eye_water,-1,0.000000,nan
face_forward,-1,0.000000,nan
facebook_group,2,1.000000,0.309351
facebook_page,2,1.000000,0.212878
facilitate,-1,0.000000,nan
facility,2,1.000000,0.328977
facility_fee,2,1.000000,0.496530
fade,-1,0.000000,nan
fade_away,-1,0.000000,nan
faff,2,1.000000,0.762956
failure,-1,0.000000,nan
faint,-1,0.000000,nan
fair,-1,0.000000,nan
fair_enough,-1,0.000000,nan
fair_point,2,1.000000,0.678934
faire,2,1.000000,-0.061478
fairlife,2,1.000000,0.740168
fairly_common,-1,0.000000,nan
fairly_low,-1,0.000000,nan
fairly_often,-1,0.000000,nan
fairly_recent,-1,0.000000,nan
fake,-1,0.000000,nan
fall_asleep,-1,0.000000,nan
false_memory,2,0.936531,0.468104
falsetto,-1,0.000000,nan
fam,-1,0.000000,nan
familiar_with_r_cpd,2,1.000000,0.370816
familiar_with_rcpd,2,1.000000,0.417302
familiarity,-1,0.000000,nan
family,-1,0.000000,nan
family_doctor,2,1.000000,0.407819
family_history,-1,0.000000,nan
family_member,-1,0.000000,nan
famotidine,2,1.000000,-0.126707
fantasize_about,-1,0.000000,nan
fantastic,-1,0.000000,nan
fantastic_news,2,1.000000,0.729691
faq,2,1.000000,0.653119
faq_video,2,1.000000,0.570387
far_behind,2,1.000000,0.760815
far_less,-1,0.000000,nan
fart,-1,0.000000,nan
fart_smell,-1,0.000000,nan
farty,-1,0.000000,nan
fascia,-1,0.000000,nan
fascinate,-1,0.000000,nan
fast_eater,-1,0.000000,nan
fast_metabolism,-1,0.000000,nan
fast_rep,-1,0.000000,nan
fasten,-1,0.000000,nan
fat,-1,0.000000,nan
fate,-1,0.000000,nan
father,-1,0.000000,nan
fatigue,-1,0.000000,nan
fatigue_brain,2,1.000000,0.615662
fatty,2,1.000000,-0.104570
fatty_food,2,1.000000,-0.205575
fax,-1,0.000000,nan
fear,-1,0.000000,nan
fear_of_fly,-1,0.000000,nan
fear_of_throw_up,2,0.940749,-0.286019
fear_of_vomit,-1,0.000000,nan
feat,2,1.000000,0.676297
february_2020,-1,0.000000,nan
february_2025,2,1.000000,0.814321
federal,2,1.000000,0.863163
fee,2,1.000000,0.308402
feed_up,-1,0.000000,nan
feel,-1,0.000000,nan
feel_better,-1,0.000000,nan
feel_crappy,-1,0.000000,nan
feel_like,-1,0.000000,nan
feel_like_garbage,-1,0.000000,nan
feel_nauseate,-1,0.000000,nan
feel_nauseous,-1,0.000000,nan
feel_of_fullness,-1,0.000000,nan
feel_queasy,-1,0.000000,nan
feel_sick,-1,0.000000,nan
fees,2,1.000000,0.322348
fellow,2,0.933937,0.472283
fellow_frog,2,1.000000,0.755222
fellow_gurgler,2,1.000000,0.619648
fellow_no,2,1.000000,0.727800
female,-1,0.000000,nan
feminine,2,0.939952,0.429606
fence,-1,0.000000,nan
fence_about,-1,0.000000,nan
fennel,2,0.930211,0.215184
fentanyl,-1,0.000000,nan
ferment,2,1.000000,-0.250552
fermentable,-1,0.000000,nan
fermentation,2,0.993911,-0.156772
ferrous_fumigate,-1,0.000000,nan
festive,2,1.000000,0.668955
fetal_position,2,0.941700,-0.145940
fever,-1,0.000000,nan
few,-1,0.000000,nan
few_day,-1,0.000000,nan
few_microburp,-1,0.000000,nan
few_minute,-1,0.000000,nan
few_sip,-1,0.000000,nan
fiber,2,1.000000,-0.246331
fibre,2,1.000000,-0.101821
fibromyalgia,-1,0.000000,nan
fifteenth,2,1.000000,0.418971
fifth_grade,2,1.000000,0.506587
fight_against,-1,0.000000,nan
fight_or_flight,-1,0.000000,nan
fight_or_flight_response,-1,0.000000,nan
figure_id,-1,0.000000,nan
figure_out_how,-1,0.000000,nan
fil,2,1.000000,0.649939
file,2,1.000000,0.358669
fill_up,-1,0.000000,nan
fill_with_air,-1,0.000000,nan
financial,2,1.000000,0.391622
find_out,-1,0.000000,nan
find_this_community,2,1.000000,0.257753
find_this_forum,2,1.000000,0.514126
find_this_page,2,1.000000,0.383055
find_this_sub,2,1.000000,0.103625
find_this_subreddit,2,1.000000,0.210523
find_this_thread,2,1.000000,0.344431
finger,-1,0.000000,nan
finger_cross,-1,0.000000,nan
finger_down,-1,0.000000,nan
finger_method,2,1.000000,0.450191
finger_trick,-1,0.000000,nan
finger_x,-1,0.000000,nan
finish_line,-1,0.000000,nan
firefighter,2,1.000000,0.765940
firm_believe,-1,0.000000,nan
first_appointment,2,1.000000,0.383496
first_attempt,2,0.937345,0.412839
first_dose,2,1.000000,0.191865
first_grade,2,0.979500,0.407590
first_injection,2,1.000000,0.273150
first_paragraph,2,0.972577,0.643883
first_round,2,1.000000,0.205794
first_time_poster,2,1.000000,0.341891
first_timer,2,1.000000,0.656046
first_trimester,-1,0.000000,nan
first_week,-1,0.000000,nan
fish_oil,-1,0.000000,nan
fish_oil_supplement,2,0.976896,0.555283
fissure,2,1.000000,0.791278
five,2,1.000000,0.226318
five_month,0,0.931096,0.867770
fix_r_cpd,2,0.929997,0.521658
fizz,2,1.000000,-0.144887
fizzy,2,1.000000,-0.081399
fizzy_drink,2,0.981479,-0.196880
fizzy_mixer,2,1.000000,0.585492
fizzy_water,2,1.000000,-0.030642
flair_up,-1,0.000000,nan
flap,2,0.940861,-0.269437
flappy,2,1.000000,0.428089
flare,-1,0.000000,nan
flare_rib,2,0.964492,0.445516
flare_up,-1,0.000000,nan
flat_belly,2,0.960803,0.344543
flat_stomach,-1,0.000000,nan
flat_tummy,2,1.000000,0.530105
flatten,-1,0.000000,nan
flatulence,2,0.929923,-0.356647
flatulence_etc,-1,0.000000,nan
flatus,2,1.000000,0.604757
flex,2,1.000000,-0.357264
flexible,-1,0.000000,nan
flexor,2,0.973916,0.568932
flick,-1,0.000000,nan
flight_of_stair,-1,0.000000,nan
flinch,-1,0.000000,nan
float,-1,0.000000,nan
flonase,2,0.980514,-0.005131
floor,2,1.000000,-0.193472
floppy,-1,0.000000,nan
florida,2,1.000000,0.464685
flow,-1,0.000000,nan
flower,-1,0.000000,nan
flu,-1,0.000000,nan
fluctuation,-1,0.000000,nan
fluid,-1,0.000000,nan
fluoroscopy,-1,0.000000,nan
flush,-1,0.000000,nan
fly_back,2,0.981742,0.325854
fly_home,2,0.958057,0.217735
foam,-1,0.000000,nan
foamy,-1,0.000000,nan
focus,-1,0.000000,nan
fodmap,2,1.000000,0.016818
fodmap_diet,-1,0.000000,nan
fog,-1,0.000000,nan
fold,2,0.965573,-0.272201
follow_by,-1,0.000000,nan
follow_doctor_bastian,-1,0.000000,nan
follow_qualification,-1,0.000000,nan
follow_up,-1,0.000000,nan
follow_up_appointment,2,0.978179,0.321550
fond,-1,0.000000,nan
food,-1,0.000000,nan
food_allergy,2,0.947880,-0.091142
food_diary,-1,0.000000,nan
food_elimination,-1,0.000000,nan
food_get_stuck,-1,0.000000,nan
food_intake,-1,0.000000,nan
food_intolerance,2,0.977467,-0.158813
food_pipe,-1,0.000000,nan
food_poison,-1,0.000000,nan
food_sensitivity,-1,0.000000,nan
food_stuck,2,0.951601,-0.213596
foot,2,1.000000,-0.165071
footage,-1,0.000000,nan
force,-1,0.000000,nan
force_myself,-1,0.000000,nan
force_them,-1,0.000000,nan
force_yourself,-1,0.000000,nan
forcefulness,2,1.000000,0.529381
forearm,-1,0.000000,nan
foreign,-1,0.000000,nan
foreign_country,2,1.000000,0.681433
foreign_object,2,1.000000,0.380250
forever,-1,0.000000,nan
fork,-1,0.000000,nan
formal,2,1.000000,0.247010
formal_diagnose,-1,0.000000,nan
formation,-1,0.000000,nan
former_no_burper,-1,0.000000,nan
formerly,2,1.000000,0.813317
fortnight,-1,0.000000,nan
forum,2,1.000000,0.240878
forward_head,-1,0.000000,nan
foul,-1,0.000000,nan
foundation,2,1.000000,0.544064
four,-1,0.000000,nan
four_month,0,0.910461,0.794804
four_month_ago,2,1.000000,0.699361
four_year,-1,0.000000,nan
fourteenth,2,1.000000,0.479049
fourth,2,1.000000,0.328265
fox,2,1.000000,0.802094
fragile,-1,0.000000,nan
france,2,1.000000,0.526335
frank,-1,0.000000,nan
freak_out,-1,0.000000,nan
freaky,-1,0.000000,nan
frequent,-1,0.000000,nan
frequent_diarrhea,2,1.000000,0.505911
friday,2,1.000000,0.357474
friend,-1,0.000000,nan
friend_family,-1,0.000000,nan
friend_house,-1,0.000000,nan
frog,2,0.964936,-0.260540
frog_croak,-1,0.000000,nan
frog_noise,2,0.964936,-0.418790
frog_sound,2,0.941753,-0.185421
front_tooth,2,0.989568,-0.270709
frother,2,0.946935,0.533862
fructose,2,1.000000,-0.093000
fruit,2,1.000000,-0.229295
fruit_and_vegetable,2,1.000000,0.094091
fruit_juice,2,1.000000,-0.095117
fruity,2,1.000000,0.442978
frustrate,-1,0.000000,nan
fry,2,1.000000,-0.141911
fry_food,2,1.000000,-0.194362
fuck,-1,0.000000,nan
full_breath,-1,0.000000,nan
full_meal,-1,0.000000,nan
full_of_air,-1,0.000000,nan
full_range,-1,0.000000,nan
full_recover,-1,0.000000,nan
full_swing,2,0.972124,0.500089
fullness,-1,0.000000,nan
fun,-1,0.000000,nan
function_proper,-1,0.000000,nan
functional_dyspepsia,2,0.964553,0.532584
functional_gi_disorder,-1,0.000000,nan
functional_medicine_practitioner,2,1.000000,0.771038
fund,2,1.000000,0.447239
funding,2,1.000000,0.369584
fundoplication,-1,0.000000,nan
fungal,2,1.000000,0.760854
funny,-1,0.000000,nan
funny_noise,-1,0.000000,nan
furniture,2,0.932018,0.123244
fusion,2,0.966971,0.696340
fussy,-1,0.000000,nan
fuzzy,-1,0.000000,nan
g,-1,0.000000,nan
ga,2,1.000000,0.105475
ga_procedure,2,1.000000,0.175274
gaat,2,1.000000,-0.019700
gag,-1,0.000000,nan
gag_and_dry_heave,-1,0.000000,nan
gag_and_retch,2,1.000000,0.438210
gag_dry_heave,-1,0.000000,nan
gag_myself,-1,0.000000,nan
gag_reflex,-1,0.000000,nan
gag_themselves,-1,0.000000,nan
gag_trick,-1,0.000000,nan
gag_yourself,-1,0.000000,nan
gah,2,1.000000,0.674694
gain,-1,0.000000,nan
gain_control,-1,0.000000,nan
gain_weight,-1,0.000000,nan
gall_bladder,-1,0.000000,nan
gall_bladder_surgery,2,1.000000,0.608169
gallbladder_attack,2,1.000000,0.549310
gallbladder_issue,-1,0.000000,nan
gallbladder_remove,-1,0.000000,nan
galore,-1,0.000000,nan
gar,2,1.000000,0.214648
gargle,-1,0.000000,nan
gargle_noise,-1,0.000000,nan
gargle_sound,-1,0.000000,nan
garlic,2,1.000000,-0.146731
garlic_onion,2,1.000000,0.029390
gas,-1,0.000000,nan
gas_bubble,2,0.936715,-0.464321
gas_buildup,-1,0.000000,nan
gas_cramp,-1,0.000000,nan
gas_escape,-1,0.000000,nan
gas_in_colon,-1,0.000000,nan
gas_produce,2,0.970961,-0.018781
gas_production,-1,0.000000,nan
gas_rise,-1,0.000000,nan
gas_trap,2,0.990226,-0.483541
gas_x,2,0.996640,-0.116459
gaseous_distension,2,0.927426,0.615351
gaslight,-1,0.000000,nan
gaslight_by,-1,0.000000,nan
gasp,-1,0.000000,nan
gasp_for_air,-1,0.000000,nan
gassy,-1,0.000000,nan
gassy_food,2,0.965562,0.011212
gastric,-1,0.000000,nan
gastric_bypass,-1,0.000000,nan
gastric_empty,-1,0.000000,nan
gastric_empty_study,-1,0.000000,nan
gastric_sleeve,-1,0.000000,nan
gastritis,2,1.000000,-0.215285
gastro,2,1.000000,0.063679
gastro_doctor,2,0.966590,0.227438
gastro_issue,2,1.000000,-0.097501
gastro_specialist,2,0.983242,0.390217
gastrocardiac,2,1.000000,0.575255
gastroenterologist,2,1.000000,0.075762
gastroenterologist_who,2,1.000000,0.448477
gastroenterology,2,1.000000,0.384635
gastrointestinal,-1,0.000000,nan
gastrointestinal_issue,2,0.999617,-0.075216
gastrointestinal_system,-1,0.000000,nan
gastroparesis,2,1.000000,-0.096674
gastroperesis,-1,0.000000,nan
gastroptosis,2,1.000000,0.628284
gastroscopy,2,1.000000,-0.001876
gasx,2,0.998880,-0.008310
gate,-1,0.000000,nan
gatekeep,-1,0.000000,nan
gaviscon,2,1.000000,-0.091685
ge,2,0.934182,0.254935
geez,-1,0.000000,nan
gel,2,1.000000,-0.051488
gelusil,2,1.000000,0.586877
general_anaesthesia,2,0.979634,0.186012
general_anesthesia,2,1.000000,0.060773
general_anesthetic,2,1.000000,0.138774
general_population,-1,0.000000,nan
general_practitioner,2,1.000000,0.527751
generalize_anxiety,2,0.989487,0.447493
generalize_anxiety_disorder,2,0.985474,0.652359
generate,-1,0.000000,nan
generate_gas,2,0.988851,0.475508
generic,-1,0.000000,nan
genetic_component,-1,0.000000,nan
genetic_factor,2,0.964651,0.214887
genetics,-1,0.000000,nan
gente,2,0.936560,0.218137
gentle,2,1.000000,-0.295820
gentle_massage,-1,0.000000,nan
gentle_press,2,1.000000,0.514253
genuine,-1,0.000000,nan
george_washington,2,1.000000,0.790249
george_washington_university_hospital,2,1.000000,0.857458
gerd,2,1.000000,-0.304107
gerd_lpr,-1,0.000000,nan
germany,2,1.000000,0.460184
get_food_poison,-1,0.000000,nan
get_rid,-1,0.000000,nan
get_stuck,-1,0.000000,nan
get_worse,-1,0.000000,nan
gi,2,0.928099,-0.001682
gi_doc,2,1.000000,0.123988
gi_doctor,2,1.000000,0.075930
gi_issue,2,0.972709,-0.215569
gi_motility,-1,0.000000,nan
gi_problem,-1,0.000000,nan
gi_referral,-1,0.000000,nan
gi_specialist,2,1.000000,0.205120
gi_surgeon,2,0.944987,0.735505
gi_track,-1,0.000000,nan
gi_tract,-1,0.000000,nan
giant,-1,0.000000,nan
gin,2,1.000000,0.064102
ginger,2,1.000000,-0.223163
ginger_ale,2,1.000000,-0.029377
ginger_beer,2,1.000000,0.378554
ginger_chew,2,1.000000,0.592885
ginger_tea,2,0.986824,0.089522
gird,-1,0.000000,nan
girl,-1,0.000000,nan
girl_who,2,0.944259,0.545804
girlfriend,-1,0.000000,nan
gis,2,1.000000,0.190506
give_up,-1,0.000000,nan
glad,-1,0.000000,nan
glad_to_hear,2,1.000000,0.357876
gland,-1,0.000000,nan
glass,2,1.000000,-0.139913
glass_of_water,2,0.965283,-0.107690
global,-1,0.000000,nan
globus,-1,0.000000,nan
globus_sensation,-1,0.000000,nan
glorious,-1,0.000000,nan
gloss_over,2,1.000000,0.508627
glue,2,0.969130,-0.109963
gluten,2,1.000000,-0.237033
gluten_and_dairy,-1,0.000000,nan
gluten_dairy,2,1.000000,0.133371
gluten_free,2,1.000000,0.031060
gluten_intolerance,-1,0.000000,nan
glutton,2,1.000000,0.583172
glycerin,2,1.000000,0.725985
glycinate,-1,0.000000,nan
gnaw,-1,0.000000,nan
go_back_and_forth,-1,0.000000,nan
go_down,-1,0.000000,nan
go_haywire,2,0.985153,0.568170
go_overboard,2,0.944859,0.437472
go_private,2,1.000000,0.459553
go_smooth,-1,0.000000,nan
go_through,-1,0.000000,nan
go_to_bed,-1,0.000000,nan
go_to_chicago,2,1.000000,0.471209
go_to_doctor_bastian,2,1.000000,0.529288
go_to_doctor_spiegel,2,0.963244,0.570709
go_to_explode,-1,0.000000,nan
go_unnoticed,2,1.000000,0.569150
god_forbid,-1,0.000000,nan
godzilla,2,1.000000,0.430868
goiter,2,1.000000,0.547592
good_bacteria,-1,0.000000,nan
good_chance,-1,0.000000,nan
good_choice,-1,0.000000,nan
good_decision,-1,0.000000,nan
good_job,-1,0.000000,nan
good_news,-1,0.000000,nan
good_posture,2,0.963914,-0.142957
good_sign,-1,0.000000,nan
good_to_hear,2,1.000000,0.249094
goodness,-1,0.000000,nan
google_search,-1,0.000000,nan
gord,2,1.000000,0.074134
gosh,-1,0.000000,nan
government,2,1.000000,0.515013
gown,-1,0.000000,nan
gp,2,1.000000,0.217145
gp_referral,2,1.000000,0.475465
gps,2,1.000000,0.329974
grab,-1,0.000000,nan
gracious,-1,0.000000,nan
grade_school,-1,0.000000,nan
graduate_college,-1,0.000000,nan
graduate_high_school,2,0.973892,0.575887
grain,2,1.000000,-0.225860
gram,2,0.951925,0.475299
grandfather,-1,0.000000,nan
granola_bar,-1,0.000000,nan
grass,-1,0.000000,nan
grateful,2,0.940532,0.349685
gravelly,2,0.944223,0.430379
gravy,2,1.000000,0.619907
greasy,2,1.000000,-0.168285
greasy_food,2,1.000000,-0.192991
great_news,2,1.000000,0.417974
great_ormond_street_hospital,2,0.959035,0.416088
great_to_hear,2,1.000000,0.424103
green_bean,-1,0.000000,nan
green_tea,2,1.000000,0.013749
grief,-1,0.000000,nan
grievance,2,1.000000,0.754502
grill,2,0.993318,0.685134
grimes,2,0.931270,0.663525
grind,-1,0.000000,nan
grip,-1,0.000000,nan
grip_sock,-1,0.000000,nan
grit,-1,0.000000,nan
groan,-1,0.000000,nan
groan_noise,-1,0.000000,nan
groggy,-1,0.000000,nan
groove,2,0.983070,0.415298
gross,-1,0.000000,nan
ground,2,1.000000,-0.102232
group,2,0.958399,0.342250
grow_out,-1,0.000000,nan
grow_up,2,0.975625,-0.196114
growl,2,0.964936,-0.367413
growl_noise,-1,0.000000,nan
grudge,2,1.000000,0.687600
grumble,-1,0.000000,nan
grunt,-1,0.000000,nan
grupo,2,1.000000,0.765048
guess,-1,0.000000,nan
guinness,2,1.000000,0.062777
gulp,-1,0.000000,nan
gum,2,1.000000,-0.358224
gummy,-1,0.000000,nan
gurgle,-1,0.000000,nan
gurgle_noise,2,0.964936,-0.437871
gurgler,-1,0.000000,nan
gurgly,-1,0.000000,nan
gurgly_noise,-1,0.000000,nan
gut,2,0.974538,-0.377293
gut_bacteria,-1,0.000000,nan
gut_flora,-1,0.000000,nan
gut_health,-1,0.000000,nan
gut_issue,2,0.978802,-0.286126
gut_microbiome,-1,0.000000,nan
gut_motility,-1,0.000000,nan
guttural,-1,0.000000,nan
gwuh,2,1.000000,0.825407
gymnast,2,1.000000,0.575473
gymnastics,2,1.000000,0.545105
h2_blocker,2,1.000000,-0.039390
h_pylori,2,1.000000,-0.136105
ha_good_luck,2,1.000000,0.738741
habit,-1,0.000000,nan
habit_form,2,1.000000,0.646081
hadean,2,1.000000,0.851875
hahahaha,2,0.942746,0.340594
hair,2,0.939267,-0.360132
hair_net,-1,0.000000,nan
hairnet,-1,0.000000,nan
hallmark,-1,0.000000,nan
halo,2,1.000000,0.803386
hamburg,2,1.000000,0.397301
hand,-1,0.000000,nan
hand_and_knee,-1,0.000000,nan
hand_free,-1,0.000000,nan
handful_of_time,-1,0.000000,nan
handle,-1,0.000000,nan
handler,2,1.000000,0.864063
hang_in_there,-1,0.000000,nan
hangry,2,1.000000,0.416962
hank_green,-1,0.000000,nan
happiness,-1,0.000000,nan
happy,-1,0.000000,nan
happy_holiday,2,1.000000,0.691985
happy_to_hear,2,1.000000,0.348939
hard_liquor,2,1.000000,0.052481
hard_seltzer,2,1.000000,0.302208
hard_to_breathe,-1,0.000000,nan
hard_to_describe,-1,0.000000,nan
hard_to_differentiate,-1,0.000000,nan
hard_to_pinpoint,2,0.984147,0.544386
hard_to_predict,2,1.000000,0.532495
hardship,2,1.000000,0.625202
harm,-1,0.000000,nan
harrowing,2,1.000000,0.512231
harsh,-1,0.000000,nan
hashimoto,2,0.954669,-0.035064
hate,-1,0.000000,nan
have_abdomino_phrenic,-1,0.000000,nan
have_food_poison,-1,0.000000,nan
have_no_clue,-1,0.000000,nan
have_r_cpd,-1,0.000000,nan
hawaii,-1,0.000000,nan
hazard,-1,0.000000,nan
hcl,-1,0.000000,nan
he_spray,-1,0.000000,nan
head_and_neck,2,0.961224,0.379237
head_and_torso_elevate,-1,0.000000,nan
head_elevate,-1,0.000000,nan
head_forward,2,1.000000,-0.232729
head_left,2,1.000000,0.525861
head_movement,-1,0.000000,nan
head_position,-1,0.000000,nan
head_slightly,2,1.000000,-0.104826
head_tilt,2,0.966855,-0.010540
head_turn,-1,0.000000,nan
headache,2,0.944955,-0.494336
headache_fatigue,2,0.934630,0.437208
headband,-1,0.000000,nan
health,-1,0.000000,nan
health_anxiety,-1,0.000000,nan
health_care,2,1.000000,0.445278
health_condition,-1,0.000000,nan
health_insurance,2,1.000000,0.326250
health_issue,2,0.942004,-0.194657
health_problem,-1,0.000000,nan
health_risk,-1,0.000000,nan
health_system,2,0.958772,0.653395
healthcare,2,1.000000,0.460293
healthcare_professional,-1,0.000000,nan
healthcare_provider,-1,0.000000,nan
healthcare_system,2,0.965693,0.467445
healthy,-1,0.000000,nan
healthy_weight,-1,0.000000,nan
heart_burn,-1,0.000000,nan
heart_palpitation,2,1.000000,-0.502779
heart_problem,-1,0.000000,nan
heart_skip,2,0.949824,0.500100
heartbreak,2,0.994470,0.543762
heartburn,-1,0.000000,nan
heartburn_acid_reflux,-1,0.000000,nan
heartburn_medication,-1,0.000000,nan
heat_pad,-1,0.000000,nan
heat_therapy,-1,0.000000,nan
heave,1,1.000000,0.885446
heaviness,-1,0.000000,nan
heavy,-1,0.000000,nan
hebbel,2,1.000000,-0.029103
heds,2,1.000000,-0.024074
heel_drop,-1,0.000000,nan
hehe,-1,0.000000,nan
height,-1,0.000000,nan
heighten,-1,0.000000,nan
helemaal,2,0.991078,0.403448
hella,-1,0.000000,nan
hello_everyone,2,1.000000,0.455035
hello_fellow_no_burper,2,1.000000,0.492289
hello_fellow_noburper,2,1.000000,0.571280
help,-1,0.000000,nan
help_loosen,-1,0.000000,nan
help_tremendous,-1,0.000000,nan
helpful,-1,0.000000,nan
helpful_info,-1,0.000000,nan
helpful_to_hear,2,1.000000,0.749408
helpless,2,1.000000,0.389908
helsinki,2,1.000000,0.823235
hem,2,0.942193,0.556956
hemp,2,1.000000,0.616221
hence,-1,0.000000,nan
her_secretary,2,1.000000,0.578513
her_website,-1,0.000000,nan
herb,-1,0.000000,nan
herbal,-1,0.000000,nan
heritable,-1,0.000000,nan
hernia,2,1.000000,-0.228196
hero,-1,0.000000,nan
hesitant,-1,0.000000,nan
hey_everyone,2,1.000000,0.397298
hey_folk,2,1.000000,0.813762
hey_guy,2,1.000000,0.387955
hg,-1,0.000000,nan
hh,2,0.969039,0.027535
hi_all,2,1.000000,0.381133
hi_everybody,2,1.000000,0.744885
hi_fellow_no_burper,2,0.966440,0.634860
hi_friend,2,1.000000,0.604384
hi_guy,2,1.000000,0.474162
hi_there,2,0.982541,0.464370
hiatal_hernia,2,1.000000,-0.246360
hiatal_hernia_be,2,0.994492,-0.077094
hiatal_hernia_etc,2,1.000000,0.574286
hiatal_hernia_gerd,-1,0.000000,nan
hiatal_hernia_repair,-1,0.000000,nan
hiatal_hernia_so,-1,0.000000,nan
hiatus_hernia,2,1.000000,-0.178747
hic,-1,0.000000,nan
hiccup,-1,0.000000,nan
hicklin,2,1.000000,0.391090
hicklin_and_karagama,2,1.000000,0.798810
hicklin_com,2,1.000000,0.767365
hicklin_in_london,2,1.000000,0.779072
hida_scan,2,0.938286,0.614759
high,-1,0.000000,nan
high_altitude,-1,0.000000,nan
high_deductible_plan,2,1.000000,0.548788
high_dosage,2,0.989514,0.211830
high_dose,2,1.000000,0.037552
high_fat,2,1.000000,-0.010573
high_fiber,2,1.000000,-0.047153
high_fibre,-1,0.000000,nan
high_fodmap,2,0.953835,0.080978
high_heart_rate,-1,0.000000,nan
high_incidence,2,1.000000,0.693692
high_note,-1,0.000000,nan
high_pressure,-1,0.000000,nan
high_protein,2,1.000000,0.081548
high_resolution,2,0.931141,0.315048
high_resolution_manometry,-1,0.000000,nan
high_risk,-1,0.000000,nan
high_school,-1,0.000000,nan
high_up,-1,0.000000,nan
high_waist,-1,0.000000,nan
highly_consider,2,1.000000,0.733541
highmark,2,1.000000,0.857917
hiking,-1,0.000000,nan
hilarious,-1,0.000000,nan
hip,2,1.000000,-0.205924
hip_flexor,-1,0.000000,nan
hirschsprung,2,1.000000,0.685555
his_nurse,-1,0.000000,nan
his_office,2,1.000000,0.371342
his_opinion,-1,0.000000,nan
his_paper,2,1.000000,0.299518
his_patient,-1,0.000000,nan
his_q,2,1.000000,0.819000
his_success_rate,-1,0.000000,nan
his_video,2,1.000000,0.252781
his_website,2,1.000000,0.528075
hispanic,2,1.000000,0.778020
hiss,-1,0.000000,nan
histamine_intolerance,-1,0.000000,nan
hit_high_note,-1,0.000000,nan
hmm_interest,2,0.993196,0.506187
hmo,2,1.000000,0.374796
hoarse,-1,0.000000,nan
hoarse_voice,-1,0.000000,nan
hoarseness,-1,0.000000,nan
hobby,-1,0.000000,nan
hoesli,2,1.000000,0.355831
hole,-1,0.000000,nan
holiday,-1,0.000000,nan
holistic,-1,0.000000,nan
hollow,-1,0.000000,nan
holy_cow,-1,0.000000,nan
holy_crap,-1,0.000000,nan
holy_shit,-1,0.000000,nan
home,-1,0.000000,nan
home_early,-1,0.000000,nan
home_page,2,1.000000,0.790916
home_remedy,-1,0.000000,nan
homeopathy,2,1.000000,0.821040
homer_simpson,2,0.944093,0.409731
hometown,2,1.000000,0.886414
homie,2,1.000000,0.659263
hook_up,-1,0.000000,nan
hope,-1,0.000000,nan
hopeful,-1,0.000000,nan
hopeless,-1,0.000000,nan
horizontal,-1,0.000000,nan
hormonal,-1,0.000000,nan
hormone,-1,0.000000,nan
horn,-1,0.000000,nan
horrendous,-1,0.000000,nan
horrible,-1,0.000000,nan
horrible_hypersalivation,2,1.000000,0.451332
horrific,-1,0.000000,nan
horror,-1,0.000000,nan
horror_story,-1,0.000000,nan
horse_pill,-1,0.000000,nan
hose,-1,0.000000,nan
hospital,2,1.000000,0.195223
hospital_charge,2,1.000000,0.712176
hospital_fee,2,1.000000,0.419019
hospital_fees,2,1.000000,0.485968
hospital_gown,-1,0.000000,nan
hospital_in_manchester,2,1.000000,0.743996
hospitalize,-1,0.000000,nan
hostile,2,1.000000,0.587551
hot,-1,0.000000,nan
hot_air,-1,0.000000,nan
hot_beverage,-1,0.000000,nan
hot_chocolate,2,0.980181,0.200780
hot_drink,2,1.000000,-0.233703
hot_flash,-1,0.000000,nan
hot_soup,2,1.000000,0.280555
hot_tea,2,1.000000,-0.091770
hot_water,2,0.958886,-0.098869
hot_water_bottle,-1,0.000000,nan
hotel_room,2,0.939721,0.314291
hotel_stay,2,1.000000,0.783826
hourglass_syndrome,-1,0.000000,nan
howdy,2,1.000000,0.758685
hrm,2,1.000000,0.718082
huel,2,1.000000,0.178931
huge_air_bubble,-1,0.000000,nan
huge_belch,-1,0.000000,nan
huge_belly,-1,0.000000,nan
huge_difference,-1,0.000000,nan
huge_emetophobe,-1,0.000000,nan
huge_meal,-1,0.000000,nan
huge_trigger,-1,0.000000,nan
huh_interest,2,1.000000,0.622914
humiliate,-1,0.000000,nan
hummus,2,1.000000,0.340147
hump,-1,0.000000,nan
hunch_over,2,0.963239,-0.123060
hundred_of_time,2,0.930947,0.129921
hunger,-1,0.000000,nan
hunger_cue,2,0.951744,0.313263
hunger_pain,-1,0.000000,nan
hungry,-1,0.000000,nan
hurt,-1,0.000000,nan
hus,2,1.000000,0.722285
husky,2,1.000000,0.538010
hydrate,-1,0.000000,nan
hydrogen,-1,0.000000,nan
hyoid_bone,2,0.939215,0.556866
hyper,-1,0.000000,nan
hyper_aware,-1,0.000000,nan
hyper_mobile,-1,0.000000,nan
hyper_mobility,-1,0.000000,nan
hyper_salivate,-1,0.000000,nan
hyper_salivation,-1,0.000000,nan
hyperemesis,-1,0.000000,nan
hyperhidrosis,2,1.000000,0.610988
hypermobile,2,0.929898,-0.143351
hypermobility,2,0.974551,-0.069799
hypersalivate,-1,0.000000,nan
hypersalivation,2,1.000000,-0.531886
hypersensitivity,-1,0.000000,nan
hypertensive,-1,0.000000,nan
hypertonic_pelvic_floor_dysfunction,2,0.977780,0.533638
hypertrophy,2,1.000000,0.504862
hyperventilation,-1,0.000000,nan
hypnosis,-1,0.000000,nan
hypnotherapy,-1,0.000000,nan
hypochondria,-1,0.000000,nan
hypothesis,-1,0.000000,nan
hypothesize,-1,0.000000,nan
hypothyroidism,-1,0.000000,nan
hysteria,-1,0.000000,nan
ibd,2,1.000000,0.050939
ibs,2,1.000000,-0.213232
ibs_c,-1,0.000000,nan
ibs_d,-1,0.000000,nan
ibs_diagnosis,-1,0.000000,nan
ibs_gerd,-1,0.000000,nan
ibs_sibo,2,0.936510,-0.019362
ibs_symptom,-1,0.000000,nan
ibuprofen,-1,0.000000,nan
ice,2,1.000000,-0.204351
ice_chip,2,0.945162,0.177480
ice_cream,2,1.000000,-0.057160
ice_lolly,2,1.000000,0.464931
ice_water,-1,0.000000,nan
icecream,2,0.971403,0.419724
ich,2,1.000000,0.018381
icky,-1,0.000000,nan
icon,2,1.000000,0.828004
id_argue,-1,0.000000,nan
id_love_to_hear,-1,0.000000,nan
id_rather,-1,0.000000,nan
id_say,-1,0.000000,nan
idaho,2,0.928077,0.606590
identical_twin,-1,0.000000,nan
identity,-1,0.000000,nan
idiopathic,2,1.000000,0.484287
iem,2,1.000000,0.572949
if_left_untreated,2,0.941914,0.032596
ignorance,-1,0.000000,nan
ignore,-1,0.000000,nan
ileus,-1,0.000000,nan
illinois,2,1.000000,0.527622
illness,-1,0.000000,nan
illustrate,-1,0.000000,nan
image,-1,0.000000,nan
imaging,2,1.000000,-0.015056
imaging_use_barium_contrast,-1,0.000000,nan
imam,2,0.955673,0.865274
imbalance,-1,0.000000,nan
imitate,-1,0.000000,nan
immeasurable,2,1.000000,0.769932
immediate_relief,-1,0.000000,nan
immense_amount,2,0.942274,0.424289
immune_system,-1,0.000000,nan
impair,-1,0.000000,nan
impatient,-1,0.000000,nan
impedance,-1,0.000000,nan
impede,-1,0.000000,nan
impending,2,1.000000,0.559373
implant,-1,0.000000,nan
implement,-1,0.000000,nan
implication,-1,0.000000,nan
important_event,-1,0.000000,nan
important_to_note,-1,0.000000,nan
impressive,-1,0.000000,nan
improper,-1,0.000000,nan
improve,-1,0.000000,nan
improvement,-1,0.000000,nan
inability_to_belch,-1,0.000000,nan
inability_to_belch_gurgle_noise,-1,0.000000,nan
inability_to_burp,2,0.945304,-0.261069
inability_to_relax,-1,0.000000,nan
inability_to_vomit,-1,0.000000,nan
inaudible,-1,0.000000,nan
incapable,-1,0.000000,nan
incapacitate,-1,0.000000,nan
incessant,-1,0.000000,nan
incidence,-1,0.000000,nan
incident,-1,0.000000,nan
incision,-1,0.000000,nan
incline,2,1.000000,-0.150438
incompetent,-1,0.000000,nan
incomplete,-1,0.000000,nan
inconclusive,-1,0.000000,nan
inconsistent,-1,0.000000,nan
inconvenience,-1,0.000000,nan
inconvenient,-1,0.000000,nan
incorrect,-1,0.000000,nan
increase,-1,0.000000,nan
increase_awareness,-1,0.000000,nan
increase_in_frequency,-1,0.000000,nan
increase_in_severity,-1,0.000000,nan
incredible_helpful,2,1.000000,0.645928
incredible_nauseous,-1,0.000000,nan
incredible_pain,-1,0.000000,nan
incredible_uncomfortable,-1,0.000000,nan
incredible_validate,2,1.000000,0.711339
indescribable,-1,0.000000,nan
index_finger,-1,0.000000,nan
indigestion,2,1.000000,-0.467483
individual,-1,0.000000,nan
individual_funding_request,2,0.967395,0.752067
individual_funding_request_ifr,2,0.972947,0.701484
indoor,-1,0.000000,nan
induce,-1,0.000000,nan
induce_gag_reflex,2,1.000000,0.570279
induce_vomit,-1,0.000000,nan
induction,2,1.000000,0.620619
indulge,-1,0.000000,nan
ineffective,-1,0.000000,nan
ineffective_esophageal_motility,-1,0.000000,nan
infamous,-1,0.000000,nan
infancy,2,0.982595,-0.068060
infant,2,0.988829,-0.222569
infection,-1,0.000000,nan
inflame,-1,0.000000,nan
inflame_esophagus,-1,0.000000,nan
inflammation,2,0.956388,-0.362738
inflate,2,1.000000,-0.401032
inflate_balloon,-1,0.000000,nan
inform,-1,0.000000,nan
information,-1,0.000000,nan
information_about,2,1.000000,0.355510
infrequent,-1,0.000000,nan
ingest,-1,0.000000,nan
ingredient,2,1.000000,-0.145519
inguinal,2,1.000000,0.622065
inhale,-1,0.000000,nan
inherently,2,1.000000,0.617012
inhibitor,2,1.000000,0.110881
initial_appointment,2,1.000000,0.371905
initial_consult,2,1.000000,0.379505
initial_consultation,2,1.000000,0.322910
initial_deny,2,1.000000,0.669792
initial_stage,2,1.000000,0.526727
initial_visit,2,1.000000,0.424846
inject,2,0.951649,-0.056711
inject_100_unit,-1,0.000000,nan
inject_into,-1,0.000000,nan
injection,-1,0.000000,nan
injection_itself,-1,0.000000,nan
injection_site,-1,0.000000,nan
injure,-1,0.000000,nan
injury,-1,0.000000,nan
inopportune,2,1.000000,0.459525
insane,-1,0.000000,nan
insecure,-1,0.000000,nan
insecure_about,2,1.000000,0.399185
insecurity,-1,0.000000,nan
insert,2,1.000000,-0.084681
insert_into,-1,0.000000,nan
insertion,-1,0.000000,nan
inside,2,0.933045,-0.376440
insist,2,0.971230,0.345191
insistent,-1,0.000000,nan
insomnia,-1,0.000000,nan
inspire,2,0.960959,0.359796
instability,2,0.977074,0.729700
instagram,2,1.000000,0.324623
installment,2,1.000000,0.806643
instance,-1,0.000000,nan
instant_relief,-1,0.000000,nan
instinct,-1,0.000000,nan
institution,2,1.000000,0.519716
instrument,-1,0.000000,nan
insurance_anthem,2,1.000000,0.790771
insurance_company,2,1.000000,0.274831
insurance_cover,2,1.000000,0.275206
insurance_coverage,2,1.000000,0.359021
insurance_provider,2,1.000000,0.463737
insurer,2,1.000000,0.325450
intel,2,1.000000,0.770318
intense,-1,0.000000,nan
intense_fear,-1,0.000000,nan
intense_nausea,-1,0.000000,nan
intense_pain,-1,0.000000,nan
intense_pressure,-1,0.000000,nan
intensify,-1,0.000000,nan
intensity,-1,0.000000,nan
intentional,-1,0.000000,nan
interest,-1,0.000000,nan
interest_to_hear,-1,0.000000,nan
interfere,-1,0.000000,nan
intermittent,-1,0.000000,nan
internal,-1,0.000000,nan
internal_injection,2,1.000000,0.280787
internal_organ,-1,0.000000,nan
international,2,1.000000,0.547605
internet,2,0.946571,0.207254
internet_post,-1,0.000000,nan
intestinal,2,0.991212,-0.270340
intestinal_gas,-1,0.000000,nan
intestinal_necrosis,-1,0.000000,nan
intestine,2,1.000000,-0.426875
into_account,-1,0.000000,nan
into_adulthood,2,1.000000,0.520308
into_perspective,-1,0.000000,nan
intolerance,2,1.000000,-0.110308
intolerant,2,1.000000,-0.019008
introduction,-1,0.000000,nan
intrusive,-1,0.000000,nan
intubate,-1,0.000000,nan
intubation,-1,0.000000,nan
intubation_tube,-1,0.000000,nan
intuit,2,1.000000,0.622710
invasive_procedure,-1,0.000000,nan
inversion,-1,0.000000,nan
investigate,-1,0.000000,nan
investigation,-1,0.000000,nan
invisible,-1,0.000000,nan
involuntary,-1,0.000000,nan
involuntary_dry,-1,0.000000,nan
involuntary_dry_heave,-1,0.000000,nan
involuntary_microburp,-1,0.000000,nan
involvement,-1,0.000000,nan
inwards,-1,0.000000,nan
iqoro,-1,0.000000,nan
iron,2,0.932833,-0.042679
iron_supplement,-1,0.000000,nan
irrational,-1,0.000000,nan
irrational_fear,-1,0.000000,nan
irregular,-1,0.000000,nan
irregularity,-1,0.000000,nan
irreversible,-1,0.000000,nan
irritable,-1,0.000000,nan
irritate,-1,0.000000,nan
irritation,-1,0.000000,nan
ish,-1,0.000000,nan
issaquah,2,1.000000,0.922433
issue,-1,0.000000,nan
issue_e_g,-1,0.000000,nan
italy,2,1.000000,0.473837
itch,-1,0.000000,nan
itemize_bill,2,1.000000,0.752284
its_own,-1,0.000000,nan
its_unlikely,-1,0.000000,nan
iu_health,2,1.000000,0.866175
iv,2,0.939245,-0.093836
iv_for_dehydration,-1,0.000000,nan
jab,-1,0.000000,nan
jackass,2,1.000000,0.601518
jacket,2,1.000000,0.502139
jacob,2,1.000000,0.822261
jag,2,1.000000,0.058069
jai_fait,2,1.000000,0.748103
james,-1,0.000000,nan
jan,2,1.000000,0.454976
jan_2022,2,1.000000,0.772083
jan_2023,2,1.000000,0.779318
jan_2025,-1,0.000000,nan
january,2,1.000000,0.342643
japan,2,1.000000,0.712562
jaw,2,1.000000,-0.395515
jaw_slightly,-1,0.000000,nan
jealous,-1,0.000000,nan
jealous_of_people_who,2,1.000000,0.526433
jealousy,2,1.000000,0.621022
jean,2,1.000000,0.722558
jeans,-1,0.000000,nan
jeff,2,1.000000,0.836504
jefferson,2,1.000000,0.497059
jello,2,1.000000,-0.030150
jelly,2,1.000000,0.311595
jinx,2,1.000000,0.611147
jitter,2,1.000000,0.361680
jog,-1,0.000000,nan
john_hopkins,2,1.000000,0.420319
join_reddit,2,0.987635,0.481394
join_this_subreddit,2,1.000000,0.612317
joke,-1,0.000000,nan
joke_about,-1,0.000000,nan
joker,2,1.000000,0.707940
jolt,-1,0.000000,nan
journal,2,1.000000,0.462401
journal_article,-1,0.000000,nan
journey,-1,0.000000,nan
juice,2,1.000000,-0.202312
july,2,1.000000,0.322334
july_2023,2,0.975710,0.292086
june,2,1.000000,0.384176
june_2022,2,1.000000,0.717878
junk_food,-1,0.000000,nan
just_curious,-1,0.000000,nan
jut_out,2,1.000000,-0.086952
kahrilas,2,1.000000,0.795493
kaiser,2,1.000000,0.430622
kaiser_permanente,2,1.000000,0.617466
karagama,2,1.000000,0.346424
keen_to_hear,-1,0.000000,nan
keep_in_touch,2,0.972181,0.538074
keep_practice,-1,0.000000,nan
keep_us_update,2,0.991911,0.414382
keeper,2,1.000000,0.700482
kefir,2,1.000000,0.144151
keg,2,1.000000,0.664199
kentucky,2,1.000000,0.463941
keratosis,2,1.000000,0.681222
keto,-1,0.000000,nan
keto_diet,-1,0.000000,nan
key,-1,0.000000,nan
keyword,-1,0.000000,nan
kick,-1,0.000000,nan
kid,-1,0.000000,nan
kill,-1,0.000000,nan
killer,-1,0.000000,nan
kind_of_gross,-1,0.000000,nan
kind_stranger,2,1.000000,0.795325
kink,-1,0.000000,nan
kiss,2,0.934676,0.045627
klonopin,-1,0.000000,nan
knee,2,1.000000,-0.349782
kneel,-1,0.000000,nan
knock_out,2,0.948969,0.010039
knot,2,0.937503,-0.406238
know_to_treat_r,2,1.000000,0.502523
knowledge,2,1.000000,0.164197
knowledgeable,-1,0.000000,nan
knuckle,-1,0.000000,nan
kombucha,2,1.000000,0.128303
ktc,2,0.964070,-0.043238
kyphosis,2,1.000000,0.558059
la_croix,2,1.000000,0.154646
lab,2,1.000000,0.214833
lack_of_ability,2,0.945743,0.357277
lack_of_appetite,-1,0.000000,nan
lack_thereof,2,1.000000,0.592872
lacroix,2,1.000000,0.239914
lactase,-1,0.000000,nan
lactose,2,1.000000,-0.191548
lactose_free,2,1.000000,0.176875
lactose_intolerance,2,1.000000,-0.259172
lactose_intolerant,2,1.000000,-0.082338
lakeshore,2,0.969123,0.695735
lame,-1,0.000000,nan
landscape,2,0.961126,0.718776
language,-1,0.000000,nan
lansoprazole,2,1.000000,0.106026
lap,-1,0.000000,nan
laparoscopy,-1,0.000000,nan
large_amount,-1,0.000000,nan
large_belch,-1,0.000000,nan
large_bowel,2,0.935027,-0.333082
large_dose,-1,0.000000,nan
large_intestine,-1,0.000000,nan
large_meal,-1,0.000000,nan
large_pill,-1,0.000000,nan
large_portion,-1,0.000000,nan
large_than,-1,0.000000,nan
largely_prevent,2,1.000000,0.463088
laryngeal,-1,0.000000,nan
laryngeal_dystonia,-1,0.000000,nan
laryngeal_spasm,-1,0.000000,nan
laryngeospasm,-1,0.000000,nan
laryngologist,2,1.000000,0.253148
laryngologist_who,2,1.000000,0.590392
laryngopedia,2,1.000000,0.400373
laryngopharyngeal_reflux,-1,0.000000,nan
laryngopharyngeal_reflux_lpr,2,0.947565,0.566104
laryngoscope,2,1.000000,0.025454
laryngospasm,-1,0.000000,nan
larynx,2,1.000000,-0.299210
larynx_lower,2,1.000000,0.097162
larynx_lower_exercise,2,1.000000,0.074580
larynx_lower_voice,-1,0.000000,nan
laser,-1,0.000000,nan
last_august,2,1.000000,0.594785
last_ditch,2,1.000000,0.667882
last_paragraph,2,1.000000,0.662309
last_resort,-1,0.000000,nan
last_tuesday,2,0.951113,0.429358
last_year,-1,0.000000,nan
latch,2,1.000000,0.571175
late_20s,2,0.975625,-0.038705
late_30s,-1,0.000000,nan
late_afternoon,-1,0.000000,nan
late_reply,-1,0.000000,nan
late_teen,2,0.975625,-0.127174
late_twenties,-1,0.000000,nan
lateral,-1,0.000000,nan
latest,2,1.000000,0.621573
laugh,-1,0.000000,nan
laugh_yawn,-1,0.000000,nan
laughter,-1,0.000000,nan
lawyer,-1,0.000000,nan
lax,2,1.000000,0.582235
laxative,-1,0.000000,nan
lay,2,1.000000,-0.274992
lay_down,-1,0.000000,nan
lay_down_flat,-1,0.000000,nan
lay_down_in_bed,-1,0.000000,nan
lay_flat,2,0.965026,-0.253082
lazy,-1,0.000000,nan
lb,-1,0.000000,nan
le_27_fever,2,1.000000,0.306620
lead_to_sibo,-1,0.000000,nan
leafy_green,2,0.972724,0.358941
league,2,1.000000,0.663541
leak,-1,0.000000,nan
leak_gut,-1,0.000000,nan
leak_into,-1,0.000000,nan
lean,2,1.000000,-0.287011
lean_against,2,0.953308,0.472231
lean_back,2,1.000000,-0.248707
lean_down,-1,0.000000,nan
lean_forward,2,1.000000,-0.342920
lean_into,-1,0.000000,nan
lean_onto,-1,0.000000,nan
lean_over,-1,0.000000,nan
learn,-1,0.000000,nan
learn_behavior,-1,0.000000,nan
learn_how,-1,0.000000,nan
learn_to_control,-1,0.000000,nan
least_partially,-1,0.000000,nan
leave_early,-1,0.000000,nan
leave_r_cpd,-1,0.000000,nan
left_ear,-1,0.000000,nan
left_leg,-1,0.000000,nan
left_nostril,-1,0.000000,nan
left_rib_cage,-1,0.000000,nan
left_side,-1,0.000000,nan
left_untreated,2,0.930162,0.054920
leg,2,1.000000,-0.207766
leg_up,-1,0.000000,nan
lego,2,1.000000,0.688519
legume,2,1.000000,0.075697
lemonade,2,1.000000,-0.133358
lenox,2,1.000000,0.880289
lentil,2,1.000000,0.131184
les,2,1.000000,-0.300988
les_function,-1,0.000000,nan
les_lower_esophageal,-1,0.000000,nan
lesbian,-1,0.000000,nan
less,-1,0.000000,nan
less_accurate,-1,0.000000,nan
less_alone,-1,0.000000,nan
less_anxious,-1,0.000000,nan
less_bloat,-1,0.000000,nan
less_expensive,2,0.937525,0.672297
less_flatulence,-1,0.000000,nan
less_frequently,-1,0.000000,nan
less_gassy,-1,0.000000,nan
less_invasive,-1,0.000000,nan
less_nauseous,-1,0.000000,nan
less_scary,-1,0.000000,nan
less_severe,-1,0.000000,nan
less_traumatic,-1,0.000000,nan
lessen,-1,0.000000,nan
let_out,-1,0.000000,nan
lethargic,-1,0.000000,nan
letter,2,1.000000,0.378551
lettuce,2,1.000000,0.414317
level,-1,0.000000,nan
level_of_severity,2,1.000000,0.574987
lexington,2,1.000000,0.612253
liable,2,1.000000,0.656556
liberate,-1,0.000000,nan
license,2,0.970220,0.471279
lid,-1,0.000000,nan
lidocaine,-1,0.000000,nan
lidocaine_spray,-1,0.000000,nan
lie,-1,0.000000,nan
lie_down,-1,0.000000,nan
lie_down_flat,-1,0.000000,nan
lie_flat,2,0.973518,-0.240164
life_alter,-1,0.000000,nan
life_change,-1,0.000000,nan
life_threaten,-1,0.000000,nan
life_upgrade,2,1.000000,0.718301
lifelong,-1,0.000000,nan
lifelong_basis,-1,0.000000,nan
lifelong_burper,-1,0.000000,nan
lifelong_inability,-1,0.000000,nan
lifelong_no_burper,-1,0.000000,nan
lifelong_non_burper,2,1.000000,0.664193
lifelong_r_cpd,-1,0.000000,nan
lifestyle,-1,0.000000,nan
lifestyle_change,-1,0.000000,nan
lifetime,-1,0.000000,nan
lifetime_noburper,2,1.000000,0.652163
lift,2,1.000000,-0.195707
ligament,-1,0.000000,nan
light,-1,0.000000,nan
light_cough,-1,0.000000,nan
light_head,-1,0.000000,nan
lightheaded,-1,0.000000,nan
lightheadedness,-1,0.000000,nan
lightweight,-1,0.000000,nan
like_bread,2,1.000000,-0.168578
like_crap,-1,0.000000,nan
like_crazy,-1,0.000000,nan
like_wtf,-1,0.000000,nan
likelihood,-1,0.000000,nan
likely_due,-1,0.000000,nan
lin,-1,0.000000,nan
line_between,-1,0.000000,nan
linger,-1,0.000000,nan
lining,-1,0.000000,nan
link_between,2,0.968064,-0.072012
link_to_r_cpd,-1,0.000000,nan
linx,-1,0.000000,nan
liquefy,2,1.000000,-0.063735
liquid,-1,0.000000,nan
liquid_baby_advil,2,1.000000,0.577715
liquid_baby_ibuprofen,-1,0.000000,nan
liquid_child_ibuprofen,-1,0.000000,nan
liquid_diet,2,0.933260,-0.011412
liquid_gaviscon,-1,0.000000,nan
liquid_ibuprofen,-1,0.000000,nan
liquid_tylenol,-1,0.000000,nan
liquor,2,1.000000,0.014890
list_above,-1,0.000000,nan
list_of_specialist,2,1.000000,0.477612
listen,-1,0.000000,nan
listen_to_your_body,-1,0.000000,nan
liter,2,1.000000,0.186087
literally_cry,-1,0.000000,nan
literature,2,1.000000,0.279201
little_background,-1,0.000000,nan
little_confuse,-1,0.000000,nan
little_nervous,-1,0.000000,nan
little_pop,-1,0.000000,nan
little_scratch,-1,0.000000,nan
little_sore,2,0.952232,-0.064521
little_tired,-1,0.000000,nan
live_memory,-1,0.000000,nan
live_near,2,1.000000,0.636506
liver,-1,0.000000,nan
llama,2,1.000000,0.800152
lmfao,-1,0.000000,nan
local,2,1.000000,0.322420
local_anesthesia,2,1.000000,0.071636
local_anesthetic,2,1.000000,0.001641
local_ccg,2,0.985428,0.649034
local_doctor,2,1.000000,0.462461
local_ent,2,1.000000,0.384969
local_hospital,2,1.000000,0.552487
localize,-1,0.000000,nan
location,2,0.967425,0.257162
lodge,-1,0.000000,nan
log,-1,0.000000,nan
logical_sense,-1,0.000000,nan
logo,-1,0.000000,nan
lol,-1,0.000000,nan
london_uk,2,1.000000,0.567090
lonely,-1,0.000000,nan
long_haul,-1,0.000000,nan
long_term,-1,0.000000,nan
long_time_lurker,2,1.000000,0.308456
long_wind,-1,0.000000,nan
longstanding,-1,0.000000,nan
longtime,2,0.993184,0.432130
look_down,2,1.000000,-0.189604
look_forward,2,0.943751,0.417235
look_pregnant,-1,0.000000,nan
loopy,-1,0.000000,nan
loose,-1,0.000000,nan
loose_stool,-1,0.000000,nan
loosen,2,0.944013,-0.278902
loosen_up,2,0.948183,-0.210318
los_angeles,2,1.000000,0.478196
lose_hope,-1,0.000000,nan
lose_weight,-1,0.000000,nan
loss,-1,0.000000,nan
loss_of_appetite,-1,0.000000,nan
loss_of_voice,-1,0.000000,nan
lot_of_effort,-1,0.000000,nan
lot_of_phlegm,-1,0.000000,nan
lottery,2,0.943180,0.554622
loud,-1,0.000000,nan
loud_af,2,1.000000,0.607804
loud_and_proud,-1,0.000000,nan
loud_belch,-1,0.000000,nan
loud_gurgle_noise,-1,0.000000,nan
loud_hiccup,-1,0.000000,nan
loud_music,-1,0.000000,nan
loud_noise,-1,0.000000,nan
loudness,2,0.956889,0.477326
louisiana,2,1.000000,0.376575
lounge,-1,0.000000,nan
love_coffee,-1,0.000000,nan
lovely,-1,0.000000,nan
lover,2,0.972624,0.505564
low_acid,-1,0.000000,nan
low_appetite,-1,0.000000,nan
low_carbohydrate,-1,0.000000,nan
low_dose,-1,0.000000,nan
low_energy,2,1.000000,0.617235
low_fodmap,2,1.000000,0.038380
low_fodmap_diet,2,0.981262,-0.032902
low_income,2,1.000000,0.764494
low_iron,2,0.967886,0.633495
low_level,-1,0.000000,nan
low_quality,2,1.000000,0.727124
low_stomach_acid,-1,0.000000,nan
lower,2,0.967024,-0.392619
lower_abdomen,2,0.978682,-0.481663
lower_dose,2,1.000000,0.120090
lower_down,-1,0.000000,nan
lower_esophageal,-1,0.000000,nan
lower_esophageal_sphincter,2,1.000000,-0.341647
lower_esophageal_sphincter_les,-1,0.000000,nan
lower_esophagus,2,1.000000,-0.326608
lower_gi,-1,0.000000,nan
lower_gi_tract,2,0.997170,0.463189
lower_jaw,2,1.000000,-0.156026
lower_jaw_forward,2,0.947771,0.268680
lower_larynx,-1,0.000000,nan
lower_part,-1,0.000000,nan
lower_sphincter,2,1.000000,-0.344480
lower_success_rate,2,1.000000,0.083659
lowkey,-1,0.000000,nan
lpr,2,1.000000,-0.323410
lpr_reflux,-1,0.000000,nan
lpr_silent_reflux,-1,0.000000,nan
lpr_symptom,-1,0.000000,nan
lucy,2,1.000000,0.244731
lucy_hicklin,2,1.000000,0.326031
lucy_hicklin_in_london,2,1.000000,0.420088
lucy_hickling,2,1.000000,0.729915
lump,2,0.952232,-0.330055
lunatic,2,1.000000,0.653146
lunch,2,0.960033,-0.141523
lung,2,1.000000,-0.405896
lung_and_heart,-1,0.000000,nan
lung_capacity,-1,0.000000,nan
lurker_here,2,1.000000,0.727454
lycra_till,2,1.000000,0.827531
lye,2,1.000000,0.574295
lyft,2,0.931659,0.687514
lyme,2,1.000000,0.574722
lymph_node,-1,0.000000,nan
mac_and_cheese,2,1.000000,0.117359
mac_n_cheese,2,0.985161,0.365256
machine,-1,0.000000,nan
machine_gun,-1,0.000000,nan
mad,-1,0.000000,nan
magic_bullet,2,0.944363,0.596003
magic_mushroom,2,0.972208,0.657560
magic_number,2,1.000000,0.671583
magnesium,2,0.972168,-0.086886
magnify,-1,0.000000,nan
maiden,2,1.000000,0.804194
main_cause,-1,0.000000,nan
main_concern,-1,0.000000,nan
main_difference,-1,0.000000,nan
main_hospital,-1,0.000000,nan
main_issue,-1,0.000000,nan
main_symptom,2,0.938418,-0.289967
maintain,-1,0.000000,nan
maintain_weight,2,1.000000,0.565272
maintenance,2,1.000000,0.155314
major,-1,0.000000,nan
major_change,-1,0.000000,nan
make_fun,-1,0.000000,nan
make_myself,-1,0.000000,nan
make_themselves,-1,0.000000,nan
make_yourself,-1,0.000000,nan
malabsorption,-1,0.000000,nan
maladie,2,1.000000,0.805006
malaise,2,0.974412,0.357841
male,-1,0.000000,nan
malfunction,2,1.000000,-0.334639
malfunction_les,-1,0.000000,nan
malign,-1,0.000000,nan
mall,-1,0.000000,nan
malnourish,-1,0.000000,nan
malnutrition,-1,0.000000,nan
manchester,2,1.000000,0.439134
maneuver,2,0.966436,-0.215999
maniac,-1,0.000000,nan
manipulate,2,0.940426,-0.087451
manitoba,2,1.000000,0.782436
manometer,-1,0.000000,nan
manometry,2,1.000000,-0.017845
manometry_and_barium,-1,0.000000,nan
manometry_ph,2,0.983058,0.771083
manometry_show,-1,0.000000,nan
manometry_study,-1,0.000000,nan
manometry_test,2,1.000000,0.113124
mantra,-1,0.000000,nan
manual,-1,0.000000,nan
manual_open,-1,0.000000,nan
many_aspect,2,1.000000,0.525359
march,2,1.000000,0.353287
march_2023,2,0.937012,0.370724
marfan,2,1.000000,0.563693
marijuana,-1,0.000000,nan
marine,2,1.000000,0.776099
marino,2,1.000000,0.760681
mark,-1,0.000000,nan
mark_fritz,2,1.000000,0.909441
mark_rafferty,2,1.000000,0.884033
marker,-1,0.000000,nan
marry,-1,0.000000,nan
martini,2,1.000000,0.175302
mash_potato,2,1.000000,-0.118551
massage,2,0.975507,-0.265881
massage_gun,-1,0.000000,nan
massage_therapist,-1,0.000000,nan
massive_amount,-1,0.000000,nan
massive_belch,2,0.994610,0.459794
massive_difference,-1,0.000000,nan
mast_cell,2,1.000000,0.475536
material,-1,0.000000,nan
maternity,-1,0.000000,nan
matter_of_fact,-1,0.000000,nan
maybe_once,-1,0.000000,nan
maybe_once_or_twice,2,0.946164,-0.003451
maybe_twice,-1,0.000000,nan
mayo_clinic,-1,0.000000,nan
mcas,2,0.977131,0.138938
mdma,-1,0.000000,nan
mds,-1,0.000000,nan
meal,-1,0.000000,nan
meal_replacement_shake,2,1.000000,0.169662
meander,2,1.000000,0.496125
meaningless,-1,0.000000,nan
meantime,-1,0.000000,nan
meat,2,1.000000,-0.198651
meat_and_dairy,2,1.000000,0.550272
mechanical,2,0.977975,-0.331984
mechanism,-1,0.000000,nan
mechanism_of_action,-1,0.000000,nan
medicaid,2,1.000000,0.337060
medical_background,-1,0.000000,nan
medical_bankruptcy,2,1.000000,0.751927
medical_bill,2,1.000000,0.602431
medical_care,-1,0.000000,nan
medical_community,2,1.000000,0.226353
medical_condition,-1,0.000000,nan
medical_expertise,2,1.000000,0.762321
medical_field,-1,0.000000,nan
medical_history,2,0.940261,0.269184
medical_issue,-1,0.000000,nan
medical_journal,2,1.000000,0.389175
medical_name,-1,0.000000,nan
medical_necessary,2,1.000000,0.369213
medical_paper,-1,0.000000,nan
medical_professional,2,0.965868,0.098583
medical_setting,-1,0.000000,nan
medical_staff,2,1.000000,0.784918
medical_study,-1,0.000000,nan
medical_test,-1,0.000000,nan
medical_world,-1,0.000000,nan
medicare,2,1.000000,0.356077
medicate,-1,0.000000,nan
medication,2,1.000000,-0.182760
medicinal,2,1.000000,0.703461
medicine,-1,0.000000,nan
meditation,-1,0.000000,nan
medium_size,-1,0.000000,nan
meet,-1,0.000000,nan
meet_anyone,-1,0.000000,nan
meeting,-1,0.000000,nan
mega_post,2,1.000000,0.657650
megathread,2,1.000000,0.718455
meh,-1,0.000000,nan
mellow_out,-1,0.000000,nan
melodramatic,2,1.000000,0.524648
melt,-1,0.000000,nan
meltdown,2,1.000000,0.621600
membrane,2,1.000000,0.525273
memory,-1,0.000000,nan
menopause,-1,0.000000,nan
menstrual,2,1.000000,0.523278
menstrual_cycle,-1,0.000000,nan
mental,-1,0.000000,nan
mental_and_physical,-1,0.000000,nan
mental_block,-1,0.000000,nan
mental_component,-1,0.000000,nan
mental_health,-1,0.000000,nan
mental_state,-1,0.000000,nan
menthol,-1,0.000000,nan
mention_this_subreddit,2,0.968411,0.670255
mere,-1,0.000000,nan
mess,-1,0.000000,nan
mess_up,-1,0.000000,nan
metabolic,2,0.992564,0.615828
metabolism,-1,0.000000,nan
metal,-1,0.000000,nan
metallic_taste,2,1.000000,0.365244
metamucil,2,1.000000,0.647318
methane,2,0.930371,-0.168151
methane_sibo,2,1.000000,0.670029
method,-1,0.000000,nan
metoclopramide,-1,0.000000,nan
mi_jin_yoo,2,1.000000,0.841004
miami,2,1.000000,0.702100
michael,2,0.996411,0.726784
michael_learner,2,1.000000,0.688585
michigan,2,1.000000,0.482462
micro,2,0.947516,-0.102853
micro_burp,-1,0.000000,nan
micro_burp_but,-1,0.000000,nan
micro_burp_start,-1,0.000000,nan
micro_burp_today,-1,0.000000,nan
micro_burp_when,-1,0.000000,nan
micro_burp_which,-1,0.000000,nan
micro_burp_yesterday,2,0.939845,0.505985
micro_vibration,2,1.000000,0.540140
microbiome,-1,0.000000,nan
microburp,-1,0.000000,nan
mid_20s,2,0.942327,-0.058696
mid_30s,2,0.963048,-0.019349
mid_july,2,1.000000,0.563438
mid_late_twenties,2,1.000000,0.581330
mid_morning,-1,0.000000,nan
mid_sentence,-1,0.000000,nan
mid_september,2,1.000000,0.612943
mid_teen,2,1.000000,0.613415
mid_twenties,-1,0.000000,nan
middle_finger,2,0.967724,-0.111699
midsection,-1,0.000000,nan
midtown,2,1.000000,0.652975
midway,2,0.966171,0.718719
midwest_center_for_day,2,0.976681,0.385810
midwest_surgery_center,2,1.000000,0.733352
migraine,-1,0.000000,nan
migration,-1,0.000000,nan
mike,-1,0.000000,nan
mild,-1,0.000000,nan
mild_case,-1,0.000000,nan
mild_cold,-1,0.000000,nan
mild_discomfort,-1,0.000000,nan
mild_form,-1,0.000000,nan
mild_side_effect,-1,0.000000,nan
mild_sore,2,0.927603,-0.144208
mild_version,-1,0.000000,nan
milk,2,1.000000,-0.254109
milkshake,2,1.000000,-0.018383
million_time_worse,2,1.000000,0.482787
mimosa,2,0.961533,0.506972
mind_blow,-1,0.000000,nan
mind_share,-1,0.000000,nan
mindfulness,-1,0.000000,nan
mineral,-1,0.000000,nan
mini,-1,0.000000,nan
mini_burp,2,0.947516,-0.200827
miniature,2,1.000000,0.573223
minimal_invasive,-1,0.000000,nan
minimal_side_effect,-1,0.000000,nan
minor,-1,0.000000,nan
minor_inconvenience,-1,0.000000,nan
minor_slow,-1,0.000000,nan
minor_sore,-1,0.000000,nan
mint,2,0.950574,-0.323525
mint_tea,-1,0.000000,nan
minty,-1,0.000000,nan
miracle,-1,0.000000,nan
miracle_cure,-1,0.000000,nan
miralax,-1,0.000000,nan
mirror,-1,0.000000,nan
mirtazapine,-1,0.000000,nan
misbehave,2,1.000000,0.434453
misdiagnose,2,0.934262,-0.020404
misdiagnose_with_gerd,-1,0.000000,nan
misdiagnose_with_ibs,-1,0.000000,nan
misdiagnosis,2,0.963916,0.068062
miserable,-1,0.000000,nan
misery,-1,0.000000,nan
misinformation,-1,0.000000,nan
misleading,-1,0.000000,nan
misophonia,2,1.000000,0.466009
miss_out,-1,0.000000,nan
mitigation,2,1.000000,0.530566
mix_drink,2,1.000000,-0.067895
mix_of_both,2,1.000000,0.446755
mixer,2,1.000000,-0.059659
mob_mentality,2,1.000000,0.565468
mobility,-1,0.000000,nan
mock,-1,0.000000,nan
moderate,-1,0.000000,nan
modify,-1,0.000000,nan
modify_barium_swallow,2,1.000000,0.178042
molar,-1,0.000000,nan
mom,-1,0.000000,nan
moncton,2,1.000000,0.877247
monday,2,1.000000,0.319574
monday_morning,2,1.000000,0.476448
mondino,2,1.000000,0.368782
monster,-1,0.000000,nan
montana,-1,0.000000,nan
month_post_op,-1,0.000000,nan
month_pregnant,-1,0.000000,nan
monthly,2,1.000000,0.453108
moo,2,1.000000,0.654073
moon,-1,0.000000,nan
more_accurate,2,0.943790,0.176493
more_comfortable,-1,0.000000,nan
more_common,-1,0.000000,nan
more_complex,-1,0.000000,nan
more_confident,-1,0.000000,nan
more_consistent,-1,0.000000,nan
more_discreet,2,0.929730,0.436233
more_effort,-1,0.000000,nan
more_energy,-1,0.000000,nan
more_expensive,2,1.000000,0.309590
more_frequent,-1,0.000000,nan
more_frequently,-1,0.000000,nan
more_information,2,0.951534,0.461596
more_intense,-1,0.000000,nan
more_invasive,-1,0.000000,nan
more_likely,-1,0.000000,nan
more_often,-1,0.000000,nan
more_power,-1,0.000000,nan
more_pressure_knot,-1,0.000000,nan
more_prevalent,-1,0.000000,nan
more_prominent,-1,0.000000,nan
more_prone,-1,0.000000,nan
more_sensitive,-1,0.000000,nan
more_social_acceptable,2,1.000000,0.557429
mortify,-1,0.000000,nan
moscaritolo,2,1.000000,0.847827
most_gps,-1,0.000000,nan
most_likely,-1,0.000000,nan
most_of_us,-1,0.000000,nan
most_part,-1,0.000000,nan
most_people,-1,0.000000,nan
mother,-1,0.000000,nan
motility,2,0.938861,-0.205186
motility_disorder,-1,0.000000,nan
motility_issue,-1,0.000000,nan
motility_test,2,1.000000,0.083397
motilium,2,1.000000,0.604097
motion,2,0.997392,-0.325296
motion_sick,-1,0.000000,nan
motion_sickness,-1,0.000000,nan
motivate,-1,0.000000,nan
motor,-1,0.000000,nan
motrin,-1,0.000000,nan
mountain,-1,0.000000,nan
mouth,-1,0.000000,nan
mouth_breathe,-1,0.000000,nan
mouth_close,-1,0.000000,nan
mouth_open,-1,0.000000,nan
mouth_shut,-1,0.000000,nan
mouthful,-1,0.000000,nan
mouthful_of_food,-1,0.000000,nan
mouthful_of_water,-1,0.000000,nan
mouthguard,2,0.943820,0.677585
mouthwash,-1,0.000000,nan
move,-1,0.000000,nan
move_around,-1,0.000000,nan
move_down,2,0.947327,-0.275799
movement,2,0.951272,-0.348108
mr,2,1.000000,0.443084
mr_karagama,2,1.000000,0.357625
mr_karagama_at_bmi_blackheath,2,1.000000,0.886763
mr_mulla,2,0.942276,0.756273
mr_omar,-1,0.000000,nan
mr_yakubu_karagama,2,1.000000,0.514412
mri,2,1.000000,0.069786
ms_hicklin,2,1.000000,0.347545
ms_lucy_hicklin_in_london,2,0.986435,0.727167
mthfr,-1,0.000000,nan
much_better,-1,0.000000,nan
much_cheap,2,1.000000,0.323729
much_less,-1,0.000000,nan
much_more_comfortable,-1,0.000000,nan
much_sense,-1,0.000000,nan
much_worse,-1,0.000000,nan
mucinex,-1,0.000000,nan
mucosa,-1,0.000000,nan
mucous,-1,0.000000,nan
mucus,2,0.927840,-0.534507
mucus_phlegm,-1,0.000000,nan
mucus_production,-1,0.000000,nan
mucus_stuck,2,0.990814,0.300578
mucusy,2,0.957710,0.387021
mulla,2,0.950942,0.670600
multiple_dose,-1,0.000000,nan
multiple_injection,-1,0.000000,nan
multiple_round,-1,0.000000,nan
multivitamin,2,0.976107,0.500191
mum,-1,0.000000,nan
muscle,-1,0.000000,nan
muscle_memory,-1,0.000000,nan
muscle_relaxant,-1,0.000000,nan
muscle_relaxation,-1,0.000000,nan
muscle_responsible,-1,0.000000,nan
muscle_tension,-1,0.000000,nan
muscle_tension_dysphonia,-1,0.000000,nan
muscle_tone,2,1.000000,0.509295
muscle_weakness,-1,0.000000,nan
mush,-1,0.000000,nan
mushy,2,1.000000,0.404954
musician,-1,0.000000,nan
my_20s,2,0.975625,-0.186055
my_30s,2,0.960082,-0.099624
my_40s,-1,0.000000,nan
my_abdomen,2,1.000000,-0.486385
my_armpit,-1,0.000000,nan
my_aunt,-1,0.000000,nan
my_bf,-1,0.000000,nan
my_body,-1,0.000000,nan
my_boyfriend,-1,0.000000,nan
my_brother,2,0.988829,-0.090778
my_chest,2,0.943403,-0.486823
my_chin,2,1.000000,-0.254848
my_dad,2,0.930551,-0.049014
my_daughter,-1,0.000000,nan
my_deductible,2,1.000000,0.213582
my_family,-1,0.000000,nan
my_gag_reflex,-1,0.000000,nan
my_girlfriend,-1,0.000000,nan
my_gp,2,1.000000,0.247777
my_head,-1,0.000000,nan
my_husband,-1,0.000000,nan
my_life,-1,0.000000,nan
my_lung,-1,0.000000,nan
my_mouth,-1,0.000000,nan
my_own,-1,0.000000,nan
my_partner,-1,0.000000,nan
my_pcp,2,1.000000,0.218782
my_profile,-1,0.000000,nan
my_r_cpd,-1,0.000000,nan
my_rib_cage,-1,0.000000,nan
my_second_trimester,-1,0.000000,nan
my_shoulder_blade,2,0.943813,-0.281591
my_sternum,2,1.000000,-0.454781
my_throat,-1,0.000000,nan
my_tongue,2,0.968984,-0.381978
my_tooth,-1,0.000000,nan
my_torso,2,1.000000,-0.172011
my_uncle,-1,0.000000,nan
my_vocal_chord,-1,0.000000,nan
my_vocal_cord,-1,0.000000,nan
myalgia,2,1.000000,0.615737
mylanta,-1,0.000000,nan
myotomy,-1,0.000000,nan
myself_include,-1,0.000000,nan
mystery,-1,0.000000,nan
nacho,2,0.967081,0.500736
nail,-1,0.000000,nan
name,-1,0.000000,nan
namely,-1,0.000000,nan
nap,-1,0.000000,nan
narcissist,-1,0.000000,nan
narrow,-1,0.000000,nan
nasal,-1,0.000000,nan
nasal_breathe,2,1.000000,0.555763
nasal_cavity,-1,0.000000,nan
nasal_congestion,-1,0.000000,nan
nasal_drip,-1,0.000000,nan
nasal_endoscopy,-1,0.000000,nan
nasal_passage,2,0.951720,-0.253175
nasal_scope,-1,0.000000,nan
nasal_spray,-1,0.000000,nan
nasty,-1,0.000000,nan
nathan,2,1.000000,0.676663
native_english_speaker,2,0.967596,0.509217
natural,-1,0.000000,nan
naturopath,-1,0.000000,nan
naturopathic,-1,0.000000,nan
nausea,-1,0.000000,nan
nauseate,-1,0.000000,nan
nauseate_daily,-1,0.000000,nan
nauseous,1,1.000000,0.715072
nauzene,2,0.943882,0.591417
navel,-1,0.000000,nan
naw,2,1.000000,0.743002
nbs,2,1.000000,0.515372
nc,2,1.000000,0.527990
near_constant,-1,0.000000,nan
nearly_as_bad,-1,0.000000,nan
neck,-1,0.000000,nan
neck_and_shoulder,-1,0.000000,nan
neck_area,-1,0.000000,nan
neck_crunch,2,1.000000,0.666301
neck_exercise,2,1.000000,0.086191
neck_forward,2,1.000000,-0.216089
neck_jaw,-1,0.000000,nan
neck_massage,2,0.967680,0.340223
neck_movement,-1,0.000000,nan
neck_muscle,2,0.994374,-0.352854
neck_position,2,0.999851,0.084347
neck_posture,-1,0.000000,nan
neck_shoulder,-1,0.000000,nan
neck_strengthen,-1,0.000000,nan
neck_stretch,2,1.000000,0.012895
neck_upwards,2,0.974497,0.346853
needle_through,-1,0.000000,nan
negate,-1,0.000000,nan
negate_affect,-1,0.000000,nan
negative_effect,-1,0.000000,nan
negative_experience,-1,0.000000,nan
negative_pral,2,0.959010,0.573533
negative_reaction,2,1.000000,0.571471
negative_review,2,0.986136,0.669854
negative_side_effect,-1,0.000000,nan
negligible,-1,0.000000,nan
negotiate,2,0.967580,0.450023
negroni,2,1.000000,0.619033
nerd,-1,0.000000,nan
nerva,2,1.000000,0.631630
nerve,-1,0.000000,nan
nerve_damage,-1,0.000000,nan
nerve_rack,-1,0.000000,nan
nerve_wrack,-1,0.000000,nan
nervous,-1,0.000000,nan
nervous_about,-1,0.000000,nan
nervous_system,-1,0.000000,nan
netherlands,2,1.000000,0.487355
network,2,1.000000,0.422522
neural,-1,0.000000,nan
neurodivergent,-1,0.000000,nan
neurological,2,0.969362,-0.061859
neurological_disorder,2,0.984122,0.415681
neurological_dysfunction,2,1.000000,0.541355
neurological_function,-1,0.000000,nan
neurological_issue,-1,0.000000,nan
neurological_problem,-1,0.000000,nan
neurologist,-1,0.000000,nan
neuromuscular,-1,0.000000,nan
neuropathic,2,1.000000,0.593495
neutral_position,2,1.000000,0.453948
neutralize,2,0.940580,-0.272254
never_bother,-1,0.000000,nan
never_meet,-1,0.000000,nan
new_burper,2,1.000000,0.582384
new_here,2,1.000000,0.347053
new_jersey,2,1.000000,0.557319
new_lease,2,1.000000,0.571490
new_member,2,1.000000,0.492975
new_sensation,-1,0.000000,nan
new_to_reddit,2,0.954289,0.336886
new_to_this_community,2,0.943762,0.586175
new_to_this_group,2,1.000000,0.478114
new_to_this_sub,2,1.000000,0.468560
new_york,2,1.000000,0.496007
new_zealand,2,1.000000,0.458051
newbie,-1,0.000000,nan
newcomer,-1,0.000000,nan
news,2,0.943389,0.466843
news_article,2,1.000000,0.411916
nexium,2,1.000000,-0.050443
next_available,2,1.000000,0.714986
next_few_week,-1,0.000000,nan
next_morning,-1,0.000000,nan
next_thursday,-1,0.000000,nan
next_wednesday,2,1.000000,0.637903
next_weekend,2,0.973199,0.746192
nhs,2,0.950348,0.189878
nhs_gp,2,1.000000,0.807692
nhs_referral,2,1.000000,0.546788
nhs_route,-1,0.000000,nan
niacin,-1,0.000000,nan
nice,-1,0.000000,nan
nice_to_hear,-1,0.000000,nan
nickname,-1,0.000000,nan
nicotine,-1,0.000000,nan
nightly,-1,0.000000,nan
nightmare,-1,0.000000,nan
nightshade,2,0.981065,0.367132
nineteenth,2,1.000000,0.403043
ninth,2,1.000000,0.436276
nipple,-1,0.000000,nan
nissen_fundoplication,-1,0.000000,nan
nitric_oxide,-1,0.000000,nan
nitro,2,1.000000,0.181169
nitro_beer,-1,0.000000,nan
no_anesthetic,2,1.000000,0.210775
no_avail,-1,0.000000,nan
no_burpee,2,1.000000,0.564950
no_burper,-1,0.000000,nan
no_offense,-1,0.000000,nan
no_regret,-1,0.000000,nan
no_sense,-1,0.000000,nan
nobody_else,-1,0.000000,nan
noburp,-1,0.000000,nan
noburp_community,2,1.000000,0.409148
noburp_org,2,1.000000,0.435097
noburp_wiki,2,1.000000,0.496735
noburper,2,0.942479,0.114562
nocturnal,2,1.000000,0.550684
node,2,0.934330,0.740153
nodule,-1,0.000000,nan
noise,2,0.931878,-0.351037
noisy,-1,0.000000,nan
noisy_breathe,-1,0.000000,nan
non_burper,-1,0.000000,nan
non_carbonate,2,1.000000,0.025294
non_invasive,-1,0.000000,nan
non_stop,-1,0.000000,nan
non_surgical,-1,0.000000,nan
nonburper,2,0.974011,0.417890
none_of_us,-1,0.000000,nan
nonstop,-1,0.000000,nan
nonstop_gurgle,-1,0.000000,nan
noodle,2,1.000000,-0.071447
normal_burper,-1,0.000000,nan
normal_population,-1,0.000000,nan
norovirus,-1,0.000000,nan
north_east,2,1.000000,0.819218
northeast,2,1.000000,0.748265
northern,2,1.000000,0.448299
northern_california,2,1.000000,0.667472
northwest,2,1.000000,0.883935
nortriptyline,-1,0.000000,nan
norwegian,2,1.000000,0.813311
nose,-1,0.000000,nan
nose_and_down,2,1.000000,-0.082389
nose_spray,-1,0.000000,nan
nostril,2,1.000000,-0.137948
not_alone,-1,0.000000,nan
not_life_threaten,-1,0.000000,nan
nothing_major,-1,0.000000,nan
nothing_unbearable,-1,0.000000,nan
nothing_unmanageable,2,0.996380,0.531786
nothing_wrong,-1,0.000000,nan
nova_scotia,2,1.000000,0.664615
novel_2023,2,1.000000,0.718328
november_2023,2,1.000000,0.743641
nowhere_near,-1,0.000000,nan
nowhere_to_go,-1,0.000000,nan
nsaid,-1,0.000000,nan
nsw,2,1.000000,0.808788
nuance,-1,0.000000,nan
numb,2,1.000000,-0.208752
numb_agent,2,0.964897,-0.111644
numb_spray,2,0.966569,-0.214965
numb_stuff,-1,0.000000,nan
number_of_people,-1,0.000000,nan
nurse,-1,0.000000,nan
nurse_practitioner,2,1.000000,0.804139
nutrient,2,1.000000,-0.228473
nutrient_absorption,2,0.964589,0.332342
nutrient_deficiency,2,1.000000,0.498519
nutritionist,-1,0.000000,nan
nux_vomica,-1,0.000000,nan
ny,2,1.000000,0.403005
oat,2,1.000000,-0.006289
oat_milk,2,1.000000,0.109394
oatmeal,2,1.000000,-0.081393
obese,-1,0.000000,nan
object,2,0.973274,-0.239733
obnoxious,-1,0.000000,nan
obnoxious_loud,2,1.000000,0.540784
observant,2,1.000000,0.571747
observe,-1,0.000000,nan
observer,2,1.000000,0.718882
obsolete,2,1.000000,0.756488
obstruct,-1,0.000000,nan
obstruction,2,0.936099,-0.260759
occasion,-1,0.000000,nan
occasion_where,-1,0.000000,nan
occasional,-1,0.000000,nan
occasional_micro,-1,0.000000,nan
occasional_microburp,-1,0.000000,nan
occasional_regurgitation,-1,0.000000,nan
occasionally,-1,0.000000,nan
occur,-1,0.000000,nan
occurrence,-1,0.000000,nan
ocd,-1,0.000000,nan
oct,2,1.000000,0.485994
oct_3,2,1.000000,0.773127
octave,-1,0.000000,nan
october_2021,2,1.000000,0.733615
october_23,2,1.000000,0.788523
october_super_nervous,2,1.000000,0.722275
odd,-1,0.000000,nan
odd_noise,-1,0.000000,nan
odell_at_usc,2,1.000000,0.780625
odor,-1,0.000000,nan
odorless,-1,0.000000,nan
off_topic,2,0.943755,0.620237
office,2,0.968939,0.190026
office_awake,2,1.000000,0.534716
office_injection,2,1.000000,0.323439
office_procedure,2,1.000000,0.214016
office_version,-1,0.000000,nan
office_visit,2,1.000000,0.328501
office_with_lucy_hicklin,2,1.000000,0.729701
official_diagnose,-1,0.000000,nan
official_name,2,0.966195,0.645735
often_lead,-1,0.000000,nan
oftentimes,-1,0.000000,nan
oh_bless,2,1.000000,0.691400
oh_boy,-1,0.000000,nan
oh_god,-1,0.000000,nan
oh_interest,-1,0.000000,nan
oh_man,-1,0.000000,nan
oh_ok,2,0.956345,0.316401
oh_wow,2,0.958509,0.272667
ohio,2,1.000000,0.515932
ohip,2,1.000000,0.426933
ohsu_in_portland,2,1.000000,0.888150
oily,2,1.000000,0.241845
old,-1,0.000000,nan
old_fashion,-1,0.000000,nan
old_female,2,1.000000,0.289344
old_male,2,1.000000,0.176357
old_man,-1,0.000000,nan
old_patient,-1,0.000000,nan
olive,2,1.000000,0.698234
olive_oil,2,1.000000,0.032224
olly,2,1.000000,0.768649
omeprazol,-1,0.000000,nan
omeprazole,2,1.000000,-0.108904
omeprazole_prilosec,2,1.000000,0.617802
omg,-1,0.000000,nan
omg_yes,-1,0.000000,nan
omit,2,1.000000,0.669484
once_every,-1,0.000000,nan
once_or_twice,2,0.931782,-0.140018
ondansetron,-1,0.000000,nan
ongoing,-1,0.000000,nan
onion,2,1.000000,-0.227988
onion_and_garlic,-1,0.000000,nan
onion_garlic,2,1.000000,0.105732
online,2,1.000000,0.289303
onset,-1,0.000000,nan
ontario,2,1.000000,0.522839
onto_something,-1,0.000000,nan
ooo,-1,0.000000,nan
oooh,2,0.933658,0.349075
ooze,2,1.000000,0.553701
open,-1,0.000000,nan
open_letter,2,1.000000,0.438894
open_mind,-1,0.000000,nan
open_up,2,0.941031,-0.299486
open_your_mouth,2,1.000000,-0.258137
opera,-1,0.000000,nan
operate_room,2,1.000000,0.230047
operation,-1,0.000000,nan
operation_room,-1,0.000000,nan
opioid,-1,0.000000,nan
opt,2,1.000000,0.346652
optimistic,-1,0.000000,nan
orange_juice,2,1.000000,-0.148483
org_uk,2,1.000000,0.645298
organ,2,1.000000,-0.414560
organ_distortion,-1,0.000000,nan
organism,2,1.000000,0.628611
organization,-1,0.000000,nan
orient,2,1.000000,0.596246
original_comment,2,0.955596,0.479656
original_literature_suggest,2,1.000000,0.572394
original_paper,2,1.000000,0.729684
original_post,-1,0.000000,nan
original_research_paper,2,0.965289,0.776197
originate,-1,0.000000,nan
orourke,2,1.000000,0.816007
osteopath,-1,0.000000,nan
osteoporosis,-1,0.000000,nan
otc,2,1.000000,-0.066144
otc_medication,-1,0.000000,nan
otc_medicine,2,1.000000,0.708330
other_country,2,1.000000,0.468369
other_end,-1,0.000000,nan
other_factor,-1,0.000000,nan
other_health,-1,0.000000,nan
other_no_burper,-1,0.000000,nan
other_noburper,-1,0.000000,nan
other_option,-1,0.000000,nan
other_organ,-1,0.000000,nan
other_user,-1,0.000000,nan
oto_open,2,1.000000,0.437408
otolaryngologist,2,1.000000,0.277659
otolaryngology,2,1.000000,0.535566
our_body,-1,0.000000,nan
our_condition,2,0.931663,0.210050
our_cricopharyngeus,-1,0.000000,nan
our_digestive_system,-1,0.000000,nan
our_esophagus,2,0.930218,-0.273524
our_intestine,-1,0.000000,nan
our_parent,-1,0.000000,nan
our_society,2,1.000000,0.537233
our_ues,2,0.948638,-0.065873
out_of_network,2,1.000000,0.489051
outbreak,-1,0.000000,nan
outgrow,2,1.000000,0.610392
outing,-1,0.000000,nan
outline,2,1.000000,0.540795
outlook,-1,0.000000,nan
outpatient,2,1.000000,0.268594
outpatient_procedure,2,1.000000,0.440955
outright,-1,0.000000,nan
outstanding,2,1.000000,0.833439
outward,-1,0.000000,nan
outwards,-1,0.000000,nan
ovarian_cyst,-1,0.000000,nan
over_40,-1,0.000000,nan
over_zoom,2,1.000000,0.778970
overactive,-1,0.000000,nan
overall,-1,0.000000,nan
overate,2,1.000000,0.619560
overblown,2,1.000000,0.619068
overcome,-1,0.000000,nan
overcompensate,-1,0.000000,nan
overeat,-1,0.000000,nan
overeating,2,0.951596,-0.418947
overgrowth,-1,0.000000,nan
overhead_press,2,0.997254,0.518100
overjoy,-1,0.000000,nan
overload,-1,0.000000,nan
overlook,-1,0.000000,nan
overly_tight,-1,0.000000,nan
overnight,-1,0.000000,nan
overpower,2,1.000000,0.587354
overpriced,2,1.000000,0.730409
override,-1,0.000000,nan
oversee,2,1.000000,0.829965
oversized,2,0.972946,0.530833
overthink,-1,0.000000,nan
overturn,2,1.000000,0.862073
overweight,-1,0.000000,nan
overwhelm,-1,0.000000,nan
own_fault,2,1.000000,0.518358
own_saliva,-1,0.000000,nan
own_spit,-1,0.000000,nan
own_wedding,-1,0.000000,nan
oxygen_mask,-1,0.000000,nan
p_0,-1,0.000000,nan
p_s,2,0.940532,0.435444
pack,-1,0.000000,nan
paddle_in_melbourne,2,1.000000,0.728455
page,2,1.000000,0.330759
pain,-1,0.000000,nan
pain_hiccup,2,0.944948,-0.513828
pain_killer,-1,0.000000,nan
pain_threshold,2,1.000000,0.488298
painkiller,-1,0.000000,nan
painless,-1,0.000000,nan
pajama,-1,0.000000,nan
palate,-1,0.000000,nan
pale,-1,0.000000,nan
paleo,-1,0.000000,nan
palp,-1,0.000000,nan
palpitation,2,1.000000,-0.536495
pam,2,1.000000,0.728010
pancreas,-1,0.000000,nan
panel,-1,0.000000,nan
panic,-1,0.000000,nan
panic_attack,-1,0.000000,nan
panic_disorder,-1,0.000000,nan
panic_induce,-1,0.000000,nan
panicky,-1,0.000000,nan
pantoprazole,2,1.000000,0.014040
pantoprazole_40mg,2,1.000000,0.728645
pants,-1,0.000000,nan
pants_fit,2,1.000000,0.462239
paper,2,1.000000,0.196377
paperwork,2,0.985800,0.300123
paracetamol,-1,0.000000,nan
paradox,-1,0.000000,nan
paralyze,2,0.956301,-0.261275
paranoia,-1,0.000000,nan
paranoid,-1,0.000000,nan
paranoid_about,-1,0.000000,nan
parasite,-1,0.000000,nan
parking,-1,0.000000,nan
parkside,2,1.000000,0.382394
parkside_hospital,2,1.000000,0.403764
parkside_hospital_in_wimbledon,2,1.000000,0.636280
parliament,2,1.000000,0.869556
parole,2,0.933020,0.689813
part,-1,0.000000,nan
partake,-1,0.000000,nan
partial_cricopharyngeal_myotomy,2,1.000000,0.857654
partial_myotomy,-1,0.000000,nan
partially_paralyze,2,0.940921,0.318441
participate,2,0.936939,0.384729
particular_bad,-1,0.000000,nan
partly,-1,0.000000,nan
partway,2,0.960045,0.659163
party,-1,0.000000,nan
party_trick,-1,0.000000,nan
pas_si,2,1.000000,0.636287
pass_gas,-1,0.000000,nan
pass_out,-1,0.000000,nan
pass_stool,-1,0.000000,nan
pass_through,2,1.000000,-0.310268
passenger,-1,0.000000,nan
past,-1,0.000000,nan
past_couple,2,0.931451,-0.004338
past_few,2,0.962215,-0.009013
past_two,2,0.934664,0.030311
pasta,2,1.000000,-0.200001
pastry,2,1.000000,-0.009903
pat,-1,0.000000,nan
patch,-1,0.000000,nan
pathetic,-1,0.000000,nan
pathology,2,0.951306,-0.006374
pathophysiology,2,1.000000,0.681237
pathway,-1,0.000000,nan
patient_for_whom,2,1.000000,0.713339
patient_receive_50u,-1,0.000000,nan
patient_who,-1,0.000000,nan
patient_with_r_cpd,-1,0.000000,nan
paul,2,0.961942,0.737286
pause,-1,0.000000,nan
pavia,2,1.000000,0.512258
pay,2,1.000000,0.175524
pay_200,2,1.000000,0.651457
pay_600,2,1.000000,0.617801
pay_cash,-1,0.000000,nan
pay_out_of_pocket,2,1.000000,0.367756
pay_outright,2,1.000000,0.718230
payment,2,1.000000,0.390810
pca_muscle,-1,0.000000,nan
pcos,-1,0.000000,nan
pcp,2,1.000000,0.420635
pea,2,1.000000,0.304114
peak,-1,0.000000,nan
peak_at_1_2_week,-1,0.000000,nan
peak_effect,-1,0.000000,nan
peanut_butter,2,1.000000,-0.174625
pectoral,2,1.000000,0.559634
pectus_excavatum,-1,0.000000,nan
peculiar,2,0.997494,0.640762
pediatric,2,1.000000,0.433641
pediatrics,2,1.000000,0.824790
pee,-1,0.000000,nan
peer_review,2,1.000000,0.452937
peer_review_paper,2,0.979847,0.752121
peer_review_study,2,1.000000,0.808979
peer_to_peer,2,1.000000,0.599659
pellegrino,2,0.947148,0.532780
pelvic,-1,0.000000,nan
pelvic_floor,-1,0.000000,nan
pelvic_floor_dysfunction,2,0.951083,-0.127731
pelvic_floor_issue,-1,0.000000,nan
pelvic_floor_muscle,-1,0.000000,nan
pelvic_tilt,-1,0.000000,nan
pelvis,2,1.000000,-0.089824
penetration,2,0.979492,0.440644
people_with_r_cpd,-1,0.000000,nan
pepcid,2,1.000000,-0.133112
pepcid_ac,-1,0.000000,nan
peppermint,2,1.000000,-0.205968
peppermint_oil,-1,0.000000,nan
peppermint_oil_capsule,-1,0.000000,nan
peppermint_tea,2,0.961341,-0.046061
pepsi,2,1.000000,0.092265
pepto,2,0.999552,0.005861
pepto_bismol,-1,0.000000,nan
perceive,-1,0.000000,nan
percentage,-1,0.000000,nan
perfect_sense,-1,0.000000,nan
perform,-1,0.000000,nan
performance_anxiety,-1,0.000000,nan
period_of_time,-1,0.000000,nan
peristalsis,2,1.000000,-0.411840
peristaltic_motion,-1,0.000000,nan
permanence,2,1.000000,0.741430
permanent,-1,0.000000,nan
permanent_cure,-1,0.000000,nan
permanent_fix,-1,0.000000,nan
permanent_result,-1,0.000000,nan
permanent_side_effect,-1,0.000000,nan
permanent_solution,-1,0.000000,nan
perpendicular,-1,0.000000,nan
persist,-1,0.000000,nan
persistent_cough,-1,0.000000,nan
personal_experience,-1,0.000000,nan
personal_theory,-1,0.000000,nan
personality,-1,0.000000,nan
peso,2,1.000000,0.870169
pessimistic,2,1.000000,0.692197
petit,2,1.000000,0.489759
petition,-1,0.000000,nan
petrify,-1,0.000000,nan
pfd,-1,0.000000,nan
ph,-1,0.000000,nan
ph_test,2,0.951376,0.104298
phantom,2,0.936820,0.433797
pharyngeal,-1,0.000000,nan
pharynx,-1,0.000000,nan
phazyme,2,1.000000,0.600934
phenergan,-1,0.000000,nan
phew,2,0.936172,0.542082
phil,2,1.000000,0.775541
philadelphia_pa,2,1.000000,0.912571
philly,2,1.000000,0.515241
philosophy,-1,0.000000,nan
phlegm,-1,0.000000,nan
phlegm_stuck,-1,0.000000,nan
phobia,-1,0.000000,nan
phobia_of_vomit,-1,0.000000,nan
phone_appointment,-1,0.000000,nan
phone_call,2,1.000000,0.399573
phone_consultation,2,0.985937,0.496008
photophobia,-1,0.000000,nan
php,2,1.000000,0.775966
phrenic_nerve,-1,0.000000,nan
physical_and_emotional,-1,0.000000,nan
physical_health,-1,0.000000,nan
physical_incapable,-1,0.000000,nan
physical_therapist,-1,0.000000,nan
physical_therapy,-1,0.000000,nan
physician,2,1.000000,0.352577
physician_assistant,2,0.984218,0.651126
physics,-1,0.000000,nan
physio,-1,0.000000,nan
physiological,-1,0.000000,nan
physiotherapist,-1,0.000000,nan
physiotherapy,-1,0.000000,nan
picky_eater,-1,0.000000,nan
picture,-1,0.000000,nan
piece_of_food,-1,0.000000,nan
piece_together,-1,0.000000,nan
pilaris,2,1.000000,0.666883
pilates,-1,0.000000,nan
pilgrimage,-1,0.000000,nan
pill,-1,0.000000,nan
pill_stuck,-1,0.000000,nan
pillow,2,1.000000,-0.266522
pillow_under,-1,0.000000,nan
pinch,2,1.000000,-0.391629
pinch_of_salt,-1,0.000000,nan
pineapple,2,1.000000,0.419809
pink,-1,0.000000,nan
pinpoint,-1,0.000000,nan
pint,2,0.969877,-0.015813
pitch,-1,0.000000,nan
pitman_in_nyc,2,1.000000,0.833015
pittsburgh,2,1.000000,0.825645
pizza,2,1.000000,-0.113906
placement,-1,0.000000,nan
plague_by,-1,0.000000,nan
plain_water,2,1.000000,0.160995
plant,2,0.965085,-0.100384
plant_base,2,1.000000,0.016944
plaster,2,1.000000,0.680426
plausible,-1,0.000000,nan
play_around,2,0.927457,-0.172748
play_sport,-1,0.000000,nan
playful,2,1.000000,0.691870
please_keep,-1,0.000000,nan
please_keep_us_update,2,0.972181,0.544449
please_tell,-1,0.000000,nan
pleased,-1,0.000000,nan
plenty_of_people,-1,0.000000,nan
plenty_of_us,2,1.000000,0.653693
pneumonia,-1,0.000000,nan
po,2,1.000000,0.668007
poach,2,0.943084,0.555590
pocket_of_air,-1,0.000000,nan
polar,-1,0.000000,nan
police,-1,0.000000,nan
policy,2,1.000000,0.332762
polite_company,2,0.966630,0.338765
polyp,-1,0.000000,nan
pool,-1,0.000000,nan
poop,-1,0.000000,nan
poor_baby,2,1.000000,0.669601
poor_digestion,-1,0.000000,nan
poor_posture,-1,0.000000,nan
poor_thing,-1,0.000000,nan
poor_tongue_posture,2,1.000000,0.455882
poor_understand,-1,0.000000,nan
pop,-1,0.000000,nan
popsicle,2,1.000000,0.026988
population,-1,0.000000,nan
pork,2,0.977403,0.296972
porridge,2,1.000000,-0.029070
portal,-1,0.000000,nan
portion_size,-1,0.000000,nan
portland,2,1.000000,0.448601
pose,-1,0.000000,nan
pose_in_yoga,-1,0.000000,nan
position,2,0.967408,-0.246383
positive,-1,0.000000,nan
positive_experience,-1,0.000000,nan
positive_feedback,-1,0.000000,nan
positive_outcome,-1,0.000000,nan
positive_response,2,1.000000,0.744527
positivity,-1,0.000000,nan
possess,-1,0.000000,nan
possibility,-1,0.000000,nan
post_botox,-1,0.000000,nan
post_botox_diary,-1,0.000000,nan
post_nasal_drip,2,0.927840,-0.573159
post_on_this_sub,2,0.943986,0.372217
post_on_this_subreddit,-1,0.000000,nan
post_op,-1,0.000000,nan
post_surgery,-1,0.000000,nan
posterior,-1,0.000000,nan
postnasal_drip,-1,0.000000,nan
postpartum,-1,0.000000,nan
postural,-1,0.000000,nan
posture,-1,0.000000,nan
posture_correction,-1,0.000000,nan
pot,2,0.958595,-0.207204
potassium,2,0.974899,0.558861
potato,2,1.000000,-0.190646
potato_chip,-1,0.000000,nan
potato_soup,2,1.000000,0.362074
potential_cause,2,0.984798,-0.106203
potential_complication,-1,0.000000,nan
potential_side_effect,-1,0.000000,nan
pour,-1,0.000000,nan
powder,2,1.000000,-0.075760
ppi,2,1.000000,-0.132409
ppi_medication,2,1.000000,-0.019825
ppis,2,1.000000,-0.170857
ppis_for_35,-1,0.000000,nan
ppo,2,1.000000,0.415136
practice,-1,0.000000,nan
practise,-1,0.000000,nan
practitioner,2,1.000000,0.377418
pray,-1,0.000000,nan
pre_authorization,2,1.000000,0.501859
pre_botox,-1,0.000000,nan
pre_op,2,0.988317,0.294296
pre_op_appointment,2,1.000000,0.497354
pre_op_room,-1,0.000000,nan
pre_operative,-1,0.000000,nan
pre_workout,2,1.000000,0.465600
prebiotics,2,1.000000,0.665979
precaution,-1,0.000000,nan
precede,-1,0.000000,nan
precision,-1,0.000000,nan
precursor,2,1.000000,0.465623
predate,2,1.000000,0.714083
predisposed,-1,0.000000,nan
predominantly,-1,0.000000,nan
preform,-1,0.000000,nan
pregnancy,-1,0.000000,nan
pregnancy_test,-1,0.000000,nan
pregnant,-1,0.000000,nan
pregnant_belly,-1,0.000000,nan
preliminary_appointment,2,1.000000,0.764789
premise,2,1.000000,0.819778
preoccupy,-1,0.000000,nan
prepare,-1,0.000000,nan
prepare_room,-1,0.000000,nan
prescribe,2,0.992002,-0.026890
prescribe_omeprazole,-1,0.000000,nan
prescription,2,0.980271,0.111063
prescription_antacid,2,1.000000,0.616836
present_itself,2,1.000000,0.503913
press,2,1.000000,-0.397025
press_against,2,0.957738,-0.224846
pressure,-1,0.000000,nan
pressure_buildup,-1,0.000000,nan
pressure_inside,2,0.948041,-0.367485
pressurize,2,0.987243,-0.281576
pretty,-1,0.000000,nan
pretty_bad,-1,0.000000,nan
pretty_certain,-1,0.000000,nan
pretty_common,-1,0.000000,nan
pretty_confident,-1,0.000000,nan
pretty_consistent,-1,0.000000,nan
pretty_frequently,-1,0.000000,nan
pretty_grim,2,1.000000,0.572192
pretty_intense,-1,0.000000,nan
pretty_low,-1,0.000000,nan
pretty_nervous,-1,0.000000,nan
pretty_quiet,-1,0.000000,nan
pretty_rare,-1,0.000000,nan
pretty_rough,-1,0.000000,nan
pretty_severe,-1,0.000000,nan
pretty_skinny,2,1.000000,0.519069
pretty_smooth,-1,0.000000,nan
pretty_sore,-1,0.000000,nan
pretty_standard,-1,0.000000,nan
pretty_tough,-1,0.000000,nan
pretty_universal,2,1.000000,0.601495
pretty_violent,-1,0.000000,nan
pretzel,-1,0.000000,nan
prevacid,-1,0.000000,nan
prevalence,-1,0.000000,nan
prevalent,-1,0.000000,nan
prevent,-1,0.000000,nan
previous_post,2,1.000000,0.471528
price,2,1.000000,0.282774
prick,-1,0.000000,nan
prilosec,2,1.000000,-0.061906
primary_care,2,1.000000,0.464362
primary_care_doc,2,1.000000,0.576486
primary_care_doctor,2,1.000000,0.316325
primary_care_physician,2,0.975725,0.565204
primary_doctor,2,1.000000,0.361291
princess,-1,0.000000,nan
print,2,1.000000,0.349761
print_off,2,0.993648,0.673574
print_out,2,1.000000,0.318591
print_out_doctor_bastian,-1,0.000000,nan
printout,-1,0.000000,nan
prior_to_botox,-1,0.000000,nan
private,2,1.000000,0.415150
private_clinic,2,1.000000,0.668537
private_health,2,1.000000,0.311929
private_health_care,2,0.988899,0.745034
private_health_insurance,2,1.000000,0.467174
private_healthcare,2,0.989806,0.519511
private_hospital,2,1.000000,0.486251
private_place,-1,0.000000,nan
privileged,2,1.000000,0.656616
pro_con,2,1.000000,0.843687
pro_outweigh,2,1.000000,0.683279
pro_tip,-1,0.000000,nan
probability,-1,0.000000,nan
probe,2,0.999221,-0.112495
probiotic,2,0.965424,0.032755
probiotics,2,1.000000,-0.068154
problem,-1,0.000000,nan
procedure,-1,0.000000,nan
procedure_itself,2,0.974319,0.185250
procedure_with_doctor_bastian,2,1.000000,0.399937
produce_gas,2,0.995917,-0.300946
product,2,0.992995,-0.095006
production,-1,0.000000,nan
productive,-1,0.000000,nan
professional_singer,-1,0.000000,nan
profound_side_effect,2,0.971867,0.633549
profound_slow_swallow,-1,0.000000,nan
progress,-1,0.000000,nan
progress_worse,-1,0.000000,nan
project,-1,0.000000,nan
projectile,-1,0.000000,nan
projection,2,1.000000,0.553459
prolific,-1,0.000000,nan
prolific_doctor,2,1.000000,0.660774
prom,-1,0.000000,nan
promise,-1,0.000000,nan
promote,-1,0.000000,nan
prone,-1,0.000000,nan
pronounce,-1,0.000000,nan
prop_myself_up,-1,0.000000,nan
prop_up,2,1.000000,-0.243740
prop_yourself_up,-1,0.000000,nan
propel,2,1.000000,0.653440
proper,-1,0.000000,nan
proper_digest,-1,0.000000,nan
property,-1,0.000000,nan
propofol,2,1.000000,0.007409
propose,2,0.990424,0.373411
propranolol,-1,0.000000,nan
prosecco,2,1.000000,0.206910
protect_mechanism,-1,0.000000,nan
protein,2,1.000000,-0.154215
protein_bar,2,1.000000,0.784521
protein_powder,2,1.000000,0.087326
protein_shake,2,1.000000,-0.015557
protocol,-1,0.000000,nan
proton_pump,2,1.000000,0.117381
protrude,2,0.950733,-0.189607
proud,-1,0.000000,nan
proud_of_myself,-1,0.000000,nan
prove,-1,0.000000,nan
prove_otherwise,-1,0.000000,nan
provide_evidence,-1,0.000000,nan
provide_relief,-1,0.000000,nan
provider,2,1.000000,0.391717
provider_list,2,0.993580,0.656782
provider_who,-1,0.000000,nan
province,2,1.000000,0.479276
psa,2,0.957677,0.700411
psoas,2,0.930557,0.419315
psyche_myself_up,-1,0.000000,nan
psychiatric,-1,0.000000,nan
psychiatrist,-1,0.000000,nan
psycho_somatic,2,1.000000,0.638060
psychological,2,0.929432,-0.284152
psychological_issue,-1,0.000000,nan
psychologist,-1,0.000000,nan
psychologist_who_specialize_in_medical,-1,0.000000,nan
psychosomatic,-1,0.000000,nan
psyllium,2,0.952079,0.515339
psyllium_husk,2,0.964972,0.553720
pt,-1,0.000000,nan
pterodactyl,-1,0.000000,nan
ptsd,-1,0.000000,nan
pu,2,1.000000,0.435979
public,-1,0.000000,nan
public_bathroom,-1,0.000000,nan
public_health_care,2,1.000000,0.765814
public_healthcare,2,1.000000,0.551567
public_hospital,2,1.000000,0.587105
public_place,-1,0.000000,nan
public_system,2,1.000000,0.447206
publication,2,1.000000,0.437274
publicize,2,1.000000,0.784777
publish,2,1.000000,0.359745
publish_paper,2,0.979669,0.458484
publish_study,-1,0.000000,nan
pudding,2,1.000000,-0.005420
puff,-1,0.000000,nan
puff_out,2,0.927474,-0.087552
puffy,-1,0.000000,nan
puke,1,1.000000,0.964752
pull,2,0.967594,-0.268328
pull_trig,-1,0.000000,nan
pulmonary,-1,0.000000,nan
pulp,-1,0.000000,nan
pulse,-1,0.000000,nan
pump,-1,0.000000,nan
puppy_dog,2,1.000000,0.677514
pure_hell,2,1.000000,0.601483
puree,2,1.000000,0.216136
purge,-1,0.000000,nan
purpose,-1,0.000000,nan
purse,-1,0.000000,nan
push_against,2,1.000000,-0.272758
put_on_weight,-1,0.000000,nan
put_pressure,2,1.000000,-0.442184
put_together,-1,0.000000,nan
put_under,2,1.000000,0.171022
ql,2,0.990615,0.493043
quake,2,1.000000,0.468860
quality_of_life,-1,0.000000,nan
quality_of_life_improvement,-1,0.000000,nan
quantity,-1,0.000000,nan
queasy,-1,0.000000,nan
quebec,2,1.000000,0.566613
query,-1,0.000000,nan
quick,-1,0.000000,nan
quick_and_easy,-1,0.000000,nan
quick_and_painless,-1,0.000000,nan
quick_scope,-1,0.000000,nan
quiet,-1,0.000000,nan
quiet_room,-1,0.000000,nan
quirk,-1,0.000000,nan
quirk_of_mine,2,1.000000,0.699347
quirky,-1,0.000000,nan
quite_common,-1,0.000000,nan
quite_frank,2,1.000000,0.724391
quite_uncomfortable,-1,0.000000,nan
quote,2,1.000000,0.390069
r/dysautonomia,2,1.000000,0.673950
r/noburp,2,1.000000,0.326897
r/noburp_page,-1,0.000000,nan
r_cod,-1,0.000000,nan
r_cpd,2,1.000000,-0.029778
r_cpd_after,2,1.000000,0.751273
r_cpd_also,2,0.934407,-0.047950
r_cpd_and_she,2,1.000000,0.742735
r_cpd_be,2,0.981240,-0.108772
r_cpd_because,-1,0.000000,nan
r_cpd_but,2,0.939024,-0.030319
r_cpd_can,2,0.980886,-0.236969
r_cpd_case,2,1.000000,0.760664
r_cpd_cause,2,1.000000,-0.192995
r_cpd_doctor,2,1.000000,0.597455
r_cpd_emetophobia,2,1.000000,0.692572
r_cpd_have,-1,0.000000,nan
r_cpd_how,2,1.000000,0.535421
r_cpd_i,-1,0.000000,nan
r_cpd_if,-1,0.000000,nan
r_cpd_it,-1,0.000000,nan
r_cpd_like,-1,0.000000,nan
r_cpd_not,2,0.961245,0.035652
r_cpd_patient,2,0.994484,0.228750
r_cpd_seem,-1,0.000000,nan
r_cpd_specialist,2,1.000000,0.511170
r_cpd_study,2,1.000000,0.695489
r_cpd_suffer,2,0.986584,-0.115943
r_cpd_symptom,-1,0.000000,nan
r_cpd_tend,2,1.000000,0.563232
r_cpd_tend_to_worsen,2,1.000000,0.655584
r_cpd_the,-1,0.000000,nan
r_cpd_then,2,1.000000,0.648397
r_cpd_too,-1,0.000000,nan
r_cpd_treatment,2,0.968009,0.430553
r_cpd_until,2,1.000000,0.674533
r_cpd_what,-1,0.000000,nan
r_cpd_when,-1,0.000000,nan
r_cpd_would,2,0.961741,0.565924
r_u,2,1.000000,0.621641
race_heart,-1,0.000000,nan
radiate,-1,0.000000,nan
radiologist,-1,0.000000,nan
radiology,-1,0.000000,nan
raft,2,1.000000,0.537149
rage,-1,0.000000,nan
rain,-1,0.000000,nan
raise_awareness,2,0.978112,0.300202
raise_soft_pallet,2,0.966803,0.526451
random,-1,0.000000,nan
random_hiccup,-1,0.000000,nan
random_microburp,-1,0.000000,nan
random_throughout,2,0.934296,0.078882
randomize,-1,0.000000,nan
range,-1,0.000000,nan
range_of_motion,2,1.000000,0.596795
ranitidine,2,0.932531,0.439299
rapid_gastric_empty,-1,0.000000,nan
raptor,-1,0.000000,nan
rare,-1,0.000000,nan
rare_condition,-1,0.000000,nan
rare_side_effect,-1,0.000000,nan
rarely,-1,0.000000,nan
rarity,2,1.000000,0.631312
rash,-1,0.000000,nan
raspy,-1,0.000000,nan
rate_of_success,2,1.000000,0.748832
rather_die,2,1.000000,0.481532
rather_than_rely,2,1.000000,0.601840
ratio,-1,0.000000,nan
rational,-1,0.000000,nan
rationalize,2,1.000000,0.561835
ravioli,2,0.994614,0.542660
raw_onion,2,1.000000,0.112240
raw_vegetable,2,1.000000,-0.091881
ray,2,1.000000,0.629442
rcpd,-1,0.000000,nan
re_train,-1,0.000000,nan
react,-1,0.000000,nan
react_different,-1,0.000000,nan
reaction,-1,0.000000,nan
read_wedge,-1,0.000000,nan
readily_available,2,1.000000,0.671454
realize,-1,0.000000,nan
really_bad,-1,0.000000,nan
really_bother,-1,0.000000,nan
reason,-1,0.000000,nan
reassure,-1,0.000000,nan
reassure_to_hear,2,0.991697,0.325778
rebecca_c_hoesli_md,2,0.981174,0.687310
recall,-1,0.000000,nan
recall_ever,2,0.927299,0.279057
recap,2,1.000000,0.844474
receive_100_unit,2,1.000000,0.559837
receive_treatment,2,1.000000,0.483660
recent_discover,2,1.000000,0.233141
recent_identify_disorder_characterize,-1,0.000000,nan
receptionist,2,1.000000,0.328686
receptive,-1,0.000000,nan
receptor,-1,0.000000,nan
recess,2,1.000000,0.639204
recline,2,1.000000,-0.323119
recline_position,-1,0.000000,nan
recliner,2,0.969113,-0.170195
recognition,-1,0.000000,nan
recognize,-1,0.000000,nan
recognize_by,2,1.000000,0.367403
recognize_condition,-1,0.000000,nan
recover,-1,0.000000,nan
recovery,-1,0.000000,nan
recovery_process,-1,0.000000,nan
recovery_room,2,0.952139,0.034871
red_bull,2,1.000000,0.277704
red_flag,-1,0.000000,nan
red_meat,2,1.000000,-0.199786
red_wine,2,1.000000,-0.104250
reddit,2,1.000000,0.239054
reddit_community,2,0.962947,0.390665
reddit_group,2,1.000000,0.397524
reddit_sub,2,1.000000,0.657283
reddit_thread,2,1.000000,0.366832
reduce,-1,0.000000,nan
reduce_gas,-1,0.000000,nan
reel,2,0.992635,0.609588
refer,-1,0.000000,nan
referral,2,0.953705,0.181228
referral_from_your_gp,-1,0.000000,nan
refine_carbohydrate,2,0.950828,0.642479
refine_sugar,2,0.959437,0.461831
reflex,2,0.938571,-0.425413
reflux,-1,0.000000,nan
reflux_gourmet,-1,0.000000,nan
reflux_medication,2,1.000000,-0.023534
refrain,-1,0.000000,nan
refuse_to_believe,-1,0.000000,nan
regain,-1,0.000000,nan
regards_to_r_cpd,2,1.000000,0.702312
regional,2,0.991750,0.748536
registration,2,1.000000,0.815292
regress,-1,0.000000,nan
regression,-1,0.000000,nan
regret,-1,0.000000,nan
regular_burper,-1,0.000000,nan
regulation,-1,0.000000,nan
regurgitate,-1,0.000000,nan
regurgitate_food,-1,0.000000,nan
regurgitation,-1,0.000000,nan
rehab,-1,0.000000,nan
rehabilitate,2,1.000000,0.537793
reinfect,2,1.000000,0.742651
reject,2,0.958603,0.314953
rejuvenate,2,1.000000,0.605370
relatable,-1,0.000000,nan
relate,-1,0.000000,nan
related_to_noburp,-1,0.000000,nan
related_to_r_cpd,-1,0.000000,nan
related_to_rcpd,-1,0.000000,nan
relation,-1,0.000000,nan
relation_between,-1,0.000000,nan
relation_to_r_cpd,2,1.000000,0.699094
relationship_between,-1,0.000000,nan
relationship_with_food,-1,0.000000,nan
relative_low,-1,0.000000,nan
relative_minor,2,1.000000,0.606127
relative_new,2,0.967938,0.325652
relax,-1,0.000000,nan
relaxation,-1,0.000000,nan
relay,2,1.000000,0.780338
relearn_how,-1,0.000000,nan
release,-1,0.000000,nan
release_air,-1,0.000000,nan
release_gas,-1,0.000000,nan
relent,2,0.960580,0.476899
relief,-1,0.000000,nan
relief_soon,-1,0.000000,nan
relieve,-1,0.000000,nan
relieve_pressure,-1,0.000000,nan
relive,-1,0.000000,nan
rely,-1,0.000000,nan
remain_close,-1,0.000000,nan
remedy,-1,0.000000,nan
rennie,2,1.000000,0.032191
rennie_deflatine,2,0.996553,0.532960
rental_car,-1,0.000000,nan
repair,-1,0.000000,nan
repeat_injection,-1,0.000000,nan
repercussion,-1,0.000000,nan
reply,-1,0.000000,nan
repress,-1,0.000000,nan
republic,2,1.000000,0.858241
repulsive,-1,0.000000,nan
reputation,-1,0.000000,nan
request,2,1.000000,0.431284
require_manometry,-1,0.000000,nan
reschedule,2,0.927267,0.270389
research,-1,0.000000,nan
research_article,2,0.933262,0.398132
research_into,-1,0.000000,nan
research_paper,2,1.000000,0.276265
research_study,2,1.000000,0.439144
researcher,2,1.000000,0.298346
reset,-1,0.000000,nan
resident,2,1.000000,0.563439
residual,-1,0.000000,nan
residue,-1,0.000000,nan
resign,-1,0.000000,nan
resist,-1,0.000000,nan
resolve,-1,0.000000,nan
resource,2,1.000000,0.400004
respiratory,-1,0.000000,nan
respiratory_infection,2,0.954856,0.480372
response,-1,0.000000,nan
responsible,-1,0.000000,nan
restaurant,-1,0.000000,nan
restless,-1,0.000000,nan
restrict,-1,0.000000,nan
restrictive,-1,0.000000,nan
result_of_r_cpd,-1,0.000000,nan
resultant,2,1.000000,0.084576
retain,-1,0.000000,nan
retainer,-1,0.000000,nan
retch,1,1.000000,0.888459
retention,-1,0.000000,nan
retire,2,1.000000,0.548561
retour,2,1.000000,0.056887
retrain,-1,0.000000,nan
retrograde,2,0.979579,-0.201627
retrograde_cricopharyngeal,2,1.000000,0.685009
retrograde_cricopharyngeal_dysfunction,2,1.000000,0.258677
retrograde_cricopharyngeal_dysfunction_r,-1,0.000000,nan
retrograde_cricopharyngeus_dysfunction,2,1.000000,0.183283
retrograde_cricopharyngeus_dysfunction_r,2,0.933902,0.359993
retrograde_direction,-1,0.000000,nan
retrograde_only,-1,0.000000,nan
retrograde_only_neurological_dysfunction,-1,0.000000,nan
retrospective,-1,0.000000,nan
return,-1,0.000000,nan
revelation,2,0.968996,0.302171
reverse,-1,0.000000,nan
revision,2,1.000000,0.724903
rex,2,1.000000,0.731018
reynard,2,1.000000,0.686374
rheumatoid_arthritis,-1,0.000000,nan
rhr,-1,0.000000,nan
rib,2,1.000000,-0.477005
rib_cage,2,0.961952,-0.324508
rib_flare,-1,0.000000,nan
ribcage,2,1.000000,-0.414645
rice,2,1.000000,-0.218148
rice_cake,2,0.991035,0.568964
rich_food,-1,0.000000,nan
richard,2,1.000000,0.900050
richmond,2,1.000000,0.565200
rick,-1,0.000000,nan
riddle,2,1.000000,0.583072
ride_home,-1,0.000000,nan
ridiculous,-1,0.000000,nan
rifaximin,-1,0.000000,nan
right_arm,-1,0.000000,nan
right_armpit,2,1.000000,0.630462
right_before_bed,-1,0.000000,nan
right_behind,-1,0.000000,nan
right_below,-1,0.000000,nan
right_choice,-1,0.000000,nan
right_decision,-1,0.000000,nan
right_now,-1,0.000000,nan
right_on_track,-1,0.000000,nan
right_place,-1,0.000000,nan
right_position,2,0.931570,-0.073625
right_shoulder,-1,0.000000,nan
right_side,-1,0.000000,nan
right_track,-1,0.000000,nan
rip,-1,0.000000,nan
rip_d,2,0.997614,0.043957
rip_jack,2,1.000000,0.662318
ripe,-1,0.000000,nan
rise,2,0.932948,-0.408294
rise_into,-1,0.000000,nan
rise_up,2,1.000000,-0.357017
risico,2,1.000000,0.687769
risk,-1,0.000000,nan
risk_of_develop,2,0.947833,0.046489
risky,-1,0.000000,nan
riyadh,2,0.997138,0.793565
rn,-1,0.000000,nan
road_to_recovery,2,0.952495,0.638928
road_trip,-1,0.000000,nan
roar,-1,0.000000,nan
robust,-1,0.000000,nan
roemheld,2,0.990261,0.482501
roemheld_syndrome,-1,0.000000,nan
roll_over,-1,0.000000,nan
roller_coaster,-1,0.000000,nan
romania,2,1.000000,0.807147
romantic,-1,0.000000,nan
roof,-1,0.000000,nan
roof_of_mouth,-1,0.000000,nan
room_where,2,0.973723,0.194952
rotate,2,0.930101,0.075897
rough,-1,0.000000,nan
roulette,2,0.971990,0.637117
round_1,2,1.000000,0.382026
round_2,2,1.000000,0.293345
round_3,2,1.000000,0.513684
round_trip,2,1.000000,0.554050
round_two,2,1.000000,0.345134
rub,2,1.000000,-0.338634
rubber,-1,0.000000,nan
rubbish,-1,0.000000,nan
rude,-1,0.000000,nan
ruin,-1,0.000000,nan
rule_out,-1,0.000000,nan
rule_out_any,2,0.969126,0.131414
rule_out_anything_else,-1,0.000000,nan
rule_out_other,-1,0.000000,nan
rum,2,1.000000,0.116180
rumble,2,0.964936,-0.482037
rumble_noise,2,0.939169,0.369483
run_joke,-1,0.000000,nan
runny,-1,0.000000,nan
runny_nose,-1,0.000000,nan
rush,-1,0.000000,nan
ruysdael_clinic,2,1.000000,0.632505
sad,-1,0.000000,nan
sag,-1,0.000000,nan
salad,2,1.000000,-0.088670
saliva,-1,0.000000,nan
salivary_gland,2,1.000000,0.644941
salivate,-1,0.000000,nan
salivation,-1,0.000000,nan
salt,2,1.000000,-0.120400
same_reaction,-1,0.000000,nan
same_timeline,-1,0.000000,nan
sample,-1,0.000000,nan
sample_size,-1,0.000000,nan
san_leandro,2,1.000000,0.577849
sandwich,2,1.000000,-0.038670
sarcasm,2,1.000000,0.738675
sarcastic,2,1.000000,0.613722
saskatoon,2,1.000000,0.758586
satan,-1,0.000000,nan
satisfaction,-1,0.000000,nan
satisfy,-1,0.000000,nan
saturday_morning,2,1.000000,0.765584
sauce,2,1.000000,-0.282568
saudi_arabia,2,1.000000,0.766091
sauna,2,1.000000,0.799534
save_goal,2,1.000000,0.695580
save_up,2,0.947896,0.404677
saw_doctor_villari,2,1.000000,0.806215
saw_lucy_hicklin,2,0.991553,0.657943
say,-1,0.000000,nan
say_excuse,-1,0.000000,nan
scan,2,1.000000,0.036225
scandinavia,2,1.000000,0.836465
scar_tissue,-1,0.000000,nan
scare,-1,0.000000,nan
scared,-1,0.000000,nan
scary,-1,0.000000,nan
scene,-1,0.000000,nan
schedule,-1,0.000000,nan
schedule_for_april,2,1.000000,0.651354
schedule_for_february,2,1.000000,0.642604
schedule_for_july,2,1.000000,0.794338
scheme,2,0.944998,0.568524
schi,2,0.964885,0.719336
schindler,2,1.000000,0.745277
scientific,2,1.000000,0.103831
scientific_evidence,-1,0.000000,nan
scientific_literature,-1,0.000000,nan
scientific_research,-1,0.000000,nan
scientist,2,0.983873,0.229590
scleroderma,-1,0.000000,nan
scoliosis,-1,0.000000,nan
scoop_motion,2,0.952427,0.285548
scope,2,1.000000,-0.024770
scope_down,2,0.976075,0.073746
scope_through,-1,0.000000,nan
scramble,-1,0.000000,nan
scramble_egg,2,1.000000,-0.094138
scratch,-1,0.000000,nan
scratch_throat,-1,0.000000,nan
scream,-1,0.000000,nan
scroll_down,2,1.000000,0.194298
scrunch,-1,0.000000,nan
scrunch_your_belly,-1,0.000000,nan
scuba_dive,-1,0.000000,nan
seafood,-1,0.000000,nan
search,-1,0.000000,nan
search_box,2,1.000000,0.738060
search_this_sub,-1,0.000000,nan
search_this_subreddit,-1,0.000000,nan
search_youtube,2,1.000000,0.342962
seasick,2,1.000000,0.692698
seasonal,-1,0.000000,nan
seasonal_allergy,-1,0.000000,nan
seat,2,1.000000,-0.155940
seborrheic,2,1.000000,0.630604
second_attempt,2,1.000000,0.539757
second_dose,2,1.000000,0.161286
second_grade,-1,0.000000,nan
second_injection,2,1.000000,0.199701
second_nature,-1,0.000000,nan
second_opinion,2,1.000000,0.346854
second_pregnancy,-1,0.000000,nan
second_round,2,1.000000,0.195583
second_shot,2,1.000000,0.228608
second_time,2,1.000000,0.118980
secretion,-1,0.000000,nan
section,2,1.000000,0.303815
sedate,2,1.000000,-0.017640
sedation,2,0.992470,-0.079806
sedative,-1,0.000000,nan
sedentary,-1,0.000000,nan
see_doctor_spiegel,2,1.000000,0.674220
seed,2,1.000000,-0.072868
seek_help,-1,0.000000,nan
seek_treatment,-1,0.000000,nan
seem_to_vary,-1,0.000000,nan
seem_unrelated,-1,0.000000,nan
seine,2,1.000000,0.763399
seize,-1,0.000000,nan
seldom,-1,0.000000,nan
self_conscious,-1,0.000000,nan
self_cure,-1,0.000000,nan
self_cure_method,-1,0.000000,nan
self_diagnose,-1,0.000000,nan
self_diagnose_myself,-1,0.000000,nan
self_employ,-1,0.000000,nan
self_esteem,-1,0.000000,nan
self_induce,-1,0.000000,nan
self_massage,-1,0.000000,nan
self_pay,2,1.000000,0.443788
self_refer,2,1.000000,0.358653
self_referral,-1,0.000000,nan
self_report,-1,0.000000,nan
seltzer,2,1.000000,0.091028
seltzer_water,-1,0.000000,nan
semaglutide,-1,0.000000,nan
semester,-1,0.000000,nan
sensation,-1,0.000000,nan
sensible,-1,0.000000,nan
sensitive,-1,0.000000,nan
sensitivity,-1,0.000000,nan
sensitize,-1,0.000000,nan
sensor,-1,0.000000,nan
sensory_issue,-1,0.000000,nan
separate_issue,-1,0.000000,nan
sertraline,-1,0.000000,nan
service,2,1.000000,0.424630
sesh,2,1.000000,0.511023
set_off,-1,0.000000,nan
seven,-1,0.000000,nan
seven_year,-1,0.000000,nan
several_hour,-1,0.000000,nan
several_time,-1,0.000000,nan
severe,-1,0.000000,nan
severe_anxiety,-1,0.000000,nan
severe_bloat,2,1.000000,-0.423350
severe_case,-1,0.000000,nan
severe_constipation,-1,0.000000,nan
severe_emetophobia,2,0.946165,-0.261875
severe_episode,2,0.939922,0.335659
severe_gerd,-1,0.000000,nan
severe_nausea,-1,0.000000,nan
severe_side_effect,-1,0.000000,nan
severe_underweight,-1,0.000000,nan
severity,-1,0.000000,nan
sex,-1,0.000000,nan
sex_life,-1,0.000000,nan
sexual,-1,0.000000,nan
sexy,-1,0.000000,nan
sf_bay_area,2,1.000000,0.902773
shade,2,1.000000,0.825048
shake,-1,0.000000,nan
shaker,2,1.000000,-0.040870
shaker_exercise,-1,0.000000,nan
shaker_exercise_and_kiss,2,0.971219,0.580430
shaker_exercise_and_larynx_lower,-1,0.000000,nan
shaker_exercise_cricoid_massage,2,0.949957,0.281896
shaker_exercise_on_youtube,-1,0.000000,nan
shaker_exercise_search,2,0.974258,0.467160
shaker_larynx_lower,2,1.000000,0.465470
shaky,-1,0.000000,nan
shallow_breath,-1,0.000000,nan
shard,2,1.000000,0.438580
share,-1,0.000000,nan
sharma,2,0.968193,0.680572
sharma_in_saskatoon,2,1.000000,0.836290
sharp,2,1.000000,-0.520837
sharp_pain,2,1.000000,-0.525005
shield,2,1.000000,0.650575
shift,2,0.967594,-0.304859
shirley_oak,2,1.000000,0.404384
shirt,2,1.000000,-0.164795
shit,-1,0.000000,nan
shit_ton,-1,0.000000,nan
shiver,-1,0.000000,nan
shock,-1,0.000000,nan
shoe,2,0.940249,-0.098864
shoot_up,-1,0.000000,nan
short_live,-1,0.000000,nan
short_of_breath,-1,0.000000,nan
shortness_of_breath,2,0.998636,-0.452982
shortness_of_breath_after,-1,0.000000,nan
shortness_of_breath_be,-1,0.000000,nan
shot_of_vodka,2,1.000000,0.592367
shotgun_beer,2,1.000000,0.645514
shoulder,2,1.000000,-0.369027
shoulder_back,2,1.000000,-0.182882
shoulder_blade,2,1.000000,-0.262397
shout,-1,0.000000,nan
shovel,2,1.000000,0.532421
show,-1,0.000000,nan
show_anything,-1,0.000000,nan
show_nothing,2,1.000000,0.190988
show_r_cpd,-1,0.000000,nan
show_them,2,0.991048,0.305454
shower_every_morning,2,1.000000,0.499209
shut_down,-1,0.000000,nan
sibling,2,0.935580,-0.060622
sibo,2,1.000000,-0.162327
sibo_and_h_pylori,2,1.000000,0.676732
sibo_ibs,-1,0.000000,nan
sibo_test,-1,0.000000,nan
sick,1,1.000000,0.865984
sick_and_tired,-1,0.000000,nan
sickness,-1,0.000000,nan
sickness_bug,2,1.000000,0.566604
side_affect,-1,0.000000,nan
side_effect,-1,0.000000,nan
side_neck,-1,0.000000,nan
side_shaker,2,1.000000,0.199818
side_sleeper,-1,0.000000,nan
side_stitch,-1,0.000000,nan
side_to_side,2,1.000000,-0.156482
sideways,2,1.000000,-0.185685
sideways_shaker,2,0.991532,0.343133
sifo,-1,0.000000,nan
sigmoid_colon,-1,0.000000,nan
significance,-1,0.000000,nan
significant_cheap,2,1.000000,0.706527
significant_worse,-1,0.000000,nan
silence,-1,0.000000,nan
silent,-1,0.000000,nan
silent_hiccup,-1,0.000000,nan
silent_reflux,2,0.949843,-0.337369
silly,-1,0.000000,nan
simethicone,2,1.000000,-0.085953
simethicone_gas_x,-1,0.000000,nan
similar_experience,-1,0.000000,nan
similar_issue,-1,0.000000,nan
similar_situation,-1,0.000000,nan
similar_story,-1,0.000000,nan
since_birth,2,0.988829,0.004575
since_childhood,-1,0.000000,nan
since_early_childhood,2,0.935627,0.388334
since_infancy,-1,0.000000,nan
since_then,-1,0.000000,nan
sing,-1,0.000000,nan
sing_ability,-1,0.000000,nan
singer,-1,0.000000,nan
single_bite,2,0.954618,0.547056
single_hiccup,-1,0.000000,nan
single_injection,-1,0.000000,nan
singular,-1,0.000000,nan
singular_hiccup,-1,0.000000,nan
sinister,-1,0.000000,nan
sink,2,0.938847,-0.269076
sink_run,-1,0.000000,nan
sinus,-1,0.000000,nan
sinus_drainage,-1,0.000000,nan
sinus_infection,-1,0.000000,nan
sinus_issue,-1,0.000000,nan
sinusitis,-1,0.000000,nan
sip,2,1.000000,-0.242034
sip_of_water,2,1.000000,-0.222244
sip_water,2,1.000000,-0.165871
sister,2,0.988829,-0.013249
sit,2,0.968518,-0.280420
sit_down,2,1.000000,-0.266504
sit_or_stand,-1,0.000000,nan
sit_there,-1,0.000000,nan
sit_up,2,1.000000,-0.261917
sit_up_straight,2,1.000000,-0.334426
sit_upright,-1,0.000000,nan
site,2,1.000000,0.436609
situation,-1,0.000000,nan
six,2,0.992999,0.112337
six_day_ago,2,1.000000,0.632278
six_month_pregnant,2,1.000000,0.652089
six_pack,-1,0.000000,nan
six_year_old,2,1.000000,0.540836
sixteenth,2,1.000000,0.327321
sixth,-1,0.000000,nan
sjogren,2,1.000000,0.677241
skate,2,0.986262,0.754696
skeletal_muscle,-1,0.000000,nan
skeptical_about,-1,0.000000,nan
skepticism,-1,0.000000,nan
sketchy,-1,0.000000,nan
skin,-1,0.000000,nan
skinny,-1,0.000000,nan
skip_meal,-1,0.000000,nan
skirt,-1,0.000000,nan
skull,-1,0.000000,nan
skyrocket,-1,0.000000,nan
sleep_apnea,-1,0.000000,nan
sleep_elevate,2,0.943787,-0.227676
sleep_flat,-1,0.000000,nan
sleep_quality,-1,0.000000,nan
sleep_upright,-1,0.000000,nan
sleep_wedge,2,1.000000,-0.154344
sleep_with_your_torso,-1,0.000000,nan
sleeper,-1,0.000000,nan
sleepover,-1,0.000000,nan
sleepy,-1,0.000000,nan
slender,2,0.979729,0.366269
slew,-1,0.000000,nan
slide_down,-1,0.000000,nan
slide_hernia,-1,0.000000,nan
slight,-1,0.000000,nan
slight_improvement,2,1.000000,0.477243
slight_lump,2,0.935671,0.162499
slight_regurgitation,-1,0.000000,nan
slight_slow_swallow,-1,0.000000,nan
slight_sore_throat,-1,0.000000,nan
slightly_elevate,-1,0.000000,nan
slightly_nauseous,-1,0.000000,nan
slightly_sore,2,0.952232,-0.027623
slim,-1,0.000000,nan
slime,-1,0.000000,nan
slip_out,2,0.930411,-0.189501
slouch,2,1.000000,-0.290617
slouch_over,-1,0.000000,nan
slow_and_gentle,2,1.000000,0.616877
slow_digestion,-1,0.000000,nan
slow_down,-1,0.000000,nan
slow_eater,-1,0.000000,nan
slow_sip,-1,0.000000,nan
slow_starter,-1,0.000000,nan
slow_swallow,-1,0.000000,nan
slow_swallow_kick,-1,0.000000,nan
sluggish,-1,0.000000,nan
slur,2,1.000000,0.523373
sm,-1,0.000000,nan
smack,-1,0.000000,nan
small,-1,0.000000,nan
small_amount,-1,0.000000,nan
small_bite,2,1.000000,-0.122523
small_bowel,2,0.947230,-0.163505
small_bubble,-1,0.000000,nan
small_child,-1,0.000000,nan
small_dose,2,0.955896,0.144204
small_hiatus,-1,0.000000,nan
small_intestinal,2,0.963340,0.566148
small_intestine,2,1.000000,-0.252567
small_intestine_bacterial_overgrowth,-1,0.000000,nan
small_meal,2,0.957548,-0.115958
small_medium,-1,0.000000,nan
small_mouthful,2,1.000000,0.096313
small_piece,-1,0.000000,nan
small_pop,-1,0.000000,nan
small_portion,2,1.000000,0.030144
small_quantity,2,1.000000,0.582207
small_sip,2,1.000000,0.015153
small_snack,-1,0.000000,nan
small_town,2,1.000000,0.617001
small_victory,2,1.000000,0.663084
small_world,2,0.974785,0.660588
smart_pill,-1,0.000000,nan
smell,-1,0.000000,nan
smell_bad,-1,0.000000,nan
smell_fart,-1,0.000000,nan
smile,-1,0.000000,nan
smoke_cigarette,-1,0.000000,nan
smoker,-1,0.000000,nan
smooth_muscle,-1,0.000000,nan
smooth_sail,-1,0.000000,nan
smoothie,2,1.000000,-0.127025
smoothie_and_soup,-1,0.000000,nan
snack,2,1.000000,-0.241623
snap,-1,0.000000,nan
sneak_off,-1,0.000000,nan
sneeze,-1,0.000000,nan
sniff_and_swallow,-1,0.000000,nan
sniffle,-1,0.000000,nan
snorkeling,-1,0.000000,nan
snort,-1,0.000000,nan
so_excite,2,0.994841,0.366526
so_frustrate,-1,0.000000,nan
so_glad,-1,0.000000,nan
so_grateful,2,0.955833,0.498425
so_happy,2,0.996571,0.257585
so_pleased,-1,0.000000,nan
so_your_mileage,2,1.000000,0.700629
soap,-1,0.000000,nan
soar,2,1.000000,0.384549
soar_throat,-1,0.000000,nan
sob,-1,0.000000,nan
social,-1,0.000000,nan
social_activity,2,1.000000,0.490167
social_anxiety,-1,0.000000,nan
social_awkward,-1,0.000000,nan
social_event,-1,0.000000,nan
social_gather,-1,0.000000,nan
social_life,-1,0.000000,nan
social_media,2,1.000000,0.402342
social_occasion,-1,0.000000,nan
social_setting,-1,0.000000,nan
social_situation,-1,0.000000,nan
socialize,-1,0.000000,nan
sock,-1,0.000000,nan
soda,2,1.000000,-0.131305
soda_stream,2,1.000000,0.210921
soda_water,2,0.998403,0.084476
sodium,2,1.000000,0.023959
sodium_alginate,2,1.000000,0.566273
soft_drink,2,1.000000,0.064731
soft_food,2,1.000000,-0.117290
soft_palate,2,1.000000,-0.111306
soft_pallet,2,0.941683,-0.089409
soft_tissue,-1,0.000000,nan
soften,-1,0.000000,nan
solace,2,1.000000,0.648891
sole_cause,2,1.000000,0.551785
solid,-1,0.000000,nan
solid_food,2,1.000000,-0.216657
soluble,2,1.000000,-0.076486
solution,-1,0.000000,nan
somac,2,1.000000,0.624674
somatic,-1,0.000000,nan
some_insight,-1,0.000000,nan
some_relief,-1,0.000000,nan
some_soreness,-1,0.000000,nan
someday,-1,0.000000,nan
somehow_related,-1,0.000000,nan
something,-1,0.000000,nan
something_bubbly,2,0.990182,0.487824
something_carbonate,2,1.000000,-0.012440
something_else,-1,0.000000,nan
something_fizzy,2,1.000000,0.091947
something_similar,-1,0.000000,nan
something_stuck,2,0.927603,-0.267890
sometimes,-1,0.000000,nan
somewhat_common,-1,0.000000,nan
somewhere_between,-1,0.000000,nan
songwriter,2,1.000000,0.654852
sonovein,2,1.000000,0.716659
soon_as_possible,-1,0.000000,nan
soothe,-1,0.000000,nan
soothing,-1,0.000000,nan
sore,-1,0.000000,nan
sore_spot,-1,0.000000,nan
sore_throat,-1,0.000000,nan
sore_throat_afterwards,-1,0.000000,nan
soreness,2,0.939686,-0.276048
sorry_in_advance,2,1.000000,0.653222
sorry_to_hear,-1,0.000000,nan
sortie,-1,0.000000,nan
sound,-1,0.000000,nan
sound_awful,-1,0.000000,nan
sound_gross,-1,0.000000,nan
sound_horrible,2,0.947921,0.211200
sound_ridiculous,-1,0.000000,nan
sound_terrible,-1,0.000000,nan
soup,2,1.000000,-0.168460
soup_and_smoothie,-1,0.000000,nan
soup_broth,2,1.000000,0.649566
soup_smoothie,2,1.000000,0.268021
sour,2,1.000000,-0.271067
sour_taste,-1,0.000000,nan
southeast,2,1.000000,0.793659
southern_california,2,1.000000,0.630420
southern_indiana,2,1.000000,0.847033
space_between,2,0.931578,0.360177
space_heater,-1,0.000000,nan
spaghetti,2,1.000000,0.077003
spain,2,1.000000,0.436061
span,-1,0.000000,nan
spark_water,2,1.000000,0.278414
sparkle,2,1.000000,0.010610
sparkle_water,2,1.000000,0.006470
sparkle_wine,2,0.973949,0.423063
sparse,2,1.000000,0.734142
spasm,-1,0.000000,nan
spasmodic_dysphonia,-1,0.000000,nan
speak,-1,0.000000,nan
specialist,2,1.000000,0.173880
specialist_list,2,1.000000,0.533480
specialist_who,2,1.000000,0.263105
specialization,2,0.974747,0.690715
specialize,2,1.000000,0.270213
specialize_in_medical_anxiety,-1,0.000000,nan
specialty,2,0.952340,0.223037
specific_brand,2,1.000000,0.696178
specific_design,-1,0.000000,nan
specific_question,-1,0.000000,nan
specific_spot,-1,0.000000,nan
spectrum,-1,0.000000,nan
spectrum_disorder,2,0.934159,0.404538
spectrum_of_severity,2,1.000000,0.518958
speculate,-1,0.000000,nan
speculation,-1,0.000000,nan
speech,-1,0.000000,nan
speech_pathologist,-1,0.000000,nan
speech_therapist,-1,0.000000,nan
speech_therapy,-1,0.000000,nan
spew,-1,0.000000,nan
sphincter,2,1.000000,-0.350999
sphincter_muscle,2,1.000000,-0.244298
spice,2,1.000000,-0.034141
spicy,2,1.000000,-0.240952
spicy_fatty,-1,0.000000,nan
spicy_food,2,1.000000,-0.293871
spike,-1,0.000000,nan
spill_into,-1,0.000000,nan
spinal,-1,0.000000,nan
spine,2,1.000000,-0.319188
spirit,2,1.000000,0.097582
spirometer,2,1.000000,0.713013
spit,-1,0.000000,nan
spit_into,-1,0.000000,nan
spit_up,-1,0.000000,nan
split_second,-1,0.000000,nan
spoil,2,1.000000,0.539795
spoiler,2,1.000000,0.720141
spontaneous,-1,0.000000,nan
sporadic,-1,0.000000,nan
sport,-1,0.000000,nan
spray,2,0.991323,-0.162013
spray_lidocaine,2,1.000000,0.552240
spray_numb,-1,0.000000,nan
spread_awareness,-1,0.000000,nan
spreadsheet,2,0.971853,0.724585
spring_break,-1,0.000000,nan
sprite,2,1.000000,0.103572
sprout,2,1.000000,0.729751
square_one,2,0.940358,0.552524
squat,2,1.000000,-0.339036
squat_instead,2,1.000000,0.433965
squat_instead_of_bend,-1,0.000000,nan
squat_instead_of_bend_over,-1,0.000000,nan
squeak,-1,0.000000,nan
squeak_out,-1,0.000000,nan
squeaky,-1,0.000000,nan
squeeze,2,1.000000,-0.312566
squish,-1,0.000000,nan
squishy,-1,0.000000,nan
ssri,-1,0.000000,nan
st_clair_shore_mi,2,1.000000,0.825268
st_john,2,1.000000,0.824525
st_louis_park_mn,2,1.000000,0.843138
st_michael,2,1.000000,0.488062
st_mike,2,1.000000,0.844637
st_vincent,2,1.000000,0.787201
stab,-1,0.000000,nan
stab_pain,-1,0.000000,nan
stable,-1,0.000000,nan
staccato,2,1.000000,0.424576
staff,2,0.954851,0.336571
staff_member,-1,0.000000,nan
stage,-1,0.000000,nan
stalk,-1,0.000000,nan
stance,-1,0.000000,nan
stand,-1,0.000000,nan
stand_straight,-1,0.000000,nan
stand_up,2,1.000000,-0.310560
stand_up_straight,-1,0.000000,nan
standard_dose,-1,0.000000,nan
staple,-1,0.000000,nan
starch,2,1.000000,0.016996
stare,-1,0.000000,nan
startle,-1,0.000000,nan
starve,-1,0.000000,nan
starve_myself,-1,0.000000,nan
stat,-1,0.000000,nan
statement,2,0.930573,0.170087
stationary,2,1.000000,0.628242
statistic,2,0.975231,0.177544
stay_away,2,1.000000,-0.048593
stay_calm,-1,0.000000,nan
stay_home,-1,0.000000,nan
stay_hydrate,2,0.994913,0.053817
stay_overnight,-1,0.000000,nan
stay_positive,-1,0.000000,nan
stay_upright,-1,0.000000,nan
steak,2,1.000000,-0.159080
stealthy,2,1.000000,0.527150
steam,2,0.987871,0.012221
steering,-1,0.000000,nan
stem,-1,0.000000,nan
stenosis,2,1.000000,0.602210
sternum,2,1.000000,-0.407042
sternum_area,-1,0.000000,nan
steroid,-1,0.000000,nan
steroid_inhaler,2,1.000000,0.663355
sticker,-1,0.000000,nan
sticky_pad,-1,0.000000,nan
stiff,-1,0.000000,nan
stiffen,2,1.000000,0.322073
stifle,-1,0.000000,nan
stimulant,-1,0.000000,nan
stimulate,-1,0.000000,nan
sting,-1,0.000000,nan
stinky,-1,0.000000,nan
stir,2,1.000000,-0.057852
stock,-1,0.000000,nan
stocking_up,2,0.951283,0.551358
stodgy,2,0.949333,0.477885
stoke,2,0.928874,0.395831
stomach_ache,2,0.944697,-0.381356
stomach_acid,-1,0.000000,nan
stomach_acid_production,-1,0.000000,nan
stomach_and_intestine,-1,0.000000,nan
stomach_bug,1,1.000000,0.803217
stomach_cancer,-1,0.000000,nan
stomach_churn,-1,0.000000,nan
stomach_content,-1,0.000000,nan
stomach_cramp,2,1.000000,-0.434888
stomach_distension,-1,0.000000,nan
stomach_flu,-1,0.000000,nan
stomach_growl,-1,0.000000,nan
stomach_lining,-1,0.000000,nan
stomach_pain,2,1.000000,-0.394128
stomach_rumble,-1,0.000000,nan
stomach_ulcer,2,0.963867,-0.157895
stomach_vacuum,2,0.963231,0.260732
stomach_virus,-1,0.000000,nan
stomachache,-1,0.000000,nan
stool,2,0.987727,-0.397556
stool_sample,2,0.992031,0.395515
stool_test,2,1.000000,0.180623
story,-1,0.000000,nan
stout,2,1.000000,0.293608
straight_ahead,-1,0.000000,nan
straight_shoulder,-1,0.000000,nan
straighten,2,0.930665,-0.146621
strain,-1,0.000000,nan
strange,-1,0.000000,nan
strange_noise,-1,0.000000,nan
straw,-1,0.000000,nan
streak,-1,0.000000,nan
stream,-1,0.000000,nan
strengthen,2,1.000000,-0.176761
strep,-1,0.000000,nan
strep_throat,-1,0.000000,nan
stress,-1,0.000000,nan
stress_and_anxiety,-1,0.000000,nan
stretch,-1,0.000000,nan
stretch_out,2,1.000000,-0.383174
stretchy,-1,0.000000,nan
stretchy_pants,-1,0.000000,nan
stricture,-1,0.000000,nan
stroke,-1,0.000000,nan
strong_dose,-1,0.000000,nan
strong_gag_reflex,-1,0.000000,nan
structure,-1,0.000000,nan
struggle,-1,0.000000,nan
struggle_to_breathe,-1,0.000000,nan
stuck,-1,0.000000,nan
stud,-1,0.000000,nan
student,2,0.929855,0.318031
study,2,1.000000,0.157612
study_and_potential_participate,-1,0.000000,nan
stuff,-1,0.000000,nan
stuffy,-1,0.000000,nan
stuffy_nose,-1,0.000000,nan
stumble,2,1.000000,0.318277
stumble_across,2,1.000000,0.407552
stumble_across_this_subreddit,2,1.000000,0.575562
stumble_upon,2,1.000000,0.406753
stumble_upon_this,2,1.000000,0.497262
stumble_upon_this_sub,2,1.000000,0.654071
stumble_upon_this_subreddit,2,1.000000,0.398924
stupid,-1,0.000000,nan
sub,2,0.976281,0.195069
sub_reddit,-1,0.000000,nan
sub_search,-1,0.000000,nan
sub_wiki,2,1.000000,0.527485
subconscious,-1,0.000000,nan
subconscious_tighten,2,1.000000,0.456809
subdue,-1,0.000000,nan
subject,2,1.000000,0.377680
subjugation,2,1.000000,0.642032
submit,2,1.000000,0.425182
subreddit,2,1.000000,0.259813
subreddit_wiki,2,1.000000,0.458944
subsequent,-1,0.000000,nan
subsequent_injection,-1,0.000000,nan
subside,-1,0.000000,nan
succeed,-1,0.000000,nan
success_appeal,2,1.000000,0.847596
success_rate,2,1.000000,0.172144
success_story,-1,0.000000,nan
succession,-1,0.000000,nan
succinylcholine,-1,0.000000,nan
such_as_hiatal_hernia,-1,0.000000,nan
sucralfate,2,0.946087,0.325356
suction,-1,0.000000,nan
sudafed,-1,0.000000,nan
sudden,-1,0.000000,nan
sudden_onset,-1,0.000000,nan
suddenly,-1,0.000000,nan
suddenly_develop,2,1.000000,0.557570
suffer,-1,0.000000,nan
suffer_from_r_cpd,-1,0.000000,nan
suffer_in_silence,2,1.000000,0.636998
suffocate,-1,0.000000,nan
sugar,2,1.000000,-0.310113
sugar_free,2,1.000000,0.083346
sugary,2,1.000000,-0.023190
sugary_drink,2,0.964821,0.401216
sugary_food,2,0.953783,0.244907
sugary_stuff,-1,0.000000,nan
summer,-1,0.000000,nan
sunday,2,1.000000,0.269139
super_anxious,-1,0.000000,nan
super_bloat,-1,0.000000,nan
super_common,-1,0.000000,nan
super_embarrass,-1,0.000000,nan
super_excite,2,1.000000,0.494274
super_gross,-1,0.000000,nan
super_hopeful,2,1.000000,0.548487
super_loud,-1,0.000000,nan
super_nauseous,-1,0.000000,nan
super_quick,2,0.957209,0.309618
super_rare,-1,0.000000,nan
super_satisfy,2,0.992497,0.424284
super_scary,-1,0.000000,nan
super_sensitive,-1,0.000000,nan
super_skinny,-1,0.000000,nan
super_sore,-1,0.000000,nan
super_tight,-1,0.000000,nan
super_tiny,-1,0.000000,nan
super_tired,-1,0.000000,nan
super_uncomfortable,-1,0.000000,nan
super_weird,-1,0.000000,nan
supper,-1,0.000000,nan
supplement,2,1.000000,-0.043705
supply,-1,0.000000,nan
support_community,2,1.000000,0.577351
support_group,2,1.000000,0.456271
suppress,-1,0.000000,nan
suppress_them,-1,0.000000,nan
supra_gastric,-1,0.000000,nan
supraglottic,2,1.000000,0.670769
suprasternal_notch,-1,0.000000,nan
sure,-1,0.000000,nan
surface,2,1.000000,-0.261558
surfactant,-1,0.000000,nan
surgeon,-1,0.000000,nan
surgeon_who,2,0.965046,0.379617
surgery,-1,0.000000,nan
surgery_center,2,1.000000,0.247363
surgery_date,2,1.000000,0.405052
surgery_room,2,1.000000,0.167401
surgical,2,1.000000,0.357695
surgical_center,2,1.000000,0.345293
surgical_option,2,1.000000,0.627016
surgical_procedure,2,0.930070,0.280490
surprise,-1,0.000000,nan
surreal,-1,0.000000,nan
surround_muscle,-1,0.000000,nan
survey_link,-1,0.000000,nan
survey_result,2,0.983786,0.538102
sushi,-1,0.000000,nan
suspect,-1,0.000000,nan
suspend,-1,0.000000,nan
suspicion,2,0.949048,-0.039424
sustainable,-1,0.000000,nan
swab,-1,0.000000,nan
swallow,-1,0.000000,nan
swallow_and_sniff,-1,0.000000,nan
swallow_difficulty,-1,0.000000,nan
swallow_disorder,2,0.970456,0.070406
swallow_pill,-1,0.000000,nan
swallow_saliva,-1,0.000000,nan
swallow_study,2,1.000000,0.141211
swallow_tablet,-1,0.000000,nan
swallow_test,2,1.000000,0.140497
sweat,-1,0.000000,nan
sweat_shake,2,1.000000,0.511284
sweatpants,-1,0.000000,nan
sweatshirt,2,0.960211,0.510000
sweet_tea,2,1.000000,0.634285
swell,2,0.952232,-0.428035
swig,-1,0.000000,nan
swig_of_water,-1,0.000000,nan
swim,-1,0.000000,nan
swim_competitive,-1,0.000000,nan
sword,-1,0.000000,nan
sydney_voice_and_swallow,2,1.000000,0.763581
sykes,2,1.000000,0.842826
sympathize,-1,0.000000,nan
sympathy,-1,0.000000,nan
symptom,-1,0.000000,nan
symptom_e_g,2,0.947022,0.594549
symptom_free,-1,0.000000,nan
symptom_of_r_cpd,-1,0.000000,nan
symptom_worsen,-1,0.000000,nan
symptomatic,-1,0.000000,nan
syndrome,2,1.000000,-0.120731
syndrome_diagnosis,2,1.000000,0.767195
syrup,2,1.000000,0.089331
systemic,-1,0.000000,nan
t_rex,-1,0.000000,nan
t_t,2,1.000000,0.706374
table,2,0.961377,-0.036904
table_manners,2,1.000000,0.743397
tablespoon,-1,0.000000,nan
tablet,2,0.996450,-0.223874
tabletop,2,0.966163,0.524061
taboo,2,1.000000,0.557693
tachycardia,-1,0.000000,nan
tactic,-1,0.000000,nan
tad,-1,0.000000,nan
tagamet,2,1.000000,0.585746
take_adderall,-1,0.000000,nan
take_amitriptyline,-1,0.000000,nan
take_digestive_enzyme,-1,0.000000,nan
take_dramamine,-1,0.000000,nan
take_gas_x,-1,0.000000,nan
take_gaviscon,-1,0.000000,nan
take_magnesium,-1,0.000000,nan
take_omeprazole,2,1.000000,-0.033229
take_pantoprazole,-1,0.000000,nan
take_pepcid,2,1.000000,0.033512
take_pill,-1,0.000000,nan
take_ppis,-1,0.000000,nan
take_prilosec,-1,0.000000,nan
take_probiotics,-1,0.000000,nan
take_serious,2,0.977991,0.352120
take_small_bite,2,1.000000,-0.043739
take_small_sip,2,1.000000,0.012924
take_tums,-1,0.000000,nan
take_tylenol,-1,0.000000,nan
take_xanax,-1,0.000000,nan
take_zofran,-1,0.000000,nan
takeout,2,1.000000,0.641715
talkative,2,0.933901,0.363265
tangle,2,1.000000,0.586929
tannin,2,1.000000,0.601146
tap,-1,0.000000,nan
tap_water,-1,0.000000,nan
tar,-1,0.000000,nan
target,-1,0.000000,nan
taste,-1,0.000000,nan
taste_like,-1,0.000000,nan
taste_or_smell,-1,0.000000,nan
taste_smell,-1,0.000000,nan
tea,2,1.000000,-0.194226
teach,-1,0.000000,nan
teach_myself,-1,0.000000,nan
teach_myself_how,-1,0.000000,nan
teach_themselves,-1,0.000000,nan
teach_your_body,-1,0.000000,nan
teach_yourself,-1,0.000000,nan
teach_yourself_to_squat_instead,-1,0.000000,nan
teary_eye,2,0.954672,0.424379
tech_neck,2,1.000000,0.564318
technique,-1,0.000000,nan
technology,-1,0.000000,nan
ted,2,0.971600,0.515431
teen,2,0.964678,-0.237668
teen_and_early,2,1.000000,0.670999
teen_year,-1,0.000000,nan
teenage_year,-1,0.000000,nan
teenager,-1,0.000000,nan
teeny,-1,0.000000,nan
telehealth_consult,2,1.000000,0.785557
telemed,2,1.000000,0.646985
telemedicine_appointment,2,1.000000,0.788822
television,2,1.000000,0.707432
tell,-1,0.000000,nan
tell_them,-1,0.000000,nan
temperature,-1,0.000000,nan
temple,-1,0.000000,nan
temporary,-1,0.000000,nan
temporary_paralyze,-1,0.000000,nan
temporary_relief,-1,0.000000,nan
temporary_side_effect,-1,0.000000,nan
ten_minute,-1,0.000000,nan
tend,-1,0.000000,nan
tend_to_worsen_with_age,-1,0.000000,nan
tender,-1,0.000000,nan
tense,2,0.976225,-0.570539
tense_up,2,0.930132,-0.455041
tension,-1,0.000000,nan
tension_headache,2,1.000000,0.273705
tequila,2,1.000000,0.077673
terrible,-1,0.000000,nan
terrible_heartburn,-1,0.000000,nan
terrible_idea,2,0.999288,0.500764
terrify,-1,0.000000,nan
terrify_of_vomit,-1,0.000000,nan
test,2,0.974990,-0.027531
test_for_celiac,-1,0.000000,nan
test_for_r_cpd,-1,0.000000,nan
test_positive,-1,0.000000,nan
testify,2,1.000000,0.602484
testimonial,-1,0.000000,nan
texas,2,1.000000,0.449114
text,-1,0.000000,nan
textbook_rcpd,2,0.933106,0.539313
texture,2,1.000000,-0.195847
thailand,2,1.000000,0.615647
than_average,-1,0.000000,nan
than_usual,-1,0.000000,nan
thank_you_anyway,2,1.000000,0.692397
thank_you_for_check,2,1.000000,0.800412
thank_you_for_post,2,1.000000,0.468572
thank_you_for_share,2,1.000000,0.358008
thank_you_for_your_reply,2,1.000000,0.289416
thank_you_good_luck,2,0.928451,0.573192
thank_you_r/noburp,2,1.000000,0.703474
thank_you_sm,2,1.000000,0.694990
thank_you_though,2,1.000000,0.596292
thank_you_yeah,-1,0.000000,nan
thank_you_yes,-1,0.000000,nan
thankful,-1,0.000000,nan
thanks_for_reply,2,1.000000,0.299803
thanks_for_respond,-1,0.000000,nan
thanks_for_share,2,0.962046,0.354640
thanks_for_your_input,-1,0.000000,nan
thanks_for_your_reply,2,0.980369,0.406510
thanks_in_advance,-1,0.000000,nan
that_make_sense,-1,0.000000,nan
that_predispose,2,0.956373,0.347871
thc,-1,0.000000,nan
thc_receptor,2,1.000000,0.503077
the_botox_wear,-1,0.000000,nan
the_medical_jadedness,-1,0.000000,nan
the_same_boat,-1,0.000000,nan
the_tik_tok,2,1.000000,0.678510
the_vocal_chord,-1,0.000000,nan
the_vocal_cord,2,0.932477,-0.111963
theatre,2,0.963626,0.225239
their_20s,-1,0.000000,nan
their_name,2,1.000000,0.497394
then_suddenly,-1,0.000000,nan
theoretic,-1,0.000000,nan
theorize,-1,0.000000,nan
theory,2,0.944036,-0.199238
therapy,-1,0.000000,nan
thereabouts,2,1.000000,0.664379
thereby,2,1.000000,0.681376
therefore,-1,0.000000,nan
these_attack,-1,0.000000,nan
these_episode,-1,0.000000,nan
these_symptom,-1,0.000000,nan
these_test,2,1.000000,0.156173
these_weird,-1,0.000000,nan
they_are,-1,0.000000,nan
they_spray,2,0.994519,-0.022773
thiamine,-1,0.000000,nan
thick,2,0.941632,-0.334981
thick_food,2,1.000000,0.069994
thick_mucus,2,1.000000,0.416356
thick_saliva,-1,0.000000,nan
thigh,2,0.980028,-0.294322
thin,-1,0.000000,nan
think,-1,0.000000,nan
third,-1,0.000000,nan
third_attempt,2,0.959864,0.542154
third_dose,2,1.000000,0.325814
third_injection,2,1.000000,0.283431
third_round,2,1.000000,0.230804
third_shot,-1,0.000000,nan
third_time,2,1.000000,0.309299
thirsty,-1,0.000000,nan
thirties,-1,0.000000,nan
this_community,2,1.000000,0.308037
this_condition,-1,0.000000,nan
this_disorder,2,0.932181,0.118056
this_group,2,1.000000,0.298187
this_page,2,1.000000,0.365035
this_sub,-1,0.000000,nan
this_subreddit,2,1.000000,0.244808
this_thread,2,1.000000,0.391952
thoracic,-1,0.000000,nan
thorough_chew,-1,0.000000,nan
those_with_r_cpd,-1,0.000000,nan
though,-1,0.000000,nan
thoughtful_response,2,1.000000,0.727992
three,-1,0.000000,nan
three_hour,-1,0.000000,nan
three_month,0,0.991108,0.847348
three_month_mark,2,1.000000,0.597351
thrill,2,0.944139,0.345665
throat_gargle,-1,0.000000,nan
throat_massage,2,0.975853,0.233669
throat_nausea,-1,0.000000,nan
throat_tightness,-1,0.000000,nan
throatox,2,1.000000,0.414852
throb,-1,0.000000,nan
through_kaiser_permanente,2,1.000000,0.882283
throughout,-1,0.000000,nan
throw_off,-1,0.000000,nan
throw_up,1,1.000000,0.937628
throw_up_air,1,1.000000,0.850154
throw_up_because,-1,0.000000,nan
throw_up_but,1,1.000000,0.935991
throw_up_either,-1,0.000000,nan
throw_up_instead,-1,0.000000,nan
throw_up_once,-1,0.000000,nan
throw_up_since,-1,0.000000,nan
throw_up_so,-1,0.000000,nan
throw_up_unless,2,0.967721,0.345714
throw_up_when,1,1.000000,0.914995
throw_up_which,1,0.995311,0.813993
throw_up_without,-1,0.000000,nan
throwaway_account,2,1.000000,0.780327
thud,2,1.000000,0.584341
thumb,2,1.000000,-0.091999
thump,-1,0.000000,nan
thursday,2,1.000000,0.351541
thus,-1,0.000000,nan
thyroid,-1,0.000000,nan
thyroid_issue,-1,0.000000,nan
ti,-1,0.000000,nan
tic,-1,0.000000,nan
tickle,-1,0.000000,nan
tif,-1,0.000000,nan
tif_procedure,-1,0.000000,nan
tight,2,0.990211,-0.526290
tight_chest,-1,0.000000,nan
tight_pants,-1,0.000000,nan
tight_ues,-1,0.000000,nan
tighten,2,1.000000,-0.455751
tighten_up,-1,0.000000,nan
tighten_your_ab,2,1.000000,0.568653
tightness,2,0.947558,-0.542482
tik_tok,2,0.964040,0.241264
tiktok,2,1.000000,0.252452
till_so_far,2,0.941871,0.319751
tilt_my,2,1.000000,-0.198366
tilt_your,2,1.000000,0.233848
tingle,-1,0.000000,nan
tinnitus,-1,0.000000,nan
tiny,-1,0.000000,nan
tiny_bit,-1,0.000000,nan
tiny_bite,2,1.000000,0.065229
tiny_burp,2,0.947516,-0.210549
tiny_little,-1,0.000000,nan
tiny_microburp,-1,0.000000,nan
tiny_sip,-1,0.000000,nan
tiny_tiny,-1,0.000000,nan
tip_of_your_tongue,-1,0.000000,nan
tire,-1,0.000000,nan
tired,-1,0.000000,nan
tissue,-1,0.000000,nan
tissue_disorder,2,0.953326,0.637550
tissue_resistance,-1,0.000000,nan
title,2,0.955594,0.367803
tk,2,1.000000,0.763685
toad,-1,0.000000,nan
toast,2,1.000000,-0.096244
tobacco,-1,0.000000,nan
toddler,2,0.942903,-0.159939
toe,2,1.000000,-0.062093
tofu,2,1.000000,0.248892
toilet,-1,0.000000,nan
toilet_bowl,-1,0.000000,nan
toilet_paper,-1,0.000000,nan
tolerance,-1,0.000000,nan
tolerant,-1,0.000000,nan
tomato,2,1.000000,-0.227160
tomato_base,2,1.000000,0.133790
tomato_sauce,2,1.000000,-0.173518
tomorrow,-1,0.000000,nan
tomorrow_morning,2,1.000000,0.494030
ton_of_microburp,-1,0.000000,nan
tone,-1,0.000000,nan
tongue,2,1.000000,-0.467221
tongue_against,-1,0.000000,nan
tongue_placement,-1,0.000000,nan
tongue_position,-1,0.000000,nan
tongue_posture,-1,0.000000,nan
tonsil,-1,0.000000,nan
tonsil_stone,-1,0.000000,nan
too_bad,-1,0.000000,nan
too_early,-1,0.000000,nan
too_loose,2,0.974553,-0.072554
too_scared,-1,0.000000,nan
too_tight,2,1.000000,-0.388459
toot,-1,0.000000,nan
tooth,-1,0.000000,nan
toothbrush,-1,0.000000,nan
toothbrush_down,-1,0.000000,nan
toothpaste,-1,0.000000,nan
topic,2,0.978906,0.224398
topical,-1,0.000000,nan
torso,2,0.999964,-0.266478
tortuous,2,1.000000,0.544260
torture,-1,0.000000,nan
total,-1,0.000000,nan
total_anesthesia,-1,0.000000,nan
total_cost,2,1.000000,0.400129
total_doable,2,1.000000,0.580042
total_fine,-1,0.000000,nan
total_manage,-1,0.000000,nan
total_sense,-1,0.000000,nan
total_unrelated,-1,0.000000,nan
total_worth,-1,0.000000,nan
tough,-1,0.000000,nan
tour,2,1.000000,0.151749
toxin,-1,0.000000,nan
trachea,2,1.000000,-0.288761
tract,2,0.992097,-0.222878
tragic,-1,0.000000,nan
train,-1,0.000000,nan
train_myself,-1,0.000000,nan
train_themselves,-1,0.000000,nan
train_wheel,-1,0.000000,nan
train_your_body,-1,0.000000,nan
train_yourself,-1,0.000000,nan
trainer,-1,0.000000,nan
trait,-1,0.000000,nan
trance,2,0.964315,0.773478
trans,-1,0.000000,nan
transit,-1,0.000000,nan
transition,-1,0.000000,nan
translate,-1,0.000000,nan
transverse_colon,-1,0.000000,nan
trap,2,0.962100,-0.413223
trap_air,2,0.937157,-0.561845
trap_air_bubble,2,0.955548,0.255616
trap_gas,-1,0.000000,nan
trap_inside,-1,0.000000,nan
trap_wind,2,1.000000,-0.344524
trash_can,-1,0.000000,nan
trauma,-1,0.000000,nan
traumatic,-1,0.000000,nan
traumatic_experience,-1,0.000000,nan
traumatize,-1,0.000000,nan
travel_to_chicago,2,1.000000,0.515291
travel_up,2,0.971856,-0.325106
tray,2,1.000000,0.574641
treat,-1,0.000000,nan
treat_asap,-1,0.000000,nan
treat_dysphagia,-1,0.000000,nan
treat_r_cpd,2,1.000000,0.326244
treat_rcpd,2,1.000000,0.328885
treat_swallow_disorder,2,0.944421,0.321852
treatment,-1,0.000000,nan
treatment_for_r_cpd,2,1.000000,0.315226
treatment_option,2,0.965550,0.405814
treatment_with_lucy_hicklin,2,1.000000,0.788428
trial,2,0.929143,0.294977
triangle,2,1.000000,0.794592
tricare,2,1.000000,0.439083
trick,-1,0.000000,nan
tricyclic_antidepressant,-1,0.000000,nan
trigger_by,-1,0.000000,nan
trigger_food,2,1.000000,-0.150291
trip,-1,0.000000,nan
trip_to_chicago,-1,0.000000,nan
tritter,2,1.000000,0.918527
trouble,-1,0.000000,nan
trouble_breathe,-1,0.000000,nan
trouble_sleep,-1,0.000000,nan
trouble_swallow,-1,0.000000,nan
trouble_swallow_pill,-1,0.000000,nan
trt,2,1.000000,0.720244
true,-1,0.000000,nan
truly,-1,0.000000,nan
truly_life_change,2,0.932559,0.534174
trunk,2,1.000000,0.507768
trustworthy,2,1.000000,0.740305
try,-1,0.000000,nan
try_to_convince,2,0.993342,0.405757
try_to_escape,-1,0.000000,nan
try_to_force,-1,0.000000,nan
try_to_teach,-1,0.000000,nan
ttuhsc,2,1.000000,0.761343
tu_faire,-1,0.000000,nan
tuba,2,1.000000,0.566246
tube,2,1.000000,-0.218899
tube_down,2,0.927339,-0.095198
tube_insert,2,1.000000,0.581488
tuck,2,1.000000,-0.259467
tuck_your_chin,2,0.932759,0.145762
tuesday,2,1.000000,0.369130
tuesday_morning,2,1.000000,0.452704
tummy,-1,0.000000,nan
tummy_hurt,-1,0.000000,nan
tumor,-1,0.000000,nan
tums,2,1.000000,-0.268481
tuna,2,0.998577,0.441990
turbinate,-1,0.000000,nan
turmeric,-1,0.000000,nan
turn_into,-1,0.000000,nan
turn_out,-1,0.000000,nan
tutorial,-1,0.000000,nan
tv,-1,0.000000,nan
tw,-1,0.000000,nan
tw_emetophobia,2,1.000000,0.637178
tweed,2,0.970635,0.684382
twenties,2,0.955955,-0.036873
twentieth_may,2,1.000000,0.730674
twin_sister,-1,0.000000,nan
twinge,-1,0.000000,nan
twist,2,1.000000,-0.222940
twist_tea,-1,0.000000,nan
two_dose,-1,0.000000,nan
two_finger,-1,0.000000,nan
two_or_three,2,1.000000,0.107989
two_round,2,1.000000,0.204711
two_together,-1,0.000000,nan
tylenol,-1,0.000000,nan
tylenol_and_ibuprofen,2,0.978608,0.535950
u/karybrie,-1,0.000000,nan
u_guy,2,0.965442,0.700234
u_s,2,1.000000,0.501311
uab,2,1.000000,0.573468
uber,2,0.946739,0.118407
ucsd,2,1.000000,0.832012
ues,2,1.000000,-0.332410
ues_and_les,-1,0.000000,nan
ues_muscle,-1,0.000000,nan
ues_open,-1,0.000000,nan
ugh,-1,0.000000,nan
ugly,-1,0.000000,nan
uhc,2,1.000000,0.570258
uhhh,-1,0.000000,nan
uk,2,1.000000,0.334664
ulcer,2,1.000000,-0.259700
ulcerative_colitis,-1,0.000000,nan
ultimate_lead,-1,0.000000,nan
ultrasound,2,1.000000,-0.090227
umbilical,2,1.000000,0.534066
umm,2,1.000000,0.716789
un_grupo,-1,0.000000,nan
unable_to_burp,-1,0.000000,nan
unable_to_vomit,-1,0.000000,nan
unaware,-1,0.000000,nan
unbearable,-1,0.000000,nan
unbelievable,-1,0.000000,nan
unblock,2,1.000000,0.372418
unbutton,-1,0.000000,nan
uncomfortable,-1,0.000000,nan
uncommon,-1,0.000000,nan
unconscious,-1,0.000000,nan
uncontrollable,-1,0.000000,nan
uncontrollable_burp,-1,0.000000,nan
uncontrollable_microburp,-1,0.000000,nan
uncontrolled,-1,0.000000,nan
uncontrolled_belch,-1,0.000000,nan
uncontrolled_burp,-1,0.000000,nan
uncover,-1,0.000000,nan
under_18,-1,0.000000,nan
under_anaesthesia,2,0.936955,0.590971
under_anesthesia,2,1.000000,0.105088
under_control,-1,0.000000,nan
under_ga,2,1.000000,0.178757
under_general,2,1.000000,0.177519
under_general_anaesthesia,2,1.000000,0.524918
under_general_anesthesia,2,1.000000,0.143367
under_general_anesthetic,2,1.000000,0.250324
under_local,2,1.000000,0.344215
under_sedation,2,1.000000,0.652085
under_twilight,2,1.000000,0.673688
under_your_chin,2,0.978313,0.449360
underdeveloped,-1,0.000000,nan
underdiagnose,2,1.000000,0.696001
undergo,-1,0.000000,nan
underlying,2,0.971266,-0.099247
underlying_issue,-1,0.000000,nan
underneath,-1,0.000000,nan
understand_r_cpd,-1,0.000000,nan
underweight,-1,0.000000,nan
underwhelm,2,1.000000,0.544799
undetectable,2,0.939582,0.346561
undiagnosed,-1,0.000000,nan
undigested_food,-1,0.000000,nan
uneventful,-1,0.000000,nan
unexpected,-1,0.000000,nan
unexplained,-1,0.000000,nan
unfair,-1,0.000000,nan
unfit,2,1.000000,0.439563
ungodly,-1,0.000000,nan
unhappy,-1,0.000000,nan
unheard,-1,0.000000,nan
uni,2,1.000000,0.635688
uninsured,2,1.000000,0.666766
unintentional,-1,0.000000,nan
unisom,-1,0.000000,nan
unit,2,1.000000,0.081709
unit_concentrate_dose,-1,0.000000,nan
unit_of_botox,2,1.000000,0.253066
united_healthcare,2,1.000000,0.311157
united_state_and_speak_fluent,-1,0.000000,nan
university,-1,0.000000,nan
university_of_south,2,1.000000,0.892918
unknowing,-1,0.000000,nan
unknown,-1,0.000000,nan
unknown_reason,-1,0.000000,nan
unlikely,-1,0.000000,nan
unlimited,2,1.000000,0.625686
unlucky,-1,0.000000,nan
unmanageable,-1,0.000000,nan
unmask,2,1.000000,0.620232
unmistakable,2,1.000000,0.616135
unnecessary_test,-1,0.000000,nan
unnerving,-1,0.000000,nan
unpleasant,-1,0.000000,nan
unpleasant_side_effect,-1,0.000000,nan
unpredictable,-1,0.000000,nan
unproductive,-1,0.000000,nan
unregulated,2,1.000000,0.584245
unrelated,2,0.949786,-0.209135
unrelenting,2,1.000000,0.358293
unsafe,-1,0.000000,nan
until_recent,-1,0.000000,nan
untreated,2,0.931205,-0.095979
untreated_r_cpd,2,1.000000,-0.150440
unwell,-1,0.000000,nan
unwilling,-1,0.000000,nan
unzip,-1,0.000000,nan
upcoming_procedure,2,0.927387,0.519190
update,-1,0.000000,nan
upper,2,0.983805,-0.396107
upper_ab,-1,0.000000,nan
upper_abdomen,2,1.000000,-0.498205
upper_abdominal,-1,0.000000,nan
upper_back,2,1.000000,-0.397093
upper_body,2,0.988613,-0.428502
upper_chest,2,0.997742,-0.417497
upper_endoscopy,2,1.000000,0.136334
upper_esophageal,-1,0.000000,nan
upper_esophageal_sphincter,2,1.000000,-0.250988
upper_esophageal_sphincter_ues,2,1.000000,-0.111188
upper_esophagus,2,0.990415,-0.092186
upper_gi,-1,0.000000,nan
upper_gi_endoscopy,-1,0.000000,nan
upper_part,2,0.947522,-0.096721
upper_range,-1,0.000000,nan
upper_respiratory,2,1.000000,0.494304
upper_sphincter,2,1.000000,-0.242358
upper_stomach,2,1.000000,-0.418688
upright,2,1.000000,-0.285615
upset,-1,0.000000,nan
upset_stomach,-1,0.000000,nan
upside_down,2,0.936090,-0.143821
upstream,2,0.935153,0.530259
uptick,2,1.000000,0.558343
upward,2,0.942907,-0.208017
upward_pressure,-1,0.000000,nan
upwards,2,0.970676,-0.300462
urge_to_vomit,-1,0.000000,nan
urgent_care,-1,0.000000,nan
urgh,2,1.000000,0.568280
urinary,-1,0.000000,nan
urinate,-1,0.000000,nan
urine_test,-1,0.000000,nan
urologist,2,0.949349,0.628383
us_non_burper,-1,0.000000,nan
usa,2,1.000000,0.386885
usage,-1,0.000000,nan
usc,2,1.000000,0.558384
usd,2,1.000000,0.299641
use_75,2,1.000000,0.377304
useful,-1,0.000000,nan
useless,2,0.940054,0.284510
useless_test,-1,0.000000,nan
usf,2,1.000000,0.646978
usual,-1,0.000000,nan
usual_r_cpd,2,1.000000,0.457935
usually,-1,0.000000,nan
usually_accompany,-1,0.000000,nan
uterus,-1,0.000000,nan
uvula,2,0.941913,-0.395953
vaccination,-1,0.000000,nan
vacuum,-1,0.000000,nan
vagal_nerve,2,1.000000,0.423594
vague,-1,0.000000,nan
vague_nauseous,-1,0.000000,nan
vagus_nerve,2,0.949354,-0.371794
vagus_nerve_be,2,1.000000,0.485817
vain,-1,0.000000,nan
validate,-1,0.000000,nan
validation,-1,0.000000,nan
value,-1,0.000000,nan
valve,2,1.000000,-0.349745
van,2,1.000000,0.039995
vanish,-1,0.000000,nan
vape_and_smoke,2,1.000000,0.662663
variation,-1,0.000000,nan
vary_depend,2,1.000000,0.690444
vary_from_person_to_person,-1,0.000000,nan
vary_level,2,1.000000,0.473427
vast_majority_of_people,-1,0.000000,nan
vcd,2,0.977690,0.704158
veg,2,1.000000,-0.017651
vegan,2,1.000000,-0.164555
vegetable,2,1.000000,-0.204190
vegetarian,2,0.955318,-0.019188
vein,-1,0.000000,nan
velociraptor,-1,0.000000,nan
ventetiden,2,1.000000,0.709458
venture,-1,0.000000,nan
verbal,-1,0.000000,nan
verge,-1,0.000000,nan
verify,2,1.000000,0.389873
verse,2,0.992846,0.590410
vertebrae,2,0.939489,0.532320
vertical,2,0.992077,-0.350046
vertical_shaker_exercise,2,0.935528,0.574266
vertigo,-1,0.000000,nan
very_common,-1,0.000000,nan
very_curious,-1,0.000000,nan
very_doable,-1,0.000000,nan
very_excite,2,1.000000,0.460894
very_friendly,-1,0.000000,nan
very_happy,2,0.963199,0.450640
very_infrequently,2,0.935150,0.420359
very_interest,-1,0.000000,nan
very_loud,-1,0.000000,nan
very_lucky,-1,0.000000,nan
very_mild,-1,0.000000,nan
very_minor,-1,0.000000,nan
very_nervous,-1,0.000000,nan
very_rare,-1,0.000000,nan
very_rarely,-1,0.000000,nan
very_relatable,2,1.000000,0.536321
very_satisfy,-1,0.000000,nan
very_sensitive,-1,0.000000,nan
very_skeptical,-1,0.000000,nan
very_skinny,-1,0.000000,nan
very_slow,-1,0.000000,nan
very_small,2,0.947516,-0.164830
very_small_hiatal,2,1.000000,0.531063
very_straightforward,-1,0.000000,nan
very_subtle,-1,0.000000,nan
very_thin,-1,0.000000,nan
very_tight,2,0.954562,-0.287440
very_uncomfortable,-1,0.000000,nan
very_weak,-1,0.000000,nan
vess,-1,0.000000,nan
via_endoscopy,-1,0.000000,nan
vial,2,1.000000,0.285417
vibrate,-1,0.000000,nan
vibrato,2,0.953321,0.598576
vice_versa,-1,0.000000,nan
vicious_cycle,-1,0.000000,nan
victoria,2,1.000000,0.685741
videoendoscopy,2,0.947520,0.498022
violence,2,0.942548,0.310688
violent,-1,0.000000,nan
violent_cough,-1,0.000000,nan
violent_hiccup,-1,0.000000,nan
violent_vomit,-1,0.000000,nan
virtual_appointment,2,1.000000,0.440902
virus,-1,0.000000,nan
visceral,-1,0.000000,nan
visibility,-1,0.000000,nan
vision,-1,0.000000,nan
visit,-1,0.000000,nan
visual,-1,0.000000,nan
visualization,-1,0.000000,nan
visualize,-1,0.000000,nan
vital,-1,0.000000,nan
vitality,2,1.000000,0.363567
vitamin,-1,0.000000,nan
vitamin_c,2,1.000000,0.590513
vlog,2,0.952610,0.665326
vocal_chord,-1,0.000000,nan
vocal_coach,-1,0.000000,nan
vocal_coach_youtube,-1,0.000000,nan
vocal_control,2,1.000000,0.523067
vocal_cord,-1,0.000000,nan
vocal_cord_dysfunction,-1,0.000000,nan
vocal_exercise,-1,0.000000,nan
vocal_fry,-1,0.000000,nan
vocal_range,-1,0.000000,nan
vodka,2,1.000000,-0.125704
vodka_and_cranberry,2,1.000000,0.325016
vodka_cran,2,0.973949,0.559495
vodka_cranberry,2,1.000000,0.251147
vodka_orange,2,1.000000,0.600514
vodka_water,2,0.967705,0.024395
voice,-1,0.000000,nan
voice_box,2,1.000000,-0.174498
voice_center,2,1.000000,0.563069
voice_change,-1,0.000000,nan
voice_disorder,-1,0.000000,nan
volume,-1,0.000000,nan
vom,-1,0.000000,nan
vomit,-1,0.000000,nan
vomit_episode,-1,0.000000,nan
vomit_phobia,-1,0.000000,nan
voor_de,2,1.000000,0.619999
vote,-1,0.000000,nan
vyvanse,-1,0.000000,nan
w_bastian,2,1.000000,0.695445
w_doctor_bastian,2,0.932057,0.514174
wa,2,1.000000,0.515089
waft,2,1.000000,0.603303
wager,2,1.000000,0.445727
waist,2,1.000000,-0.321231
waistband,-1,0.000000,nan
wait_room,2,1.000000,0.263839
wake_up,-1,0.000000,nan
wake_up_around,-1,0.000000,nan
wake_up_choke,-1,0.000000,nan
wake_up_cough,-1,0.000000,nan
wake_up_feel,-1,0.000000,nan
wake_up_in_recovery,-1,0.000000,nan
wake_up_nauseous,-1,0.000000,nan
wake_up_one,-1,0.000000,nan
wake_up_today,-1,0.000000,nan
walk,-1,0.000000,nan
walk_around,2,0.952703,-0.254429
wall,2,1.000000,-0.313290
walmart,-1,0.000000,nan
walter_reed,2,1.000000,0.776952
want_to_share,-1,0.000000,nan
ware_off,2,1.000000,0.711590
warm_blanket,-1,0.000000,nan
warm_liquid,-1,0.000000,nan
warm_water,-1,0.000000,nan
warn,-1,0.000000,nan
warning_sign,2,1.000000,0.450494
wary,-1,0.000000,nan
wash,-1,0.000000,nan
wash_down,2,1.000000,-0.104767
wash_every_bite,-1,0.000000,nan
washington,2,1.000000,0.540329
washington_dc,2,1.000000,0.437553
waste_of_money,-1,0.000000,nan
waste_of_time,2,1.000000,0.166190
waste_of_time_and_money,2,0.935157,0.331657
water,2,0.989701,-0.352700
water_nearby,2,1.000000,-0.033549
water_on_hand,2,1.000000,-0.022486
water_to_chase,2,1.000000,-0.002738
water_to_wash,-1,0.000000,nan
weak,-1,0.000000,nan
weak_drug,2,1.000000,0.664780
weak_muscle,-1,0.000000,nan
weak_voice,-1,0.000000,nan
weaken,2,1.000000,-0.330388
weakness,-1,0.000000,nan
wear_clothes,2,1.000000,0.536464
wear_loose,-1,0.000000,nan
wear_maternity,2,0.959845,0.454933
wear_off,-1,0.000000,nan
wear_off_after,-1,0.000000,nan
wear_off_around,-1,0.000000,nan
wear_off_by,-1,0.000000,nan
wear_off_eventual,2,1.000000,0.540946
wear_off_slow,-1,0.000000,nan
wear_off_within,2,0.956466,0.491450
weather,-1,0.000000,nan
web,-1,0.000000,nan
web_site,2,0.982056,0.779075
webinar,2,1.000000,0.474915
website,2,1.000000,0.388883
wedding,-1,0.000000,nan
wedge,2,1.000000,-0.262160
wedge_pillow,2,0.991785,-0.101870
wednesday,2,1.000000,0.334140
wednesday_morning,2,1.000000,0.481806
weed,-1,0.000000,nan
weight,-1,0.000000,nan
weight_gain,-1,0.000000,nan
weight_loss,-1,0.000000,nan
weight_loss_surgery,-1,0.000000,nan
weightless,2,1.000000,0.558875
weird,-1,0.000000,nan
weird_af,2,1.000000,0.564820
weird_frog,-1,0.000000,nan
weird_gurgle_noise,-1,0.000000,nan
weird_noise,-1,0.000000,nan
weird_position,2,0.974111,-0.024194
weird_quirk,-1,0.000000,nan
weird_sensation,-1,0.000000,nan
welcome,-1,0.000000,nan
welcome_fellow,2,1.000000,0.570153
welcome_home,2,1.000000,0.758041
wellbeing,-1,0.000000,nan
wendy,2,1.000000,0.645884
western,2,1.000000,0.487193
wet,-1,0.000000,nan
whack,-1,0.000000,nan
what_r_cpd,2,0.956510,0.200540
wheat,2,1.000000,-0.167217
wheel,-1,0.000000,nan
wheel_into,-1,0.000000,nan
wheeze,-1,0.000000,nan
whereby,2,1.000000,0.622368
whey,2,0.995750,0.599368
while_awake,2,1.000000,0.144263
while_radiograph,-1,0.000000,nan
while_simultaneous,-1,0.000000,nan
while_stand,2,0.963699,-0.148799
while_yawn,-1,0.000000,nan
whiskey,2,1.000000,-0.116195
whisky,2,1.000000,0.125424
whisper,-1,0.000000,nan
white_bread,2,1.000000,0.537891
who_specialize,2,1.000000,0.386504
who_treat,2,1.000000,0.350797
who_treat_r_cpd,2,1.000000,0.445876
whoever,-1,0.000000,nan
whole_community,2,0.944450,0.567645
whole_family,-1,0.000000,nan
whole_gi_track,2,1.000000,0.407021
whole_host,2,1.000000,0.611716
whole_life,-1,0.000000,nan
whole_live,-1,0.000000,nan
whole_milk,-1,0.000000,nan
whole_new,-1,0.000000,nan
whole_team,-1,0.000000,nan
whole_world,2,1.000000,0.610654
wholesome,2,1.000000,0.676938
whomp,2,1.000000,0.617756
whoop,-1,0.000000,nan
whoosh,-1,0.000000,nan
wide_awake,2,1.000000,0.727930
wide_open,2,0.949503,-0.322882
widen,-1,0.000000,nan
wiggle,2,1.000000,-0.247725
wiki_page,2,1.000000,0.525732
wikipedia,2,0.927709,0.124213
willing,-1,0.000000,nan
willing_to_listen,2,0.927739,0.606545
willing_to_treat,2,1.000000,0.366669
willingness,-1,0.000000,nan
wimbledon,2,1.000000,0.373955
wind,-1,0.000000,nan
wind_eze,-1,0.000000,nan
windpipe,2,0.971123,-0.373528
wine,2,1.000000,-0.157831
wire,2,0.956987,-0.088336
withdraw,-1,0.000000,nan
without_anesthetic,-1,0.000000,nan
without_ga,2,1.000000,0.331780
without_r_cpd,-1,0.000000,nan
witness,-1,0.000000,nan
wonder,-1,0.000000,nan
wonder_how_many,-1,0.000000,nan
wonder_if_anyone,-1,0.000000,nan
wonderful,2,0.952729,0.424964
woohoo,2,1.000000,0.486100
woozy,-1,0.000000,nan
word_of_advice,-1,0.000000,nan
work_in_retrograde,-1,0.000000,nan
work_in_tandem,2,1.000000,0.398407
workday,-1,0.000000,nan
workout,-1,0.000000,nan
workup,2,1.000000,0.123095
world_of_difference,-1,0.000000,nan
worm,-1,0.000000,nan
worry,-1,0.000000,nan
worry_about,-1,0.000000,nan
worse_than,-1,0.000000,nan
worse_with_age,-1,0.000000,nan
worsen,-1,0.000000,nan
worsen_with_age,-1,0.000000,nan
worst,-1,0.000000,nan
worst_fear,-1,0.000000,nan
worst_part,-1,0.000000,nan
worth_investigate,-1,0.000000,nan
would_hesitate,-1,0.000000,nan
would_love,-1,0.000000,nan
wow,2,0.991646,0.246616
wretch,-1,0.000000,nan
wretched,-1,0.000000,nan
wretching,-1,0.000000,nan
writhe_in_pain,2,1.000000,0.522028
wrong_pipe,-1,0.000000,nan
wrong_place,-1,0.000000,nan
wrong_sub,-1,0.000000,nan
x2,-1,0.000000,nan
x_ray,2,1.000000,-0.091573
xd,-1,0.000000,nan
xiphoid_process,-1,0.000000,nan
xray,2,1.000000,0.160631
xxxx,2,1.000000,0.529392
xylitol,-1,0.000000,nan
yack,2,0.991175,0.323683
yale,2,1.000000,0.536388
yale_medicine,2,0.972129,0.645903
yale_medicine_condition_summary,2,1.000000,0.266619
yawn,-1,0.000000,nan
yay,2,0.961136,0.414878
yay_congratulation,2,1.000000,0.629057
yell,-1,0.000000,nan
yellow,-1,0.000000,nan
yesterday_morning,2,1.000000,0.354637
yikes,-1,0.000000,nan
yoga,-1,0.000000,nan
yoga_class,2,0.931049,0.411971
yoga_pose,-1,0.000000,nan
yoga_position,-1,0.000000,nan
yoga_routine,2,1.000000,0.635496
yoga_stretch,-1,0.000000,nan
yoghurt,2,1.000000,-0.014482
yogurt,2,1.000000,-0.131124
young_age,-1,0.000000,nan
young_brother,-1,0.000000,nan
young_child,2,0.935347,-0.149890
young_kid,-1,0.000000,nan
your_adams_apple,2,1.000000,-0.177207
your_arm,2,1.000000,-0.176616
your_body,-1,0.000000,nan
your_brain,-1,0.000000,nan
your_chin,2,1.000000,-0.216172
your_core,2,1.000000,-0.272985
your_daughter,-1,0.000000,nan
your_diaphragm,2,0.973985,-0.390010
your_digestive_tract,-1,0.000000,nan
your_esophagus,2,0.945788,-0.393896
your_finger,2,0.970002,-0.284892
your_frustration,-1,0.000000,nan
your_gag_reflex,-1,0.000000,nan
your_good_bet,2,1.000000,0.292135
your_gp,2,1.000000,0.274309
your_gut,2,1.000000,-0.187400
your_head,2,1.000000,-0.210023
your_insurance_company,2,1.000000,0.321941
your_knee,2,1.000000,-0.258977
your_larynx,2,0.945245,-0.242561
your_lung,2,1.000000,-0.379911
your_mouth,-1,0.000000,nan
your_neck,2,1.000000,-0.223616
your_nose,2,0.965906,-0.298692
your_nostril,-1,0.000000,nan
your_own,-1,0.000000,nan
your_pcp,2,1.000000,0.349659
your_r_cpd,-1,0.000000,nan
your_shoulder,2,1.000000,-0.251390
your_shoulder_blade,2,1.000000,-0.121675
your_son,2,0.936521,0.397192
your_thumb,-1,0.000000,nan
your_toe,2,0.927625,0.284780
your_tongue,2,1.000000,-0.262584
your_torso,2,0.974476,-0.144455
your_vocal_chord,-1,0.000000,nan
your_vocal_cord,-1,0.000000,nan
your_wife,2,1.000000,0.664262
youtube,-1,0.000000,nan
youtube_channel,-1,0.000000,nan
youtube_search,2,1.000000,0.672222
yucky,-1,0.000000,nan
yup,-1,0.000000,nan
zantac,2,1.000000,0.007498
zebra,-1,0.000000,nan
zest,2,0.984742,0.709417
zofran,-1,0.000000,nan
zoom_call,2,1.000000,0.638328
zurich,2,1.000000,0.826869
zyrtec,-1,0.000000,nan
